{"directed": false, "multigraph": false, "graph": [], "nodes": [{"graph": null, "nnodes": 4, "nedges": 4, "density": 0.6666666666666666, "atomics": "[16, 17, 4, 5]", "group_pop": 4, "init_part_assignment": 1, "id": 0}, {"graph": null, "nnodes": 4, "nedges": 4, "density": 0.6666666666666666, "atomics": "[2, 3, 14, 15]", "group_pop": 4, "init_part_assignment": 1, "id": 1}, {"graph": null, "nnodes": 4, "nedges": 3, "density": 0.5, "atomics": "[89, 90, 100, 101]", "group_pop": 4, "init_part_assignment": 10, "id": 2}, {"graph": null, "nnodes": 4, "nedges": 4, "density": 0.6666666666666666, "atomics": "[65, 66, 77, 78]", "group_pop": 4, "init_part_assignment": 9, "id": 3}, {"graph": null, "nnodes": 4, "nedges": 4, "density": 0.6666666666666666, "atomics": "[8, 9, 20, 21]", "group_pop": 4, "init_part_assignment": 2, "id": 4}, {"graph": null, "nnodes": 4, "nedges": 4, "density": 0.6666666666666666, "atomics": "[18, 19, 6, 7]", "group_pop": 4, "init_part_assignment": 2, "id": 5}, {"graph": null, "nnodes": 4, "nedges": 4, "density": 0.6666666666666666, "atomics": "[120, 121, 132, 133]", "group_pop": 4, "init_part_assignment": 3, "id": 6}, {"graph": null, "nnodes": 4, "nedges": 3, "density": 0.5, "atomics": "[122, 123, 134, 111]", "group_pop": 4, "init_part_assignment": 3, "id": 7}, {"graph": null, "nnodes": 4, "nedges": 3, "density": 0.5, "atomics": "[98, 108, 109, 110]", "group_pop": 4, "init_part_assignment": 3, "id": 8}, {"graph": null, "nnodes": 4, "nedges": 3, "density": 0.5, "atomics": "[64, 50, 51, 52]", "group_pop": 4, "init_part_assignment": 7, "id": 9}, {"graph": null, "nnodes": 4, "nedges": 3, "density": 0.5, "atomics": "[88, 75, 76, 63]", "group_pop": 4, "init_part_assignment": 10, "id": 10}, {"graph": null, "nnodes": 4, "nedges": 3, "density": 0.5, "atomics": "[136, 137, 124, 135]", "group_pop": 4, "init_part_assignment": 6, "id": 11}, {"graph": null, "nnodes": 4, "nedges": 3, "density": 0.5, "atomics": "[138, 115, 139, 127]", "group_pop": 4, "init_part_assignment": 6, "id": 12}, {"graph": null, "nnodes": 4, "nedges": 3, "density": 0.5, "atomics": "[112, 113, 125, 126]", "group_pop": 4, "init_part_assignment": 10, "id": 13}, {"graph": null, "nnodes": 4, "nedges": 4, "density": 0.6666666666666666, "atomics": "[130, 131, 142, 143]", "group_pop": 4, "init_part_assignment": 5, "id": 14}, {"graph": null, "nnodes": 4, "nedges": 4, "density": 0.6666666666666666, "atomics": "[58, 59, 46, 47]", "group_pop": 4, "init_part_assignment": 4, "id": 15}, {"graph": null, "nnodes": 4, "nedges": 3, "density": 0.5, "atomics": "[40, 26, 27, 39]", "group_pop": 4, "init_part_assignment": 0, "id": 16}, {"graph": null, "nnodes": 4, "nedges": 3, "density": 0.5, "atomics": "[28, 29, 30, 31]", "group_pop": 4, "init_part_assignment": 7, "id": 17}, {"graph": null, "nnodes": 4, "nedges": 4, "density": 0.6666666666666666, "atomics": "[128, 129, 140, 141]", "group_pop": 4, "init_part_assignment": 5, "id": 18}, {"graph": null, "nnodes": 4, "nedges": 3, "density": 0.5, "atomics": "[24, 25, 37, 38]", "group_pop": 4, "init_part_assignment": 0, "id": 19}, {"graph": null, "nnodes": 4, "nedges": 4, "density": 0.6666666666666666, "atomics": "[0, 1, 12, 13]", "group_pop": 4, "init_part_assignment": 1, "id": 20}, {"graph": null, "nnodes": 4, "nedges": 3, "density": 0.5, "atomics": "[32, 56, 44, 68]", "group_pop": 4, "init_part_assignment": 2, "id": 21}, {"graph": null, "nnodes": 4, "nedges": 4, "density": 0.6666666666666666, "atomics": "[41, 42, 53, 54]", "group_pop": 4, "init_part_assignment": 7, "id": 22}, {"graph": null, "nnodes": 4, "nedges": 4, "density": 0.6666666666666666, "atomics": "[10, 11, 22, 23]", "group_pop": 4, "init_part_assignment": 4, "id": 23}, {"graph": null, "nnodes": 4, "nedges": 3, "density": 0.5, "atomics": "[33, 34, 35, 45]", "group_pop": 4, "init_part_assignment": 4, "id": 24}, {"graph": null, "nnodes": 4, "nedges": 3, "density": 0.5, "atomics": "[72, 97, 84, 96]", "group_pop": 4, "init_part_assignment": 11, "id": 25}, {"graph": null, "nnodes": 4, "nedges": 3, "density": 0.5, "atomics": "[48, 49, 60, 36]", "group_pop": 4, "init_part_assignment": 0, "id": 26}, {"graph": null, "nnodes": 4, "nedges": 3, "density": 0.5, "atomics": "[105, 106, 117, 94]", "group_pop": 4, "init_part_assignment": 8, "id": 27}, {"graph": null, "nnodes": 4, "nedges": 3, "density": 0.5, "atomics": "[107, 95, 118, 119]", "group_pop": 4, "init_part_assignment": 8, "id": 28}, {"graph": null, "nnodes": 4, "nedges": 4, "density": 0.6666666666666666, "atomics": "[82, 83, 70, 71]", "group_pop": 4, "init_part_assignment": 8, "id": 29}, {"graph": null, "nnodes": 4, "nedges": 3, "density": 0.5, "atomics": "[43, 67, 55, 79]", "group_pop": 4, "init_part_assignment": 9, "id": 30}, {"graph": null, "nnodes": 4, "nedges": 3, "density": 0.5, "atomics": "[80, 81, 69, 57]", "group_pop": 4, "init_part_assignment": 9, "id": 31}, {"graph": null, "nnodes": 4, "nedges": 3, "density": 0.5, "atomics": "[104, 116, 93, 92]", "group_pop": 4, "init_part_assignment": 5, "id": 32}, {"graph": null, "nnodes": 4, "nedges": 4, "density": 0.6666666666666666, "atomics": "[73, 74, 61, 62]", "group_pop": 4, "init_part_assignment": 11, "id": 33}, {"graph": null, "nnodes": 4, "nedges": 3, "density": 0.5, "atomics": "[99, 85, 86, 87]", "group_pop": 4, "init_part_assignment": 11, "id": 34}, {"graph": null, "nnodes": 4, "nedges": 3, "density": 0.5, "atomics": "[114, 91, 102, 103]", "group_pop": 4, "init_part_assignment": 6, "id": 35}], "adjacency": [[{"weight": 2, "random_weight": 0.7670283603310412, "id": 1}, {"weight": 2, "random_weight": 0.21818828469703222, "id": 5}, {"weight": 2, "random_weight": 0.6471487991040568, "id": 17}], [{"weight": 2, "random_weight": 0.7670283603310412, "id": 0}, {"weight": 2, "random_weight": 0.7542613443902437, "id": 16}, {"weight": 2, "random_weight": 0.7867931254702663, "id": 20}], [{"weight": 2, "random_weight": 0.9059020866073385, "id": 3}, {"weight": 2, "random_weight": 0.8224286674451283, "id": 10}, {"weight": 2, "random_weight": 0.4187839947558437, "id": 13}, {"weight": 1, "random_weight": 0.8437322794679574, "id": 34}, {"weight": 3, "random_weight": 0.8645507660774137, "id": 35}], [{"weight": 2, "random_weight": 0.9059020866073385, "id": 2}, {"weight": 1, "random_weight": 0.6964871691408699, "id": 9}, {"weight": 1, "random_weight": 0.10205066500079307, "id": 10}, {"weight": 2, "random_weight": 0.520443740526429, "id": 22}, {"weight": 2, "random_weight": 0.9728690012466042, "id": 30}], [{"weight": 2, "random_weight": 0.15688695620476723, "id": 5}, {"weight": 1, "random_weight": 0.5536488868784608, "id": 21}, {"weight": 2, "random_weight": 0.6711873098016032, "id": 23}, {"weight": 1, "random_weight": 0.5933417746689279, "id": 24}], [{"weight": 2, "random_weight": 0.21818828469703222, "id": 0}, {"weight": 2, "random_weight": 0.15688695620476723, "id": 4}, {"weight": 2, "random_weight": 0.861710658172395, "id": 17}], [{"weight": 2, "random_weight": 0.9246960661262561, "id": 7}, {"weight": 2, "random_weight": 0.7504713430898855, "id": 8}], [{"weight": 2, "random_weight": 0.9246960661262561, "id": 6}, {"weight": 2, "random_weight": 0.5816520349245803, "id": 8}, {"weight": 3, "random_weight": 0.5601138940738135, "id": 11}, {"weight": 1, "random_weight": 0.11396803235083486, "id": 13}, {"weight": 1, "random_weight": 0.9889991343896315, "id": 34}], [{"weight": 2, "random_weight": 0.7504713430898855, "id": 6}, {"weight": 2, "random_weight": 0.5816520349245803, "id": 7}, {"weight": 3, "random_weight": 0.6794133359524233, "id": 25}, {"weight": 2, "random_weight": 0.7141483977231075, "id": 34}], [{"weight": 1, "random_weight": 0.6964871691408699, "id": 3}, {"weight": 3, "random_weight": 0.48411190809582927, "id": 10}, {"weight": 2, "random_weight": 0.5119020868186716, "id": 16}, {"weight": 1, "random_weight": 0.10520308141312973, "id": 19}, {"weight": 1, "random_weight": 0.009725500731191827, "id": 22}, {"weight": 1, "random_weight": 0.09875354220527821, "id": 26}, {"weight": 1, "random_weight": 0.4506047835445782, "id": 33}], [{"weight": 2, "random_weight": 0.8224286674451283, "id": 2}, {"weight": 1, "random_weight": 0.10205066500079307, "id": 3}, {"weight": 3, "random_weight": 0.48411190809582927, "id": 9}, {"weight": 2, "random_weight": 0.2195333331309265, "id": 33}, {"weight": 2, "random_weight": 0.31483688009350685, "id": 34}], [{"weight": 3, "random_weight": 0.5601138940738135, "id": 7}, {"weight": 1, "random_weight": 0.5985741682950813, "id": 12}, {"weight": 3, "random_weight": 0.9687845262612702, "id": 13}], [{"weight": 1, "random_weight": 0.5985741682950813, "id": 11}, {"weight": 2, "random_weight": 0.7105119049746692, "id": 13}, {"weight": 2, "random_weight": 0.7486935896558541, "id": 18}, {"weight": 1, "random_weight": 0.7895243963366586, "id": 32}, {"weight": 2, "random_weight": 0.371787560544278, "id": 35}], [{"weight": 2, "random_weight": 0.4187839947558437, "id": 2}, {"weight": 1, "random_weight": 0.11396803235083486, "id": 7}, {"weight": 3, "random_weight": 0.9687845262612702, "id": 11}, {"weight": 2, "random_weight": 0.7105119049746692, "id": 12}, {"weight": 2, "random_weight": 0.9017967486251827, "id": 35}], [{"weight": 2, "random_weight": 0.6676258174185407, "id": 18}, {"weight": 2, "random_weight": 0.19364098953145792, "id": 28}], [{"weight": 3, "random_weight": 0.39908591634206536, "id": 24}, {"weight": 2, "random_weight": 0.757705909085497, "id": 29}, {"weight": 1, "random_weight": 0.09677046668636258, "id": 31}], [{"weight": 2, "random_weight": 0.7542613443902437, "id": 1}, {"weight": 2, "random_weight": 0.5119020868186716, "id": 9}, {"weight": 2, "random_weight": 0.4813827919940915, "id": 17}, {"weight": 3, "random_weight": 0.46852179859182874, "id": 19}, {"weight": 1, "random_weight": 0.7747917789036972, "id": 22}], [{"weight": 2, "random_weight": 0.6471487991040568, "id": 0}, {"weight": 2, "random_weight": 0.861710658172395, "id": 5}, {"weight": 2, "random_weight": 0.4813827919940915, "id": 16}, {"weight": 1, "random_weight": 0.46285056498040145, "id": 21}, {"weight": 2, "random_weight": 0.06739784565649132, "id": 22}, {"weight": 1, "random_weight": 0.2234433805387953, "id": 30}], [{"weight": 2, "random_weight": 0.7486935896558541, "id": 12}, {"weight": 2, "random_weight": 0.6676258174185407, "id": 14}, {"weight": 1, "random_weight": 0.9047657667432047, "id": 27}, {"weight": 1, "random_weight": 0.7867688538304222, "id": 32}], [{"weight": 1, "random_weight": 0.10520308141312973, "id": 9}, {"weight": 3, "random_weight": 0.46852179859182874, "id": 16}, {"weight": 2, "random_weight": 0.7418698619957599, "id": 20}, {"weight": 3, "random_weight": 0.07247574758706532, "id": 26}], [{"weight": 2, "random_weight": 0.7867931254702663, "id": 1}, {"weight": 2, "random_weight": 0.7418698619957599, "id": 19}], [{"weight": 1, "random_weight": 0.5536488868784608, "id": 4}, {"weight": 1, "random_weight": 0.46285056498040145, "id": 17}, {"weight": 2, "random_weight": 0.4624010655798957, "id": 24}, {"weight": 3, "random_weight": 0.8826345491615387, "id": 30}, {"weight": 3, "random_weight": 0.12070653965235867, "id": 31}], [{"weight": 2, "random_weight": 0.520443740526429, "id": 3}, {"weight": 1, "random_weight": 0.009725500731191827, "id": 9}, {"weight": 1, "random_weight": 0.7747917789036972, "id": 16}, {"weight": 2, "random_weight": 0.06739784565649132, "id": 17}, {"weight": 2, "random_weight": 0.01101537637013783, "id": 30}], [{"weight": 2, "random_weight": 0.6711873098016032, "id": 4}, {"weight": 2, "random_weight": 0.07621637577728035, "id": 24}], [{"weight": 1, "random_weight": 0.5933417746689279, "id": 4}, {"weight": 3, "random_weight": 0.39908591634206536, "id": 15}, {"weight": 2, "random_weight": 0.4624010655798957, "id": 21}, {"weight": 2, "random_weight": 0.07621637577728035, "id": 23}, {"weight": 1, "random_weight": 0.8843387130054517, "id": 31}], [{"weight": 3, "random_weight": 0.6794133359524233, "id": 8}, {"weight": 1, "random_weight": 0.720058692280835, "id": 26}, {"weight": 1, "random_weight": 0.41484558364192103, "id": 33}, {"weight": 2, "random_weight": 0.01090729349114461, "id": 34}], [{"weight": 1, "random_weight": 0.09875354220527821, "id": 9}, {"weight": 3, "random_weight": 0.07247574758706532, "id": 19}, {"weight": 1, "random_weight": 0.720058692280835, "id": 25}, {"weight": 2, "random_weight": 0.4981212968359522, "id": 33}], [{"weight": 1, "random_weight": 0.9047657667432047, "id": 18}, {"weight": 4, "random_weight": 0.7693699546263358, "id": 28}, {"weight": 1, "random_weight": 0.22035074799698684, "id": 29}, {"weight": 4, "random_weight": 0.9126079793676656, "id": 32}], [{"weight": 2, "random_weight": 0.19364098953145792, "id": 14}, {"weight": 4, "random_weight": 0.7693699546263358, "id": 27}, {"weight": 1, "random_weight": 0.881405967366719, "id": 29}], [{"weight": 2, "random_weight": 0.757705909085497, "id": 15}, {"weight": 1, "random_weight": 0.22035074799698684, "id": 27}, {"weight": 1, "random_weight": 0.881405967366719, "id": 28}, {"weight": 2, "random_weight": 0.6956638203486333, "id": 31}], [{"weight": 2, "random_weight": 0.9728690012466042, "id": 3}, {"weight": 1, "random_weight": 0.2234433805387953, "id": 17}, {"weight": 3, "random_weight": 0.8826345491615387, "id": 21}, {"weight": 2, "random_weight": 0.01101537637013783, "id": 22}, {"weight": 1, "random_weight": 0.8004258653705607, "id": 31}, {"weight": 1, "random_weight": 0.18859069311841226, "id": 35}], [{"weight": 1, "random_weight": 0.09677046668636258, "id": 15}, {"weight": 3, "random_weight": 0.12070653965235867, "id": 21}, {"weight": 1, "random_weight": 0.8843387130054517, "id": 24}, {"weight": 2, "random_weight": 0.6956638203486333, "id": 29}, {"weight": 1, "random_weight": 0.8004258653705607, "id": 30}, {"weight": 2, "random_weight": 0.8838800042104806, "id": 32}], [{"weight": 1, "random_weight": 0.7895243963366586, "id": 12}, {"weight": 1, "random_weight": 0.7867688538304222, "id": 18}, {"weight": 4, "random_weight": 0.9126079793676656, "id": 27}, {"weight": 2, "random_weight": 0.8838800042104806, "id": 31}, {"weight": 2, "random_weight": 0.8646166499882443, "id": 35}], [{"weight": 1, "random_weight": 0.4506047835445782, "id": 9}, {"weight": 2, "random_weight": 0.2195333331309265, "id": 10}, {"weight": 1, "random_weight": 0.41484558364192103, "id": 25}, {"weight": 2, "random_weight": 0.4981212968359522, "id": 26}, {"weight": 2, "random_weight": 0.1361286465738898, "id": 34}], [{"weight": 1, "random_weight": 0.8437322794679574, "id": 2}, {"weight": 1, "random_weight": 0.9889991343896315, "id": 7}, {"weight": 2, "random_weight": 0.7141483977231075, "id": 8}, {"weight": 2, "random_weight": 0.31483688009350685, "id": 10}, {"weight": 2, "random_weight": 0.01090729349114461, "id": 25}, {"weight": 2, "random_weight": 0.1361286465738898, "id": 33}], [{"weight": 3, "random_weight": 0.8645507660774137, "id": 2}, {"weight": 2, "random_weight": 0.371787560544278, "id": 12}, {"weight": 2, "random_weight": 0.9017967486251827, "id": 13}, {"weight": 1, "random_weight": 0.18859069311841226, "id": 30}, {"weight": 2, "random_weight": 0.8646166499882443, "id": 32}]]}