{"directed": false, "multigraph": false, "graph": [], "nodes": [{"graph": null, "nnodes": 4, "nedges": 4, "density": 0.6666666666666666, "atomics": "[16, 17, 4, 5]", "group_pop": 4, "init_part_assignment": 1, "id": 0}, {"graph": null, "nnodes": 4, "nedges": 3, "density": 0.5, "atomics": "[25, 13, 14, 15]", "group_pop": 4, "init_part_assignment": 1, "id": 1}, {"graph": null, "nnodes": 4, "nedges": 3, "density": 0.5, "atomics": "[89, 90, 91, 103]", "group_pop": 4, "init_part_assignment": 11, "id": 2}, {"graph": null, "nnodes": 4, "nedges": 3, "density": 0.5, "atomics": "[65, 77, 52, 53]", "group_pop": 4, "init_part_assignment": 8, "id": 3}, {"graph": null, "nnodes": 4, "nedges": 3, "density": 0.5, "atomics": "[67, 55, 78, 79]", "group_pop": 4, "init_part_assignment": 11, "id": 4}, {"graph": null, "nnodes": 4, "nedges": 4, "density": 0.6666666666666666, "atomics": "[8, 19, 20, 7]", "group_pop": 4, "init_part_assignment": 0, "id": 5}, {"graph": null, "nnodes": 4, "nedges": 4, "density": 0.6666666666666666, "atomics": "[9, 10, 21, 22]", "group_pop": 4, "init_part_assignment": 2, "id": 6}, {"graph": null, "nnodes": 4, "nedges": 4, "density": 0.6666666666666666, "atomics": "[120, 121, 132, 133]", "group_pop": 4, "init_part_assignment": 3, "id": 7}, {"graph": null, "nnodes": 4, "nedges": 3, "density": 0.5, "atomics": "[122, 134, 110, 135]", "group_pop": 4, "init_part_assignment": 4, "id": 8}, {"graph": null, "nnodes": 4, "nedges": 3, "density": 0.5, "atomics": "[96, 108, 109, 84]", "group_pop": 4, "init_part_assignment": 3, "id": 9}, {"graph": null, "nnodes": 4, "nedges": 3, "density": 0.5, "atomics": "[49, 50, 51, 37]", "group_pop": 4, "init_part_assignment": 6, "id": 10}, {"graph": null, "nnodes": 4, "nedges": 3, "density": 0.5, "atomics": "[64, 76, 62, 63]", "group_pop": 4, "init_part_assignment": 8, "id": 11}, {"graph": null, "nnodes": 4, "nedges": 3, "density": 0.5, "atomics": "[136, 137, 123, 124]", "group_pop": 4, "init_part_assignment": 4, "id": 12}, {"graph": null, "nnodes": 4, "nedges": 3, "density": 0.5, "atomics": "[138, 139, 126, 114]", "group_pop": 4, "init_part_assignment": 7, "id": 13}, {"graph": null, "nnodes": 4, "nedges": 4, "density": 0.6666666666666666, "atomics": "[130, 131, 118, 119]", "group_pop": 4, "init_part_assignment": 7, "id": 14}, {"graph": null, "nnodes": 4, "nedges": 3, "density": 0.5, "atomics": "[140, 141, 142, 143]", "group_pop": 4, "init_part_assignment": 7, "id": 15}, {"graph": null, "nnodes": 4, "nedges": 4, "density": 0.6666666666666666, "atomics": "[58, 59, 46, 47]", "group_pop": 4, "init_part_assignment": 9, "id": 16}, {"graph": null, "nnodes": 4, "nedges": 4, "density": 0.6666666666666666, "atomics": "[40, 41, 28, 29]", "group_pop": 4, "init_part_assignment": 8, "id": 17}, {"graph": null, "nnodes": 4, "nedges": 4, "density": 0.6666666666666666, "atomics": "[26, 27, 38, 39]", "group_pop": 4, "init_part_assignment": 6, "id": 18}, {"graph": null, "nnodes": 4, "nedges": 3, "density": 0.5, "atomics": "[128, 129, 115, 127]", "group_pop": 4, "init_part_assignment": 11, "id": 19}, {"graph": null, "nnodes": 4, "nedges": 3, "density": 0.5, "atomics": "[24, 48, 12, 36]", "group_pop": 4, "init_part_assignment": 6, "id": 20}, {"graph": null, "nnodes": 4, "nedges": 3, "density": 0.5, "atomics": "[0, 1, 2, 3]", "group_pop": 4, "init_part_assignment": 1, "id": 21}, {"graph": null, "nnodes": 4, "nedges": 3, "density": 0.5, "atomics": "[18, 30, 6, 31]", "group_pop": 4, "init_part_assignment": 0, "id": 22}, {"graph": null, "nnodes": 4, "nedges": 4, "density": 0.6666666666666666, "atomics": "[32, 33, 44, 45]", "group_pop": 4, "init_part_assignment": 2, "id": 23}, {"graph": null, "nnodes": 4, "nedges": 3, "density": 0.5, "atomics": "[42, 43, 66, 54]", "group_pop": 4, "init_part_assignment": 0, "id": 24}, {"graph": null, "nnodes": 4, "nedges": 3, "density": 0.5, "atomics": "[11, 34, 35, 23]", "group_pop": 4, "init_part_assignment": 2, "id": 25}, {"graph": null, "nnodes": 4, "nedges": 4, "density": 0.6666666666666666, "atomics": "[72, 73, 60, 61]", "group_pop": 4, "init_part_assignment": 3, "id": 26}, {"graph": null, "nnodes": 4, "nedges": 3, "density": 0.5, "atomics": "[104, 116, 117, 92]", "group_pop": 4, "init_part_assignment": 10, "id": 27}, {"graph": null, "nnodes": 4, "nedges": 4, "density": 0.6666666666666666, "atomics": "[82, 83, 94, 95]", "group_pop": 4, "init_part_assignment": 10, "id": 28}, {"graph": null, "nnodes": 4, "nedges": 3, "density": 0.5, "atomics": "[81, 69, 70, 71]", "group_pop": 4, "init_part_assignment": 9, "id": 29}, {"graph": null, "nnodes": 4, "nedges": 3, "density": 0.5, "atomics": "[105, 106, 107, 93]", "group_pop": 4, "init_part_assignment": 10, "id": 30}, {"graph": null, "nnodes": 4, "nedges": 3, "density": 0.5, "atomics": "[56, 57, 80, 68]", "group_pop": 4, "init_part_assignment": 9, "id": 31}, {"graph": null, "nnodes": 4, "nedges": 3, "density": 0.5, "atomics": "[97, 98, 99, 85]", "group_pop": 4, "init_part_assignment": 5, "id": 32}, {"graph": null, "nnodes": 4, "nedges": 4, "density": 0.6666666666666666, "atomics": "[74, 75, 86, 87]", "group_pop": 4, "init_part_assignment": 5, "id": 33}, {"graph": null, "nnodes": 4, "nedges": 3, "density": 0.5, "atomics": "[88, 100, 112, 111]", "group_pop": 4, "init_part_assignment": 5, "id": 34}, {"graph": null, "nnodes": 4, "nedges": 3, "density": 0.5, "atomics": "[113, 125, 101, 102]", "group_pop": 4, "init_part_assignment": 4, "id": 35}], "adjacency": [[{"weight": 1, "random_weight": 0.14574954340551638, "id": 1}, {"weight": 2, "random_weight": 0.5764471016770164, "id": 17}, {"weight": 1, "random_weight": 0.032833208026833316, "id": 21}, {"weight": 2, "random_weight": 0.8850100815443597, "id": 22}], [{"weight": 1, "random_weight": 0.14574954340551638, "id": 0}, {"weight": 1, "random_weight": 0.5273895905286037, "id": 10}, {"weight": 3, "random_weight": 0.8327064814707267, "id": 18}, {"weight": 2, "random_weight": 0.6656745729359367, "id": 20}, {"weight": 3, "random_weight": 0.37493366315122567, "id": 21}], [{"weight": 1, "random_weight": 0.4329013580037203, "id": 3}, {"weight": 2, "random_weight": 0.4168381826861838, "id": 4}, {"weight": 1, "random_weight": 0.6443964039312433, "id": 19}, {"weight": 2, "random_weight": 0.9767457241289659, "id": 27}, {"weight": 1, "random_weight": 0.6778904783146894, "id": 34}, {"weight": 3, "random_weight": 0.32172258687787536, "id": 35}], [{"weight": 1, "random_weight": 0.4329013580037203, "id": 2}, {"weight": 1, "random_weight": 0.9497945118909416, "id": 4}, {"weight": 1, "random_weight": 0.309609708479499, "id": 10}, {"weight": 3, "random_weight": 0.24978846140812683, "id": 11}, {"weight": 2, "random_weight": 0.07378937977115818, "id": 17}, {"weight": 2, "random_weight": 0.6269164442371337, "id": 24}], [{"weight": 2, "random_weight": 0.4168381826861838, "id": 2}, {"weight": 1, "random_weight": 0.9497945118909416, "id": 3}, {"weight": 4, "random_weight": 0.4588464376125456, "id": 24}, {"weight": 3, "random_weight": 0.5503308269549213, "id": 31}], [{"weight": 2, "random_weight": 0.7757479425299081, "id": 6}, {"weight": 3, "random_weight": 0.5735569896347011, "id": 22}, {"weight": 1, "random_weight": 0.731990306916666, "id": 23}], [{"weight": 2, "random_weight": 0.7757479425299081, "id": 5}, {"weight": 1, "random_weight": 0.6660689447555999, "id": 23}, {"weight": 3, "random_weight": 0.20105780344699276, "id": 25}], [{"weight": 2, "random_weight": 0.526694196424733, "id": 8}, {"weight": 2, "random_weight": 0.3668160805816947, "id": 9}], [{"weight": 2, "random_weight": 0.526694196424733, "id": 7}, {"weight": 1, "random_weight": 0.7242025381968488, "id": 9}, {"weight": 3, "random_weight": 0.3940304974611025, "id": 12}, {"weight": 1, "random_weight": 0.6168251962100707, "id": 32}, {"weight": 1, "random_weight": 0.6524180225042452, "id": 34}], [{"weight": 2, "random_weight": 0.3668160805816947, "id": 7}, {"weight": 1, "random_weight": 0.7242025381968488, "id": 8}, {"weight": 1, "random_weight": 0.37430396770685403, "id": 26}, {"weight": 3, "random_weight": 0.6971003745598269, "id": 32}], [{"weight": 1, "random_weight": 0.5273895905286037, "id": 1}, {"weight": 1, "random_weight": 0.309609708479499, "id": 3}, {"weight": 2, "random_weight": 0.5974655692999159, "id": 11}, {"weight": 3, "random_weight": 0.14747997732942997, "id": 18}, {"weight": 2, "random_weight": 0.4291772414285119, "id": 20}, {"weight": 1, "random_weight": 0.5480279311034512, "id": 26}], [{"weight": 3, "random_weight": 0.24978846140812683, "id": 3}, {"weight": 2, "random_weight": 0.5974655692999159, "id": 10}, {"weight": 1, "random_weight": 0.5096803636381162, "id": 26}, {"weight": 3, "random_weight": 0.4436597985793802, "id": 33}, {"weight": 1, "random_weight": 0.7627459597228546, "id": 34}], [{"weight": 3, "random_weight": 0.3940304974611025, "id": 8}, {"weight": 1, "random_weight": 0.860093442482887, "id": 13}, {"weight": 2, "random_weight": 0.663699493127392, "id": 34}, {"weight": 2, "random_weight": 0.49451420734455276, "id": 35}], [{"weight": 1, "random_weight": 0.860093442482887, "id": 12}, {"weight": 1, "random_weight": 0.5562284778803942, "id": 15}, {"weight": 3, "random_weight": 0.9706491511107229, "id": 19}, {"weight": 3, "random_weight": 0.8631790339751249, "id": 35}], [{"weight": 2, "random_weight": 0.33486126611803224, "id": 15}, {"weight": 1, "random_weight": 0.9482194194620007, "id": 19}, {"weight": 1, "random_weight": 0.6185727575724008, "id": 27}, {"weight": 2, "random_weight": 0.4933212883041844, "id": 30}], [{"weight": 1, "random_weight": 0.5562284778803942, "id": 13}, {"weight": 2, "random_weight": 0.33486126611803224, "id": 14}, {"weight": 2, "random_weight": 0.06447044956944703, "id": 19}], [{"weight": 1, "random_weight": 0.6565581446902845, "id": 23}, {"weight": 2, "random_weight": 0.28937814648534776, "id": 25}, {"weight": 2, "random_weight": 0.7461007563092508, "id": 29}, {"weight": 1, "random_weight": 0.7646115309116859, "id": 31}], [{"weight": 2, "random_weight": 0.5764471016770164, "id": 0}, {"weight": 2, "random_weight": 0.07378937977115818, "id": 3}, {"weight": 2, "random_weight": 0.9368229463803351, "id": 18}, {"weight": 1, "random_weight": 0.7146357726961635, "id": 22}, {"weight": 1, "random_weight": 0.04176873870507236, "id": 24}], [{"weight": 3, "random_weight": 0.8327064814707267, "id": 1}, {"weight": 3, "random_weight": 0.14747997732942997, "id": 10}, {"weight": 2, "random_weight": 0.9368229463803351, "id": 17}], [{"weight": 1, "random_weight": 0.6443964039312433, "id": 2}, {"weight": 3, "random_weight": 0.9706491511107229, "id": 13}, {"weight": 1, "random_weight": 0.9482194194620007, "id": 14}, {"weight": 2, "random_weight": 0.06447044956944703, "id": 15}, {"weight": 3, "random_weight": 0.7805771512033617, "id": 27}], [{"weight": 2, "random_weight": 0.6656745729359367, "id": 1}, {"weight": 2, "random_weight": 0.4291772414285119, "id": 10}, {"weight": 1, "random_weight": 0.7730687599126457, "id": 21}, {"weight": 1, "random_weight": 0.7296768489650816, "id": 26}], [{"weight": 1, "random_weight": 0.032833208026833316, "id": 0}, {"weight": 3, "random_weight": 0.37493366315122567, "id": 1}, {"weight": 1, "random_weight": 0.7730687599126457, "id": 20}], [{"weight": 2, "random_weight": 0.8850100815443597, "id": 0}, {"weight": 3, "random_weight": 0.5735569896347011, "id": 5}, {"weight": 1, "random_weight": 0.7146357726961635, "id": 17}, {"weight": 1, "random_weight": 0.7528454968031865, "id": 23}, {"weight": 2, "random_weight": 0.10291308161462576, "id": 24}], [{"weight": 1, "random_weight": 0.731990306916666, "id": 5}, {"weight": 1, "random_weight": 0.6660689447555999, "id": 6}, {"weight": 1, "random_weight": 0.6565581446902845, "id": 16}, {"weight": 1, "random_weight": 0.7528454968031865, "id": 22}, {"weight": 1, "random_weight": 0.8746779402721047, "id": 24}, {"weight": 1, "random_weight": 0.3794570399085546, "id": 25}, {"weight": 2, "random_weight": 0.6542579797452026, "id": 31}], [{"weight": 2, "random_weight": 0.6269164442371337, "id": 3}, {"weight": 4, "random_weight": 0.4588464376125456, "id": 4}, {"weight": 1, "random_weight": 0.04176873870507236, "id": 17}, {"weight": 2, "random_weight": 0.10291308161462576, "id": 22}, {"weight": 1, "random_weight": 0.8746779402721047, "id": 23}], [{"weight": 3, "random_weight": 0.20105780344699276, "id": 6}, {"weight": 2, "random_weight": 0.28937814648534776, "id": 16}, {"weight": 1, "random_weight": 0.3794570399085546, "id": 23}], [{"weight": 1, "random_weight": 0.37430396770685403, "id": 9}, {"weight": 1, "random_weight": 0.5480279311034512, "id": 10}, {"weight": 1, "random_weight": 0.5096803636381162, "id": 11}, {"weight": 1, "random_weight": 0.7296768489650816, "id": 20}, {"weight": 1, "random_weight": 0.9230057535065394, "id": 32}, {"weight": 1, "random_weight": 0.7573527450244106, "id": 33}], [{"weight": 2, "random_weight": 0.9767457241289659, "id": 2}, {"weight": 1, "random_weight": 0.6185727575724008, "id": 14}, {"weight": 3, "random_weight": 0.7805771512033617, "id": 19}, {"weight": 3, "random_weight": 0.5759990941272469, "id": 30}, {"weight": 1, "random_weight": 0.45564974332861075, "id": 31}], [{"weight": 3, "random_weight": 0.1732485060289516, "id": 29}, {"weight": 3, "random_weight": 0.2006727174664924, "id": 30}], [{"weight": 2, "random_weight": 0.7461007563092508, "id": 16}, {"weight": 3, "random_weight": 0.1732485060289516, "id": 28}, {"weight": 1, "random_weight": 0.33260962694528895, "id": 30}, {"weight": 3, "random_weight": 0.2906417240252912, "id": 31}], [{"weight": 2, "random_weight": 0.4933212883041844, "id": 14}, {"weight": 3, "random_weight": 0.5759990941272469, "id": 27}, {"weight": 3, "random_weight": 0.2006727174664924, "id": 28}, {"weight": 1, "random_weight": 0.33260962694528895, "id": 29}], [{"weight": 3, "random_weight": 0.5503308269549213, "id": 4}, {"weight": 1, "random_weight": 0.7646115309116859, "id": 16}, {"weight": 2, "random_weight": 0.6542579797452026, "id": 23}, {"weight": 1, "random_weight": 0.45564974332861075, "id": 27}, {"weight": 3, "random_weight": 0.2906417240252912, "id": 29}], [{"weight": 1, "random_weight": 0.6168251962100707, "id": 8}, {"weight": 3, "random_weight": 0.6971003745598269, "id": 9}, {"weight": 1, "random_weight": 0.9230057535065394, "id": 26}, {"weight": 3, "random_weight": 0.6428460949212045, "id": 33}, {"weight": 2, "random_weight": 0.16174206895792975, "id": 34}], [{"weight": 3, "random_weight": 0.4436597985793802, "id": 11}, {"weight": 1, "random_weight": 0.7573527450244106, "id": 26}, {"weight": 3, "random_weight": 0.6428460949212045, "id": 32}, {"weight": 1, "random_weight": 0.4469266760753561, "id": 34}], [{"weight": 1, "random_weight": 0.6778904783146894, "id": 2}, {"weight": 1, "random_weight": 0.6524180225042452, "id": 8}, {"weight": 1, "random_weight": 0.7627459597228546, "id": 11}, {"weight": 2, "random_weight": 0.663699493127392, "id": 12}, {"weight": 2, "random_weight": 0.16174206895792975, "id": 32}, {"weight": 1, "random_weight": 0.4469266760753561, "id": 33}, {"weight": 2, "random_weight": 0.2546562682462753, "id": 35}], [{"weight": 3, "random_weight": 0.32172258687787536, "id": 2}, {"weight": 2, "random_weight": 0.49451420734455276, "id": 12}, {"weight": 3, "random_weight": 0.8631790339751249, "id": 13}, {"weight": 2, "random_weight": 0.2546562682462753, "id": 34}]]}