{"directed": false, "multigraph": false, "graph": [], "nodes": [{"graph": null, "nnodes": 4, "nedges": 4, "density": 0.6666666666666666, "atomics": "[16, 17, 28, 29]", "group_pop": 4, "init_part_assignment": 7, "id": 0}, {"graph": null, "nnodes": 4, "nedges": 3, "density": 0.5, "atomics": "[2, 3, 4, 5]", "group_pop": 4, "init_part_assignment": 1, "id": 1}, {"graph": null, "nnodes": 4, "nedges": 4, "density": 0.6666666666666666, "atomics": "[26, 27, 14, 15]", "group_pop": 4, "init_part_assignment": 7, "id": 2}, {"graph": null, "nnodes": 4, "nedges": 3, "density": 0.5, "atomics": "[89, 90, 91, 92]", "group_pop": 4, "init_part_assignment": 9, "id": 3}, {"graph": null, "nnodes": 4, "nedges": 3, "density": 0.5, "atomics": "[80, 77, 78, 79]", "group_pop": 4, "init_part_assignment": 10, "id": 4}, {"graph": null, "nnodes": 4, "nedges": 4, "density": 0.6666666666666666, "atomics": "[8, 9, 20, 21]", "group_pop": 4, "init_part_assignment": 1, "id": 5}, {"graph": null, "nnodes": 4, "nedges": 4, "density": 0.6666666666666666, "atomics": "[18, 19, 6, 7]", "group_pop": 4, "init_part_assignment": 1, "id": 6}, {"graph": null, "nnodes": 4, "nedges": 4, "density": 0.6666666666666666, "atomics": "[120, 121, 132, 133]", "group_pop": 4, "init_part_assignment": 5, "id": 7}, {"graph": null, "nnodes": 4, "nedges": 3, "density": 0.5, "atomics": "[122, 123, 124, 134]", "group_pop": 4, "init_part_assignment": 6, "id": 8}, {"graph": null, "nnodes": 4, "nedges": 4, "density": 0.6666666666666666, "atomics": "[96, 97, 108, 109]", "group_pop": 4, "init_part_assignment": 5, "id": 9}, {"graph": null, "nnodes": 4, "nedges": 4, "density": 0.6666666666666666, "atomics": "[98, 99, 110, 111]", "group_pop": 4, "init_part_assignment": 5, "id": 10}, {"graph": null, "nnodes": 4, "nedges": 3, "density": 0.5, "atomics": "[48, 49, 50, 60]", "group_pop": 4, "init_part_assignment": 0, "id": 11}, {"graph": null, "nnodes": 4, "nedges": 3, "density": 0.5, "atomics": "[51, 61, 62, 63]", "group_pop": 4, "init_part_assignment": 4, "id": 12}, {"graph": null, "nnodes": 4, "nedges": 4, "density": 0.6666666666666666, "atomics": "[64, 65, 52, 53]", "group_pop": 4, "init_part_assignment": 8, "id": 13}, {"graph": null, "nnodes": 4, "nedges": 3, "density": 0.5, "atomics": "[136, 137, 138, 135]", "group_pop": 4, "init_part_assignment": 6, "id": 14}, {"graph": null, "nnodes": 4, "nedges": 3, "density": 0.5, "atomics": "[128, 125, 126, 127]", "group_pop": 4, "init_part_assignment": 6, "id": 15}, {"graph": null, "nnodes": 4, "nedges": 4, "density": 0.6666666666666666, "atomics": "[130, 131, 142, 143]", "group_pop": 4, "init_part_assignment": 3, "id": 16}, {"graph": null, "nnodes": 4, "nedges": 4, "density": 0.6666666666666666, "atomics": "[58, 59, 70, 71]", "group_pop": 4, "init_part_assignment": 11, "id": 17}, {"graph": null, "nnodes": 4, "nedges": 4, "density": 0.6666666666666666, "atomics": "[34, 35, 46, 47]", "group_pop": 4, "init_part_assignment": 2, "id": 18}, {"graph": null, "nnodes": 4, "nedges": 3, "density": 0.5, "atomics": "[40, 41, 38, 39]", "group_pop": 4, "init_part_assignment": 7, "id": 19}, {"graph": null, "nnodes": 4, "nedges": 3, "density": 0.5, "atomics": "[129, 139, 140, 141]", "group_pop": 4, "init_part_assignment": 3, "id": 20}, {"graph": null, "nnodes": 4, "nedges": 4, "density": 0.6666666666666666, "atomics": "[24, 25, 36, 37]", "group_pop": 4, "init_part_assignment": 0, "id": 21}, {"graph": null, "nnodes": 4, "nedges": 4, "density": 0.6666666666666666, "atomics": "[0, 1, 12, 13]", "group_pop": 4, "init_part_assignment": 0, "id": 22}, {"graph": null, "nnodes": 4, "nedges": 4, "density": 0.6666666666666666, "atomics": "[32, 33, 44, 45]", "group_pop": 4, "init_part_assignment": 2, "id": 23}, {"graph": null, "nnodes": 4, "nedges": 4, "density": 0.6666666666666666, "atomics": "[42, 43, 30, 31]", "group_pop": 4, "init_part_assignment": 8, "id": 24}, {"graph": null, "nnodes": 4, "nedges": 4, "density": 0.6666666666666666, "atomics": "[10, 11, 22, 23]", "group_pop": 4, "init_part_assignment": 2, "id": 25}, {"graph": null, "nnodes": 4, "nedges": 4, "density": 0.6666666666666666, "atomics": "[72, 73, 84, 85]", "group_pop": 4, "init_part_assignment": 4, "id": 26}, {"graph": null, "nnodes": 4, "nedges": 3, "density": 0.5, "atomics": "[116, 117, 118, 119]", "group_pop": 4, "init_part_assignment": 3, "id": 27}, {"graph": null, "nnodes": 4, "nedges": 3, "density": 0.5, "atomics": "[83, 106, 107, 95]", "group_pop": 4, "init_part_assignment": 11, "id": 28}, {"graph": null, "nnodes": 4, "nedges": 4, "density": 0.6666666666666666, "atomics": "[81, 82, 93, 94]", "group_pop": 4, "init_part_assignment": 10, "id": 29}, {"graph": null, "nnodes": 4, "nedges": 3, "density": 0.5, "atomics": "[104, 105, 102, 103]", "group_pop": 4, "init_part_assignment": 11, "id": 30}, {"graph": null, "nnodes": 4, "nedges": 3, "density": 0.5, "atomics": "[56, 57, 54, 55]", "group_pop": 4, "init_part_assignment": 8, "id": 31}, {"graph": null, "nnodes": 4, "nedges": 4, "density": 0.6666666666666666, "atomics": "[74, 75, 86, 87]", "group_pop": 4, "init_part_assignment": 4, "id": 32}, {"graph": null, "nnodes": 4, "nedges": 3, "density": 0.5, "atomics": "[66, 67, 68, 69]", "group_pop": 4, "init_part_assignment": 10, "id": 33}, {"graph": null, "nnodes": 4, "nedges": 3, "density": 0.5, "atomics": "[88, 100, 101, 76]", "group_pop": 4, "init_part_assignment": 9, "id": 34}, {"graph": null, "nnodes": 4, "nedges": 3, "density": 0.5, "atomics": "[112, 113, 114, 115]", "group_pop": 4, "init_part_assignment": 9, "id": 35}], "adjacency": [[{"weight": 2, "random_weight": 0.899522257243843, "id": 1}, {"weight": 2, "random_weight": 0.5703261016982797, "id": 2}, {"weight": 1, "random_weight": 0.8976480668699865, "id": 6}, {"weight": 2, "random_weight": 0.2122410209789395, "id": 19}, {"weight": 1, "random_weight": 0.04697124223080096, "id": 24}], [{"weight": 2, "random_weight": 0.899522257243843, "id": 0}, {"weight": 2, "random_weight": 0.987025867504909, "id": 2}, {"weight": 1, "random_weight": 0.5541983253558688, "id": 6}, {"weight": 1, "random_weight": 0.6599324452489292, "id": 22}], [{"weight": 2, "random_weight": 0.5703261016982797, "id": 0}, {"weight": 2, "random_weight": 0.987025867504909, "id": 1}, {"weight": 2, "random_weight": 0.7503012493032227, "id": 19}, {"weight": 1, "random_weight": 0.9847851149196479, "id": 21}, {"weight": 1, "random_weight": 0.5130338896608958, "id": 22}], [{"weight": 4, "random_weight": 0.8700380497068092, "id": 4}, {"weight": 1, "random_weight": 0.16144228859481757, "id": 29}, {"weight": 3, "random_weight": 0.6632379022995732, "id": 30}, {"weight": 2, "random_weight": 0.362774276466047, "id": 34}], [{"weight": 4, "random_weight": 0.8700380497068092, "id": 3}, {"weight": 1, "random_weight": 0.6084199603410284, "id": 13}, {"weight": 1, "random_weight": 0.5059382102517828, "id": 29}, {"weight": 3, "random_weight": 0.4909330181794326, "id": 33}, {"weight": 1, "random_weight": 0.7579639644702226, "id": 34}], [{"weight": 2, "random_weight": 0.16486243303510606, "id": 6}, {"weight": 2, "random_weight": 0.9451223500317226, "id": 23}, {"weight": 2, "random_weight": 0.7835692946115731, "id": 25}], [{"weight": 1, "random_weight": 0.8976480668699865, "id": 0}, {"weight": 1, "random_weight": 0.5541983253558688, "id": 1}, {"weight": 2, "random_weight": 0.16486243303510606, "id": 5}, {"weight": 2, "random_weight": 0.013971614038056912, "id": 24}], [{"weight": 2, "random_weight": 0.5455827086420443, "id": 8}, {"weight": 2, "random_weight": 0.4550207775722972, "id": 9}], [{"weight": 2, "random_weight": 0.5455827086420443, "id": 7}, {"weight": 2, "random_weight": 0.9624260982881061, "id": 10}, {"weight": 3, "random_weight": 0.06519833520944518, "id": 14}, {"weight": 1, "random_weight": 0.8661455090548452, "id": 15}, {"weight": 1, "random_weight": 0.9694811734200113, "id": 35}], [{"weight": 2, "random_weight": 0.4550207775722972, "id": 7}, {"weight": 2, "random_weight": 0.10912270104427757, "id": 10}, {"weight": 2, "random_weight": 0.5803627122261424, "id": 26}], [{"weight": 2, "random_weight": 0.9624260982881061, "id": 8}, {"weight": 2, "random_weight": 0.10912270104427757, "id": 9}, {"weight": 2, "random_weight": 0.978359827353675, "id": 32}, {"weight": 1, "random_weight": 0.85184732736266, "id": 34}, {"weight": 1, "random_weight": 0.6240980383271048, "id": 35}], [{"weight": 4, "random_weight": 0.7836675605974661, "id": 12}, {"weight": 1, "random_weight": 0.8866572236988771, "id": 19}, {"weight": 2, "random_weight": 0.08483368769127697, "id": 21}, {"weight": 1, "random_weight": 0.09888492514647962, "id": 26}], [{"weight": 4, "random_weight": 0.7836675605974661, "id": 11}, {"weight": 2, "random_weight": 0.23545628948950448, "id": 13}, {"weight": 1, "random_weight": 0.7047115013990963, "id": 19}, {"weight": 1, "random_weight": 0.14251205044704796, "id": 26}, {"weight": 2, "random_weight": 0.42470983303976684, "id": 32}], [{"weight": 1, "random_weight": 0.6084199603410284, "id": 4}, {"weight": 2, "random_weight": 0.23545628948950448, "id": 12}, {"weight": 2, "random_weight": 0.5322528930213624, "id": 19}, {"weight": 1, "random_weight": 0.484561730943058, "id": 31}, {"weight": 1, "random_weight": 0.4851493940535563, "id": 33}, {"weight": 1, "random_weight": 0.6174568081484719, "id": 34}], [{"weight": 3, "random_weight": 0.06519833520944518, "id": 8}, {"weight": 2, "random_weight": 0.3575647029114962, "id": 15}, {"weight": 1, "random_weight": 0.7421509785142261, "id": 20}], [{"weight": 1, "random_weight": 0.8661455090548452, "id": 8}, {"weight": 2, "random_weight": 0.3575647029114962, "id": 14}, {"weight": 3, "random_weight": 0.5497886461802781, "id": 20}, {"weight": 1, "random_weight": 0.9246626942882346, "id": 27}, {"weight": 3, "random_weight": 0.009512587753565671, "id": 35}], [{"weight": 2, "random_weight": 0.8340068978234063, "id": 20}, {"weight": 2, "random_weight": 0.9591121875689523, "id": 27}], [{"weight": 2, "random_weight": 0.3950836026327763, "id": 18}, {"weight": 1, "random_weight": 0.6320179132158785, "id": 28}, {"weight": 1, "random_weight": 0.6270729958315351, "id": 29}, {"weight": 1, "random_weight": 0.13542775445633948, "id": 31}, {"weight": 1, "random_weight": 0.4924458727381019, "id": 33}], [{"weight": 2, "random_weight": 0.3950836026327763, "id": 17}, {"weight": 2, "random_weight": 0.39225281856160077, "id": 23}, {"weight": 2, "random_weight": 0.16979807092126775, "id": 25}], [{"weight": 2, "random_weight": 0.2122410209789395, "id": 0}, {"weight": 2, "random_weight": 0.7503012493032227, "id": 2}, {"weight": 1, "random_weight": 0.8866572236988771, "id": 11}, {"weight": 1, "random_weight": 0.7047115013990963, "id": 12}, {"weight": 2, "random_weight": 0.5322528930213624, "id": 13}, {"weight": 1, "random_weight": 0.8688058541849274, "id": 21}, {"weight": 1, "random_weight": 0.3054385259815009, "id": 24}], [{"weight": 1, "random_weight": 0.7421509785142261, "id": 14}, {"weight": 3, "random_weight": 0.5497886461802781, "id": 15}, {"weight": 2, "random_weight": 0.8340068978234063, "id": 16}, {"weight": 1, "random_weight": 0.028222463278462895, "id": 27}], [{"weight": 1, "random_weight": 0.9847851149196479, "id": 2}, {"weight": 2, "random_weight": 0.08483368769127697, "id": 11}, {"weight": 1, "random_weight": 0.8688058541849274, "id": 19}, {"weight": 2, "random_weight": 0.5094686033210938, "id": 22}], [{"weight": 1, "random_weight": 0.6599324452489292, "id": 1}, {"weight": 1, "random_weight": 0.5130338896608958, "id": 2}, {"weight": 2, "random_weight": 0.5094686033210938, "id": 21}], [{"weight": 2, "random_weight": 0.9451223500317226, "id": 5}, {"weight": 2, "random_weight": 0.39225281856160077, "id": 18}, {"weight": 2, "random_weight": 0.23656768422890073, "id": 24}, {"weight": 2, "random_weight": 0.9626261405924701, "id": 31}], [{"weight": 1, "random_weight": 0.04697124223080096, "id": 0}, {"weight": 2, "random_weight": 0.013971614038056912, "id": 6}, {"weight": 1, "random_weight": 0.3054385259815009, "id": 19}, {"weight": 2, "random_weight": 0.23656768422890073, "id": 23}, {"weight": 2, "random_weight": 0.8911770135774718, "id": 31}], [{"weight": 2, "random_weight": 0.7835692946115731, "id": 5}, {"weight": 2, "random_weight": 0.16979807092126775, "id": 18}], [{"weight": 2, "random_weight": 0.5803627122261424, "id": 9}, {"weight": 1, "random_weight": 0.09888492514647962, "id": 11}, {"weight": 1, "random_weight": 0.14251205044704796, "id": 12}, {"weight": 2, "random_weight": 0.17969887350674785, "id": 32}], [{"weight": 1, "random_weight": 0.9246626942882346, "id": 15}, {"weight": 2, "random_weight": 0.9591121875689523, "id": 16}, {"weight": 1, "random_weight": 0.028222463278462895, "id": 20}, {"weight": 2, "random_weight": 0.1658427781331192, "id": 28}, {"weight": 2, "random_weight": 0.14252648758600805, "id": 30}, {"weight": 1, "random_weight": 0.7124687785595474, "id": 35}], [{"weight": 1, "random_weight": 0.6320179132158785, "id": 17}, {"weight": 2, "random_weight": 0.1658427781331192, "id": 27}, {"weight": 3, "random_weight": 0.7994448206105331, "id": 29}, {"weight": 1, "random_weight": 0.16427347583638297, "id": 30}], [{"weight": 1, "random_weight": 0.16144228859481757, "id": 3}, {"weight": 1, "random_weight": 0.5059382102517828, "id": 4}, {"weight": 1, "random_weight": 0.6270729958315351, "id": 17}, {"weight": 3, "random_weight": 0.7994448206105331, "id": 28}, {"weight": 1, "random_weight": 0.9399441596412688, "id": 30}, {"weight": 1, "random_weight": 0.13323704316899632, "id": 33}], [{"weight": 3, "random_weight": 0.6632379022995732, "id": 3}, {"weight": 2, "random_weight": 0.14252648758600805, "id": 27}, {"weight": 1, "random_weight": 0.16427347583638297, "id": 28}, {"weight": 1, "random_weight": 0.9399441596412688, "id": 29}, {"weight": 1, "random_weight": 0.9257581525662907, "id": 34}, {"weight": 2, "random_weight": 0.6450503049419886, "id": 35}], [{"weight": 1, "random_weight": 0.484561730943058, "id": 13}, {"weight": 1, "random_weight": 0.13542775445633948, "id": 17}, {"weight": 2, "random_weight": 0.9626261405924701, "id": 23}, {"weight": 2, "random_weight": 0.8911770135774718, "id": 24}, {"weight": 4, "random_weight": 0.7820270103218041, "id": 33}], [{"weight": 2, "random_weight": 0.978359827353675, "id": 10}, {"weight": 2, "random_weight": 0.42470983303976684, "id": 12}, {"weight": 2, "random_weight": 0.17969887350674785, "id": 26}, {"weight": 2, "random_weight": 0.4269500972370621, "id": 34}], [{"weight": 3, "random_weight": 0.4909330181794326, "id": 4}, {"weight": 1, "random_weight": 0.4851493940535563, "id": 13}, {"weight": 1, "random_weight": 0.4924458727381019, "id": 17}, {"weight": 1, "random_weight": 0.13323704316899632, "id": 29}, {"weight": 4, "random_weight": 0.7820270103218041, "id": 31}], [{"weight": 2, "random_weight": 0.362774276466047, "id": 3}, {"weight": 1, "random_weight": 0.7579639644702226, "id": 4}, {"weight": 1, "random_weight": 0.85184732736266, "id": 10}, {"weight": 1, "random_weight": 0.6174568081484719, "id": 13}, {"weight": 1, "random_weight": 0.9257581525662907, "id": 30}, {"weight": 2, "random_weight": 0.4269500972370621, "id": 32}, {"weight": 2, "random_weight": 0.468628850852131, "id": 35}], [{"weight": 1, "random_weight": 0.9694811734200113, "id": 8}, {"weight": 1, "random_weight": 0.6240980383271048, "id": 10}, {"weight": 3, "random_weight": 0.009512587753565671, "id": 15}, {"weight": 1, "random_weight": 0.7124687785595474, "id": 27}, {"weight": 2, "random_weight": 0.6450503049419886, "id": 30}, {"weight": 2, "random_weight": 0.468628850852131, "id": 34}]]}