{"directed": false, "multigraph": false, "graph": [], "nodes": [{"graph": null, "nnodes": 4, "nedges": 3, "density": 0.5, "atomics": "[16, 5, 4, 28]", "group_pop": 4, "init_part_assignment": 11, "id": 0}, {"graph": null, "nnodes": 4, "nedges": 3, "density": 0.5, "atomics": "[17, 18, 6, 7]", "group_pop": 4, "init_part_assignment": 10, "id": 1}, {"graph": null, "nnodes": 4, "nedges": 3, "density": 0.5, "atomics": "[27, 2, 3, 15]", "group_pop": 4, "init_part_assignment": 5, "id": 2}, {"graph": null, "nnodes": 4, "nedges": 4, "density": 0.6666666666666666, "atomics": "[88, 89, 100, 101]", "group_pop": 4, "init_part_assignment": 4, "id": 3}, {"graph": null, "nnodes": 4, "nedges": 4, "density": 0.6666666666666666, "atomics": "[90, 91, 102, 103]", "group_pop": 4, "init_part_assignment": 9, "id": 4}, {"graph": null, "nnodes": 4, "nedges": 4, "density": 0.6666666666666666, "atomics": "[65, 66, 77, 78]", "group_pop": 4, "init_part_assignment": 4, "id": 5}, {"graph": null, "nnodes": 4, "nedges": 3, "density": 0.5, "atomics": "[8, 9, 19, 20]", "group_pop": 4, "init_part_assignment": 10, "id": 6}, {"graph": null, "nnodes": 4, "nedges": 3, "density": 0.5, "atomics": "[10, 11, 21, 22]", "group_pop": 4, "init_part_assignment": 10, "id": 7}, {"graph": null, "nnodes": 4, "nedges": 3, "density": 0.5, "atomics": "[121, 133, 134, 135]", "group_pop": 4, "init_part_assignment": 0, "id": 8}, {"graph": null, "nnodes": 4, "nedges": 3, "density": 0.5, "atomics": "[120, 132, 108, 96]", "group_pop": 4, "init_part_assignment": 0, "id": 9}, {"graph": null, "nnodes": 4, "nedges": 4, "density": 0.6666666666666666, "atomics": "[97, 98, 109, 110]", "group_pop": 4, "init_part_assignment": 1, "id": 10}, {"graph": null, "nnodes": 4, "nedges": 3, "density": 0.5, "atomics": "[49, 50, 61, 38]", "group_pop": 4, "init_part_assignment": 2, "id": 11}, {"graph": null, "nnodes": 4, "nedges": 4, "density": 0.6666666666666666, "atomics": "[40, 51, 52, 39]", "group_pop": 4, "init_part_assignment": 5, "id": 12}, {"graph": null, "nnodes": 4, "nedges": 3, "density": 0.5, "atomics": "[86, 74, 62, 63]", "group_pop": 4, "init_part_assignment": 3, "id": 13}, {"graph": null, "nnodes": 4, "nedges": 3, "density": 0.5, "atomics": "[136, 137, 138, 126]", "group_pop": 4, "init_part_assignment": 0, "id": 14}, {"graph": null, "nnodes": 4, "nedges": 4, "density": 0.6666666666666666, "atomics": "[129, 130, 117, 118]", "group_pop": 4, "init_part_assignment": 7, "id": 15}, {"graph": null, "nnodes": 4, "nedges": 3, "density": 0.5, "atomics": "[143, 131, 142, 119]", "group_pop": 4, "init_part_assignment": 7, "id": 16}, {"graph": null, "nnodes": 4, "nedges": 3, "density": 0.5, "atomics": "[58, 83, 70, 71]", "group_pop": 4, "init_part_assignment": 6, "id": 17}, {"graph": null, "nnodes": 4, "nedges": 3, "density": 0.5, "atomics": "[59, 45, 46, 47]", "group_pop": 4, "init_part_assignment": 6, "id": 18}, {"graph": null, "nnodes": 4, "nedges": 3, "density": 0.5, "atomics": "[123, 122, 99, 111]", "group_pop": 4, "init_part_assignment": 1, "id": 19}, {"graph": null, "nnodes": 4, "nedges": 4, "density": 0.6666666666666666, "atomics": "[112, 113, 124, 125]", "group_pop": 4, "init_part_assignment": 1, "id": 20}, {"graph": null, "nnodes": 4, "nedges": 3, "density": 0.5, "atomics": "[128, 139, 140, 141]", "group_pop": 4, "init_part_assignment": 7, "id": 21}, {"graph": null, "nnodes": 4, "nedges": 3, "density": 0.5, "atomics": "[114, 115, 116, 127]", "group_pop": 4, "init_part_assignment": 9, "id": 22}, {"graph": null, "nnodes": 4, "nedges": 3, "density": 0.5, "atomics": "[24, 48, 60, 36]", "group_pop": 4, "init_part_assignment": 3, "id": 23}, {"graph": null, "nnodes": 4, "nedges": 4, "density": 0.6666666666666666, "atomics": "[0, 1, 12, 13]", "group_pop": 4, "init_part_assignment": 2, "id": 24}, {"graph": null, "nnodes": 4, "nedges": 3, "density": 0.5, "atomics": "[32, 29, 30, 31]", "group_pop": 4, "init_part_assignment": 11, "id": 25}, {"graph": null, "nnodes": 4, "nedges": 4, "density": 0.6666666666666666, "atomics": "[41, 42, 53, 54]", "group_pop": 4, "init_part_assignment": 5, "id": 26}, {"graph": null, "nnodes": 4, "nedges": 3, "density": 0.5, "atomics": "[33, 34, 35, 23]", "group_pop": 4, "init_part_assignment": 6, "id": 27}, {"graph": null, "nnodes": 4, "nedges": 4, "density": 0.6666666666666666, "atomics": "[72, 73, 84, 85]", "group_pop": 4, "init_part_assignment": 3, "id": 28}, {"graph": null, "nnodes": 4, "nedges": 4, "density": 0.6666666666666666, "atomics": "[106, 107, 94, 95]", "group_pop": 4, "init_part_assignment": 8, "id": 29}, {"graph": null, "nnodes": 4, "nedges": 3, "density": 0.5, "atomics": "[25, 26, 37, 14]", "group_pop": 4, "init_part_assignment": 2, "id": 30}, {"graph": null, "nnodes": 4, "nedges": 4, "density": 0.6666666666666666, "atomics": "[104, 105, 92, 93]", "group_pop": 4, "init_part_assignment": 8, "id": 31}, {"graph": null, "nnodes": 4, "nedges": 4, "density": 0.6666666666666666, "atomics": "[56, 43, 44, 55]", "group_pop": 4, "init_part_assignment": 11, "id": 32}, {"graph": null, "nnodes": 4, "nedges": 3, "density": 0.5, "atomics": "[81, 82, 69, 57]", "group_pop": 4, "init_part_assignment": 8, "id": 33}, {"graph": null, "nnodes": 4, "nedges": 3, "density": 0.5, "atomics": "[64, 75, 76, 87]", "group_pop": 4, "init_part_assignment": 4, "id": 34}, {"graph": null, "nnodes": 4, "nedges": 4, "density": 0.6666666666666666, "atomics": "[80, 67, 68, 79]", "group_pop": 4, "init_part_assignment": 9, "id": 35}], "adjacency": [[{"weight": 3, "random_weight": 0.810574258828594, "id": 1}, {"weight": 3, "random_weight": 0.797893627950796, "id": 2}, {"weight": 1, "random_weight": 0.2904156030839905, "id": 12}, {"weight": 1, "random_weight": 0.1767502808017205, "id": 25}], [{"weight": 3, "random_weight": 0.810574258828594, "id": 0}, {"weight": 3, "random_weight": 0.4224367248236235, "id": 6}, {"weight": 2, "random_weight": 0.24745179437743292, "id": 25}], [{"weight": 3, "random_weight": 0.797893627950796, "id": 0}, {"weight": 1, "random_weight": 0.6109224916043238, "id": 12}, {"weight": 1, "random_weight": 0.8650726543829703, "id": 24}, {"weight": 3, "random_weight": 0.7085595385796796, "id": 30}], [{"weight": 2, "random_weight": 0.9705664916036837, "id": 4}, {"weight": 1, "random_weight": 0.7645655872612604, "id": 5}, {"weight": 1, "random_weight": 0.3132745350233992, "id": 19}, {"weight": 2, "random_weight": 0.6511295075528549, "id": 20}, {"weight": 2, "random_weight": 0.5654929281338672, "id": 34}], [{"weight": 2, "random_weight": 0.9705664916036837, "id": 3}, {"weight": 1, "random_weight": 0.7009990356087841, "id": 5}, {"weight": 2, "random_weight": 0.22843956116074082, "id": 22}, {"weight": 2, "random_weight": 0.9395727614460234, "id": 31}, {"weight": 1, "random_weight": 0.6111095722053929, "id": 35}], [{"weight": 1, "random_weight": 0.7645655872612604, "id": 3}, {"weight": 1, "random_weight": 0.7009990356087841, "id": 4}, {"weight": 2, "random_weight": 0.4998340583141113, "id": 26}, {"weight": 2, "random_weight": 0.2153190339375306, "id": 34}, {"weight": 2, "random_weight": 0.5859518822447916, "id": 35}], [{"weight": 3, "random_weight": 0.4224367248236235, "id": 1}, {"weight": 3, "random_weight": 0.14435728453868923, "id": 7}, {"weight": 2, "random_weight": 0.5488183982698513, "id": 25}], [{"weight": 3, "random_weight": 0.14435728453868923, "id": 6}, {"weight": 4, "random_weight": 0.6832401610645346, "id": 27}], [{"weight": 2, "random_weight": 0.2344045930280776, "id": 9}, {"weight": 1, "random_weight": 0.6884428167757131, "id": 10}, {"weight": 1, "random_weight": 0.4744621158264085, "id": 14}, {"weight": 3, "random_weight": 0.7517782975885867, "id": 19}], [{"weight": 2, "random_weight": 0.2344045930280776, "id": 8}, {"weight": 2, "random_weight": 0.9407120721730838, "id": 10}, {"weight": 1, "random_weight": 0.6410154383995543, "id": 28}], [{"weight": 1, "random_weight": 0.6884428167757131, "id": 8}, {"weight": 2, "random_weight": 0.9407120721730838, "id": 9}, {"weight": 1, "random_weight": 0.7498952865766332, "id": 13}, {"weight": 3, "random_weight": 0.4481819426466168, "id": 19}, {"weight": 1, "random_weight": 0.8696347443218162, "id": 28}], [{"weight": 2, "random_weight": 0.931166504458335, "id": 12}, {"weight": 2, "random_weight": 0.5686731311071455, "id": 13}, {"weight": 2, "random_weight": 0.5932539184057898, "id": 23}, {"weight": 1, "random_weight": 0.7076657144238985, "id": 28}, {"weight": 3, "random_weight": 0.33683341921303256, "id": 30}], [{"weight": 1, "random_weight": 0.2904156030839905, "id": 0}, {"weight": 1, "random_weight": 0.6109224916043238, "id": 2}, {"weight": 2, "random_weight": 0.931166504458335, "id": 11}, {"weight": 1, "random_weight": 0.42164286208813295, "id": 13}, {"weight": 2, "random_weight": 0.3488964501603078, "id": 26}, {"weight": 1, "random_weight": 0.9738568172769863, "id": 34}], [{"weight": 1, "random_weight": 0.7498952865766332, "id": 10}, {"weight": 2, "random_weight": 0.5686731311071455, "id": 11}, {"weight": 1, "random_weight": 0.42164286208813295, "id": 12}, {"weight": 2, "random_weight": 0.8061781826297967, "id": 28}, {"weight": 4, "random_weight": 0.9223262019257445, "id": 34}], [{"weight": 1, "random_weight": 0.4744621158264085, "id": 8}, {"weight": 3, "random_weight": 0.8790112422112885, "id": 20}, {"weight": 1, "random_weight": 0.8448550740622919, "id": 21}, {"weight": 2, "random_weight": 0.12605319593350572, "id": 22}], [{"weight": 3, "random_weight": 0.9385733259509014, "id": 16}, {"weight": 2, "random_weight": 0.02123505669446757, "id": 21}, {"weight": 1, "random_weight": 0.8966164150415238, "id": 22}, {"weight": 1, "random_weight": 0.5163560330224315, "id": 29}, {"weight": 1, "random_weight": 0.29884143928123685, "id": 31}], [{"weight": 3, "random_weight": 0.9385733259509014, "id": 15}, {"weight": 1, "random_weight": 0.03886996509546292, "id": 21}, {"weight": 1, "random_weight": 0.5387242656368407, "id": 29}], [{"weight": 3, "random_weight": 0.14467407713429914, "id": 18}, {"weight": 1, "random_weight": 0.5825519596134572, "id": 29}, {"weight": 4, "random_weight": 0.9222586200939094, "id": 33}], [{"weight": 3, "random_weight": 0.14467407713429914, "id": 17}, {"weight": 3, "random_weight": 0.17884479976727152, "id": 27}, {"weight": 1, "random_weight": 0.7896600481476759, "id": 32}, {"weight": 1, "random_weight": 0.8063507335045543, "id": 33}], [{"weight": 1, "random_weight": 0.3132745350233992, "id": 3}, {"weight": 3, "random_weight": 0.7517782975885867, "id": 8}, {"weight": 3, "random_weight": 0.4481819426466168, "id": 10}, {"weight": 2, "random_weight": 0.16407023244905827, "id": 20}, {"weight": 1, "random_weight": 0.6468677682053553, "id": 34}], [{"weight": 2, "random_weight": 0.6511295075528549, "id": 3}, {"weight": 3, "random_weight": 0.8790112422112885, "id": 14}, {"weight": 2, "random_weight": 0.16407023244905827, "id": 19}, {"weight": 1, "random_weight": 0.7154054809886672, "id": 22}], [{"weight": 1, "random_weight": 0.8448550740622919, "id": 14}, {"weight": 2, "random_weight": 0.02123505669446757, "id": 15}, {"weight": 1, "random_weight": 0.03886996509546292, "id": 16}, {"weight": 3, "random_weight": 0.20067523641653728, "id": 22}], [{"weight": 2, "random_weight": 0.22843956116074082, "id": 4}, {"weight": 2, "random_weight": 0.12605319593350572, "id": 14}, {"weight": 1, "random_weight": 0.8966164150415238, "id": 15}, {"weight": 1, "random_weight": 0.7154054809886672, "id": 20}, {"weight": 3, "random_weight": 0.20067523641653728, "id": 21}, {"weight": 1, "random_weight": 0.3329745976214774, "id": 31}], [{"weight": 2, "random_weight": 0.5932539184057898, "id": 11}, {"weight": 1, "random_weight": 0.6388013120816671, "id": 24}, {"weight": 1, "random_weight": 0.7305777756598096, "id": 28}, {"weight": 2, "random_weight": 0.20131747265540634, "id": 30}], [{"weight": 1, "random_weight": 0.8650726543829703, "id": 2}, {"weight": 1, "random_weight": 0.6388013120816671, "id": 23}, {"weight": 2, "random_weight": 0.5440691176524595, "id": 30}], [{"weight": 1, "random_weight": 0.1767502808017205, "id": 0}, {"weight": 2, "random_weight": 0.24745179437743292, "id": 1}, {"weight": 2, "random_weight": 0.5488183982698513, "id": 6}, {"weight": 2, "random_weight": 0.4707001393784578, "id": 26}, {"weight": 1, "random_weight": 0.6847267216000552, "id": 27}, {"weight": 2, "random_weight": 0.4179253178977287, "id": 32}], [{"weight": 2, "random_weight": 0.4998340583141113, "id": 5}, {"weight": 2, "random_weight": 0.3488964501603078, "id": 12}, {"weight": 2, "random_weight": 0.4707001393784578, "id": 25}, {"weight": 2, "random_weight": 0.6450750260580905, "id": 32}], [{"weight": 4, "random_weight": 0.6832401610645346, "id": 7}, {"weight": 3, "random_weight": 0.17884479976727152, "id": 18}, {"weight": 1, "random_weight": 0.6847267216000552, "id": 25}], [{"weight": 1, "random_weight": 0.6410154383995543, "id": 9}, {"weight": 1, "random_weight": 0.8696347443218162, "id": 10}, {"weight": 1, "random_weight": 0.7076657144238985, "id": 11}, {"weight": 2, "random_weight": 0.8061781826297967, "id": 13}, {"weight": 1, "random_weight": 0.7305777756598096, "id": 23}], [{"weight": 1, "random_weight": 0.5163560330224315, "id": 15}, {"weight": 1, "random_weight": 0.5387242656368407, "id": 16}, {"weight": 1, "random_weight": 0.5825519596134572, "id": 17}, {"weight": 2, "random_weight": 0.6891748715604308, "id": 31}, {"weight": 1, "random_weight": 0.022408286664080568, "id": 33}], [{"weight": 3, "random_weight": 0.7085595385796796, "id": 2}, {"weight": 3, "random_weight": 0.33683341921303256, "id": 11}, {"weight": 2, "random_weight": 0.20131747265540634, "id": 23}, {"weight": 2, "random_weight": 0.5440691176524595, "id": 24}], [{"weight": 2, "random_weight": 0.9395727614460234, "id": 4}, {"weight": 1, "random_weight": 0.29884143928123685, "id": 15}, {"weight": 1, "random_weight": 0.3329745976214774, "id": 22}, {"weight": 2, "random_weight": 0.6891748715604308, "id": 29}, {"weight": 1, "random_weight": 0.46983584982925686, "id": 33}, {"weight": 1, "random_weight": 0.4160066670085705, "id": 35}], [{"weight": 1, "random_weight": 0.7896600481476759, "id": 18}, {"weight": 2, "random_weight": 0.4179253178977287, "id": 25}, {"weight": 2, "random_weight": 0.6450750260580905, "id": 26}, {"weight": 1, "random_weight": 0.5741656782022778, "id": 33}, {"weight": 2, "random_weight": 0.23326829137394123, "id": 35}], [{"weight": 4, "random_weight": 0.9222586200939094, "id": 17}, {"weight": 1, "random_weight": 0.8063507335045543, "id": 18}, {"weight": 1, "random_weight": 0.022408286664080568, "id": 29}, {"weight": 1, "random_weight": 0.46983584982925686, "id": 31}, {"weight": 1, "random_weight": 0.5741656782022778, "id": 32}, {"weight": 2, "random_weight": 0.5548688644525679, "id": 35}], [{"weight": 2, "random_weight": 0.5654929281338672, "id": 3}, {"weight": 2, "random_weight": 0.2153190339375306, "id": 5}, {"weight": 1, "random_weight": 0.9738568172769863, "id": 12}, {"weight": 4, "random_weight": 0.9223262019257445, "id": 13}, {"weight": 1, "random_weight": 0.6468677682053553, "id": 19}], [{"weight": 1, "random_weight": 0.6111095722053929, "id": 4}, {"weight": 2, "random_weight": 0.5859518822447916, "id": 5}, {"weight": 1, "random_weight": 0.4160066670085705, "id": 31}, {"weight": 2, "random_weight": 0.23326829137394123, "id": 32}, {"weight": 2, "random_weight": 0.5548688644525679, "id": 33}]]}