{"directed": false, "multigraph": false, "graph": [], "nodes": [{"graph": null, "nnodes": 4, "nedges": 4, "density": 0.6666666666666666, "atomics": "[16, 17, 4, 5]", "group_pop": 4, "init_part_assignment": 2, "id": 0}, {"graph": null, "nnodes": 4, "nedges": 4, "density": 0.6666666666666666, "atomics": "[2, 3, 14, 15]", "group_pop": 4, "init_part_assignment": 10, "id": 1}, {"graph": null, "nnodes": 4, "nedges": 3, "density": 0.5, "atomics": "[88, 89, 75, 76]", "group_pop": 4, "init_part_assignment": 8, "id": 2}, {"graph": null, "nnodes": 4, "nedges": 3, "density": 0.5, "atomics": "[90, 103, 102, 114]", "group_pop": 4, "init_part_assignment": 7, "id": 3}, {"graph": null, "nnodes": 4, "nedges": 4, "density": 0.6666666666666666, "atomics": "[65, 66, 77, 78]", "group_pop": 4, "init_part_assignment": 11, "id": 4}, {"graph": null, "nnodes": 4, "nedges": 4, "density": 0.6666666666666666, "atomics": "[8, 9, 20, 21]", "group_pop": 4, "init_part_assignment": 0, "id": 5}, {"graph": null, "nnodes": 4, "nedges": 4, "density": 0.6666666666666666, "atomics": "[18, 19, 6, 7]", "group_pop": 4, "init_part_assignment": 2, "id": 6}, {"graph": null, "nnodes": 4, "nedges": 3, "density": 0.5, "atomics": "[121, 133, 134, 135]", "group_pop": 4, "init_part_assignment": 3, "id": 7}, {"graph": null, "nnodes": 4, "nedges": 3, "density": 0.5, "atomics": "[120, 132, 108, 109]", "group_pop": 4, "init_part_assignment": 1, "id": 8}, {"graph": null, "nnodes": 4, "nedges": 3, "density": 0.5, "atomics": "[122, 99, 110, 111]", "group_pop": 4, "init_part_assignment": 3, "id": 9}, {"graph": null, "nnodes": 4, "nedges": 3, "density": 0.5, "atomics": "[64, 50, 62, 63]", "group_pop": 4, "init_part_assignment": 9, "id": 10}, {"graph": null, "nnodes": 4, "nedges": 3, "density": 0.5, "atomics": "[51, 27, 52, 39]", "group_pop": 4, "init_part_assignment": 11, "id": 11}, {"graph": null, "nnodes": 4, "nedges": 3, "density": 0.5, "atomics": "[136, 123, 124, 112]", "group_pop": 4, "init_part_assignment": 3, "id": 12}, {"graph": null, "nnodes": 4, "nedges": 3, "density": 0.5, "atomics": "[137, 138, 139, 126]", "group_pop": 4, "init_part_assignment": 8, "id": 13}, {"graph": null, "nnodes": 4, "nedges": 3, "density": 0.5, "atomics": "[129, 130, 142, 143]", "group_pop": 4, "init_part_assignment": 5, "id": 14}, {"graph": null, "nnodes": 4, "nedges": 3, "density": 0.5, "atomics": "[106, 107, 131, 119]", "group_pop": 4, "init_part_assignment": 7, "id": 15}, {"graph": null, "nnodes": 4, "nedges": 3, "density": 0.5, "atomics": "[56, 57, 58, 59]", "group_pop": 4, "init_part_assignment": 4, "id": 16}, {"graph": null, "nnodes": 4, "nedges": 4, "density": 0.6666666666666666, "atomics": "[34, 35, 46, 47]", "group_pop": 4, "init_part_assignment": 0, "id": 17}, {"graph": null, "nnodes": 4, "nedges": 3, "density": 0.5, "atomics": "[40, 28, 29, 30]", "group_pop": 4, "init_part_assignment": 2, "id": 18}, {"graph": null, "nnodes": 4, "nedges": 3, "density": 0.5, "atomics": "[128, 140, 141, 127]", "group_pop": 4, "init_part_assignment": 5, "id": 19}, {"graph": null, "nnodes": 4, "nedges": 3, "density": 0.5, "atomics": "[24, 25, 48, 36]", "group_pop": 4, "init_part_assignment": 10, "id": 20}, {"graph": null, "nnodes": 4, "nedges": 4, "density": 0.6666666666666666, "atomics": "[0, 1, 12, 13]", "group_pop": 4, "init_part_assignment": 10, "id": 21}, {"graph": null, "nnodes": 4, "nedges": 4, "density": 0.6666666666666666, "atomics": "[32, 33, 44, 45]", "group_pop": 4, "init_part_assignment": 4, "id": 22}, {"graph": null, "nnodes": 4, "nedges": 4, "density": 0.6666666666666666, "atomics": "[41, 42, 53, 54]", "group_pop": 4, "init_part_assignment": 11, "id": 23}, {"graph": null, "nnodes": 4, "nedges": 3, "density": 0.5, "atomics": "[43, 67, 31, 55]", "group_pop": 4, "init_part_assignment": 4, "id": 24}, {"graph": null, "nnodes": 4, "nedges": 4, "density": 0.6666666666666666, "atomics": "[10, 11, 22, 23]", "group_pop": 4, "init_part_assignment": 0, "id": 25}, {"graph": null, "nnodes": 4, "nedges": 4, "density": 0.6666666666666666, "atomics": "[72, 73, 60, 61]", "group_pop": 4, "init_part_assignment": 9, "id": 26}, {"graph": null, "nnodes": 4, "nedges": 4, "density": 0.6666666666666666, "atomics": "[96, 97, 84, 85]", "group_pop": 4, "init_part_assignment": 1, "id": 27}, {"graph": null, "nnodes": 4, "nedges": 3, "density": 0.5, "atomics": "[115, 116, 117, 118]", "group_pop": 4, "init_part_assignment": 5, "id": 28}, {"graph": null, "nnodes": 4, "nedges": 3, "density": 0.5, "atomics": "[83, 69, 70, 71]", "group_pop": 4, "init_part_assignment": 6, "id": 29}, {"graph": null, "nnodes": 4, "nedges": 3, "density": 0.5, "atomics": "[82, 93, 94, 95]", "group_pop": 4, "init_part_assignment": 6, "id": 30}, {"graph": null, "nnodes": 4, "nedges": 3, "density": 0.5, "atomics": "[104, 105, 91, 92]", "group_pop": 4, "init_part_assignment": 7, "id": 31}, {"graph": null, "nnodes": 4, "nedges": 3, "density": 0.5, "atomics": "[49, 26, 37, 38]", "group_pop": 4, "init_part_assignment": 9, "id": 32}, {"graph": null, "nnodes": 4, "nedges": 3, "density": 0.5, "atomics": "[80, 81, 68, 79]", "group_pop": 4, "init_part_assignment": 6, "id": 33}, {"graph": null, "nnodes": 4, "nedges": 3, "density": 0.5, "atomics": "[98, 74, 86, 87]", "group_pop": 4, "init_part_assignment": 1, "id": 34}, {"graph": null, "nnodes": 4, "nedges": 3, "density": 0.5, "atomics": "[113, 125, 100, 101]", "group_pop": 4, "init_part_assignment": 8, "id": 35}], "adjacency": [[{"weight": 2, "random_weight": 0.6356108290304369, "id": 1}, {"weight": 2, "random_weight": 0.5578204288969256, "id": 6}, {"weight": 2, "random_weight": 0.6688505475657653, "id": 18}], [{"weight": 2, "random_weight": 0.6356108290304369, "id": 0}, {"weight": 1, "random_weight": 0.8505134251748594, "id": 11}, {"weight": 2, "random_weight": 0.4568274234827715, "id": 21}, {"weight": 1, "random_weight": 0.5811437109916084, "id": 32}], [{"weight": 1, "random_weight": 0.9725409093431912, "id": 3}, {"weight": 2, "random_weight": 0.6045534349127512, "id": 4}, {"weight": 2, "random_weight": 0.8110998903694497, "id": 10}, {"weight": 3, "random_weight": 0.5206169194466944, "id": 34}, {"weight": 2, "random_weight": 0.5324808107356023, "id": 35}], [{"weight": 1, "random_weight": 0.9725409093431912, "id": 2}, {"weight": 1, "random_weight": 0.8195614289552758, "id": 4}, {"weight": 1, "random_weight": 0.5816711424186527, "id": 13}, {"weight": 2, "random_weight": 0.4173788746182244, "id": 28}, {"weight": 3, "random_weight": 0.8888303638540078, "id": 31}, {"weight": 2, "random_weight": 0.722280685528773, "id": 35}], [{"weight": 2, "random_weight": 0.6045534349127512, "id": 2}, {"weight": 1, "random_weight": 0.8195614289552758, "id": 3}, {"weight": 1, "random_weight": 0.8157321749642089, "id": 10}, {"weight": 2, "random_weight": 0.7104714615279862, "id": 23}, {"weight": 1, "random_weight": 0.9323910020240572, "id": 24}, {"weight": 1, "random_weight": 0.46800531540284296, "id": 33}], [{"weight": 2, "random_weight": 0.8107338155328349, "id": 6}, {"weight": 2, "random_weight": 0.7120607739848397, "id": 22}, {"weight": 2, "random_weight": 0.3134936828287329, "id": 25}], [{"weight": 2, "random_weight": 0.5578204288969256, "id": 0}, {"weight": 2, "random_weight": 0.8107338155328349, "id": 5}, {"weight": 1, "random_weight": 0.21995350248417334, "id": 18}, {"weight": 1, "random_weight": 0.4919892981770281, "id": 24}], [{"weight": 3, "random_weight": 0.6383093845092713, "id": 8}, {"weight": 2, "random_weight": 0.1960962896102446, "id": 9}, {"weight": 2, "random_weight": 0.9509374721755652, "id": 12}], [{"weight": 3, "random_weight": 0.6383093845092713, "id": 7}, {"weight": 1, "random_weight": 0.42131145482371846, "id": 9}, {"weight": 2, "random_weight": 0.25434045531140925, "id": 27}], [{"weight": 2, "random_weight": 0.1960962896102446, "id": 7}, {"weight": 1, "random_weight": 0.42131145482371846, "id": 8}, {"weight": 3, "random_weight": 0.3574960204908838, "id": 12}, {"weight": 3, "random_weight": 0.49697812245103223, "id": 34}, {"weight": 1, "random_weight": 0.5858708344662764, "id": 35}], [{"weight": 2, "random_weight": 0.8110998903694497, "id": 2}, {"weight": 1, "random_weight": 0.8157321749642089, "id": 4}, {"weight": 3, "random_weight": 0.10998297097192822, "id": 11}, {"weight": 1, "random_weight": 0.1636604961681546, "id": 26}, {"weight": 2, "random_weight": 0.03480358372696013, "id": 32}, {"weight": 1, "random_weight": 0.5455256514621358, "id": 34}], [{"weight": 1, "random_weight": 0.8505134251748594, "id": 1}, {"weight": 3, "random_weight": 0.10998297097192822, "id": 10}, {"weight": 3, "random_weight": 0.5396949783531381, "id": 18}, {"weight": 1, "random_weight": 0.09384372229414129, "id": 23}, {"weight": 2, "random_weight": 0.39399250446622835, "id": 32}], [{"weight": 2, "random_weight": 0.9509374721755652, "id": 7}, {"weight": 3, "random_weight": 0.3574960204908838, "id": 9}, {"weight": 1, "random_weight": 0.35959122618079087, "id": 13}, {"weight": 3, "random_weight": 0.5599756928812639, "id": 35}], [{"weight": 1, "random_weight": 0.5816711424186527, "id": 3}, {"weight": 1, "random_weight": 0.35959122618079087, "id": 12}, {"weight": 3, "random_weight": 0.502288591556238, "id": 19}, {"weight": 2, "random_weight": 0.051714780853684195, "id": 35}], [{"weight": 2, "random_weight": 0.7953844925310554, "id": 15}, {"weight": 3, "random_weight": 0.10581661472704429, "id": 19}, {"weight": 2, "random_weight": 0.29758372877891004, "id": 28}], [{"weight": 2, "random_weight": 0.7953844925310554, "id": 14}, {"weight": 2, "random_weight": 0.7369734024889294, "id": 28}, {"weight": 2, "random_weight": 0.3340536736927824, "id": 30}, {"weight": 1, "random_weight": 0.5169232536092924, "id": 31}], [{"weight": 2, "random_weight": 0.9129889222422499, "id": 17}, {"weight": 2, "random_weight": 0.7089704229689182, "id": 22}, {"weight": 1, "random_weight": 0.040257494254606785, "id": 24}, {"weight": 3, "random_weight": 0.6751479054410305, "id": 29}, {"weight": 1, "random_weight": 0.6227431571941339, "id": 33}], [{"weight": 2, "random_weight": 0.9129889222422499, "id": 16}, {"weight": 2, "random_weight": 0.3188830466149567, "id": 22}, {"weight": 2, "random_weight": 0.49498871299341884, "id": 25}], [{"weight": 2, "random_weight": 0.6688505475657653, "id": 0}, {"weight": 1, "random_weight": 0.21995350248417334, "id": 6}, {"weight": 3, "random_weight": 0.5396949783531381, "id": 11}, {"weight": 3, "random_weight": 0.29043693565936757, "id": 23}, {"weight": 1, "random_weight": 0.8774776827747673, "id": 24}], [{"weight": 3, "random_weight": 0.502288591556238, "id": 13}, {"weight": 3, "random_weight": 0.10581661472704429, "id": 14}, {"weight": 2, "random_weight": 0.4000923427051961, "id": 28}], [{"weight": 2, "random_weight": 0.9121323561913934, "id": 21}, {"weight": 1, "random_weight": 0.9795132459155368, "id": 26}, {"weight": 4, "random_weight": 0.7409386635248186, "id": 32}], [{"weight": 2, "random_weight": 0.4568274234827715, "id": 1}, {"weight": 2, "random_weight": 0.9121323561913934, "id": 20}], [{"weight": 2, "random_weight": 0.7120607739848397, "id": 5}, {"weight": 2, "random_weight": 0.7089704229689182, "id": 16}, {"weight": 2, "random_weight": 0.3188830466149567, "id": 17}, {"weight": 2, "random_weight": 0.20867498004948026, "id": 24}], [{"weight": 2, "random_weight": 0.7104714615279862, "id": 4}, {"weight": 1, "random_weight": 0.09384372229414129, "id": 11}, {"weight": 3, "random_weight": 0.29043693565936757, "id": 18}, {"weight": 2, "random_weight": 0.8573940437900525, "id": 24}], [{"weight": 1, "random_weight": 0.9323910020240572, "id": 4}, {"weight": 1, "random_weight": 0.4919892981770281, "id": 6}, {"weight": 1, "random_weight": 0.040257494254606785, "id": 16}, {"weight": 1, "random_weight": 0.8774776827747673, "id": 18}, {"weight": 2, "random_weight": 0.20867498004948026, "id": 22}, {"weight": 2, "random_weight": 0.8573940437900525, "id": 23}, {"weight": 2, "random_weight": 0.9750507646688352, "id": 33}], [{"weight": 2, "random_weight": 0.3134936828287329, "id": 5}, {"weight": 2, "random_weight": 0.49498871299341884, "id": 17}], [{"weight": 1, "random_weight": 0.1636604961681546, "id": 10}, {"weight": 1, "random_weight": 0.9795132459155368, "id": 20}, {"weight": 2, "random_weight": 0.19597867996422358, "id": 27}, {"weight": 1, "random_weight": 0.959560441495137, "id": 32}, {"weight": 1, "random_weight": 0.5930373072585905, "id": 34}], [{"weight": 2, "random_weight": 0.25434045531140925, "id": 8}, {"weight": 2, "random_weight": 0.19597867996422358, "id": 26}, {"weight": 2, "random_weight": 0.3310922208766809, "id": 34}], [{"weight": 2, "random_weight": 0.4173788746182244, "id": 3}, {"weight": 2, "random_weight": 0.29758372877891004, "id": 14}, {"weight": 2, "random_weight": 0.7369734024889294, "id": 15}, {"weight": 2, "random_weight": 0.4000923427051961, "id": 19}, {"weight": 2, "random_weight": 0.45889063299382526, "id": 31}], [{"weight": 3, "random_weight": 0.6751479054410305, "id": 16}, {"weight": 3, "random_weight": 0.18119613048039773, "id": 30}, {"weight": 2, "random_weight": 0.9261690717765798, "id": 33}], [{"weight": 2, "random_weight": 0.3340536736927824, "id": 15}, {"weight": 3, "random_weight": 0.18119613048039773, "id": 29}, {"weight": 2, "random_weight": 0.3683375805580418, "id": 31}, {"weight": 2, "random_weight": 0.1426708164766708, "id": 33}], [{"weight": 3, "random_weight": 0.8888303638540078, "id": 3}, {"weight": 1, "random_weight": 0.5169232536092924, "id": 15}, {"weight": 2, "random_weight": 0.45889063299382526, "id": 28}, {"weight": 2, "random_weight": 0.3683375805580418, "id": 30}, {"weight": 2, "random_weight": 0.6478994705709599, "id": 33}], [{"weight": 1, "random_weight": 0.5811437109916084, "id": 1}, {"weight": 2, "random_weight": 0.03480358372696013, "id": 10}, {"weight": 2, "random_weight": 0.39399250446622835, "id": 11}, {"weight": 4, "random_weight": 0.7409386635248186, "id": 20}, {"weight": 1, "random_weight": 0.959560441495137, "id": 26}], [{"weight": 1, "random_weight": 0.46800531540284296, "id": 4}, {"weight": 1, "random_weight": 0.6227431571941339, "id": 16}, {"weight": 2, "random_weight": 0.9750507646688352, "id": 24}, {"weight": 2, "random_weight": 0.9261690717765798, "id": 29}, {"weight": 2, "random_weight": 0.1426708164766708, "id": 30}, {"weight": 2, "random_weight": 0.6478994705709599, "id": 31}], [{"weight": 3, "random_weight": 0.5206169194466944, "id": 2}, {"weight": 3, "random_weight": 0.49697812245103223, "id": 9}, {"weight": 1, "random_weight": 0.5455256514621358, "id": 10}, {"weight": 1, "random_weight": 0.5930373072585905, "id": 26}, {"weight": 2, "random_weight": 0.3310922208766809, "id": 27}], [{"weight": 2, "random_weight": 0.5324808107356023, "id": 2}, {"weight": 2, "random_weight": 0.722280685528773, "id": 3}, {"weight": 1, "random_weight": 0.5858708344662764, "id": 9}, {"weight": 3, "random_weight": 0.5599756928812639, "id": 12}, {"weight": 2, "random_weight": 0.051714780853684195, "id": 13}]]}