{"directed": false, "multigraph": false, "graph": [], "nodes": [{"graph": null, "nnodes": 4, "nedges": 4, "density": 0.6666666666666666, "atomics": "[16, 17, 4, 5]", "group_pop": 4, "init_part_assignment": 1, "id": 0}, {"graph": null, "nnodes": 4, "nedges": 4, "density": 0.6666666666666666, "atomics": "[2, 3, 14, 15]", "group_pop": 4, "init_part_assignment": 0, "id": 1}, {"graph": null, "nnodes": 4, "nedges": 3, "density": 0.5, "atomics": "[88, 89, 86, 87]", "group_pop": 4, "init_part_assignment": 11, "id": 2}, {"graph": null, "nnodes": 4, "nedges": 3, "density": 0.5, "atomics": "[90, 101, 102, 114]", "group_pop": 4, "init_part_assignment": 11, "id": 3}, {"graph": null, "nnodes": 4, "nedges": 3, "density": 0.5, "atomics": "[65, 77, 53, 78]", "group_pop": 4, "init_part_assignment": 11, "id": 4}, {"graph": null, "nnodes": 4, "nedges": 3, "density": 0.5, "atomics": "[8, 9, 19, 7]", "group_pop": 4, "init_part_assignment": 9, "id": 5}, {"graph": null, "nnodes": 4, "nedges": 3, "density": 0.5, "atomics": "[33, 21, 45, 57]", "group_pop": 4, "init_part_assignment": 9, "id": 6}, {"graph": null, "nnodes": 4, "nedges": 4, "density": 0.6666666666666666, "atomics": "[120, 121, 132, 133]", "group_pop": 4, "init_part_assignment": 4, "id": 7}, {"graph": null, "nnodes": 4, "nedges": 3, "density": 0.5, "atomics": "[136, 137, 134, 135]", "group_pop": 4, "init_part_assignment": 4, "id": 8}, {"graph": null, "nnodes": 4, "nedges": 3, "density": 0.5, "atomics": "[96, 97, 108, 85]", "group_pop": 4, "init_part_assignment": 4, "id": 9}, {"graph": null, "nnodes": 4, "nedges": 3, "density": 0.5, "atomics": "[98, 99, 109, 110]", "group_pop": 4, "init_part_assignment": 7, "id": 10}, {"graph": null, "nnodes": 4, "nedges": 4, "density": 0.6666666666666666, "atomics": "[50, 51, 62, 63]", "group_pop": 4, "init_part_assignment": 2, "id": 11}, {"graph": null, "nnodes": 4, "nedges": 3, "density": 0.5, "atomics": "[64, 75, 52, 76]", "group_pop": 4, "init_part_assignment": 2, "id": 12}, {"graph": null, "nnodes": 4, "nedges": 4, "density": 0.6666666666666666, "atomics": "[138, 139, 126, 127]", "group_pop": 4, "init_part_assignment": 8, "id": 13}, {"graph": null, "nnodes": 4, "nedges": 4, "density": 0.6666666666666666, "atomics": "[130, 131, 142, 143]", "group_pop": 4, "init_part_assignment": 5, "id": 14}, {"graph": null, "nnodes": 4, "nedges": 4, "density": 0.6666666666666666, "atomics": "[58, 59, 70, 71]", "group_pop": 4, "init_part_assignment": 6, "id": 15}, {"graph": null, "nnodes": 4, "nedges": 4, "density": 0.6666666666666666, "atomics": "[34, 35, 46, 47]", "group_pop": 4, "init_part_assignment": 6, "id": 16}, {"graph": null, "nnodes": 4, "nedges": 4, "density": 0.6666666666666666, "atomics": "[40, 41, 28, 29]", "group_pop": 4, "init_part_assignment": 2, "id": 17}, {"graph": null, "nnodes": 4, "nedges": 4, "density": 0.6666666666666666, "atomics": "[26, 27, 38, 39]", "group_pop": 4, "init_part_assignment": 0, "id": 18}, {"graph": null, "nnodes": 4, "nedges": 3, "density": 0.5, "atomics": "[122, 123, 124, 111]", "group_pop": 4, "init_part_assignment": 7, "id": 19}, {"graph": null, "nnodes": 4, "nedges": 3, "density": 0.5, "atomics": "[128, 115, 116, 103]", "group_pop": 4, "init_part_assignment": 8, "id": 20}, {"graph": null, "nnodes": 4, "nedges": 3, "density": 0.5, "atomics": "[129, 140, 117, 141]", "group_pop": 4, "init_part_assignment": 8, "id": 21}, {"graph": null, "nnodes": 4, "nedges": 4, "density": 0.6666666666666666, "atomics": "[24, 25, 36, 37]", "group_pop": 4, "init_part_assignment": 3, "id": 22}, {"graph": null, "nnodes": 4, "nedges": 4, "density": 0.6666666666666666, "atomics": "[0, 1, 12, 13]", "group_pop": 4, "init_part_assignment": 0, "id": 23}, {"graph": null, "nnodes": 4, "nedges": 3, "density": 0.5, "atomics": "[18, 42, 6, 30]", "group_pop": 4, "init_part_assignment": 1, "id": 24}, {"graph": null, "nnodes": 4, "nedges": 3, "density": 0.5, "atomics": "[32, 43, 20, 31]", "group_pop": 4, "init_part_assignment": 9, "id": 25}, {"graph": null, "nnodes": 4, "nedges": 4, "density": 0.6666666666666666, "atomics": "[10, 11, 22, 23]", "group_pop": 4, "init_part_assignment": 6, "id": 26}, {"graph": null, "nnodes": 4, "nedges": 3, "density": 0.5, "atomics": "[72, 73, 74, 84]", "group_pop": 4, "init_part_assignment": 3, "id": 27}, {"graph": null, "nnodes": 4, "nedges": 4, "density": 0.6666666666666666, "atomics": "[48, 49, 60, 61]", "group_pop": 4, "init_part_assignment": 3, "id": 28}, {"graph": null, "nnodes": 4, "nedges": 4, "density": 0.6666666666666666, "atomics": "[106, 107, 118, 119]", "group_pop": 4, "init_part_assignment": 5, "id": 29}, {"graph": null, "nnodes": 4, "nedges": 4, "density": 0.6666666666666666, "atomics": "[82, 83, 94, 95]", "group_pop": 4, "init_part_assignment": 5, "id": 30}, {"graph": null, "nnodes": 4, "nedges": 4, "density": 0.6666666666666666, "atomics": "[104, 105, 92, 93]", "group_pop": 4, "init_part_assignment": 10, "id": 31}, {"graph": null, "nnodes": 4, "nedges": 3, "density": 0.5, "atomics": "[56, 44, 54, 55]", "group_pop": 4, "init_part_assignment": 1, "id": 32}, {"graph": null, "nnodes": 4, "nedges": 4, "density": 0.6666666666666666, "atomics": "[80, 81, 68, 69]", "group_pop": 4, "init_part_assignment": 10, "id": 33}, {"graph": null, "nnodes": 4, "nedges": 3, "density": 0.5, "atomics": "[91, 66, 67, 79]", "group_pop": 4, "init_part_assignment": 10, "id": 34}, {"graph": null, "nnodes": 4, "nedges": 3, "density": 0.5, "atomics": "[112, 113, 100, 125]", "group_pop": 4, "init_part_assignment": 7, "id": 35}], "adjacency": [[{"weight": 2, "random_weight": 0.6262056306700624, "id": 1}, {"weight": 2, "random_weight": 0.8730872235605567, "id": 17}, {"weight": 2, "random_weight": 0.380934857464615, "id": 24}], [{"weight": 2, "random_weight": 0.6262056306700624, "id": 0}, {"weight": 2, "random_weight": 0.003839393020199977, "id": 18}, {"weight": 2, "random_weight": 0.028008605057914027, "id": 23}], [{"weight": 2, "random_weight": 0.6261063933633626, "id": 3}, {"weight": 1, "random_weight": 0.5189380686275529, "id": 4}, {"weight": 1, "random_weight": 0.9712540550948371, "id": 9}, {"weight": 2, "random_weight": 0.1473768942581749, "id": 10}, {"weight": 2, "random_weight": 0.5815938874911497, "id": 12}, {"weight": 1, "random_weight": 0.5717953585721877, "id": 27}, {"weight": 1, "random_weight": 0.9395995722144241, "id": 35}], [{"weight": 2, "random_weight": 0.6261063933633626, "id": 2}, {"weight": 1, "random_weight": 0.775747409847072, "id": 4}, {"weight": 1, "random_weight": 0.7285024205351489, "id": 13}, {"weight": 2, "random_weight": 0.9723321620882803, "id": 20}, {"weight": 1, "random_weight": 0.30001647837395395, "id": 34}, {"weight": 3, "random_weight": 0.7748072880642369, "id": 35}], [{"weight": 1, "random_weight": 0.5189380686275529, "id": 2}, {"weight": 1, "random_weight": 0.775747409847072, "id": 3}, {"weight": 3, "random_weight": 0.71509157658192, "id": 12}, {"weight": 1, "random_weight": 0.975941964629551, "id": 17}, {"weight": 1, "random_weight": 0.8010399449752668, "id": 32}, {"weight": 3, "random_weight": 0.9061499291418036, "id": 34}], [{"weight": 1, "random_weight": 0.6414091688221814, "id": 6}, {"weight": 2, "random_weight": 0.23528114308986636, "id": 24}, {"weight": 3, "random_weight": 0.5960623173556502, "id": 25}, {"weight": 1, "random_weight": 0.20229533923885623, "id": 26}], [{"weight": 1, "random_weight": 0.6414091688221814, "id": 5}, {"weight": 1, "random_weight": 0.9717311207736, "id": 15}, {"weight": 2, "random_weight": 0.4394839863595549, "id": 16}, {"weight": 2, "random_weight": 0.9254928412327714, "id": 25}, {"weight": 1, "random_weight": 0.6292486715749538, "id": 26}, {"weight": 2, "random_weight": 0.7381826685902814, "id": 32}, {"weight": 1, "random_weight": 0.7911287142154761, "id": 33}], [{"weight": 1, "random_weight": 0.6443859375016938, "id": 8}, {"weight": 1, "random_weight": 0.010173222454886943, "id": 9}, {"weight": 1, "random_weight": 0.6827084612203091, "id": 10}, {"weight": 1, "random_weight": 0.9785858792266077, "id": 19}], [{"weight": 1, "random_weight": 0.6443859375016938, "id": 7}, {"weight": 1, "random_weight": 0.579976130617879, "id": 13}, {"weight": 3, "random_weight": 0.5266271452200503, "id": 19}, {"weight": 1, "random_weight": 0.540812191093041, "id": 35}], [{"weight": 1, "random_weight": 0.9712540550948371, "id": 2}, {"weight": 1, "random_weight": 0.010173222454886943, "id": 7}, {"weight": 3, "random_weight": 0.8849472977113101, "id": 10}, {"weight": 3, "random_weight": 0.9121863391268024, "id": 27}], [{"weight": 2, "random_weight": 0.1473768942581749, "id": 2}, {"weight": 1, "random_weight": 0.6827084612203091, "id": 7}, {"weight": 3, "random_weight": 0.8849472977113101, "id": 9}, {"weight": 3, "random_weight": 0.020168401807920344, "id": 19}, {"weight": 1, "random_weight": 0.016116637502825548, "id": 35}], [{"weight": 3, "random_weight": 0.15892871541333686, "id": 12}, {"weight": 2, "random_weight": 0.9449965180341828, "id": 18}, {"weight": 1, "random_weight": 0.7418314767757462, "id": 27}, {"weight": 2, "random_weight": 0.6508057137855646, "id": 28}], [{"weight": 2, "random_weight": 0.5815938874911497, "id": 2}, {"weight": 3, "random_weight": 0.71509157658192, "id": 4}, {"weight": 3, "random_weight": 0.15892871541333686, "id": 11}, {"weight": 1, "random_weight": 0.602791990426281, "id": 17}, {"weight": 1, "random_weight": 0.9336244567029454, "id": 27}], [{"weight": 1, "random_weight": 0.7285024205351489, "id": 3}, {"weight": 1, "random_weight": 0.579976130617879, "id": 8}, {"weight": 2, "random_weight": 0.28728107685267035, "id": 20}, {"weight": 1, "random_weight": 0.029832218696937307, "id": 21}, {"weight": 1, "random_weight": 0.9442108407664696, "id": 35}], [{"weight": 2, "random_weight": 0.6773211938949737, "id": 21}, {"weight": 2, "random_weight": 0.2423206745024129, "id": 29}], [{"weight": 1, "random_weight": 0.9717311207736, "id": 6}, {"weight": 2, "random_weight": 0.7153222916010173, "id": 16}, {"weight": 2, "random_weight": 0.9931231717913767, "id": 30}, {"weight": 1, "random_weight": 0.8625783801052508, "id": 33}], [{"weight": 2, "random_weight": 0.4394839863595549, "id": 6}, {"weight": 2, "random_weight": 0.7153222916010173, "id": 15}, {"weight": 2, "random_weight": 0.4236515001840869, "id": 26}], [{"weight": 2, "random_weight": 0.8730872235605567, "id": 0}, {"weight": 1, "random_weight": 0.975941964629551, "id": 4}, {"weight": 1, "random_weight": 0.602791990426281, "id": 12}, {"weight": 2, "random_weight": 0.7270925949260688, "id": 18}, {"weight": 2, "random_weight": 0.7616688607907298, "id": 24}], [{"weight": 2, "random_weight": 0.003839393020199977, "id": 1}, {"weight": 2, "random_weight": 0.9449965180341828, "id": 11}, {"weight": 2, "random_weight": 0.7270925949260688, "id": 17}, {"weight": 2, "random_weight": 0.3270275018864601, "id": 22}], [{"weight": 1, "random_weight": 0.9785858792266077, "id": 7}, {"weight": 3, "random_weight": 0.5266271452200503, "id": 8}, {"weight": 3, "random_weight": 0.020168401807920344, "id": 10}, {"weight": 3, "random_weight": 0.3775910432985379, "id": 35}], [{"weight": 2, "random_weight": 0.9723321620882803, "id": 3}, {"weight": 2, "random_weight": 0.28728107685267035, "id": 13}, {"weight": 3, "random_weight": 0.5116490998088464, "id": 21}, {"weight": 2, "random_weight": 0.1692290227815081, "id": 31}, {"weight": 1, "random_weight": 0.4391782752355823, "id": 34}], [{"weight": 1, "random_weight": 0.029832218696937307, "id": 13}, {"weight": 2, "random_weight": 0.6773211938949737, "id": 14}, {"weight": 3, "random_weight": 0.5116490998088464, "id": 20}, {"weight": 1, "random_weight": 0.1805564882188917, "id": 29}, {"weight": 1, "random_weight": 0.5214430752117816, "id": 31}], [{"weight": 2, "random_weight": 0.3270275018864601, "id": 18}, {"weight": 2, "random_weight": 0.932565805736153, "id": 23}, {"weight": 2, "random_weight": 0.9069101349535527, "id": 28}], [{"weight": 2, "random_weight": 0.028008605057914027, "id": 1}, {"weight": 2, "random_weight": 0.932565805736153, "id": 22}], [{"weight": 2, "random_weight": 0.380934857464615, "id": 0}, {"weight": 2, "random_weight": 0.23528114308986636, "id": 5}, {"weight": 2, "random_weight": 0.7616688607907298, "id": 17}, {"weight": 2, "random_weight": 0.8823123005427419, "id": 25}, {"weight": 1, "random_weight": 0.2227062385804114, "id": 32}], [{"weight": 3, "random_weight": 0.5960623173556502, "id": 5}, {"weight": 2, "random_weight": 0.9254928412327714, "id": 6}, {"weight": 2, "random_weight": 0.8823123005427419, "id": 24}, {"weight": 3, "random_weight": 0.7716857248442935, "id": 32}], [{"weight": 1, "random_weight": 0.20229533923885623, "id": 5}, {"weight": 1, "random_weight": 0.6292486715749538, "id": 6}, {"weight": 2, "random_weight": 0.4236515001840869, "id": 16}], [{"weight": 1, "random_weight": 0.5717953585721877, "id": 2}, {"weight": 3, "random_weight": 0.9121863391268024, "id": 9}, {"weight": 1, "random_weight": 0.7418314767757462, "id": 11}, {"weight": 1, "random_weight": 0.9336244567029454, "id": 12}, {"weight": 2, "random_weight": 0.8588928409765026, "id": 28}], [{"weight": 2, "random_weight": 0.6508057137855646, "id": 11}, {"weight": 2, "random_weight": 0.9069101349535527, "id": 22}, {"weight": 2, "random_weight": 0.8588928409765026, "id": 27}], [{"weight": 2, "random_weight": 0.2423206745024129, "id": 14}, {"weight": 1, "random_weight": 0.1805564882188917, "id": 21}, {"weight": 2, "random_weight": 0.29795738290383356, "id": 30}, {"weight": 1, "random_weight": 0.3368100446011941, "id": 31}], [{"weight": 2, "random_weight": 0.9931231717913767, "id": 15}, {"weight": 2, "random_weight": 0.29795738290383356, "id": 29}, {"weight": 1, "random_weight": 0.9118633660275208, "id": 31}, {"weight": 1, "random_weight": 0.9870587685533513, "id": 33}], [{"weight": 2, "random_weight": 0.1692290227815081, "id": 20}, {"weight": 1, "random_weight": 0.5214430752117816, "id": 21}, {"weight": 1, "random_weight": 0.3368100446011941, "id": 29}, {"weight": 1, "random_weight": 0.9118633660275208, "id": 30}, {"weight": 2, "random_weight": 0.5203037544106089, "id": 33}, {"weight": 1, "random_weight": 0.8357622328828633, "id": 34}], [{"weight": 1, "random_weight": 0.8010399449752668, "id": 4}, {"weight": 2, "random_weight": 0.7381826685902814, "id": 6}, {"weight": 1, "random_weight": 0.2227062385804114, "id": 24}, {"weight": 3, "random_weight": 0.7716857248442935, "id": 25}, {"weight": 1, "random_weight": 0.6255019234042152, "id": 33}, {"weight": 2, "random_weight": 0.9322958113142112, "id": 34}], [{"weight": 1, "random_weight": 0.7911287142154761, "id": 6}, {"weight": 1, "random_weight": 0.8625783801052508, "id": 15}, {"weight": 1, "random_weight": 0.9870587685533513, "id": 30}, {"weight": 2, "random_weight": 0.5203037544106089, "id": 31}, {"weight": 1, "random_weight": 0.6255019234042152, "id": 32}, {"weight": 2, "random_weight": 0.9692824843062957, "id": 34}], [{"weight": 1, "random_weight": 0.30001647837395395, "id": 3}, {"weight": 3, "random_weight": 0.9061499291418036, "id": 4}, {"weight": 1, "random_weight": 0.4391782752355823, "id": 20}, {"weight": 1, "random_weight": 0.8357622328828633, "id": 31}, {"weight": 2, "random_weight": 0.9322958113142112, "id": 32}, {"weight": 2, "random_weight": 0.9692824843062957, "id": 33}], [{"weight": 1, "random_weight": 0.9395995722144241, "id": 2}, {"weight": 3, "random_weight": 0.7748072880642369, "id": 3}, {"weight": 1, "random_weight": 0.540812191093041, "id": 8}, {"weight": 1, "random_weight": 0.016116637502825548, "id": 10}, {"weight": 1, "random_weight": 0.9442108407664696, "id": 13}, {"weight": 3, "random_weight": 0.3775910432985379, "id": 19}]]}