{"directed": false, "multigraph": false, "graph": [], "nodes": [{"graph": null, "nnodes": 4, "nedges": 3, "density": 0.5, "atomics": "[16, 17, 18, 6]", "group_pop": 4, "init_part_assignment": 3, "id": 0}, {"graph": null, "nnodes": 4, "nedges": 3, "density": 0.5, "atomics": "[3, 4, 5, 15]", "group_pop": 4, "init_part_assignment": 5, "id": 1}, {"graph": null, "nnodes": 4, "nedges": 3, "density": 0.5, "atomics": "[88, 89, 90, 77]", "group_pop": 4, "init_part_assignment": 2, "id": 2}, {"graph": null, "nnodes": 4, "nedges": 3, "density": 0.5, "atomics": "[80, 91, 78, 79]", "group_pop": 4, "init_part_assignment": 2, "id": 3}, {"graph": null, "nnodes": 4, "nedges": 3, "density": 0.5, "atomics": "[8, 9, 10, 11]", "group_pop": 4, "init_part_assignment": 1, "id": 4}, {"graph": null, "nnodes": 4, "nedges": 4, "density": 0.6666666666666666, "atomics": "[32, 33, 20, 21]", "group_pop": 4, "init_part_assignment": 9, "id": 5}, {"graph": null, "nnodes": 4, "nedges": 3, "density": 0.5, "atomics": "[19, 7, 30, 31]", "group_pop": 4, "init_part_assignment": 9, "id": 6}, {"graph": null, "nnodes": 4, "nedges": 4, "density": 0.6666666666666666, "atomics": "[120, 121, 132, 133]", "group_pop": 4, "init_part_assignment": 0, "id": 7}, {"graph": null, "nnodes": 4, "nedges": 4, "density": 0.6666666666666666, "atomics": "[122, 123, 134, 135]", "group_pop": 4, "init_part_assignment": 8, "id": 8}, {"graph": null, "nnodes": 4, "nedges": 4, "density": 0.6666666666666666, "atomics": "[96, 97, 108, 109]", "group_pop": 4, "init_part_assignment": 0, "id": 9}, {"graph": null, "nnodes": 4, "nedges": 3, "density": 0.5, "atomics": "[98, 110, 86, 111]", "group_pop": 4, "init_part_assignment": 6, "id": 10}, {"graph": null, "nnodes": 4, "nedges": 3, "density": 0.5, "atomics": "[26, 27, 50, 38]", "group_pop": 4, "init_part_assignment": 3, "id": 11}, {"graph": null, "nnodes": 4, "nedges": 3, "density": 0.5, "atomics": "[51, 52, 53, 39]", "group_pop": 4, "init_part_assignment": 4, "id": 12}, {"graph": null, "nnodes": 4, "nedges": 4, "density": 0.6666666666666666, "atomics": "[64, 75, 76, 63]", "group_pop": 4, "init_part_assignment": 4, "id": 13}, {"graph": null, "nnodes": 4, "nedges": 3, "density": 0.5, "atomics": "[136, 137, 138, 139]", "group_pop": 4, "init_part_assignment": 10, "id": 14}, {"graph": null, "nnodes": 4, "nedges": 3, "density": 0.5, "atomics": "[128, 116, 126, 127]", "group_pop": 4, "init_part_assignment": 10, "id": 15}, {"graph": null, "nnodes": 4, "nedges": 4, "density": 0.6666666666666666, "atomics": "[130, 131, 142, 143]", "group_pop": 4, "init_part_assignment": 7, "id": 16}, {"graph": null, "nnodes": 4, "nedges": 3, "density": 0.5, "atomics": "[57, 58, 44, 45]", "group_pop": 4, "init_part_assignment": 9, "id": 17}, {"graph": null, "nnodes": 4, "nedges": 3, "density": 0.5, "atomics": "[59, 47, 46, 71]", "group_pop": 4, "init_part_assignment": 1, "id": 18}, {"graph": null, "nnodes": 4, "nedges": 4, "density": 0.6666666666666666, "atomics": "[40, 41, 28, 29]", "group_pop": 4, "init_part_assignment": 3, "id": 19}, {"graph": null, "nnodes": 4, "nedges": 4, "density": 0.6666666666666666, "atomics": "[112, 113, 124, 125]", "group_pop": 4, "init_part_assignment": 8, "id": 20}, {"graph": null, "nnodes": 4, "nedges": 3, "density": 0.5, "atomics": "[129, 140, 117, 141]", "group_pop": 4, "init_part_assignment": 7, "id": 21}, {"graph": null, "nnodes": 4, "nedges": 3, "density": 0.5, "atomics": "[24, 0, 12, 25]", "group_pop": 4, "init_part_assignment": 5, "id": 22}, {"graph": null, "nnodes": 4, "nedges": 4, "density": 0.6666666666666666, "atomics": "[1, 2, 13, 14]", "group_pop": 4, "init_part_assignment": 5, "id": 23}, {"graph": null, "nnodes": 4, "nedges": 3, "density": 0.5, "atomics": "[56, 42, 43, 55]", "group_pop": 4, "init_part_assignment": 11, "id": 24}, {"graph": null, "nnodes": 4, "nedges": 4, "density": 0.6666666666666666, "atomics": "[34, 35, 22, 23]", "group_pop": 4, "init_part_assignment": 1, "id": 25}, {"graph": null, "nnodes": 4, "nedges": 4, "density": 0.6666666666666666, "atomics": "[72, 73, 84, 85]", "group_pop": 4, "init_part_assignment": 0, "id": 26}, {"graph": null, "nnodes": 4, "nedges": 4, "density": 0.6666666666666666, "atomics": "[48, 49, 36, 37]", "group_pop": 4, "init_part_assignment": 6, "id": 27}, {"graph": null, "nnodes": 4, "nedges": 3, "density": 0.5, "atomics": "[74, 60, 61, 62]", "group_pop": 4, "init_part_assignment": 6, "id": 28}, {"graph": null, "nnodes": 4, "nedges": 4, "density": 0.6666666666666666, "atomics": "[106, 107, 118, 119]", "group_pop": 4, "init_part_assignment": 7, "id": 29}, {"graph": null, "nnodes": 4, "nedges": 4, "density": 0.6666666666666666, "atomics": "[82, 83, 94, 95]", "group_pop": 4, "init_part_assignment": 11, "id": 30}, {"graph": null, "nnodes": 4, "nedges": 4, "density": 0.6666666666666666, "atomics": "[104, 105, 92, 93]", "group_pop": 4, "init_part_assignment": 10, "id": 31}, {"graph": null, "nnodes": 4, "nedges": 3, "density": 0.5, "atomics": "[81, 68, 69, 70]", "group_pop": 4, "init_part_assignment": 11, "id": 32}, {"graph": null, "nnodes": 4, "nedges": 3, "density": 0.5, "atomics": "[65, 66, 67, 54]", "group_pop": 4, "init_part_assignment": 4, "id": 33}, {"graph": null, "nnodes": 4, "nedges": 4, "density": 0.6666666666666666, "atomics": "[114, 115, 102, 103]", "group_pop": 4, "init_part_assignment": 2, "id": 34}, {"graph": null, "nnodes": 4, "nedges": 3, "density": 0.5, "atomics": "[99, 100, 101, 87]", "group_pop": 4, "init_part_assignment": 8, "id": 35}], "adjacency": [[{"weight": 4, "random_weight": 0.8916978217327616, "id": 1}, {"weight": 3, "random_weight": 0.913100943612796, "id": 6}, {"weight": 2, "random_weight": 0.8109739986135028, "id": 19}], [{"weight": 4, "random_weight": 0.8916978217327616, "id": 0}, {"weight": 1, "random_weight": 0.3262342718490977, "id": 11}, {"weight": 2, "random_weight": 0.642870903926686, "id": 23}], [{"weight": 3, "random_weight": 0.00676615769399036, "id": 3}, {"weight": 2, "random_weight": 0.6930440612082257, "id": 13}, {"weight": 1, "random_weight": 0.8110547211667378, "id": 33}, {"weight": 1, "random_weight": 0.4317460796583418, "id": 34}, {"weight": 3, "random_weight": 0.8299592022822849, "id": 35}], [{"weight": 3, "random_weight": 0.00676615769399036, "id": 2}, {"weight": 2, "random_weight": 0.5161514570442591, "id": 31}, {"weight": 2, "random_weight": 0.9778327933639613, "id": 32}, {"weight": 2, "random_weight": 0.940303755724909, "id": 33}, {"weight": 1, "random_weight": 0.8794116723107301, "id": 34}], [{"weight": 2, "random_weight": 0.761073858011042, "id": 5}, {"weight": 1, "random_weight": 0.9163162655506581, "id": 6}, {"weight": 2, "random_weight": 0.6610329252800033, "id": 25}], [{"weight": 2, "random_weight": 0.761073858011042, "id": 4}, {"weight": 2, "random_weight": 0.5112822796615362, "id": 6}, {"weight": 2, "random_weight": 0.33935530541720493, "id": 17}, {"weight": 2, "random_weight": 0.4410210471622953, "id": 25}], [{"weight": 3, "random_weight": 0.913100943612796, "id": 0}, {"weight": 1, "random_weight": 0.9163162655506581, "id": 4}, {"weight": 2, "random_weight": 0.5112822796615362, "id": 5}, {"weight": 1, "random_weight": 0.9205481470385843, "id": 19}, {"weight": 2, "random_weight": 0.4771749784290422, "id": 24}], [{"weight": 2, "random_weight": 0.19268373245292458, "id": 8}, {"weight": 2, "random_weight": 0.3492329503822583, "id": 9}], [{"weight": 2, "random_weight": 0.19268373245292458, "id": 7}, {"weight": 2, "random_weight": 0.1577431102726754, "id": 10}, {"weight": 1, "random_weight": 0.5996457107837646, "id": 14}, {"weight": 1, "random_weight": 0.21321323395474068, "id": 20}], [{"weight": 2, "random_weight": 0.3492329503822583, "id": 7}, {"weight": 2, "random_weight": 0.4933757968647401, "id": 10}, {"weight": 2, "random_weight": 0.29172902055371663, "id": 26}], [{"weight": 2, "random_weight": 0.1577431102726754, "id": 8}, {"weight": 2, "random_weight": 0.4933757968647401, "id": 9}, {"weight": 1, "random_weight": 0.22050019553623634, "id": 20}, {"weight": 1, "random_weight": 0.5302698089011112, "id": 26}, {"weight": 1, "random_weight": 0.48212646103451384, "id": 28}, {"weight": 3, "random_weight": 0.6410084501514991, "id": 35}], [{"weight": 1, "random_weight": 0.3262342718490977, "id": 1}, {"weight": 3, "random_weight": 0.6621812779873424, "id": 12}, {"weight": 1, "random_weight": 0.04305664871481929, "id": 19}, {"weight": 1, "random_weight": 0.32954458607806514, "id": 22}, {"weight": 1, "random_weight": 0.9555031854886189, "id": 23}, {"weight": 2, "random_weight": 0.7338496628318936, "id": 27}, {"weight": 1, "random_weight": 0.7668777995907655, "id": 28}], [{"weight": 3, "random_weight": 0.6621812779873424, "id": 11}, {"weight": 2, "random_weight": 0.5236485732997177, "id": 13}, {"weight": 3, "random_weight": 0.7144592208460623, "id": 19}, {"weight": 2, "random_weight": 0.9641494608843, "id": 33}], [{"weight": 2, "random_weight": 0.6930440612082257, "id": 2}, {"weight": 2, "random_weight": 0.5236485732997177, "id": 12}, {"weight": 2, "random_weight": 0.9102135167505189, "id": 28}, {"weight": 1, "random_weight": 0.17643095188752345, "id": 33}, {"weight": 1, "random_weight": 0.8106995845312522, "id": 35}], [{"weight": 1, "random_weight": 0.5996457107837646, "id": 8}, {"weight": 2, "random_weight": 0.7204695301776939, "id": 15}, {"weight": 2, "random_weight": 0.881086069208437, "id": 20}, {"weight": 1, "random_weight": 0.6215512931196231, "id": 21}], [{"weight": 2, "random_weight": 0.7204695301776939, "id": 14}, {"weight": 1, "random_weight": 0.1552139324350541, "id": 20}, {"weight": 3, "random_weight": 0.20267743055304932, "id": 21}, {"weight": 1, "random_weight": 0.11551888338158756, "id": 31}, {"weight": 3, "random_weight": 0.3807085186186351, "id": 34}], [{"weight": 2, "random_weight": 0.8731577196272815, "id": 21}, {"weight": 2, "random_weight": 0.1841946338946746, "id": 29}], [{"weight": 2, "random_weight": 0.33935530541720493, "id": 5}, {"weight": 3, "random_weight": 0.4420069376641923, "id": 18}, {"weight": 3, "random_weight": 0.8699337450082478, "id": 24}, {"weight": 2, "random_weight": 0.6170475155691222, "id": 32}], [{"weight": 3, "random_weight": 0.4420069376641923, "id": 17}, {"weight": 2, "random_weight": 0.41137095934433954, "id": 25}, {"weight": 1, "random_weight": 0.7440923236463391, "id": 30}, {"weight": 1, "random_weight": 0.2551473333223896, "id": 32}], [{"weight": 2, "random_weight": 0.8109739986135028, "id": 0}, {"weight": 1, "random_weight": 0.9205481470385843, "id": 6}, {"weight": 1, "random_weight": 0.04305664871481929, "id": 11}, {"weight": 3, "random_weight": 0.7144592208460623, "id": 12}, {"weight": 1, "random_weight": 0.9025474714813736, "id": 24}], [{"weight": 1, "random_weight": 0.21321323395474068, "id": 8}, {"weight": 1, "random_weight": 0.22050019553623634, "id": 10}, {"weight": 2, "random_weight": 0.881086069208437, "id": 14}, {"weight": 1, "random_weight": 0.1552139324350541, "id": 15}, {"weight": 1, "random_weight": 0.707225232608594, "id": 34}, {"weight": 2, "random_weight": 0.5098476994387752, "id": 35}], [{"weight": 1, "random_weight": 0.6215512931196231, "id": 14}, {"weight": 3, "random_weight": 0.20267743055304932, "id": 15}, {"weight": 2, "random_weight": 0.8731577196272815, "id": 16}, {"weight": 1, "random_weight": 0.5331690776877838, "id": 29}, {"weight": 1, "random_weight": 0.909711306525812, "id": 31}], [{"weight": 1, "random_weight": 0.32954458607806514, "id": 11}, {"weight": 3, "random_weight": 0.6537441703292225, "id": 23}, {"weight": 2, "random_weight": 0.28497682373460687, "id": 27}], [{"weight": 2, "random_weight": 0.642870903926686, "id": 1}, {"weight": 1, "random_weight": 0.9555031854886189, "id": 11}, {"weight": 3, "random_weight": 0.6537441703292225, "id": 22}], [{"weight": 2, "random_weight": 0.4771749784290422, "id": 6}, {"weight": 3, "random_weight": 0.8699337450082478, "id": 17}, {"weight": 1, "random_weight": 0.9025474714813736, "id": 19}, {"weight": 1, "random_weight": 0.3915089952375065, "id": 32}, {"weight": 3, "random_weight": 0.6790850651279884, "id": 33}], [{"weight": 2, "random_weight": 0.6610329252800033, "id": 4}, {"weight": 2, "random_weight": 0.4410210471622953, "id": 5}, {"weight": 2, "random_weight": 0.41137095934433954, "id": 18}], [{"weight": 2, "random_weight": 0.29172902055371663, "id": 9}, {"weight": 1, "random_weight": 0.5302698089011112, "id": 10}, {"weight": 3, "random_weight": 0.6925684040256099, "id": 28}], [{"weight": 2, "random_weight": 0.7338496628318936, "id": 11}, {"weight": 2, "random_weight": 0.28497682373460687, "id": 22}, {"weight": 2, "random_weight": 0.7549310553769519, "id": 28}], [{"weight": 1, "random_weight": 0.48212646103451384, "id": 10}, {"weight": 1, "random_weight": 0.7668777995907655, "id": 11}, {"weight": 2, "random_weight": 0.9102135167505189, "id": 13}, {"weight": 3, "random_weight": 0.6925684040256099, "id": 26}, {"weight": 2, "random_weight": 0.7549310553769519, "id": 27}], [{"weight": 2, "random_weight": 0.1841946338946746, "id": 16}, {"weight": 1, "random_weight": 0.5331690776877838, "id": 21}, {"weight": 2, "random_weight": 0.7028624467182217, "id": 30}, {"weight": 1, "random_weight": 0.5946987613490846, "id": 31}], [{"weight": 1, "random_weight": 0.7440923236463391, "id": 18}, {"weight": 2, "random_weight": 0.7028624467182217, "id": 29}, {"weight": 1, "random_weight": 0.3120730446526552, "id": 31}, {"weight": 2, "random_weight": 0.45212779753763743, "id": 32}], [{"weight": 2, "random_weight": 0.5161514570442591, "id": 3}, {"weight": 1, "random_weight": 0.11551888338158756, "id": 15}, {"weight": 1, "random_weight": 0.909711306525812, "id": 21}, {"weight": 1, "random_weight": 0.5946987613490846, "id": 29}, {"weight": 1, "random_weight": 0.3120730446526552, "id": 30}, {"weight": 1, "random_weight": 0.6387586888442166, "id": 32}, {"weight": 1, "random_weight": 0.5435860647365057, "id": 34}], [{"weight": 2, "random_weight": 0.9778327933639613, "id": 3}, {"weight": 2, "random_weight": 0.6170475155691222, "id": 17}, {"weight": 1, "random_weight": 0.2551473333223896, "id": 18}, {"weight": 1, "random_weight": 0.3915089952375065, "id": 24}, {"weight": 2, "random_weight": 0.45212779753763743, "id": 30}, {"weight": 1, "random_weight": 0.6387586888442166, "id": 31}, {"weight": 1, "random_weight": 0.5785838212434307, "id": 33}], [{"weight": 1, "random_weight": 0.8110547211667378, "id": 2}, {"weight": 2, "random_weight": 0.940303755724909, "id": 3}, {"weight": 2, "random_weight": 0.9641494608843, "id": 12}, {"weight": 1, "random_weight": 0.17643095188752345, "id": 13}, {"weight": 3, "random_weight": 0.6790850651279884, "id": 24}, {"weight": 1, "random_weight": 0.5785838212434307, "id": 32}], [{"weight": 1, "random_weight": 0.4317460796583418, "id": 2}, {"weight": 1, "random_weight": 0.8794116723107301, "id": 3}, {"weight": 3, "random_weight": 0.3807085186186351, "id": 15}, {"weight": 1, "random_weight": 0.707225232608594, "id": 20}, {"weight": 1, "random_weight": 0.5435860647365057, "id": 31}, {"weight": 1, "random_weight": 0.663507161438161, "id": 35}], [{"weight": 3, "random_weight": 0.8299592022822849, "id": 2}, {"weight": 3, "random_weight": 0.6410084501514991, "id": 10}, {"weight": 1, "random_weight": 0.8106995845312522, "id": 13}, {"weight": 2, "random_weight": 0.5098476994387752, "id": 20}, {"weight": 1, "random_weight": 0.663507161438161, "id": 34}]]}