{"directed": false, "multigraph": false, "graph": [], "nodes": [{"graph": null, "nnodes": 4, "nedges": 3, "density": 0.5, "atomics": "[16, 17, 28, 5]", "group_pop": 4, "init_part_assignment": 7, "id": 0}, {"graph": null, "nnodes": 4, "nedges": 3, "density": 0.5, "atomics": "[25, 26, 27, 15]", "group_pop": 4, "init_part_assignment": 0, "id": 1}, {"graph": null, "nnodes": 4, "nedges": 3, "density": 0.5, "atomics": "[64, 89, 77, 65]", "group_pop": 4, "init_part_assignment": 8, "id": 2}, {"graph": null, "nnodes": 4, "nedges": 3, "density": 0.5, "atomics": "[80, 90, 78, 79]", "group_pop": 4, "init_part_assignment": 8, "id": 3}, {"graph": null, "nnodes": 4, "nedges": 3, "density": 0.5, "atomics": "[8, 9, 10, 22]", "group_pop": 4, "init_part_assignment": 7, "id": 4}, {"graph": null, "nnodes": 4, "nedges": 3, "density": 0.5, "atomics": "[32, 20, 21, 44]", "group_pop": 4, "init_part_assignment": 10, "id": 5}, {"graph": null, "nnodes": 4, "nedges": 4, "density": 0.6666666666666666, "atomics": "[18, 19, 6, 7]", "group_pop": 4, "init_part_assignment": 7, "id": 6}, {"graph": null, "nnodes": 4, "nedges": 3, "density": 0.5, "atomics": "[121, 122, 110, 98]", "group_pop": 4, "init_part_assignment": 1, "id": 7}, {"graph": null, "nnodes": 4, "nedges": 3, "density": 0.5, "atomics": "[120, 132, 108, 109]", "group_pop": 4, "init_part_assignment": 1, "id": 8}, {"graph": null, "nnodes": 4, "nedges": 3, "density": 0.5, "atomics": "[123, 133, 134, 135]", "group_pop": 4, "init_part_assignment": 9, "id": 9}, {"graph": null, "nnodes": 4, "nedges": 3, "density": 0.5, "atomics": "[50, 61, 62, 63]", "group_pop": 4, "init_part_assignment": 8, "id": 10}, {"graph": null, "nnodes": 4, "nedges": 3, "density": 0.5, "atomics": "[51, 52, 53, 54]", "group_pop": 4, "init_part_assignment": 6, "id": 11}, {"graph": null, "nnodes": 4, "nedges": 4, "density": 0.6666666666666666, "atomics": "[136, 137, 124, 125]", "group_pop": 4, "init_part_assignment": 9, "id": 12}, {"graph": null, "nnodes": 4, "nedges": 4, "density": 0.6666666666666666, "atomics": "[138, 139, 126, 127]", "group_pop": 4, "init_part_assignment": 4, "id": 13}, {"graph": null, "nnodes": 4, "nedges": 4, "density": 0.6666666666666666, "atomics": "[130, 131, 142, 143]", "group_pop": 4, "init_part_assignment": 3, "id": 14}, {"graph": null, "nnodes": 4, "nedges": 4, "density": 0.6666666666666666, "atomics": "[58, 59, 70, 71]", "group_pop": 4, "init_part_assignment": 5, "id": 15}, {"graph": null, "nnodes": 4, "nedges": 4, "density": 0.6666666666666666, "atomics": "[33, 34, 45, 46]", "group_pop": 4, "init_part_assignment": 5, "id": 16}, {"graph": null, "nnodes": 4, "nedges": 3, "density": 0.5, "atomics": "[11, 35, 47, 23]", "group_pop": 4, "init_part_assignment": 5, "id": 17}, {"graph": null, "nnodes": 4, "nedges": 3, "density": 0.5, "atomics": "[40, 41, 42, 29]", "group_pop": 4, "init_part_assignment": 6, "id": 18}, {"graph": null, "nnodes": 4, "nedges": 3, "density": 0.5, "atomics": "[49, 37, 38, 39]", "group_pop": 4, "init_part_assignment": 6, "id": 19}, {"graph": null, "nnodes": 4, "nedges": 4, "density": 0.6666666666666666, "atomics": "[128, 129, 140, 141]", "group_pop": 4, "init_part_assignment": 4, "id": 20}, {"graph": null, "nnodes": 4, "nedges": 3, "density": 0.5, "atomics": "[24, 48, 60, 36]", "group_pop": 4, "init_part_assignment": 2, "id": 21}, {"graph": null, "nnodes": 4, "nedges": 4, "density": 0.6666666666666666, "atomics": "[0, 1, 12, 13]", "group_pop": 4, "init_part_assignment": 0, "id": 22}, {"graph": null, "nnodes": 4, "nedges": 3, "density": 0.5, "atomics": "[43, 31, 30, 55]", "group_pop": 4, "init_part_assignment": 10, "id": 23}, {"graph": null, "nnodes": 4, "nedges": 3, "density": 0.5, "atomics": "[72, 73, 74, 86]", "group_pop": 4, "init_part_assignment": 2, "id": 24}, {"graph": null, "nnodes": 4, "nedges": 4, "density": 0.6666666666666666, "atomics": "[96, 97, 84, 85]", "group_pop": 4, "init_part_assignment": 1, "id": 25}, {"graph": null, "nnodes": 4, "nedges": 4, "density": 0.6666666666666666, "atomics": "[104, 105, 116, 117]", "group_pop": 4, "init_part_assignment": 4, "id": 26}, {"graph": null, "nnodes": 4, "nedges": 4, "density": 0.6666666666666666, "atomics": "[106, 107, 118, 119]", "group_pop": 4, "init_part_assignment": 3, "id": 27}, {"graph": null, "nnodes": 4, "nedges": 4, "density": 0.6666666666666666, "atomics": "[82, 83, 94, 95]", "group_pop": 4, "init_part_assignment": 3, "id": 28}, {"graph": null, "nnodes": 4, "nedges": 3, "density": 0.5, "atomics": "[2, 3, 4, 14]", "group_pop": 4, "init_part_assignment": 0, "id": 29}, {"graph": null, "nnodes": 4, "nedges": 3, "density": 0.5, "atomics": "[56, 66, 67, 68]", "group_pop": 4, "init_part_assignment": 10, "id": 30}, {"graph": null, "nnodes": 4, "nedges": 3, "density": 0.5, "atomics": "[81, 93, 69, 57]", "group_pop": 4, "init_part_assignment": 11, "id": 31}, {"graph": null, "nnodes": 4, "nedges": 4, "density": 0.6666666666666666, "atomics": "[88, 75, 76, 87]", "group_pop": 4, "init_part_assignment": 2, "id": 32}, {"graph": null, "nnodes": 4, "nedges": 3, "density": 0.5, "atomics": "[91, 92, 102, 103]", "group_pop": 4, "init_part_assignment": 11, "id": 33}, {"graph": null, "nnodes": 4, "nedges": 3, "density": 0.5, "atomics": "[113, 114, 115, 101]", "group_pop": 4, "init_part_assignment": 11, "id": 34}, {"graph": null, "nnodes": 4, "nedges": 4, "density": 0.6666666666666666, "atomics": "[112, 99, 100, 111]", "group_pop": 4, "init_part_assignment": 9, "id": 35}], "adjacency": [[{"weight": 2, "random_weight": 0.6882474459034674, "id": 1}, {"weight": 2, "random_weight": 0.9017316607385215, "id": 6}, {"weight": 3, "random_weight": 0.6542563026115856, "id": 18}, {"weight": 2, "random_weight": 0.3371371909800759, "id": 29}], [{"weight": 2, "random_weight": 0.6882474459034674, "id": 0}, {"weight": 3, "random_weight": 0.8927129491958207, "id": 19}, {"weight": 1, "random_weight": 0.997264237292351, "id": 21}, {"weight": 1, "random_weight": 0.791213947805763, "id": 22}, {"weight": 3, "random_weight": 0.6150486541489923, "id": 29}], [{"weight": 2, "random_weight": 0.4572904259964298, "id": 3}, {"weight": 1, "random_weight": 0.2768620718841637, "id": 10}, {"weight": 2, "random_weight": 0.4499432538735334, "id": 11}, {"weight": 1, "random_weight": 0.8111349008220295, "id": 30}, {"weight": 3, "random_weight": 0.8397592408482065, "id": 32}, {"weight": 1, "random_weight": 0.9170912944015307, "id": 34}], [{"weight": 2, "random_weight": 0.4572904259964298, "id": 2}, {"weight": 3, "random_weight": 0.07230661312639264, "id": 30}, {"weight": 1, "random_weight": 0.6770689097776663, "id": 31}, {"weight": 4, "random_weight": 0.7056795009291281, "id": 33}], [{"weight": 3, "random_weight": 0.7685277322909951, "id": 5}, {"weight": 1, "random_weight": 0.44867864823124093, "id": 6}, {"weight": 1, "random_weight": 0.09681464848217858, "id": 16}, {"weight": 2, "random_weight": 0.5887576246672509, "id": 17}], [{"weight": 3, "random_weight": 0.7685277322909951, "id": 4}, {"weight": 1, "random_weight": 0.5889005822211598, "id": 6}, {"weight": 3, "random_weight": 0.3337698055068653, "id": 16}, {"weight": 2, "random_weight": 0.3113562332374479, "id": 23}, {"weight": 1, "random_weight": 0.6315446031067546, "id": 30}], [{"weight": 2, "random_weight": 0.9017316607385215, "id": 0}, {"weight": 1, "random_weight": 0.44867864823124093, "id": 4}, {"weight": 1, "random_weight": 0.5889005822211598, "id": 5}, {"weight": 2, "random_weight": 0.9239733433113994, "id": 23}], [{"weight": 3, "random_weight": 0.0599059595820578, "id": 8}, {"weight": 3, "random_weight": 0.8332881002919894, "id": 9}, {"weight": 1, "random_weight": 0.9299058865723959, "id": 24}, {"weight": 1, "random_weight": 0.1659346720393492, "id": 25}, {"weight": 2, "random_weight": 0.7525673897387858, "id": 35}], [{"weight": 3, "random_weight": 0.0599059595820578, "id": 7}, {"weight": 1, "random_weight": 0.8983408940467896, "id": 9}, {"weight": 2, "random_weight": 0.7464670110558034, "id": 25}], [{"weight": 3, "random_weight": 0.8332881002919894, "id": 7}, {"weight": 1, "random_weight": 0.8983408940467896, "id": 8}, {"weight": 2, "random_weight": 0.5813917300173511, "id": 12}, {"weight": 1, "random_weight": 0.8328826560426346, "id": 35}], [{"weight": 1, "random_weight": 0.2768620718841637, "id": 2}, {"weight": 2, "random_weight": 0.9538496201582164, "id": 11}, {"weight": 3, "random_weight": 0.8268306160664811, "id": 19}, {"weight": 1, "random_weight": 0.7273307731363565, "id": 21}, {"weight": 2, "random_weight": 0.3053226471727386, "id": 24}, {"weight": 1, "random_weight": 0.6010720690264834, "id": 32}], [{"weight": 2, "random_weight": 0.4499432538735334, "id": 2}, {"weight": 2, "random_weight": 0.9538496201582164, "id": 10}, {"weight": 3, "random_weight": 0.0744472215815919, "id": 18}, {"weight": 1, "random_weight": 0.8947020147838857, "id": 19}, {"weight": 1, "random_weight": 0.28645560584366625, "id": 23}, {"weight": 1, "random_weight": 0.27603346087808067, "id": 30}], [{"weight": 2, "random_weight": 0.5813917300173511, "id": 9}, {"weight": 2, "random_weight": 0.6868735112785154, "id": 13}, {"weight": 1, "random_weight": 0.6275637323430449, "id": 34}, {"weight": 1, "random_weight": 0.3365609168128887, "id": 35}], [{"weight": 2, "random_weight": 0.6868735112785154, "id": 12}, {"weight": 2, "random_weight": 0.033419779580162845, "id": 20}, {"weight": 2, "random_weight": 0.18211228803201263, "id": 34}], [{"weight": 2, "random_weight": 0.7126085539338973, "id": 20}, {"weight": 2, "random_weight": 0.6456949207052886, "id": 27}], [{"weight": 1, "random_weight": 0.25023985720041364, "id": 16}, {"weight": 1, "random_weight": 0.8166756808150959, "id": 17}, {"weight": 2, "random_weight": 0.2100547981851929, "id": 28}, {"weight": 2, "random_weight": 0.9401143440290469, "id": 31}], [{"weight": 1, "random_weight": 0.09681464848217858, "id": 4}, {"weight": 3, "random_weight": 0.3337698055068653, "id": 5}, {"weight": 1, "random_weight": 0.25023985720041364, "id": 15}, {"weight": 2, "random_weight": 0.5542197284596266, "id": 17}, {"weight": 1, "random_weight": 0.4637556011795231, "id": 31}], [{"weight": 2, "random_weight": 0.5887576246672509, "id": 4}, {"weight": 1, "random_weight": 0.8166756808150959, "id": 15}, {"weight": 2, "random_weight": 0.5542197284596266, "id": 16}], [{"weight": 3, "random_weight": 0.6542563026115856, "id": 0}, {"weight": 3, "random_weight": 0.0744472215815919, "id": 11}, {"weight": 1, "random_weight": 0.016931705557796772, "id": 19}, {"weight": 3, "random_weight": 0.1760022324369227, "id": 23}], [{"weight": 3, "random_weight": 0.8927129491958207, "id": 1}, {"weight": 3, "random_weight": 0.8268306160664811, "id": 10}, {"weight": 1, "random_weight": 0.8947020147838857, "id": 11}, {"weight": 1, "random_weight": 0.016931705557796772, "id": 18}, {"weight": 2, "random_weight": 0.594368529138143, "id": 21}], [{"weight": 2, "random_weight": 0.033419779580162845, "id": 13}, {"weight": 2, "random_weight": 0.7126085539338973, "id": 14}, {"weight": 2, "random_weight": 0.4893945035612287, "id": 26}], [{"weight": 1, "random_weight": 0.997264237292351, "id": 1}, {"weight": 1, "random_weight": 0.7273307731363565, "id": 10}, {"weight": 2, "random_weight": 0.594368529138143, "id": 19}, {"weight": 1, "random_weight": 0.7770773229790929, "id": 22}, {"weight": 1, "random_weight": 0.1570418975815604, "id": 24}], [{"weight": 1, "random_weight": 0.791213947805763, "id": 1}, {"weight": 1, "random_weight": 0.7770773229790929, "id": 21}, {"weight": 2, "random_weight": 0.6146019091253018, "id": 29}], [{"weight": 2, "random_weight": 0.3113562332374479, "id": 5}, {"weight": 2, "random_weight": 0.9239733433113994, "id": 6}, {"weight": 1, "random_weight": 0.28645560584366625, "id": 11}, {"weight": 3, "random_weight": 0.1760022324369227, "id": 18}, {"weight": 2, "random_weight": 0.6170428917012866, "id": 30}], [{"weight": 1, "random_weight": 0.9299058865723959, "id": 7}, {"weight": 2, "random_weight": 0.3053226471727386, "id": 10}, {"weight": 1, "random_weight": 0.1570418975815604, "id": 21}, {"weight": 3, "random_weight": 0.07120539658585967, "id": 25}, {"weight": 2, "random_weight": 0.5386713557472034, "id": 32}], [{"weight": 1, "random_weight": 0.1659346720393492, "id": 7}, {"weight": 2, "random_weight": 0.7464670110558034, "id": 8}, {"weight": 3, "random_weight": 0.07120539658585967, "id": 24}], [{"weight": 2, "random_weight": 0.4893945035612287, "id": 20}, {"weight": 2, "random_weight": 0.926567120028163, "id": 27}, {"weight": 1, "random_weight": 0.6320545909070723, "id": 31}, {"weight": 2, "random_weight": 0.7479851924849414, "id": 33}, {"weight": 1, "random_weight": 0.7711896564043459, "id": 34}], [{"weight": 2, "random_weight": 0.6456949207052886, "id": 14}, {"weight": 2, "random_weight": 0.926567120028163, "id": 26}, {"weight": 2, "random_weight": 0.4440976753456085, "id": 28}], [{"weight": 2, "random_weight": 0.2100547981851929, "id": 15}, {"weight": 2, "random_weight": 0.4440976753456085, "id": 27}, {"weight": 2, "random_weight": 0.4160399747010939, "id": 31}], [{"weight": 2, "random_weight": 0.3371371909800759, "id": 0}, {"weight": 3, "random_weight": 0.6150486541489923, "id": 1}, {"weight": 2, "random_weight": 0.6146019091253018, "id": 22}], [{"weight": 1, "random_weight": 0.8111349008220295, "id": 2}, {"weight": 3, "random_weight": 0.07230661312639264, "id": 3}, {"weight": 1, "random_weight": 0.6315446031067546, "id": 5}, {"weight": 1, "random_weight": 0.27603346087808067, "id": 11}, {"weight": 2, "random_weight": 0.6170428917012866, "id": 23}, {"weight": 2, "random_weight": 0.4576821651455021, "id": 31}], [{"weight": 1, "random_weight": 0.6770689097776663, "id": 3}, {"weight": 2, "random_weight": 0.9401143440290469, "id": 15}, {"weight": 1, "random_weight": 0.4637556011795231, "id": 16}, {"weight": 1, "random_weight": 0.6320545909070723, "id": 26}, {"weight": 2, "random_weight": 0.4160399747010939, "id": 28}, {"weight": 2, "random_weight": 0.4576821651455021, "id": 30}, {"weight": 1, "random_weight": 0.32525330995529467, "id": 33}], [{"weight": 3, "random_weight": 0.8397592408482065, "id": 2}, {"weight": 1, "random_weight": 0.6010720690264834, "id": 10}, {"weight": 2, "random_weight": 0.5386713557472034, "id": 24}, {"weight": 2, "random_weight": 0.850737753429645, "id": 35}], [{"weight": 4, "random_weight": 0.7056795009291281, "id": 3}, {"weight": 2, "random_weight": 0.7479851924849414, "id": 26}, {"weight": 1, "random_weight": 0.32525330995529467, "id": 31}, {"weight": 3, "random_weight": 0.9115982523934858, "id": 34}], [{"weight": 1, "random_weight": 0.9170912944015307, "id": 2}, {"weight": 1, "random_weight": 0.6275637323430449, "id": 12}, {"weight": 2, "random_weight": 0.18211228803201263, "id": 13}, {"weight": 1, "random_weight": 0.7711896564043459, "id": 26}, {"weight": 3, "random_weight": 0.9115982523934858, "id": 33}, {"weight": 2, "random_weight": 0.12742731994177237, "id": 35}], [{"weight": 2, "random_weight": 0.7525673897387858, "id": 7}, {"weight": 1, "random_weight": 0.8328826560426346, "id": 9}, {"weight": 1, "random_weight": 0.3365609168128887, "id": 12}, {"weight": 2, "random_weight": 0.850737753429645, "id": 32}, {"weight": 2, "random_weight": 0.12742731994177237, "id": 34}]]}