{"directed": false, "multigraph": false, "graph": [], "nodes": [{"graph": null, "nnodes": 4, "nedges": 4, "density": 0.6666666666666666, "atomics": "[16, 17, 4, 5]", "group_pop": 4, "init_part_assignment": 3, "id": 0}, {"graph": null, "nnodes": 4, "nedges": 4, "density": 0.6666666666666666, "atomics": "[26, 27, 14, 15]", "group_pop": 4, "init_part_assignment": 3, "id": 1}, {"graph": null, "nnodes": 4, "nedges": 3, "density": 0.5, "atomics": "[88, 89, 90, 77]", "group_pop": 4, "init_part_assignment": 11, "id": 2}, {"graph": null, "nnodes": 4, "nedges": 3, "density": 0.5, "atomics": "[66, 67, 68, 78]", "group_pop": 4, "init_part_assignment": 9, "id": 3}, {"graph": null, "nnodes": 4, "nedges": 3, "density": 0.5, "atomics": "[8, 9, 10, 20]", "group_pop": 4, "init_part_assignment": 2, "id": 4}, {"graph": null, "nnodes": 4, "nedges": 3, "density": 0.5, "atomics": "[11, 21, 22, 23]", "group_pop": 4, "init_part_assignment": 2, "id": 5}, {"graph": null, "nnodes": 4, "nedges": 4, "density": 0.6666666666666666, "atomics": "[18, 19, 6, 7]", "group_pop": 4, "init_part_assignment": 5, "id": 6}, {"graph": null, "nnodes": 4, "nedges": 4, "density": 0.6666666666666666, "atomics": "[120, 121, 132, 133]", "group_pop": 4, "init_part_assignment": 7, "id": 7}, {"graph": null, "nnodes": 4, "nedges": 4, "density": 0.6666666666666666, "atomics": "[122, 123, 134, 135]", "group_pop": 4, "init_part_assignment": 7, "id": 8}, {"graph": null, "nnodes": 4, "nedges": 3, "density": 0.5, "atomics": "[97, 108, 109, 110]", "group_pop": 4, "init_part_assignment": 7, "id": 9}, {"graph": null, "nnodes": 4, "nedges": 3, "density": 0.5, "atomics": "[50, 51, 52, 62]", "group_pop": 4, "init_part_assignment": 11, "id": 10}, {"graph": null, "nnodes": 4, "nedges": 3, "density": 0.5, "atomics": "[64, 65, 76, 63]", "group_pop": 4, "init_part_assignment": 11, "id": 11}, {"graph": null, "nnodes": 4, "nedges": 3, "density": 0.5, "atomics": "[136, 124, 112, 111]", "group_pop": 4, "init_part_assignment": 10, "id": 12}, {"graph": null, "nnodes": 4, "nedges": 3, "density": 0.5, "atomics": "[137, 138, 139, 125]", "group_pop": 4, "init_part_assignment": 0, "id": 13}, {"graph": null, "nnodes": 4, "nedges": 4, "density": 0.6666666666666666, "atomics": "[114, 115, 126, 127]", "group_pop": 4, "init_part_assignment": 0, "id": 14}, {"graph": null, "nnodes": 4, "nedges": 4, "density": 0.6666666666666666, "atomics": "[130, 131, 118, 119]", "group_pop": 4, "init_part_assignment": 1, "id": 15}, {"graph": null, "nnodes": 4, "nedges": 3, "density": 0.5, "atomics": "[140, 141, 142, 143]", "group_pop": 4, "init_part_assignment": 0, "id": 16}, {"graph": null, "nnodes": 4, "nedges": 3, "density": 0.5, "atomics": "[56, 57, 58, 44]", "group_pop": 4, "init_part_assignment": 9, "id": 17}, {"graph": null, "nnodes": 4, "nedges": 3, "density": 0.5, "atomics": "[59, 35, 47, 71]", "group_pop": 4, "init_part_assignment": 2, "id": 18}, {"graph": null, "nnodes": 4, "nedges": 4, "density": 0.6666666666666666, "atomics": "[33, 34, 45, 46]", "group_pop": 4, "init_part_assignment": 5, "id": 19}, {"graph": null, "nnodes": 4, "nedges": 3, "density": 0.5, "atomics": "[40, 28, 29, 30]", "group_pop": 4, "init_part_assignment": 6, "id": 20}, {"graph": null, "nnodes": 4, "nedges": 3, "density": 0.5, "atomics": "[36, 37, 38, 39]", "group_pop": 4, "init_part_assignment": 6, "id": 21}, {"graph": null, "nnodes": 4, "nedges": 4, "density": 0.6666666666666666, "atomics": "[128, 129, 116, 117]", "group_pop": 4, "init_part_assignment": 1, "id": 22}, {"graph": null, "nnodes": 4, "nedges": 4, "density": 0.6666666666666666, "atomics": "[24, 25, 12, 13]", "group_pop": 4, "init_part_assignment": 6, "id": 23}, {"graph": null, "nnodes": 4, "nedges": 3, "density": 0.5, "atomics": "[0, 1, 2, 3]", "group_pop": 4, "init_part_assignment": 3, "id": 24}, {"graph": null, "nnodes": 4, "nedges": 3, "density": 0.5, "atomics": "[32, 43, 31, 55]", "group_pop": 4, "init_part_assignment": 5, "id": 25}, {"graph": null, "nnodes": 4, "nedges": 4, "density": 0.6666666666666666, "atomics": "[41, 42, 53, 54]", "group_pop": 4, "init_part_assignment": 9, "id": 26}, {"graph": null, "nnodes": 4, "nedges": 3, "density": 0.5, "atomics": "[72, 96, 84, 85]", "group_pop": 4, "init_part_assignment": 4, "id": 27}, {"graph": null, "nnodes": 4, "nedges": 4, "density": 0.6666666666666666, "atomics": "[48, 49, 60, 61]", "group_pop": 4, "init_part_assignment": 4, "id": 28}, {"graph": null, "nnodes": 4, "nedges": 3, "density": 0.5, "atomics": "[82, 83, 69, 70]", "group_pop": 4, "init_part_assignment": 8, "id": 29}, {"graph": null, "nnodes": 4, "nedges": 4, "density": 0.6666666666666666, "atomics": "[106, 107, 94, 95]", "group_pop": 4, "init_part_assignment": 1, "id": 30}, {"graph": null, "nnodes": 4, "nedges": 4, "density": 0.6666666666666666, "atomics": "[104, 105, 92, 93]", "group_pop": 4, "init_part_assignment": 8, "id": 31}, {"graph": null, "nnodes": 4, "nedges": 3, "density": 0.5, "atomics": "[80, 81, 91, 79]", "group_pop": 4, "init_part_assignment": 8, "id": 32}, {"graph": null, "nnodes": 4, "nedges": 3, "density": 0.5, "atomics": "[73, 98, 74, 86]", "group_pop": 4, "init_part_assignment": 4, "id": 33}, {"graph": null, "nnodes": 4, "nedges": 3, "density": 0.5, "atomics": "[113, 101, 102, 103]", "group_pop": 4, "init_part_assignment": 10, "id": 34}, {"graph": null, "nnodes": 4, "nedges": 3, "density": 0.5, "atomics": "[99, 75, 100, 87]", "group_pop": 4, "init_part_assignment": 10, "id": 35}], "adjacency": [[{"weight": 1, "random_weight": 0.12312049490016963, "id": 1}, {"weight": 2, "random_weight": 0.2142120821357948, "id": 6}, {"weight": 2, "random_weight": 0.04083325501846624, "id": 20}, {"weight": 1, "random_weight": 0.7035738406208972, "id": 24}], [{"weight": 1, "random_weight": 0.12312049490016963, "id": 0}, {"weight": 1, "random_weight": 0.9021219148783951, "id": 20}, {"weight": 2, "random_weight": 0.6923480318400014, "id": 21}, {"weight": 2, "random_weight": 0.6988893489452032, "id": 23}, {"weight": 2, "random_weight": 0.8651217674041147, "id": 24}], [{"weight": 2, "random_weight": 0.885277860533014, "id": 3}, {"weight": 3, "random_weight": 0.10571982769025201, "id": 11}, {"weight": 1, "random_weight": 0.8815476718345687, "id": 32}, {"weight": 2, "random_weight": 0.6718739269147244, "id": 34}, {"weight": 2, "random_weight": 0.6626064740772115, "id": 35}], [{"weight": 2, "random_weight": 0.885277860533014, "id": 2}, {"weight": 1, "random_weight": 0.17392166197612313, "id": 11}, {"weight": 1, "random_weight": 0.7175475034254981, "id": 17}, {"weight": 1, "random_weight": 0.9636495374261034, "id": 25}, {"weight": 1, "random_weight": 0.3151197641978152, "id": 26}, {"weight": 1, "random_weight": 0.12493321564460758, "id": 29}, {"weight": 3, "random_weight": 0.8636203123843456, "id": 32}], [{"weight": 4, "random_weight": 0.2808296162131023, "id": 5}, {"weight": 2, "random_weight": 0.5199741713567894, "id": 6}, {"weight": 1, "random_weight": 0.631002098658236, "id": 25}], [{"weight": 4, "random_weight": 0.2808296162131023, "id": 4}, {"weight": 1, "random_weight": 0.4598943379016933, "id": 18}, {"weight": 2, "random_weight": 0.6434510600248271, "id": 19}], [{"weight": 2, "random_weight": 0.2142120821357948, "id": 0}, {"weight": 2, "random_weight": 0.5199741713567894, "id": 4}, {"weight": 1, "random_weight": 0.6507281469140843, "id": 20}, {"weight": 1, "random_weight": 0.49419011565273474, "id": 25}], [{"weight": 2, "random_weight": 0.7898213759455969, "id": 8}, {"weight": 2, "random_weight": 0.69199508135813, "id": 9}], [{"weight": 2, "random_weight": 0.7898213759455969, "id": 7}, {"weight": 1, "random_weight": 0.8234327118992353, "id": 9}, {"weight": 3, "random_weight": 0.3168035980192059, "id": 12}], [{"weight": 2, "random_weight": 0.69199508135813, "id": 7}, {"weight": 1, "random_weight": 0.8234327118992353, "id": 8}, {"weight": 1, "random_weight": 0.9903366687837678, "id": 12}, {"weight": 3, "random_weight": 0.044507207776332214, "id": 27}, {"weight": 2, "random_weight": 0.5973122858453491, "id": 33}], [{"weight": 3, "random_weight": 0.6575693034158048, "id": 11}, {"weight": 1, "random_weight": 0.14209323235927918, "id": 20}, {"weight": 2, "random_weight": 0.6331547805210218, "id": 21}, {"weight": 1, "random_weight": 0.9093490739898911, "id": 26}, {"weight": 2, "random_weight": 0.5169515494997743, "id": 28}, {"weight": 1, "random_weight": 0.9785574689446148, "id": 33}], [{"weight": 3, "random_weight": 0.10571982769025201, "id": 2}, {"weight": 1, "random_weight": 0.17392166197612313, "id": 3}, {"weight": 3, "random_weight": 0.6575693034158048, "id": 10}, {"weight": 1, "random_weight": 0.5445872770742058, "id": 26}, {"weight": 2, "random_weight": 0.3521958725512756, "id": 35}], [{"weight": 3, "random_weight": 0.3168035980192059, "id": 8}, {"weight": 1, "random_weight": 0.9903366687837678, "id": 9}, {"weight": 2, "random_weight": 0.5781350680342583, "id": 13}, {"weight": 1, "random_weight": 0.03959873335730246, "id": 34}, {"weight": 2, "random_weight": 0.036584490486788246, "id": 35}], [{"weight": 2, "random_weight": 0.5781350680342583, "id": 12}, {"weight": 3, "random_weight": 0.39868069740764067, "id": 14}, {"weight": 1, "random_weight": 0.3865418018818294, "id": 16}, {"weight": 1, "random_weight": 0.8212283780039373, "id": 34}], [{"weight": 3, "random_weight": 0.39868069740764067, "id": 13}, {"weight": 2, "random_weight": 0.5003872380583742, "id": 22}, {"weight": 3, "random_weight": 0.7860435580693819, "id": 34}], [{"weight": 2, "random_weight": 0.2379372231897232, "id": 16}, {"weight": 2, "random_weight": 0.5426832109257346, "id": 22}, {"weight": 2, "random_weight": 0.18683761441885283, "id": 30}], [{"weight": 1, "random_weight": 0.3865418018818294, "id": 13}, {"weight": 2, "random_weight": 0.2379372231897232, "id": 15}, {"weight": 2, "random_weight": 0.8923725493084276, "id": 22}], [{"weight": 1, "random_weight": 0.7175475034254981, "id": 3}, {"weight": 1, "random_weight": 0.439052525483568, "id": 18}, {"weight": 3, "random_weight": 0.9356579826346066, "id": 19}, {"weight": 3, "random_weight": 0.6695903768068772, "id": 25}, {"weight": 2, "random_weight": 0.91728633745361, "id": 29}], [{"weight": 1, "random_weight": 0.4598943379016933, "id": 5}, {"weight": 1, "random_weight": 0.439052525483568, "id": 17}, {"weight": 2, "random_weight": 0.5947953431550783, "id": 19}, {"weight": 2, "random_weight": 0.7808588281057056, "id": 29}], [{"weight": 2, "random_weight": 0.6434510600248271, "id": 5}, {"weight": 3, "random_weight": 0.9356579826346066, "id": 17}, {"weight": 2, "random_weight": 0.5947953431550783, "id": 18}, {"weight": 1, "random_weight": 0.22491527545763734, "id": 25}], [{"weight": 2, "random_weight": 0.04083325501846624, "id": 0}, {"weight": 1, "random_weight": 0.9021219148783951, "id": 1}, {"weight": 1, "random_weight": 0.6507281469140843, "id": 6}, {"weight": 1, "random_weight": 0.14209323235927918, "id": 10}, {"weight": 1, "random_weight": 0.48049756143560096, "id": 21}, {"weight": 1, "random_weight": 0.7774015719430278, "id": 25}, {"weight": 3, "random_weight": 0.7269780083617633, "id": 26}], [{"weight": 2, "random_weight": 0.6923480318400014, "id": 1}, {"weight": 2, "random_weight": 0.6331547805210218, "id": 10}, {"weight": 1, "random_weight": 0.48049756143560096, "id": 20}, {"weight": 2, "random_weight": 0.6007713152391461, "id": 23}, {"weight": 2, "random_weight": 0.810344143042703, "id": 28}], [{"weight": 2, "random_weight": 0.5003872380583742, "id": 14}, {"weight": 2, "random_weight": 0.5426832109257346, "id": 15}, {"weight": 2, "random_weight": 0.8923725493084276, "id": 16}, {"weight": 2, "random_weight": 0.3327582009600757, "id": 31}], [{"weight": 2, "random_weight": 0.6988893489452032, "id": 1}, {"weight": 2, "random_weight": 0.6007713152391461, "id": 21}, {"weight": 2, "random_weight": 0.8723402075089074, "id": 24}], [{"weight": 1, "random_weight": 0.7035738406208972, "id": 0}, {"weight": 2, "random_weight": 0.8651217674041147, "id": 1}, {"weight": 2, "random_weight": 0.8723402075089074, "id": 23}], [{"weight": 1, "random_weight": 0.9636495374261034, "id": 3}, {"weight": 1, "random_weight": 0.631002098658236, "id": 4}, {"weight": 1, "random_weight": 0.49419011565273474, "id": 6}, {"weight": 3, "random_weight": 0.6695903768068772, "id": 17}, {"weight": 1, "random_weight": 0.22491527545763734, "id": 19}, {"weight": 1, "random_weight": 0.7774015719430278, "id": 20}, {"weight": 2, "random_weight": 0.4650340031505482, "id": 26}], [{"weight": 1, "random_weight": 0.3151197641978152, "id": 3}, {"weight": 1, "random_weight": 0.9093490739898911, "id": 10}, {"weight": 1, "random_weight": 0.5445872770742058, "id": 11}, {"weight": 3, "random_weight": 0.7269780083617633, "id": 20}, {"weight": 2, "random_weight": 0.4650340031505482, "id": 25}], [{"weight": 3, "random_weight": 0.044507207776332214, "id": 9}, {"weight": 1, "random_weight": 0.2166939220411065, "id": 28}, {"weight": 3, "random_weight": 0.4020141078690068, "id": 33}], [{"weight": 2, "random_weight": 0.5169515494997743, "id": 10}, {"weight": 2, "random_weight": 0.810344143042703, "id": 21}, {"weight": 1, "random_weight": 0.2166939220411065, "id": 27}, {"weight": 1, "random_weight": 0.8437651625084354, "id": 33}], [{"weight": 1, "random_weight": 0.12493321564460758, "id": 3}, {"weight": 2, "random_weight": 0.91728633745361, "id": 17}, {"weight": 2, "random_weight": 0.7808588281057056, "id": 18}, {"weight": 2, "random_weight": 0.6435782513634025, "id": 30}, {"weight": 2, "random_weight": 0.050220745632572616, "id": 32}], [{"weight": 2, "random_weight": 0.18683761441885283, "id": 15}, {"weight": 2, "random_weight": 0.6435782513634025, "id": 29}, {"weight": 2, "random_weight": 0.5931137751667693, "id": 31}], [{"weight": 2, "random_weight": 0.3327582009600757, "id": 22}, {"weight": 2, "random_weight": 0.5931137751667693, "id": 30}, {"weight": 3, "random_weight": 0.4649041163083565, "id": 32}, {"weight": 1, "random_weight": 0.8696962743526758, "id": 34}], [{"weight": 1, "random_weight": 0.8815476718345687, "id": 2}, {"weight": 3, "random_weight": 0.8636203123843456, "id": 3}, {"weight": 2, "random_weight": 0.050220745632572616, "id": 29}, {"weight": 3, "random_weight": 0.4649041163083565, "id": 31}, {"weight": 1, "random_weight": 0.7026935146070308, "id": 34}], [{"weight": 2, "random_weight": 0.5973122858453491, "id": 9}, {"weight": 1, "random_weight": 0.9785574689446148, "id": 10}, {"weight": 3, "random_weight": 0.4020141078690068, "id": 27}, {"weight": 1, "random_weight": 0.8437651625084354, "id": 28}, {"weight": 3, "random_weight": 0.9249992008829793, "id": 35}], [{"weight": 2, "random_weight": 0.6718739269147244, "id": 2}, {"weight": 1, "random_weight": 0.03959873335730246, "id": 12}, {"weight": 1, "random_weight": 0.8212283780039373, "id": 13}, {"weight": 3, "random_weight": 0.7860435580693819, "id": 14}, {"weight": 1, "random_weight": 0.8696962743526758, "id": 31}, {"weight": 1, "random_weight": 0.7026935146070308, "id": 32}, {"weight": 1, "random_weight": 0.877795222313474, "id": 35}], [{"weight": 2, "random_weight": 0.6626064740772115, "id": 2}, {"weight": 2, "random_weight": 0.3521958725512756, "id": 11}, {"weight": 2, "random_weight": 0.036584490486788246, "id": 12}, {"weight": 3, "random_weight": 0.9249992008829793, "id": 33}, {"weight": 1, "random_weight": 0.877795222313474, "id": 34}]]}