{"directed": false, "multigraph": false, "graph": [], "nodes": [{"graph": null, "nnodes": 4, "nedges": 4, "density": 0.6666666666666666, "atomics": "[16, 17, 4, 5]", "group_pop": 4, "init_part_assignment": 3, "id": 0}, {"graph": null, "nnodes": 4, "nedges": 4, "density": 0.6666666666666666, "atomics": "[2, 3, 14, 15]", "group_pop": 4, "init_part_assignment": 3, "id": 1}, {"graph": null, "nnodes": 4, "nedges": 3, "density": 0.5, "atomics": "[88, 89, 90, 76]", "group_pop": 4, "init_part_assignment": 5, "id": 2}, {"graph": null, "nnodes": 4, "nedges": 3, "density": 0.5, "atomics": "[80, 77, 78, 79]", "group_pop": 4, "init_part_assignment": 10, "id": 3}, {"graph": null, "nnodes": 4, "nedges": 3, "density": 0.5, "atomics": "[8, 9, 6, 7]", "group_pop": 4, "init_part_assignment": 8, "id": 4}, {"graph": null, "nnodes": 4, "nedges": 3, "density": 0.5, "atomics": "[18, 19, 20, 21]", "group_pop": 4, "init_part_assignment": 8, "id": 5}, {"graph": null, "nnodes": 4, "nedges": 4, "density": 0.6666666666666666, "atomics": "[121, 122, 133, 134]", "group_pop": 4, "init_part_assignment": 4, "id": 6}, {"graph": null, "nnodes": 4, "nedges": 3, "density": 0.5, "atomics": "[120, 132, 108, 109]", "group_pop": 4, "init_part_assignment": 0, "id": 7}, {"graph": null, "nnodes": 4, "nedges": 4, "density": 0.6666666666666666, "atomics": "[98, 99, 110, 111]", "group_pop": 4, "init_part_assignment": 0, "id": 8}, {"graph": null, "nnodes": 4, "nedges": 3, "density": 0.5, "atomics": "[49, 50, 51, 61]", "group_pop": 4, "init_part_assignment": 1, "id": 9}, {"graph": null, "nnodes": 4, "nedges": 3, "density": 0.5, "atomics": "[64, 52, 62, 63]", "group_pop": 4, "init_part_assignment": 2, "id": 10}, {"graph": null, "nnodes": 4, "nedges": 4, "density": 0.6666666666666666, "atomics": "[136, 123, 124, 135]", "group_pop": 4, "init_part_assignment": 4, "id": 11}, {"graph": null, "nnodes": 4, "nedges": 3, "density": 0.5, "atomics": "[137, 138, 139, 140]", "group_pop": 4, "init_part_assignment": 4, "id": 12}, {"graph": null, "nnodes": 4, "nedges": 3, "density": 0.5, "atomics": "[114, 126, 125, 102]", "group_pop": 4, "init_part_assignment": 6, "id": 13}, {"graph": null, "nnodes": 4, "nedges": 4, "density": 0.6666666666666666, "atomics": "[130, 131, 118, 119]", "group_pop": 4, "init_part_assignment": 7, "id": 14}, {"graph": null, "nnodes": 4, "nedges": 3, "density": 0.5, "atomics": "[129, 141, 142, 143]", "group_pop": 4, "init_part_assignment": 7, "id": 15}, {"graph": null, "nnodes": 4, "nedges": 4, "density": 0.6666666666666666, "atomics": "[57, 58, 69, 70]", "group_pop": 4, "init_part_assignment": 9, "id": 16}, {"graph": null, "nnodes": 4, "nedges": 3, "density": 0.5, "atomics": "[59, 82, 83, 71]", "group_pop": 4, "init_part_assignment": 11, "id": 17}, {"graph": null, "nnodes": 4, "nedges": 4, "density": 0.6666666666666666, "atomics": "[34, 35, 46, 47]", "group_pop": 4, "init_part_assignment": 11, "id": 18}, {"graph": null, "nnodes": 4, "nedges": 4, "density": 0.6666666666666666, "atomics": "[40, 41, 28, 29]", "group_pop": 4, "init_part_assignment": 2, "id": 19}, {"graph": null, "nnodes": 4, "nedges": 4, "density": 0.6666666666666666, "atomics": "[26, 27, 38, 39]", "group_pop": 4, "init_part_assignment": 2, "id": 20}, {"graph": null, "nnodes": 4, "nedges": 4, "density": 0.6666666666666666, "atomics": "[128, 115, 116, 127]", "group_pop": 4, "init_part_assignment": 6, "id": 21}, {"graph": null, "nnodes": 4, "nedges": 4, "density": 0.6666666666666666, "atomics": "[24, 25, 36, 37]", "group_pop": 4, "init_part_assignment": 1, "id": 22}, {"graph": null, "nnodes": 4, "nedges": 4, "density": 0.6666666666666666, "atomics": "[0, 1, 12, 13]", "group_pop": 4, "init_part_assignment": 3, "id": 23}, {"graph": null, "nnodes": 4, "nedges": 4, "density": 0.6666666666666666, "atomics": "[32, 33, 44, 45]", "group_pop": 4, "init_part_assignment": 9, "id": 24}, {"graph": null, "nnodes": 4, "nedges": 4, "density": 0.6666666666666666, "atomics": "[42, 43, 30, 31]", "group_pop": 4, "init_part_assignment": 10, "id": 25}, {"graph": null, "nnodes": 4, "nedges": 4, "density": 0.6666666666666666, "atomics": "[10, 11, 22, 23]", "group_pop": 4, "init_part_assignment": 8, "id": 26}, {"graph": null, "nnodes": 4, "nedges": 3, "density": 0.5, "atomics": "[72, 73, 48, 60]", "group_pop": 4, "init_part_assignment": 1, "id": 27}, {"graph": null, "nnodes": 4, "nedges": 4, "density": 0.6666666666666666, "atomics": "[96, 97, 84, 85]", "group_pop": 4, "init_part_assignment": 5, "id": 28}, {"graph": null, "nnodes": 4, "nedges": 3, "density": 0.5, "atomics": "[81, 117, 93, 105]", "group_pop": 4, "init_part_assignment": 11, "id": 29}, {"graph": null, "nnodes": 4, "nedges": 4, "density": 0.6666666666666666, "atomics": "[106, 107, 94, 95]", "group_pop": 4, "init_part_assignment": 7, "id": 30}, {"graph": null, "nnodes": 4, "nedges": 4, "density": 0.6666666666666666, "atomics": "[56, 67, 68, 55]", "group_pop": 4, "init_part_assignment": 9, "id": 31}, {"graph": null, "nnodes": 4, "nedges": 4, "density": 0.6666666666666666, "atomics": "[65, 66, 53, 54]", "group_pop": 4, "init_part_assignment": 10, "id": 32}, {"graph": null, "nnodes": 4, "nedges": 4, "density": 0.6666666666666666, "atomics": "[74, 75, 86, 87]", "group_pop": 4, "init_part_assignment": 5, "id": 33}, {"graph": null, "nnodes": 4, "nedges": 4, "density": 0.6666666666666666, "atomics": "[104, 91, 92, 103]", "group_pop": 4, "init_part_assignment": 6, "id": 34}, {"graph": null, "nnodes": 4, "nedges": 4, "density": 0.6666666666666666, "atomics": "[112, 113, 100, 101]", "group_pop": 4, "init_part_assignment": 0, "id": 35}], "adjacency": [[{"weight": 2, "random_weight": 0.6057743729106884, "id": 1}, {"weight": 1, "random_weight": 0.014703611799293137, "id": 4}, {"weight": 1, "random_weight": 0.9486852805400893, "id": 5}, {"weight": 2, "random_weight": 0.710873479730478, "id": 19}], [{"weight": 2, "random_weight": 0.6057743729106884, "id": 0}, {"weight": 2, "random_weight": 0.9736211881500276, "id": 20}, {"weight": 2, "random_weight": 0.9485526511296856, "id": 23}], [{"weight": 3, "random_weight": 0.9252372142482331, "id": 3}, {"weight": 1, "random_weight": 0.7049618697788627, "id": 10}, {"weight": 1, "random_weight": 0.6050883368433327, "id": 13}, {"weight": 2, "random_weight": 0.062221193750726655, "id": 33}, {"weight": 1, "random_weight": 0.10406441830532331, "id": 34}, {"weight": 2, "random_weight": 0.9060300610997295, "id": 35}], [{"weight": 3, "random_weight": 0.9252372142482331, "id": 2}, {"weight": 1, "random_weight": 0.7734800282740276, "id": 29}, {"weight": 2, "random_weight": 0.6821795616466885, "id": 31}, {"weight": 2, "random_weight": 0.9744649300729714, "id": 32}, {"weight": 2, "random_weight": 0.17847968657745927, "id": 34}], [{"weight": 1, "random_weight": 0.014703611799293137, "id": 0}, {"weight": 4, "random_weight": 0.56889415705882, "id": 5}, {"weight": 1, "random_weight": 0.40787062073349933, "id": 26}], [{"weight": 1, "random_weight": 0.9486852805400893, "id": 0}, {"weight": 4, "random_weight": 0.56889415705882, "id": 4}, {"weight": 2, "random_weight": 0.35941781083683577, "id": 24}, {"weight": 2, "random_weight": 0.22488812792646928, "id": 25}, {"weight": 1, "random_weight": 0.5887188944849838, "id": 26}], [{"weight": 3, "random_weight": 0.8912675356512079, "id": 7}, {"weight": 1, "random_weight": 0.7220146661081549, "id": 8}, {"weight": 2, "random_weight": 0.0778994606599146, "id": 11}], [{"weight": 3, "random_weight": 0.8912675356512079, "id": 6}, {"weight": 1, "random_weight": 0.7441407114386169, "id": 8}, {"weight": 2, "random_weight": 0.9051249020087179, "id": 28}], [{"weight": 1, "random_weight": 0.7220146661081549, "id": 6}, {"weight": 1, "random_weight": 0.7441407114386169, "id": 7}, {"weight": 1, "random_weight": 0.8823527746405382, "id": 11}, {"weight": 1, "random_weight": 0.8222859385631002, "id": 28}, {"weight": 2, "random_weight": 0.8265628636602358, "id": 33}, {"weight": 2, "random_weight": 0.5209485078731639, "id": 35}], [{"weight": 4, "random_weight": 0.3221065761949289, "id": 10}, {"weight": 2, "random_weight": 0.043554395010106606, "id": 20}, {"weight": 1, "random_weight": 0.3120112702267749, "id": 22}, {"weight": 3, "random_weight": 0.45447133824622865, "id": 27}], [{"weight": 1, "random_weight": 0.7049618697788627, "id": 2}, {"weight": 4, "random_weight": 0.3221065761949289, "id": 9}, {"weight": 1, "random_weight": 0.5295213591431931, "id": 19}, {"weight": 2, "random_weight": 0.8982961048497984, "id": 32}, {"weight": 2, "random_weight": 0.5583732656585917, "id": 33}], [{"weight": 2, "random_weight": 0.0778994606599146, "id": 6}, {"weight": 1, "random_weight": 0.8823527746405382, "id": 8}, {"weight": 1, "random_weight": 0.2335454305775746, "id": 12}, {"weight": 1, "random_weight": 0.38365797469154916, "id": 13}, {"weight": 1, "random_weight": 0.2830368294112243, "id": 35}], [{"weight": 1, "random_weight": 0.2335454305775746, "id": 11}, {"weight": 2, "random_weight": 0.17911250574627136, "id": 13}, {"weight": 1, "random_weight": 0.33076661252707795, "id": 15}, {"weight": 2, "random_weight": 0.38386761852949103, "id": 21}], [{"weight": 1, "random_weight": 0.6050883368433327, "id": 2}, {"weight": 1, "random_weight": 0.38365797469154916, "id": 11}, {"weight": 2, "random_weight": 0.17911250574627136, "id": 12}, {"weight": 2, "random_weight": 0.47997302222300753, "id": 21}, {"weight": 1, "random_weight": 0.8589880879581544, "id": 34}, {"weight": 3, "random_weight": 0.294643841209261, "id": 35}], [{"weight": 3, "random_weight": 0.7168428784657079, "id": 15}, {"weight": 1, "random_weight": 0.985553490895257, "id": 29}, {"weight": 2, "random_weight": 0.45980384746892, "id": 30}], [{"weight": 1, "random_weight": 0.33076661252707795, "id": 12}, {"weight": 3, "random_weight": 0.7168428784657079, "id": 14}, {"weight": 1, "random_weight": 0.5468923042246763, "id": 21}, {"weight": 1, "random_weight": 0.862253207060231, "id": 29}], [{"weight": 3, "random_weight": 0.6960916712730044, "id": 17}, {"weight": 1, "random_weight": 0.37596340245264503, "id": 18}, {"weight": 1, "random_weight": 0.10279138286589962, "id": 24}, {"weight": 1, "random_weight": 0.9867412517716617, "id": 29}, {"weight": 2, "random_weight": 0.1421843887183688, "id": 31}], [{"weight": 3, "random_weight": 0.6960916712730044, "id": 16}, {"weight": 1, "random_weight": 0.8417256134173207, "id": 18}, {"weight": 1, "random_weight": 0.5865758029064677, "id": 29}, {"weight": 2, "random_weight": 0.3810146231808066, "id": 30}], [{"weight": 1, "random_weight": 0.37596340245264503, "id": 16}, {"weight": 1, "random_weight": 0.8417256134173207, "id": 17}, {"weight": 2, "random_weight": 0.028178350749854864, "id": 24}, {"weight": 2, "random_weight": 0.7468775878716617, "id": 26}], [{"weight": 2, "random_weight": 0.710873479730478, "id": 0}, {"weight": 1, "random_weight": 0.5295213591431931, "id": 10}, {"weight": 2, "random_weight": 0.14083426713872216, "id": 20}, {"weight": 2, "random_weight": 0.1736649552796823, "id": 25}, {"weight": 1, "random_weight": 0.6759163041328532, "id": 32}], [{"weight": 2, "random_weight": 0.9736211881500276, "id": 1}, {"weight": 2, "random_weight": 0.043554395010106606, "id": 9}, {"weight": 2, "random_weight": 0.14083426713872216, "id": 19}, {"weight": 2, "random_weight": 0.7979288851485035, "id": 22}], [{"weight": 2, "random_weight": 0.38386761852949103, "id": 12}, {"weight": 2, "random_weight": 0.47997302222300753, "id": 13}, {"weight": 1, "random_weight": 0.5468923042246763, "id": 15}, {"weight": 1, "random_weight": 0.6011716287777521, "id": 29}, {"weight": 2, "random_weight": 0.2721896747632526, "id": 34}], [{"weight": 1, "random_weight": 0.3120112702267749, "id": 9}, {"weight": 2, "random_weight": 0.7979288851485035, "id": 20}, {"weight": 2, "random_weight": 0.955007010946282, "id": 23}, {"weight": 1, "random_weight": 0.6428999641215507, "id": 27}], [{"weight": 2, "random_weight": 0.9485526511296856, "id": 1}, {"weight": 2, "random_weight": 0.955007010946282, "id": 22}], [{"weight": 2, "random_weight": 0.35941781083683577, "id": 5}, {"weight": 1, "random_weight": 0.10279138286589962, "id": 16}, {"weight": 2, "random_weight": 0.028178350749854864, "id": 18}, {"weight": 2, "random_weight": 0.6129574551866516, "id": 25}, {"weight": 1, "random_weight": 0.8458478237331165, "id": 31}], [{"weight": 2, "random_weight": 0.22488812792646928, "id": 5}, {"weight": 2, "random_weight": 0.1736649552796823, "id": 19}, {"weight": 2, "random_weight": 0.6129574551866516, "id": 24}, {"weight": 1, "random_weight": 0.6743945152896146, "id": 31}, {"weight": 1, "random_weight": 0.5049686904512524, "id": 32}], [{"weight": 1, "random_weight": 0.40787062073349933, "id": 4}, {"weight": 1, "random_weight": 0.5887188944849838, "id": 5}, {"weight": 2, "random_weight": 0.7468775878716617, "id": 18}], [{"weight": 3, "random_weight": 0.45447133824622865, "id": 9}, {"weight": 1, "random_weight": 0.6428999641215507, "id": 22}, {"weight": 2, "random_weight": 0.9068790428735665, "id": 28}, {"weight": 1, "random_weight": 0.5949133229086938, "id": 33}], [{"weight": 2, "random_weight": 0.9051249020087179, "id": 7}, {"weight": 1, "random_weight": 0.8222859385631002, "id": 8}, {"weight": 2, "random_weight": 0.9068790428735665, "id": 27}, {"weight": 1, "random_weight": 0.8246859287145973, "id": 33}], [{"weight": 1, "random_weight": 0.7734800282740276, "id": 3}, {"weight": 1, "random_weight": 0.985553490895257, "id": 14}, {"weight": 1, "random_weight": 0.862253207060231, "id": 15}, {"weight": 1, "random_weight": 0.9867412517716617, "id": 16}, {"weight": 1, "random_weight": 0.5865758029064677, "id": 17}, {"weight": 1, "random_weight": 0.6011716287777521, "id": 21}, {"weight": 2, "random_weight": 0.4717849978910629, "id": 30}, {"weight": 2, "random_weight": 0.45553271672297924, "id": 34}], [{"weight": 2, "random_weight": 0.45980384746892, "id": 14}, {"weight": 2, "random_weight": 0.3810146231808066, "id": 17}, {"weight": 2, "random_weight": 0.4717849978910629, "id": 29}], [{"weight": 2, "random_weight": 0.6821795616466885, "id": 3}, {"weight": 2, "random_weight": 0.1421843887183688, "id": 16}, {"weight": 1, "random_weight": 0.8458478237331165, "id": 24}, {"weight": 1, "random_weight": 0.6743945152896146, "id": 25}, {"weight": 2, "random_weight": 0.6220875868695003, "id": 32}], [{"weight": 2, "random_weight": 0.9744649300729714, "id": 3}, {"weight": 2, "random_weight": 0.8982961048497984, "id": 10}, {"weight": 1, "random_weight": 0.6759163041328532, "id": 19}, {"weight": 1, "random_weight": 0.5049686904512524, "id": 25}, {"weight": 2, "random_weight": 0.6220875868695003, "id": 31}], [{"weight": 2, "random_weight": 0.062221193750726655, "id": 2}, {"weight": 2, "random_weight": 0.8265628636602358, "id": 8}, {"weight": 2, "random_weight": 0.5583732656585917, "id": 10}, {"weight": 1, "random_weight": 0.5949133229086938, "id": 27}, {"weight": 1, "random_weight": 0.8246859287145973, "id": 28}], [{"weight": 1, "random_weight": 0.10406441830532331, "id": 2}, {"weight": 2, "random_weight": 0.17847968657745927, "id": 3}, {"weight": 1, "random_weight": 0.8589880879581544, "id": 13}, {"weight": 2, "random_weight": 0.2721896747632526, "id": 21}, {"weight": 2, "random_weight": 0.45553271672297924, "id": 29}], [{"weight": 2, "random_weight": 0.9060300610997295, "id": 2}, {"weight": 2, "random_weight": 0.5209485078731639, "id": 8}, {"weight": 1, "random_weight": 0.2830368294112243, "id": 11}, {"weight": 3, "random_weight": 0.294643841209261, "id": 13}]]}