{"directed": false, "multigraph": false, "graph": [], "nodes": [{"graph": null, "nnodes": 4, "nedges": 4, "density": 0.6666666666666666, "atomics": "[16, 17, 4, 5]", "group_pop": 4, "init_part_assignment": 3, "id": 0}, {"graph": null, "nnodes": 4, "nedges": 4, "density": 0.6666666666666666, "atomics": "[26, 27, 14, 15]", "group_pop": 4, "init_part_assignment": 0, "id": 1}, {"graph": null, "nnodes": 4, "nedges": 4, "density": 0.6666666666666666, "atomics": "[88, 89, 76, 77]", "group_pop": 4, "init_part_assignment": 9, "id": 2}, {"graph": null, "nnodes": 4, "nedges": 4, "density": 0.6666666666666666, "atomics": "[90, 91, 78, 79]", "group_pop": 4, "init_part_assignment": 9, "id": 3}, {"graph": null, "nnodes": 4, "nedges": 4, "density": 0.6666666666666666, "atomics": "[8, 9, 20, 21]", "group_pop": 4, "init_part_assignment": 1, "id": 4}, {"graph": null, "nnodes": 4, "nedges": 4, "density": 0.6666666666666666, "atomics": "[18, 19, 6, 7]", "group_pop": 4, "init_part_assignment": 1, "id": 5}, {"graph": null, "nnodes": 4, "nedges": 4, "density": 0.6666666666666666, "atomics": "[120, 121, 132, 133]", "group_pop": 4, "init_part_assignment": 7, "id": 6}, {"graph": null, "nnodes": 4, "nedges": 4, "density": 0.6666666666666666, "atomics": "[122, 123, 134, 135]", "group_pop": 4, "init_part_assignment": 7, "id": 7}, {"graph": null, "nnodes": 4, "nedges": 4, "density": 0.6666666666666666, "atomics": "[96, 97, 108, 109]", "group_pop": 4, "init_part_assignment": 8, "id": 8}, {"graph": null, "nnodes": 4, "nedges": 4, "density": 0.6666666666666666, "atomics": "[98, 99, 110, 111]", "group_pop": 4, "init_part_assignment": 8, "id": 9}, {"graph": null, "nnodes": 4, "nedges": 4, "density": 0.6666666666666666, "atomics": "[50, 51, 38, 39]", "group_pop": 4, "init_part_assignment": 5, "id": 10}, {"graph": null, "nnodes": 4, "nedges": 3, "density": 0.5, "atomics": "[40, 64, 52, 28]", "group_pop": 4, "init_part_assignment": 5, "id": 11}, {"graph": null, "nnodes": 4, "nedges": 3, "density": 0.5, "atomics": "[60, 61, 62, 63]", "group_pop": 4, "init_part_assignment": 6, "id": 12}, {"graph": null, "nnodes": 4, "nedges": 3, "density": 0.5, "atomics": "[136, 137, 138, 124]", "group_pop": 4, "init_part_assignment": 7, "id": 13}, {"graph": null, "nnodes": 4, "nedges": 4, "density": 0.6666666666666666, "atomics": "[113, 114, 125, 126]", "group_pop": 4, "init_part_assignment": 2, "id": 14}, {"graph": null, "nnodes": 4, "nedges": 3, "density": 0.5, "atomics": "[130, 107, 131, 119]", "group_pop": 4, "init_part_assignment": 11, "id": 15}, {"graph": null, "nnodes": 4, "nedges": 3, "density": 0.5, "atomics": "[129, 141, 142, 143]", "group_pop": 4, "init_part_assignment": 2, "id": 16}, {"graph": null, "nnodes": 4, "nedges": 3, "density": 0.5, "atomics": "[81, 58, 69, 70]", "group_pop": 4, "init_part_assignment": 4, "id": 17}, {"graph": null, "nnodes": 4, "nedges": 3, "density": 0.5, "atomics": "[59, 82, 83, 71]", "group_pop": 4, "init_part_assignment": 10, "id": 18}, {"graph": null, "nnodes": 4, "nedges": 4, "density": 0.6666666666666666, "atomics": "[34, 35, 46, 47]", "group_pop": 4, "init_part_assignment": 4, "id": 19}, {"graph": null, "nnodes": 4, "nedges": 4, "density": 0.6666666666666666, "atomics": "[128, 139, 140, 127]", "group_pop": 4, "init_part_assignment": 2, "id": 20}, {"graph": null, "nnodes": 4, "nedges": 4, "density": 0.6666666666666666, "atomics": "[24, 25, 12, 13]", "group_pop": 4, "init_part_assignment": 0, "id": 21}, {"graph": null, "nnodes": 4, "nedges": 3, "density": 0.5, "atomics": "[0, 1, 2, 3]", "group_pop": 4, "init_part_assignment": 0, "id": 22}, {"graph": null, "nnodes": 4, "nedges": 4, "density": 0.6666666666666666, "atomics": "[32, 43, 44, 31]", "group_pop": 4, "init_part_assignment": 3, "id": 23}, {"graph": null, "nnodes": 4, "nedges": 4, "density": 0.6666666666666666, "atomics": "[41, 42, 29, 30]", "group_pop": 4, "init_part_assignment": 3, "id": 24}, {"graph": null, "nnodes": 4, "nedges": 4, "density": 0.6666666666666666, "atomics": "[10, 11, 22, 23]", "group_pop": 4, "init_part_assignment": 1, "id": 25}, {"graph": null, "nnodes": 4, "nedges": 3, "density": 0.5, "atomics": "[56, 33, 45, 57]", "group_pop": 4, "init_part_assignment": 4, "id": 26}, {"graph": null, "nnodes": 4, "nedges": 4, "density": 0.6666666666666666, "atomics": "[72, 73, 84, 85]", "group_pop": 4, "init_part_assignment": 6, "id": 27}, {"graph": null, "nnodes": 4, "nedges": 4, "density": 0.6666666666666666, "atomics": "[48, 49, 36, 37]", "group_pop": 4, "init_part_assignment": 5, "id": 28}, {"graph": null, "nnodes": 4, "nedges": 4, "density": 0.6666666666666666, "atomics": "[105, 106, 117, 118]", "group_pop": 4, "init_part_assignment": 11, "id": 29}, {"graph": null, "nnodes": 4, "nedges": 3, "density": 0.5, "atomics": "[92, 93, 94, 95]", "group_pop": 4, "init_part_assignment": 10, "id": 30}, {"graph": null, "nnodes": 4, "nedges": 3, "density": 0.5, "atomics": "[80, 67, 68, 55]", "group_pop": 4, "init_part_assignment": 10, "id": 31}, {"graph": null, "nnodes": 4, "nedges": 4, "density": 0.6666666666666666, "atomics": "[65, 66, 53, 54]", "group_pop": 4, "init_part_assignment": 9, "id": 32}, {"graph": null, "nnodes": 4, "nedges": 4, "density": 0.6666666666666666, "atomics": "[74, 75, 86, 87]", "group_pop": 4, "init_part_assignment": 6, "id": 33}, {"graph": null, "nnodes": 4, "nedges": 4, "density": 0.6666666666666666, "atomics": "[104, 115, 116, 103]", "group_pop": 4, "init_part_assignment": 11, "id": 34}, {"graph": null, "nnodes": 4, "nedges": 3, "density": 0.5, "atomics": "[112, 100, 101, 102]", "group_pop": 4, "init_part_assignment": 8, "id": 35}], "adjacency": [[{"weight": 1, "random_weight": 0.12274676141777208, "id": 1}, {"weight": 2, "random_weight": 0.46564737454344973, "id": 5}, {"weight": 1, "random_weight": 0.9954538026852439, "id": 11}, {"weight": 1, "random_weight": 0.30150661939546564, "id": 22}, {"weight": 1, "random_weight": 0.4125935904144642, "id": 24}], [{"weight": 1, "random_weight": 0.12274676141777208, "id": 0}, {"weight": 2, "random_weight": 0.7865349428315636, "id": 10}, {"weight": 1, "random_weight": 0.41322286600486, "id": 11}, {"weight": 2, "random_weight": 0.39045830582396057, "id": 21}, {"weight": 2, "random_weight": 0.2144357372733875, "id": 22}], [{"weight": 2, "random_weight": 0.866497357529707, "id": 3}, {"weight": 1, "random_weight": 0.7495200256624479, "id": 11}, {"weight": 1, "random_weight": 0.2735402490085447, "id": 32}, {"weight": 2, "random_weight": 0.5031343099772577, "id": 33}, {"weight": 2, "random_weight": 0.9250760524353306, "id": 35}], [{"weight": 2, "random_weight": 0.866497357529707, "id": 2}, {"weight": 1, "random_weight": 0.9125157772019626, "id": 30}, {"weight": 2, "random_weight": 0.12810689019012367, "id": 31}, {"weight": 1, "random_weight": 0.007690036175385995, "id": 32}, {"weight": 1, "random_weight": 0.8125469734144846, "id": 34}, {"weight": 1, "random_weight": 0.22225579754786684, "id": 35}], [{"weight": 2, "random_weight": 0.12966422771495822, "id": 5}, {"weight": 1, "random_weight": 0.5115017873207778, "id": 23}, {"weight": 2, "random_weight": 0.7481451315504994, "id": 25}, {"weight": 1, "random_weight": 0.02879208020132573, "id": 26}], [{"weight": 2, "random_weight": 0.46564737454344973, "id": 0}, {"weight": 2, "random_weight": 0.12966422771495822, "id": 4}, {"weight": 1, "random_weight": 0.37738297300511847, "id": 23}, {"weight": 1, "random_weight": 0.7584598615699948, "id": 24}], [{"weight": 2, "random_weight": 0.786590815099739, "id": 7}, {"weight": 2, "random_weight": 0.868800948574693, "id": 8}], [{"weight": 2, "random_weight": 0.786590815099739, "id": 6}, {"weight": 2, "random_weight": 0.007394988187320428, "id": 9}, {"weight": 2, "random_weight": 0.37276460014278534, "id": 13}], [{"weight": 2, "random_weight": 0.868800948574693, "id": 6}, {"weight": 2, "random_weight": 0.6843620709950504, "id": 9}, {"weight": 2, "random_weight": 0.6082412642043695, "id": 27}], [{"weight": 2, "random_weight": 0.007394988187320428, "id": 7}, {"weight": 2, "random_weight": 0.6843620709950504, "id": 8}, {"weight": 2, "random_weight": 0.2393711485822545, "id": 33}, {"weight": 2, "random_weight": 0.07415845757164807, "id": 35}], [{"weight": 2, "random_weight": 0.7865349428315636, "id": 1}, {"weight": 2, "random_weight": 0.1497020914168139, "id": 11}, {"weight": 2, "random_weight": 0.6253973881076476, "id": 12}, {"weight": 2, "random_weight": 0.5323777349107028, "id": 28}], [{"weight": 1, "random_weight": 0.9954538026852439, "id": 0}, {"weight": 1, "random_weight": 0.41322286600486, "id": 1}, {"weight": 1, "random_weight": 0.7495200256624479, "id": 2}, {"weight": 2, "random_weight": 0.1497020914168139, "id": 10}, {"weight": 1, "random_weight": 0.9177981183009873, "id": 12}, {"weight": 2, "random_weight": 0.9744260790301595, "id": 24}, {"weight": 2, "random_weight": 0.5798722981790262, "id": 32}], [{"weight": 2, "random_weight": 0.6253973881076476, "id": 10}, {"weight": 1, "random_weight": 0.9177981183009873, "id": 11}, {"weight": 2, "random_weight": 0.526070108244606, "id": 27}, {"weight": 2, "random_weight": 0.10680736849260875, "id": 28}, {"weight": 2, "random_weight": 0.9914829607118939, "id": 33}], [{"weight": 2, "random_weight": 0.37276460014278534, "id": 7}, {"weight": 3, "random_weight": 0.7115812550415536, "id": 14}, {"weight": 1, "random_weight": 0.94626370474549, "id": 20}, {"weight": 1, "random_weight": 0.6414357472516329, "id": 35}], [{"weight": 3, "random_weight": 0.7115812550415536, "id": 13}, {"weight": 1, "random_weight": 0.08825176945765512, "id": 20}, {"weight": 1, "random_weight": 0.35295154714790533, "id": 34}, {"weight": 3, "random_weight": 0.46354897390476746, "id": 35}], [{"weight": 3, "random_weight": 0.9161631408206561, "id": 16}, {"weight": 3, "random_weight": 0.1646626643551532, "id": 29}, {"weight": 1, "random_weight": 0.8333206766335296, "id": 30}], [{"weight": 3, "random_weight": 0.9161631408206561, "id": 15}, {"weight": 2, "random_weight": 0.3730258615723282, "id": 20}, {"weight": 1, "random_weight": 0.7977353888192957, "id": 29}], [{"weight": 4, "random_weight": 0.7836523960901012, "id": 18}, {"weight": 1, "random_weight": 0.5312798217541547, "id": 19}, {"weight": 2, "random_weight": 0.26163156839431156, "id": 26}, {"weight": 1, "random_weight": 0.8811377361837215, "id": 30}, {"weight": 2, "random_weight": 0.8531433202611598, "id": 31}], [{"weight": 4, "random_weight": 0.7836523960901012, "id": 17}, {"weight": 1, "random_weight": 0.5300676213274946, "id": 19}, {"weight": 2, "random_weight": 0.7311657345141984, "id": 30}], [{"weight": 1, "random_weight": 0.5312798217541547, "id": 17}, {"weight": 1, "random_weight": 0.5300676213274946, "id": 18}, {"weight": 2, "random_weight": 0.8587678170277436, "id": 25}, {"weight": 2, "random_weight": 0.18932342982684702, "id": 26}], [{"weight": 1, "random_weight": 0.94626370474549, "id": 13}, {"weight": 1, "random_weight": 0.08825176945765512, "id": 14}, {"weight": 2, "random_weight": 0.3730258615723282, "id": 16}, {"weight": 2, "random_weight": 0.8666574705268475, "id": 34}], [{"weight": 2, "random_weight": 0.39045830582396057, "id": 1}, {"weight": 2, "random_weight": 0.49169118430946024, "id": 22}, {"weight": 2, "random_weight": 0.818839945288668, "id": 28}], [{"weight": 1, "random_weight": 0.30150661939546564, "id": 0}, {"weight": 2, "random_weight": 0.2144357372733875, "id": 1}, {"weight": 2, "random_weight": 0.49169118430946024, "id": 21}], [{"weight": 1, "random_weight": 0.5115017873207778, "id": 4}, {"weight": 1, "random_weight": 0.37738297300511847, "id": 5}, {"weight": 2, "random_weight": 0.4226864053453324, "id": 24}, {"weight": 3, "random_weight": 0.5283403883332659, "id": 26}, {"weight": 1, "random_weight": 0.7237148612268716, "id": 31}], [{"weight": 1, "random_weight": 0.4125935904144642, "id": 0}, {"weight": 1, "random_weight": 0.7584598615699948, "id": 5}, {"weight": 2, "random_weight": 0.9744260790301595, "id": 11}, {"weight": 2, "random_weight": 0.4226864053453324, "id": 23}, {"weight": 2, "random_weight": 0.186381657879243, "id": 32}], [{"weight": 2, "random_weight": 0.7481451315504994, "id": 4}, {"weight": 2, "random_weight": 0.8587678170277436, "id": 19}], [{"weight": 1, "random_weight": 0.02879208020132573, "id": 4}, {"weight": 2, "random_weight": 0.26163156839431156, "id": 17}, {"weight": 2, "random_weight": 0.18932342982684702, "id": 19}, {"weight": 3, "random_weight": 0.5283403883332659, "id": 23}, {"weight": 2, "random_weight": 0.6647094454656354, "id": 31}], [{"weight": 2, "random_weight": 0.6082412642043695, "id": 8}, {"weight": 2, "random_weight": 0.526070108244606, "id": 12}, {"weight": 2, "random_weight": 0.4875876607018841, "id": 33}], [{"weight": 2, "random_weight": 0.5323777349107028, "id": 10}, {"weight": 2, "random_weight": 0.10680736849260875, "id": 12}, {"weight": 2, "random_weight": 0.818839945288668, "id": 21}], [{"weight": 3, "random_weight": 0.1646626643551532, "id": 15}, {"weight": 1, "random_weight": 0.7977353888192957, "id": 16}, {"weight": 2, "random_weight": 0.9796762760804311, "id": 30}, {"weight": 2, "random_weight": 0.26341909804654495, "id": 34}], [{"weight": 1, "random_weight": 0.9125157772019626, "id": 3}, {"weight": 1, "random_weight": 0.8333206766335296, "id": 15}, {"weight": 1, "random_weight": 0.8811377361837215, "id": 17}, {"weight": 2, "random_weight": 0.7311657345141984, "id": 18}, {"weight": 2, "random_weight": 0.9796762760804311, "id": 29}, {"weight": 1, "random_weight": 0.21833565613719474, "id": 31}, {"weight": 1, "random_weight": 0.32919477279204457, "id": 34}], [{"weight": 2, "random_weight": 0.12810689019012367, "id": 3}, {"weight": 2, "random_weight": 0.8531433202611598, "id": 17}, {"weight": 1, "random_weight": 0.7237148612268716, "id": 23}, {"weight": 2, "random_weight": 0.6647094454656354, "id": 26}, {"weight": 1, "random_weight": 0.21833565613719474, "id": 30}, {"weight": 2, "random_weight": 0.40971797302280677, "id": 32}], [{"weight": 1, "random_weight": 0.2735402490085447, "id": 2}, {"weight": 1, "random_weight": 0.007690036175385995, "id": 3}, {"weight": 2, "random_weight": 0.5798722981790262, "id": 11}, {"weight": 2, "random_weight": 0.186381657879243, "id": 24}, {"weight": 2, "random_weight": 0.40971797302280677, "id": 31}], [{"weight": 2, "random_weight": 0.5031343099772577, "id": 2}, {"weight": 2, "random_weight": 0.2393711485822545, "id": 9}, {"weight": 2, "random_weight": 0.9914829607118939, "id": 12}, {"weight": 2, "random_weight": 0.4875876607018841, "id": 27}], [{"weight": 1, "random_weight": 0.8125469734144846, "id": 3}, {"weight": 1, "random_weight": 0.35295154714790533, "id": 14}, {"weight": 2, "random_weight": 0.8666574705268475, "id": 20}, {"weight": 2, "random_weight": 0.26341909804654495, "id": 29}, {"weight": 1, "random_weight": 0.32919477279204457, "id": 30}, {"weight": 1, "random_weight": 0.39941537528186877, "id": 35}], [{"weight": 2, "random_weight": 0.9250760524353306, "id": 2}, {"weight": 1, "random_weight": 0.22225579754786684, "id": 3}, {"weight": 2, "random_weight": 0.07415845757164807, "id": 9}, {"weight": 1, "random_weight": 0.6414357472516329, "id": 13}, {"weight": 3, "random_weight": 0.46354897390476746, "id": 14}, {"weight": 1, "random_weight": 0.39941537528186877, "id": 34}]]}