{"directed": false, "multigraph": false, "graph": [], "nodes": [{"graph": null, "nnodes": 4, "nedges": 4, "density": 0.6666666666666666, "atomics": "[16, 3, 4, 15]", "group_pop": 4, "init_part_assignment": 5, "id": 0}, {"graph": null, "nnodes": 4, "nedges": 4, "density": 0.6666666666666666, "atomics": "[17, 18, 5, 6]", "group_pop": 4, "init_part_assignment": 5, "id": 1}, {"graph": null, "nnodes": 4, "nedges": 4, "density": 0.6666666666666666, "atomics": "[88, 89, 76, 77]", "group_pop": 4, "init_part_assignment": 7, "id": 2}, {"graph": null, "nnodes": 4, "nedges": 3, "density": 0.5, "atomics": "[78, 90, 66, 54]", "group_pop": 4, "init_part_assignment": 9, "id": 3}, {"graph": null, "nnodes": 4, "nedges": 3, "density": 0.5, "atomics": "[8, 9, 19, 7]", "group_pop": 4, "init_part_assignment": 0, "id": 4}, {"graph": null, "nnodes": 4, "nedges": 3, "density": 0.5, "atomics": "[33, 34, 35, 21]", "group_pop": 4, "init_part_assignment": 0, "id": 5}, {"graph": null, "nnodes": 4, "nedges": 3, "density": 0.5, "atomics": "[120, 121, 109, 97]", "group_pop": 4, "init_part_assignment": 3, "id": 6}, {"graph": null, "nnodes": 4, "nedges": 3, "density": 0.5, "atomics": "[132, 133, 134, 135]", "group_pop": 4, "init_part_assignment": 3, "id": 7}, {"graph": null, "nnodes": 4, "nedges": 3, "density": 0.5, "atomics": "[72, 108, 96, 84]", "group_pop": 4, "init_part_assignment": 4, "id": 8}, {"graph": null, "nnodes": 4, "nedges": 3, "density": 0.5, "atomics": "[112, 113, 110, 111]", "group_pop": 4, "init_part_assignment": 4, "id": 9}, {"graph": null, "nnodes": 4, "nedges": 4, "density": 0.6666666666666666, "atomics": "[50, 51, 38, 39]", "group_pop": 4, "init_part_assignment": 8, "id": 10}, {"graph": null, "nnodes": 4, "nedges": 3, "density": 0.5, "atomics": "[65, 52, 53, 41]", "group_pop": 4, "init_part_assignment": 8, "id": 11}, {"graph": null, "nnodes": 4, "nedges": 3, "density": 0.5, "atomics": "[64, 75, 62, 63]", "group_pop": 4, "init_part_assignment": 7, "id": 12}, {"graph": null, "nnodes": 4, "nedges": 3, "density": 0.5, "atomics": "[136, 122, 123, 124]", "group_pop": 4, "init_part_assignment": 3, "id": 13}, {"graph": null, "nnodes": 4, "nedges": 4, "density": 0.6666666666666666, "atomics": "[137, 138, 125, 126]", "group_pop": 4, "init_part_assignment": 6, "id": 14}, {"graph": null, "nnodes": 4, "nedges": 4, "density": 0.6666666666666666, "atomics": "[129, 130, 141, 142]", "group_pop": 4, "init_part_assignment": 2, "id": 15}, {"graph": null, "nnodes": 4, "nedges": 3, "density": 0.5, "atomics": "[143, 107, 131, 119]", "group_pop": 4, "init_part_assignment": 2, "id": 16}, {"graph": null, "nnodes": 4, "nedges": 4, "density": 0.6666666666666666, "atomics": "[58, 59, 46, 47]", "group_pop": 4, "init_part_assignment": 11, "id": 17}, {"graph": null, "nnodes": 4, "nedges": 3, "density": 0.5, "atomics": "[40, 27, 28, 29]", "group_pop": 4, "init_part_assignment": 8, "id": 18}, {"graph": null, "nnodes": 4, "nedges": 4, "density": 0.6666666666666666, "atomics": "[128, 139, 140, 127]", "group_pop": 4, "init_part_assignment": 6, "id": 19}, {"graph": null, "nnodes": 4, "nedges": 3, "density": 0.5, "atomics": "[24, 49, 36, 37]", "group_pop": 4, "init_part_assignment": 1, "id": 20}, {"graph": null, "nnodes": 4, "nedges": 3, "density": 0.5, "atomics": "[0, 25, 12, 13]", "group_pop": 4, "init_part_assignment": 1, "id": 21}, {"graph": null, "nnodes": 4, "nedges": 3, "density": 0.5, "atomics": "[1, 2, 26, 14]", "group_pop": 4, "init_part_assignment": 5, "id": 22}, {"graph": null, "nnodes": 4, "nedges": 3, "density": 0.5, "atomics": "[32, 20, 30, 31]", "group_pop": 4, "init_part_assignment": 10, "id": 23}, {"graph": null, "nnodes": 4, "nedges": 3, "density": 0.5, "atomics": "[56, 42, 43, 55]", "group_pop": 4, "init_part_assignment": 10, "id": 24}, {"graph": null, "nnodes": 4, "nedges": 4, "density": 0.6666666666666666, "atomics": "[10, 11, 22, 23]", "group_pop": 4, "init_part_assignment": 0, "id": 25}, {"graph": null, "nnodes": 4, "nedges": 3, "density": 0.5, "atomics": "[57, 45, 44, 69]", "group_pop": 4, "init_part_assignment": 10, "id": 26}, {"graph": null, "nnodes": 4, "nedges": 3, "density": 0.5, "atomics": "[48, 73, 60, 61]", "group_pop": 4, "init_part_assignment": 1, "id": 27}, {"graph": null, "nnodes": 4, "nedges": 4, "density": 0.6666666666666666, "atomics": "[105, 106, 117, 118]", "group_pop": 4, "init_part_assignment": 2, "id": 28}, {"graph": null, "nnodes": 4, "nedges": 3, "density": 0.5, "atomics": "[83, 95, 70, 71]", "group_pop": 4, "init_part_assignment": 11, "id": 29}, {"graph": null, "nnodes": 4, "nedges": 4, "density": 0.6666666666666666, "atomics": "[81, 82, 93, 94]", "group_pop": 4, "init_part_assignment": 11, "id": 30}, {"graph": null, "nnodes": 4, "nedges": 3, "density": 0.5, "atomics": "[98, 74, 85, 86]", "group_pop": 4, "init_part_assignment": 4, "id": 31}, {"graph": null, "nnodes": 4, "nedges": 4, "density": 0.6666666666666666, "atomics": "[104, 91, 92, 103]", "group_pop": 4, "init_part_assignment": 9, "id": 32}, {"graph": null, "nnodes": 4, "nedges": 4, "density": 0.6666666666666666, "atomics": "[80, 67, 68, 79]", "group_pop": 4, "init_part_assignment": 9, "id": 33}, {"graph": null, "nnodes": 4, "nedges": 3, "density": 0.5, "atomics": "[114, 115, 116, 102]", "group_pop": 4, "init_part_assignment": 6, "id": 34}, {"graph": null, "nnodes": 4, "nedges": 3, "density": 0.5, "atomics": "[99, 100, 101, 87]", "group_pop": 4, "init_part_assignment": 7, "id": 35}], "adjacency": [[{"weight": 2, "random_weight": 0.4461413764831804, "id": 1}, {"weight": 2, "random_weight": 0.6448184086820562, "id": 18}, {"weight": 2, "random_weight": 0.4626079757880681, "id": 22}], [{"weight": 2, "random_weight": 0.4461413764831804, "id": 0}, {"weight": 2, "random_weight": 0.9006496848605534, "id": 4}, {"weight": 1, "random_weight": 0.1111568421803345, "id": 18}, {"weight": 1, "random_weight": 0.6516858928990185, "id": 23}], [{"weight": 2, "random_weight": 0.8915985514658805, "id": 3}, {"weight": 1, "random_weight": 0.966013658638105, "id": 11}, {"weight": 2, "random_weight": 0.450678052335589, "id": 12}, {"weight": 3, "random_weight": 0.3678862934034043, "id": 35}], [{"weight": 2, "random_weight": 0.8915985514658805, "id": 2}, {"weight": 2, "random_weight": 0.5768621854550241, "id": 11}, {"weight": 2, "random_weight": 0.8526818095341008, "id": 24}, {"weight": 1, "random_weight": 0.3165532878472913, "id": 32}, {"weight": 2, "random_weight": 0.3413450927175167, "id": 33}, {"weight": 1, "random_weight": 0.1501386376406677, "id": 34}], [{"weight": 2, "random_weight": 0.9006496848605534, "id": 1}, {"weight": 1, "random_weight": 0.04212664642180042, "id": 5}, {"weight": 3, "random_weight": 0.9855453738590003, "id": 23}, {"weight": 1, "random_weight": 0.37773339227593383, "id": 25}], [{"weight": 1, "random_weight": 0.04212664642180042, "id": 4}, {"weight": 2, "random_weight": 0.7066484267208483, "id": 17}, {"weight": 2, "random_weight": 0.7919971490571607, "id": 23}, {"weight": 3, "random_weight": 0.44883621418498065, "id": 25}, {"weight": 1, "random_weight": 0.7473490872932104, "id": 26}], [{"weight": 2, "random_weight": 0.06146292710845913, "id": 7}, {"weight": 3, "random_weight": 0.3758515268815259, "id": 8}, {"weight": 1, "random_weight": 0.6702712447634523, "id": 9}, {"weight": 1, "random_weight": 0.08081909181888047, "id": 13}, {"weight": 2, "random_weight": 0.8529361512136819, "id": 31}], [{"weight": 2, "random_weight": 0.06146292710845913, "id": 6}, {"weight": 3, "random_weight": 0.4598202144690495, "id": 13}], [{"weight": 3, "random_weight": 0.3758515268815259, "id": 6}, {"weight": 2, "random_weight": 0.9909917105588991, "id": 27}, {"weight": 1, "random_weight": 0.04727897556685012, "id": 31}], [{"weight": 1, "random_weight": 0.6702712447634523, "id": 6}, {"weight": 3, "random_weight": 0.8290762387595376, "id": 13}, {"weight": 1, "random_weight": 0.8687701518268202, "id": 14}, {"weight": 1, "random_weight": 0.3832495658566498, "id": 31}, {"weight": 1, "random_weight": 0.8321650759667929, "id": 34}, {"weight": 3, "random_weight": 0.5746954401127664, "id": 35}], [{"weight": 1, "random_weight": 0.056120814349854165, "id": 11}, {"weight": 2, "random_weight": 0.8568782173075304, "id": 12}, {"weight": 2, "random_weight": 0.004777675260960512, "id": 18}, {"weight": 2, "random_weight": 0.5046292924675317, "id": 20}, {"weight": 1, "random_weight": 0.7264278830008314, "id": 22}], [{"weight": 1, "random_weight": 0.966013658638105, "id": 2}, {"weight": 2, "random_weight": 0.5768621854550241, "id": 3}, {"weight": 1, "random_weight": 0.056120814349854165, "id": 10}, {"weight": 2, "random_weight": 0.9567806681073319, "id": 12}, {"weight": 3, "random_weight": 0.9836409285192369, "id": 18}, {"weight": 1, "random_weight": 0.46332469870590975, "id": 24}], [{"weight": 2, "random_weight": 0.450678052335589, "id": 2}, {"weight": 2, "random_weight": 0.8568782173075304, "id": 10}, {"weight": 2, "random_weight": 0.9567806681073319, "id": 11}, {"weight": 1, "random_weight": 0.26796780575632884, "id": 27}, {"weight": 2, "random_weight": 0.9308674284548455, "id": 31}, {"weight": 1, "random_weight": 0.00044568847707382453, "id": 35}], [{"weight": 1, "random_weight": 0.08081909181888047, "id": 6}, {"weight": 3, "random_weight": 0.4598202144690495, "id": 7}, {"weight": 3, "random_weight": 0.8290762387595376, "id": 9}, {"weight": 2, "random_weight": 0.7161158185100039, "id": 14}], [{"weight": 1, "random_weight": 0.8687701518268202, "id": 9}, {"weight": 2, "random_weight": 0.7161158185100039, "id": 13}, {"weight": 2, "random_weight": 0.9606324468006067, "id": 19}, {"weight": 1, "random_weight": 0.9837357004477796, "id": 34}], [{"weight": 2, "random_weight": 0.08923785544581553, "id": 16}, {"weight": 2, "random_weight": 0.7496431258479122, "id": 19}, {"weight": 2, "random_weight": 0.6871417071139845, "id": 28}], [{"weight": 2, "random_weight": 0.08923785544581553, "id": 15}, {"weight": 2, "random_weight": 0.269658896836387, "id": 28}, {"weight": 1, "random_weight": 0.7481405001450984, "id": 29}], [{"weight": 2, "random_weight": 0.7066484267208483, "id": 5}, {"weight": 2, "random_weight": 0.11527631181925369, "id": 26}, {"weight": 2, "random_weight": 0.009676015839111596, "id": 29}], [{"weight": 2, "random_weight": 0.6448184086820562, "id": 0}, {"weight": 1, "random_weight": 0.1111568421803345, "id": 1}, {"weight": 2, "random_weight": 0.004777675260960512, "id": 10}, {"weight": 3, "random_weight": 0.9836409285192369, "id": 11}, {"weight": 1, "random_weight": 0.9608586301932206, "id": 22}, {"weight": 1, "random_weight": 0.1319054315792706, "id": 23}], [{"weight": 2, "random_weight": 0.9606324468006067, "id": 14}, {"weight": 2, "random_weight": 0.7496431258479122, "id": 15}, {"weight": 2, "random_weight": 0.7176345736282116, "id": 34}], [{"weight": 2, "random_weight": 0.5046292924675317, "id": 10}, {"weight": 3, "random_weight": 0.7069350277611886, "id": 21}, {"weight": 3, "random_weight": 0.2160463377752253, "id": 27}], [{"weight": 3, "random_weight": 0.7069350277611886, "id": 20}, {"weight": 4, "random_weight": 0.7789483855133166, "id": 22}], [{"weight": 2, "random_weight": 0.4626079757880681, "id": 0}, {"weight": 1, "random_weight": 0.7264278830008314, "id": 10}, {"weight": 1, "random_weight": 0.9608586301932206, "id": 18}, {"weight": 4, "random_weight": 0.7789483855133166, "id": 21}], [{"weight": 1, "random_weight": 0.6516858928990185, "id": 1}, {"weight": 3, "random_weight": 0.9855453738590003, "id": 4}, {"weight": 2, "random_weight": 0.7919971490571607, "id": 5}, {"weight": 1, "random_weight": 0.1319054315792706, "id": 18}, {"weight": 2, "random_weight": 0.834459774949708, "id": 24}, {"weight": 1, "random_weight": 0.14892154145018577, "id": 26}], [{"weight": 2, "random_weight": 0.8526818095341008, "id": 3}, {"weight": 1, "random_weight": 0.46332469870590975, "id": 11}, {"weight": 2, "random_weight": 0.834459774949708, "id": 23}, {"weight": 3, "random_weight": 0.13784732168815417, "id": 26}, {"weight": 2, "random_weight": 0.1781028284386501, "id": 33}], [{"weight": 1, "random_weight": 0.37773339227593383, "id": 4}, {"weight": 3, "random_weight": 0.44883621418498065, "id": 5}], [{"weight": 1, "random_weight": 0.7473490872932104, "id": 5}, {"weight": 2, "random_weight": 0.11527631181925369, "id": 17}, {"weight": 1, "random_weight": 0.14892154145018577, "id": 23}, {"weight": 3, "random_weight": 0.13784732168815417, "id": 24}, {"weight": 1, "random_weight": 0.5520498994499645, "id": 29}, {"weight": 1, "random_weight": 0.8921837590917114, "id": 30}, {"weight": 1, "random_weight": 0.939399468054677, "id": 33}], [{"weight": 2, "random_weight": 0.9909917105588991, "id": 8}, {"weight": 1, "random_weight": 0.26796780575632884, "id": 12}, {"weight": 3, "random_weight": 0.2160463377752253, "id": 20}, {"weight": 2, "random_weight": 0.3397271076384226, "id": 31}], [{"weight": 2, "random_weight": 0.6871417071139845, "id": 15}, {"weight": 2, "random_weight": 0.269658896836387, "id": 16}, {"weight": 2, "random_weight": 0.01324874427333611, "id": 30}, {"weight": 1, "random_weight": 0.37668015922438014, "id": 32}, {"weight": 1, "random_weight": 0.5052838727281554, "id": 34}], [{"weight": 1, "random_weight": 0.7481405001450984, "id": 16}, {"weight": 2, "random_weight": 0.009676015839111596, "id": 17}, {"weight": 1, "random_weight": 0.5520498994499645, "id": 26}, {"weight": 3, "random_weight": 0.8417547737761519, "id": 30}], [{"weight": 1, "random_weight": 0.8921837590917114, "id": 26}, {"weight": 2, "random_weight": 0.01324874427333611, "id": 28}, {"weight": 3, "random_weight": 0.8417547737761519, "id": 29}, {"weight": 1, "random_weight": 0.8822506488076999, "id": 32}, {"weight": 1, "random_weight": 0.7437349986111131, "id": 33}], [{"weight": 2, "random_weight": 0.8529361512136819, "id": 6}, {"weight": 1, "random_weight": 0.04727897556685012, "id": 8}, {"weight": 1, "random_weight": 0.3832495658566498, "id": 9}, {"weight": 2, "random_weight": 0.9308674284548455, "id": 12}, {"weight": 2, "random_weight": 0.3397271076384226, "id": 27}, {"weight": 2, "random_weight": 0.9465275987608931, "id": 35}], [{"weight": 1, "random_weight": 0.3165532878472913, "id": 3}, {"weight": 1, "random_weight": 0.37668015922438014, "id": 28}, {"weight": 1, "random_weight": 0.8822506488076999, "id": 30}, {"weight": 2, "random_weight": 0.08024394430384374, "id": 33}, {"weight": 3, "random_weight": 0.1888687619320667, "id": 34}], [{"weight": 2, "random_weight": 0.3413450927175167, "id": 3}, {"weight": 2, "random_weight": 0.1781028284386501, "id": 24}, {"weight": 1, "random_weight": 0.939399468054677, "id": 26}, {"weight": 1, "random_weight": 0.7437349986111131, "id": 30}, {"weight": 2, "random_weight": 0.08024394430384374, "id": 32}], [{"weight": 1, "random_weight": 0.1501386376406677, "id": 3}, {"weight": 1, "random_weight": 0.8321650759667929, "id": 9}, {"weight": 1, "random_weight": 0.9837357004477796, "id": 14}, {"weight": 2, "random_weight": 0.7176345736282116, "id": 19}, {"weight": 1, "random_weight": 0.5052838727281554, "id": 28}, {"weight": 3, "random_weight": 0.1888687619320667, "id": 32}, {"weight": 1, "random_weight": 0.8443401978439672, "id": 35}], [{"weight": 3, "random_weight": 0.3678862934034043, "id": 2}, {"weight": 3, "random_weight": 0.5746954401127664, "id": 9}, {"weight": 1, "random_weight": 0.00044568847707382453, "id": 12}, {"weight": 2, "random_weight": 0.9465275987608931, "id": 31}, {"weight": 1, "random_weight": 0.8443401978439672, "id": 34}]]}