{"directed": false, "multigraph": false, "graph": [], "nodes": [{"graph": null, "nnodes": 4, "nedges": 4, "density": 0.6666666666666666, "atomics": "[16, 17, 4, 5]", "group_pop": 4, "init_part_assignment": 4, "id": 0}, {"graph": null, "nnodes": 4, "nedges": 3, "density": 0.5, "atomics": "[3, 13, 14, 15]", "group_pop": 4, "init_part_assignment": 0, "id": 1}, {"graph": null, "nnodes": 4, "nedges": 4, "density": 0.6666666666666666, "atomics": "[88, 89, 76, 77]", "group_pop": 4, "init_part_assignment": 11, "id": 2}, {"graph": null, "nnodes": 4, "nedges": 4, "density": 0.6666666666666666, "atomics": "[90, 91, 78, 79]", "group_pop": 4, "init_part_assignment": 2, "id": 3}, {"graph": null, "nnodes": 4, "nedges": 4, "density": 0.6666666666666666, "atomics": "[8, 9, 20, 21]", "group_pop": 4, "init_part_assignment": 4, "id": 4}, {"graph": null, "nnodes": 4, "nedges": 4, "density": 0.6666666666666666, "atomics": "[18, 19, 6, 7]", "group_pop": 4, "init_part_assignment": 4, "id": 5}, {"graph": null, "nnodes": 4, "nedges": 4, "density": 0.6666666666666666, "atomics": "[121, 122, 109, 110]", "group_pop": 4, "init_part_assignment": 9, "id": 6}, {"graph": null, "nnodes": 4, "nedges": 3, "density": 0.5, "atomics": "[120, 132, 133, 134]", "group_pop": 4, "init_part_assignment": 9, "id": 7}, {"graph": null, "nnodes": 4, "nedges": 3, "density": 0.5, "atomics": "[72, 108, 96, 84]", "group_pop": 4, "init_part_assignment": 8, "id": 8}, {"graph": null, "nnodes": 4, "nedges": 3, "density": 0.5, "atomics": "[26, 27, 50, 38]", "group_pop": 4, "init_part_assignment": 8, "id": 9}, {"graph": null, "nnodes": 4, "nedges": 3, "density": 0.5, "atomics": "[40, 51, 28, 39]", "group_pop": 4, "init_part_assignment": 10, "id": 10}, {"graph": null, "nnodes": 4, "nedges": 3, "density": 0.5, "atomics": "[42, 52, 53, 54]", "group_pop": 4, "init_part_assignment": 10, "id": 11}, {"graph": null, "nnodes": 4, "nedges": 3, "density": 0.5, "atomics": "[64, 65, 62, 63]", "group_pop": 4, "init_part_assignment": 10, "id": 12}, {"graph": null, "nnodes": 4, "nedges": 4, "density": 0.6666666666666666, "atomics": "[136, 137, 124, 125]", "group_pop": 4, "init_part_assignment": 3, "id": 13}, {"graph": null, "nnodes": 4, "nedges": 4, "density": 0.6666666666666666, "atomics": "[138, 139, 126, 127]", "group_pop": 4, "init_part_assignment": 3, "id": 14}, {"graph": null, "nnodes": 4, "nedges": 3, "density": 0.5, "atomics": "[128, 129, 130, 140]", "group_pop": 4, "init_part_assignment": 1, "id": 15}, {"graph": null, "nnodes": 4, "nedges": 3, "density": 0.5, "atomics": "[131, 141, 142, 143]", "group_pop": 4, "init_part_assignment": 1, "id": 16}, {"graph": null, "nnodes": 4, "nedges": 4, "density": 0.6666666666666666, "atomics": "[57, 58, 69, 70]", "group_pop": 4, "init_part_assignment": 7, "id": 17}, {"graph": null, "nnodes": 4, "nedges": 3, "density": 0.5, "atomics": "[59, 47, 46, 71]", "group_pop": 4, "init_part_assignment": 6, "id": 18}, {"graph": null, "nnodes": 4, "nedges": 3, "density": 0.5, "atomics": "[123, 135, 99, 111]", "group_pop": 4, "init_part_assignment": 9, "id": 19}, {"graph": null, "nnodes": 4, "nedges": 4, "density": 0.6666666666666666, "atomics": "[24, 25, 36, 37]", "group_pop": 4, "init_part_assignment": 0, "id": 20}, {"graph": null, "nnodes": 4, "nedges": 3, "density": 0.5, "atomics": "[0, 1, 2, 12]", "group_pop": 4, "init_part_assignment": 0, "id": 21}, {"graph": null, "nnodes": 4, "nedges": 3, "density": 0.5, "atomics": "[32, 33, 34, 22]", "group_pop": 4, "init_part_assignment": 6, "id": 22}, {"graph": null, "nnodes": 4, "nedges": 3, "density": 0.5, "atomics": "[41, 29, 30, 31]", "group_pop": 4, "init_part_assignment": 7, "id": 23}, {"graph": null, "nnodes": 4, "nedges": 3, "density": 0.5, "atomics": "[11, 10, 35, 23]", "group_pop": 4, "init_part_assignment": 6, "id": 24}, {"graph": null, "nnodes": 4, "nedges": 3, "density": 0.5, "atomics": "[56, 43, 44, 45]", "group_pop": 4, "init_part_assignment": 7, "id": 25}, {"graph": null, "nnodes": 4, "nedges": 4, "density": 0.6666666666666666, "atomics": "[48, 49, 60, 61]", "group_pop": 4, "init_part_assignment": 8, "id": 26}, {"graph": null, "nnodes": 4, "nedges": 4, "density": 0.6666666666666666, "atomics": "[104, 105, 116, 117]", "group_pop": 4, "init_part_assignment": 2, "id": 27}, {"graph": null, "nnodes": 4, "nedges": 4, "density": 0.6666666666666666, "atomics": "[106, 107, 118, 119]", "group_pop": 4, "init_part_assignment": 1, "id": 28}, {"graph": null, "nnodes": 4, "nedges": 4, "density": 0.6666666666666666, "atomics": "[82, 83, 94, 95]", "group_pop": 4, "init_part_assignment": 5, "id": 29}, {"graph": null, "nnodes": 4, "nedges": 3, "density": 0.5, "atomics": "[66, 67, 68, 55]", "group_pop": 4, "init_part_assignment": 5, "id": 30}, {"graph": null, "nnodes": 4, "nedges": 4, "density": 0.6666666666666666, "atomics": "[80, 81, 92, 93]", "group_pop": 4, "init_part_assignment": 5, "id": 31}, {"graph": null, "nnodes": 4, "nedges": 3, "density": 0.5, "atomics": "[73, 74, 85, 97]", "group_pop": 4, "init_part_assignment": 11, "id": 32}, {"graph": null, "nnodes": 4, "nedges": 3, "density": 0.5, "atomics": "[98, 75, 86, 87]", "group_pop": 4, "init_part_assignment": 11, "id": 33}, {"graph": null, "nnodes": 4, "nedges": 4, "density": 0.6666666666666666, "atomics": "[114, 115, 102, 103]", "group_pop": 4, "init_part_assignment": 2, "id": 34}, {"graph": null, "nnodes": 4, "nedges": 4, "density": 0.6666666666666666, "atomics": "[112, 113, 100, 101]", "group_pop": 4, "init_part_assignment": 3, "id": 35}], "adjacency": [[{"weight": 2, "random_weight": 0.7195394866608937, "id": 1}, {"weight": 2, "random_weight": 0.40038455738366063, "id": 5}, {"weight": 1, "random_weight": 0.5398923487321097, "id": 10}, {"weight": 1, "random_weight": 0.0896772344783201, "id": 23}], [{"weight": 2, "random_weight": 0.7195394866608937, "id": 0}, {"weight": 2, "random_weight": 0.47350540591909007, "id": 9}, {"weight": 1, "random_weight": 0.4300736354864183, "id": 20}, {"weight": 4, "random_weight": 0.534368921972509, "id": 21}], [{"weight": 2, "random_weight": 0.452076705099847, "id": 3}, {"weight": 2, "random_weight": 0.8612082018336393, "id": 12}, {"weight": 2, "random_weight": 0.0279255141380077, "id": 33}, {"weight": 2, "random_weight": 0.8286276499794513, "id": 35}], [{"weight": 2, "random_weight": 0.452076705099847, "id": 2}, {"weight": 2, "random_weight": 0.1910374713817805, "id": 30}, {"weight": 2, "random_weight": 0.8370795749458391, "id": 31}, {"weight": 2, "random_weight": 0.3264945391719485, "id": 34}], [{"weight": 2, "random_weight": 0.20674313478768236, "id": 5}, {"weight": 3, "random_weight": 0.7238306331706698, "id": 22}, {"weight": 1, "random_weight": 0.6051122997161685, "id": 24}], [{"weight": 2, "random_weight": 0.40038455738366063, "id": 0}, {"weight": 2, "random_weight": 0.20674313478768236, "id": 4}, {"weight": 2, "random_weight": 0.7655907738833683, "id": 23}], [{"weight": 3, "random_weight": 0.7018286737946209, "id": 7}, {"weight": 1, "random_weight": 0.8598403730491151, "id": 8}, {"weight": 2, "random_weight": 0.9485033901772892, "id": 19}, {"weight": 1, "random_weight": 0.9706239437059032, "id": 32}, {"weight": 1, "random_weight": 0.1143650692120678, "id": 33}], [{"weight": 3, "random_weight": 0.7018286737946209, "id": 6}, {"weight": 1, "random_weight": 0.7612404906085384, "id": 8}, {"weight": 1, "random_weight": 0.07216005057112251, "id": 19}], [{"weight": 1, "random_weight": 0.8598403730491151, "id": 6}, {"weight": 1, "random_weight": 0.7612404906085384, "id": 7}, {"weight": 1, "random_weight": 0.5145273008218625, "id": 26}, {"weight": 3, "random_weight": 0.7006689336169584, "id": 32}], [{"weight": 2, "random_weight": 0.47350540591909007, "id": 1}, {"weight": 4, "random_weight": 0.8710375603483723, "id": 10}, {"weight": 1, "random_weight": 0.20845401978759937, "id": 12}, {"weight": 2, "random_weight": 0.8023285985493801, "id": 20}, {"weight": 1, "random_weight": 0.36453680231325125, "id": 26}], [{"weight": 1, "random_weight": 0.5398923487321097, "id": 0}, {"weight": 4, "random_weight": 0.8710375603483723, "id": 9}, {"weight": 2, "random_weight": 0.16669161048326864, "id": 11}, {"weight": 1, "random_weight": 0.578616697927258, "id": 12}, {"weight": 2, "random_weight": 0.7036987416309267, "id": 23}], [{"weight": 2, "random_weight": 0.16669161048326864, "id": 10}, {"weight": 2, "random_weight": 0.31127194703505834, "id": 12}, {"weight": 3, "random_weight": 0.19106636681665445, "id": 23}, {"weight": 1, "random_weight": 0.6958504964062745, "id": 25}, {"weight": 2, "random_weight": 0.7004893740579563, "id": 30}], [{"weight": 2, "random_weight": 0.8612082018336393, "id": 2}, {"weight": 1, "random_weight": 0.20845401978759937, "id": 9}, {"weight": 1, "random_weight": 0.578616697927258, "id": 10}, {"weight": 2, "random_weight": 0.31127194703505834, "id": 11}, {"weight": 1, "random_weight": 0.778255112693872, "id": 26}, {"weight": 1, "random_weight": 0.0040276945805548525, "id": 30}, {"weight": 1, "random_weight": 0.10259153135022381, "id": 32}, {"weight": 1, "random_weight": 0.5162107667476414, "id": 33}], [{"weight": 2, "random_weight": 0.10804689934381118, "id": 14}, {"weight": 2, "random_weight": 0.6227206719324834, "id": 19}, {"weight": 2, "random_weight": 0.38684405425807655, "id": 35}], [{"weight": 2, "random_weight": 0.10804689934381118, "id": 13}, {"weight": 2, "random_weight": 0.5010602170776451, "id": 15}, {"weight": 2, "random_weight": 0.6503326996082326, "id": 34}], [{"weight": 2, "random_weight": 0.5010602170776451, "id": 14}, {"weight": 4, "random_weight": 0.9857018322782269, "id": 16}, {"weight": 2, "random_weight": 0.09428767562834306, "id": 27}, {"weight": 1, "random_weight": 0.4949875933670659, "id": 28}], [{"weight": 4, "random_weight": 0.9857018322782269, "id": 15}, {"weight": 1, "random_weight": 0.0956086868748508, "id": 28}], [{"weight": 3, "random_weight": 0.20656071762446704, "id": 18}, {"weight": 2, "random_weight": 0.48116211766192596, "id": 25}, {"weight": 1, "random_weight": 0.9266395448683034, "id": 29}, {"weight": 1, "random_weight": 0.36256154331712154, "id": 30}, {"weight": 1, "random_weight": 0.888631029855157, "id": 31}], [{"weight": 3, "random_weight": 0.20656071762446704, "id": 17}, {"weight": 1, "random_weight": 0.24530635593749794, "id": 22}, {"weight": 1, "random_weight": 0.4275991322880527, "id": 24}, {"weight": 1, "random_weight": 0.8301818528683762, "id": 25}, {"weight": 1, "random_weight": 0.9900262742266853, "id": 29}], [{"weight": 2, "random_weight": 0.9485033901772892, "id": 6}, {"weight": 1, "random_weight": 0.07216005057112251, "id": 7}, {"weight": 2, "random_weight": 0.6227206719324834, "id": 13}, {"weight": 2, "random_weight": 0.8636401974672426, "id": 33}, {"weight": 2, "random_weight": 0.611489640646017, "id": 35}], [{"weight": 1, "random_weight": 0.4300736354864183, "id": 1}, {"weight": 2, "random_weight": 0.8023285985493801, "id": 9}, {"weight": 1, "random_weight": 0.7356848025339399, "id": 21}, {"weight": 2, "random_weight": 0.7233776164129896, "id": 26}], [{"weight": 4, "random_weight": 0.534368921972509, "id": 1}, {"weight": 1, "random_weight": 0.7356848025339399, "id": 20}], [{"weight": 3, "random_weight": 0.7238306331706698, "id": 4}, {"weight": 1, "random_weight": 0.24530635593749794, "id": 18}, {"weight": 1, "random_weight": 0.92767101293384, "id": 23}, {"weight": 3, "random_weight": 0.4719758165427841, "id": 24}, {"weight": 2, "random_weight": 0.9174296482720378, "id": 25}], [{"weight": 1, "random_weight": 0.0896772344783201, "id": 0}, {"weight": 2, "random_weight": 0.7655907738833683, "id": 5}, {"weight": 2, "random_weight": 0.7036987416309267, "id": 10}, {"weight": 3, "random_weight": 0.19106636681665445, "id": 11}, {"weight": 1, "random_weight": 0.92767101293384, "id": 22}, {"weight": 1, "random_weight": 0.12769628046345916, "id": 25}], [{"weight": 1, "random_weight": 0.6051122997161685, "id": 4}, {"weight": 1, "random_weight": 0.4275991322880527, "id": 18}, {"weight": 3, "random_weight": 0.4719758165427841, "id": 22}], [{"weight": 1, "random_weight": 0.6958504964062745, "id": 11}, {"weight": 2, "random_weight": 0.48116211766192596, "id": 17}, {"weight": 1, "random_weight": 0.8301818528683762, "id": 18}, {"weight": 2, "random_weight": 0.9174296482720378, "id": 22}, {"weight": 1, "random_weight": 0.12769628046345916, "id": 23}, {"weight": 3, "random_weight": 0.4811877711683865, "id": 30}], [{"weight": 1, "random_weight": 0.5145273008218625, "id": 8}, {"weight": 1, "random_weight": 0.36453680231325125, "id": 9}, {"weight": 1, "random_weight": 0.778255112693872, "id": 12}, {"weight": 2, "random_weight": 0.7233776164129896, "id": 20}, {"weight": 1, "random_weight": 0.4737082622004991, "id": 32}], [{"weight": 2, "random_weight": 0.09428767562834306, "id": 15}, {"weight": 2, "random_weight": 0.8167194422293924, "id": 28}, {"weight": 2, "random_weight": 0.9991658140821662, "id": 31}, {"weight": 2, "random_weight": 0.19670040327467608, "id": 34}], [{"weight": 1, "random_weight": 0.4949875933670659, "id": 15}, {"weight": 1, "random_weight": 0.0956086868748508, "id": 16}, {"weight": 2, "random_weight": 0.8167194422293924, "id": 27}, {"weight": 2, "random_weight": 0.8358277686007306, "id": 29}], [{"weight": 1, "random_weight": 0.9266395448683034, "id": 17}, {"weight": 1, "random_weight": 0.9900262742266853, "id": 18}, {"weight": 2, "random_weight": 0.8358277686007306, "id": 28}, {"weight": 2, "random_weight": 0.28995163737873353, "id": 31}], [{"weight": 2, "random_weight": 0.1910374713817805, "id": 3}, {"weight": 2, "random_weight": 0.7004893740579563, "id": 11}, {"weight": 1, "random_weight": 0.0040276945805548525, "id": 12}, {"weight": 1, "random_weight": 0.36256154331712154, "id": 17}, {"weight": 3, "random_weight": 0.4811877711683865, "id": 25}, {"weight": 1, "random_weight": 0.6157121050496103, "id": 31}], [{"weight": 2, "random_weight": 0.8370795749458391, "id": 3}, {"weight": 1, "random_weight": 0.888631029855157, "id": 17}, {"weight": 2, "random_weight": 0.9991658140821662, "id": 27}, {"weight": 2, "random_weight": 0.28995163737873353, "id": 29}, {"weight": 1, "random_weight": 0.6157121050496103, "id": 30}], [{"weight": 1, "random_weight": 0.9706239437059032, "id": 6}, {"weight": 3, "random_weight": 0.7006689336169584, "id": 8}, {"weight": 1, "random_weight": 0.10259153135022381, "id": 12}, {"weight": 1, "random_weight": 0.4737082622004991, "id": 26}, {"weight": 4, "random_weight": 0.41399043592003315, "id": 33}], [{"weight": 2, "random_weight": 0.0279255141380077, "id": 2}, {"weight": 1, "random_weight": 0.1143650692120678, "id": 6}, {"weight": 1, "random_weight": 0.5162107667476414, "id": 12}, {"weight": 2, "random_weight": 0.8636401974672426, "id": 19}, {"weight": 4, "random_weight": 0.41399043592003315, "id": 32}], [{"weight": 2, "random_weight": 0.3264945391719485, "id": 3}, {"weight": 2, "random_weight": 0.6503326996082326, "id": 14}, {"weight": 2, "random_weight": 0.19670040327467608, "id": 27}, {"weight": 2, "random_weight": 0.7119737949396013, "id": 35}], [{"weight": 2, "random_weight": 0.8286276499794513, "id": 2}, {"weight": 2, "random_weight": 0.38684405425807655, "id": 13}, {"weight": 2, "random_weight": 0.611489640646017, "id": 19}, {"weight": 2, "random_weight": 0.7119737949396013, "id": 34}]]}