{"directed": false, "multigraph": false, "graph": [], "nodes": [{"graph": null, "nnodes": 4, "nedges": 3, "density": 0.5, "atomics": "[16, 28, 29, 15]", "group_pop": 4, "init_part_assignment": 11, "id": 0}, {"graph": null, "nnodes": 4, "nedges": 4, "density": 0.6666666666666666, "atomics": "[17, 18, 5, 6]", "group_pop": 4, "init_part_assignment": 3, "id": 1}, {"graph": null, "nnodes": 4, "nedges": 3, "density": 0.5, "atomics": "[88, 89, 99, 100]", "group_pop": 4, "init_part_assignment": 8, "id": 2}, {"graph": null, "nnodes": 4, "nedges": 4, "density": 0.6666666666666666, "atomics": "[90, 91, 78, 79]", "group_pop": 4, "init_part_assignment": 8, "id": 3}, {"graph": null, "nnodes": 4, "nedges": 3, "density": 0.5, "atomics": "[75, 76, 77, 63]", "group_pop": 4, "init_part_assignment": 8, "id": 4}, {"graph": null, "nnodes": 4, "nedges": 4, "density": 0.6666666666666666, "atomics": "[8, 19, 20, 7]", "group_pop": 4, "init_part_assignment": 3, "id": 5}, {"graph": null, "nnodes": 4, "nedges": 4, "density": 0.6666666666666666, "atomics": "[9, 10, 21, 22]", "group_pop": 4, "init_part_assignment": 3, "id": 6}, {"graph": null, "nnodes": 4, "nedges": 4, "density": 0.6666666666666666, "atomics": "[120, 121, 132, 133]", "group_pop": 4, "init_part_assignment": 0, "id": 7}, {"graph": null, "nnodes": 4, "nedges": 4, "density": 0.6666666666666666, "atomics": "[122, 123, 134, 135]", "group_pop": 4, "init_part_assignment": 0, "id": 8}, {"graph": null, "nnodes": 4, "nedges": 3, "density": 0.5, "atomics": "[96, 108, 109, 84]", "group_pop": 4, "init_part_assignment": 0, "id": 9}, {"graph": null, "nnodes": 4, "nedges": 3, "density": 0.5, "atomics": "[97, 98, 85, 110]", "group_pop": 4, "init_part_assignment": 4, "id": 10}, {"graph": null, "nnodes": 4, "nedges": 3, "density": 0.5, "atomics": "[48, 49, 50, 51]", "group_pop": 4, "init_part_assignment": 10, "id": 11}, {"graph": null, "nnodes": 4, "nedges": 4, "density": 0.6666666666666666, "atomics": "[64, 65, 52, 53]", "group_pop": 4, "init_part_assignment": 9, "id": 12}, {"graph": null, "nnodes": 4, "nedges": 3, "density": 0.5, "atomics": "[136, 124, 112, 111]", "group_pop": 4, "init_part_assignment": 6, "id": 13}, {"graph": null, "nnodes": 4, "nedges": 3, "density": 0.5, "atomics": "[137, 138, 139, 126]", "group_pop": 4, "init_part_assignment": 6, "id": 14}, {"graph": null, "nnodes": 4, "nedges": 3, "density": 0.5, "atomics": "[130, 107, 131, 119]", "group_pop": 4, "init_part_assignment": 1, "id": 15}, {"graph": null, "nnodes": 4, "nedges": 3, "density": 0.5, "atomics": "[140, 141, 142, 143]", "group_pop": 4, "init_part_assignment": 1, "id": 16}, {"graph": null, "nnodes": 4, "nedges": 4, "density": 0.6666666666666666, "atomics": "[58, 59, 70, 71]", "group_pop": 4, "init_part_assignment": 2, "id": 17}, {"graph": null, "nnodes": 4, "nedges": 4, "density": 0.6666666666666666, "atomics": "[33, 34, 45, 46]", "group_pop": 4, "init_part_assignment": 5, "id": 18}, {"graph": null, "nnodes": 4, "nedges": 3, "density": 0.5, "atomics": "[11, 35, 47, 23]", "group_pop": 4, "init_part_assignment": 2, "id": 19}, {"graph": null, "nnodes": 4, "nedges": 3, "density": 0.5, "atomics": "[40, 41, 42, 30]", "group_pop": 4, "init_part_assignment": 9, "id": 20}, {"graph": null, "nnodes": 4, "nedges": 4, "density": 0.6666666666666666, "atomics": "[26, 27, 38, 39]", "group_pop": 4, "init_part_assignment": 11, "id": 21}, {"graph": null, "nnodes": 4, "nedges": 3, "density": 0.5, "atomics": "[128, 114, 115, 127]", "group_pop": 4, "init_part_assignment": 7, "id": 22}, {"graph": null, "nnodes": 4, "nedges": 3, "density": 0.5, "atomics": "[24, 12, 37, 36]", "group_pop": 4, "init_part_assignment": 10, "id": 23}, {"graph": null, "nnodes": 4, "nedges": 3, "density": 0.5, "atomics": "[0, 1, 13, 25]", "group_pop": 4, "init_part_assignment": 10, "id": 24}, {"graph": null, "nnodes": 4, "nedges": 4, "density": 0.6666666666666666, "atomics": "[32, 43, 44, 31]", "group_pop": 4, "init_part_assignment": 9, "id": 25}, {"graph": null, "nnodes": 4, "nedges": 4, "density": 0.6666666666666666, "atomics": "[72, 73, 60, 61]", "group_pop": 4, "init_part_assignment": 4, "id": 26}, {"graph": null, "nnodes": 4, "nedges": 3, "density": 0.5, "atomics": "[129, 106, 117, 118]", "group_pop": 4, "init_part_assignment": 1, "id": 27}, {"graph": null, "nnodes": 4, "nedges": 4, "density": 0.6666666666666666, "atomics": "[82, 83, 94, 95]", "group_pop": 4, "init_part_assignment": 2, "id": 28}, {"graph": null, "nnodes": 4, "nedges": 3, "density": 0.5, "atomics": "[2, 3, 4, 14]", "group_pop": 4, "init_part_assignment": 11, "id": 29}, {"graph": null, "nnodes": 4, "nedges": 3, "density": 0.5, "atomics": "[104, 105, 116, 103]", "group_pop": 4, "init_part_assignment": 7, "id": 30}, {"graph": null, "nnodes": 4, "nedges": 4, "density": 0.6666666666666666, "atomics": "[56, 57, 68, 69]", "group_pop": 4, "init_part_assignment": 5, "id": 31}, {"graph": null, "nnodes": 4, "nedges": 4, "density": 0.6666666666666666, "atomics": "[66, 67, 54, 55]", "group_pop": 4, "init_part_assignment": 5, "id": 32}, {"graph": null, "nnodes": 4, "nedges": 4, "density": 0.6666666666666666, "atomics": "[80, 81, 92, 93]", "group_pop": 4, "init_part_assignment": 7, "id": 33}, {"graph": null, "nnodes": 4, "nedges": 3, "density": 0.5, "atomics": "[86, 74, 62, 87]", "group_pop": 4, "init_part_assignment": 4, "id": 34}, {"graph": null, "nnodes": 4, "nedges": 3, "density": 0.5, "atomics": "[113, 125, 101, 102]", "group_pop": 4, "init_part_assignment": 6, "id": 35}], "adjacency": [[{"weight": 2, "random_weight": 0.8643941741607181, "id": 1}, {"weight": 3, "random_weight": 0.18130027395111803, "id": 20}, {"weight": 2, "random_weight": 0.3847746543151378, "id": 21}, {"weight": 3, "random_weight": 0.3110992218896075, "id": 29}], [{"weight": 2, "random_weight": 0.8643941741607181, "id": 0}, {"weight": 2, "random_weight": 0.27909331690123174, "id": 5}, {"weight": 1, "random_weight": 0.8399675337016126, "id": 20}, {"weight": 1, "random_weight": 0.8610441925955996, "id": 29}], [{"weight": 1, "random_weight": 0.6618600614022974, "id": 3}, {"weight": 2, "random_weight": 0.1818355046657848, "id": 4}, {"weight": 1, "random_weight": 0.6498543000220671, "id": 10}, {"weight": 2, "random_weight": 0.9592104536607582, "id": 13}, {"weight": 2, "random_weight": 0.28503296747691353, "id": 34}, {"weight": 2, "random_weight": 0.8279149166535666, "id": 35}], [{"weight": 1, "random_weight": 0.6618600614022974, "id": 2}, {"weight": 1, "random_weight": 0.6052640692015672, "id": 4}, {"weight": 1, "random_weight": 0.03420977031382744, "id": 30}, {"weight": 2, "random_weight": 0.6051257996227551, "id": 32}, {"weight": 2, "random_weight": 0.7809408023233875, "id": 33}, {"weight": 1, "random_weight": 0.7119617864823558, "id": 35}], [{"weight": 2, "random_weight": 0.1818355046657848, "id": 2}, {"weight": 1, "random_weight": 0.6052640692015672, "id": 3}, {"weight": 1, "random_weight": 0.42517742044237283, "id": 11}, {"weight": 3, "random_weight": 0.918204892553744, "id": 12}, {"weight": 3, "random_weight": 0.5283744733754969, "id": 34}], [{"weight": 2, "random_weight": 0.27909331690123174, "id": 1}, {"weight": 2, "random_weight": 0.28423145770253055, "id": 6}, {"weight": 2, "random_weight": 0.5229800305490959, "id": 25}], [{"weight": 2, "random_weight": 0.28423145770253055, "id": 5}, {"weight": 2, "random_weight": 0.6928446590119381, "id": 18}, {"weight": 2, "random_weight": 0.8142262761074345, "id": 19}], [{"weight": 2, "random_weight": 0.8066738941656575, "id": 8}, {"weight": 2, "random_weight": 0.612951903833952, "id": 9}], [{"weight": 2, "random_weight": 0.8066738941656575, "id": 7}, {"weight": 1, "random_weight": 0.9619690228312705, "id": 10}, {"weight": 3, "random_weight": 0.9860934504959421, "id": 13}], [{"weight": 2, "random_weight": 0.612951903833952, "id": 7}, {"weight": 4, "random_weight": 0.4597492914015183, "id": 10}, {"weight": 1, "random_weight": 0.6225770288495933, "id": 26}], [{"weight": 1, "random_weight": 0.6498543000220671, "id": 2}, {"weight": 1, "random_weight": 0.9619690228312705, "id": 8}, {"weight": 4, "random_weight": 0.4597492914015183, "id": 9}, {"weight": 1, "random_weight": 0.9843492309321117, "id": 13}, {"weight": 1, "random_weight": 0.4720584637769344, "id": 26}, {"weight": 2, "random_weight": 0.32679710115553906, "id": 34}], [{"weight": 1, "random_weight": 0.42517742044237283, "id": 4}, {"weight": 1, "random_weight": 0.8972596638292136, "id": 12}, {"weight": 2, "random_weight": 0.955168513748255, "id": 21}, {"weight": 2, "random_weight": 0.05866335963113467, "id": 23}, {"weight": 2, "random_weight": 0.8804389008564306, "id": 26}, {"weight": 1, "random_weight": 0.8020492830367266, "id": 34}], [{"weight": 3, "random_weight": 0.918204892553744, "id": 4}, {"weight": 1, "random_weight": 0.8972596638292136, "id": 11}, {"weight": 2, "random_weight": 0.09520044969664243, "id": 20}, {"weight": 2, "random_weight": 0.5680637636914748, "id": 32}], [{"weight": 2, "random_weight": 0.9592104536607582, "id": 2}, {"weight": 3, "random_weight": 0.9860934504959421, "id": 8}, {"weight": 1, "random_weight": 0.9843492309321117, "id": 10}, {"weight": 1, "random_weight": 0.017653232304036037, "id": 14}, {"weight": 2, "random_weight": 0.0464853833598039, "id": 35}], [{"weight": 1, "random_weight": 0.017653232304036037, "id": 13}, {"weight": 1, "random_weight": 0.5804530768350663, "id": 16}, {"weight": 3, "random_weight": 0.3151000032871437, "id": 22}, {"weight": 2, "random_weight": 0.9809014534639283, "id": 35}], [{"weight": 2, "random_weight": 0.2033394297345722, "id": 16}, {"weight": 4, "random_weight": 0.06863895743482129, "id": 27}, {"weight": 1, "random_weight": 0.5341600414132424, "id": 28}], [{"weight": 1, "random_weight": 0.5804530768350663, "id": 14}, {"weight": 2, "random_weight": 0.2033394297345722, "id": 15}, {"weight": 1, "random_weight": 0.960562682776979, "id": 22}, {"weight": 1, "random_weight": 0.869905448493807, "id": 27}], [{"weight": 1, "random_weight": 0.9495866349863127, "id": 18}, {"weight": 1, "random_weight": 0.10876157571870315, "id": 19}, {"weight": 2, "random_weight": 0.013807376045574693, "id": 28}, {"weight": 2, "random_weight": 0.23503300520003267, "id": 31}], [{"weight": 2, "random_weight": 0.6928446590119381, "id": 6}, {"weight": 1, "random_weight": 0.9495866349863127, "id": 17}, {"weight": 2, "random_weight": 0.3630800850806718, "id": 19}, {"weight": 2, "random_weight": 0.3887714666307831, "id": 25}, {"weight": 1, "random_weight": 0.33148127418329, "id": 31}], [{"weight": 2, "random_weight": 0.8142262761074345, "id": 6}, {"weight": 1, "random_weight": 0.10876157571870315, "id": 17}, {"weight": 2, "random_weight": 0.3630800850806718, "id": 18}], [{"weight": 3, "random_weight": 0.18130027395111803, "id": 0}, {"weight": 1, "random_weight": 0.8399675337016126, "id": 1}, {"weight": 2, "random_weight": 0.09520044969664243, "id": 12}, {"weight": 1, "random_weight": 0.828907573358338, "id": 21}, {"weight": 2, "random_weight": 0.22172120175126653, "id": 25}, {"weight": 1, "random_weight": 0.7275213923615071, "id": 32}], [{"weight": 2, "random_weight": 0.3847746543151378, "id": 0}, {"weight": 2, "random_weight": 0.955168513748255, "id": 11}, {"weight": 1, "random_weight": 0.828907573358338, "id": 20}, {"weight": 1, "random_weight": 0.587932098892551, "id": 23}, {"weight": 1, "random_weight": 0.6593736013607966, "id": 24}, {"weight": 1, "random_weight": 0.122655243916164, "id": 29}], [{"weight": 3, "random_weight": 0.3151000032871437, "id": 14}, {"weight": 1, "random_weight": 0.960562682776979, "id": 16}, {"weight": 1, "random_weight": 0.6888708923261138, "id": 27}, {"weight": 3, "random_weight": 0.05814146033127354, "id": 30}, {"weight": 2, "random_weight": 0.7121450231597954, "id": 35}], [{"weight": 2, "random_weight": 0.05866335963113467, "id": 11}, {"weight": 1, "random_weight": 0.587932098892551, "id": 21}, {"weight": 4, "random_weight": 0.5640476614312752, "id": 24}], [{"weight": 1, "random_weight": 0.6593736013607966, "id": 21}, {"weight": 4, "random_weight": 0.5640476614312752, "id": 23}, {"weight": 2, "random_weight": 0.08274592326242025, "id": 29}], [{"weight": 2, "random_weight": 0.5229800305490959, "id": 5}, {"weight": 2, "random_weight": 0.3887714666307831, "id": 18}, {"weight": 2, "random_weight": 0.22172120175126653, "id": 20}, {"weight": 1, "random_weight": 0.7014599017013908, "id": 31}, {"weight": 1, "random_weight": 0.6434911614961925, "id": 32}], [{"weight": 1, "random_weight": 0.6225770288495933, "id": 9}, {"weight": 1, "random_weight": 0.4720584637769344, "id": 10}, {"weight": 2, "random_weight": 0.8804389008564306, "id": 11}, {"weight": 2, "random_weight": 0.8847456785080016, "id": 34}], [{"weight": 4, "random_weight": 0.06863895743482129, "id": 15}, {"weight": 1, "random_weight": 0.869905448493807, "id": 16}, {"weight": 1, "random_weight": 0.6888708923261138, "id": 22}, {"weight": 1, "random_weight": 0.8525130376217477, "id": 28}, {"weight": 3, "random_weight": 0.11454900844207094, "id": 30}], [{"weight": 1, "random_weight": 0.5341600414132424, "id": 15}, {"weight": 2, "random_weight": 0.013807376045574693, "id": 17}, {"weight": 1, "random_weight": 0.8525130376217477, "id": 27}, {"weight": 2, "random_weight": 0.18928187471161362, "id": 33}], [{"weight": 3, "random_weight": 0.3110992218896075, "id": 0}, {"weight": 1, "random_weight": 0.8610441925955996, "id": 1}, {"weight": 1, "random_weight": 0.122655243916164, "id": 21}, {"weight": 2, "random_weight": 0.08274592326242025, "id": 24}], [{"weight": 1, "random_weight": 0.03420977031382744, "id": 3}, {"weight": 3, "random_weight": 0.05814146033127354, "id": 22}, {"weight": 3, "random_weight": 0.11454900844207094, "id": 27}, {"weight": 2, "random_weight": 0.05585226751575478, "id": 33}, {"weight": 1, "random_weight": 0.101766202424593, "id": 35}], [{"weight": 2, "random_weight": 0.23503300520003267, "id": 17}, {"weight": 1, "random_weight": 0.33148127418329, "id": 18}, {"weight": 1, "random_weight": 0.7014599017013908, "id": 25}, {"weight": 2, "random_weight": 0.18381569432940403, "id": 32}, {"weight": 2, "random_weight": 0.9989134340184979, "id": 33}], [{"weight": 2, "random_weight": 0.6051257996227551, "id": 3}, {"weight": 2, "random_weight": 0.5680637636914748, "id": 12}, {"weight": 1, "random_weight": 0.7275213923615071, "id": 20}, {"weight": 1, "random_weight": 0.6434911614961925, "id": 25}, {"weight": 2, "random_weight": 0.18381569432940403, "id": 31}], [{"weight": 2, "random_weight": 0.7809408023233875, "id": 3}, {"weight": 2, "random_weight": 0.18928187471161362, "id": 28}, {"weight": 2, "random_weight": 0.05585226751575478, "id": 30}, {"weight": 2, "random_weight": 0.9989134340184979, "id": 31}], [{"weight": 2, "random_weight": 0.28503296747691353, "id": 2}, {"weight": 3, "random_weight": 0.5283744733754969, "id": 4}, {"weight": 2, "random_weight": 0.32679710115553906, "id": 10}, {"weight": 1, "random_weight": 0.8020492830367266, "id": 11}, {"weight": 2, "random_weight": 0.8847456785080016, "id": 26}], [{"weight": 2, "random_weight": 0.8279149166535666, "id": 2}, {"weight": 1, "random_weight": 0.7119617864823558, "id": 3}, {"weight": 2, "random_weight": 0.0464853833598039, "id": 13}, {"weight": 2, "random_weight": 0.9809014534639283, "id": 14}, {"weight": 2, "random_weight": 0.7121450231597954, "id": 22}, {"weight": 1, "random_weight": 0.101766202424593, "id": 30}]]}