{"directed": false, "multigraph": false, "graph": [], "nodes": [{"graph": null, "nnodes": 4, "nedges": 4, "density": 0.6666666666666666, "atomics": "[16, 17, 4, 5]", "group_pop": 4, "init_part_assignment": 3, "id": 0}, {"graph": null, "nnodes": 4, "nedges": 3, "density": 0.5, "atomics": "[27, 3, 28, 15]", "group_pop": 4, "init_part_assignment": 3, "id": 1}, {"graph": null, "nnodes": 4, "nedges": 4, "density": 0.6666666666666666, "atomics": "[89, 90, 101, 102]", "group_pop": 4, "init_part_assignment": 9, "id": 2}, {"graph": null, "nnodes": 4, "nedges": 4, "density": 0.6666666666666666, "atomics": "[64, 65, 76, 77]", "group_pop": 4, "init_part_assignment": 11, "id": 3}, {"graph": null, "nnodes": 4, "nedges": 3, "density": 0.5, "atomics": "[91, 103, 78, 79]", "group_pop": 4, "init_part_assignment": 9, "id": 4}, {"graph": null, "nnodes": 4, "nedges": 4, "density": 0.6666666666666666, "atomics": "[8, 9, 20, 21]", "group_pop": 4, "init_part_assignment": 0, "id": 5}, {"graph": null, "nnodes": 4, "nedges": 4, "density": 0.6666666666666666, "atomics": "[18, 19, 6, 7]", "group_pop": 4, "init_part_assignment": 3, "id": 6}, {"graph": null, "nnodes": 4, "nedges": 4, "density": 0.6666666666666666, "atomics": "[121, 122, 109, 110]", "group_pop": 4, "init_part_assignment": 10, "id": 7}, {"graph": null, "nnodes": 4, "nedges": 3, "density": 0.5, "atomics": "[120, 132, 108, 133]", "group_pop": 4, "init_part_assignment": 10, "id": 8}, {"graph": null, "nnodes": 4, "nedges": 3, "density": 0.5, "atomics": "[136, 123, 134, 135]", "group_pop": 4, "init_part_assignment": 4, "id": 9}, {"graph": null, "nnodes": 4, "nedges": 3, "density": 0.5, "atomics": "[50, 75, 74, 62]", "group_pop": 4, "init_part_assignment": 8, "id": 10}, {"graph": null, "nnodes": 4, "nedges": 3, "density": 0.5, "atomics": "[51, 52, 53, 63]", "group_pop": 4, "init_part_assignment": 5, "id": 11}, {"graph": null, "nnodes": 4, "nedges": 3, "density": 0.5, "atomics": "[137, 124, 125, 126]", "group_pop": 4, "init_part_assignment": 4, "id": 12}, {"graph": null, "nnodes": 4, "nedges": 3, "density": 0.5, "atomics": "[138, 115, 139, 127]", "group_pop": 4, "init_part_assignment": 9, "id": 13}, {"graph": null, "nnodes": 4, "nedges": 4, "density": 0.6666666666666666, "atomics": "[130, 131, 142, 143]", "group_pop": 4, "init_part_assignment": 7, "id": 14}, {"graph": null, "nnodes": 4, "nedges": 3, "density": 0.5, "atomics": "[46, 58, 70, 71]", "group_pop": 4, "init_part_assignment": 1, "id": 15}, {"graph": null, "nnodes": 4, "nedges": 3, "density": 0.5, "atomics": "[59, 34, 35, 47]", "group_pop": 4, "init_part_assignment": 1, "id": 16}, {"graph": null, "nnodes": 4, "nedges": 3, "density": 0.5, "atomics": "[40, 41, 29, 39]", "group_pop": 4, "init_part_assignment": 5, "id": 17}, {"graph": null, "nnodes": 4, "nedges": 4, "density": 0.6666666666666666, "atomics": "[128, 129, 140, 141]", "group_pop": 4, "init_part_assignment": 7, "id": 18}, {"graph": null, "nnodes": 4, "nedges": 3, "density": 0.5, "atomics": "[24, 0, 12, 13]", "group_pop": 4, "init_part_assignment": 2, "id": 19}, {"graph": null, "nnodes": 4, "nedges": 3, "density": 0.5, "atomics": "[1, 2, 26, 14]", "group_pop": 4, "init_part_assignment": 2, "id": 20}, {"graph": null, "nnodes": 4, "nedges": 3, "density": 0.5, "atomics": "[32, 56, 44, 68]", "group_pop": 4, "init_part_assignment": 6, "id": 21}, {"graph": null, "nnodes": 4, "nedges": 3, "density": 0.5, "atomics": "[42, 31, 54, 30]", "group_pop": 4, "init_part_assignment": 5, "id": 22}, {"graph": null, "nnodes": 4, "nedges": 4, "density": 0.6666666666666666, "atomics": "[10, 11, 22, 23]", "group_pop": 4, "init_part_assignment": 0, "id": 23}, {"graph": null, "nnodes": 4, "nedges": 3, "density": 0.5, "atomics": "[33, 45, 69, 57]", "group_pop": 4, "init_part_assignment": 0, "id": 24}, {"graph": null, "nnodes": 4, "nedges": 4, "density": 0.6666666666666666, "atomics": "[72, 73, 84, 85]", "group_pop": 4, "init_part_assignment": 8, "id": 25}, {"graph": null, "nnodes": 4, "nedges": 4, "density": 0.6666666666666666, "atomics": "[48, 49, 60, 61]", "group_pop": 4, "init_part_assignment": 8, "id": 26}, {"graph": null, "nnodes": 4, "nedges": 3, "density": 0.5, "atomics": "[116, 117, 118, 119]", "group_pop": 4, "init_part_assignment": 7, "id": 27}, {"graph": null, "nnodes": 4, "nedges": 3, "density": 0.5, "atomics": "[83, 107, 94, 95]", "group_pop": 4, "init_part_assignment": 1, "id": 28}, {"graph": null, "nnodes": 4, "nedges": 3, "density": 0.5, "atomics": "[104, 105, 106, 92]", "group_pop": 4, "init_part_assignment": 6, "id": 29}, {"graph": null, "nnodes": 4, "nedges": 3, "density": 0.5, "atomics": "[25, 36, 37, 38]", "group_pop": 4, "init_part_assignment": 2, "id": 30}, {"graph": null, "nnodes": 4, "nedges": 3, "density": 0.5, "atomics": "[43, 66, 67, 55]", "group_pop": 4, "init_part_assignment": 11, "id": 31}, {"graph": null, "nnodes": 4, "nedges": 3, "density": 0.5, "atomics": "[80, 81, 82, 93]", "group_pop": 4, "init_part_assignment": 6, "id": 32}, {"graph": null, "nnodes": 4, "nedges": 3, "density": 0.5, "atomics": "[96, 97, 98, 86]", "group_pop": 4, "init_part_assignment": 10, "id": 33}, {"graph": null, "nnodes": 4, "nedges": 4, "density": 0.6666666666666666, "atomics": "[88, 99, 100, 87]", "group_pop": 4, "init_part_assignment": 11, "id": 34}, {"graph": null, "nnodes": 4, "nedges": 3, "density": 0.5, "atomics": "[112, 113, 114, 111]", "group_pop": 4, "init_part_assignment": 4, "id": 35}], "adjacency": [[{"weight": 3, "random_weight": 0.6160488243873375, "id": 1}, {"weight": 2, "random_weight": 0.32142980950625055, "id": 6}, {"weight": 1, "random_weight": 0.6701191182215758, "id": 17}], [{"weight": 3, "random_weight": 0.6160488243873375, "id": 0}, {"weight": 3, "random_weight": 0.7761665941557129, "id": 17}, {"weight": 3, "random_weight": 0.6616384280422821, "id": 20}], [{"weight": 1, "random_weight": 0.9224430935416618, "id": 3}, {"weight": 3, "random_weight": 0.03751895974103603, "id": 4}, {"weight": 2, "random_weight": 0.7350310654471808, "id": 34}, {"weight": 2, "random_weight": 0.7832195638202003, "id": 35}], [{"weight": 1, "random_weight": 0.9224430935416618, "id": 2}, {"weight": 1, "random_weight": 0.6881354536875629, "id": 4}, {"weight": 1, "random_weight": 0.7486129331590063, "id": 10}, {"weight": 3, "random_weight": 0.9745577701525485, "id": 11}, {"weight": 1, "random_weight": 0.774882012717665, "id": 31}, {"weight": 1, "random_weight": 0.564471364137765, "id": 34}], [{"weight": 3, "random_weight": 0.03751895974103603, "id": 2}, {"weight": 1, "random_weight": 0.6881354536875629, "id": 3}, {"weight": 1, "random_weight": 0.2686023391097022, "id": 13}, {"weight": 2, "random_weight": 0.8714089944365642, "id": 29}, {"weight": 2, "random_weight": 0.051454992207504824, "id": 31}, {"weight": 1, "random_weight": 0.32027581880942213, "id": 32}], [{"weight": 2, "random_weight": 0.8043211942965776, "id": 6}, {"weight": 1, "random_weight": 0.9307986227315967, "id": 21}, {"weight": 2, "random_weight": 0.8062358624539242, "id": 23}, {"weight": 1, "random_weight": 0.291683546820126, "id": 24}], [{"weight": 2, "random_weight": 0.32142980950625055, "id": 0}, {"weight": 2, "random_weight": 0.8043211942965776, "id": 5}, {"weight": 2, "random_weight": 0.7045657437248509, "id": 22}], [{"weight": 3, "random_weight": 0.2590814348554733, "id": 8}, {"weight": 2, "random_weight": 0.6386631157756903, "id": 9}, {"weight": 2, "random_weight": 0.007752116186202973, "id": 33}, {"weight": 1, "random_weight": 0.48463982369141956, "id": 35}], [{"weight": 3, "random_weight": 0.2590814348554733, "id": 7}, {"weight": 1, "random_weight": 0.5017556942800937, "id": 9}, {"weight": 1, "random_weight": 0.9756078816874143, "id": 33}], [{"weight": 2, "random_weight": 0.6386631157756903, "id": 7}, {"weight": 1, "random_weight": 0.5017556942800937, "id": 8}, {"weight": 3, "random_weight": 0.47034069152289404, "id": 12}, {"weight": 1, "random_weight": 0.004563036061332126, "id": 35}], [{"weight": 1, "random_weight": 0.7486129331590063, "id": 3}, {"weight": 3, "random_weight": 0.7144950854451587, "id": 11}, {"weight": 1, "random_weight": 0.18091165250050023, "id": 25}, {"weight": 2, "random_weight": 0.7157835429832469, "id": 26}, {"weight": 1, "random_weight": 0.6064866109985223, "id": 30}, {"weight": 1, "random_weight": 0.04257910186315528, "id": 33}, {"weight": 1, "random_weight": 0.7706544844029425, "id": 34}], [{"weight": 3, "random_weight": 0.9745577701525485, "id": 3}, {"weight": 3, "random_weight": 0.7144950854451587, "id": 10}, {"weight": 3, "random_weight": 0.9037320382514604, "id": 17}, {"weight": 1, "random_weight": 0.19696321140349504, "id": 22}], [{"weight": 3, "random_weight": 0.47034069152289404, "id": 9}, {"weight": 3, "random_weight": 0.5315486977026033, "id": 13}, {"weight": 3, "random_weight": 0.4458222148174975, "id": 35}], [{"weight": 1, "random_weight": 0.2686023391097022, "id": 4}, {"weight": 3, "random_weight": 0.5315486977026033, "id": 12}, {"weight": 2, "random_weight": 0.9432000774904441, "id": 18}, {"weight": 1, "random_weight": 0.9376664782361568, "id": 27}, {"weight": 1, "random_weight": 0.7742479635720416, "id": 35}], [{"weight": 2, "random_weight": 0.294707071563605, "id": 18}, {"weight": 2, "random_weight": 0.7530641370039256, "id": 27}], [{"weight": 4, "random_weight": 0.7484943949268317, "id": 16}, {"weight": 3, "random_weight": 0.39195863376896045, "id": 24}, {"weight": 1, "random_weight": 0.3444127660226727, "id": 28}, {"weight": 1, "random_weight": 0.6030817173033973, "id": 32}], [{"weight": 4, "random_weight": 0.7484943949268317, "id": 15}, {"weight": 2, "random_weight": 0.9110397791126584, "id": 23}, {"weight": 1, "random_weight": 0.6711063211819375, "id": 24}], [{"weight": 1, "random_weight": 0.6701191182215758, "id": 0}, {"weight": 3, "random_weight": 0.7761665941557129, "id": 1}, {"weight": 3, "random_weight": 0.9037320382514604, "id": 11}, {"weight": 2, "random_weight": 0.29445211764680557, "id": 22}, {"weight": 1, "random_weight": 0.8938923686557028, "id": 30}], [{"weight": 2, "random_weight": 0.9432000774904441, "id": 13}, {"weight": 2, "random_weight": 0.294707071563605, "id": 14}, {"weight": 2, "random_weight": 0.4746180840872287, "id": 27}], [{"weight": 3, "random_weight": 0.5389302754286399, "id": 20}, {"weight": 3, "random_weight": 0.0034612214268675556, "id": 30}], [{"weight": 3, "random_weight": 0.6616384280422821, "id": 1}, {"weight": 3, "random_weight": 0.5389302754286399, "id": 19}, {"weight": 2, "random_weight": 0.4067704877219074, "id": 30}], [{"weight": 1, "random_weight": 0.9307986227315967, "id": 5}, {"weight": 1, "random_weight": 0.9885743910110474, "id": 22}, {"weight": 4, "random_weight": 0.6481017874035996, "id": 24}, {"weight": 3, "random_weight": 0.8810813613080404, "id": 31}, {"weight": 1, "random_weight": 0.5099918532486121, "id": 32}], [{"weight": 2, "random_weight": 0.7045657437248509, "id": 6}, {"weight": 1, "random_weight": 0.19696321140349504, "id": 11}, {"weight": 2, "random_weight": 0.29445211764680557, "id": 17}, {"weight": 1, "random_weight": 0.9885743910110474, "id": 21}, {"weight": 4, "random_weight": 0.6113430262166945, "id": 31}], [{"weight": 2, "random_weight": 0.8062358624539242, "id": 5}, {"weight": 2, "random_weight": 0.9110397791126584, "id": 16}], [{"weight": 1, "random_weight": 0.291683546820126, "id": 5}, {"weight": 3, "random_weight": 0.39195863376896045, "id": 15}, {"weight": 1, "random_weight": 0.6711063211819375, "id": 16}, {"weight": 4, "random_weight": 0.6481017874035996, "id": 21}, {"weight": 1, "random_weight": 0.11449565745304857, "id": 32}], [{"weight": 1, "random_weight": 0.18091165250050023, "id": 10}, {"weight": 2, "random_weight": 0.12083271028045361, "id": 26}, {"weight": 3, "random_weight": 0.29842066221263663, "id": 33}], [{"weight": 2, "random_weight": 0.7157835429832469, "id": 10}, {"weight": 2, "random_weight": 0.12083271028045361, "id": 25}, {"weight": 2, "random_weight": 0.6199435687600715, "id": 30}], [{"weight": 1, "random_weight": 0.9376664782361568, "id": 13}, {"weight": 2, "random_weight": 0.7530641370039256, "id": 14}, {"weight": 2, "random_weight": 0.4746180840872287, "id": 18}, {"weight": 1, "random_weight": 0.963975370217032, "id": 28}, {"weight": 3, "random_weight": 0.9458023776121897, "id": 29}], [{"weight": 1, "random_weight": 0.3444127660226727, "id": 15}, {"weight": 1, "random_weight": 0.963975370217032, "id": 27}, {"weight": 2, "random_weight": 0.2694586404683611, "id": 29}, {"weight": 3, "random_weight": 0.932091960415061, "id": 32}], [{"weight": 2, "random_weight": 0.8714089944365642, "id": 4}, {"weight": 3, "random_weight": 0.9458023776121897, "id": 27}, {"weight": 2, "random_weight": 0.2694586404683611, "id": 28}, {"weight": 3, "random_weight": 0.15168730656848595, "id": 32}], [{"weight": 1, "random_weight": 0.6064866109985223, "id": 10}, {"weight": 1, "random_weight": 0.8938923686557028, "id": 17}, {"weight": 3, "random_weight": 0.0034612214268675556, "id": 19}, {"weight": 2, "random_weight": 0.4067704877219074, "id": 20}, {"weight": 2, "random_weight": 0.6199435687600715, "id": 26}], [{"weight": 1, "random_weight": 0.774882012717665, "id": 3}, {"weight": 2, "random_weight": 0.051454992207504824, "id": 4}, {"weight": 3, "random_weight": 0.8810813613080404, "id": 21}, {"weight": 4, "random_weight": 0.6113430262166945, "id": 22}], [{"weight": 1, "random_weight": 0.32027581880942213, "id": 4}, {"weight": 1, "random_weight": 0.6030817173033973, "id": 15}, {"weight": 1, "random_weight": 0.5099918532486121, "id": 21}, {"weight": 1, "random_weight": 0.11449565745304857, "id": 24}, {"weight": 3, "random_weight": 0.932091960415061, "id": 28}, {"weight": 3, "random_weight": 0.15168730656848595, "id": 29}], [{"weight": 2, "random_weight": 0.007752116186202973, "id": 7}, {"weight": 1, "random_weight": 0.9756078816874143, "id": 8}, {"weight": 1, "random_weight": 0.04257910186315528, "id": 10}, {"weight": 3, "random_weight": 0.29842066221263663, "id": 25}, {"weight": 2, "random_weight": 0.7632866690968745, "id": 34}], [{"weight": 2, "random_weight": 0.7350310654471808, "id": 2}, {"weight": 1, "random_weight": 0.564471364137765, "id": 3}, {"weight": 1, "random_weight": 0.7706544844029425, "id": 10}, {"weight": 2, "random_weight": 0.7632866690968745, "id": 33}, {"weight": 2, "random_weight": 0.4645423591872321, "id": 35}], [{"weight": 2, "random_weight": 0.7832195638202003, "id": 2}, {"weight": 1, "random_weight": 0.48463982369141956, "id": 7}, {"weight": 1, "random_weight": 0.004563036061332126, "id": 9}, {"weight": 3, "random_weight": 0.4458222148174975, "id": 12}, {"weight": 1, "random_weight": 0.7742479635720416, "id": 13}, {"weight": 2, "random_weight": 0.4645423591872321, "id": 34}]]}