{"directed": false, "multigraph": false, "graph": [], "nodes": [{"graph": null, "nnodes": 4, "nedges": 3, "density": 0.5, "atomics": "[16, 3, 4, 5]", "group_pop": 4, "init_part_assignment": 9, "id": 0}, {"graph": null, "nnodes": 4, "nedges": 3, "density": 0.5, "atomics": "[17, 28, 29, 30]", "group_pop": 4, "init_part_assignment": 11, "id": 1}, {"graph": null, "nnodes": 4, "nedges": 3, "density": 0.5, "atomics": "[25, 26, 27, 15]", "group_pop": 4, "init_part_assignment": 9, "id": 2}, {"graph": null, "nnodes": 4, "nedges": 4, "density": 0.6666666666666666, "atomics": "[88, 89, 100, 101]", "group_pop": 4, "init_part_assignment": 4, "id": 3}, {"graph": null, "nnodes": 4, "nedges": 3, "density": 0.5, "atomics": "[78, 90, 102, 114]", "group_pop": 4, "init_part_assignment": 10, "id": 4}, {"graph": null, "nnodes": 4, "nedges": 3, "density": 0.5, "atomics": "[75, 76, 77, 87]", "group_pop": 4, "init_part_assignment": 5, "id": 5}, {"graph": null, "nnodes": 4, "nedges": 3, "density": 0.5, "atomics": "[8, 9, 10, 11]", "group_pop": 4, "init_part_assignment": 7, "id": 6}, {"graph": null, "nnodes": 4, "nedges": 4, "density": 0.6666666666666666, "atomics": "[32, 33, 20, 21]", "group_pop": 4, "init_part_assignment": 7, "id": 7}, {"graph": null, "nnodes": 4, "nedges": 4, "density": 0.6666666666666666, "atomics": "[18, 19, 6, 7]", "group_pop": 4, "init_part_assignment": 9, "id": 8}, {"graph": null, "nnodes": 4, "nedges": 4, "density": 0.6666666666666666, "atomics": "[120, 121, 108, 109]", "group_pop": 4, "init_part_assignment": 4, "id": 9}, {"graph": null, "nnodes": 4, "nedges": 3, "density": 0.5, "atomics": "[122, 132, 133, 134]", "group_pop": 4, "init_part_assignment": 0, "id": 10}, {"graph": null, "nnodes": 4, "nedges": 3, "density": 0.5, "atomics": "[112, 113, 110, 111]", "group_pop": 4, "init_part_assignment": 4, "id": 11}, {"graph": null, "nnodes": 4, "nedges": 4, "density": 0.6666666666666666, "atomics": "[49, 50, 37, 38]", "group_pop": 4, "init_part_assignment": 8, "id": 12}, {"graph": null, "nnodes": 4, "nedges": 4, "density": 0.6666666666666666, "atomics": "[40, 51, 52, 39]", "group_pop": 4, "init_part_assignment": 8, "id": 13}, {"graph": null, "nnodes": 4, "nedges": 3, "density": 0.5, "atomics": "[64, 61, 62, 63]", "group_pop": 4, "init_part_assignment": 8, "id": 14}, {"graph": null, "nnodes": 4, "nedges": 4, "density": 0.6666666666666666, "atomics": "[136, 123, 124, 135]", "group_pop": 4, "init_part_assignment": 0, "id": 15}, {"graph": null, "nnodes": 4, "nedges": 4, "density": 0.6666666666666666, "atomics": "[137, 138, 125, 126]", "group_pop": 4, "init_part_assignment": 0, "id": 16}, {"graph": null, "nnodes": 4, "nedges": 3, "density": 0.5, "atomics": "[129, 130, 131, 143]", "group_pop": 4, "init_part_assignment": 2, "id": 17}, {"graph": null, "nnodes": 4, "nedges": 3, "density": 0.5, "atomics": "[139, 140, 141, 142]", "group_pop": 4, "init_part_assignment": 2, "id": 18}, {"graph": null, "nnodes": 4, "nedges": 4, "density": 0.6666666666666666, "atomics": "[58, 59, 46, 47]", "group_pop": 4, "init_part_assignment": 3, "id": 19}, {"graph": null, "nnodes": 4, "nedges": 4, "density": 0.6666666666666666, "atomics": "[128, 115, 116, 127]", "group_pop": 4, "init_part_assignment": 10, "id": 20}, {"graph": null, "nnodes": 4, "nedges": 3, "density": 0.5, "atomics": "[24, 0, 12, 36]", "group_pop": 4, "init_part_assignment": 1, "id": 21}, {"graph": null, "nnodes": 4, "nedges": 4, "density": 0.6666666666666666, "atomics": "[1, 2, 13, 14]", "group_pop": 4, "init_part_assignment": 1, "id": 22}, {"graph": null, "nnodes": 4, "nedges": 3, "density": 0.5, "atomics": "[41, 42, 43, 31]", "group_pop": 4, "init_part_assignment": 11, "id": 23}, {"graph": null, "nnodes": 4, "nedges": 4, "density": 0.6666666666666666, "atomics": "[34, 35, 22, 23]", "group_pop": 4, "init_part_assignment": 3, "id": 24}, {"graph": null, "nnodes": 4, "nedges": 4, "density": 0.6666666666666666, "atomics": "[56, 57, 44, 45]", "group_pop": 4, "init_part_assignment": 7, "id": 25}, {"graph": null, "nnodes": 4, "nedges": 3, "density": 0.5, "atomics": "[72, 48, 84, 60]", "group_pop": 4, "init_part_assignment": 1, "id": 26}, {"graph": null, "nnodes": 4, "nedges": 4, "density": 0.6666666666666666, "atomics": "[105, 106, 117, 118]", "group_pop": 4, "init_part_assignment": 6, "id": 27}, {"graph": null, "nnodes": 4, "nedges": 4, "density": 0.6666666666666666, "atomics": "[82, 83, 70, 71]", "group_pop": 4, "init_part_assignment": 3, "id": 28}, {"graph": null, "nnodes": 4, "nedges": 3, "density": 0.5, "atomics": "[107, 95, 94, 119]", "group_pop": 4, "init_part_assignment": 2, "id": 29}, {"graph": null, "nnodes": 4, "nedges": 3, "density": 0.5, "atomics": "[91, 67, 55, 79]", "group_pop": 4, "init_part_assignment": 10, "id": 30}, {"graph": null, "nnodes": 4, "nedges": 4, "density": 0.6666666666666666, "atomics": "[80, 81, 68, 69]", "group_pop": 4, "init_part_assignment": 6, "id": 31}, {"graph": null, "nnodes": 4, "nedges": 3, "density": 0.5, "atomics": "[104, 92, 93, 103]", "group_pop": 4, "init_part_assignment": 6, "id": 32}, {"graph": null, "nnodes": 4, "nedges": 4, "density": 0.6666666666666666, "atomics": "[65, 66, 53, 54]", "group_pop": 4, "init_part_assignment": 11, "id": 33}, {"graph": null, "nnodes": 4, "nedges": 3, "density": 0.5, "atomics": "[96, 97, 98, 99]", "group_pop": 4, "init_part_assignment": 5, "id": 34}, {"graph": null, "nnodes": 4, "nedges": 4, "density": 0.6666666666666666, "atomics": "[73, 74, 85, 86]", "group_pop": 4, "init_part_assignment": 5, "id": 35}], "adjacency": [[{"weight": 3, "random_weight": 0.4800442799476268, "id": 1}, {"weight": 2, "random_weight": 0.6938391230575218, "id": 2}, {"weight": 1, "random_weight": 0.3717037010495148, "id": 8}, {"weight": 1, "random_weight": 0.9607952261107928, "id": 22}], [{"weight": 3, "random_weight": 0.4800442799476268, "id": 0}, {"weight": 1, "random_weight": 0.8803424500883548, "id": 2}, {"weight": 2, "random_weight": 0.055729111616754645, "id": 8}, {"weight": 1, "random_weight": 0.2923573089708459, "id": 13}, {"weight": 3, "random_weight": 0.47202862025392534, "id": 23}], [{"weight": 2, "random_weight": 0.6938391230575218, "id": 0}, {"weight": 1, "random_weight": 0.8803424500883548, "id": 1}, {"weight": 2, "random_weight": 0.4396698537208358, "id": 12}, {"weight": 1, "random_weight": 0.13932064158651358, "id": 13}, {"weight": 1, "random_weight": 0.7687908098268043, "id": 21}, {"weight": 3, "random_weight": 0.7527292122335466, "id": 22}], [{"weight": 2, "random_weight": 0.9532418082542564, "id": 4}, {"weight": 3, "random_weight": 0.9581039674229908, "id": 5}, {"weight": 2, "random_weight": 0.8370599179822141, "id": 11}, {"weight": 1, "random_weight": 0.8754289734594723, "id": 34}], [{"weight": 2, "random_weight": 0.9532418082542564, "id": 3}, {"weight": 1, "random_weight": 0.37349883568863074, "id": 5}, {"weight": 1, "random_weight": 0.5498332144435035, "id": 11}, {"weight": 1, "random_weight": 0.10424988411089064, "id": 16}, {"weight": 1, "random_weight": 0.5628780070762331, "id": 20}, {"weight": 2, "random_weight": 0.5356008774113615, "id": 30}, {"weight": 1, "random_weight": 0.9856439072665708, "id": 32}, {"weight": 1, "random_weight": 0.8026384432006641, "id": 33}], [{"weight": 3, "random_weight": 0.9581039674229908, "id": 3}, {"weight": 1, "random_weight": 0.37349883568863074, "id": 4}, {"weight": 2, "random_weight": 0.2918693936296357, "id": 14}, {"weight": 1, "random_weight": 0.8957086615647549, "id": 33}, {"weight": 1, "random_weight": 0.6925914575028429, "id": 34}, {"weight": 2, "random_weight": 0.290856913111061, "id": 35}], [{"weight": 2, "random_weight": 0.4550498598334728, "id": 7}, {"weight": 1, "random_weight": 0.6060932380972494, "id": 8}, {"weight": 2, "random_weight": 0.8574742626058288, "id": 24}], [{"weight": 2, "random_weight": 0.4550498598334728, "id": 6}, {"weight": 1, "random_weight": 0.032124171701498505, "id": 8}, {"weight": 1, "random_weight": 0.18902381918161149, "id": 23}, {"weight": 2, "random_weight": 0.9083946860015021, "id": 24}, {"weight": 2, "random_weight": 0.07345434806242779, "id": 25}], [{"weight": 1, "random_weight": 0.3717037010495148, "id": 0}, {"weight": 2, "random_weight": 0.055729111616754645, "id": 1}, {"weight": 1, "random_weight": 0.6060932380972494, "id": 6}, {"weight": 1, "random_weight": 0.032124171701498505, "id": 7}, {"weight": 1, "random_weight": 0.9502601571811775, "id": 23}], [{"weight": 3, "random_weight": 0.6962917343350713, "id": 10}, {"weight": 1, "random_weight": 0.8336132646716125, "id": 11}, {"weight": 2, "random_weight": 0.8592980014573139, "id": 34}], [{"weight": 3, "random_weight": 0.6962917343350713, "id": 9}, {"weight": 1, "random_weight": 0.9299706831606218, "id": 11}, {"weight": 2, "random_weight": 0.2490249692702201, "id": 15}], [{"weight": 2, "random_weight": 0.8370599179822141, "id": 3}, {"weight": 1, "random_weight": 0.5498332144435035, "id": 4}, {"weight": 1, "random_weight": 0.8336132646716125, "id": 9}, {"weight": 1, "random_weight": 0.9299706831606218, "id": 10}, {"weight": 2, "random_weight": 0.3801078446835331, "id": 15}, {"weight": 1, "random_weight": 0.5296148427919857, "id": 16}, {"weight": 2, "random_weight": 0.0294109324199453, "id": 34}], [{"weight": 2, "random_weight": 0.4396698537208358, "id": 2}, {"weight": 2, "random_weight": 0.6294506117438413, "id": 13}, {"weight": 2, "random_weight": 0.14779047676571422, "id": 14}, {"weight": 1, "random_weight": 0.9773156465985743, "id": 21}, {"weight": 1, "random_weight": 0.15690578153867252, "id": 26}], [{"weight": 1, "random_weight": 0.2923573089708459, "id": 1}, {"weight": 1, "random_weight": 0.13932064158651358, "id": 2}, {"weight": 2, "random_weight": 0.6294506117438413, "id": 12}, {"weight": 2, "random_weight": 0.35211650189869514, "id": 14}, {"weight": 1, "random_weight": 0.976382814307128, "id": 23}, {"weight": 1, "random_weight": 0.5928315927044877, "id": 33}], [{"weight": 2, "random_weight": 0.2918693936296357, "id": 5}, {"weight": 2, "random_weight": 0.14779047676571422, "id": 12}, {"weight": 2, "random_weight": 0.35211650189869514, "id": 13}, {"weight": 1, "random_weight": 0.829589457528664, "id": 26}, {"weight": 1, "random_weight": 0.8786367123760767, "id": 33}, {"weight": 2, "random_weight": 0.6659452676214601, "id": 35}], [{"weight": 2, "random_weight": 0.2490249692702201, "id": 10}, {"weight": 2, "random_weight": 0.3801078446835331, "id": 11}, {"weight": 2, "random_weight": 0.2361745485648512, "id": 16}], [{"weight": 1, "random_weight": 0.10424988411089064, "id": 4}, {"weight": 1, "random_weight": 0.5296148427919857, "id": 11}, {"weight": 2, "random_weight": 0.2361745485648512, "id": 15}, {"weight": 1, "random_weight": 0.250839974796337, "id": 18}, {"weight": 1, "random_weight": 0.12835889700712888, "id": 20}], [{"weight": 3, "random_weight": 0.007198968520835236, "id": 18}, {"weight": 1, "random_weight": 0.22792845666890094, "id": 20}, {"weight": 2, "random_weight": 0.5475937499082086, "id": 27}, {"weight": 1, "random_weight": 0.054318102504739674, "id": 29}], [{"weight": 1, "random_weight": 0.250839974796337, "id": 16}, {"weight": 3, "random_weight": 0.007198968520835236, "id": 17}, {"weight": 2, "random_weight": 0.3189655965204794, "id": 20}], [{"weight": 2, "random_weight": 0.47084317654789853, "id": 24}, {"weight": 2, "random_weight": 0.661873023186266, "id": 25}, {"weight": 2, "random_weight": 0.6034557300519369, "id": 28}], [{"weight": 1, "random_weight": 0.5628780070762331, "id": 4}, {"weight": 1, "random_weight": 0.12835889700712888, "id": 16}, {"weight": 1, "random_weight": 0.22792845666890094, "id": 17}, {"weight": 2, "random_weight": 0.3189655965204794, "id": 18}, {"weight": 1, "random_weight": 0.8609397768507441, "id": 27}, {"weight": 2, "random_weight": 0.6608939542626672, "id": 32}], [{"weight": 1, "random_weight": 0.7687908098268043, "id": 2}, {"weight": 1, "random_weight": 0.9773156465985743, "id": 12}, {"weight": 2, "random_weight": 0.6852626427054282, "id": 22}, {"weight": 1, "random_weight": 0.11671495174255009, "id": 26}], [{"weight": 1, "random_weight": 0.9607952261107928, "id": 0}, {"weight": 3, "random_weight": 0.7527292122335466, "id": 2}, {"weight": 2, "random_weight": 0.6852626427054282, "id": 21}], [{"weight": 3, "random_weight": 0.47202862025392534, "id": 1}, {"weight": 1, "random_weight": 0.18902381918161149, "id": 7}, {"weight": 1, "random_weight": 0.9502601571811775, "id": 8}, {"weight": 1, "random_weight": 0.976382814307128, "id": 13}, {"weight": 1, "random_weight": 0.5365836249707452, "id": 25}, {"weight": 1, "random_weight": 0.30498350530074136, "id": 30}, {"weight": 2, "random_weight": 0.05456973207012228, "id": 33}], [{"weight": 2, "random_weight": 0.8574742626058288, "id": 6}, {"weight": 2, "random_weight": 0.9083946860015021, "id": 7}, {"weight": 2, "random_weight": 0.47084317654789853, "id": 19}], [{"weight": 2, "random_weight": 0.07345434806242779, "id": 7}, {"weight": 2, "random_weight": 0.661873023186266, "id": 19}, {"weight": 1, "random_weight": 0.5365836249707452, "id": 23}, {"weight": 1, "random_weight": 0.6460265296288694, "id": 30}, {"weight": 2, "random_weight": 0.1437309146926672, "id": 31}], [{"weight": 1, "random_weight": 0.15690578153867252, "id": 12}, {"weight": 1, "random_weight": 0.829589457528664, "id": 14}, {"weight": 1, "random_weight": 0.11671495174255009, "id": 21}, {"weight": 1, "random_weight": 0.30951647515505154, "id": 34}, {"weight": 2, "random_weight": 0.5492788086306981, "id": 35}], [{"weight": 2, "random_weight": 0.5475937499082086, "id": 17}, {"weight": 1, "random_weight": 0.8609397768507441, "id": 20}, {"weight": 3, "random_weight": 0.9157758862190153, "id": 29}, {"weight": 2, "random_weight": 0.5054728906061411, "id": 32}], [{"weight": 2, "random_weight": 0.6034557300519369, "id": 19}, {"weight": 2, "random_weight": 0.47086524980288835, "id": 29}, {"weight": 2, "random_weight": 0.47941198856649436, "id": 31}], [{"weight": 1, "random_weight": 0.054318102504739674, "id": 17}, {"weight": 3, "random_weight": 0.9157758862190153, "id": 27}, {"weight": 2, "random_weight": 0.47086524980288835, "id": 28}, {"weight": 1, "random_weight": 0.6158509032264218, "id": 32}], [{"weight": 2, "random_weight": 0.5356008774113615, "id": 4}, {"weight": 1, "random_weight": 0.30498350530074136, "id": 23}, {"weight": 1, "random_weight": 0.6460265296288694, "id": 25}, {"weight": 2, "random_weight": 0.4234605450674358, "id": 31}, {"weight": 2, "random_weight": 0.17679827375681334, "id": 32}, {"weight": 2, "random_weight": 0.3715483696874813, "id": 33}], [{"weight": 2, "random_weight": 0.1437309146926672, "id": 25}, {"weight": 2, "random_weight": 0.47941198856649436, "id": 28}, {"weight": 2, "random_weight": 0.4234605450674358, "id": 30}, {"weight": 2, "random_weight": 0.017555331405654018, "id": 32}], [{"weight": 1, "random_weight": 0.9856439072665708, "id": 4}, {"weight": 2, "random_weight": 0.6608939542626672, "id": 20}, {"weight": 2, "random_weight": 0.5054728906061411, "id": 27}, {"weight": 1, "random_weight": 0.6158509032264218, "id": 29}, {"weight": 2, "random_weight": 0.17679827375681334, "id": 30}, {"weight": 2, "random_weight": 0.017555331405654018, "id": 31}], [{"weight": 1, "random_weight": 0.8026384432006641, "id": 4}, {"weight": 1, "random_weight": 0.8957086615647549, "id": 5}, {"weight": 1, "random_weight": 0.5928315927044877, "id": 13}, {"weight": 1, "random_weight": 0.8786367123760767, "id": 14}, {"weight": 2, "random_weight": 0.05456973207012228, "id": 23}, {"weight": 2, "random_weight": 0.3715483696874813, "id": 30}], [{"weight": 1, "random_weight": 0.8754289734594723, "id": 3}, {"weight": 1, "random_weight": 0.6925914575028429, "id": 5}, {"weight": 2, "random_weight": 0.8592980014573139, "id": 9}, {"weight": 2, "random_weight": 0.0294109324199453, "id": 11}, {"weight": 1, "random_weight": 0.30951647515505154, "id": 26}, {"weight": 2, "random_weight": 0.11452237138376153, "id": 35}], [{"weight": 2, "random_weight": 0.290856913111061, "id": 5}, {"weight": 2, "random_weight": 0.6659452676214601, "id": 14}, {"weight": 2, "random_weight": 0.5492788086306981, "id": 26}, {"weight": 2, "random_weight": 0.11452237138376153, "id": 34}]]}