{"directed": false, "multigraph": false, "graph": [], "nodes": [{"graph": null, "nnodes": 4, "nedges": 3, "density": 0.5, "atomics": "[16, 17, 3, 4]", "group_pop": 4, "init_part_assignment": 6, "id": 0}, {"graph": null, "nnodes": 4, "nedges": 3, "density": 0.5, "atomics": "[18, 5, 6, 30]", "group_pop": 4, "init_part_assignment": 1, "id": 1}, {"graph": null, "nnodes": 4, "nedges": 3, "density": 0.5, "atomics": "[2, 26, 14, 15]", "group_pop": 4, "init_part_assignment": 3, "id": 2}, {"graph": null, "nnodes": 4, "nedges": 3, "density": 0.5, "atomics": "[89, 100, 101, 113]", "group_pop": 4, "init_part_assignment": 9, "id": 3}, {"graph": null, "nnodes": 4, "nedges": 3, "density": 0.5, "atomics": "[65, 90, 77, 78]", "group_pop": 4, "init_part_assignment": 0, "id": 4}, {"graph": null, "nnodes": 4, "nedges": 4, "density": 0.6666666666666666, "atomics": "[8, 19, 20, 7]", "group_pop": 4, "init_part_assignment": 1, "id": 5}, {"graph": null, "nnodes": 4, "nedges": 3, "density": 0.5, "atomics": "[9, 10, 11, 23]", "group_pop": 4, "init_part_assignment": 1, "id": 6}, {"graph": null, "nnodes": 4, "nedges": 3, "density": 0.5, "atomics": "[34, 35, 21, 22]", "group_pop": 4, "init_part_assignment": 2, "id": 7}, {"graph": null, "nnodes": 4, "nedges": 3, "density": 0.5, "atomics": "[121, 122, 110, 98]", "group_pop": 4, "init_part_assignment": 4, "id": 8}, {"graph": null, "nnodes": 4, "nedges": 3, "density": 0.5, "atomics": "[120, 132, 133, 134]", "group_pop": 4, "init_part_assignment": 4, "id": 9}, {"graph": null, "nnodes": 4, "nedges": 4, "density": 0.6666666666666666, "atomics": "[96, 97, 108, 109]", "group_pop": 4, "init_part_assignment": 4, "id": 10}, {"graph": null, "nnodes": 4, "nedges": 3, "density": 0.5, "atomics": "[50, 51, 74, 62]", "group_pop": 4, "init_part_assignment": 7, "id": 11}, {"graph": null, "nnodes": 4, "nedges": 3, "density": 0.5, "atomics": "[66, 52, 53, 54]", "group_pop": 4, "init_part_assignment": 0, "id": 12}, {"graph": null, "nnodes": 4, "nedges": 4, "density": 0.6666666666666666, "atomics": "[64, 75, 76, 63]", "group_pop": 4, "init_part_assignment": 8, "id": 13}, {"graph": null, "nnodes": 4, "nedges": 4, "density": 0.6666666666666666, "atomics": "[136, 137, 124, 125]", "group_pop": 4, "init_part_assignment": 9, "id": 14}, {"graph": null, "nnodes": 4, "nedges": 4, "density": 0.6666666666666666, "atomics": "[138, 139, 126, 127]", "group_pop": 4, "init_part_assignment": 9, "id": 15}, {"graph": null, "nnodes": 4, "nedges": 4, "density": 0.6666666666666666, "atomics": "[130, 131, 142, 143]", "group_pop": 4, "init_part_assignment": 5, "id": 16}, {"graph": null, "nnodes": 4, "nedges": 4, "density": 0.6666666666666666, "atomics": "[57, 58, 45, 46]", "group_pop": 4, "init_part_assignment": 2, "id": 17}, {"graph": null, "nnodes": 4, "nedges": 3, "density": 0.5, "atomics": "[59, 47, 70, 71]", "group_pop": 4, "init_part_assignment": 11, "id": 18}, {"graph": null, "nnodes": 4, "nedges": 3, "density": 0.5, "atomics": "[40, 27, 38, 39]", "group_pop": 4, "init_part_assignment": 0, "id": 19}, {"graph": null, "nnodes": 4, "nedges": 3, "density": 0.5, "atomics": "[41, 42, 28, 29]", "group_pop": 4, "init_part_assignment": 6, "id": 20}, {"graph": null, "nnodes": 4, "nedges": 3, "density": 0.5, "atomics": "[112, 135, 123, 111]", "group_pop": 4, "init_part_assignment": 8, "id": 21}, {"graph": null, "nnodes": 4, "nedges": 4, "density": 0.6666666666666666, "atomics": "[128, 129, 140, 141]", "group_pop": 4, "init_part_assignment": 5, "id": 22}, {"graph": null, "nnodes": 4, "nedges": 4, "density": 0.6666666666666666, "atomics": "[24, 25, 36, 37]", "group_pop": 4, "init_part_assignment": 3, "id": 23}, {"graph": null, "nnodes": 4, "nedges": 4, "density": 0.6666666666666666, "atomics": "[0, 1, 12, 13]", "group_pop": 4, "init_part_assignment": 3, "id": 24}, {"graph": null, "nnodes": 4, "nedges": 3, "density": 0.5, "atomics": "[32, 33, 44, 31]", "group_pop": 4, "init_part_assignment": 2, "id": 25}, {"graph": null, "nnodes": 4, "nedges": 4, "density": 0.6666666666666666, "atomics": "[72, 73, 84, 85]", "group_pop": 4, "init_part_assignment": 7, "id": 26}, {"graph": null, "nnodes": 4, "nedges": 4, "density": 0.6666666666666666, "atomics": "[48, 49, 60, 61]", "group_pop": 4, "init_part_assignment": 7, "id": 27}, {"graph": null, "nnodes": 4, "nedges": 4, "density": 0.6666666666666666, "atomics": "[104, 105, 116, 117]", "group_pop": 4, "init_part_assignment": 10, "id": 28}, {"graph": null, "nnodes": 4, "nedges": 4, "density": 0.6666666666666666, "atomics": "[106, 107, 118, 119]", "group_pop": 4, "init_part_assignment": 5, "id": 29}, {"graph": null, "nnodes": 4, "nedges": 4, "density": 0.6666666666666666, "atomics": "[82, 83, 94, 95]", "group_pop": 4, "init_part_assignment": 11, "id": 30}, {"graph": null, "nnodes": 4, "nedges": 3, "density": 0.5, "atomics": "[56, 43, 67, 55]", "group_pop": 4, "init_part_assignment": 6, "id": 31}, {"graph": null, "nnodes": 4, "nedges": 3, "density": 0.5, "atomics": "[81, 93, 68, 69]", "group_pop": 4, "init_part_assignment": 11, "id": 32}, {"graph": null, "nnodes": 4, "nedges": 3, "density": 0.5, "atomics": "[88, 99, 86, 87]", "group_pop": 4, "init_part_assignment": 8, "id": 33}, {"graph": null, "nnodes": 4, "nedges": 4, "density": 0.6666666666666666, "atomics": "[80, 91, 92, 79]", "group_pop": 4, "init_part_assignment": 10, "id": 34}, {"graph": null, "nnodes": 4, "nedges": 4, "density": 0.6666666666666666, "atomics": "[114, 115, 102, 103]", "group_pop": 4, "init_part_assignment": 10, "id": 35}], "adjacency": [[{"weight": 3, "random_weight": 0.13157614396433037, "id": 1}, {"weight": 3, "random_weight": 0.5187596899865681, "id": 2}, {"weight": 2, "random_weight": 0.5372414175896836, "id": 20}], [{"weight": 3, "random_weight": 0.13157614396433037, "id": 0}, {"weight": 2, "random_weight": 0.7345090061451635, "id": 5}, {"weight": 2, "random_weight": 0.8662198669976877, "id": 20}, {"weight": 1, "random_weight": 0.7202666005588795, "id": 25}], [{"weight": 3, "random_weight": 0.5187596899865681, "id": 0}, {"weight": 3, "random_weight": 0.027382115452916356, "id": 19}, {"weight": 1, "random_weight": 0.796960350466547, "id": 23}, {"weight": 2, "random_weight": 0.5420412729902297, "id": 24}], [{"weight": 2, "random_weight": 0.9330670379429331, "id": 4}, {"weight": 1, "random_weight": 0.5727131813020345, "id": 14}, {"weight": 2, "random_weight": 0.7286677580810033, "id": 21}, {"weight": 3, "random_weight": 0.44547217552674656, "id": 33}, {"weight": 2, "random_weight": 0.42059840397734183, "id": 35}], [{"weight": 2, "random_weight": 0.9330670379429331, "id": 3}, {"weight": 3, "random_weight": 0.40744060782831737, "id": 12}, {"weight": 2, "random_weight": 0.6253879655692728, "id": 13}, {"weight": 2, "random_weight": 0.8920199286503822, "id": 34}, {"weight": 1, "random_weight": 0.8628763773085493, "id": 35}], [{"weight": 2, "random_weight": 0.7345090061451635, "id": 1}, {"weight": 1, "random_weight": 0.38212782512311305, "id": 6}, {"weight": 1, "random_weight": 0.7864778707798699, "id": 7}, {"weight": 2, "random_weight": 0.8648452121734608, "id": 25}], [{"weight": 1, "random_weight": 0.38212782512311305, "id": 5}, {"weight": 4, "random_weight": 0.7536720194524059, "id": 7}], [{"weight": 1, "random_weight": 0.7864778707798699, "id": 5}, {"weight": 4, "random_weight": 0.7536720194524059, "id": 6}, {"weight": 1, "random_weight": 0.2991531914696889, "id": 17}, {"weight": 1, "random_weight": 0.7675591081708428, "id": 18}, {"weight": 2, "random_weight": 0.6030457446886502, "id": 25}], [{"weight": 3, "random_weight": 0.9636133520461908, "id": 9}, {"weight": 3, "random_weight": 0.23989561455122055, "id": 10}, {"weight": 2, "random_weight": 0.16134295776175578, "id": 21}, {"weight": 2, "random_weight": 0.7807542519123811, "id": 33}], [{"weight": 3, "random_weight": 0.9636133520461908, "id": 8}, {"weight": 1, "random_weight": 0.34812643325233916, "id": 10}, {"weight": 1, "random_weight": 0.656486835845577, "id": 21}], [{"weight": 3, "random_weight": 0.23989561455122055, "id": 8}, {"weight": 1, "random_weight": 0.34812643325233916, "id": 9}, {"weight": 2, "random_weight": 0.7871071392566698, "id": 26}], [{"weight": 1, "random_weight": 0.6833019603933084, "id": 12}, {"weight": 3, "random_weight": 0.9643807196848658, "id": 13}, {"weight": 2, "random_weight": 0.6791729152581821, "id": 19}, {"weight": 1, "random_weight": 0.34811153727320243, "id": 26}, {"weight": 2, "random_weight": 0.7576488030209831, "id": 27}, {"weight": 1, "random_weight": 0.38543890116823676, "id": 33}], [{"weight": 3, "random_weight": 0.40744060782831737, "id": 4}, {"weight": 1, "random_weight": 0.6833019603933084, "id": 11}, {"weight": 1, "random_weight": 0.5318855175575641, "id": 13}, {"weight": 1, "random_weight": 0.41769858379840574, "id": 19}, {"weight": 2, "random_weight": 0.6567739433808046, "id": 20}, {"weight": 2, "random_weight": 0.8958824713544965, "id": 31}], [{"weight": 2, "random_weight": 0.6253879655692728, "id": 4}, {"weight": 3, "random_weight": 0.9643807196848658, "id": 11}, {"weight": 1, "random_weight": 0.5318855175575641, "id": 12}, {"weight": 2, "random_weight": 0.5710781830657805, "id": 33}], [{"weight": 1, "random_weight": 0.5727131813020345, "id": 3}, {"weight": 2, "random_weight": 0.6156981502594242, "id": 15}, {"weight": 3, "random_weight": 0.7602031627611777, "id": 21}], [{"weight": 2, "random_weight": 0.6156981502594242, "id": 14}, {"weight": 2, "random_weight": 0.7876382424679471, "id": 22}, {"weight": 2, "random_weight": 0.7578960823810522, "id": 35}], [{"weight": 2, "random_weight": 0.19036542957908653, "id": 22}, {"weight": 2, "random_weight": 0.5697957172576198, "id": 29}], [{"weight": 1, "random_weight": 0.2991531914696889, "id": 7}, {"weight": 3, "random_weight": 0.7670287311073003, "id": 18}, {"weight": 2, "random_weight": 0.08489522765530433, "id": 25}, {"weight": 1, "random_weight": 0.7385001241778151, "id": 31}, {"weight": 1, "random_weight": 0.43879031190071205, "id": 32}], [{"weight": 1, "random_weight": 0.7675591081708428, "id": 7}, {"weight": 3, "random_weight": 0.7670287311073003, "id": 17}, {"weight": 2, "random_weight": 0.788667796090287, "id": 30}, {"weight": 1, "random_weight": 0.25510264440898456, "id": 32}], [{"weight": 3, "random_weight": 0.027382115452916356, "id": 2}, {"weight": 2, "random_weight": 0.6791729152581821, "id": 11}, {"weight": 1, "random_weight": 0.41769858379840574, "id": 12}, {"weight": 3, "random_weight": 0.5439568870491723, "id": 20}, {"weight": 1, "random_weight": 0.7360022855847934, "id": 23}], [{"weight": 2, "random_weight": 0.5372414175896836, "id": 0}, {"weight": 2, "random_weight": 0.8662198669976877, "id": 1}, {"weight": 2, "random_weight": 0.6567739433808046, "id": 12}, {"weight": 3, "random_weight": 0.5439568870491723, "id": 19}, {"weight": 1, "random_weight": 0.24297181362212372, "id": 31}], [{"weight": 2, "random_weight": 0.7286677580810033, "id": 3}, {"weight": 2, "random_weight": 0.16134295776175578, "id": 8}, {"weight": 1, "random_weight": 0.656486835845577, "id": 9}, {"weight": 3, "random_weight": 0.7602031627611777, "id": 14}, {"weight": 1, "random_weight": 0.05301666653215742, "id": 33}], [{"weight": 2, "random_weight": 0.7876382424679471, "id": 15}, {"weight": 2, "random_weight": 0.19036542957908653, "id": 16}, {"weight": 2, "random_weight": 0.7495445389236215, "id": 28}], [{"weight": 1, "random_weight": 0.796960350466547, "id": 2}, {"weight": 1, "random_weight": 0.7360022855847934, "id": 19}, {"weight": 2, "random_weight": 0.3020314279625348, "id": 24}, {"weight": 2, "random_weight": 0.8989498289733656, "id": 27}], [{"weight": 2, "random_weight": 0.5420412729902297, "id": 2}, {"weight": 2, "random_weight": 0.3020314279625348, "id": 23}], [{"weight": 1, "random_weight": 0.7202666005588795, "id": 1}, {"weight": 2, "random_weight": 0.8648452121734608, "id": 5}, {"weight": 2, "random_weight": 0.6030457446886502, "id": 7}, {"weight": 2, "random_weight": 0.08489522765530433, "id": 17}, {"weight": 3, "random_weight": 0.6769981389639346, "id": 31}], [{"weight": 2, "random_weight": 0.7871071392566698, "id": 10}, {"weight": 1, "random_weight": 0.34811153727320243, "id": 11}, {"weight": 2, "random_weight": 0.4268831337749117, "id": 27}, {"weight": 1, "random_weight": 0.16889874539215477, "id": 33}], [{"weight": 2, "random_weight": 0.7576488030209831, "id": 11}, {"weight": 2, "random_weight": 0.8989498289733656, "id": 23}, {"weight": 2, "random_weight": 0.4268831337749117, "id": 26}], [{"weight": 2, "random_weight": 0.7495445389236215, "id": 22}, {"weight": 2, "random_weight": 0.8620593116469709, "id": 29}, {"weight": 1, "random_weight": 0.8944828220753284, "id": 32}, {"weight": 1, "random_weight": 0.6151369298343513, "id": 34}, {"weight": 2, "random_weight": 0.00028356211561020306, "id": 35}], [{"weight": 2, "random_weight": 0.5697957172576198, "id": 16}, {"weight": 2, "random_weight": 0.8620593116469709, "id": 28}, {"weight": 2, "random_weight": 0.2959859751911311, "id": 30}], [{"weight": 2, "random_weight": 0.788667796090287, "id": 18}, {"weight": 2, "random_weight": 0.2959859751911311, "id": 29}, {"weight": 2, "random_weight": 0.652358182907258, "id": 32}], [{"weight": 2, "random_weight": 0.8958824713544965, "id": 12}, {"weight": 1, "random_weight": 0.7385001241778151, "id": 17}, {"weight": 1, "random_weight": 0.24297181362212372, "id": 20}, {"weight": 3, "random_weight": 0.6769981389639346, "id": 25}, {"weight": 2, "random_weight": 0.13275492595890404, "id": 32}, {"weight": 1, "random_weight": 0.9342052191488289, "id": 34}], [{"weight": 1, "random_weight": 0.43879031190071205, "id": 17}, {"weight": 1, "random_weight": 0.25510264440898456, "id": 18}, {"weight": 1, "random_weight": 0.8944828220753284, "id": 28}, {"weight": 2, "random_weight": 0.652358182907258, "id": 30}, {"weight": 2, "random_weight": 0.13275492595890404, "id": 31}, {"weight": 3, "random_weight": 0.968159766257643, "id": 34}], [{"weight": 3, "random_weight": 0.44547217552674656, "id": 3}, {"weight": 2, "random_weight": 0.7807542519123811, "id": 8}, {"weight": 1, "random_weight": 0.38543890116823676, "id": 11}, {"weight": 2, "random_weight": 0.5710781830657805, "id": 13}, {"weight": 1, "random_weight": 0.05301666653215742, "id": 21}, {"weight": 1, "random_weight": 0.16889874539215477, "id": 26}], [{"weight": 2, "random_weight": 0.8920199286503822, "id": 4}, {"weight": 1, "random_weight": 0.6151369298343513, "id": 28}, {"weight": 1, "random_weight": 0.9342052191488289, "id": 31}, {"weight": 3, "random_weight": 0.968159766257643, "id": 32}, {"weight": 1, "random_weight": 0.41692287438259357, "id": 35}], [{"weight": 2, "random_weight": 0.42059840397734183, "id": 3}, {"weight": 1, "random_weight": 0.8628763773085493, "id": 4}, {"weight": 2, "random_weight": 0.7578960823810522, "id": 15}, {"weight": 2, "random_weight": 0.00028356211561020306, "id": 28}, {"weight": 1, "random_weight": 0.41692287438259357, "id": 34}]]}