{"directed": false, "multigraph": false, "graph": [], "nodes": [{"graph": null, "nnodes": 4, "nedges": 4, "density": 0.6666666666666666, "atomics": "[16, 17, 4, 5]", "group_pop": 4, "init_part_assignment": 0, "id": 0}, {"graph": null, "nnodes": 4, "nedges": 4, "density": 0.6666666666666666, "atomics": "[2, 3, 14, 15]", "group_pop": 4, "init_part_assignment": 0, "id": 1}, {"graph": null, "nnodes": 4, "nedges": 3, "density": 0.5, "atomics": "[88, 89, 77, 78]", "group_pop": 4, "init_part_assignment": 9, "id": 2}, {"graph": null, "nnodes": 4, "nedges": 3, "density": 0.5, "atomics": "[113, 90, 101, 102]", "group_pop": 4, "init_part_assignment": 9, "id": 3}, {"graph": null, "nnodes": 4, "nedges": 4, "density": 0.6666666666666666, "atomics": "[8, 19, 20, 7]", "group_pop": 4, "init_part_assignment": 4, "id": 4}, {"graph": null, "nnodes": 4, "nedges": 4, "density": 0.6666666666666666, "atomics": "[9, 10, 21, 22]", "group_pop": 4, "init_part_assignment": 4, "id": 5}, {"graph": null, "nnodes": 4, "nedges": 3, "density": 0.5, "atomics": "[121, 122, 110, 111]", "group_pop": 4, "init_part_assignment": 1, "id": 6}, {"graph": null, "nnodes": 4, "nedges": 3, "density": 0.5, "atomics": "[120, 132, 108, 133]", "group_pop": 4, "init_part_assignment": 7, "id": 7}, {"graph": null, "nnodes": 4, "nedges": 3, "density": 0.5, "atomics": "[136, 137, 134, 135]", "group_pop": 4, "init_part_assignment": 7, "id": 8}, {"graph": null, "nnodes": 4, "nedges": 3, "density": 0.5, "atomics": "[96, 97, 84, 109]", "group_pop": 4, "init_part_assignment": 7, "id": 9}, {"graph": null, "nnodes": 4, "nedges": 3, "density": 0.5, "atomics": "[50, 61, 74, 62]", "group_pop": 4, "init_part_assignment": 11, "id": 10}, {"graph": null, "nnodes": 4, "nedges": 3, "density": 0.5, "atomics": "[51, 52, 38, 39]", "group_pop": 4, "init_part_assignment": 10, "id": 11}, {"graph": null, "nnodes": 4, "nedges": 4, "density": 0.6666666666666666, "atomics": "[64, 75, 76, 63]", "group_pop": 4, "init_part_assignment": 11, "id": 12}, {"graph": null, "nnodes": 4, "nedges": 3, "density": 0.5, "atomics": "[138, 125, 126, 114]", "group_pop": 4, "init_part_assignment": 9, "id": 13}, {"graph": null, "nnodes": 4, "nedges": 3, "density": 0.5, "atomics": "[130, 117, 118, 106]", "group_pop": 4, "init_part_assignment": 3, "id": 14}, {"graph": null, "nnodes": 4, "nedges": 3, "density": 0.5, "atomics": "[107, 131, 95, 119]", "group_pop": 4, "init_part_assignment": 3, "id": 15}, {"graph": null, "nnodes": 4, "nedges": 3, "density": 0.5, "atomics": "[140, 141, 142, 143]", "group_pop": 4, "init_part_assignment": 5, "id": 16}, {"graph": null, "nnodes": 4, "nedges": 3, "density": 0.5, "atomics": "[57, 58, 46, 47]", "group_pop": 4, "init_part_assignment": 6, "id": 17}, {"graph": null, "nnodes": 4, "nedges": 3, "density": 0.5, "atomics": "[59, 83, 70, 71]", "group_pop": 4, "init_part_assignment": 8, "id": 18}, {"graph": null, "nnodes": 4, "nedges": 4, "density": 0.6666666666666666, "atomics": "[40, 41, 28, 29]", "group_pop": 4, "init_part_assignment": 2, "id": 19}, {"graph": null, "nnodes": 4, "nedges": 3, "density": 0.5, "atomics": "[24, 25, 26, 27]", "group_pop": 4, "init_part_assignment": 2, "id": 20}, {"graph": null, "nnodes": 4, "nedges": 3, "density": 0.5, "atomics": "[112, 124, 123, 100]", "group_pop": 4, "init_part_assignment": 1, "id": 21}, {"graph": null, "nnodes": 4, "nedges": 3, "density": 0.5, "atomics": "[128, 129, 139, 127]", "group_pop": 4, "init_part_assignment": 5, "id": 22}, {"graph": null, "nnodes": 4, "nedges": 4, "density": 0.6666666666666666, "atomics": "[0, 1, 12, 13]", "group_pop": 4, "init_part_assignment": 0, "id": 23}, {"graph": null, "nnodes": 4, "nedges": 3, "density": 0.5, "atomics": "[18, 30, 6, 31]", "group_pop": 4, "init_part_assignment": 2, "id": 24}, {"graph": null, "nnodes": 4, "nedges": 4, "density": 0.6666666666666666, "atomics": "[32, 33, 44, 45]", "group_pop": 4, "init_part_assignment": 6, "id": 25}, {"graph": null, "nnodes": 4, "nedges": 3, "density": 0.5, "atomics": "[56, 42, 43, 55]", "group_pop": 4, "init_part_assignment": 6, "id": 26}, {"graph": null, "nnodes": 4, "nedges": 3, "density": 0.5, "atomics": "[11, 34, 35, 23]", "group_pop": 4, "init_part_assignment": 4, "id": 27}, {"graph": null, "nnodes": 4, "nedges": 3, "density": 0.5, "atomics": "[72, 73, 60, 85]", "group_pop": 4, "init_part_assignment": 10, "id": 28}, {"graph": null, "nnodes": 4, "nedges": 4, "density": 0.6666666666666666, "atomics": "[48, 49, 36, 37]", "group_pop": 4, "init_part_assignment": 10, "id": 29}, {"graph": null, "nnodes": 4, "nedges": 3, "density": 0.5, "atomics": "[80, 81, 82, 94]", "group_pop": 4, "init_part_assignment": 3, "id": 30}, {"graph": null, "nnodes": 4, "nedges": 3, "density": 0.5, "atomics": "[104, 105, 115, 116]", "group_pop": 4, "init_part_assignment": 5, "id": 31}, {"graph": null, "nnodes": 4, "nedges": 3, "density": 0.5, "atomics": "[91, 92, 93, 103]", "group_pop": 4, "init_part_assignment": 8, "id": 32}, {"graph": null, "nnodes": 4, "nedges": 4, "density": 0.6666666666666666, "atomics": "[65, 66, 53, 54]", "group_pop": 4, "init_part_assignment": 11, "id": 33}, {"graph": null, "nnodes": 4, "nedges": 4, "density": 0.6666666666666666, "atomics": "[98, 99, 86, 87]", "group_pop": 4, "init_part_assignment": 1, "id": 34}, {"graph": null, "nnodes": 4, "nedges": 3, "density": 0.5, "atomics": "[67, 68, 69, 79]", "group_pop": 4, "init_part_assignment": 8, "id": 35}], "adjacency": [[{"weight": 2, "random_weight": 0.4233750271865788, "id": 1}, {"weight": 2, "random_weight": 0.6595348761950882, "id": 19}, {"weight": 2, "random_weight": 0.6435100722959021, "id": 24}], [{"weight": 2, "random_weight": 0.4233750271865788, "id": 0}, {"weight": 2, "random_weight": 0.5561959928126353, "id": 20}, {"weight": 2, "random_weight": 0.11961462143953805, "id": 23}], [{"weight": 3, "random_weight": 0.1349361974923795, "id": 3}, {"weight": 2, "random_weight": 0.5680331098475393, "id": 12}, {"weight": 1, "random_weight": 0.5258318336152483, "id": 21}, {"weight": 2, "random_weight": 0.02065936123820844, "id": 33}, {"weight": 1, "random_weight": 0.6150597978364432, "id": 34}, {"weight": 1, "random_weight": 0.8800674204975844, "id": 35}], [{"weight": 3, "random_weight": 0.1349361974923795, "id": 2}, {"weight": 3, "random_weight": 0.9404243975980223, "id": 13}, {"weight": 2, "random_weight": 0.8483525714810904, "id": 21}, {"weight": 2, "random_weight": 0.000766069403333236, "id": 32}], [{"weight": 2, "random_weight": 0.57913664859381, "id": 5}, {"weight": 3, "random_weight": 0.8566448854985305, "id": 24}, {"weight": 1, "random_weight": 0.41343745140893506, "id": 25}], [{"weight": 2, "random_weight": 0.57913664859381, "id": 4}, {"weight": 1, "random_weight": 0.7945404776004203, "id": 25}, {"weight": 3, "random_weight": 0.065398594154509, "id": 27}], [{"weight": 2, "random_weight": 0.9168070834597725, "id": 7}, {"weight": 1, "random_weight": 0.6949506240146495, "id": 8}, {"weight": 2, "random_weight": 0.9856737054639588, "id": 9}, {"weight": 3, "random_weight": 0.2348999634305483, "id": 21}, {"weight": 2, "random_weight": 0.6536242208106027, "id": 34}], [{"weight": 2, "random_weight": 0.9168070834597725, "id": 6}, {"weight": 1, "random_weight": 0.6414437086824384, "id": 8}, {"weight": 2, "random_weight": 0.11191801264956758, "id": 9}], [{"weight": 1, "random_weight": 0.6949506240146495, "id": 6}, {"weight": 1, "random_weight": 0.6414437086824384, "id": 7}, {"weight": 2, "random_weight": 0.5434755729978793, "id": 13}, {"weight": 2, "random_weight": 0.38390073824028315, "id": 21}], [{"weight": 2, "random_weight": 0.9856737054639588, "id": 6}, {"weight": 2, "random_weight": 0.11191801264956758, "id": 7}, {"weight": 3, "random_weight": 0.7628395526582881, "id": 28}, {"weight": 1, "random_weight": 0.4200068289299753, "id": 34}], [{"weight": 2, "random_weight": 0.27871940593700506, "id": 11}, {"weight": 2, "random_weight": 0.15813038602787044, "id": 12}, {"weight": 3, "random_weight": 0.8866169807552415, "id": 28}, {"weight": 2, "random_weight": 0.7312764897308137, "id": 29}, {"weight": 1, "random_weight": 0.5070122382906048, "id": 34}], [{"weight": 2, "random_weight": 0.27871940593700506, "id": 10}, {"weight": 2, "random_weight": 0.4221477991890422, "id": 12}, {"weight": 2, "random_weight": 0.8413111640929511, "id": 19}, {"weight": 2, "random_weight": 0.745143326263434, "id": 20}, {"weight": 1, "random_weight": 0.171565889129922, "id": 29}, {"weight": 1, "random_weight": 0.6545641532396603, "id": 33}], [{"weight": 2, "random_weight": 0.5680331098475393, "id": 2}, {"weight": 2, "random_weight": 0.15813038602787044, "id": 10}, {"weight": 2, "random_weight": 0.4221477991890422, "id": 11}, {"weight": 1, "random_weight": 0.5623200201775425, "id": 33}, {"weight": 1, "random_weight": 0.8800198411551754, "id": 34}], [{"weight": 3, "random_weight": 0.9404243975980223, "id": 3}, {"weight": 2, "random_weight": 0.5434755729978793, "id": 8}, {"weight": 1, "random_weight": 0.23698980821262916, "id": 21}, {"weight": 2, "random_weight": 0.3474148899274937, "id": 22}, {"weight": 1, "random_weight": 0.9658407097964946, "id": 31}], [{"weight": 3, "random_weight": 0.18849870168130078, "id": 15}, {"weight": 1, "random_weight": 0.4410213287702137, "id": 16}, {"weight": 2, "random_weight": 0.40768937029216745, "id": 22}, {"weight": 1, "random_weight": 0.21707627370921556, "id": 30}, {"weight": 3, "random_weight": 0.9352733241689912, "id": 31}], [{"weight": 3, "random_weight": 0.18849870168130078, "id": 14}, {"weight": 1, "random_weight": 0.5604602195094204, "id": 16}, {"weight": 1, "random_weight": 0.716121123272416, "id": 18}, {"weight": 1, "random_weight": 0.36067840450463706, "id": 30}], [{"weight": 1, "random_weight": 0.4410213287702137, "id": 14}, {"weight": 1, "random_weight": 0.5604602195094204, "id": 15}, {"weight": 3, "random_weight": 0.19025325042069474, "id": 22}], [{"weight": 3, "random_weight": 0.3981034416424445, "id": 18}, {"weight": 2, "random_weight": 0.48929014190763687, "id": 25}, {"weight": 1, "random_weight": 0.5406481200478713, "id": 26}, {"weight": 2, "random_weight": 0.8613032912815967, "id": 27}, {"weight": 1, "random_weight": 0.10911045347653736, "id": 35}], [{"weight": 1, "random_weight": 0.716121123272416, "id": 15}, {"weight": 3, "random_weight": 0.3981034416424445, "id": 17}, {"weight": 2, "random_weight": 0.3513910243774635, "id": 30}, {"weight": 1, "random_weight": 0.4002939931095474, "id": 35}], [{"weight": 2, "random_weight": 0.6595348761950882, "id": 0}, {"weight": 2, "random_weight": 0.8413111640929511, "id": 11}, {"weight": 1, "random_weight": 0.21532093471098623, "id": 20}, {"weight": 1, "random_weight": 0.14873208773952606, "id": 24}, {"weight": 1, "random_weight": 0.558975973825699, "id": 26}, {"weight": 1, "random_weight": 0.003661116672003528, "id": 33}], [{"weight": 2, "random_weight": 0.5561959928126353, "id": 1}, {"weight": 2, "random_weight": 0.745143326263434, "id": 11}, {"weight": 1, "random_weight": 0.21532093471098623, "id": 19}, {"weight": 2, "random_weight": 0.10115882450763813, "id": 23}, {"weight": 2, "random_weight": 0.9101387678880996, "id": 29}], [{"weight": 1, "random_weight": 0.5258318336152483, "id": 2}, {"weight": 2, "random_weight": 0.8483525714810904, "id": 3}, {"weight": 3, "random_weight": 0.2348999634305483, "id": 6}, {"weight": 2, "random_weight": 0.38390073824028315, "id": 8}, {"weight": 1, "random_weight": 0.23698980821262916, "id": 13}, {"weight": 1, "random_weight": 0.25913850187742493, "id": 34}], [{"weight": 2, "random_weight": 0.3474148899274937, "id": 13}, {"weight": 2, "random_weight": 0.40768937029216745, "id": 14}, {"weight": 3, "random_weight": 0.19025325042069474, "id": 16}, {"weight": 2, "random_weight": 0.6992037535043912, "id": 31}], [{"weight": 2, "random_weight": 0.11961462143953805, "id": 1}, {"weight": 2, "random_weight": 0.10115882450763813, "id": 20}], [{"weight": 2, "random_weight": 0.6435100722959021, "id": 0}, {"weight": 3, "random_weight": 0.8566448854985305, "id": 4}, {"weight": 1, "random_weight": 0.14873208773952606, "id": 19}, {"weight": 1, "random_weight": 0.6810527374306382, "id": 25}, {"weight": 2, "random_weight": 0.42231410694693505, "id": 26}], [{"weight": 1, "random_weight": 0.41343745140893506, "id": 4}, {"weight": 1, "random_weight": 0.7945404776004203, "id": 5}, {"weight": 2, "random_weight": 0.48929014190763687, "id": 17}, {"weight": 1, "random_weight": 0.6810527374306382, "id": 24}, {"weight": 2, "random_weight": 0.1995439456864585, "id": 26}, {"weight": 1, "random_weight": 0.6175523997557443, "id": 27}], [{"weight": 1, "random_weight": 0.5406481200478713, "id": 17}, {"weight": 1, "random_weight": 0.558975973825699, "id": 19}, {"weight": 2, "random_weight": 0.42231410694693505, "id": 24}, {"weight": 2, "random_weight": 0.1995439456864585, "id": 25}, {"weight": 2, "random_weight": 0.6419278587782128, "id": 33}, {"weight": 2, "random_weight": 0.9947628998554876, "id": 35}], [{"weight": 3, "random_weight": 0.065398594154509, "id": 5}, {"weight": 2, "random_weight": 0.8613032912815967, "id": 17}, {"weight": 1, "random_weight": 0.6175523997557443, "id": 25}], [{"weight": 3, "random_weight": 0.7628395526582881, "id": 9}, {"weight": 3, "random_weight": 0.8866169807552415, "id": 10}, {"weight": 1, "random_weight": 0.12970084419111994, "id": 29}, {"weight": 1, "random_weight": 0.6797843038978013, "id": 34}], [{"weight": 2, "random_weight": 0.7312764897308137, "id": 10}, {"weight": 1, "random_weight": 0.171565889129922, "id": 11}, {"weight": 2, "random_weight": 0.9101387678880996, "id": 20}, {"weight": 1, "random_weight": 0.12970084419111994, "id": 28}], [{"weight": 1, "random_weight": 0.21707627370921556, "id": 14}, {"weight": 1, "random_weight": 0.36067840450463706, "id": 15}, {"weight": 2, "random_weight": 0.3513910243774635, "id": 18}, {"weight": 3, "random_weight": 0.9579982721276249, "id": 32}, {"weight": 3, "random_weight": 0.18551495758157954, "id": 35}], [{"weight": 1, "random_weight": 0.9658407097964946, "id": 13}, {"weight": 3, "random_weight": 0.9352733241689912, "id": 14}, {"weight": 2, "random_weight": 0.6992037535043912, "id": 22}, {"weight": 4, "random_weight": 0.9962144906835356, "id": 32}], [{"weight": 2, "random_weight": 0.000766069403333236, "id": 3}, {"weight": 3, "random_weight": 0.9579982721276249, "id": 30}, {"weight": 4, "random_weight": 0.9962144906835356, "id": 31}, {"weight": 1, "random_weight": 0.8112223318143049, "id": 35}], [{"weight": 2, "random_weight": 0.02065936123820844, "id": 2}, {"weight": 1, "random_weight": 0.6545641532396603, "id": 11}, {"weight": 1, "random_weight": 0.5623200201775425, "id": 12}, {"weight": 1, "random_weight": 0.003661116672003528, "id": 19}, {"weight": 2, "random_weight": 0.6419278587782128, "id": 26}, {"weight": 1, "random_weight": 0.8148694802077773, "id": 35}], [{"weight": 1, "random_weight": 0.6150597978364432, "id": 2}, {"weight": 2, "random_weight": 0.6536242208106027, "id": 6}, {"weight": 1, "random_weight": 0.4200068289299753, "id": 9}, {"weight": 1, "random_weight": 0.5070122382906048, "id": 10}, {"weight": 1, "random_weight": 0.8800198411551754, "id": 12}, {"weight": 1, "random_weight": 0.25913850187742493, "id": 21}, {"weight": 1, "random_weight": 0.6797843038978013, "id": 28}], [{"weight": 1, "random_weight": 0.8800674204975844, "id": 2}, {"weight": 1, "random_weight": 0.10911045347653736, "id": 17}, {"weight": 1, "random_weight": 0.4002939931095474, "id": 18}, {"weight": 2, "random_weight": 0.9947628998554876, "id": 26}, {"weight": 3, "random_weight": 0.18551495758157954, "id": 30}, {"weight": 1, "random_weight": 0.8112223318143049, "id": 32}, {"weight": 1, "random_weight": 0.8148694802077773, "id": 33}]]}