{"directed": false, "multigraph": false, "graph": [], "nodes": [{"graph": null, "nnodes": 4, "nedges": 4, "density": 0.6666666666666666, "atomics": "[16, 17, 4, 5]", "group_pop": 4, "init_part_assignment": 8, "id": 0}, {"graph": null, "nnodes": 4, "nedges": 4, "density": 0.6666666666666666, "atomics": "[2, 3, 14, 15]", "group_pop": 4, "init_part_assignment": 8, "id": 1}, {"graph": null, "nnodes": 4, "nedges": 3, "density": 0.5, "atomics": "[89, 77, 100, 101]", "group_pop": 4, "init_part_assignment": 5, "id": 2}, {"graph": null, "nnodes": 4, "nedges": 4, "density": 0.6666666666666666, "atomics": "[90, 91, 102, 103]", "group_pop": 4, "init_part_assignment": 4, "id": 3}, {"graph": null, "nnodes": 4, "nedges": 4, "density": 0.6666666666666666, "atomics": "[66, 67, 78, 79]", "group_pop": 4, "init_part_assignment": 5, "id": 4}, {"graph": null, "nnodes": 4, "nedges": 4, "density": 0.6666666666666666, "atomics": "[8, 9, 20, 21]", "group_pop": 4, "init_part_assignment": 3, "id": 5}, {"graph": null, "nnodes": 4, "nedges": 4, "density": 0.6666666666666666, "atomics": "[18, 19, 6, 7]", "group_pop": 4, "init_part_assignment": 10, "id": 6}, {"graph": null, "nnodes": 4, "nedges": 4, "density": 0.6666666666666666, "atomics": "[120, 121, 108, 109]", "group_pop": 4, "init_part_assignment": 2, "id": 7}, {"graph": null, "nnodes": 4, "nedges": 3, "density": 0.5, "atomics": "[122, 132, 133, 134]", "group_pop": 4, "init_part_assignment": 2, "id": 8}, {"graph": null, "nnodes": 4, "nedges": 3, "density": 0.5, "atomics": "[135, 123, 110, 111]", "group_pop": 4, "init_part_assignment": 2, "id": 9}, {"graph": null, "nnodes": 4, "nedges": 4, "density": 0.6666666666666666, "atomics": "[50, 51, 62, 63]", "group_pop": 4, "init_part_assignment": 7, "id": 10}, {"graph": null, "nnodes": 4, "nedges": 3, "density": 0.5, "atomics": "[40, 28, 52, 53]", "group_pop": 4, "init_part_assignment": 11, "id": 11}, {"graph": null, "nnodes": 4, "nedges": 3, "density": 0.5, "atomics": "[136, 113, 124, 112]", "group_pop": 4, "init_part_assignment": 1, "id": 12}, {"graph": null, "nnodes": 4, "nedges": 4, "density": 0.6666666666666666, "atomics": "[137, 138, 125, 126]", "group_pop": 4, "init_part_assignment": 1, "id": 13}, {"graph": null, "nnodes": 4, "nedges": 3, "density": 0.5, "atomics": "[130, 142, 118, 143]", "group_pop": 4, "init_part_assignment": 0, "id": 14}, {"graph": null, "nnodes": 4, "nedges": 3, "density": 0.5, "atomics": "[107, 131, 95, 119]", "group_pop": 4, "init_part_assignment": 0, "id": 15}, {"graph": null, "nnodes": 4, "nedges": 3, "density": 0.5, "atomics": "[57, 58, 59, 45]", "group_pop": 4, "init_part_assignment": 6, "id": 16}, {"graph": null, "nnodes": 4, "nedges": 4, "density": 0.6666666666666666, "atomics": "[34, 35, 46, 47]", "group_pop": 4, "init_part_assignment": 3, "id": 17}, {"graph": null, "nnodes": 4, "nedges": 4, "density": 0.6666666666666666, "atomics": "[26, 27, 38, 39]", "group_pop": 4, "init_part_assignment": 9, "id": 18}, {"graph": null, "nnodes": 4, "nedges": 4, "density": 0.6666666666666666, "atomics": "[128, 129, 140, 141]", "group_pop": 4, "init_part_assignment": 4, "id": 19}, {"graph": null, "nnodes": 4, "nedges": 3, "density": 0.5, "atomics": "[114, 115, 139, 127]", "group_pop": 4, "init_part_assignment": 1, "id": 20}, {"graph": null, "nnodes": 4, "nedges": 3, "density": 0.5, "atomics": "[24, 0, 12, 1]", "group_pop": 4, "init_part_assignment": 8, "id": 21}, {"graph": null, "nnodes": 4, "nedges": 3, "density": 0.5, "atomics": "[32, 33, 56, 44]", "group_pop": 4, "init_part_assignment": 10, "id": 22}, {"graph": null, "nnodes": 4, "nedges": 4, "density": 0.6666666666666666, "atomics": "[42, 43, 54, 55]", "group_pop": 4, "init_part_assignment": 11, "id": 23}, {"graph": null, "nnodes": 4, "nedges": 3, "density": 0.5, "atomics": "[41, 29, 30, 31]", "group_pop": 4, "init_part_assignment": 10, "id": 24}, {"graph": null, "nnodes": 4, "nedges": 4, "density": 0.6666666666666666, "atomics": "[10, 11, 22, 23]", "group_pop": 4, "init_part_assignment": 3, "id": 25}, {"graph": null, "nnodes": 4, "nedges": 3, "density": 0.5, "atomics": "[72, 97, 84, 96]", "group_pop": 4, "init_part_assignment": 7, "id": 26}, {"graph": null, "nnodes": 4, "nedges": 4, "density": 0.6666666666666666, "atomics": "[48, 49, 60, 61]", "group_pop": 4, "init_part_assignment": 9, "id": 27}, {"graph": null, "nnodes": 4, "nedges": 4, "density": 0.6666666666666666, "atomics": "[104, 105, 116, 117]", "group_pop": 4, "init_part_assignment": 4, "id": 28}, {"graph": null, "nnodes": 4, "nedges": 4, "density": 0.6666666666666666, "atomics": "[82, 83, 70, 71]", "group_pop": 4, "init_part_assignment": 6, "id": 29}, {"graph": null, "nnodes": 4, "nedges": 3, "density": 0.5, "atomics": "[106, 92, 93, 94]", "group_pop": 4, "init_part_assignment": 0, "id": 30}, {"graph": null, "nnodes": 4, "nedges": 3, "density": 0.5, "atomics": "[25, 13, 36, 37]", "group_pop": 4, "init_part_assignment": 9, "id": 31}, {"graph": null, "nnodes": 4, "nedges": 4, "density": 0.6666666666666666, "atomics": "[80, 81, 68, 69]", "group_pop": 4, "init_part_assignment": 6, "id": 32}, {"graph": null, "nnodes": 4, "nedges": 3, "density": 0.5, "atomics": "[99, 98, 75, 87]", "group_pop": 4, "init_part_assignment": 5, "id": 33}, {"graph": null, "nnodes": 4, "nedges": 4, "density": 0.6666666666666666, "atomics": "[73, 74, 85, 86]", "group_pop": 4, "init_part_assignment": 7, "id": 34}, {"graph": null, "nnodes": 4, "nedges": 3, "density": 0.5, "atomics": "[64, 65, 88, 76]", "group_pop": 4, "init_part_assignment": 11, "id": 35}], "adjacency": [[{"weight": 2, "random_weight": 0.31812713483287014, "id": 1}, {"weight": 2, "random_weight": 0.8825634047726739, "id": 6}, {"weight": 1, "random_weight": 0.9342953791230685, "id": 11}, {"weight": 1, "random_weight": 0.7705824555943827, "id": 24}], [{"weight": 2, "random_weight": 0.31812713483287014, "id": 0}, {"weight": 2, "random_weight": 0.4217611507983555, "id": 18}, {"weight": 1, "random_weight": 0.31486131287169417, "id": 21}, {"weight": 1, "random_weight": 0.7261758827896467, "id": 31}], [{"weight": 2, "random_weight": 0.6401705045613021, "id": 3}, {"weight": 1, "random_weight": 0.27147894848716847, "id": 4}, {"weight": 2, "random_weight": 0.5576890344895513, "id": 12}, {"weight": 1, "random_weight": 0.7478136067431316, "id": 33}, {"weight": 4, "random_weight": 0.8533298551296861, "id": 35}], [{"weight": 2, "random_weight": 0.6401705045613021, "id": 2}, {"weight": 2, "random_weight": 0.5146262437956872, "id": 4}, {"weight": 2, "random_weight": 0.8946880277595929, "id": 20}, {"weight": 1, "random_weight": 0.003522465261979746, "id": 28}, {"weight": 1, "random_weight": 0.9463285966568453, "id": 30}], [{"weight": 1, "random_weight": 0.27147894848716847, "id": 2}, {"weight": 2, "random_weight": 0.5146262437956872, "id": 3}, {"weight": 2, "random_weight": 0.9385852707428126, "id": 23}, {"weight": 2, "random_weight": 0.9637221694877529, "id": 32}, {"weight": 1, "random_weight": 0.9085994703891146, "id": 35}], [{"weight": 2, "random_weight": 0.731820403262944, "id": 6}, {"weight": 2, "random_weight": 0.7831583927904385, "id": 22}, {"weight": 2, "random_weight": 0.4940215171976967, "id": 25}], [{"weight": 2, "random_weight": 0.8825634047726739, "id": 0}, {"weight": 2, "random_weight": 0.731820403262944, "id": 5}, {"weight": 2, "random_weight": 0.9086503063662498, "id": 24}], [{"weight": 3, "random_weight": 0.2534528392851809, "id": 8}, {"weight": 1, "random_weight": 0.7254378286248777, "id": 9}, {"weight": 2, "random_weight": 0.1383586141976576, "id": 26}], [{"weight": 3, "random_weight": 0.2534528392851809, "id": 7}, {"weight": 3, "random_weight": 0.25703978406836303, "id": 9}], [{"weight": 1, "random_weight": 0.7254378286248777, "id": 7}, {"weight": 3, "random_weight": 0.25703978406836303, "id": 8}, {"weight": 3, "random_weight": 0.30370652906722706, "id": 12}, {"weight": 2, "random_weight": 0.7952076651064351, "id": 33}], [{"weight": 1, "random_weight": 0.6610854198172716, "id": 11}, {"weight": 2, "random_weight": 0.41987410029239036, "id": 18}, {"weight": 2, "random_weight": 0.9596029737530803, "id": 27}, {"weight": 1, "random_weight": 0.4587505893105903, "id": 33}, {"weight": 1, "random_weight": 0.06817845629252528, "id": 34}, {"weight": 1, "random_weight": 0.7915012654570956, "id": 35}], [{"weight": 1, "random_weight": 0.9342953791230685, "id": 0}, {"weight": 1, "random_weight": 0.6610854198172716, "id": 10}, {"weight": 2, "random_weight": 0.5714014523826236, "id": 18}, {"weight": 1, "random_weight": 0.4121016949005988, "id": 23}, {"weight": 3, "random_weight": 0.6879319305828234, "id": 24}, {"weight": 2, "random_weight": 0.3656152462037826, "id": 35}], [{"weight": 2, "random_weight": 0.5576890344895513, "id": 2}, {"weight": 3, "random_weight": 0.30370652906722706, "id": 9}, {"weight": 3, "random_weight": 0.6419939636417901, "id": 13}, {"weight": 1, "random_weight": 0.5011901754973012, "id": 20}], [{"weight": 3, "random_weight": 0.6419939636417901, "id": 12}, {"weight": 3, "random_weight": 0.5810140950624053, "id": 20}], [{"weight": 3, "random_weight": 0.9985017725092762, "id": 15}, {"weight": 2, "random_weight": 0.5625815117755129, "id": 19}, {"weight": 1, "random_weight": 0.30706828840525957, "id": 28}, {"weight": 1, "random_weight": 0.6544590474400366, "id": 30}], [{"weight": 3, "random_weight": 0.9985017725092762, "id": 14}, {"weight": 1, "random_weight": 0.7158141928216586, "id": 29}, {"weight": 2, "random_weight": 0.7034138448515328, "id": 30}], [{"weight": 3, "random_weight": 0.2573871762237535, "id": 17}, {"weight": 3, "random_weight": 0.3565792274182986, "id": 22}, {"weight": 2, "random_weight": 0.32333356884486, "id": 29}, {"weight": 1, "random_weight": 0.013211739184748494, "id": 32}], [{"weight": 3, "random_weight": 0.2573871762237535, "id": 16}, {"weight": 1, "random_weight": 0.8241393263880245, "id": 22}, {"weight": 2, "random_weight": 0.29155802654372576, "id": 25}], [{"weight": 2, "random_weight": 0.4217611507983555, "id": 1}, {"weight": 2, "random_weight": 0.41987410029239036, "id": 10}, {"weight": 2, "random_weight": 0.5714014523826236, "id": 11}, {"weight": 2, "random_weight": 0.7581262057273263, "id": 31}], [{"weight": 2, "random_weight": 0.5625815117755129, "id": 14}, {"weight": 2, "random_weight": 0.9299677011339534, "id": 20}, {"weight": 2, "random_weight": 0.4213626583687953, "id": 28}], [{"weight": 2, "random_weight": 0.8946880277595929, "id": 3}, {"weight": 1, "random_weight": 0.5011901754973012, "id": 12}, {"weight": 3, "random_weight": 0.5810140950624053, "id": 13}, {"weight": 2, "random_weight": 0.9299677011339534, "id": 19}, {"weight": 1, "random_weight": 0.8703191831487974, "id": 28}], [{"weight": 1, "random_weight": 0.31486131287169417, "id": 1}, {"weight": 4, "random_weight": 0.7597844975193899, "id": 31}], [{"weight": 2, "random_weight": 0.7831583927904385, "id": 5}, {"weight": 3, "random_weight": 0.3565792274182986, "id": 16}, {"weight": 1, "random_weight": 0.8241393263880245, "id": 17}, {"weight": 2, "random_weight": 0.4360734059811775, "id": 23}, {"weight": 1, "random_weight": 0.4369613748715392, "id": 24}, {"weight": 1, "random_weight": 0.395645704550068, "id": 32}], [{"weight": 2, "random_weight": 0.9385852707428126, "id": 4}, {"weight": 1, "random_weight": 0.4121016949005988, "id": 11}, {"weight": 2, "random_weight": 0.4360734059811775, "id": 22}, {"weight": 3, "random_weight": 0.8041336099188653, "id": 24}], [{"weight": 1, "random_weight": 0.7705824555943827, "id": 0}, {"weight": 2, "random_weight": 0.9086503063662498, "id": 6}, {"weight": 3, "random_weight": 0.6879319305828234, "id": 11}, {"weight": 1, "random_weight": 0.4369613748715392, "id": 22}, {"weight": 3, "random_weight": 0.8041336099188653, "id": 23}], [{"weight": 2, "random_weight": 0.4940215171976967, "id": 5}, {"weight": 2, "random_weight": 0.29155802654372576, "id": 17}], [{"weight": 2, "random_weight": 0.1383586141976576, "id": 7}, {"weight": 1, "random_weight": 0.754069805649622, "id": 27}, {"weight": 1, "random_weight": 0.18923325134078672, "id": 33}, {"weight": 3, "random_weight": 0.003343819322483621, "id": 34}], [{"weight": 2, "random_weight": 0.9596029737530803, "id": 10}, {"weight": 1, "random_weight": 0.754069805649622, "id": 26}, {"weight": 2, "random_weight": 0.616800466343158, "id": 31}, {"weight": 1, "random_weight": 0.7465442814964799, "id": 34}], [{"weight": 1, "random_weight": 0.003522465261979746, "id": 3}, {"weight": 1, "random_weight": 0.30706828840525957, "id": 14}, {"weight": 2, "random_weight": 0.4213626583687953, "id": 19}, {"weight": 1, "random_weight": 0.8703191831487974, "id": 20}, {"weight": 3, "random_weight": 0.6631889560313539, "id": 30}], [{"weight": 1, "random_weight": 0.7158141928216586, "id": 15}, {"weight": 2, "random_weight": 0.32333356884486, "id": 16}, {"weight": 1, "random_weight": 0.9124005217789898, "id": 30}, {"weight": 2, "random_weight": 0.599368119577465, "id": 32}], [{"weight": 1, "random_weight": 0.9463285966568453, "id": 3}, {"weight": 1, "random_weight": 0.6544590474400366, "id": 14}, {"weight": 2, "random_weight": 0.7034138448515328, "id": 15}, {"weight": 3, "random_weight": 0.6631889560313539, "id": 28}, {"weight": 1, "random_weight": 0.9124005217789898, "id": 29}, {"weight": 2, "random_weight": 0.9452564288846761, "id": 32}], [{"weight": 1, "random_weight": 0.7261758827896467, "id": 1}, {"weight": 2, "random_weight": 0.7581262057273263, "id": 18}, {"weight": 4, "random_weight": 0.7597844975193899, "id": 21}, {"weight": 2, "random_weight": 0.616800466343158, "id": 27}], [{"weight": 2, "random_weight": 0.9637221694877529, "id": 4}, {"weight": 1, "random_weight": 0.013211739184748494, "id": 16}, {"weight": 1, "random_weight": 0.395645704550068, "id": 22}, {"weight": 2, "random_weight": 0.599368119577465, "id": 29}, {"weight": 2, "random_weight": 0.9452564288846761, "id": 30}], [{"weight": 1, "random_weight": 0.7478136067431316, "id": 2}, {"weight": 2, "random_weight": 0.7952076651064351, "id": 9}, {"weight": 1, "random_weight": 0.4587505893105903, "id": 10}, {"weight": 1, "random_weight": 0.18923325134078672, "id": 26}, {"weight": 3, "random_weight": 0.571082072241674, "id": 34}, {"weight": 2, "random_weight": 0.6204852481608051, "id": 35}], [{"weight": 1, "random_weight": 0.06817845629252528, "id": 10}, {"weight": 3, "random_weight": 0.003343819322483621, "id": 26}, {"weight": 1, "random_weight": 0.7465442814964799, "id": 27}, {"weight": 3, "random_weight": 0.571082072241674, "id": 33}], [{"weight": 4, "random_weight": 0.8533298551296861, "id": 2}, {"weight": 1, "random_weight": 0.9085994703891146, "id": 4}, {"weight": 1, "random_weight": 0.7915012654570956, "id": 10}, {"weight": 2, "random_weight": 0.3656152462037826, "id": 11}, {"weight": 2, "random_weight": 0.6204852481608051, "id": 33}]]}