{"directed": false, "multigraph": false, "graph": [], "nodes": [{"graph": null, "nnodes": 4, "nedges": 3, "density": 0.5, "atomics": "[16, 27, 28, 39]", "group_pop": 4, "init_part_assignment": 6, "id": 0}, {"graph": null, "nnodes": 4, "nedges": 3, "density": 0.5, "atomics": "[17, 5, 4, 29]", "group_pop": 4, "init_part_assignment": 6, "id": 1}, {"graph": null, "nnodes": 4, "nedges": 3, "density": 0.5, "atomics": "[26, 13, 14, 15]", "group_pop": 4, "init_part_assignment": 1, "id": 2}, {"graph": null, "nnodes": 4, "nedges": 3, "density": 0.5, "atomics": "[89, 90, 91, 92]", "group_pop": 4, "init_part_assignment": 0, "id": 3}, {"graph": null, "nnodes": 4, "nedges": 4, "density": 0.6666666666666666, "atomics": "[65, 66, 77, 78]", "group_pop": 4, "init_part_assignment": 0, "id": 4}, {"graph": null, "nnodes": 4, "nedges": 3, "density": 0.5, "atomics": "[8, 9, 21, 33]", "group_pop": 4, "init_part_assignment": 4, "id": 5}, {"graph": null, "nnodes": 4, "nedges": 4, "density": 0.6666666666666666, "atomics": "[18, 19, 6, 7]", "group_pop": 4, "init_part_assignment": 5, "id": 6}, {"graph": null, "nnodes": 4, "nedges": 4, "density": 0.6666666666666666, "atomics": "[121, 122, 133, 134]", "group_pop": 4, "init_part_assignment": 2, "id": 7}, {"graph": null, "nnodes": 4, "nedges": 3, "density": 0.5, "atomics": "[120, 132, 108, 109]", "group_pop": 4, "init_part_assignment": 2, "id": 8}, {"graph": null, "nnodes": 4, "nedges": 3, "density": 0.5, "atomics": "[135, 123, 110, 111]", "group_pop": 4, "init_part_assignment": 2, "id": 9}, {"graph": null, "nnodes": 4, "nedges": 3, "density": 0.5, "atomics": "[38, 50, 74, 62]", "group_pop": 4, "init_part_assignment": 8, "id": 10}, {"graph": null, "nnodes": 4, "nedges": 3, "density": 0.5, "atomics": "[40, 51, 64, 52]", "group_pop": 4, "init_part_assignment": 8, "id": 11}, {"graph": null, "nnodes": 4, "nedges": 3, "density": 0.5, "atomics": "[75, 63, 86, 87]", "group_pop": 4, "init_part_assignment": 8, "id": 12}, {"graph": null, "nnodes": 4, "nedges": 3, "density": 0.5, "atomics": "[136, 137, 124, 112]", "group_pop": 4, "init_part_assignment": 9, "id": 13}, {"graph": null, "nnodes": 4, "nedges": 3, "density": 0.5, "atomics": "[138, 139, 125, 126]", "group_pop": 4, "init_part_assignment": 11, "id": 14}, {"graph": null, "nnodes": 4, "nedges": 3, "density": 0.5, "atomics": "[143, 130, 131, 119]", "group_pop": 4, "init_part_assignment": 7, "id": 15}, {"graph": null, "nnodes": 4, "nedges": 3, "density": 0.5, "atomics": "[129, 140, 141, 142]", "group_pop": 4, "init_part_assignment": 11, "id": 16}, {"graph": null, "nnodes": 4, "nedges": 4, "density": 0.6666666666666666, "atomics": "[57, 58, 45, 46]", "group_pop": 4, "init_part_assignment": 5, "id": 17}, {"graph": null, "nnodes": 4, "nedges": 3, "density": 0.5, "atomics": "[59, 34, 35, 47]", "group_pop": 4, "init_part_assignment": 4, "id": 18}, {"graph": null, "nnodes": 4, "nedges": 3, "density": 0.5, "atomics": "[128, 115, 127, 103]", "group_pop": 4, "init_part_assignment": 11, "id": 19}, {"graph": null, "nnodes": 4, "nedges": 3, "density": 0.5, "atomics": "[24, 25, 12, 36]", "group_pop": 4, "init_part_assignment": 1, "id": 20}, {"graph": null, "nnodes": 4, "nedges": 3, "density": 0.5, "atomics": "[0, 1, 2, 3]", "group_pop": 4, "init_part_assignment": 1, "id": 21}, {"graph": null, "nnodes": 4, "nedges": 3, "density": 0.5, "atomics": "[32, 20, 44, 31]", "group_pop": 4, "init_part_assignment": 5, "id": 22}, {"graph": null, "nnodes": 4, "nedges": 3, "density": 0.5, "atomics": "[41, 42, 53, 30]", "group_pop": 4, "init_part_assignment": 6, "id": 23}, {"graph": null, "nnodes": 4, "nedges": 4, "density": 0.6666666666666666, "atomics": "[10, 11, 22, 23]", "group_pop": 4, "init_part_assignment": 4, "id": 24}, {"graph": null, "nnodes": 4, "nedges": 3, "density": 0.5, "atomics": "[72, 84, 96, 60]", "group_pop": 4, "init_part_assignment": 3, "id": 25}, {"graph": null, "nnodes": 4, "nedges": 3, "density": 0.5, "atomics": "[48, 49, 61, 37]", "group_pop": 4, "init_part_assignment": 3, "id": 26}, {"graph": null, "nnodes": 4, "nedges": 3, "density": 0.5, "atomics": "[104, 116, 117, 118]", "group_pop": 4, "init_part_assignment": 10, "id": 27}, {"graph": null, "nnodes": 4, "nedges": 4, "density": 0.6666666666666666, "atomics": "[82, 83, 70, 71]", "group_pop": 4, "init_part_assignment": 7, "id": 28}, {"graph": null, "nnodes": 4, "nedges": 4, "density": 0.6666666666666666, "atomics": "[106, 107, 94, 95]", "group_pop": 4, "init_part_assignment": 7, "id": 29}, {"graph": null, "nnodes": 4, "nedges": 3, "density": 0.5, "atomics": "[80, 81, 93, 105]", "group_pop": 4, "init_part_assignment": 10, "id": 30}, {"graph": null, "nnodes": 4, "nedges": 3, "density": 0.5, "atomics": "[56, 43, 54, 55]", "group_pop": 4, "init_part_assignment": 0, "id": 31}, {"graph": null, "nnodes": 4, "nedges": 3, "density": 0.5, "atomics": "[73, 98, 85, 97]", "group_pop": 4, "init_part_assignment": 3, "id": 32}, {"graph": null, "nnodes": 4, "nedges": 3, "density": 0.5, "atomics": "[88, 99, 100, 76]", "group_pop": 4, "init_part_assignment": 9, "id": 33}, {"graph": null, "nnodes": 4, "nedges": 3, "density": 0.5, "atomics": "[67, 68, 69, 79]", "group_pop": 4, "init_part_assignment": 10, "id": 34}, {"graph": null, "nnodes": 4, "nedges": 4, "density": 0.6666666666666666, "atomics": "[113, 114, 101, 102]", "group_pop": 4, "init_part_assignment": 9, "id": 35}], "adjacency": [[{"weight": 3, "random_weight": 0.47842491475375803, "id": 1}, {"weight": 3, "random_weight": 0.9740235877041207, "id": 2}, {"weight": 1, "random_weight": 0.037015127910931644, "id": 10}, {"weight": 3, "random_weight": 0.46480646098675504, "id": 11}], [{"weight": 3, "random_weight": 0.47842491475375803, "id": 0}, {"weight": 2, "random_weight": 0.670806418503802, "id": 6}, {"weight": 1, "random_weight": 0.01861637220474288, "id": 21}, {"weight": 2, "random_weight": 0.6575086292002619, "id": 23}], [{"weight": 3, "random_weight": 0.9740235877041207, "id": 0}, {"weight": 1, "random_weight": 0.7409192643987231, "id": 10}, {"weight": 3, "random_weight": 0.8803748658275281, "id": 20}, {"weight": 3, "random_weight": 0.3976725557745844, "id": 21}], [{"weight": 2, "random_weight": 0.2711463310525719, "id": 4}, {"weight": 1, "random_weight": 0.691997252554509, "id": 19}, {"weight": 1, "random_weight": 0.7458400300370528, "id": 27}, {"weight": 2, "random_weight": 0.8542627300028198, "id": 30}, {"weight": 1, "random_weight": 0.8435053501698304, "id": 33}, {"weight": 1, "random_weight": 0.29115042868522933, "id": 34}, {"weight": 2, "random_weight": 0.7373225202850997, "id": 35}], [{"weight": 2, "random_weight": 0.2711463310525719, "id": 3}, {"weight": 1, "random_weight": 0.7320717357612213, "id": 11}, {"weight": 1, "random_weight": 0.9185540144679215, "id": 23}, {"weight": 1, "random_weight": 0.12703308824348725, "id": 31}, {"weight": 1, "random_weight": 0.6144899209197218, "id": 33}, {"weight": 2, "random_weight": 0.3575515417613403, "id": 34}], [{"weight": 1, "random_weight": 0.9971706088536537, "id": 6}, {"weight": 1, "random_weight": 0.29799346688723716, "id": 17}, {"weight": 1, "random_weight": 0.41987731441576825, "id": 18}, {"weight": 3, "random_weight": 0.718782277526774, "id": 22}, {"weight": 2, "random_weight": 0.8904961386144812, "id": 24}], [{"weight": 2, "random_weight": 0.670806418503802, "id": 1}, {"weight": 1, "random_weight": 0.9971706088536537, "id": 5}, {"weight": 2, "random_weight": 0.5686629957069584, "id": 22}, {"weight": 1, "random_weight": 0.042056635546466326, "id": 23}], [{"weight": 3, "random_weight": 0.5684201508786523, "id": 8}, {"weight": 3, "random_weight": 0.14526165897093546, "id": 9}], [{"weight": 3, "random_weight": 0.5684201508786523, "id": 7}, {"weight": 1, "random_weight": 0.02264070187489564, "id": 9}, {"weight": 1, "random_weight": 0.5237781482300086, "id": 25}, {"weight": 1, "random_weight": 0.15329002935937486, "id": 32}], [{"weight": 3, "random_weight": 0.14526165897093546, "id": 7}, {"weight": 1, "random_weight": 0.02264070187489564, "id": 8}, {"weight": 3, "random_weight": 0.9695238310015696, "id": 13}, {"weight": 1, "random_weight": 0.8498121663227958, "id": 32}, {"weight": 1, "random_weight": 0.7315161700515629, "id": 33}], [{"weight": 1, "random_weight": 0.037015127910931644, "id": 0}, {"weight": 1, "random_weight": 0.7409192643987231, "id": 2}, {"weight": 1, "random_weight": 0.691978081858036, "id": 11}, {"weight": 3, "random_weight": 0.4456534369142281, "id": 12}, {"weight": 3, "random_weight": 0.6822789700463858, "id": 26}, {"weight": 1, "random_weight": 0.6861267692489761, "id": 32}], [{"weight": 3, "random_weight": 0.46480646098675504, "id": 0}, {"weight": 1, "random_weight": 0.7320717357612213, "id": 4}, {"weight": 1, "random_weight": 0.691978081858036, "id": 10}, {"weight": 2, "random_weight": 0.3602827134114116, "id": 12}, {"weight": 2, "random_weight": 0.7889220570795813, "id": 23}, {"weight": 1, "random_weight": 0.37403102207974404, "id": 33}], [{"weight": 3, "random_weight": 0.4456534369142281, "id": 10}, {"weight": 2, "random_weight": 0.3602827134114116, "id": 11}, {"weight": 2, "random_weight": 0.2136154242888718, "id": 32}, {"weight": 3, "random_weight": 0.7056309000375982, "id": 33}], [{"weight": 3, "random_weight": 0.9695238310015696, "id": 9}, {"weight": 3, "random_weight": 0.9501614715094494, "id": 14}, {"weight": 1, "random_weight": 0.0763453828140831, "id": 33}, {"weight": 1, "random_weight": 0.02112499645994803, "id": 35}], [{"weight": 3, "random_weight": 0.9501614715094494, "id": 13}, {"weight": 1, "random_weight": 0.6196303052751456, "id": 16}, {"weight": 2, "random_weight": 0.5342058328089023, "id": 19}, {"weight": 2, "random_weight": 0.19761312071241177, "id": 35}], [{"weight": 3, "random_weight": 0.9144098643182925, "id": 16}, {"weight": 2, "random_weight": 0.639986821937729, "id": 27}, {"weight": 1, "random_weight": 0.4555296135964574, "id": 29}], [{"weight": 1, "random_weight": 0.6196303052751456, "id": 14}, {"weight": 3, "random_weight": 0.9144098643182925, "id": 15}, {"weight": 2, "random_weight": 0.00663826238584464, "id": 19}, {"weight": 1, "random_weight": 0.3392530842036118, "id": 27}], [{"weight": 1, "random_weight": 0.29799346688723716, "id": 5}, {"weight": 3, "random_weight": 0.5253634850978687, "id": 18}, {"weight": 1, "random_weight": 0.1446520040560677, "id": 22}, {"weight": 1, "random_weight": 0.8097405260683046, "id": 28}, {"weight": 1, "random_weight": 0.5458663005636988, "id": 31}, {"weight": 1, "random_weight": 0.9204757150699097, "id": 34}], [{"weight": 1, "random_weight": 0.41987731441576825, "id": 5}, {"weight": 3, "random_weight": 0.5253634850978687, "id": 17}, {"weight": 2, "random_weight": 0.41431160146411605, "id": 24}, {"weight": 1, "random_weight": 0.4991672486497889, "id": 28}], [{"weight": 1, "random_weight": 0.691997252554509, "id": 3}, {"weight": 2, "random_weight": 0.5342058328089023, "id": 14}, {"weight": 2, "random_weight": 0.00663826238584464, "id": 16}, {"weight": 3, "random_weight": 0.43566774196901714, "id": 27}, {"weight": 2, "random_weight": 0.6664143158375738, "id": 35}], [{"weight": 3, "random_weight": 0.8803748658275281, "id": 2}, {"weight": 1, "random_weight": 0.20957661424929674, "id": 21}, {"weight": 3, "random_weight": 0.8123909988465061, "id": 26}], [{"weight": 1, "random_weight": 0.01861637220474288, "id": 1}, {"weight": 3, "random_weight": 0.3976725557745844, "id": 2}, {"weight": 1, "random_weight": 0.20957661424929674, "id": 20}], [{"weight": 3, "random_weight": 0.718782277526774, "id": 5}, {"weight": 2, "random_weight": 0.5686629957069584, "id": 6}, {"weight": 1, "random_weight": 0.1446520040560677, "id": 17}, {"weight": 1, "random_weight": 0.6148098615272769, "id": 23}, {"weight": 3, "random_weight": 0.6032790835058883, "id": 31}], [{"weight": 2, "random_weight": 0.6575086292002619, "id": 1}, {"weight": 1, "random_weight": 0.9185540144679215, "id": 4}, {"weight": 1, "random_weight": 0.042056635546466326, "id": 6}, {"weight": 2, "random_weight": 0.7889220570795813, "id": 11}, {"weight": 1, "random_weight": 0.6148098615272769, "id": 22}, {"weight": 3, "random_weight": 0.3538692966026944, "id": 31}], [{"weight": 2, "random_weight": 0.8904961386144812, "id": 5}, {"weight": 2, "random_weight": 0.41431160146411605, "id": 18}], [{"weight": 1, "random_weight": 0.5237781482300086, "id": 8}, {"weight": 2, "random_weight": 0.37659671193654365, "id": 26}, {"weight": 3, "random_weight": 0.6313674418923055, "id": 32}], [{"weight": 3, "random_weight": 0.6822789700463858, "id": 10}, {"weight": 3, "random_weight": 0.8123909988465061, "id": 20}, {"weight": 2, "random_weight": 0.37659671193654365, "id": 25}, {"weight": 1, "random_weight": 0.9965993345113477, "id": 32}], [{"weight": 1, "random_weight": 0.7458400300370528, "id": 3}, {"weight": 2, "random_weight": 0.639986821937729, "id": 15}, {"weight": 1, "random_weight": 0.3392530842036118, "id": 16}, {"weight": 3, "random_weight": 0.43566774196901714, "id": 19}, {"weight": 1, "random_weight": 0.9042394133924291, "id": 29}, {"weight": 2, "random_weight": 0.3419517373620985, "id": 30}], [{"weight": 1, "random_weight": 0.8097405260683046, "id": 17}, {"weight": 1, "random_weight": 0.4991672486497889, "id": 18}, {"weight": 2, "random_weight": 0.31848573397850566, "id": 29}, {"weight": 1, "random_weight": 0.25042509323309614, "id": 30}, {"weight": 1, "random_weight": 0.3994950733130578, "id": 34}], [{"weight": 1, "random_weight": 0.4555296135964574, "id": 15}, {"weight": 1, "random_weight": 0.9042394133924291, "id": 27}, {"weight": 2, "random_weight": 0.31848573397850566, "id": 28}, {"weight": 2, "random_weight": 0.8806179191655962, "id": 30}], [{"weight": 2, "random_weight": 0.8542627300028198, "id": 3}, {"weight": 2, "random_weight": 0.3419517373620985, "id": 27}, {"weight": 1, "random_weight": 0.25042509323309614, "id": 28}, {"weight": 2, "random_weight": 0.8806179191655962, "id": 29}, {"weight": 3, "random_weight": 0.6775829187478721, "id": 34}], [{"weight": 1, "random_weight": 0.12703308824348725, "id": 4}, {"weight": 1, "random_weight": 0.5458663005636988, "id": 17}, {"weight": 3, "random_weight": 0.6032790835058883, "id": 22}, {"weight": 3, "random_weight": 0.3538692966026944, "id": 23}, {"weight": 2, "random_weight": 0.24535178801182067, "id": 34}], [{"weight": 1, "random_weight": 0.15329002935937486, "id": 8}, {"weight": 1, "random_weight": 0.8498121663227958, "id": 9}, {"weight": 1, "random_weight": 0.6861267692489761, "id": 10}, {"weight": 2, "random_weight": 0.2136154242888718, "id": 12}, {"weight": 3, "random_weight": 0.6313674418923055, "id": 25}, {"weight": 1, "random_weight": 0.9965993345113477, "id": 26}, {"weight": 1, "random_weight": 0.5173319474407727, "id": 33}], [{"weight": 1, "random_weight": 0.8435053501698304, "id": 3}, {"weight": 1, "random_weight": 0.6144899209197218, "id": 4}, {"weight": 1, "random_weight": 0.7315161700515629, "id": 9}, {"weight": 1, "random_weight": 0.37403102207974404, "id": 11}, {"weight": 3, "random_weight": 0.7056309000375982, "id": 12}, {"weight": 1, "random_weight": 0.0763453828140831, "id": 13}, {"weight": 1, "random_weight": 0.5173319474407727, "id": 32}, {"weight": 1, "random_weight": 0.7836979725722181, "id": 35}], [{"weight": 1, "random_weight": 0.29115042868522933, "id": 3}, {"weight": 2, "random_weight": 0.3575515417613403, "id": 4}, {"weight": 1, "random_weight": 0.9204757150699097, "id": 17}, {"weight": 1, "random_weight": 0.3994950733130578, "id": 28}, {"weight": 3, "random_weight": 0.6775829187478721, "id": 30}, {"weight": 2, "random_weight": 0.24535178801182067, "id": 31}], [{"weight": 2, "random_weight": 0.7373225202850997, "id": 3}, {"weight": 1, "random_weight": 0.02112499645994803, "id": 13}, {"weight": 2, "random_weight": 0.19761312071241177, "id": 14}, {"weight": 2, "random_weight": 0.6664143158375738, "id": 19}, {"weight": 1, "random_weight": 0.7836979725722181, "id": 33}]]}