{"directed": false, "multigraph": false, "graph": [], "nodes": [{"graph": null, "nnodes": 4, "nedges": 4, "density": 0.6666666666666666, "atomics": "[16, 17, 4, 5]", "group_pop": 4, "init_part_assignment": 2, "id": 0}, {"graph": null, "nnodes": 4, "nedges": 3, "density": 0.5, "atomics": "[25, 13, 14, 15]", "group_pop": 4, "init_part_assignment": 7, "id": 1}, {"graph": null, "nnodes": 4, "nedges": 4, "density": 0.6666666666666666, "atomics": "[89, 90, 101, 102]", "group_pop": 4, "init_part_assignment": 6, "id": 2}, {"graph": null, "nnodes": 4, "nedges": 3, "density": 0.5, "atomics": "[65, 77, 53, 78]", "group_pop": 4, "init_part_assignment": 9, "id": 3}, {"graph": null, "nnodes": 4, "nedges": 3, "density": 0.5, "atomics": "[8, 9, 21, 22]", "group_pop": 4, "init_part_assignment": 1, "id": 4}, {"graph": null, "nnodes": 4, "nedges": 4, "density": 0.6666666666666666, "atomics": "[18, 19, 6, 7]", "group_pop": 4, "init_part_assignment": 2, "id": 5}, {"graph": null, "nnodes": 4, "nedges": 4, "density": 0.6666666666666666, "atomics": "[120, 121, 132, 133]", "group_pop": 4, "init_part_assignment": 0, "id": 6}, {"graph": null, "nnodes": 4, "nedges": 4, "density": 0.6666666666666666, "atomics": "[122, 123, 134, 135]", "group_pop": 4, "init_part_assignment": 0, "id": 7}, {"graph": null, "nnodes": 4, "nedges": 3, "density": 0.5, "atomics": "[96, 108, 109, 110]", "group_pop": 4, "init_part_assignment": 0, "id": 8}, {"graph": null, "nnodes": 4, "nedges": 4, "density": 0.6666666666666666, "atomics": "[49, 50, 37, 38]", "group_pop": 4, "init_part_assignment": 8, "id": 9}, {"graph": null, "nnodes": 4, "nedges": 3, "density": 0.5, "atomics": "[51, 26, 27, 39]", "group_pop": 4, "init_part_assignment": 8, "id": 10}, {"graph": null, "nnodes": 4, "nedges": 3, "density": 0.5, "atomics": "[64, 52, 62, 63]", "group_pop": 4, "init_part_assignment": 8, "id": 11}, {"graph": null, "nnodes": 4, "nedges": 4, "density": 0.6666666666666666, "atomics": "[136, 137, 124, 125]", "group_pop": 4, "init_part_assignment": 10, "id": 12}, {"graph": null, "nnodes": 4, "nedges": 3, "density": 0.5, "atomics": "[138, 139, 140, 126]", "group_pop": 4, "init_part_assignment": 10, "id": 13}, {"graph": null, "nnodes": 4, "nedges": 4, "density": 0.6666666666666666, "atomics": "[130, 131, 142, 143]", "group_pop": 4, "init_part_assignment": 5, "id": 14}, {"graph": null, "nnodes": 4, "nedges": 3, "density": 0.5, "atomics": "[58, 34, 46, 47]", "group_pop": 4, "init_part_assignment": 1, "id": 15}, {"graph": null, "nnodes": 4, "nedges": 3, "density": 0.5, "atomics": "[59, 82, 83, 71]", "group_pop": 4, "init_part_assignment": 4, "id": 16}, {"graph": null, "nnodes": 4, "nedges": 4, "density": 0.6666666666666666, "atomics": "[40, 41, 28, 29]", "group_pop": 4, "init_part_assignment": 2, "id": 17}, {"graph": null, "nnodes": 4, "nedges": 3, "density": 0.5, "atomics": "[128, 129, 116, 141]", "group_pop": 4, "init_part_assignment": 11, "id": 18}, {"graph": null, "nnodes": 4, "nedges": 3, "density": 0.5, "atomics": "[104, 115, 127, 103]", "group_pop": 4, "init_part_assignment": 11, "id": 19}, {"graph": null, "nnodes": 4, "nedges": 3, "density": 0.5, "atomics": "[24, 48, 12, 36]", "group_pop": 4, "init_part_assignment": 7, "id": 20}, {"graph": null, "nnodes": 4, "nedges": 3, "density": 0.5, "atomics": "[0, 1, 2, 3]", "group_pop": 4, "init_part_assignment": 7, "id": 21}, {"graph": null, "nnodes": 4, "nedges": 3, "density": 0.5, "atomics": "[32, 20, 30, 31]", "group_pop": 4, "init_part_assignment": 3, "id": 22}, {"graph": null, "nnodes": 4, "nedges": 3, "density": 0.5, "atomics": "[42, 43, 66, 54]", "group_pop": 4, "init_part_assignment": 3, "id": 23}, {"graph": null, "nnodes": 4, "nedges": 3, "density": 0.5, "atomics": "[11, 10, 35, 23]", "group_pop": 4, "init_part_assignment": 1, "id": 24}, {"graph": null, "nnodes": 4, "nedges": 3, "density": 0.5, "atomics": "[33, 44, 45, 57]", "group_pop": 4, "init_part_assignment": 3, "id": 25}, {"graph": null, "nnodes": 4, "nedges": 4, "density": 0.6666666666666666, "atomics": "[72, 73, 60, 61]", "group_pop": 4, "init_part_assignment": 9, "id": 26}, {"graph": null, "nnodes": 4, "nedges": 3, "density": 0.5, "atomics": "[97, 98, 84, 85]", "group_pop": 4, "init_part_assignment": 6, "id": 27}, {"graph": null, "nnodes": 4, "nedges": 4, "density": 0.6666666666666666, "atomics": "[105, 106, 117, 118]", "group_pop": 4, "init_part_assignment": 5, "id": 28}, {"graph": null, "nnodes": 4, "nedges": 3, "density": 0.5, "atomics": "[107, 95, 94, 119]", "group_pop": 4, "init_part_assignment": 5, "id": 29}, {"graph": null, "nnodes": 4, "nedges": 4, "density": 0.6666666666666666, "atomics": "[56, 67, 68, 55]", "group_pop": 4, "init_part_assignment": 4, "id": 30}, {"graph": null, "nnodes": 4, "nedges": 3, "density": 0.5, "atomics": "[81, 93, 69, 70]", "group_pop": 4, "init_part_assignment": 4, "id": 31}, {"graph": null, "nnodes": 4, "nedges": 3, "density": 0.5, "atomics": "[74, 75, 76, 86]", "group_pop": 4, "init_part_assignment": 9, "id": 32}, {"graph": null, "nnodes": 4, "nedges": 4, "density": 0.6666666666666666, "atomics": "[80, 91, 92, 79]", "group_pop": 4, "init_part_assignment": 11, "id": 33}, {"graph": null, "nnodes": 4, "nedges": 3, "density": 0.5, "atomics": "[88, 99, 87, 111]", "group_pop": 4, "init_part_assignment": 6, "id": 34}, {"graph": null, "nnodes": 4, "nedges": 3, "density": 0.5, "atomics": "[112, 113, 114, 100]", "group_pop": 4, "init_part_assignment": 10, "id": 35}], "adjacency": [[{"weight": 1, "random_weight": 0.7375449752659531, "id": 1}, {"weight": 2, "random_weight": 0.72180343317525, "id": 5}, {"weight": 2, "random_weight": 0.23588383390298073, "id": 17}, {"weight": 1, "random_weight": 0.7623763832742875, "id": 21}], [{"weight": 1, "random_weight": 0.7375449752659531, "id": 0}, {"weight": 1, "random_weight": 0.7533763183343224, "id": 9}, {"weight": 3, "random_weight": 0.6040945891835154, "id": 10}, {"weight": 2, "random_weight": 0.3711964810344973, "id": 20}, {"weight": 3, "random_weight": 0.8417438812820004, "id": 21}], [{"weight": 2, "random_weight": 0.8577762989678192, "id": 3}, {"weight": 1, "random_weight": 0.7559624185031081, "id": 19}, {"weight": 1, "random_weight": 0.6925902315080796, "id": 33}, {"weight": 1, "random_weight": 0.39073054832416276, "id": 34}, {"weight": 3, "random_weight": 0.33153637203881003, "id": 35}], [{"weight": 2, "random_weight": 0.8577762989678192, "id": 2}, {"weight": 2, "random_weight": 0.7130197389228653, "id": 11}, {"weight": 1, "random_weight": 0.4323465496741552, "id": 17}, {"weight": 3, "random_weight": 0.9278935004501677, "id": 23}, {"weight": 1, "random_weight": 0.6509250822271389, "id": 32}, {"weight": 1, "random_weight": 0.5288258236817291, "id": 33}], [{"weight": 1, "random_weight": 0.8139520860886159, "id": 5}, {"weight": 1, "random_weight": 0.5340514781881635, "id": 15}, {"weight": 2, "random_weight": 0.427643502207275, "id": 22}, {"weight": 3, "random_weight": 0.02158176347693952, "id": 24}, {"weight": 1, "random_weight": 0.9389969605221371, "id": 25}], [{"weight": 2, "random_weight": 0.72180343317525, "id": 0}, {"weight": 1, "random_weight": 0.8139520860886159, "id": 4}, {"weight": 3, "random_weight": 0.7754567707319736, "id": 22}], [{"weight": 2, "random_weight": 0.39367170645661853, "id": 7}, {"weight": 2, "random_weight": 0.28740328293817385, "id": 8}], [{"weight": 2, "random_weight": 0.39367170645661853, "id": 6}, {"weight": 1, "random_weight": 0.13239724033764255, "id": 8}, {"weight": 2, "random_weight": 0.688194080097393, "id": 12}, {"weight": 1, "random_weight": 0.546076737174528, "id": 34}], [{"weight": 2, "random_weight": 0.28740328293817385, "id": 6}, {"weight": 1, "random_weight": 0.13239724033764255, "id": 7}, {"weight": 4, "random_weight": 0.4568841961414911, "id": 27}, {"weight": 1, "random_weight": 0.6212823797387864, "id": 34}], [{"weight": 1, "random_weight": 0.7533763183343224, "id": 1}, {"weight": 3, "random_weight": 0.6304231093406949, "id": 10}, {"weight": 1, "random_weight": 0.021428672939072135, "id": 11}, {"weight": 2, "random_weight": 0.07584102553170136, "id": 20}, {"weight": 1, "random_weight": 0.35156996047603706, "id": 26}], [{"weight": 3, "random_weight": 0.6040945891835154, "id": 1}, {"weight": 3, "random_weight": 0.6304231093406949, "id": 9}, {"weight": 2, "random_weight": 0.7985559288179814, "id": 11}, {"weight": 2, "random_weight": 0.46273749987400525, "id": 17}], [{"weight": 2, "random_weight": 0.7130197389228653, "id": 3}, {"weight": 1, "random_weight": 0.021428672939072135, "id": 9}, {"weight": 2, "random_weight": 0.7985559288179814, "id": 10}, {"weight": 1, "random_weight": 0.12808440555575695, "id": 17}, {"weight": 1, "random_weight": 0.7673762524392257, "id": 26}, {"weight": 3, "random_weight": 0.061329525319257616, "id": 32}], [{"weight": 2, "random_weight": 0.688194080097393, "id": 7}, {"weight": 2, "random_weight": 0.4191837267489217, "id": 13}, {"weight": 2, "random_weight": 0.5902883371775675, "id": 35}], [{"weight": 2, "random_weight": 0.4191837267489217, "id": 12}, {"weight": 2, "random_weight": 0.6986012353327494, "id": 18}, {"weight": 2, "random_weight": 0.01479121004012629, "id": 19}, {"weight": 1, "random_weight": 0.06121893808126444, "id": 35}], [{"weight": 2, "random_weight": 0.5512759028703453, "id": 18}, {"weight": 1, "random_weight": 0.6492791239743402, "id": 28}, {"weight": 1, "random_weight": 0.9519063914490358, "id": 29}], [{"weight": 1, "random_weight": 0.5340514781881635, "id": 4}, {"weight": 2, "random_weight": 0.24502174385177744, "id": 16}, {"weight": 2, "random_weight": 0.3700489792312641, "id": 24}, {"weight": 3, "random_weight": 0.07316273839351184, "id": 25}, {"weight": 1, "random_weight": 0.818484603976597, "id": 31}], [{"weight": 2, "random_weight": 0.24502174385177744, "id": 15}, {"weight": 2, "random_weight": 0.9258339073332271, "id": 29}, {"weight": 3, "random_weight": 0.686466654933916, "id": 31}], [{"weight": 2, "random_weight": 0.23588383390298073, "id": 0}, {"weight": 1, "random_weight": 0.4323465496741552, "id": 3}, {"weight": 2, "random_weight": 0.46273749987400525, "id": 10}, {"weight": 1, "random_weight": 0.12808440555575695, "id": 11}, {"weight": 1, "random_weight": 0.7975570226378611, "id": 22}, {"weight": 1, "random_weight": 0.8681855734719097, "id": 23}], [{"weight": 2, "random_weight": 0.6986012353327494, "id": 13}, {"weight": 2, "random_weight": 0.5512759028703453, "id": 14}, {"weight": 3, "random_weight": 0.2385943046049599, "id": 19}, {"weight": 2, "random_weight": 0.892469624446775, "id": 28}], [{"weight": 1, "random_weight": 0.7559624185031081, "id": 2}, {"weight": 2, "random_weight": 0.01479121004012629, "id": 13}, {"weight": 3, "random_weight": 0.2385943046049599, "id": 18}, {"weight": 1, "random_weight": 0.7091630720323351, "id": 28}, {"weight": 2, "random_weight": 0.5709293118777747, "id": 33}, {"weight": 1, "random_weight": 0.6185202592525367, "id": 35}], [{"weight": 2, "random_weight": 0.3711964810344973, "id": 1}, {"weight": 2, "random_weight": 0.07584102553170136, "id": 9}, {"weight": 1, "random_weight": 0.9497648596463523, "id": 21}, {"weight": 1, "random_weight": 0.8796128957377412, "id": 26}], [{"weight": 1, "random_weight": 0.7623763832742875, "id": 0}, {"weight": 3, "random_weight": 0.8417438812820004, "id": 1}, {"weight": 1, "random_weight": 0.9497648596463523, "id": 20}], [{"weight": 2, "random_weight": 0.427643502207275, "id": 4}, {"weight": 3, "random_weight": 0.7754567707319736, "id": 5}, {"weight": 1, "random_weight": 0.7975570226378611, "id": 17}, {"weight": 2, "random_weight": 0.10376576328096365, "id": 23}, {"weight": 2, "random_weight": 0.10494024623242759, "id": 25}], [{"weight": 3, "random_weight": 0.9278935004501677, "id": 3}, {"weight": 1, "random_weight": 0.8681855734719097, "id": 17}, {"weight": 2, "random_weight": 0.10376576328096365, "id": 22}, {"weight": 1, "random_weight": 0.8175539535636266, "id": 25}, {"weight": 3, "random_weight": 0.7773618190835743, "id": 30}], [{"weight": 3, "random_weight": 0.02158176347693952, "id": 4}, {"weight": 2, "random_weight": 0.3700489792312641, "id": 15}], [{"weight": 1, "random_weight": 0.9389969605221371, "id": 4}, {"weight": 3, "random_weight": 0.07316273839351184, "id": 15}, {"weight": 2, "random_weight": 0.10494024623242759, "id": 22}, {"weight": 1, "random_weight": 0.8175539535636266, "id": 23}, {"weight": 2, "random_weight": 0.7926236821443491, "id": 30}, {"weight": 1, "random_weight": 0.1413568173693429, "id": 31}], [{"weight": 1, "random_weight": 0.35156996047603706, "id": 9}, {"weight": 1, "random_weight": 0.7673762524392257, "id": 11}, {"weight": 1, "random_weight": 0.8796128957377412, "id": 20}, {"weight": 2, "random_weight": 0.6202857749214801, "id": 27}, {"weight": 1, "random_weight": 0.4098434451014308, "id": 32}], [{"weight": 4, "random_weight": 0.4568841961414911, "id": 8}, {"weight": 2, "random_weight": 0.6202857749214801, "id": 26}, {"weight": 2, "random_weight": 0.850609070880383, "id": 32}, {"weight": 1, "random_weight": 0.1031744791989796, "id": 34}], [{"weight": 1, "random_weight": 0.6492791239743402, "id": 14}, {"weight": 2, "random_weight": 0.892469624446775, "id": 18}, {"weight": 1, "random_weight": 0.7091630720323351, "id": 19}, {"weight": 3, "random_weight": 0.03387268617339867, "id": 29}, {"weight": 1, "random_weight": 0.8049342620440821, "id": 31}], [{"weight": 1, "random_weight": 0.9519063914490358, "id": 14}, {"weight": 2, "random_weight": 0.9258339073332271, "id": 16}, {"weight": 3, "random_weight": 0.03387268617339867, "id": 28}, {"weight": 1, "random_weight": 0.29288546027317075, "id": 31}], [{"weight": 3, "random_weight": 0.7773618190835743, "id": 23}, {"weight": 2, "random_weight": 0.7926236821443491, "id": 25}, {"weight": 1, "random_weight": 0.7875513529653667, "id": 31}, {"weight": 2, "random_weight": 0.9516715337965691, "id": 33}], [{"weight": 1, "random_weight": 0.818484603976597, "id": 15}, {"weight": 3, "random_weight": 0.686466654933916, "id": 16}, {"weight": 1, "random_weight": 0.1413568173693429, "id": 25}, {"weight": 1, "random_weight": 0.8049342620440821, "id": 28}, {"weight": 1, "random_weight": 0.29288546027317075, "id": 29}, {"weight": 1, "random_weight": 0.7875513529653667, "id": 30}, {"weight": 2, "random_weight": 0.7517869989112929, "id": 33}], [{"weight": 1, "random_weight": 0.6509250822271389, "id": 3}, {"weight": 3, "random_weight": 0.061329525319257616, "id": 11}, {"weight": 1, "random_weight": 0.4098434451014308, "id": 26}, {"weight": 2, "random_weight": 0.850609070880383, "id": 27}, {"weight": 3, "random_weight": 0.9315399568801873, "id": 34}], [{"weight": 1, "random_weight": 0.6925902315080796, "id": 2}, {"weight": 1, "random_weight": 0.5288258236817291, "id": 3}, {"weight": 2, "random_weight": 0.5709293118777747, "id": 19}, {"weight": 2, "random_weight": 0.9516715337965691, "id": 30}, {"weight": 2, "random_weight": 0.7517869989112929, "id": 31}], [{"weight": 1, "random_weight": 0.39073054832416276, "id": 2}, {"weight": 1, "random_weight": 0.546076737174528, "id": 7}, {"weight": 1, "random_weight": 0.6212823797387864, "id": 8}, {"weight": 1, "random_weight": 0.1031744791989796, "id": 27}, {"weight": 3, "random_weight": 0.9315399568801873, "id": 32}, {"weight": 3, "random_weight": 0.5090438065675318, "id": 35}], [{"weight": 3, "random_weight": 0.33153637203881003, "id": 2}, {"weight": 2, "random_weight": 0.5902883371775675, "id": 12}, {"weight": 1, "random_weight": 0.06121893808126444, "id": 13}, {"weight": 1, "random_weight": 0.6185202592525367, "id": 19}, {"weight": 3, "random_weight": 0.5090438065675318, "id": 34}]]}