{"directed": false, "multigraph": false, "graph": [], "nodes": [{"graph": null, "nnodes": 4, "nedges": 4, "density": 0.6666666666666666, "atomics": "[16, 3, 4, 15]", "group_pop": 4, "init_part_assignment": 6, "id": 0}, {"graph": null, "nnodes": 4, "nedges": 4, "density": 0.6666666666666666, "atomics": "[17, 18, 5, 6]", "group_pop": 4, "init_part_assignment": 6, "id": 1}, {"graph": null, "nnodes": 4, "nedges": 3, "density": 0.5, "atomics": "[89, 77, 100, 101]", "group_pop": 4, "init_part_assignment": 7, "id": 2}, {"graph": null, "nnodes": 4, "nedges": 4, "density": 0.6666666666666666, "atomics": "[90, 91, 102, 103]", "group_pop": 4, "init_part_assignment": 9, "id": 3}, {"graph": null, "nnodes": 4, "nedges": 4, "density": 0.6666666666666666, "atomics": "[66, 67, 78, 79]", "group_pop": 4, "init_part_assignment": 9, "id": 4}, {"graph": null, "nnodes": 4, "nedges": 3, "density": 0.5, "atomics": "[8, 9, 21, 7]", "group_pop": 4, "init_part_assignment": 2, "id": 5}, {"graph": null, "nnodes": 4, "nedges": 4, "density": 0.6666666666666666, "atomics": "[120, 121, 132, 133]", "group_pop": 4, "init_part_assignment": 10, "id": 6}, {"graph": null, "nnodes": 4, "nedges": 3, "density": 0.5, "atomics": "[136, 137, 134, 135]", "group_pop": 4, "init_part_assignment": 10, "id": 7}, {"graph": null, "nnodes": 4, "nedges": 3, "density": 0.5, "atomics": "[122, 108, 109, 110]", "group_pop": 4, "init_part_assignment": 11, "id": 8}, {"graph": null, "nnodes": 4, "nedges": 4, "density": 0.6666666666666666, "atomics": "[50, 51, 62, 63]", "group_pop": 4, "init_part_assignment": 1, "id": 9}, {"graph": null, "nnodes": 4, "nedges": 4, "density": 0.6666666666666666, "atomics": "[64, 65, 52, 53]", "group_pop": 4, "init_part_assignment": 7, "id": 10}, {"graph": null, "nnodes": 4, "nedges": 3, "density": 0.5, "atomics": "[138, 115, 139, 127]", "group_pop": 4, "init_part_assignment": 10, "id": 11}, {"graph": null, "nnodes": 4, "nedges": 4, "density": 0.6666666666666666, "atomics": "[113, 114, 125, 126]", "group_pop": 4, "init_part_assignment": 11, "id": 12}, {"graph": null, "nnodes": 4, "nedges": 4, "density": 0.6666666666666666, "atomics": "[130, 131, 142, 143]", "group_pop": 4, "init_part_assignment": 5, "id": 13}, {"graph": null, "nnodes": 4, "nedges": 3, "density": 0.5, "atomics": "[58, 83, 82, 70]", "group_pop": 4, "init_part_assignment": 4, "id": 14}, {"graph": null, "nnodes": 4, "nedges": 3, "density": 0.5, "atomics": "[59, 35, 47, 71]", "group_pop": 4, "init_part_assignment": 4, "id": 15}, {"graph": null, "nnodes": 4, "nedges": 4, "density": 0.6666666666666666, "atomics": "[33, 34, 45, 46]", "group_pop": 4, "init_part_assignment": 2, "id": 16}, {"graph": null, "nnodes": 4, "nedges": 4, "density": 0.6666666666666666, "atomics": "[40, 41, 28, 29]", "group_pop": 4, "init_part_assignment": 7, "id": 17}, {"graph": null, "nnodes": 4, "nedges": 4, "density": 0.6666666666666666, "atomics": "[26, 27, 38, 39]", "group_pop": 4, "init_part_assignment": 1, "id": 18}, {"graph": null, "nnodes": 4, "nedges": 4, "density": 0.6666666666666666, "atomics": "[112, 123, 124, 111]", "group_pop": 4, "init_part_assignment": 11, "id": 19}, {"graph": null, "nnodes": 4, "nedges": 4, "density": 0.6666666666666666, "atomics": "[128, 129, 140, 141]", "group_pop": 4, "init_part_assignment": 5, "id": 20}, {"graph": null, "nnodes": 4, "nedges": 3, "density": 0.5, "atomics": "[24, 0, 12, 1]", "group_pop": 4, "init_part_assignment": 0, "id": 21}, {"graph": null, "nnodes": 4, "nedges": 4, "density": 0.6666666666666666, "atomics": "[32, 19, 20, 31]", "group_pop": 4, "init_part_assignment": 8, "id": 22}, {"graph": null, "nnodes": 4, "nedges": 3, "density": 0.5, "atomics": "[42, 43, 54, 30]", "group_pop": 4, "init_part_assignment": 6, "id": 23}, {"graph": null, "nnodes": 4, "nedges": 4, "density": 0.6666666666666666, "atomics": "[10, 11, 22, 23]", "group_pop": 4, "init_part_assignment": 2, "id": 24}, {"graph": null, "nnodes": 4, "nedges": 4, "density": 0.6666666666666666, "atomics": "[72, 73, 60, 61]", "group_pop": 4, "init_part_assignment": 3, "id": 25}, {"graph": null, "nnodes": 4, "nedges": 4, "density": 0.6666666666666666, "atomics": "[48, 49, 36, 37]", "group_pop": 4, "init_part_assignment": 0, "id": 26}, {"graph": null, "nnodes": 4, "nedges": 4, "density": 0.6666666666666666, "atomics": "[96, 97, 84, 85]", "group_pop": 4, "init_part_assignment": 3, "id": 27}, {"graph": null, "nnodes": 4, "nedges": 3, "density": 0.5, "atomics": "[116, 117, 118, 119]", "group_pop": 4, "init_part_assignment": 5, "id": 28}, {"graph": null, "nnodes": 4, "nedges": 4, "density": 0.6666666666666666, "atomics": "[106, 107, 94, 95]", "group_pop": 4, "init_part_assignment": 4, "id": 29}, {"graph": null, "nnodes": 4, "nedges": 3, "density": 0.5, "atomics": "[25, 2, 13, 14]", "group_pop": 4, "init_part_assignment": 0, "id": 30}, {"graph": null, "nnodes": 4, "nedges": 4, "density": 0.6666666666666666, "atomics": "[104, 105, 92, 93]", "group_pop": 4, "init_part_assignment": 9, "id": 31}, {"graph": null, "nnodes": 4, "nedges": 3, "density": 0.5, "atomics": "[56, 57, 44, 55]", "group_pop": 4, "init_part_assignment": 8, "id": 32}, {"graph": null, "nnodes": 4, "nedges": 4, "density": 0.6666666666666666, "atomics": "[80, 81, 68, 69]", "group_pop": 4, "init_part_assignment": 8, "id": 33}, {"graph": null, "nnodes": 4, "nedges": 3, "density": 0.5, "atomics": "[98, 99, 74, 86]", "group_pop": 4, "init_part_assignment": 3, "id": 34}, {"graph": null, "nnodes": 4, "nedges": 4, "density": 0.6666666666666666, "atomics": "[88, 75, 76, 87]", "group_pop": 4, "init_part_assignment": 1, "id": 35}], "adjacency": [[{"weight": 2, "random_weight": 0.5190369372025865, "id": 1}, {"weight": 1, "random_weight": 0.8466256646584283, "id": 17}, {"weight": 1, "random_weight": 0.4111165638081513, "id": 18}, {"weight": 2, "random_weight": 0.8989941025418748, "id": 30}], [{"weight": 2, "random_weight": 0.5190369372025865, "id": 0}, {"weight": 1, "random_weight": 0.5523155036060041, "id": 5}, {"weight": 1, "random_weight": 0.6981944288279854, "id": 17}, {"weight": 1, "random_weight": 0.6822811534808623, "id": 22}, {"weight": 1, "random_weight": 0.5004360137580538, "id": 23}], [{"weight": 2, "random_weight": 0.5513401239253313, "id": 3}, {"weight": 1, "random_weight": 0.7862217541601723, "id": 4}, {"weight": 1, "random_weight": 0.06336436588952477, "id": 10}, {"weight": 1, "random_weight": 0.1309661381294559, "id": 12}, {"weight": 1, "random_weight": 0.6246297086901426, "id": 19}, {"weight": 1, "random_weight": 0.27806739441846295, "id": 34}, {"weight": 3, "random_weight": 0.48191001412032564, "id": 35}], [{"weight": 2, "random_weight": 0.5513401239253313, "id": 2}, {"weight": 2, "random_weight": 0.34665851465748043, "id": 4}, {"weight": 1, "random_weight": 0.18514735427311946, "id": 11}, {"weight": 1, "random_weight": 0.3114405968657269, "id": 12}, {"weight": 2, "random_weight": 0.34494690972311226, "id": 31}], [{"weight": 1, "random_weight": 0.7862217541601723, "id": 2}, {"weight": 2, "random_weight": 0.34665851465748043, "id": 3}, {"weight": 1, "random_weight": 0.7658518802717255, "id": 10}, {"weight": 1, "random_weight": 0.493731292218931, "id": 23}, {"weight": 1, "random_weight": 0.9527299774630871, "id": 32}, {"weight": 2, "random_weight": 0.8095960007080708, "id": 33}], [{"weight": 1, "random_weight": 0.5523155036060041, "id": 1}, {"weight": 1, "random_weight": 0.2666882308501721, "id": 16}, {"weight": 3, "random_weight": 0.2679882996084475, "id": 22}, {"weight": 2, "random_weight": 0.3687074042161328, "id": 24}], [{"weight": 1, "random_weight": 0.04163453881135715, "id": 7}, {"weight": 3, "random_weight": 0.76336659384013, "id": 8}], [{"weight": 1, "random_weight": 0.04163453881135715, "id": 6}, {"weight": 1, "random_weight": 0.21062637099997228, "id": 8}, {"weight": 1, "random_weight": 0.14607252083362166, "id": 11}, {"weight": 1, "random_weight": 0.962286281077209, "id": 12}, {"weight": 2, "random_weight": 0.5020035862531738, "id": 19}], [{"weight": 3, "random_weight": 0.76336659384013, "id": 6}, {"weight": 1, "random_weight": 0.21062637099997228, "id": 7}, {"weight": 2, "random_weight": 0.1753333567381018, "id": 19}, {"weight": 2, "random_weight": 0.5770123202844615, "id": 27}, {"weight": 1, "random_weight": 0.9735221230176637, "id": 34}], [{"weight": 2, "random_weight": 0.5295934448403898, "id": 10}, {"weight": 2, "random_weight": 0.13479202884828834, "id": 18}, {"weight": 1, "random_weight": 0.04413924276583969, "id": 25}, {"weight": 1, "random_weight": 0.9552775353871934, "id": 26}, {"weight": 1, "random_weight": 0.1262713943210404, "id": 34}, {"weight": 1, "random_weight": 0.3290641924504045, "id": 35}], [{"weight": 1, "random_weight": 0.06336436588952477, "id": 2}, {"weight": 1, "random_weight": 0.7658518802717255, "id": 4}, {"weight": 2, "random_weight": 0.5295934448403898, "id": 9}, {"weight": 2, "random_weight": 0.037845839502278156, "id": 17}, {"weight": 1, "random_weight": 0.9079013359272509, "id": 23}, {"weight": 1, "random_weight": 0.6775055036298107, "id": 35}], [{"weight": 1, "random_weight": 0.18514735427311946, "id": 3}, {"weight": 1, "random_weight": 0.14607252083362166, "id": 7}, {"weight": 3, "random_weight": 0.9628631363520803, "id": 12}, {"weight": 2, "random_weight": 0.043883080618003056, "id": 20}, {"weight": 1, "random_weight": 0.4718706693501815, "id": 28}], [{"weight": 1, "random_weight": 0.1309661381294559, "id": 2}, {"weight": 1, "random_weight": 0.3114405968657269, "id": 3}, {"weight": 1, "random_weight": 0.962286281077209, "id": 7}, {"weight": 3, "random_weight": 0.9628631363520803, "id": 11}, {"weight": 2, "random_weight": 0.7967664005269236, "id": 19}], [{"weight": 2, "random_weight": 0.2516278090587014, "id": 20}, {"weight": 2, "random_weight": 0.7095590707780044, "id": 28}], [{"weight": 3, "random_weight": 0.2818292964219369, "id": 15}, {"weight": 1, "random_weight": 0.9848637616087488, "id": 16}, {"weight": 2, "random_weight": 0.447633449047419, "id": 29}, {"weight": 1, "random_weight": 0.7339453367915386, "id": 32}, {"weight": 2, "random_weight": 0.3351302664043174, "id": 33}], [{"weight": 3, "random_weight": 0.2818292964219369, "id": 14}, {"weight": 2, "random_weight": 0.7698888359701695, "id": 16}, {"weight": 1, "random_weight": 0.7271694864843781, "id": 24}], [{"weight": 1, "random_weight": 0.2666882308501721, "id": 5}, {"weight": 1, "random_weight": 0.9848637616087488, "id": 14}, {"weight": 2, "random_weight": 0.7698888359701695, "id": 15}, {"weight": 1, "random_weight": 0.6860398451776989, "id": 22}, {"weight": 1, "random_weight": 0.09652925955074532, "id": 24}, {"weight": 2, "random_weight": 0.5178734501688387, "id": 32}], [{"weight": 1, "random_weight": 0.8466256646584283, "id": 0}, {"weight": 1, "random_weight": 0.6981944288279854, "id": 1}, {"weight": 2, "random_weight": 0.037845839502278156, "id": 10}, {"weight": 2, "random_weight": 0.4424793601780832, "id": 18}, {"weight": 2, "random_weight": 0.7715618861758773, "id": 23}], [{"weight": 1, "random_weight": 0.4111165638081513, "id": 0}, {"weight": 2, "random_weight": 0.13479202884828834, "id": 9}, {"weight": 2, "random_weight": 0.4424793601780832, "id": 17}, {"weight": 1, "random_weight": 0.4920057599967461, "id": 26}, {"weight": 2, "random_weight": 0.7526466367138562, "id": 30}], [{"weight": 1, "random_weight": 0.6246297086901426, "id": 2}, {"weight": 2, "random_weight": 0.5020035862531738, "id": 7}, {"weight": 2, "random_weight": 0.1753333567381018, "id": 8}, {"weight": 2, "random_weight": 0.7967664005269236, "id": 12}, {"weight": 1, "random_weight": 0.8349678926725728, "id": 34}], [{"weight": 2, "random_weight": 0.043883080618003056, "id": 11}, {"weight": 2, "random_weight": 0.2516278090587014, "id": 13}, {"weight": 2, "random_weight": 0.038800957931094726, "id": 28}], [{"weight": 1, "random_weight": 0.5452388222493267, "id": 26}, {"weight": 4, "random_weight": 0.23203562051757176, "id": 30}], [{"weight": 1, "random_weight": 0.6822811534808623, "id": 1}, {"weight": 3, "random_weight": 0.2679882996084475, "id": 5}, {"weight": 1, "random_weight": 0.6860398451776989, "id": 16}, {"weight": 2, "random_weight": 0.6222779212101489, "id": 23}, {"weight": 1, "random_weight": 0.15327778008277582, "id": 32}], [{"weight": 1, "random_weight": 0.5004360137580538, "id": 1}, {"weight": 1, "random_weight": 0.493731292218931, "id": 4}, {"weight": 1, "random_weight": 0.9079013359272509, "id": 10}, {"weight": 2, "random_weight": 0.7715618861758773, "id": 17}, {"weight": 2, "random_weight": 0.6222779212101489, "id": 22}, {"weight": 3, "random_weight": 0.03316754313456405, "id": 32}], [{"weight": 2, "random_weight": 0.3687074042161328, "id": 5}, {"weight": 1, "random_weight": 0.7271694864843781, "id": 15}, {"weight": 1, "random_weight": 0.09652925955074532, "id": 16}], [{"weight": 1, "random_weight": 0.04413924276583969, "id": 9}, {"weight": 2, "random_weight": 0.1414952891079061, "id": 26}, {"weight": 2, "random_weight": 0.04933428985971455, "id": 27}, {"weight": 1, "random_weight": 0.013006707528934847, "id": 34}], [{"weight": 1, "random_weight": 0.9552775353871934, "id": 9}, {"weight": 1, "random_weight": 0.4920057599967461, "id": 18}, {"weight": 1, "random_weight": 0.5452388222493267, "id": 21}, {"weight": 2, "random_weight": 0.1414952891079061, "id": 25}, {"weight": 1, "random_weight": 0.5673200341245366, "id": 30}], [{"weight": 2, "random_weight": 0.5770123202844615, "id": 8}, {"weight": 2, "random_weight": 0.04933428985971455, "id": 25}, {"weight": 2, "random_weight": 0.620330777500626, "id": 34}], [{"weight": 1, "random_weight": 0.4718706693501815, "id": 11}, {"weight": 2, "random_weight": 0.7095590707780044, "id": 13}, {"weight": 2, "random_weight": 0.038800957931094726, "id": 20}, {"weight": 2, "random_weight": 0.9990522162907264, "id": 29}, {"weight": 2, "random_weight": 0.802580776772196, "id": 31}], [{"weight": 2, "random_weight": 0.447633449047419, "id": 14}, {"weight": 2, "random_weight": 0.9990522162907264, "id": 28}, {"weight": 2, "random_weight": 0.9348975335500811, "id": 31}], [{"weight": 2, "random_weight": 0.8989941025418748, "id": 0}, {"weight": 2, "random_weight": 0.7526466367138562, "id": 18}, {"weight": 4, "random_weight": 0.23203562051757176, "id": 21}, {"weight": 1, "random_weight": 0.5673200341245366, "id": 26}], [{"weight": 2, "random_weight": 0.34494690972311226, "id": 3}, {"weight": 2, "random_weight": 0.802580776772196, "id": 28}, {"weight": 2, "random_weight": 0.9348975335500811, "id": 29}, {"weight": 2, "random_weight": 0.28426962367639974, "id": 33}], [{"weight": 1, "random_weight": 0.9527299774630871, "id": 4}, {"weight": 1, "random_weight": 0.7339453367915386, "id": 14}, {"weight": 2, "random_weight": 0.5178734501688387, "id": 16}, {"weight": 1, "random_weight": 0.15327778008277582, "id": 22}, {"weight": 3, "random_weight": 0.03316754313456405, "id": 23}, {"weight": 2, "random_weight": 0.5639625240205073, "id": 33}], [{"weight": 2, "random_weight": 0.8095960007080708, "id": 4}, {"weight": 2, "random_weight": 0.3351302664043174, "id": 14}, {"weight": 2, "random_weight": 0.28426962367639974, "id": 31}, {"weight": 2, "random_weight": 0.5639625240205073, "id": 32}], [{"weight": 1, "random_weight": 0.27806739441846295, "id": 2}, {"weight": 1, "random_weight": 0.9735221230176637, "id": 8}, {"weight": 1, "random_weight": 0.1262713943210404, "id": 9}, {"weight": 1, "random_weight": 0.8349678926725728, "id": 19}, {"weight": 1, "random_weight": 0.013006707528934847, "id": 25}, {"weight": 2, "random_weight": 0.620330777500626, "id": 27}, {"weight": 3, "random_weight": 0.32985244818326265, "id": 35}], [{"weight": 3, "random_weight": 0.48191001412032564, "id": 2}, {"weight": 1, "random_weight": 0.3290641924504045, "id": 9}, {"weight": 1, "random_weight": 0.6775055036298107, "id": 10}, {"weight": 3, "random_weight": 0.32985244818326265, "id": 34}]]}