{"directed": false, "multigraph": false, "graph": [], "nodes": [{"graph": null, "nnodes": 4, "nedges": 3, "density": 0.5, "atomics": "[16, 17, 18, 19]", "group_pop": 4, "init_part_assignment": 0, "id": 0}, {"graph": null, "nnodes": 4, "nedges": 3, "density": 0.5, "atomics": "[4, 5, 6, 7]", "group_pop": 4, "init_part_assignment": 6, "id": 1}, {"graph": null, "nnodes": 4, "nedges": 3, "density": 0.5, "atomics": "[27, 2, 3, 15]", "group_pop": 4, "init_part_assignment": 6, "id": 2}, {"graph": null, "nnodes": 4, "nedges": 3, "density": 0.5, "atomics": "[88, 89, 112, 100]", "group_pop": 4, "init_part_assignment": 5, "id": 3}, {"graph": null, "nnodes": 4, "nedges": 3, "density": 0.5, "atomics": "[90, 76, 77, 78]", "group_pop": 4, "init_part_assignment": 4, "id": 4}, {"graph": null, "nnodes": 4, "nedges": 4, "density": 0.6666666666666666, "atomics": "[8, 9, 20, 21]", "group_pop": 4, "init_part_assignment": 0, "id": 5}, {"graph": null, "nnodes": 4, "nedges": 4, "density": 0.6666666666666666, "atomics": "[120, 121, 108, 109]", "group_pop": 4, "init_part_assignment": 8, "id": 6}, {"graph": null, "nnodes": 4, "nedges": 3, "density": 0.5, "atomics": "[132, 133, 134, 135]", "group_pop": 4, "init_part_assignment": 8, "id": 7}, {"graph": null, "nnodes": 4, "nedges": 3, "density": 0.5, "atomics": "[97, 122, 110, 98]", "group_pop": 4, "init_part_assignment": 8, "id": 8}, {"graph": null, "nnodes": 4, "nedges": 4, "density": 0.6666666666666666, "atomics": "[49, 50, 37, 38]", "group_pop": 4, "init_part_assignment": 9, "id": 9}, {"graph": null, "nnodes": 4, "nedges": 3, "density": 0.5, "atomics": "[51, 75, 63, 39]", "group_pop": 4, "init_part_assignment": 9, "id": 10}, {"graph": null, "nnodes": 4, "nedges": 3, "density": 0.5, "atomics": "[40, 28, 52, 29]", "group_pop": 4, "init_part_assignment": 9, "id": 11}, {"graph": null, "nnodes": 4, "nedges": 3, "density": 0.5, "atomics": "[136, 137, 138, 124]", "group_pop": 4, "init_part_assignment": 11, "id": 12}, {"graph": null, "nnodes": 4, "nedges": 3, "density": 0.5, "atomics": "[128, 116, 126, 127]", "group_pop": 4, "init_part_assignment": 10, "id": 13}, {"graph": null, "nnodes": 4, "nedges": 4, "density": 0.6666666666666666, "atomics": "[130, 131, 142, 143]", "group_pop": 4, "init_part_assignment": 10, "id": 14}, {"graph": null, "nnodes": 4, "nedges": 4, "density": 0.6666666666666666, "atomics": "[58, 59, 70, 71]", "group_pop": 4, "init_part_assignment": 2, "id": 15}, {"graph": null, "nnodes": 4, "nedges": 3, "density": 0.5, "atomics": "[57, 45, 46, 47]", "group_pop": 4, "init_part_assignment": 3, "id": 16}, {"graph": null, "nnodes": 4, "nedges": 3, "density": 0.5, "atomics": "[123, 99, 87, 111]", "group_pop": 4, "init_part_assignment": 11, "id": 17}, {"graph": null, "nnodes": 4, "nedges": 3, "density": 0.5, "atomics": "[129, 139, 140, 141]", "group_pop": 4, "init_part_assignment": 10, "id": 18}, {"graph": null, "nnodes": 4, "nedges": 3, "density": 0.5, "atomics": "[24, 0, 12, 25]", "group_pop": 4, "init_part_assignment": 7, "id": 19}, {"graph": null, "nnodes": 4, "nedges": 3, "density": 0.5, "atomics": "[1, 26, 13, 14]", "group_pop": 4, "init_part_assignment": 6, "id": 20}, {"graph": null, "nnodes": 4, "nedges": 3, "density": 0.5, "atomics": "[32, 33, 34, 35]", "group_pop": 4, "init_part_assignment": 1, "id": 21}, {"graph": null, "nnodes": 4, "nedges": 4, "density": 0.6666666666666666, "atomics": "[42, 43, 30, 31]", "group_pop": 4, "init_part_assignment": 1, "id": 22}, {"graph": null, "nnodes": 4, "nedges": 4, "density": 0.6666666666666666, "atomics": "[10, 11, 22, 23]", "group_pop": 4, "init_part_assignment": 0, "id": 23}, {"graph": null, "nnodes": 4, "nedges": 3, "density": 0.5, "atomics": "[72, 73, 84, 96]", "group_pop": 4, "init_part_assignment": 7, "id": 24}, {"graph": null, "nnodes": 4, "nedges": 3, "density": 0.5, "atomics": "[48, 60, 61, 36]", "group_pop": 4, "init_part_assignment": 7, "id": 25}, {"graph": null, "nnodes": 4, "nedges": 3, "density": 0.5, "atomics": "[81, 117, 93, 105]", "group_pop": 4, "init_part_assignment": 3, "id": 26}, {"graph": null, "nnodes": 4, "nedges": 4, "density": 0.6666666666666666, "atomics": "[106, 107, 118, 119]", "group_pop": 4, "init_part_assignment": 2, "id": 27}, {"graph": null, "nnodes": 4, "nedges": 4, "density": 0.6666666666666666, "atomics": "[82, 83, 94, 95]", "group_pop": 4, "init_part_assignment": 2, "id": 28}, {"graph": null, "nnodes": 4, "nedges": 3, "density": 0.5, "atomics": "[56, 44, 69, 68]", "group_pop": 4, "init_part_assignment": 3, "id": 29}, {"graph": null, "nnodes": 4, "nedges": 3, "density": 0.5, "atomics": "[41, 53, 54, 55]", "group_pop": 4, "init_part_assignment": 1, "id": 30}, {"graph": null, "nnodes": 4, "nedges": 3, "density": 0.5, "atomics": "[86, 74, 85, 62]", "group_pop": 4, "init_part_assignment": 11, "id": 31}, {"graph": null, "nnodes": 4, "nedges": 3, "density": 0.5, "atomics": "[64, 65, 66, 67]", "group_pop": 4, "init_part_assignment": 4, "id": 32}, {"graph": null, "nnodes": 4, "nedges": 3, "density": 0.5, "atomics": "[91, 115, 102, 103]", "group_pop": 4, "init_part_assignment": 5, "id": 33}, {"graph": null, "nnodes": 4, "nedges": 3, "density": 0.5, "atomics": "[80, 104, 79, 92]", "group_pop": 4, "init_part_assignment": 4, "id": 34}, {"graph": null, "nnodes": 4, "nedges": 3, "density": 0.5, "atomics": "[113, 114, 125, 101]", "group_pop": 4, "init_part_assignment": 5, "id": 35}], "adjacency": [[{"weight": 4, "random_weight": 0.03227327308259531, "id": 1}, {"weight": 1, "random_weight": 0.9429751381311522, "id": 2}, {"weight": 1, "random_weight": 0.341396181524837, "id": 5}, {"weight": 2, "random_weight": 0.7324195642318094, "id": 11}, {"weight": 2, "random_weight": 0.46179363474479884, "id": 22}], [{"weight": 4, "random_weight": 0.03227327308259531, "id": 0}, {"weight": 1, "random_weight": 0.9678359590984817, "id": 2}, {"weight": 1, "random_weight": 0.9460230465037488, "id": 5}], [{"weight": 1, "random_weight": 0.9429751381311522, "id": 0}, {"weight": 1, "random_weight": 0.9678359590984817, "id": 1}, {"weight": 1, "random_weight": 0.9102575202187438, "id": 10}, {"weight": 1, "random_weight": 0.521943458706194, "id": 11}, {"weight": 4, "random_weight": 0.05801591987812604, "id": 20}], [{"weight": 3, "random_weight": 0.533702180863422, "id": 4}, {"weight": 1, "random_weight": 0.953685182476134, "id": 12}, {"weight": 3, "random_weight": 0.5923093398365351, "id": 17}, {"weight": 3, "random_weight": 0.3406743851301628, "id": 35}], [{"weight": 3, "random_weight": 0.533702180863422, "id": 3}, {"weight": 1, "random_weight": 0.20944427797544485, "id": 10}, {"weight": 3, "random_weight": 0.9366160519644615, "id": 32}, {"weight": 2, "random_weight": 0.6848987306270891, "id": 33}, {"weight": 1, "random_weight": 0.3023825968892214, "id": 34}], [{"weight": 1, "random_weight": 0.341396181524837, "id": 0}, {"weight": 1, "random_weight": 0.9460230465037488, "id": 1}, {"weight": 2, "random_weight": 0.9156462246457234, "id": 21}, {"weight": 2, "random_weight": 0.7519609063841814, "id": 23}], [{"weight": 2, "random_weight": 0.32410846274205063, "id": 7}, {"weight": 3, "random_weight": 0.16822342320111838, "id": 8}, {"weight": 1, "random_weight": 0.43381911511602134, "id": 24}], [{"weight": 2, "random_weight": 0.32410846274205063, "id": 6}, {"weight": 1, "random_weight": 0.7127943440736403, "id": 8}, {"weight": 1, "random_weight": 0.3506719126346248, "id": 12}, {"weight": 1, "random_weight": 0.6629643056638608, "id": 17}], [{"weight": 3, "random_weight": 0.16822342320111838, "id": 6}, {"weight": 1, "random_weight": 0.7127943440736403, "id": 7}, {"weight": 3, "random_weight": 0.4559502225844735, "id": 17}, {"weight": 1, "random_weight": 0.8180480804995216, "id": 24}, {"weight": 2, "random_weight": 0.5988851196074364, "id": 31}], [{"weight": 2, "random_weight": 0.6785936911458743, "id": 10}, {"weight": 1, "random_weight": 0.6781374807859701, "id": 19}, {"weight": 1, "random_weight": 0.5726916979721788, "id": 20}, {"weight": 3, "random_weight": 0.9902826061838668, "id": 25}, {"weight": 1, "random_weight": 0.7325191679828964, "id": 31}], [{"weight": 1, "random_weight": 0.9102575202187438, "id": 2}, {"weight": 1, "random_weight": 0.20944427797544485, "id": 4}, {"weight": 2, "random_weight": 0.6785936911458743, "id": 9}, {"weight": 2, "random_weight": 0.6473204455283604, "id": 11}, {"weight": 1, "random_weight": 0.5674806630364801, "id": 17}, {"weight": 2, "random_weight": 0.9753315002632726, "id": 31}, {"weight": 1, "random_weight": 0.34353244938348926, "id": 32}], [{"weight": 2, "random_weight": 0.7324195642318094, "id": 0}, {"weight": 1, "random_weight": 0.521943458706194, "id": 2}, {"weight": 2, "random_weight": 0.6473204455283604, "id": 10}, {"weight": 1, "random_weight": 0.4072304944652493, "id": 22}, {"weight": 3, "random_weight": 0.16540511248951273, "id": 30}, {"weight": 1, "random_weight": 0.5814480438154199, "id": 32}], [{"weight": 1, "random_weight": 0.953685182476134, "id": 3}, {"weight": 1, "random_weight": 0.3506719126346248, "id": 7}, {"weight": 1, "random_weight": 0.3653845533851503, "id": 13}, {"weight": 1, "random_weight": 0.10145885592456294, "id": 17}, {"weight": 1, "random_weight": 0.9555541442910656, "id": 18}, {"weight": 2, "random_weight": 0.8229152213510355, "id": 35}], [{"weight": 1, "random_weight": 0.3653845533851503, "id": 12}, {"weight": 3, "random_weight": 0.5545714228271079, "id": 18}, {"weight": 1, "random_weight": 0.878384326603156, "id": 26}, {"weight": 2, "random_weight": 0.9151206902827894, "id": 33}, {"weight": 1, "random_weight": 0.9017279242209132, "id": 34}, {"weight": 2, "random_weight": 0.7042327948701167, "id": 35}], [{"weight": 2, "random_weight": 0.30013919135385503, "id": 18}, {"weight": 2, "random_weight": 0.8627126640758062, "id": 27}], [{"weight": 3, "random_weight": 0.7035258926601581, "id": 16}, {"weight": 2, "random_weight": 0.06042849427144936, "id": 28}, {"weight": 1, "random_weight": 0.9506188712219997, "id": 29}], [{"weight": 3, "random_weight": 0.7035258926601581, "id": 15}, {"weight": 3, "random_weight": 0.9671198488811925, "id": 21}, {"weight": 3, "random_weight": 0.37527855947215205, "id": 29}], [{"weight": 3, "random_weight": 0.5923093398365351, "id": 3}, {"weight": 1, "random_weight": 0.6629643056638608, "id": 7}, {"weight": 3, "random_weight": 0.4559502225844735, "id": 8}, {"weight": 1, "random_weight": 0.5674806630364801, "id": 10}, {"weight": 1, "random_weight": 0.10145885592456294, "id": 12}, {"weight": 1, "random_weight": 0.626335604035132, "id": 31}], [{"weight": 1, "random_weight": 0.9555541442910656, "id": 12}, {"weight": 3, "random_weight": 0.5545714228271079, "id": 13}, {"weight": 2, "random_weight": 0.30013919135385503, "id": 14}, {"weight": 1, "random_weight": 0.6414681748201234, "id": 26}], [{"weight": 1, "random_weight": 0.6781374807859701, "id": 9}, {"weight": 4, "random_weight": 0.07866150316240761, "id": 20}, {"weight": 1, "random_weight": 0.5559414651479684, "id": 25}], [{"weight": 4, "random_weight": 0.05801591987812604, "id": 2}, {"weight": 1, "random_weight": 0.5726916979721788, "id": 9}, {"weight": 4, "random_weight": 0.07866150316240761, "id": 19}], [{"weight": 2, "random_weight": 0.9156462246457234, "id": 5}, {"weight": 3, "random_weight": 0.9671198488811925, "id": 16}, {"weight": 1, "random_weight": 0.05518843452286459, "id": 22}, {"weight": 2, "random_weight": 0.9860739108542186, "id": 23}, {"weight": 1, "random_weight": 0.7031469553145394, "id": 29}], [{"weight": 2, "random_weight": 0.46179363474479884, "id": 0}, {"weight": 1, "random_weight": 0.4072304944652493, "id": 11}, {"weight": 1, "random_weight": 0.05518843452286459, "id": 21}, {"weight": 1, "random_weight": 0.8520193660680699, "id": 29}, {"weight": 3, "random_weight": 0.01026522080242287, "id": 30}], [{"weight": 2, "random_weight": 0.7519609063841814, "id": 5}, {"weight": 2, "random_weight": 0.9860739108542186, "id": 21}], [{"weight": 1, "random_weight": 0.43381911511602134, "id": 6}, {"weight": 1, "random_weight": 0.8180480804995216, "id": 8}, {"weight": 2, "random_weight": 0.03998572569328651, "id": 25}, {"weight": 3, "random_weight": 0.1437410641717276, "id": 31}], [{"weight": 3, "random_weight": 0.9902826061838668, "id": 9}, {"weight": 1, "random_weight": 0.5559414651479684, "id": 19}, {"weight": 2, "random_weight": 0.03998572569328651, "id": 24}, {"weight": 1, "random_weight": 0.8657802777642344, "id": 31}], [{"weight": 1, "random_weight": 0.878384326603156, "id": 13}, {"weight": 1, "random_weight": 0.6414681748201234, "id": 18}, {"weight": 2, "random_weight": 0.5656191875291842, "id": 27}, {"weight": 2, "random_weight": 0.832473148021185, "id": 28}, {"weight": 1, "random_weight": 0.1544064006990924, "id": 29}, {"weight": 3, "random_weight": 0.526947973741439, "id": 34}], [{"weight": 2, "random_weight": 0.8627126640758062, "id": 14}, {"weight": 2, "random_weight": 0.5656191875291842, "id": 26}, {"weight": 2, "random_weight": 0.24719513454847242, "id": 28}], [{"weight": 2, "random_weight": 0.06042849427144936, "id": 15}, {"weight": 2, "random_weight": 0.832473148021185, "id": 26}, {"weight": 2, "random_weight": 0.24719513454847242, "id": 27}], [{"weight": 1, "random_weight": 0.9506188712219997, "id": 15}, {"weight": 3, "random_weight": 0.37527855947215205, "id": 16}, {"weight": 1, "random_weight": 0.7031469553145394, "id": 21}, {"weight": 1, "random_weight": 0.8520193660680699, "id": 22}, {"weight": 1, "random_weight": 0.1544064006990924, "id": 26}, {"weight": 1, "random_weight": 0.9706252791777227, "id": 30}, {"weight": 1, "random_weight": 0.46628167227578843, "id": 32}, {"weight": 1, "random_weight": 0.6018453134149078, "id": 34}], [{"weight": 3, "random_weight": 0.16540511248951273, "id": 11}, {"weight": 3, "random_weight": 0.01026522080242287, "id": 22}, {"weight": 1, "random_weight": 0.9706252791777227, "id": 29}, {"weight": 3, "random_weight": 0.6805734452482085, "id": 32}], [{"weight": 2, "random_weight": 0.5988851196074364, "id": 8}, {"weight": 1, "random_weight": 0.7325191679828964, "id": 9}, {"weight": 2, "random_weight": 0.9753315002632726, "id": 10}, {"weight": 1, "random_weight": 0.626335604035132, "id": 17}, {"weight": 3, "random_weight": 0.1437410641717276, "id": 24}, {"weight": 1, "random_weight": 0.8657802777642344, "id": 25}], [{"weight": 3, "random_weight": 0.9366160519644615, "id": 4}, {"weight": 1, "random_weight": 0.34353244938348926, "id": 10}, {"weight": 1, "random_weight": 0.5814480438154199, "id": 11}, {"weight": 1, "random_weight": 0.46628167227578843, "id": 29}, {"weight": 3, "random_weight": 0.6805734452482085, "id": 30}, {"weight": 1, "random_weight": 0.10017074558235484, "id": 34}], [{"weight": 2, "random_weight": 0.6848987306270891, "id": 4}, {"weight": 2, "random_weight": 0.9151206902827894, "id": 13}, {"weight": 3, "random_weight": 0.574731795196869, "id": 34}, {"weight": 3, "random_weight": 0.23869057262094073, "id": 35}], [{"weight": 1, "random_weight": 0.3023825968892214, "id": 4}, {"weight": 1, "random_weight": 0.9017279242209132, "id": 13}, {"weight": 3, "random_weight": 0.526947973741439, "id": 26}, {"weight": 1, "random_weight": 0.6018453134149078, "id": 29}, {"weight": 1, "random_weight": 0.10017074558235484, "id": 32}, {"weight": 3, "random_weight": 0.574731795196869, "id": 33}], [{"weight": 3, "random_weight": 0.3406743851301628, "id": 3}, {"weight": 2, "random_weight": 0.8229152213510355, "id": 12}, {"weight": 2, "random_weight": 0.7042327948701167, "id": 13}, {"weight": 3, "random_weight": 0.23869057262094073, "id": 33}]]}