{"directed": false, "multigraph": false, "graph": [], "nodes": [{"graph": null, "nnodes": 4, "nedges": 4, "density": 0.6666666666666666, "atomics": "[16, 27, 28, 15]", "group_pop": 4, "init_part_assignment": 8, "id": 0}, {"graph": null, "nnodes": 4, "nedges": 3, "density": 0.5, "atomics": "[17, 5, 29, 30]", "group_pop": 4, "init_part_assignment": 6, "id": 1}, {"graph": null, "nnodes": 4, "nedges": 3, "density": 0.5, "atomics": "[89, 90, 77, 102]", "group_pop": 4, "init_part_assignment": 3, "id": 2}, {"graph": null, "nnodes": 4, "nedges": 3, "density": 0.5, "atomics": "[80, 81, 78, 79]", "group_pop": 4, "init_part_assignment": 0, "id": 3}, {"graph": null, "nnodes": 4, "nedges": 4, "density": 0.6666666666666666, "atomics": "[8, 9, 20, 21]", "group_pop": 4, "init_part_assignment": 5, "id": 4}, {"graph": null, "nnodes": 4, "nedges": 4, "density": 0.6666666666666666, "atomics": "[18, 19, 6, 7]", "group_pop": 4, "init_part_assignment": 6, "id": 5}, {"graph": null, "nnodes": 4, "nedges": 4, "density": 0.6666666666666666, "atomics": "[120, 121, 132, 133]", "group_pop": 4, "init_part_assignment": 10, "id": 6}, {"graph": null, "nnodes": 4, "nedges": 3, "density": 0.5, "atomics": "[122, 123, 124, 134]", "group_pop": 4, "init_part_assignment": 4, "id": 7}, {"graph": null, "nnodes": 4, "nedges": 3, "density": 0.5, "atomics": "[72, 108, 96, 84]", "group_pop": 4, "init_part_assignment": 2, "id": 8}, {"graph": null, "nnodes": 4, "nedges": 4, "density": 0.6666666666666666, "atomics": "[97, 98, 109, 110]", "group_pop": 4, "init_part_assignment": 10, "id": 9}, {"graph": null, "nnodes": 4, "nedges": 3, "density": 0.5, "atomics": "[50, 26, 38, 39]", "group_pop": 4, "init_part_assignment": 11, "id": 10}, {"graph": null, "nnodes": 4, "nedges": 3, "density": 0.5, "atomics": "[40, 51, 64, 52]", "group_pop": 4, "init_part_assignment": 9, "id": 11}, {"graph": null, "nnodes": 4, "nedges": 3, "density": 0.5, "atomics": "[75, 76, 62, 63]", "group_pop": 4, "init_part_assignment": 11, "id": 12}, {"graph": null, "nnodes": 4, "nedges": 3, "density": 0.5, "atomics": "[136, 137, 125, 135]", "group_pop": 4, "init_part_assignment": 4, "id": 13}, {"graph": null, "nnodes": 4, "nedges": 3, "density": 0.5, "atomics": "[138, 139, 126, 114]", "group_pop": 4, "init_part_assignment": 4, "id": 14}, {"graph": null, "nnodes": 4, "nedges": 4, "density": 0.6666666666666666, "atomics": "[130, 131, 142, 143]", "group_pop": 4, "init_part_assignment": 1, "id": 15}, {"graph": null, "nnodes": 4, "nedges": 3, "density": 0.5, "atomics": "[58, 83, 82, 70]", "group_pop": 4, "init_part_assignment": 7, "id": 16}, {"graph": null, "nnodes": 4, "nedges": 3, "density": 0.5, "atomics": "[59, 35, 47, 71]", "group_pop": 4, "init_part_assignment": 5, "id": 17}, {"graph": null, "nnodes": 4, "nedges": 4, "density": 0.6666666666666666, "atomics": "[33, 34, 45, 46]", "group_pop": 4, "init_part_assignment": 7, "id": 18}, {"graph": null, "nnodes": 4, "nedges": 4, "density": 0.6666666666666666, "atomics": "[128, 129, 140, 141]", "group_pop": 4, "init_part_assignment": 1, "id": 19}, {"graph": null, "nnodes": 4, "nedges": 3, "density": 0.5, "atomics": "[115, 116, 117, 127]", "group_pop": 4, "init_part_assignment": 1, "id": 20}, {"graph": null, "nnodes": 4, "nedges": 4, "density": 0.6666666666666666, "atomics": "[24, 25, 36, 37]", "group_pop": 4, "init_part_assignment": 2, "id": 21}, {"graph": null, "nnodes": 4, "nedges": 4, "density": 0.6666666666666666, "atomics": "[0, 1, 12, 13]", "group_pop": 4, "init_part_assignment": 8, "id": 22}, {"graph": null, "nnodes": 4, "nedges": 4, "density": 0.6666666666666666, "atomics": "[32, 43, 44, 31]", "group_pop": 4, "init_part_assignment": 9, "id": 23}, {"graph": null, "nnodes": 4, "nedges": 4, "density": 0.6666666666666666, "atomics": "[41, 42, 53, 54]", "group_pop": 4, "init_part_assignment": 6, "id": 24}, {"graph": null, "nnodes": 4, "nedges": 4, "density": 0.6666666666666666, "atomics": "[10, 11, 22, 23]", "group_pop": 4, "init_part_assignment": 5, "id": 25}, {"graph": null, "nnodes": 4, "nedges": 4, "density": 0.6666666666666666, "atomics": "[48, 49, 60, 61]", "group_pop": 4, "init_part_assignment": 2, "id": 26}, {"graph": null, "nnodes": 4, "nedges": 3, "density": 0.5, "atomics": "[105, 106, 118, 119]", "group_pop": 4, "init_part_assignment": 0, "id": 27}, {"graph": null, "nnodes": 4, "nedges": 3, "density": 0.5, "atomics": "[107, 93, 94, 95]", "group_pop": 4, "init_part_assignment": 0, "id": 28}, {"graph": null, "nnodes": 4, "nedges": 3, "density": 0.5, "atomics": "[2, 3, 4, 14]", "group_pop": 4, "init_part_assignment": 8, "id": 29}, {"graph": null, "nnodes": 4, "nedges": 4, "density": 0.6666666666666666, "atomics": "[56, 57, 68, 69]", "group_pop": 4, "init_part_assignment": 7, "id": 30}, {"graph": null, "nnodes": 4, "nedges": 3, "density": 0.5, "atomics": "[65, 66, 67, 55]", "group_pop": 4, "init_part_assignment": 9, "id": 31}, {"graph": null, "nnodes": 4, "nedges": 4, "density": 0.6666666666666666, "atomics": "[73, 74, 85, 86]", "group_pop": 4, "init_part_assignment": 11, "id": 32}, {"graph": null, "nnodes": 4, "nedges": 4, "density": 0.6666666666666666, "atomics": "[104, 91, 92, 103]", "group_pop": 4, "init_part_assignment": 3, "id": 33}, {"graph": null, "nnodes": 4, "nedges": 3, "density": 0.5, "atomics": "[88, 99, 87, 111]", "group_pop": 4, "init_part_assignment": 10, "id": 34}, {"graph": null, "nnodes": 4, "nedges": 4, "density": 0.6666666666666666, "atomics": "[112, 113, 100, 101]", "group_pop": 4, "init_part_assignment": 3, "id": 35}], "adjacency": [[{"weight": 2, "random_weight": 0.6666578939811909, "id": 1}, {"weight": 2, "random_weight": 0.8197346091206346, "id": 10}, {"weight": 1, "random_weight": 0.43379664580221255, "id": 11}, {"weight": 3, "random_weight": 0.36679560939279854, "id": 29}], [{"weight": 2, "random_weight": 0.6666578939811909, "id": 0}, {"weight": 3, "random_weight": 0.5839026860962709, "id": 5}, {"weight": 1, "random_weight": 0.9379545548014135, "id": 23}, {"weight": 2, "random_weight": 0.1324091873254375, "id": 24}, {"weight": 1, "random_weight": 0.8248426916991317, "id": 29}], [{"weight": 2, "random_weight": 0.5874178148299426, "id": 3}, {"weight": 1, "random_weight": 0.4333961904122422, "id": 12}, {"weight": 1, "random_weight": 0.8486672663957836, "id": 14}, {"weight": 1, "random_weight": 0.8992144437446278, "id": 31}, {"weight": 2, "random_weight": 0.10014558860499023, "id": 33}, {"weight": 1, "random_weight": 0.3774013514914091, "id": 34}, {"weight": 2, "random_weight": 0.1715690422009163, "id": 35}], [{"weight": 2, "random_weight": 0.5874178148299426, "id": 2}, {"weight": 1, "random_weight": 0.825999900875178, "id": 16}, {"weight": 1, "random_weight": 0.10579057993125729, "id": 28}, {"weight": 2, "random_weight": 0.5722006863504759, "id": 30}, {"weight": 2, "random_weight": 0.9682284843831517, "id": 31}, {"weight": 2, "random_weight": 0.8443193787017309, "id": 33}], [{"weight": 2, "random_weight": 0.37142836960943504, "id": 5}, {"weight": 1, "random_weight": 0.3046903065302612, "id": 18}, {"weight": 1, "random_weight": 0.37300677635405455, "id": 23}, {"weight": 2, "random_weight": 0.7755960640190402, "id": 25}], [{"weight": 3, "random_weight": 0.5839026860962709, "id": 1}, {"weight": 2, "random_weight": 0.37142836960943504, "id": 4}, {"weight": 1, "random_weight": 0.7761757408756054, "id": 23}], [{"weight": 2, "random_weight": 0.8918336814878068, "id": 7}, {"weight": 1, "random_weight": 0.9838800164658591, "id": 8}, {"weight": 1, "random_weight": 0.758999581759136, "id": 9}], [{"weight": 2, "random_weight": 0.8918336814878068, "id": 6}, {"weight": 1, "random_weight": 0.17934448847600226, "id": 9}, {"weight": 4, "random_weight": 0.2531211473057531, "id": 13}, {"weight": 1, "random_weight": 0.8288029609093522, "id": 34}, {"weight": 1, "random_weight": 0.9326932303485729, "id": 35}], [{"weight": 1, "random_weight": 0.9838800164658591, "id": 6}, {"weight": 2, "random_weight": 0.8349107315001105, "id": 9}, {"weight": 1, "random_weight": 0.49317870969390076, "id": 26}, {"weight": 2, "random_weight": 0.5869907039375476, "id": 32}], [{"weight": 1, "random_weight": 0.758999581759136, "id": 6}, {"weight": 1, "random_weight": 0.17934448847600226, "id": 7}, {"weight": 2, "random_weight": 0.8349107315001105, "id": 8}, {"weight": 2, "random_weight": 0.9204477953862529, "id": 32}, {"weight": 2, "random_weight": 0.3067440129267176, "id": 34}], [{"weight": 2, "random_weight": 0.8197346091206346, "id": 0}, {"weight": 3, "random_weight": 0.9772481670080959, "id": 11}, {"weight": 1, "random_weight": 0.024890506648174715, "id": 12}, {"weight": 2, "random_weight": 0.958054261156009, "id": 21}, {"weight": 1, "random_weight": 0.6793383826071647, "id": 26}, {"weight": 1, "random_weight": 0.8899742863933121, "id": 29}], [{"weight": 1, "random_weight": 0.43379664580221255, "id": 0}, {"weight": 3, "random_weight": 0.9772481670080959, "id": 10}, {"weight": 3, "random_weight": 0.47109464382133925, "id": 12}, {"weight": 2, "random_weight": 0.5520617137179963, "id": 24}, {"weight": 1, "random_weight": 0.7080326473654496, "id": 31}], [{"weight": 1, "random_weight": 0.4333961904122422, "id": 2}, {"weight": 1, "random_weight": 0.024890506648174715, "id": 10}, {"weight": 3, "random_weight": 0.47109464382133925, "id": 11}, {"weight": 1, "random_weight": 0.5026116897604769, "id": 26}, {"weight": 2, "random_weight": 0.3151560376561007, "id": 32}, {"weight": 2, "random_weight": 0.6206486385291026, "id": 34}], [{"weight": 4, "random_weight": 0.2531211473057531, "id": 7}, {"weight": 2, "random_weight": 0.3651517258332426, "id": 14}, {"weight": 1, "random_weight": 0.9603079866176432, "id": 35}], [{"weight": 1, "random_weight": 0.8486672663957836, "id": 2}, {"weight": 2, "random_weight": 0.3651517258332426, "id": 13}, {"weight": 1, "random_weight": 0.35396026906072586, "id": 19}, {"weight": 3, "random_weight": 0.37306448898840183, "id": 20}, {"weight": 1, "random_weight": 0.3366258528132752, "id": 35}], [{"weight": 2, "random_weight": 0.03609078360078688, "id": 19}, {"weight": 2, "random_weight": 0.14827301729705333, "id": 27}], [{"weight": 1, "random_weight": 0.825999900875178, "id": 3}, {"weight": 3, "random_weight": 0.9902714826861921, "id": 17}, {"weight": 1, "random_weight": 0.4620459745424017, "id": 18}, {"weight": 2, "random_weight": 0.9728414668679246, "id": 28}, {"weight": 2, "random_weight": 0.6305127834150009, "id": 30}], [{"weight": 3, "random_weight": 0.9902714826861921, "id": 16}, {"weight": 2, "random_weight": 0.819157533177907, "id": 18}, {"weight": 1, "random_weight": 0.1840726414048186, "id": 25}], [{"weight": 1, "random_weight": 0.3046903065302612, "id": 4}, {"weight": 1, "random_weight": 0.4620459745424017, "id": 16}, {"weight": 2, "random_weight": 0.819157533177907, "id": 17}, {"weight": 2, "random_weight": 0.6402391233327563, "id": 23}, {"weight": 1, "random_weight": 0.9731194320958361, "id": 25}, {"weight": 1, "random_weight": 0.2656629175524091, "id": 30}], [{"weight": 1, "random_weight": 0.35396026906072586, "id": 14}, {"weight": 2, "random_weight": 0.03609078360078688, "id": 15}, {"weight": 3, "random_weight": 0.2810005243073185, "id": 20}], [{"weight": 3, "random_weight": 0.37306448898840183, "id": 14}, {"weight": 3, "random_weight": 0.2810005243073185, "id": 19}, {"weight": 2, "random_weight": 0.7954632879037754, "id": 27}, {"weight": 2, "random_weight": 0.6692816561833359, "id": 33}], [{"weight": 2, "random_weight": 0.958054261156009, "id": 10}, {"weight": 2, "random_weight": 0.703083422850728, "id": 22}, {"weight": 2, "random_weight": 0.4011035585231423, "id": 26}], [{"weight": 2, "random_weight": 0.703083422850728, "id": 21}, {"weight": 2, "random_weight": 0.4864934519451063, "id": 29}], [{"weight": 1, "random_weight": 0.9379545548014135, "id": 1}, {"weight": 1, "random_weight": 0.37300677635405455, "id": 4}, {"weight": 1, "random_weight": 0.7761757408756054, "id": 5}, {"weight": 2, "random_weight": 0.6402391233327563, "id": 18}, {"weight": 1, "random_weight": 0.6589179060293805, "id": 24}, {"weight": 1, "random_weight": 0.1475870126059714, "id": 30}, {"weight": 1, "random_weight": 0.304601483943143, "id": 31}], [{"weight": 2, "random_weight": 0.1324091873254375, "id": 1}, {"weight": 2, "random_weight": 0.5520617137179963, "id": 11}, {"weight": 1, "random_weight": 0.6589179060293805, "id": 23}, {"weight": 3, "random_weight": 0.2606479494659504, "id": 31}], [{"weight": 2, "random_weight": 0.7755960640190402, "id": 4}, {"weight": 1, "random_weight": 0.1840726414048186, "id": 17}, {"weight": 1, "random_weight": 0.9731194320958361, "id": 18}], [{"weight": 1, "random_weight": 0.49317870969390076, "id": 8}, {"weight": 1, "random_weight": 0.6793383826071647, "id": 10}, {"weight": 1, "random_weight": 0.5026116897604769, "id": 12}, {"weight": 2, "random_weight": 0.4011035585231423, "id": 21}, {"weight": 1, "random_weight": 0.2644270052226997, "id": 32}], [{"weight": 2, "random_weight": 0.14827301729705333, "id": 15}, {"weight": 2, "random_weight": 0.7954632879037754, "id": 20}, {"weight": 4, "random_weight": 0.2569374468070842, "id": 28}, {"weight": 1, "random_weight": 0.3819446011012009, "id": 33}], [{"weight": 1, "random_weight": 0.10579057993125729, "id": 3}, {"weight": 2, "random_weight": 0.9728414668679246, "id": 16}, {"weight": 4, "random_weight": 0.2569374468070842, "id": 27}, {"weight": 1, "random_weight": 0.9675545587097153, "id": 33}], [{"weight": 3, "random_weight": 0.36679560939279854, "id": 0}, {"weight": 1, "random_weight": 0.8248426916991317, "id": 1}, {"weight": 1, "random_weight": 0.8899742863933121, "id": 10}, {"weight": 2, "random_weight": 0.4864934519451063, "id": 22}], [{"weight": 2, "random_weight": 0.5722006863504759, "id": 3}, {"weight": 2, "random_weight": 0.6305127834150009, "id": 16}, {"weight": 1, "random_weight": 0.2656629175524091, "id": 18}, {"weight": 1, "random_weight": 0.1475870126059714, "id": 23}, {"weight": 2, "random_weight": 0.6558011993312945, "id": 31}], [{"weight": 1, "random_weight": 0.8992144437446278, "id": 2}, {"weight": 2, "random_weight": 0.9682284843831517, "id": 3}, {"weight": 1, "random_weight": 0.7080326473654496, "id": 11}, {"weight": 1, "random_weight": 0.304601483943143, "id": 23}, {"weight": 3, "random_weight": 0.2606479494659504, "id": 24}, {"weight": 2, "random_weight": 0.6558011993312945, "id": 30}], [{"weight": 2, "random_weight": 0.5869907039375476, "id": 8}, {"weight": 2, "random_weight": 0.9204477953862529, "id": 9}, {"weight": 2, "random_weight": 0.3151560376561007, "id": 12}, {"weight": 1, "random_weight": 0.2644270052226997, "id": 26}, {"weight": 1, "random_weight": 0.43186738270440406, "id": 34}], [{"weight": 2, "random_weight": 0.10014558860499023, "id": 2}, {"weight": 2, "random_weight": 0.8443193787017309, "id": 3}, {"weight": 2, "random_weight": 0.6692816561833359, "id": 20}, {"weight": 1, "random_weight": 0.3819446011012009, "id": 27}, {"weight": 1, "random_weight": 0.9675545587097153, "id": 28}], [{"weight": 1, "random_weight": 0.3774013514914091, "id": 2}, {"weight": 1, "random_weight": 0.8288029609093522, "id": 7}, {"weight": 2, "random_weight": 0.3067440129267176, "id": 9}, {"weight": 2, "random_weight": 0.6206486385291026, "id": 12}, {"weight": 1, "random_weight": 0.43186738270440406, "id": 32}, {"weight": 3, "random_weight": 0.29115349473807906, "id": 35}], [{"weight": 2, "random_weight": 0.1715690422009163, "id": 2}, {"weight": 1, "random_weight": 0.9326932303485729, "id": 7}, {"weight": 1, "random_weight": 0.9603079866176432, "id": 13}, {"weight": 1, "random_weight": 0.3366258528132752, "id": 14}, {"weight": 3, "random_weight": 0.29115349473807906, "id": 34}]]}