{"directed": false, "multigraph": false, "graph": [], "nodes": [{"graph": null, "nnodes": 4, "nedges": 4, "density": 0.6666666666666666, "atomics": "[16, 17, 4, 5]", "group_pop": 4, "init_part_assignment": 1, "id": 0}, {"graph": null, "nnodes": 4, "nedges": 4, "density": 0.6666666666666666, "atomics": "[2, 3, 14, 15]", "group_pop": 4, "init_part_assignment": 2, "id": 1}, {"graph": null, "nnodes": 4, "nedges": 3, "density": 0.5, "atomics": "[89, 90, 91, 79]", "group_pop": 4, "init_part_assignment": 9, "id": 2}, {"graph": null, "nnodes": 4, "nedges": 4, "density": 0.6666666666666666, "atomics": "[65, 66, 77, 78]", "group_pop": 4, "init_part_assignment": 3, "id": 3}, {"graph": null, "nnodes": 4, "nedges": 4, "density": 0.6666666666666666, "atomics": "[8, 9, 20, 21]", "group_pop": 4, "init_part_assignment": 1, "id": 4}, {"graph": null, "nnodes": 4, "nedges": 4, "density": 0.6666666666666666, "atomics": "[18, 19, 6, 7]", "group_pop": 4, "init_part_assignment": 1, "id": 5}, {"graph": null, "nnodes": 4, "nedges": 3, "density": 0.5, "atomics": "[120, 121, 132, 108]", "group_pop": 4, "init_part_assignment": 5, "id": 6}, {"graph": null, "nnodes": 4, "nedges": 3, "density": 0.5, "atomics": "[136, 133, 134, 135]", "group_pop": 4, "init_part_assignment": 5, "id": 7}, {"graph": null, "nnodes": 4, "nedges": 3, "density": 0.5, "atomics": "[122, 109, 110, 98]", "group_pop": 4, "init_part_assignment": 6, "id": 8}, {"graph": null, "nnodes": 4, "nedges": 3, "density": 0.5, "atomics": "[50, 51, 38, 63]", "group_pop": 4, "init_part_assignment": 4, "id": 9}, {"graph": null, "nnodes": 4, "nedges": 3, "density": 0.5, "atomics": "[40, 41, 64, 52]", "group_pop": 4, "init_part_assignment": 3, "id": 10}, {"graph": null, "nnodes": 4, "nedges": 3, "density": 0.5, "atomics": "[137, 138, 126, 114]", "group_pop": 4, "init_part_assignment": 7, "id": 11}, {"graph": null, "nnodes": 4, "nedges": 4, "density": 0.6666666666666666, "atomics": "[129, 130, 141, 142]", "group_pop": 4, "init_part_assignment": 7, "id": 12}, {"graph": null, "nnodes": 4, "nedges": 3, "density": 0.5, "atomics": "[143, 107, 131, 119]", "group_pop": 4, "init_part_assignment": 0, "id": 13}, {"graph": null, "nnodes": 4, "nedges": 3, "density": 0.5, "atomics": "[81, 58, 69, 57]", "group_pop": 4, "init_part_assignment": 11, "id": 14}, {"graph": null, "nnodes": 4, "nedges": 3, "density": 0.5, "atomics": "[59, 83, 70, 71]", "group_pop": 4, "init_part_assignment": 10, "id": 15}, {"graph": null, "nnodes": 4, "nedges": 4, "density": 0.6666666666666666, "atomics": "[34, 35, 46, 47]", "group_pop": 4, "init_part_assignment": 10, "id": 16}, {"graph": null, "nnodes": 4, "nedges": 3, "density": 0.5, "atomics": "[27, 28, 29, 39]", "group_pop": 4, "init_part_assignment": 3, "id": 17}, {"graph": null, "nnodes": 4, "nedges": 4, "density": 0.6666666666666666, "atomics": "[112, 123, 124, 111]", "group_pop": 4, "init_part_assignment": 5, "id": 18}, {"graph": null, "nnodes": 4, "nedges": 4, "density": 0.6666666666666666, "atomics": "[128, 139, 140, 127]", "group_pop": 4, "init_part_assignment": 7, "id": 19}, {"graph": null, "nnodes": 4, "nedges": 3, "density": 0.5, "atomics": "[24, 48, 60, 36]", "group_pop": 4, "init_part_assignment": 4, "id": 20}, {"graph": null, "nnodes": 4, "nedges": 4, "density": 0.6666666666666666, "atomics": "[0, 1, 12, 13]", "group_pop": 4, "init_part_assignment": 2, "id": 21}, {"graph": null, "nnodes": 4, "nedges": 4, "density": 0.6666666666666666, "atomics": "[32, 33, 44, 45]", "group_pop": 4, "init_part_assignment": 11, "id": 22}, {"graph": null, "nnodes": 4, "nedges": 4, "density": 0.6666666666666666, "atomics": "[42, 43, 30, 31]", "group_pop": 4, "init_part_assignment": 11, "id": 23}, {"graph": null, "nnodes": 4, "nedges": 4, "density": 0.6666666666666666, "atomics": "[10, 11, 22, 23]", "group_pop": 4, "init_part_assignment": 10, "id": 24}, {"graph": null, "nnodes": 4, "nedges": 3, "density": 0.5, "atomics": "[72, 97, 84, 96]", "group_pop": 4, "init_part_assignment": 6, "id": 25}, {"graph": null, "nnodes": 4, "nedges": 4, "density": 0.6666666666666666, "atomics": "[105, 106, 117, 118]", "group_pop": 4, "init_part_assignment": 8, "id": 26}, {"graph": null, "nnodes": 4, "nedges": 3, "density": 0.5, "atomics": "[82, 93, 94, 95]", "group_pop": 4, "init_part_assignment": 0, "id": 27}, {"graph": null, "nnodes": 4, "nedges": 3, "density": 0.5, "atomics": "[25, 26, 37, 49]", "group_pop": 4, "init_part_assignment": 2, "id": 28}, {"graph": null, "nnodes": 4, "nedges": 3, "density": 0.5, "atomics": "[56, 80, 68, 92]", "group_pop": 4, "init_part_assignment": 0, "id": 29}, {"graph": null, "nnodes": 4, "nedges": 3, "density": 0.5, "atomics": "[67, 53, 54, 55]", "group_pop": 4, "init_part_assignment": 9, "id": 30}, {"graph": null, "nnodes": 4, "nedges": 4, "density": 0.6666666666666666, "atomics": "[73, 74, 61, 62]", "group_pop": 4, "init_part_assignment": 4, "id": 31}, {"graph": null, "nnodes": 4, "nedges": 3, "density": 0.5, "atomics": "[75, 85, 86, 87]", "group_pop": 4, "init_part_assignment": 6, "id": 32}, {"graph": null, "nnodes": 4, "nedges": 3, "density": 0.5, "atomics": "[88, 99, 100, 76]", "group_pop": 4, "init_part_assignment": 9, "id": 33}, {"graph": null, "nnodes": 4, "nedges": 4, "density": 0.6666666666666666, "atomics": "[104, 115, 116, 103]", "group_pop": 4, "init_part_assignment": 8, "id": 34}, {"graph": null, "nnodes": 4, "nedges": 3, "density": 0.5, "atomics": "[113, 125, 101, 102]", "group_pop": 4, "init_part_assignment": 8, "id": 35}], "adjacency": [[{"weight": 2, "random_weight": 0.9760743851523108, "id": 1}, {"weight": 2, "random_weight": 0.2473653468598307, "id": 5}, {"weight": 2, "random_weight": 0.5473627080095298, "id": 17}], [{"weight": 2, "random_weight": 0.9760743851523108, "id": 0}, {"weight": 1, "random_weight": 0.503074641603365, "id": 17}, {"weight": 2, "random_weight": 0.6404300319510375, "id": 21}, {"weight": 1, "random_weight": 0.30215403510608385, "id": 28}], [{"weight": 3, "random_weight": 0.4678866431880374, "id": 3}, {"weight": 2, "random_weight": 0.7610502707840686, "id": 29}, {"weight": 1, "random_weight": 0.6735347028379332, "id": 30}, {"weight": 1, "random_weight": 0.7150625418797016, "id": 33}, {"weight": 1, "random_weight": 0.9499285964739432, "id": 34}, {"weight": 2, "random_weight": 0.39146127448175216, "id": 35}], [{"weight": 3, "random_weight": 0.4678866431880374, "id": 2}, {"weight": 1, "random_weight": 0.13780629138954748, "id": 10}, {"weight": 3, "random_weight": 0.4520263736550555, "id": 30}, {"weight": 1, "random_weight": 0.8873163061934383, "id": 33}], [{"weight": 2, "random_weight": 0.07487594978147405, "id": 5}, {"weight": 2, "random_weight": 0.3794149581835793, "id": 22}, {"weight": 2, "random_weight": 0.8405674605141491, "id": 24}], [{"weight": 2, "random_weight": 0.2473653468598307, "id": 0}, {"weight": 2, "random_weight": 0.07487594978147405, "id": 4}, {"weight": 2, "random_weight": 0.27813841787437776, "id": 23}], [{"weight": 2, "random_weight": 0.22596837762799538, "id": 7}, {"weight": 3, "random_weight": 0.3973710480984589, "id": 8}, {"weight": 1, "random_weight": 0.9919720717102335, "id": 25}], [{"weight": 2, "random_weight": 0.22596837762799538, "id": 6}, {"weight": 1, "random_weight": 0.11803605139628692, "id": 8}, {"weight": 1, "random_weight": 0.7495473147483489, "id": 11}, {"weight": 2, "random_weight": 0.31524793912051674, "id": 18}], [{"weight": 3, "random_weight": 0.3973710480984589, "id": 6}, {"weight": 1, "random_weight": 0.11803605139628692, "id": 7}, {"weight": 2, "random_weight": 0.3499329744903139, "id": 18}, {"weight": 2, "random_weight": 0.028984882291731795, "id": 25}, {"weight": 1, "random_weight": 0.0841338733020055, "id": 32}, {"weight": 1, "random_weight": 0.30584013464759485, "id": 33}], [{"weight": 2, "random_weight": 0.15527042769130506, "id": 10}, {"weight": 2, "random_weight": 0.8617654797090124, "id": 17}, {"weight": 3, "random_weight": 0.7745970689551039, "id": 28}, {"weight": 2, "random_weight": 0.4818791895791761, "id": 31}, {"weight": 1, "random_weight": 0.8193075350871567, "id": 32}], [{"weight": 1, "random_weight": 0.13780629138954748, "id": 3}, {"weight": 2, "random_weight": 0.15527042769130506, "id": 9}, {"weight": 3, "random_weight": 0.4868331862230607, "id": 17}, {"weight": 1, "random_weight": 0.8420471463199993, "id": 23}, {"weight": 2, "random_weight": 0.5402717901008303, "id": 30}, {"weight": 1, "random_weight": 0.5703601805611286, "id": 33}], [{"weight": 1, "random_weight": 0.7495473147483489, "id": 7}, {"weight": 2, "random_weight": 0.4147521100883417, "id": 19}, {"weight": 1, "random_weight": 0.59932461433935, "id": 34}, {"weight": 4, "random_weight": 0.8552666609169393, "id": 35}], [{"weight": 2, "random_weight": 0.4864604074304264, "id": 13}, {"weight": 2, "random_weight": 0.8819747013771735, "id": 19}, {"weight": 2, "random_weight": 0.9049717770659879, "id": 26}], [{"weight": 2, "random_weight": 0.4864604074304264, "id": 12}, {"weight": 2, "random_weight": 0.7671927149041943, "id": 26}, {"weight": 1, "random_weight": 0.4572488765682837, "id": 27}], [{"weight": 3, "random_weight": 0.909079614565574, "id": 15}, {"weight": 1, "random_weight": 0.5905409516064429, "id": 16}, {"weight": 1, "random_weight": 0.1171585265873295, "id": 22}, {"weight": 2, "random_weight": 0.6895255873086923, "id": 27}, {"weight": 3, "random_weight": 0.778360792892786, "id": 29}], [{"weight": 3, "random_weight": 0.909079614565574, "id": 14}, {"weight": 1, "random_weight": 0.00555984040545543, "id": 16}, {"weight": 3, "random_weight": 0.700696339083883, "id": 27}], [{"weight": 1, "random_weight": 0.5905409516064429, "id": 14}, {"weight": 1, "random_weight": 0.00555984040545543, "id": 15}, {"weight": 2, "random_weight": 0.42107818277497167, "id": 22}, {"weight": 2, "random_weight": 0.08260073306161098, "id": 24}], [{"weight": 2, "random_weight": 0.5473627080095298, "id": 0}, {"weight": 1, "random_weight": 0.503074641603365, "id": 1}, {"weight": 2, "random_weight": 0.8617654797090124, "id": 9}, {"weight": 3, "random_weight": 0.4868331862230607, "id": 10}, {"weight": 1, "random_weight": 0.853519011329869, "id": 23}, {"weight": 1, "random_weight": 0.8492845757420322, "id": 28}], [{"weight": 2, "random_weight": 0.31524793912051674, "id": 7}, {"weight": 2, "random_weight": 0.3499329744903139, "id": 8}, {"weight": 2, "random_weight": 0.6986181073968152, "id": 33}, {"weight": 2, "random_weight": 0.751500508434259, "id": 35}], [{"weight": 2, "random_weight": 0.4147521100883417, "id": 11}, {"weight": 2, "random_weight": 0.8819747013771735, "id": 12}, {"weight": 2, "random_weight": 0.6098262722146419, "id": 34}], [{"weight": 1, "random_weight": 0.8829855837668805, "id": 21}, {"weight": 1, "random_weight": 0.4059612323864952, "id": 25}, {"weight": 3, "random_weight": 0.6276449373191457, "id": 28}, {"weight": 1, "random_weight": 0.18451266569542712, "id": 31}], [{"weight": 2, "random_weight": 0.6404300319510375, "id": 1}, {"weight": 1, "random_weight": 0.8829855837668805, "id": 20}, {"weight": 1, "random_weight": 0.7229876509518496, "id": 28}], [{"weight": 2, "random_weight": 0.3794149581835793, "id": 4}, {"weight": 1, "random_weight": 0.1171585265873295, "id": 14}, {"weight": 2, "random_weight": 0.42107818277497167, "id": 16}, {"weight": 2, "random_weight": 0.061391619051722635, "id": 23}, {"weight": 1, "random_weight": 0.03558356183677491, "id": 29}], [{"weight": 2, "random_weight": 0.27813841787437776, "id": 5}, {"weight": 1, "random_weight": 0.8420471463199993, "id": 10}, {"weight": 1, "random_weight": 0.853519011329869, "id": 17}, {"weight": 2, "random_weight": 0.061391619051722635, "id": 22}, {"weight": 2, "random_weight": 0.6114646725055347, "id": 30}], [{"weight": 2, "random_weight": 0.8405674605141491, "id": 4}, {"weight": 2, "random_weight": 0.08260073306161098, "id": 16}], [{"weight": 1, "random_weight": 0.9919720717102335, "id": 6}, {"weight": 2, "random_weight": 0.028984882291731795, "id": 8}, {"weight": 1, "random_weight": 0.4059612323864952, "id": 20}, {"weight": 1, "random_weight": 0.7332018490189814, "id": 31}, {"weight": 2, "random_weight": 0.9269480543430285, "id": 32}], [{"weight": 2, "random_weight": 0.9049717770659879, "id": 12}, {"weight": 2, "random_weight": 0.7671927149041943, "id": 13}, {"weight": 2, "random_weight": 0.4995033634153254, "id": 27}, {"weight": 2, "random_weight": 0.8771957124794605, "id": 34}], [{"weight": 1, "random_weight": 0.4572488765682837, "id": 13}, {"weight": 2, "random_weight": 0.6895255873086923, "id": 14}, {"weight": 3, "random_weight": 0.700696339083883, "id": 15}, {"weight": 2, "random_weight": 0.4995033634153254, "id": 26}, {"weight": 1, "random_weight": 0.004031463003175584, "id": 29}], [{"weight": 1, "random_weight": 0.30215403510608385, "id": 1}, {"weight": 3, "random_weight": 0.7745970689551039, "id": 9}, {"weight": 1, "random_weight": 0.8492845757420322, "id": 17}, {"weight": 3, "random_weight": 0.6276449373191457, "id": 20}, {"weight": 1, "random_weight": 0.7229876509518496, "id": 21}, {"weight": 1, "random_weight": 0.6810166929919231, "id": 31}], [{"weight": 2, "random_weight": 0.7610502707840686, "id": 2}, {"weight": 3, "random_weight": 0.778360792892786, "id": 14}, {"weight": 1, "random_weight": 0.03558356183677491, "id": 22}, {"weight": 1, "random_weight": 0.004031463003175584, "id": 27}, {"weight": 2, "random_weight": 0.5161123653198602, "id": 30}, {"weight": 1, "random_weight": 0.647335031490884, "id": 34}], [{"weight": 1, "random_weight": 0.6735347028379332, "id": 2}, {"weight": 3, "random_weight": 0.4520263736550555, "id": 3}, {"weight": 2, "random_weight": 0.5402717901008303, "id": 10}, {"weight": 2, "random_weight": 0.6114646725055347, "id": 23}, {"weight": 2, "random_weight": 0.5161123653198602, "id": 29}], [{"weight": 2, "random_weight": 0.4818791895791761, "id": 9}, {"weight": 1, "random_weight": 0.18451266569542712, "id": 20}, {"weight": 1, "random_weight": 0.7332018490189814, "id": 25}, {"weight": 1, "random_weight": 0.6810166929919231, "id": 28}, {"weight": 3, "random_weight": 0.7150883297374209, "id": 32}], [{"weight": 1, "random_weight": 0.0841338733020055, "id": 8}, {"weight": 1, "random_weight": 0.8193075350871567, "id": 9}, {"weight": 2, "random_weight": 0.9269480543430285, "id": 25}, {"weight": 3, "random_weight": 0.7150883297374209, "id": 31}, {"weight": 3, "random_weight": 0.9830449903863339, "id": 33}], [{"weight": 1, "random_weight": 0.7150625418797016, "id": 2}, {"weight": 1, "random_weight": 0.8873163061934383, "id": 3}, {"weight": 1, "random_weight": 0.30584013464759485, "id": 8}, {"weight": 1, "random_weight": 0.5703601805611286, "id": 10}, {"weight": 2, "random_weight": 0.6986181073968152, "id": 18}, {"weight": 3, "random_weight": 0.9830449903863339, "id": 32}, {"weight": 1, "random_weight": 0.7799742673315592, "id": 35}], [{"weight": 1, "random_weight": 0.9499285964739432, "id": 2}, {"weight": 1, "random_weight": 0.59932461433935, "id": 11}, {"weight": 2, "random_weight": 0.6098262722146419, "id": 19}, {"weight": 2, "random_weight": 0.8771957124794605, "id": 26}, {"weight": 1, "random_weight": 0.647335031490884, "id": 29}, {"weight": 1, "random_weight": 0.9123639868968905, "id": 35}], [{"weight": 2, "random_weight": 0.39146127448175216, "id": 2}, {"weight": 4, "random_weight": 0.8552666609169393, "id": 11}, {"weight": 2, "random_weight": 0.751500508434259, "id": 18}, {"weight": 1, "random_weight": 0.7799742673315592, "id": 33}, {"weight": 1, "random_weight": 0.9123639868968905, "id": 34}]]}