{"directed": false, "multigraph": false, "graph": [], "nodes": [{"graph": null, "nnodes": 4, "nedges": 3, "density": 0.5, "atomics": "[16, 13, 14, 15]", "group_pop": 4, "init_part_assignment": 6, "id": 0}, {"graph": null, "nnodes": 4, "nedges": 4, "density": 0.6666666666666666, "atomics": "[17, 18, 29, 30]", "group_pop": 4, "init_part_assignment": 6, "id": 1}, {"graph": null, "nnodes": 4, "nedges": 3, "density": 0.5, "atomics": "[4, 5, 6, 7]", "group_pop": 4, "init_part_assignment": 5, "id": 2}, {"graph": null, "nnodes": 4, "nedges": 4, "density": 0.6666666666666666, "atomics": "[89, 90, 77, 78]", "group_pop": 4, "init_part_assignment": 0, "id": 3}, {"graph": null, "nnodes": 4, "nedges": 4, "density": 0.6666666666666666, "atomics": "[8, 9, 20, 21]", "group_pop": 4, "init_part_assignment": 5, "id": 4}, {"graph": null, "nnodes": 4, "nedges": 4, "density": 0.6666666666666666, "atomics": "[120, 121, 132, 133]", "group_pop": 4, "init_part_assignment": 2, "id": 5}, {"graph": null, "nnodes": 4, "nedges": 3, "density": 0.5, "atomics": "[122, 134, 110, 111]", "group_pop": 4, "init_part_assignment": 2, "id": 6}, {"graph": null, "nnodes": 4, "nedges": 4, "density": 0.6666666666666666, "atomics": "[96, 97, 108, 109]", "group_pop": 4, "init_part_assignment": 2, "id": 7}, {"graph": null, "nnodes": 4, "nedges": 3, "density": 0.5, "atomics": "[48, 49, 50, 36]", "group_pop": 4, "init_part_assignment": 11, "id": 8}, {"graph": null, "nnodes": 4, "nedges": 3, "density": 0.5, "atomics": "[40, 51, 52, 28]", "group_pop": 4, "init_part_assignment": 1, "id": 9}, {"graph": null, "nnodes": 4, "nedges": 3, "density": 0.5, "atomics": "[73, 61, 62, 63]", "group_pop": 4, "init_part_assignment": 11, "id": 10}, {"graph": null, "nnodes": 4, "nedges": 4, "density": 0.6666666666666666, "atomics": "[136, 123, 124, 135]", "group_pop": 4, "init_part_assignment": 9, "id": 11}, {"graph": null, "nnodes": 4, "nedges": 4, "density": 0.6666666666666666, "atomics": "[137, 138, 125, 126]", "group_pop": 4, "init_part_assignment": 9, "id": 12}, {"graph": null, "nnodes": 4, "nedges": 3, "density": 0.5, "atomics": "[129, 130, 116, 117]", "group_pop": 4, "init_part_assignment": 7, "id": 13}, {"graph": null, "nnodes": 4, "nedges": 3, "density": 0.5, "atomics": "[131, 141, 142, 143]", "group_pop": 4, "init_part_assignment": 7, "id": 14}, {"graph": null, "nnodes": 4, "nedges": 4, "density": 0.6666666666666666, "atomics": "[58, 59, 70, 71]", "group_pop": 4, "init_part_assignment": 3, "id": 15}, {"graph": null, "nnodes": 4, "nedges": 4, "density": 0.6666666666666666, "atomics": "[34, 35, 46, 47]", "group_pop": 4, "init_part_assignment": 3, "id": 16}, {"graph": null, "nnodes": 4, "nedges": 3, "density": 0.5, "atomics": "[27, 37, 38, 39]", "group_pop": 4, "init_part_assignment": 8, "id": 17}, {"graph": null, "nnodes": 4, "nedges": 4, "density": 0.6666666666666666, "atomics": "[128, 139, 140, 127]", "group_pop": 4, "init_part_assignment": 9, "id": 18}, {"graph": null, "nnodes": 4, "nedges": 3, "density": 0.5, "atomics": "[24, 25, 26, 12]", "group_pop": 4, "init_part_assignment": 8, "id": 19}, {"graph": null, "nnodes": 4, "nedges": 3, "density": 0.5, "atomics": "[0, 1, 2, 3]", "group_pop": 4, "init_part_assignment": 8, "id": 20}, {"graph": null, "nnodes": 4, "nedges": 3, "density": 0.5, "atomics": "[32, 33, 19, 31]", "group_pop": 4, "init_part_assignment": 6, "id": 21}, {"graph": null, "nnodes": 4, "nedges": 3, "density": 0.5, "atomics": "[41, 42, 43, 55]", "group_pop": 4, "init_part_assignment": 1, "id": 22}, {"graph": null, "nnodes": 4, "nedges": 4, "density": 0.6666666666666666, "atomics": "[10, 11, 22, 23]", "group_pop": 4, "init_part_assignment": 5, "id": 23}, {"graph": null, "nnodes": 4, "nedges": 4, "density": 0.6666666666666666, "atomics": "[56, 57, 44, 45]", "group_pop": 4, "init_part_assignment": 3, "id": 24}, {"graph": null, "nnodes": 4, "nedges": 3, "density": 0.5, "atomics": "[72, 84, 85, 60]", "group_pop": 4, "init_part_assignment": 11, "id": 25}, {"graph": null, "nnodes": 4, "nedges": 3, "density": 0.5, "atomics": "[105, 106, 118, 119]", "group_pop": 4, "init_part_assignment": 7, "id": 26}, {"graph": null, "nnodes": 4, "nedges": 3, "density": 0.5, "atomics": "[81, 82, 83, 69]", "group_pop": 4, "init_part_assignment": 4, "id": 27}, {"graph": null, "nnodes": 4, "nedges": 3, "density": 0.5, "atomics": "[107, 93, 94, 95]", "group_pop": 4, "init_part_assignment": 4, "id": 28}, {"graph": null, "nnodes": 4, "nedges": 4, "density": 0.6666666666666666, "atomics": "[65, 66, 53, 54]", "group_pop": 4, "init_part_assignment": 0, "id": 29}, {"graph": null, "nnodes": 4, "nedges": 3, "density": 0.5, "atomics": "[98, 99, 74, 86]", "group_pop": 4, "init_part_assignment": 10, "id": 30}, {"graph": null, "nnodes": 4, "nedges": 3, "density": 0.5, "atomics": "[64, 75, 76, 87]", "group_pop": 4, "init_part_assignment": 0, "id": 31}, {"graph": null, "nnodes": 4, "nedges": 4, "density": 0.6666666666666666, "atomics": "[104, 91, 92, 103]", "group_pop": 4, "init_part_assignment": 4, "id": 32}, {"graph": null, "nnodes": 4, "nedges": 4, "density": 0.6666666666666666, "atomics": "[80, 67, 68, 79]", "group_pop": 4, "init_part_assignment": 1, "id": 33}, {"graph": null, "nnodes": 4, "nedges": 3, "density": 0.5, "atomics": "[113, 114, 115, 102]", "group_pop": 4, "init_part_assignment": 10, "id": 34}, {"graph": null, "nnodes": 4, "nedges": 3, "density": 0.5, "atomics": "[88, 101, 100, 112]", "group_pop": 4, "init_part_assignment": 10, "id": 35}], "adjacency": [[{"weight": 1, "random_weight": 0.5623755314212935, "id": 1}, {"weight": 1, "random_weight": 0.7687652122678471, "id": 2}, {"weight": 1, "random_weight": 0.8892479006889463, "id": 9}, {"weight": 1, "random_weight": 0.4693260493418787, "id": 17}, {"weight": 3, "random_weight": 0.972948047455137, "id": 19}, {"weight": 3, "random_weight": 0.5649983542654585, "id": 20}], [{"weight": 1, "random_weight": 0.5623755314212935, "id": 0}, {"weight": 2, "random_weight": 0.44633461859543777, "id": 2}, {"weight": 1, "random_weight": 0.6618837794352502, "id": 9}, {"weight": 2, "random_weight": 0.36975808163978774, "id": 21}, {"weight": 2, "random_weight": 0.42133292924941623, "id": 22}], [{"weight": 1, "random_weight": 0.7687652122678471, "id": 0}, {"weight": 2, "random_weight": 0.44633461859543777, "id": 1}, {"weight": 1, "random_weight": 0.17020464798590818, "id": 4}, {"weight": 1, "random_weight": 0.15714685625089142, "id": 20}, {"weight": 1, "random_weight": 0.9060643980058992, "id": 21}], [{"weight": 2, "random_weight": 0.6844845640397176, "id": 29}, {"weight": 1, "random_weight": 0.5299256087540243, "id": 31}, {"weight": 1, "random_weight": 0.8479625351721061, "id": 32}, {"weight": 1, "random_weight": 0.7076939470740158, "id": 33}, {"weight": 1, "random_weight": 0.8632521804026619, "id": 34}, {"weight": 2, "random_weight": 0.5446781545412807, "id": 35}], [{"weight": 1, "random_weight": 0.17020464798590818, "id": 2}, {"weight": 3, "random_weight": 0.8342639857736752, "id": 21}, {"weight": 2, "random_weight": 0.2565797825692143, "id": 23}], [{"weight": 2, "random_weight": 0.1460686016801097, "id": 6}, {"weight": 2, "random_weight": 0.5408317452670237, "id": 7}], [{"weight": 2, "random_weight": 0.1460686016801097, "id": 5}, {"weight": 1, "random_weight": 0.223540963347721, "id": 7}, {"weight": 3, "random_weight": 0.936404729138219, "id": 11}, {"weight": 2, "random_weight": 0.43062695247441396, "id": 30}, {"weight": 1, "random_weight": 0.7605881185599466, "id": 35}], [{"weight": 2, "random_weight": 0.5408317452670237, "id": 5}, {"weight": 1, "random_weight": 0.223540963347721, "id": 6}, {"weight": 2, "random_weight": 0.6081950917886086, "id": 25}, {"weight": 1, "random_weight": 0.6524208749482725, "id": 30}], [{"weight": 1, "random_weight": 0.738235365399013, "id": 9}, {"weight": 2, "random_weight": 0.05257083902723436, "id": 10}, {"weight": 3, "random_weight": 0.8168782689948357, "id": 17}, {"weight": 1, "random_weight": 0.4941599890208025, "id": 19}, {"weight": 1, "random_weight": 0.3258679814581139, "id": 25}], [{"weight": 1, "random_weight": 0.8892479006889463, "id": 0}, {"weight": 1, "random_weight": 0.6618837794352502, "id": 1}, {"weight": 1, "random_weight": 0.738235365399013, "id": 8}, {"weight": 1, "random_weight": 0.7641092678991055, "id": 10}, {"weight": 3, "random_weight": 0.7157813929403017, "id": 17}, {"weight": 1, "random_weight": 0.3778788698251896, "id": 22}, {"weight": 1, "random_weight": 0.499185831260864, "id": 29}, {"weight": 1, "random_weight": 0.9268641615222988, "id": 31}], [{"weight": 2, "random_weight": 0.05257083902723436, "id": 8}, {"weight": 1, "random_weight": 0.7641092678991055, "id": 9}, {"weight": 3, "random_weight": 0.32898003777878215, "id": 25}, {"weight": 2, "random_weight": 0.36671100875295193, "id": 30}, {"weight": 2, "random_weight": 0.26710874520589845, "id": 31}], [{"weight": 3, "random_weight": 0.936404729138219, "id": 6}, {"weight": 2, "random_weight": 0.18900348659766097, "id": 12}, {"weight": 1, "random_weight": 0.5781724875406805, "id": 35}], [{"weight": 2, "random_weight": 0.18900348659766097, "id": 11}, {"weight": 2, "random_weight": 0.3185311337918112, "id": 18}, {"weight": 2, "random_weight": 0.4321535218114454, "id": 34}], [{"weight": 3, "random_weight": 0.458701069340525, "id": 14}, {"weight": 2, "random_weight": 0.004590769664860717, "id": 18}, {"weight": 3, "random_weight": 0.1626546402016511, "id": 26}, {"weight": 1, "random_weight": 0.44286101774740494, "id": 32}, {"weight": 1, "random_weight": 0.45992699073164856, "id": 34}], [{"weight": 3, "random_weight": 0.458701069340525, "id": 13}, {"weight": 1, "random_weight": 0.5600498131025475, "id": 18}, {"weight": 1, "random_weight": 0.5698886806419444, "id": 26}], [{"weight": 2, "random_weight": 0.8664956817804637, "id": 16}, {"weight": 1, "random_weight": 0.039392884636983316, "id": 24}, {"weight": 3, "random_weight": 0.31689769855239125, "id": 27}], [{"weight": 2, "random_weight": 0.8664956817804637, "id": 15}, {"weight": 1, "random_weight": 0.833863189944998, "id": 21}, {"weight": 2, "random_weight": 0.7044305811525778, "id": 23}, {"weight": 1, "random_weight": 0.5150055688648266, "id": 24}], [{"weight": 1, "random_weight": 0.4693260493418787, "id": 0}, {"weight": 3, "random_weight": 0.8168782689948357, "id": 8}, {"weight": 3, "random_weight": 0.7157813929403017, "id": 9}, {"weight": 3, "random_weight": 0.7591199347986876, "id": 19}], [{"weight": 2, "random_weight": 0.3185311337918112, "id": 12}, {"weight": 2, "random_weight": 0.004590769664860717, "id": 13}, {"weight": 1, "random_weight": 0.5600498131025475, "id": 14}, {"weight": 1, "random_weight": 0.36535818018582467, "id": 34}], [{"weight": 3, "random_weight": 0.972948047455137, "id": 0}, {"weight": 1, "random_weight": 0.4941599890208025, "id": 8}, {"weight": 3, "random_weight": 0.7591199347986876, "id": 17}, {"weight": 1, "random_weight": 0.07513824817633274, "id": 20}], [{"weight": 3, "random_weight": 0.5649983542654585, "id": 0}, {"weight": 1, "random_weight": 0.15714685625089142, "id": 2}, {"weight": 1, "random_weight": 0.07513824817633274, "id": 19}], [{"weight": 2, "random_weight": 0.36975808163978774, "id": 1}, {"weight": 1, "random_weight": 0.9060643980058992, "id": 2}, {"weight": 3, "random_weight": 0.8342639857736752, "id": 4}, {"weight": 1, "random_weight": 0.833863189944998, "id": 16}, {"weight": 1, "random_weight": 0.5577718826165599, "id": 22}, {"weight": 2, "random_weight": 0.6842510041174239, "id": 24}], [{"weight": 2, "random_weight": 0.42133292924941623, "id": 1}, {"weight": 1, "random_weight": 0.3778788698251896, "id": 9}, {"weight": 1, "random_weight": 0.5577718826165599, "id": 21}, {"weight": 2, "random_weight": 0.693850308174604, "id": 24}, {"weight": 3, "random_weight": 0.9621762237545671, "id": 29}, {"weight": 1, "random_weight": 0.2830381885027621, "id": 33}], [{"weight": 2, "random_weight": 0.2565797825692143, "id": 4}, {"weight": 2, "random_weight": 0.7044305811525778, "id": 16}], [{"weight": 1, "random_weight": 0.039392884636983316, "id": 15}, {"weight": 1, "random_weight": 0.5150055688648266, "id": 16}, {"weight": 2, "random_weight": 0.6842510041174239, "id": 21}, {"weight": 2, "random_weight": 0.693850308174604, "id": 22}, {"weight": 1, "random_weight": 0.9932439002827124, "id": 27}, {"weight": 1, "random_weight": 0.8797165923936813, "id": 33}], [{"weight": 2, "random_weight": 0.6081950917886086, "id": 7}, {"weight": 1, "random_weight": 0.3258679814581139, "id": 8}, {"weight": 3, "random_weight": 0.32898003777878215, "id": 10}, {"weight": 1, "random_weight": 0.4053667625753067, "id": 30}], [{"weight": 3, "random_weight": 0.1626546402016511, "id": 13}, {"weight": 1, "random_weight": 0.5698886806419444, "id": 14}, {"weight": 4, "random_weight": 0.31436196381502635, "id": 28}, {"weight": 1, "random_weight": 0.6358777175300544, "id": 32}], [{"weight": 3, "random_weight": 0.31689769855239125, "id": 15}, {"weight": 1, "random_weight": 0.9932439002827124, "id": 24}, {"weight": 3, "random_weight": 0.2017692955031236, "id": 28}, {"weight": 2, "random_weight": 0.32332766563889714, "id": 33}], [{"weight": 4, "random_weight": 0.31436196381502635, "id": 26}, {"weight": 3, "random_weight": 0.2017692955031236, "id": 27}, {"weight": 1, "random_weight": 0.07981069726534595, "id": 32}], [{"weight": 2, "random_weight": 0.6844845640397176, "id": 3}, {"weight": 1, "random_weight": 0.499185831260864, "id": 9}, {"weight": 3, "random_weight": 0.9621762237545671, "id": 22}, {"weight": 1, "random_weight": 0.23319238338274306, "id": 31}, {"weight": 1, "random_weight": 0.3191867373803752, "id": 33}], [{"weight": 2, "random_weight": 0.43062695247441396, "id": 6}, {"weight": 1, "random_weight": 0.6524208749482725, "id": 7}, {"weight": 2, "random_weight": 0.36671100875295193, "id": 10}, {"weight": 1, "random_weight": 0.4053667625753067, "id": 25}, {"weight": 3, "random_weight": 0.6374989793212061, "id": 31}, {"weight": 1, "random_weight": 0.3412490303558524, "id": 35}], [{"weight": 1, "random_weight": 0.5299256087540243, "id": 3}, {"weight": 1, "random_weight": 0.9268641615222988, "id": 9}, {"weight": 2, "random_weight": 0.26710874520589845, "id": 10}, {"weight": 1, "random_weight": 0.23319238338274306, "id": 29}, {"weight": 3, "random_weight": 0.6374989793212061, "id": 30}, {"weight": 2, "random_weight": 0.5362247426454302, "id": 35}], [{"weight": 1, "random_weight": 0.8479625351721061, "id": 3}, {"weight": 1, "random_weight": 0.44286101774740494, "id": 13}, {"weight": 1, "random_weight": 0.6358777175300544, "id": 26}, {"weight": 1, "random_weight": 0.07981069726534595, "id": 28}, {"weight": 2, "random_weight": 0.3280861450490773, "id": 33}, {"weight": 2, "random_weight": 0.7414323138000549, "id": 34}], [{"weight": 1, "random_weight": 0.7076939470740158, "id": 3}, {"weight": 1, "random_weight": 0.2830381885027621, "id": 22}, {"weight": 1, "random_weight": 0.8797165923936813, "id": 24}, {"weight": 2, "random_weight": 0.32332766563889714, "id": 27}, {"weight": 1, "random_weight": 0.3191867373803752, "id": 29}, {"weight": 2, "random_weight": 0.3280861450490773, "id": 32}], [{"weight": 1, "random_weight": 0.8632521804026619, "id": 3}, {"weight": 2, "random_weight": 0.4321535218114454, "id": 12}, {"weight": 1, "random_weight": 0.45992699073164856, "id": 13}, {"weight": 1, "random_weight": 0.36535818018582467, "id": 18}, {"weight": 2, "random_weight": 0.7414323138000549, "id": 32}, {"weight": 3, "random_weight": 0.995830541915178, "id": 35}], [{"weight": 2, "random_weight": 0.5446781545412807, "id": 3}, {"weight": 1, "random_weight": 0.7605881185599466, "id": 6}, {"weight": 1, "random_weight": 0.5781724875406805, "id": 11}, {"weight": 1, "random_weight": 0.3412490303558524, "id": 30}, {"weight": 2, "random_weight": 0.5362247426454302, "id": 31}, {"weight": 3, "random_weight": 0.995830541915178, "id": 34}]]}