{"directed": false, "multigraph": false, "graph": [], "nodes": [{"graph": null, "nnodes": 4, "nedges": 3, "density": 0.5, "atomics": "[16, 27, 28, 4]", "group_pop": 4, "init_part_assignment": 7, "id": 0}, {"graph": null, "nnodes": 4, "nedges": 4, "density": 0.6666666666666666, "atomics": "[17, 18, 5, 6]", "group_pop": 4, "init_part_assignment": 8, "id": 1}, {"graph": null, "nnodes": 4, "nedges": 4, "density": 0.6666666666666666, "atomics": "[2, 3, 14, 15]", "group_pop": 4, "init_part_assignment": 6, "id": 2}, {"graph": null, "nnodes": 4, "nedges": 4, "density": 0.6666666666666666, "atomics": "[88, 89, 76, 77]", "group_pop": 4, "init_part_assignment": 9, "id": 3}, {"graph": null, "nnodes": 4, "nedges": 3, "density": 0.5, "atomics": "[65, 90, 66, 78]", "group_pop": 4, "init_part_assignment": 11, "id": 4}, {"graph": null, "nnodes": 4, "nedges": 3, "density": 0.5, "atomics": "[8, 9, 21, 7]", "group_pop": 4, "init_part_assignment": 3, "id": 5}, {"graph": null, "nnodes": 4, "nedges": 3, "density": 0.5, "atomics": "[121, 98, 109, 110]", "group_pop": 4, "init_part_assignment": 0, "id": 6}, {"graph": null, "nnodes": 4, "nedges": 3, "density": 0.5, "atomics": "[120, 132, 108, 133]", "group_pop": 4, "init_part_assignment": 0, "id": 7}, {"graph": null, "nnodes": 4, "nedges": 3, "density": 0.5, "atomics": "[136, 122, 134, 135]", "group_pop": 4, "init_part_assignment": 1, "id": 8}, {"graph": null, "nnodes": 4, "nedges": 3, "density": 0.5, "atomics": "[50, 75, 74, 62]", "group_pop": 4, "init_part_assignment": 5, "id": 9}, {"graph": null, "nnodes": 4, "nedges": 3, "density": 0.5, "atomics": "[64, 51, 63, 39]", "group_pop": 4, "init_part_assignment": 7, "id": 10}, {"graph": null, "nnodes": 4, "nedges": 4, "density": 0.6666666666666666, "atomics": "[40, 41, 52, 53]", "group_pop": 4, "init_part_assignment": 7, "id": 11}, {"graph": null, "nnodes": 4, "nedges": 4, "density": 0.6666666666666666, "atomics": "[137, 138, 125, 126]", "group_pop": 4, "init_part_assignment": 1, "id": 12}, {"graph": null, "nnodes": 4, "nedges": 4, "density": 0.6666666666666666, "atomics": "[129, 130, 141, 142]", "group_pop": 4, "init_part_assignment": 2, "id": 13}, {"graph": null, "nnodes": 4, "nedges": 3, "density": 0.5, "atomics": "[143, 131, 118, 119]", "group_pop": 4, "init_part_assignment": 4, "id": 14}, {"graph": null, "nnodes": 4, "nedges": 3, "density": 0.5, "atomics": "[57, 58, 59, 69]", "group_pop": 4, "init_part_assignment": 10, "id": 15}, {"graph": null, "nnodes": 4, "nedges": 4, "density": 0.6666666666666666, "atomics": "[34, 35, 46, 47]", "group_pop": 4, "init_part_assignment": 3, "id": 16}, {"graph": null, "nnodes": 4, "nedges": 4, "density": 0.6666666666666666, "atomics": "[112, 123, 124, 111]", "group_pop": 4, "init_part_assignment": 1, "id": 17}, {"graph": null, "nnodes": 4, "nedges": 4, "density": 0.6666666666666666, "atomics": "[128, 139, 140, 127]", "group_pop": 4, "init_part_assignment": 2, "id": 18}, {"graph": null, "nnodes": 4, "nedges": 3, "density": 0.5, "atomics": "[24, 49, 48, 36]", "group_pop": 4, "init_part_assignment": 5, "id": 19}, {"graph": null, "nnodes": 4, "nedges": 4, "density": 0.6666666666666666, "atomics": "[0, 1, 12, 13]", "group_pop": 4, "init_part_assignment": 6, "id": 20}, {"graph": null, "nnodes": 4, "nedges": 4, "density": 0.6666666666666666, "atomics": "[32, 19, 20, 31]", "group_pop": 4, "init_part_assignment": 8, "id": 21}, {"graph": null, "nnodes": 4, "nedges": 3, "density": 0.5, "atomics": "[42, 29, 54, 30]", "group_pop": 4, "init_part_assignment": 11, "id": 22}, {"graph": null, "nnodes": 4, "nedges": 4, "density": 0.6666666666666666, "atomics": "[10, 11, 22, 23]", "group_pop": 4, "init_part_assignment": 3, "id": 23}, {"graph": null, "nnodes": 4, "nedges": 3, "density": 0.5, "atomics": "[33, 43, 44, 45]", "group_pop": 4, "init_part_assignment": 8, "id": 24}, {"graph": null, "nnodes": 4, "nedges": 4, "density": 0.6666666666666666, "atomics": "[72, 73, 60, 61]", "group_pop": 4, "init_part_assignment": 5, "id": 25}, {"graph": null, "nnodes": 4, "nedges": 4, "density": 0.6666666666666666, "atomics": "[96, 97, 84, 85]", "group_pop": 4, "init_part_assignment": 0, "id": 26}, {"graph": null, "nnodes": 4, "nedges": 3, "density": 0.5, "atomics": "[81, 117, 93, 105]", "group_pop": 4, "init_part_assignment": 10, "id": 27}, {"graph": null, "nnodes": 4, "nedges": 4, "density": 0.6666666666666666, "atomics": "[82, 83, 70, 71]", "group_pop": 4, "init_part_assignment": 4, "id": 28}, {"graph": null, "nnodes": 4, "nedges": 4, "density": 0.6666666666666666, "atomics": "[106, 107, 94, 95]", "group_pop": 4, "init_part_assignment": 4, "id": 29}, {"graph": null, "nnodes": 4, "nedges": 4, "density": 0.6666666666666666, "atomics": "[25, 26, 37, 38]", "group_pop": 4, "init_part_assignment": 6, "id": 30}, {"graph": null, "nnodes": 4, "nedges": 4, "density": 0.6666666666666666, "atomics": "[56, 67, 68, 55]", "group_pop": 4, "init_part_assignment": 11, "id": 31}, {"graph": null, "nnodes": 4, "nedges": 3, "density": 0.5, "atomics": "[99, 100, 86, 87]", "group_pop": 4, "init_part_assignment": 9, "id": 32}, {"graph": null, "nnodes": 4, "nedges": 4, "density": 0.6666666666666666, "atomics": "[80, 91, 92, 79]", "group_pop": 4, "init_part_assignment": 10, "id": 33}, {"graph": null, "nnodes": 4, "nedges": 3, "density": 0.5, "atomics": "[104, 101, 102, 103]", "group_pop": 4, "init_part_assignment": 9, "id": 34}, {"graph": null, "nnodes": 4, "nedges": 3, "density": 0.5, "atomics": "[113, 114, 115, 116]", "group_pop": 4, "init_part_assignment": 2, "id": 35}], "adjacency": [[{"weight": 2, "random_weight": 0.1745914962453703, "id": 1}, {"weight": 3, "random_weight": 0.14033862900863936, "id": 2}, {"weight": 1, "random_weight": 0.27944372676471385, "id": 10}, {"weight": 1, "random_weight": 0.76207196357858, "id": 11}, {"weight": 1, "random_weight": 0.7301497987496456, "id": 22}, {"weight": 1, "random_weight": 0.9493735058295985, "id": 30}], [{"weight": 2, "random_weight": 0.1745914962453703, "id": 0}, {"weight": 1, "random_weight": 0.7972690697392016, "id": 5}, {"weight": 1, "random_weight": 0.15248424825197993, "id": 21}, {"weight": 2, "random_weight": 0.22854700108070714, "id": 22}], [{"weight": 3, "random_weight": 0.14033862900863936, "id": 0}, {"weight": 2, "random_weight": 0.8254427698182252, "id": 20}, {"weight": 1, "random_weight": 0.21353955739618713, "id": 30}], [{"weight": 3, "random_weight": 0.8971682397980024, "id": 4}, {"weight": 1, "random_weight": 0.6972037456973244, "id": 9}, {"weight": 1, "random_weight": 0.9570613648963506, "id": 10}, {"weight": 2, "random_weight": 0.27842807805914016, "id": 32}, {"weight": 1, "random_weight": 0.6203139171500716, "id": 34}], [{"weight": 3, "random_weight": 0.8971682397980024, "id": 3}, {"weight": 1, "random_weight": 0.7723426564594752, "id": 10}, {"weight": 1, "random_weight": 0.7062256845125657, "id": 11}, {"weight": 1, "random_weight": 0.6959810846309294, "id": 22}, {"weight": 1, "random_weight": 0.026504673981422422, "id": 31}, {"weight": 2, "random_weight": 0.403072697739272, "id": 33}, {"weight": 1, "random_weight": 0.5228460444780071, "id": 34}], [{"weight": 1, "random_weight": 0.7972690697392016, "id": 1}, {"weight": 3, "random_weight": 0.8315937601145759, "id": 21}, {"weight": 2, "random_weight": 0.3259651385047493, "id": 23}, {"weight": 1, "random_weight": 0.3097182567826582, "id": 24}], [{"weight": 3, "random_weight": 0.7743142424646129, "id": 7}, {"weight": 2, "random_weight": 0.477740941580283, "id": 8}, {"weight": 1, "random_weight": 0.4299841971490017, "id": 17}, {"weight": 2, "random_weight": 0.4771736325075885, "id": 26}, {"weight": 2, "random_weight": 0.7068650573359764, "id": 32}], [{"weight": 3, "random_weight": 0.7743142424646129, "id": 6}, {"weight": 1, "random_weight": 0.6658484234097636, "id": 8}, {"weight": 1, "random_weight": 0.6419238583009271, "id": 26}], [{"weight": 2, "random_weight": 0.477740941580283, "id": 6}, {"weight": 1, "random_weight": 0.6658484234097636, "id": 7}, {"weight": 1, "random_weight": 0.29204171909867327, "id": 12}, {"weight": 3, "random_weight": 0.5973103178885021, "id": 17}], [{"weight": 1, "random_weight": 0.6972037456973244, "id": 3}, {"weight": 3, "random_weight": 0.7326072128584907, "id": 10}, {"weight": 1, "random_weight": 0.4669561480506521, "id": 19}, {"weight": 2, "random_weight": 0.7714557732764905, "id": 25}, {"weight": 1, "random_weight": 0.5986736782878956, "id": 30}, {"weight": 2, "random_weight": 0.4616247425192539, "id": 32}], [{"weight": 1, "random_weight": 0.27944372676471385, "id": 0}, {"weight": 1, "random_weight": 0.9570613648963506, "id": 3}, {"weight": 1, "random_weight": 0.7723426564594752, "id": 4}, {"weight": 3, "random_weight": 0.7326072128584907, "id": 9}, {"weight": 3, "random_weight": 0.08035605567528459, "id": 11}, {"weight": 1, "random_weight": 0.9757627712749932, "id": 30}], [{"weight": 1, "random_weight": 0.76207196357858, "id": 0}, {"weight": 1, "random_weight": 0.7062256845125657, "id": 4}, {"weight": 3, "random_weight": 0.08035605567528459, "id": 10}, {"weight": 3, "random_weight": 0.9321997554627691, "id": 22}], [{"weight": 1, "random_weight": 0.29204171909867327, "id": 8}, {"weight": 1, "random_weight": 0.6741054998868296, "id": 17}, {"weight": 2, "random_weight": 0.6946345414930712, "id": 18}, {"weight": 2, "random_weight": 0.8389314337806518, "id": 35}], [{"weight": 3, "random_weight": 0.5670511897462263, "id": 14}, {"weight": 2, "random_weight": 0.05881790899036643, "id": 18}, {"weight": 1, "random_weight": 0.5041413509412861, "id": 27}], [{"weight": 3, "random_weight": 0.5670511897462263, "id": 13}, {"weight": 1, "random_weight": 0.3370210193417684, "id": 27}, {"weight": 2, "random_weight": 0.27906277492174203, "id": 29}], [{"weight": 2, "random_weight": 0.6503625017431834, "id": 16}, {"weight": 1, "random_weight": 0.7994316889273888, "id": 24}, {"weight": 1, "random_weight": 0.26761647662589716, "id": 27}, {"weight": 3, "random_weight": 0.9215701908815274, "id": 28}, {"weight": 2, "random_weight": 0.8422896006480632, "id": 31}], [{"weight": 2, "random_weight": 0.6503625017431834, "id": 15}, {"weight": 2, "random_weight": 0.35925271083737365, "id": 23}, {"weight": 2, "random_weight": 0.7779487455876278, "id": 24}], [{"weight": 1, "random_weight": 0.4299841971490017, "id": 6}, {"weight": 3, "random_weight": 0.5973103178885021, "id": 8}, {"weight": 1, "random_weight": 0.6741054998868296, "id": 12}, {"weight": 2, "random_weight": 0.5619822984016976, "id": 32}, {"weight": 1, "random_weight": 0.7343582046215378, "id": 35}], [{"weight": 2, "random_weight": 0.6946345414930712, "id": 12}, {"weight": 2, "random_weight": 0.05881790899036643, "id": 13}, {"weight": 2, "random_weight": 0.41508187635433613, "id": 35}], [{"weight": 1, "random_weight": 0.4669561480506521, "id": 9}, {"weight": 1, "random_weight": 0.908960799508401, "id": 20}, {"weight": 2, "random_weight": 0.7716012280540824, "id": 25}, {"weight": 3, "random_weight": 0.5177426313174917, "id": 30}], [{"weight": 2, "random_weight": 0.8254427698182252, "id": 2}, {"weight": 1, "random_weight": 0.908960799508401, "id": 19}, {"weight": 1, "random_weight": 0.5743612993493539, "id": 30}], [{"weight": 1, "random_weight": 0.15248424825197993, "id": 1}, {"weight": 3, "random_weight": 0.8315937601145759, "id": 5}, {"weight": 1, "random_weight": 0.9080031609217434, "id": 22}, {"weight": 3, "random_weight": 0.19777146238316723, "id": 24}], [{"weight": 1, "random_weight": 0.7301497987496456, "id": 0}, {"weight": 2, "random_weight": 0.22854700108070714, "id": 1}, {"weight": 1, "random_weight": 0.6959810846309294, "id": 4}, {"weight": 3, "random_weight": 0.9321997554627691, "id": 11}, {"weight": 1, "random_weight": 0.9080031609217434, "id": 21}, {"weight": 1, "random_weight": 0.7926796861654569, "id": 24}, {"weight": 1, "random_weight": 0.5539555585594086, "id": 31}], [{"weight": 2, "random_weight": 0.3259651385047493, "id": 5}, {"weight": 2, "random_weight": 0.35925271083737365, "id": 16}], [{"weight": 1, "random_weight": 0.3097182567826582, "id": 5}, {"weight": 1, "random_weight": 0.7994316889273888, "id": 15}, {"weight": 2, "random_weight": 0.7779487455876278, "id": 16}, {"weight": 3, "random_weight": 0.19777146238316723, "id": 21}, {"weight": 1, "random_weight": 0.7926796861654569, "id": 22}, {"weight": 2, "random_weight": 0.41906335710616227, "id": 31}], [{"weight": 2, "random_weight": 0.7714557732764905, "id": 9}, {"weight": 2, "random_weight": 0.7716012280540824, "id": 19}, {"weight": 2, "random_weight": 0.7135604282815491, "id": 26}], [{"weight": 2, "random_weight": 0.4771736325075885, "id": 6}, {"weight": 1, "random_weight": 0.6419238583009271, "id": 7}, {"weight": 2, "random_weight": 0.7135604282815491, "id": 25}, {"weight": 1, "random_weight": 0.6192356609716625, "id": 32}], [{"weight": 1, "random_weight": 0.5041413509412861, "id": 13}, {"weight": 1, "random_weight": 0.3370210193417684, "id": 14}, {"weight": 1, "random_weight": 0.26761647662589716, "id": 15}, {"weight": 1, "random_weight": 0.9150482214968292, "id": 28}, {"weight": 2, "random_weight": 0.8815374062277962, "id": 29}, {"weight": 2, "random_weight": 0.3176399934473053, "id": 33}, {"weight": 1, "random_weight": 0.9603584405810116, "id": 34}, {"weight": 1, "random_weight": 0.5056593954993256, "id": 35}], [{"weight": 3, "random_weight": 0.9215701908815274, "id": 15}, {"weight": 1, "random_weight": 0.9150482214968292, "id": 27}, {"weight": 2, "random_weight": 0.4674358674886683, "id": 29}], [{"weight": 2, "random_weight": 0.27906277492174203, "id": 14}, {"weight": 2, "random_weight": 0.8815374062277962, "id": 27}, {"weight": 2, "random_weight": 0.4674358674886683, "id": 28}], [{"weight": 1, "random_weight": 0.9493735058295985, "id": 0}, {"weight": 1, "random_weight": 0.21353955739618713, "id": 2}, {"weight": 1, "random_weight": 0.5986736782878956, "id": 9}, {"weight": 1, "random_weight": 0.9757627712749932, "id": 10}, {"weight": 3, "random_weight": 0.5177426313174917, "id": 19}, {"weight": 1, "random_weight": 0.5743612993493539, "id": 20}], [{"weight": 1, "random_weight": 0.026504673981422422, "id": 4}, {"weight": 2, "random_weight": 0.8422896006480632, "id": 15}, {"weight": 1, "random_weight": 0.5539555585594086, "id": 22}, {"weight": 2, "random_weight": 0.41906335710616227, "id": 24}, {"weight": 2, "random_weight": 0.20528632107628653, "id": 33}], [{"weight": 2, "random_weight": 0.27842807805914016, "id": 3}, {"weight": 2, "random_weight": 0.7068650573359764, "id": 6}, {"weight": 2, "random_weight": 0.4616247425192539, "id": 9}, {"weight": 2, "random_weight": 0.5619822984016976, "id": 17}, {"weight": 1, "random_weight": 0.6192356609716625, "id": 26}, {"weight": 1, "random_weight": 0.7687774823003407, "id": 34}], [{"weight": 2, "random_weight": 0.403072697739272, "id": 4}, {"weight": 2, "random_weight": 0.3176399934473053, "id": 27}, {"weight": 2, "random_weight": 0.20528632107628653, "id": 31}, {"weight": 2, "random_weight": 0.6927592517784071, "id": 34}], [{"weight": 1, "random_weight": 0.6203139171500716, "id": 3}, {"weight": 1, "random_weight": 0.5228460444780071, "id": 4}, {"weight": 1, "random_weight": 0.9603584405810116, "id": 27}, {"weight": 1, "random_weight": 0.7687774823003407, "id": 32}, {"weight": 2, "random_weight": 0.6927592517784071, "id": 33}, {"weight": 4, "random_weight": 0.30627512038742166, "id": 35}], [{"weight": 2, "random_weight": 0.8389314337806518, "id": 12}, {"weight": 1, "random_weight": 0.7343582046215378, "id": 17}, {"weight": 2, "random_weight": 0.41508187635433613, "id": 18}, {"weight": 1, "random_weight": 0.5056593954993256, "id": 27}, {"weight": 4, "random_weight": 0.30627512038742166, "id": 34}]]}