{"directed": false, "multigraph": false, "graph": [], "nodes": [{"graph": null, "nnodes": 4, "nedges": 3, "density": 0.5, "atomics": "[16, 26, 27, 28]", "group_pop": 4, "init_part_assignment": 6, "id": 0}, {"graph": null, "nnodes": 4, "nedges": 3, "density": 0.5, "atomics": "[17, 5, 4, 29]", "group_pop": 4, "init_part_assignment": 4, "id": 1}, {"graph": null, "nnodes": 4, "nedges": 4, "density": 0.6666666666666666, "atomics": "[2, 3, 14, 15]", "group_pop": 4, "init_part_assignment": 4, "id": 2}, {"graph": null, "nnodes": 4, "nedges": 3, "density": 0.5, "atomics": "[112, 89, 101, 113]", "group_pop": 4, "init_part_assignment": 7, "id": 3}, {"graph": null, "nnodes": 4, "nedges": 3, "density": 0.5, "atomics": "[65, 90, 77, 78]", "group_pop": 4, "init_part_assignment": 8, "id": 4}, {"graph": null, "nnodes": 4, "nedges": 3, "density": 0.5, "atomics": "[8, 18, 6, 7]", "group_pop": 4, "init_part_assignment": 10, "id": 5}, {"graph": null, "nnodes": 4, "nedges": 3, "density": 0.5, "atomics": "[9, 19, 20, 21]", "group_pop": 4, "init_part_assignment": 10, "id": 6}, {"graph": null, "nnodes": 4, "nedges": 4, "density": 0.6666666666666666, "atomics": "[120, 121, 132, 133]", "group_pop": 4, "init_part_assignment": 1, "id": 7}, {"graph": null, "nnodes": 4, "nedges": 4, "density": 0.6666666666666666, "atomics": "[122, 123, 134, 135]", "group_pop": 4, "init_part_assignment": 1, "id": 8}, {"graph": null, "nnodes": 4, "nedges": 3, "density": 0.5, "atomics": "[108, 109, 110, 111]", "group_pop": 4, "init_part_assignment": 1, "id": 9}, {"graph": null, "nnodes": 4, "nedges": 3, "density": 0.5, "atomics": "[48, 49, 50, 38]", "group_pop": 4, "init_part_assignment": 8, "id": 10}, {"graph": null, "nnodes": 4, "nedges": 4, "density": 0.6666666666666666, "atomics": "[40, 51, 52, 39]", "group_pop": 4, "init_part_assignment": 6, "id": 11}, {"graph": null, "nnodes": 4, "nedges": 3, "density": 0.5, "atomics": "[64, 76, 62, 63]", "group_pop": 4, "init_part_assignment": 8, "id": 12}, {"graph": null, "nnodes": 4, "nedges": 4, "density": 0.6666666666666666, "atomics": "[136, 137, 124, 125]", "group_pop": 4, "init_part_assignment": 7, "id": 13}, {"graph": null, "nnodes": 4, "nedges": 3, "density": 0.5, "atomics": "[138, 139, 140, 141]", "group_pop": 4, "init_part_assignment": 0, "id": 14}, {"graph": null, "nnodes": 4, "nedges": 3, "density": 0.5, "atomics": "[114, 126, 102, 127]", "group_pop": 4, "init_part_assignment": 9, "id": 15}, {"graph": null, "nnodes": 4, "nedges": 4, "density": 0.6666666666666666, "atomics": "[130, 131, 142, 143]", "group_pop": 4, "init_part_assignment": 0, "id": 16}, {"graph": null, "nnodes": 4, "nedges": 4, "density": 0.6666666666666666, "atomics": "[58, 59, 46, 47]", "group_pop": 4, "init_part_assignment": 3, "id": 17}, {"graph": null, "nnodes": 4, "nedges": 3, "density": 0.5, "atomics": "[128, 115, 116, 103]", "group_pop": 4, "init_part_assignment": 9, "id": 18}, {"graph": null, "nnodes": 4, "nedges": 4, "density": 0.6666666666666666, "atomics": "[24, 25, 36, 37]", "group_pop": 4, "init_part_assignment": 6, "id": 19}, {"graph": null, "nnodes": 4, "nedges": 4, "density": 0.6666666666666666, "atomics": "[0, 1, 12, 13]", "group_pop": 4, "init_part_assignment": 4, "id": 20}, {"graph": null, "nnodes": 4, "nedges": 3, "density": 0.5, "atomics": "[32, 33, 34, 22]", "group_pop": 4, "init_part_assignment": 10, "id": 21}, {"graph": null, "nnodes": 4, "nedges": 4, "density": 0.6666666666666666, "atomics": "[42, 43, 30, 31]", "group_pop": 4, "init_part_assignment": 11, "id": 22}, {"graph": null, "nnodes": 4, "nedges": 3, "density": 0.5, "atomics": "[11, 10, 35, 23]", "group_pop": 4, "init_part_assignment": 3, "id": 23}, {"graph": null, "nnodes": 4, "nedges": 3, "density": 0.5, "atomics": "[57, 45, 44, 69]", "group_pop": 4, "init_part_assignment": 3, "id": 24}, {"graph": null, "nnodes": 4, "nedges": 4, "density": 0.6666666666666666, "atomics": "[72, 73, 60, 61]", "group_pop": 4, "init_part_assignment": 5, "id": 25}, {"graph": null, "nnodes": 4, "nedges": 4, "density": 0.6666666666666666, "atomics": "[96, 97, 84, 85]", "group_pop": 4, "init_part_assignment": 5, "id": 26}, {"graph": null, "nnodes": 4, "nedges": 3, "density": 0.5, "atomics": "[104, 129, 117, 105]", "group_pop": 4, "init_part_assignment": 0, "id": 27}, {"graph": null, "nnodes": 4, "nedges": 4, "density": 0.6666666666666666, "atomics": "[106, 107, 118, 119]", "group_pop": 4, "init_part_assignment": 2, "id": 28}, {"graph": null, "nnodes": 4, "nedges": 4, "density": 0.6666666666666666, "atomics": "[82, 83, 70, 71]", "group_pop": 4, "init_part_assignment": 2, "id": 29}, {"graph": null, "nnodes": 4, "nedges": 3, "density": 0.5, "atomics": "[81, 93, 94, 95]", "group_pop": 4, "init_part_assignment": 2, "id": 30}, {"graph": null, "nnodes": 4, "nedges": 4, "density": 0.6666666666666666, "atomics": "[56, 67, 68, 55]", "group_pop": 4, "init_part_assignment": 11, "id": 31}, {"graph": null, "nnodes": 4, "nedges": 3, "density": 0.5, "atomics": "[41, 66, 53, 54]", "group_pop": 4, "init_part_assignment": 11, "id": 32}, {"graph": null, "nnodes": 4, "nedges": 3, "density": 0.5, "atomics": "[98, 75, 74, 86]", "group_pop": 4, "init_part_assignment": 5, "id": 33}, {"graph": null, "nnodes": 4, "nedges": 4, "density": 0.6666666666666666, "atomics": "[80, 91, 92, 79]", "group_pop": 4, "init_part_assignment": 9, "id": 34}, {"graph": null, "nnodes": 4, "nedges": 4, "density": 0.6666666666666666, "atomics": "[88, 99, 100, 87]", "group_pop": 4, "init_part_assignment": 7, "id": 35}], "adjacency": [[{"weight": 3, "random_weight": 0.9573663051268703, "id": 1}, {"weight": 3, "random_weight": 0.8255733930228575, "id": 2}, {"weight": 1, "random_weight": 0.9158271813666331, "id": 10}, {"weight": 2, "random_weight": 0.2043428718003497, "id": 11}, {"weight": 1, "random_weight": 0.3272506095664005, "id": 19}], [{"weight": 3, "random_weight": 0.9573663051268703, "id": 0}, {"weight": 1, "random_weight": 0.5974918837301695, "id": 2}, {"weight": 2, "random_weight": 0.48762705656364935, "id": 5}, {"weight": 1, "random_weight": 0.8413276713839128, "id": 22}, {"weight": 1, "random_weight": 0.9561190313085216, "id": 32}], [{"weight": 3, "random_weight": 0.8255733930228575, "id": 0}, {"weight": 1, "random_weight": 0.5974918837301695, "id": 1}, {"weight": 2, "random_weight": 0.21202256867127256, "id": 20}], [{"weight": 2, "random_weight": 0.6861735853498452, "id": 4}, {"weight": 1, "random_weight": 0.552656338112773, "id": 9}, {"weight": 2, "random_weight": 0.03140953346368902, "id": 13}, {"weight": 2, "random_weight": 0.9642313520226371, "id": 15}, {"weight": 3, "random_weight": 0.11374656636293512, "id": 35}], [{"weight": 2, "random_weight": 0.6861735853498452, "id": 3}, {"weight": 2, "random_weight": 0.44547256110916655, "id": 12}, {"weight": 1, "random_weight": 0.7096501845131089, "id": 15}, {"weight": 3, "random_weight": 0.28182203881625356, "id": 32}, {"weight": 2, "random_weight": 0.9050013592880264, "id": 34}], [{"weight": 2, "random_weight": 0.48762705656364935, "id": 1}, {"weight": 4, "random_weight": 0.38376990589424476, "id": 6}, {"weight": 1, "random_weight": 0.8006193730603162, "id": 22}], [{"weight": 4, "random_weight": 0.38376990589424476, "id": 5}, {"weight": 3, "random_weight": 0.17789258696674348, "id": 21}, {"weight": 1, "random_weight": 0.15527947194561886, "id": 22}, {"weight": 1, "random_weight": 0.6794202001629628, "id": 23}], [{"weight": 2, "random_weight": 0.3999771105696279, "id": 8}, {"weight": 2, "random_weight": 0.4753979488488881, "id": 9}], [{"weight": 2, "random_weight": 0.3999771105696279, "id": 7}, {"weight": 2, "random_weight": 0.5507934132859975, "id": 9}, {"weight": 2, "random_weight": 0.32639978699790195, "id": 13}], [{"weight": 1, "random_weight": 0.552656338112773, "id": 3}, {"weight": 2, "random_weight": 0.4753979488488881, "id": 7}, {"weight": 2, "random_weight": 0.5507934132859975, "id": 8}, {"weight": 2, "random_weight": 0.8702301718103769, "id": 26}, {"weight": 1, "random_weight": 0.5013579241518704, "id": 33}, {"weight": 1, "random_weight": 0.7274037810288337, "id": 35}], [{"weight": 1, "random_weight": 0.9158271813666331, "id": 0}, {"weight": 2, "random_weight": 0.8619329211500959, "id": 11}, {"weight": 1, "random_weight": 0.8558732021231287, "id": 12}, {"weight": 3, "random_weight": 0.8017932282369895, "id": 19}, {"weight": 2, "random_weight": 0.7796589842963819, "id": 25}], [{"weight": 2, "random_weight": 0.2043428718003497, "id": 0}, {"weight": 2, "random_weight": 0.8619329211500959, "id": 10}, {"weight": 2, "random_weight": 0.9185431282633272, "id": 12}, {"weight": 2, "random_weight": 0.7434381333021916, "id": 32}], [{"weight": 2, "random_weight": 0.44547256110916655, "id": 4}, {"weight": 1, "random_weight": 0.8558732021231287, "id": 10}, {"weight": 2, "random_weight": 0.9185431282633272, "id": 11}, {"weight": 1, "random_weight": 0.9795655727800382, "id": 25}, {"weight": 3, "random_weight": 0.49737339683576465, "id": 33}, {"weight": 1, "random_weight": 0.6659384290480247, "id": 35}], [{"weight": 2, "random_weight": 0.03140953346368902, "id": 3}, {"weight": 2, "random_weight": 0.32639978699790195, "id": 8}, {"weight": 1, "random_weight": 0.8644853103032384, "id": 14}, {"weight": 1, "random_weight": 0.39370251037097326, "id": 15}], [{"weight": 1, "random_weight": 0.8644853103032384, "id": 13}, {"weight": 2, "random_weight": 0.40945624563578875, "id": 15}, {"weight": 1, "random_weight": 0.7337738748148978, "id": 16}, {"weight": 1, "random_weight": 0.8459437010343596, "id": 18}, {"weight": 1, "random_weight": 0.382770089002502, "id": 27}], [{"weight": 2, "random_weight": 0.9642313520226371, "id": 3}, {"weight": 1, "random_weight": 0.7096501845131089, "id": 4}, {"weight": 1, "random_weight": 0.39370251037097326, "id": 13}, {"weight": 2, "random_weight": 0.40945624563578875, "id": 14}, {"weight": 4, "random_weight": 0.34899797805155186, "id": 18}], [{"weight": 1, "random_weight": 0.7337738748148978, "id": 14}, {"weight": 1, "random_weight": 0.2512162265457377, "id": 27}, {"weight": 2, "random_weight": 0.41458903447324447, "id": 28}], [{"weight": 1, "random_weight": 0.4648675145848138, "id": 21}, {"weight": 1, "random_weight": 0.04889398400941625, "id": 23}, {"weight": 2, "random_weight": 0.20768230003509525, "id": 24}, {"weight": 2, "random_weight": 0.5270883663277987, "id": 29}], [{"weight": 1, "random_weight": 0.8459437010343596, "id": 14}, {"weight": 4, "random_weight": 0.34899797805155186, "id": 15}, {"weight": 4, "random_weight": 0.7754665932977767, "id": 27}, {"weight": 1, "random_weight": 0.3802384285159075, "id": 34}], [{"weight": 1, "random_weight": 0.3272506095664005, "id": 0}, {"weight": 3, "random_weight": 0.8017932282369895, "id": 10}, {"weight": 2, "random_weight": 0.7960500749666055, "id": 20}], [{"weight": 2, "random_weight": 0.21202256867127256, "id": 2}, {"weight": 2, "random_weight": 0.7960500749666055, "id": 19}], [{"weight": 3, "random_weight": 0.17789258696674348, "id": 6}, {"weight": 1, "random_weight": 0.4648675145848138, "id": 17}, {"weight": 1, "random_weight": 0.8279095884853049, "id": 22}, {"weight": 3, "random_weight": 0.8508894355507566, "id": 23}, {"weight": 2, "random_weight": 0.7227706309433455, "id": 24}], [{"weight": 1, "random_weight": 0.8413276713839128, "id": 1}, {"weight": 1, "random_weight": 0.8006193730603162, "id": 5}, {"weight": 1, "random_weight": 0.15527947194561886, "id": 6}, {"weight": 1, "random_weight": 0.8279095884853049, "id": 21}, {"weight": 1, "random_weight": 0.9107378452559164, "id": 24}, {"weight": 1, "random_weight": 0.5927689259200404, "id": 31}, {"weight": 2, "random_weight": 0.3658388044676961, "id": 32}], [{"weight": 1, "random_weight": 0.6794202001629628, "id": 6}, {"weight": 1, "random_weight": 0.04889398400941625, "id": 17}, {"weight": 3, "random_weight": 0.8508894355507566, "id": 21}], [{"weight": 2, "random_weight": 0.20768230003509525, "id": 17}, {"weight": 2, "random_weight": 0.7227706309433455, "id": 21}, {"weight": 1, "random_weight": 0.9107378452559164, "id": 22}, {"weight": 1, "random_weight": 0.894371417634721, "id": 29}, {"weight": 1, "random_weight": 0.38610927554035, "id": 30}, {"weight": 3, "random_weight": 0.15656821805906818, "id": 31}], [{"weight": 2, "random_weight": 0.7796589842963819, "id": 10}, {"weight": 1, "random_weight": 0.9795655727800382, "id": 12}, {"weight": 2, "random_weight": 0.8302180970828821, "id": 26}, {"weight": 1, "random_weight": 0.5262048645228438, "id": 33}], [{"weight": 2, "random_weight": 0.8702301718103769, "id": 9}, {"weight": 2, "random_weight": 0.8302180970828821, "id": 25}, {"weight": 2, "random_weight": 0.05524586342653559, "id": 33}], [{"weight": 1, "random_weight": 0.382770089002502, "id": 14}, {"weight": 1, "random_weight": 0.2512162265457377, "id": 16}, {"weight": 4, "random_weight": 0.7754665932977767, "id": 18}, {"weight": 2, "random_weight": 0.6560385009337526, "id": 28}, {"weight": 1, "random_weight": 0.3277519563313376, "id": 30}, {"weight": 1, "random_weight": 0.17592435518848293, "id": 34}], [{"weight": 2, "random_weight": 0.41458903447324447, "id": 16}, {"weight": 2, "random_weight": 0.6560385009337526, "id": 27}, {"weight": 2, "random_weight": 0.04869477572426051, "id": 30}], [{"weight": 2, "random_weight": 0.5270883663277987, "id": 17}, {"weight": 1, "random_weight": 0.894371417634721, "id": 24}, {"weight": 3, "random_weight": 0.08617492975395369, "id": 30}], [{"weight": 1, "random_weight": 0.38610927554035, "id": 24}, {"weight": 1, "random_weight": 0.3277519563313376, "id": 27}, {"weight": 2, "random_weight": 0.04869477572426051, "id": 28}, {"weight": 3, "random_weight": 0.08617492975395369, "id": 29}, {"weight": 2, "random_weight": 0.7829501652627712, "id": 34}], [{"weight": 1, "random_weight": 0.5927689259200404, "id": 22}, {"weight": 3, "random_weight": 0.15656821805906818, "id": 24}, {"weight": 2, "random_weight": 0.804037997249487, "id": 32}, {"weight": 2, "random_weight": 0.751366194389154, "id": 34}], [{"weight": 1, "random_weight": 0.9561190313085216, "id": 1}, {"weight": 3, "random_weight": 0.28182203881625356, "id": 4}, {"weight": 2, "random_weight": 0.7434381333021916, "id": 11}, {"weight": 2, "random_weight": 0.3658388044676961, "id": 22}, {"weight": 2, "random_weight": 0.804037997249487, "id": 31}], [{"weight": 1, "random_weight": 0.5013579241518704, "id": 9}, {"weight": 3, "random_weight": 0.49737339683576465, "id": 12}, {"weight": 1, "random_weight": 0.5262048645228438, "id": 25}, {"weight": 2, "random_weight": 0.05524586342653559, "id": 26}, {"weight": 3, "random_weight": 0.5512594059718929, "id": 35}], [{"weight": 2, "random_weight": 0.9050013592880264, "id": 4}, {"weight": 1, "random_weight": 0.3802384285159075, "id": 18}, {"weight": 1, "random_weight": 0.17592435518848293, "id": 27}, {"weight": 2, "random_weight": 0.7829501652627712, "id": 30}, {"weight": 2, "random_weight": 0.751366194389154, "id": 31}], [{"weight": 3, "random_weight": 0.11374656636293512, "id": 3}, {"weight": 1, "random_weight": 0.7274037810288337, "id": 9}, {"weight": 1, "random_weight": 0.6659384290480247, "id": 12}, {"weight": 3, "random_weight": 0.5512594059718929, "id": 33}]]}