{"directed": false, "multigraph": false, "graph": [], "nodes": [{"graph": null, "nnodes": 4, "nedges": 3, "density": 0.5, "atomics": "[16, 27, 4, 15]", "group_pop": 4, "init_part_assignment": 1, "id": 0}, {"graph": null, "nnodes": 4, "nedges": 3, "density": 0.5, "atomics": "[17, 5, 29, 30]", "group_pop": 4, "init_part_assignment": 2, "id": 1}, {"graph": null, "nnodes": 4, "nedges": 4, "density": 0.6666666666666666, "atomics": "[89, 90, 101, 102]", "group_pop": 4, "init_part_assignment": 9, "id": 2}, {"graph": null, "nnodes": 4, "nedges": 3, "density": 0.5, "atomics": "[65, 77, 52, 53]", "group_pop": 4, "init_part_assignment": 8, "id": 3}, {"graph": null, "nnodes": 4, "nedges": 3, "density": 0.5, "atomics": "[78, 66, 54, 55]", "group_pop": 4, "init_part_assignment": 10, "id": 4}, {"graph": null, "nnodes": 4, "nedges": 4, "density": 0.6666666666666666, "atomics": "[8, 9, 20, 21]", "group_pop": 4, "init_part_assignment": 0, "id": 5}, {"graph": null, "nnodes": 4, "nedges": 4, "density": 0.6666666666666666, "atomics": "[18, 19, 6, 7]", "group_pop": 4, "init_part_assignment": 2, "id": 6}, {"graph": null, "nnodes": 4, "nedges": 4, "density": 0.6666666666666666, "atomics": "[121, 122, 133, 134]", "group_pop": 4, "init_part_assignment": 3, "id": 7}, {"graph": null, "nnodes": 4, "nedges": 3, "density": 0.5, "atomics": "[120, 132, 108, 96]", "group_pop": 4, "init_part_assignment": 3, "id": 8}, {"graph": null, "nnodes": 4, "nedges": 3, "density": 0.5, "atomics": "[97, 109, 84, 85]", "group_pop": 4, "init_part_assignment": 3, "id": 9}, {"graph": null, "nnodes": 4, "nedges": 3, "density": 0.5, "atomics": "[135, 123, 110, 111]", "group_pop": 4, "init_part_assignment": 7, "id": 10}, {"graph": null, "nnodes": 4, "nedges": 3, "density": 0.5, "atomics": "[49, 50, 51, 62]", "group_pop": 4, "init_part_assignment": 8, "id": 11}, {"graph": null, "nnodes": 4, "nedges": 4, "density": 0.6666666666666666, "atomics": "[64, 75, 76, 63]", "group_pop": 4, "init_part_assignment": 9, "id": 12}, {"graph": null, "nnodes": 4, "nedges": 3, "density": 0.5, "atomics": "[136, 113, 124, 112]", "group_pop": 4, "init_part_assignment": 7, "id": 13}, {"graph": null, "nnodes": 4, "nedges": 3, "density": 0.5, "atomics": "[137, 114, 125, 126]", "group_pop": 4, "init_part_assignment": 7, "id": 14}, {"graph": null, "nnodes": 4, "nedges": 3, "density": 0.5, "atomics": "[138, 139, 140, 141]", "group_pop": 4, "init_part_assignment": 6, "id": 15}, {"graph": null, "nnodes": 4, "nedges": 4, "density": 0.6666666666666666, "atomics": "[130, 131, 142, 143]", "group_pop": 4, "init_part_assignment": 6, "id": 16}, {"graph": null, "nnodes": 4, "nedges": 3, "density": 0.5, "atomics": "[58, 59, 82, 70]", "group_pop": 4, "init_part_assignment": 5, "id": 17}, {"graph": null, "nnodes": 4, "nedges": 4, "density": 0.6666666666666666, "atomics": "[34, 35, 46, 47]", "group_pop": 4, "init_part_assignment": 5, "id": 18}, {"graph": null, "nnodes": 4, "nedges": 3, "density": 0.5, "atomics": "[40, 28, 38, 39]", "group_pop": 4, "init_part_assignment": 4, "id": 19}, {"graph": null, "nnodes": 4, "nedges": 3, "density": 0.5, "atomics": "[128, 129, 115, 127]", "group_pop": 4, "init_part_assignment": 6, "id": 20}, {"graph": null, "nnodes": 4, "nedges": 4, "density": 0.6666666666666666, "atomics": "[24, 25, 36, 37]", "group_pop": 4, "init_part_assignment": 4, "id": 21}, {"graph": null, "nnodes": 4, "nedges": 4, "density": 0.6666666666666666, "atomics": "[0, 1, 12, 13]", "group_pop": 4, "init_part_assignment": 1, "id": 22}, {"graph": null, "nnodes": 4, "nedges": 4, "density": 0.6666666666666666, "atomics": "[32, 33, 44, 45]", "group_pop": 4, "init_part_assignment": 0, "id": 23}, {"graph": null, "nnodes": 4, "nedges": 3, "density": 0.5, "atomics": "[41, 42, 43, 31]", "group_pop": 4, "init_part_assignment": 2, "id": 24}, {"graph": null, "nnodes": 4, "nedges": 4, "density": 0.6666666666666666, "atomics": "[10, 11, 22, 23]", "group_pop": 4, "init_part_assignment": 0, "id": 25}, {"graph": null, "nnodes": 4, "nedges": 3, "density": 0.5, "atomics": "[72, 48, 60, 61]", "group_pop": 4, "init_part_assignment": 4, "id": 26}, {"graph": null, "nnodes": 4, "nedges": 3, "density": 0.5, "atomics": "[105, 117, 116, 93]", "group_pop": 4, "init_part_assignment": 11, "id": 27}, {"graph": null, "nnodes": 4, "nedges": 3, "density": 0.5, "atomics": "[106, 118, 94, 119]", "group_pop": 4, "init_part_assignment": 11, "id": 28}, {"graph": null, "nnodes": 4, "nedges": 3, "density": 0.5, "atomics": "[83, 107, 95, 71]", "group_pop": 4, "init_part_assignment": 5, "id": 29}, {"graph": null, "nnodes": 4, "nedges": 3, "density": 0.5, "atomics": "[3, 26, 2, 14]", "group_pop": 4, "init_part_assignment": 1, "id": 30}, {"graph": null, "nnodes": 4, "nedges": 3, "density": 0.5, "atomics": "[56, 81, 69, 57]", "group_pop": 4, "init_part_assignment": 11, "id": 31}, {"graph": null, "nnodes": 4, "nedges": 3, "density": 0.5, "atomics": "[88, 98, 99, 100]", "group_pop": 4, "init_part_assignment": 9, "id": 32}, {"graph": null, "nnodes": 4, "nedges": 3, "density": 0.5, "atomics": "[73, 74, 86, 87]", "group_pop": 4, "init_part_assignment": 8, "id": 33}, {"graph": null, "nnodes": 4, "nedges": 4, "density": 0.6666666666666666, "atomics": "[104, 91, 92, 103]", "group_pop": 4, "init_part_assignment": 10, "id": 34}, {"graph": null, "nnodes": 4, "nedges": 4, "density": 0.6666666666666666, "atomics": "[80, 67, 68, 79]", "group_pop": 4, "init_part_assignment": 10, "id": 35}], "adjacency": [[{"weight": 2, "random_weight": 0.810528171315618, "id": 1}, {"weight": 3, "random_weight": 0.5104362503244944, "id": 19}, {"weight": 4, "random_weight": 0.4870193528708817, "id": 30}], [{"weight": 2, "random_weight": 0.810528171315618, "id": 0}, {"weight": 3, "random_weight": 0.13876846409070576, "id": 6}, {"weight": 1, "random_weight": 0.49278729317600456, "id": 19}, {"weight": 3, "random_weight": 0.4201600460990451, "id": 24}], [{"weight": 1, "random_weight": 0.043095669920159674, "id": 3}, {"weight": 1, "random_weight": 0.05512938420876767, "id": 4}, {"weight": 1, "random_weight": 0.5974772097911403, "id": 13}, {"weight": 1, "random_weight": 0.6497850668072099, "id": 14}, {"weight": 2, "random_weight": 0.5796583677869604, "id": 32}, {"weight": 2, "random_weight": 0.7448412490969222, "id": 34}], [{"weight": 1, "random_weight": 0.043095669920159674, "id": 2}, {"weight": 3, "random_weight": 0.7491718784146408, "id": 4}, {"weight": 1, "random_weight": 0.03455698854482825, "id": 11}, {"weight": 3, "random_weight": 0.813835653295056, "id": 12}, {"weight": 1, "random_weight": 0.7931412307102246, "id": 19}, {"weight": 1, "random_weight": 0.14503548290444668, "id": 24}], [{"weight": 1, "random_weight": 0.05512938420876767, "id": 2}, {"weight": 3, "random_weight": 0.7491718784146408, "id": 3}, {"weight": 2, "random_weight": 0.5290362284760181, "id": 24}, {"weight": 1, "random_weight": 0.2478255637128819, "id": 31}, {"weight": 3, "random_weight": 0.3394632762686458, "id": 35}], [{"weight": 2, "random_weight": 0.4808430746944604, "id": 6}, {"weight": 2, "random_weight": 0.3568827303225601, "id": 23}, {"weight": 2, "random_weight": 0.3945093553588327, "id": 25}], [{"weight": 3, "random_weight": 0.13876846409070576, "id": 1}, {"weight": 2, "random_weight": 0.4808430746944604, "id": 5}, {"weight": 1, "random_weight": 0.7795574720883863, "id": 24}], [{"weight": 2, "random_weight": 0.6439826194850868, "id": 8}, {"weight": 1, "random_weight": 0.3801347793936086, "id": 9}, {"weight": 3, "random_weight": 0.7428046486036994, "id": 10}], [{"weight": 2, "random_weight": 0.6439826194850868, "id": 7}, {"weight": 3, "random_weight": 0.18687135733927318, "id": 9}], [{"weight": 1, "random_weight": 0.3801347793936086, "id": 7}, {"weight": 3, "random_weight": 0.18687135733927318, "id": 8}, {"weight": 1, "random_weight": 0.0650987844402835, "id": 10}, {"weight": 1, "random_weight": 0.7275853215936929, "id": 26}, {"weight": 1, "random_weight": 0.7465969676431222, "id": 32}, {"weight": 2, "random_weight": 0.6243425345506564, "id": 33}], [{"weight": 3, "random_weight": 0.7428046486036994, "id": 7}, {"weight": 1, "random_weight": 0.0650987844402835, "id": 9}, {"weight": 3, "random_weight": 0.6444896296460616, "id": 13}, {"weight": 2, "random_weight": 0.7176330997071667, "id": 32}], [{"weight": 1, "random_weight": 0.03455698854482825, "id": 3}, {"weight": 2, "random_weight": 0.24416656319511243, "id": 12}, {"weight": 2, "random_weight": 0.10634257170620165, "id": 19}, {"weight": 1, "random_weight": 0.45974260844700043, "id": 21}, {"weight": 3, "random_weight": 0.8778713452273598, "id": 26}, {"weight": 1, "random_weight": 0.70960791614486, "id": 33}], [{"weight": 3, "random_weight": 0.813835653295056, "id": 3}, {"weight": 2, "random_weight": 0.24416656319511243, "id": 11}, {"weight": 1, "random_weight": 0.01634578009974219, "id": 32}, {"weight": 2, "random_weight": 0.7231378344531825, "id": 33}], [{"weight": 1, "random_weight": 0.5974772097911403, "id": 2}, {"weight": 3, "random_weight": 0.6444896296460616, "id": 10}, {"weight": 4, "random_weight": 0.1391801811616481, "id": 14}, {"weight": 1, "random_weight": 0.1859361301374346, "id": 32}], [{"weight": 1, "random_weight": 0.6497850668072099, "id": 2}, {"weight": 4, "random_weight": 0.1391801811616481, "id": 13}, {"weight": 2, "random_weight": 0.7551927566481564, "id": 15}, {"weight": 2, "random_weight": 0.9543695270572101, "id": 20}], [{"weight": 2, "random_weight": 0.7551927566481564, "id": 14}, {"weight": 1, "random_weight": 0.14214349981079633, "id": 16}, {"weight": 3, "random_weight": 0.8673202593395497, "id": 20}], [{"weight": 1, "random_weight": 0.14214349981079633, "id": 15}, {"weight": 1, "random_weight": 0.5299553822269292, "id": 20}, {"weight": 2, "random_weight": 0.9547602617757963, "id": 28}], [{"weight": 2, "random_weight": 0.6750194707850976, "id": 18}, {"weight": 1, "random_weight": 0.07654689441145646, "id": 28}, {"weight": 3, "random_weight": 0.9177728640980939, "id": 29}, {"weight": 3, "random_weight": 0.7179426544802265, "id": 31}], [{"weight": 2, "random_weight": 0.6750194707850976, "id": 17}, {"weight": 2, "random_weight": 0.6310798622066883, "id": 23}, {"weight": 2, "random_weight": 0.7382570386028934, "id": 25}], [{"weight": 3, "random_weight": 0.5104362503244944, "id": 0}, {"weight": 1, "random_weight": 0.49278729317600456, "id": 1}, {"weight": 1, "random_weight": 0.7931412307102246, "id": 3}, {"weight": 2, "random_weight": 0.10634257170620165, "id": 11}, {"weight": 1, "random_weight": 0.22183735055833032, "id": 21}, {"weight": 1, "random_weight": 0.898826675361374, "id": 24}, {"weight": 1, "random_weight": 0.10459554161605655, "id": 30}], [{"weight": 2, "random_weight": 0.9543695270572101, "id": 14}, {"weight": 3, "random_weight": 0.8673202593395497, "id": 15}, {"weight": 1, "random_weight": 0.5299553822269292, "id": 16}, {"weight": 3, "random_weight": 0.649540037794775, "id": 27}, {"weight": 1, "random_weight": 0.09989032337122705, "id": 34}], [{"weight": 1, "random_weight": 0.45974260844700043, "id": 11}, {"weight": 1, "random_weight": 0.22183735055833032, "id": 19}, {"weight": 2, "random_weight": 0.9321503818358355, "id": 22}, {"weight": 1, "random_weight": 0.2804685079038537, "id": 26}, {"weight": 1, "random_weight": 0.6453865394443954, "id": 30}], [{"weight": 2, "random_weight": 0.9321503818358355, "id": 21}, {"weight": 2, "random_weight": 0.6375536183579933, "id": 30}], [{"weight": 2, "random_weight": 0.3568827303225601, "id": 5}, {"weight": 2, "random_weight": 0.6310798622066883, "id": 18}, {"weight": 2, "random_weight": 0.562395145445128, "id": 24}, {"weight": 2, "random_weight": 0.6069619585139553, "id": 31}], [{"weight": 3, "random_weight": 0.4201600460990451, "id": 1}, {"weight": 1, "random_weight": 0.14503548290444668, "id": 3}, {"weight": 2, "random_weight": 0.5290362284760181, "id": 4}, {"weight": 1, "random_weight": 0.7795574720883863, "id": 6}, {"weight": 1, "random_weight": 0.898826675361374, "id": 19}, {"weight": 2, "random_weight": 0.562395145445128, "id": 23}], [{"weight": 2, "random_weight": 0.3945093553588327, "id": 5}, {"weight": 2, "random_weight": 0.7382570386028934, "id": 18}], [{"weight": 1, "random_weight": 0.7275853215936929, "id": 9}, {"weight": 3, "random_weight": 0.8778713452273598, "id": 11}, {"weight": 1, "random_weight": 0.2804685079038537, "id": 21}, {"weight": 2, "random_weight": 0.6892769476490491, "id": 33}], [{"weight": 3, "random_weight": 0.649540037794775, "id": 20}, {"weight": 3, "random_weight": 0.335467369733095, "id": 28}, {"weight": 1, "random_weight": 0.3708504691291129, "id": 31}, {"weight": 3, "random_weight": 0.38796585518830173, "id": 34}], [{"weight": 2, "random_weight": 0.9547602617757963, "id": 16}, {"weight": 1, "random_weight": 0.07654689441145646, "id": 17}, {"weight": 3, "random_weight": 0.335467369733095, "id": 27}, {"weight": 3, "random_weight": 0.9366499552956868, "id": 29}], [{"weight": 3, "random_weight": 0.9177728640980939, "id": 17}, {"weight": 3, "random_weight": 0.9366499552956868, "id": 28}], [{"weight": 4, "random_weight": 0.4870193528708817, "id": 0}, {"weight": 1, "random_weight": 0.10459554161605655, "id": 19}, {"weight": 1, "random_weight": 0.6453865394443954, "id": 21}, {"weight": 2, "random_weight": 0.6375536183579933, "id": 22}], [{"weight": 1, "random_weight": 0.2478255637128819, "id": 4}, {"weight": 3, "random_weight": 0.7179426544802265, "id": 17}, {"weight": 2, "random_weight": 0.6069619585139553, "id": 23}, {"weight": 1, "random_weight": 0.3708504691291129, "id": 27}, {"weight": 3, "random_weight": 0.9191688164104623, "id": 35}], [{"weight": 2, "random_weight": 0.5796583677869604, "id": 2}, {"weight": 1, "random_weight": 0.7465969676431222, "id": 9}, {"weight": 2, "random_weight": 0.7176330997071667, "id": 10}, {"weight": 1, "random_weight": 0.01634578009974219, "id": 12}, {"weight": 1, "random_weight": 0.1859361301374346, "id": 13}, {"weight": 3, "random_weight": 0.7761786188538005, "id": 33}], [{"weight": 2, "random_weight": 0.6243425345506564, "id": 9}, {"weight": 1, "random_weight": 0.70960791614486, "id": 11}, {"weight": 2, "random_weight": 0.7231378344531825, "id": 12}, {"weight": 2, "random_weight": 0.6892769476490491, "id": 26}, {"weight": 3, "random_weight": 0.7761786188538005, "id": 32}], [{"weight": 2, "random_weight": 0.7448412490969222, "id": 2}, {"weight": 1, "random_weight": 0.09989032337122705, "id": 20}, {"weight": 3, "random_weight": 0.38796585518830173, "id": 27}, {"weight": 2, "random_weight": 0.28203143700299305, "id": 35}], [{"weight": 3, "random_weight": 0.3394632762686458, "id": 4}, {"weight": 3, "random_weight": 0.9191688164104623, "id": 31}, {"weight": 2, "random_weight": 0.28203143700299305, "id": 34}]]}