{"directed": false, "multigraph": false, "graph": [], "nodes": [{"graph": null, "nnodes": 4, "nedges": 3, "density": 0.5, "atomics": "[16, 2, 3, 4]", "group_pop": 4, "init_part_assignment": 2, "id": 0}, {"graph": null, "nnodes": 4, "nedges": 3, "density": 0.5, "atomics": "[17, 5, 29, 6]", "group_pop": 4, "init_part_assignment": 10, "id": 1}, {"graph": null, "nnodes": 4, "nedges": 3, "density": 0.5, "atomics": "[1, 13, 14, 15]", "group_pop": 4, "init_part_assignment": 2, "id": 2}, {"graph": null, "nnodes": 4, "nedges": 4, "density": 0.6666666666666666, "atomics": "[89, 90, 77, 78]", "group_pop": 4, "init_part_assignment": 11, "id": 3}, {"graph": null, "nnodes": 4, "nedges": 4, "density": 0.6666666666666666, "atomics": "[8, 19, 20, 7]", "group_pop": 4, "init_part_assignment": 0, "id": 4}, {"graph": null, "nnodes": 4, "nedges": 4, "density": 0.6666666666666666, "atomics": "[9, 10, 21, 22]", "group_pop": 4, "init_part_assignment": 0, "id": 5}, {"graph": null, "nnodes": 4, "nedges": 4, "density": 0.6666666666666666, "atomics": "[120, 121, 132, 133]", "group_pop": 4, "init_part_assignment": 1, "id": 6}, {"graph": null, "nnodes": 4, "nedges": 3, "density": 0.5, "atomics": "[136, 137, 134, 135]", "group_pop": 4, "init_part_assignment": 9, "id": 7}, {"graph": null, "nnodes": 4, "nedges": 3, "density": 0.5, "atomics": "[72, 108, 96, 84]", "group_pop": 4, "init_part_assignment": 1, "id": 8}, {"graph": null, "nnodes": 4, "nedges": 3, "density": 0.5, "atomics": "[73, 109, 85, 97]", "group_pop": 4, "init_part_assignment": 5, "id": 9}, {"graph": null, "nnodes": 4, "nedges": 4, "density": 0.6666666666666666, "atomics": "[98, 99, 110, 111]", "group_pop": 4, "init_part_assignment": 5, "id": 10}, {"graph": null, "nnodes": 4, "nedges": 4, "density": 0.6666666666666666, "atomics": "[50, 51, 62, 63]", "group_pop": 4, "init_part_assignment": 8, "id": 11}, {"graph": null, "nnodes": 4, "nedges": 3, "density": 0.5, "atomics": "[41, 42, 52, 53]", "group_pop": 4, "init_part_assignment": 10, "id": 12}, {"graph": null, "nnodes": 4, "nedges": 3, "density": 0.5, "atomics": "[138, 139, 140, 126]", "group_pop": 4, "init_part_assignment": 9, "id": 13}, {"graph": null, "nnodes": 4, "nedges": 4, "density": 0.6666666666666666, "atomics": "[130, 131, 142, 143]", "group_pop": 4, "init_part_assignment": 6, "id": 14}, {"graph": null, "nnodes": 4, "nedges": 4, "density": 0.6666666666666666, "atomics": "[57, 58, 69, 70]", "group_pop": 4, "init_part_assignment": 3, "id": 15}, {"graph": null, "nnodes": 4, "nedges": 3, "density": 0.5, "atomics": "[59, 83, 95, 71]", "group_pop": 4, "init_part_assignment": 4, "id": 16}, {"graph": null, "nnodes": 4, "nedges": 4, "density": 0.6666666666666666, "atomics": "[33, 34, 45, 46]", "group_pop": 4, "init_part_assignment": 3, "id": 17}, {"graph": null, "nnodes": 4, "nedges": 3, "density": 0.5, "atomics": "[11, 35, 47, 23]", "group_pop": 4, "init_part_assignment": 4, "id": 18}, {"graph": null, "nnodes": 4, "nedges": 4, "density": 0.6666666666666666, "atomics": "[40, 27, 28, 39]", "group_pop": 4, "init_part_assignment": 8, "id": 19}, {"graph": null, "nnodes": 4, "nedges": 3, "density": 0.5, "atomics": "[112, 122, 123, 124]", "group_pop": 4, "init_part_assignment": 11, "id": 20}, {"graph": null, "nnodes": 4, "nedges": 3, "density": 0.5, "atomics": "[128, 116, 104, 127]", "group_pop": 4, "init_part_assignment": 7, "id": 21}, {"graph": null, "nnodes": 4, "nedges": 3, "density": 0.5, "atomics": "[24, 0, 12, 36]", "group_pop": 4, "init_part_assignment": 2, "id": 22}, {"graph": null, "nnodes": 4, "nedges": 3, "density": 0.5, "atomics": "[18, 43, 30, 31]", "group_pop": 4, "init_part_assignment": 0, "id": 23}, {"graph": null, "nnodes": 4, "nedges": 3, "density": 0.5, "atomics": "[32, 56, 44, 68]", "group_pop": 4, "init_part_assignment": 3, "id": 24}, {"graph": null, "nnodes": 4, "nedges": 4, "density": 0.6666666666666666, "atomics": "[48, 49, 60, 61]", "group_pop": 4, "init_part_assignment": 1, "id": 25}, {"graph": null, "nnodes": 4, "nedges": 3, "density": 0.5, "atomics": "[129, 117, 118, 141]", "group_pop": 4, "init_part_assignment": 6, "id": 26}, {"graph": null, "nnodes": 4, "nedges": 4, "density": 0.6666666666666666, "atomics": "[81, 82, 93, 94]", "group_pop": 4, "init_part_assignment": 4, "id": 27}, {"graph": null, "nnodes": 4, "nedges": 3, "density": 0.5, "atomics": "[105, 106, 107, 119]", "group_pop": 4, "init_part_assignment": 6, "id": 28}, {"graph": null, "nnodes": 4, "nedges": 4, "density": 0.6666666666666666, "atomics": "[25, 26, 37, 38]", "group_pop": 4, "init_part_assignment": 8, "id": 29}, {"graph": null, "nnodes": 4, "nedges": 4, "density": 0.6666666666666666, "atomics": "[66, 67, 54, 55]", "group_pop": 4, "init_part_assignment": 7, "id": 30}, {"graph": null, "nnodes": 4, "nedges": 4, "density": 0.6666666666666666, "atomics": "[74, 75, 86, 87]", "group_pop": 4, "init_part_assignment": 5, "id": 31}, {"graph": null, "nnodes": 4, "nedges": 3, "density": 0.5, "atomics": "[64, 65, 88, 76]", "group_pop": 4, "init_part_assignment": 10, "id": 32}, {"graph": null, "nnodes": 4, "nedges": 4, "density": 0.6666666666666666, "atomics": "[80, 91, 92, 79]", "group_pop": 4, "init_part_assignment": 7, "id": 33}, {"graph": null, "nnodes": 4, "nedges": 4, "density": 0.6666666666666666, "atomics": "[114, 115, 102, 103]", "group_pop": 4, "init_part_assignment": 9, "id": 34}, {"graph": null, "nnodes": 4, "nedges": 3, "density": 0.5, "atomics": "[113, 125, 100, 101]", "group_pop": 4, "init_part_assignment": 11, "id": 35}], "adjacency": [[{"weight": 2, "random_weight": 0.03219993509470198, "id": 1}, {"weight": 4, "random_weight": 0.21119152159147925, "id": 2}, {"weight": 1, "random_weight": 0.11912596889689686, "id": 19}], [{"weight": 2, "random_weight": 0.03219993509470198, "id": 0}, {"weight": 1, "random_weight": 0.6787151016038262, "id": 4}, {"weight": 1, "random_weight": 0.041494378715120184, "id": 12}, {"weight": 1, "random_weight": 0.8960334354014987, "id": 19}, {"weight": 3, "random_weight": 0.9135523832657292, "id": 23}], [{"weight": 4, "random_weight": 0.21119152159147925, "id": 0}, {"weight": 1, "random_weight": 0.841054678645713, "id": 19}, {"weight": 2, "random_weight": 0.21503371407835603, "id": 22}, {"weight": 2, "random_weight": 0.799120520486687, "id": 29}], [{"weight": 1, "random_weight": 0.6093735855479978, "id": 30}, {"weight": 3, "random_weight": 0.482372394459913, "id": 32}, {"weight": 2, "random_weight": 0.559732040213625, "id": 33}, {"weight": 1, "random_weight": 0.31497173594472894, "id": 34}, {"weight": 1, "random_weight": 0.2456108984192854, "id": 35}], [{"weight": 1, "random_weight": 0.6787151016038262, "id": 1}, {"weight": 2, "random_weight": 0.23680515553558812, "id": 5}, {"weight": 2, "random_weight": 0.18769601729864438, "id": 23}, {"weight": 1, "random_weight": 0.46573693711096875, "id": 24}], [{"weight": 2, "random_weight": 0.23680515553558812, "id": 4}, {"weight": 2, "random_weight": 0.8853334294712777, "id": 17}, {"weight": 2, "random_weight": 0.6168393872886374, "id": 18}], [{"weight": 1, "random_weight": 0.37580625940965406, "id": 7}, {"weight": 1, "random_weight": 0.3101679463285809, "id": 8}, {"weight": 1, "random_weight": 0.9359804387080841, "id": 9}, {"weight": 1, "random_weight": 0.5490591843755079, "id": 20}], [{"weight": 1, "random_weight": 0.37580625940965406, "id": 6}, {"weight": 1, "random_weight": 0.38733083601464535, "id": 13}, {"weight": 3, "random_weight": 0.8584604073295475, "id": 20}, {"weight": 1, "random_weight": 0.4650057857893092, "id": 35}], [{"weight": 1, "random_weight": 0.3101679463285809, "id": 6}, {"weight": 4, "random_weight": 0.626276503338281, "id": 9}, {"weight": 1, "random_weight": 0.3773074380361572, "id": 25}], [{"weight": 1, "random_weight": 0.9359804387080841, "id": 6}, {"weight": 4, "random_weight": 0.626276503338281, "id": 8}, {"weight": 2, "random_weight": 0.6766066898468814, "id": 10}, {"weight": 1, "random_weight": 0.5696114344793616, "id": 25}, {"weight": 2, "random_weight": 0.7770597173325152, "id": 31}], [{"weight": 2, "random_weight": 0.6766066898468814, "id": 9}, {"weight": 3, "random_weight": 0.9134245781642683, "id": 20}, {"weight": 2, "random_weight": 0.212781714649261, "id": 31}, {"weight": 1, "random_weight": 0.9657964283139377, "id": 35}], [{"weight": 1, "random_weight": 0.5892924157968435, "id": 12}, {"weight": 1, "random_weight": 0.18488618587268812, "id": 19}, {"weight": 2, "random_weight": 0.42168229602485485, "id": 25}, {"weight": 1, "random_weight": 0.9520371975616546, "id": 29}, {"weight": 2, "random_weight": 0.6609975753331383, "id": 31}, {"weight": 1, "random_weight": 0.6033357273153536, "id": 32}], [{"weight": 1, "random_weight": 0.041494378715120184, "id": 1}, {"weight": 1, "random_weight": 0.5892924157968435, "id": 11}, {"weight": 2, "random_weight": 0.08859241217474456, "id": 19}, {"weight": 2, "random_weight": 0.9187004047373271, "id": 23}, {"weight": 2, "random_weight": 0.833340742116361, "id": 30}, {"weight": 2, "random_weight": 0.40208042603764316, "id": 32}], [{"weight": 1, "random_weight": 0.38733083601464535, "id": 7}, {"weight": 3, "random_weight": 0.89392729273845, "id": 21}, {"weight": 1, "random_weight": 0.3981618252471152, "id": 26}, {"weight": 1, "random_weight": 0.24767416471369286, "id": 34}, {"weight": 1, "random_weight": 0.5503064421165648, "id": 35}], [{"weight": 3, "random_weight": 0.14991967431221276, "id": 26}, {"weight": 1, "random_weight": 0.6527175560690635, "id": 28}], [{"weight": 2, "random_weight": 0.2139062517049355, "id": 16}, {"weight": 2, "random_weight": 0.2608085407545958, "id": 17}, {"weight": 2, "random_weight": 0.6931918795136142, "id": 24}, {"weight": 2, "random_weight": 0.8481867599112732, "id": 27}], [{"weight": 2, "random_weight": 0.2139062517049355, "id": 15}, {"weight": 1, "random_weight": 0.742667033682294, "id": 18}, {"weight": 2, "random_weight": 0.2325683549164762, "id": 27}, {"weight": 1, "random_weight": 0.8953732693502165, "id": 28}], [{"weight": 2, "random_weight": 0.8853334294712777, "id": 5}, {"weight": 2, "random_weight": 0.2608085407545958, "id": 15}, {"weight": 2, "random_weight": 0.7063547428802437, "id": 18}, {"weight": 2, "random_weight": 0.034580603393092546, "id": 24}], [{"weight": 2, "random_weight": 0.6168393872886374, "id": 5}, {"weight": 1, "random_weight": 0.742667033682294, "id": 16}, {"weight": 2, "random_weight": 0.7063547428802437, "id": 17}], [{"weight": 1, "random_weight": 0.11912596889689686, "id": 0}, {"weight": 1, "random_weight": 0.8960334354014987, "id": 1}, {"weight": 1, "random_weight": 0.841054678645713, "id": 2}, {"weight": 1, "random_weight": 0.18488618587268812, "id": 11}, {"weight": 2, "random_weight": 0.08859241217474456, "id": 12}, {"weight": 2, "random_weight": 0.7074957731140941, "id": 29}], [{"weight": 1, "random_weight": 0.5490591843755079, "id": 6}, {"weight": 3, "random_weight": 0.8584604073295475, "id": 7}, {"weight": 3, "random_weight": 0.9134245781642683, "id": 10}, {"weight": 3, "random_weight": 0.5844653311196982, "id": 35}], [{"weight": 3, "random_weight": 0.89392729273845, "id": 13}, {"weight": 2, "random_weight": 0.8351972375645549, "id": 26}, {"weight": 1, "random_weight": 0.2365676442869301, "id": 28}, {"weight": 1, "random_weight": 0.13082414197701964, "id": 33}, {"weight": 3, "random_weight": 0.8640582389642393, "id": 34}], [{"weight": 2, "random_weight": 0.21503371407835603, "id": 2}, {"weight": 1, "random_weight": 0.9094636139143882, "id": 25}, {"weight": 2, "random_weight": 0.6681198281518704, "id": 29}], [{"weight": 3, "random_weight": 0.9135523832657292, "id": 1}, {"weight": 2, "random_weight": 0.18769601729864438, "id": 4}, {"weight": 2, "random_weight": 0.9187004047373271, "id": 12}, {"weight": 2, "random_weight": 0.38471636568226264, "id": 24}, {"weight": 1, "random_weight": 0.6767997562937297, "id": 30}], [{"weight": 1, "random_weight": 0.46573693711096875, "id": 4}, {"weight": 2, "random_weight": 0.6931918795136142, "id": 15}, {"weight": 2, "random_weight": 0.034580603393092546, "id": 17}, {"weight": 2, "random_weight": 0.38471636568226264, "id": 23}, {"weight": 2, "random_weight": 0.8469314357028418, "id": 30}, {"weight": 1, "random_weight": 0.41660778197631465, "id": 33}], [{"weight": 1, "random_weight": 0.3773074380361572, "id": 8}, {"weight": 1, "random_weight": 0.5696114344793616, "id": 9}, {"weight": 2, "random_weight": 0.42168229602485485, "id": 11}, {"weight": 1, "random_weight": 0.9094636139143882, "id": 22}, {"weight": 1, "random_weight": 0.48053737899165705, "id": 29}], [{"weight": 1, "random_weight": 0.3981618252471152, "id": 13}, {"weight": 3, "random_weight": 0.14991967431221276, "id": 14}, {"weight": 2, "random_weight": 0.8351972375645549, "id": 21}, {"weight": 3, "random_weight": 0.06670205425472531, "id": 28}], [{"weight": 2, "random_weight": 0.8481867599112732, "id": 15}, {"weight": 2, "random_weight": 0.2325683549164762, "id": 16}, {"weight": 2, "random_weight": 0.08646240096978308, "id": 28}, {"weight": 2, "random_weight": 0.48451054243525205, "id": 33}], [{"weight": 1, "random_weight": 0.6527175560690635, "id": 14}, {"weight": 1, "random_weight": 0.8953732693502165, "id": 16}, {"weight": 1, "random_weight": 0.2365676442869301, "id": 21}, {"weight": 3, "random_weight": 0.06670205425472531, "id": 26}, {"weight": 2, "random_weight": 0.08646240096978308, "id": 27}], [{"weight": 2, "random_weight": 0.799120520486687, "id": 2}, {"weight": 1, "random_weight": 0.9520371975616546, "id": 11}, {"weight": 2, "random_weight": 0.7074957731140941, "id": 19}, {"weight": 2, "random_weight": 0.6681198281518704, "id": 22}, {"weight": 1, "random_weight": 0.48053737899165705, "id": 25}], [{"weight": 1, "random_weight": 0.6093735855479978, "id": 3}, {"weight": 2, "random_weight": 0.833340742116361, "id": 12}, {"weight": 1, "random_weight": 0.6767997562937297, "id": 23}, {"weight": 2, "random_weight": 0.8469314357028418, "id": 24}, {"weight": 1, "random_weight": 0.1487405370561341, "id": 32}, {"weight": 1, "random_weight": 0.39923217581769266, "id": 33}], [{"weight": 2, "random_weight": 0.7770597173325152, "id": 9}, {"weight": 2, "random_weight": 0.212781714649261, "id": 10}, {"weight": 2, "random_weight": 0.6609975753331383, "id": 11}, {"weight": 2, "random_weight": 0.8245766781936208, "id": 32}], [{"weight": 3, "random_weight": 0.482372394459913, "id": 3}, {"weight": 1, "random_weight": 0.6033357273153536, "id": 11}, {"weight": 2, "random_weight": 0.40208042603764316, "id": 12}, {"weight": 1, "random_weight": 0.1487405370561341, "id": 30}, {"weight": 2, "random_weight": 0.8245766781936208, "id": 31}, {"weight": 1, "random_weight": 0.33165329190879045, "id": 35}], [{"weight": 2, "random_weight": 0.559732040213625, "id": 3}, {"weight": 1, "random_weight": 0.13082414197701964, "id": 21}, {"weight": 1, "random_weight": 0.41660778197631465, "id": 24}, {"weight": 2, "random_weight": 0.48451054243525205, "id": 27}, {"weight": 1, "random_weight": 0.39923217581769266, "id": 30}, {"weight": 1, "random_weight": 0.574044008184507, "id": 34}], [{"weight": 1, "random_weight": 0.31497173594472894, "id": 3}, {"weight": 1, "random_weight": 0.24767416471369286, "id": 13}, {"weight": 3, "random_weight": 0.8640582389642393, "id": 21}, {"weight": 1, "random_weight": 0.574044008184507, "id": 33}, {"weight": 2, "random_weight": 0.9004243610826277, "id": 35}], [{"weight": 1, "random_weight": 0.2456108984192854, "id": 3}, {"weight": 1, "random_weight": 0.4650057857893092, "id": 7}, {"weight": 1, "random_weight": 0.9657964283139377, "id": 10}, {"weight": 1, "random_weight": 0.5503064421165648, "id": 13}, {"weight": 3, "random_weight": 0.5844653311196982, "id": 20}, {"weight": 1, "random_weight": 0.33165329190879045, "id": 32}, {"weight": 2, "random_weight": 0.9004243610826277, "id": 34}]]}