{"directed": false, "multigraph": false, "graph": [], "nodes": [{"graph": null, "nnodes": 4, "nedges": 3, "density": 0.5, "atomics": "[16, 40, 28, 4]", "group_pop": 4, "init_part_assignment": 11, "id": 0}, {"graph": null, "nnodes": 4, "nedges": 3, "density": 0.5, "atomics": "[17, 18, 30, 31]", "group_pop": 4, "init_part_assignment": 10, "id": 1}, {"graph": null, "nnodes": 4, "nedges": 3, "density": 0.5, "atomics": "[8, 5, 6, 7]", "group_pop": 4, "init_part_assignment": 6, "id": 2}, {"graph": null, "nnodes": 4, "nedges": 3, "density": 0.5, "atomics": "[27, 2, 3, 15]", "group_pop": 4, "init_part_assignment": 5, "id": 3}, {"graph": null, "nnodes": 4, "nedges": 4, "density": 0.6666666666666666, "atomics": "[89, 90, 101, 102]", "group_pop": 4, "init_part_assignment": 7, "id": 4}, {"graph": null, "nnodes": 4, "nedges": 4, "density": 0.6666666666666666, "atomics": "[64, 65, 76, 77]", "group_pop": 4, "init_part_assignment": 10, "id": 5}, {"graph": null, "nnodes": 4, "nedges": 3, "density": 0.5, "atomics": "[78, 66, 54, 79]", "group_pop": 4, "init_part_assignment": 7, "id": 6}, {"graph": null, "nnodes": 4, "nedges": 3, "density": 0.5, "atomics": "[9, 10, 34, 22]", "group_pop": 4, "init_part_assignment": 6, "id": 7}, {"graph": null, "nnodes": 4, "nedges": 3, "density": 0.5, "atomics": "[32, 19, 20, 21]", "group_pop": 4, "init_part_assignment": 6, "id": 8}, {"graph": null, "nnodes": 4, "nedges": 4, "density": 0.6666666666666666, "atomics": "[120, 121, 132, 133]", "group_pop": 4, "init_part_assignment": 9, "id": 9}, {"graph": null, "nnodes": 4, "nedges": 4, "density": 0.6666666666666666, "atomics": "[122, 123, 134, 135]", "group_pop": 4, "init_part_assignment": 1, "id": 10}, {"graph": null, "nnodes": 4, "nedges": 4, "density": 0.6666666666666666, "atomics": "[96, 97, 108, 109]", "group_pop": 4, "init_part_assignment": 9, "id": 11}, {"graph": null, "nnodes": 4, "nedges": 3, "density": 0.5, "atomics": "[112, 113, 110, 111]", "group_pop": 4, "init_part_assignment": 1, "id": 12}, {"graph": null, "nnodes": 4, "nedges": 4, "density": 0.6666666666666666, "atomics": "[50, 51, 62, 63]", "group_pop": 4, "init_part_assignment": 2, "id": 13}, {"graph": null, "nnodes": 4, "nedges": 3, "density": 0.5, "atomics": "[41, 53, 52, 29]", "group_pop": 4, "init_part_assignment": 10, "id": 14}, {"graph": null, "nnodes": 4, "nedges": 3, "density": 0.5, "atomics": "[136, 137, 138, 124]", "group_pop": 4, "init_part_assignment": 1, "id": 15}, {"graph": null, "nnodes": 4, "nedges": 3, "density": 0.5, "atomics": "[139, 125, 126, 127]", "group_pop": 4, "init_part_assignment": 4, "id": 16}, {"graph": null, "nnodes": 4, "nedges": 4, "density": 0.6666666666666666, "atomics": "[130, 131, 142, 143]", "group_pop": 4, "init_part_assignment": 4, "id": 17}, {"graph": null, "nnodes": 4, "nedges": 3, "density": 0.5, "atomics": "[58, 59, 46, 71]", "group_pop": 4, "init_part_assignment": 3, "id": 18}, {"graph": null, "nnodes": 4, "nedges": 3, "density": 0.5, "atomics": "[11, 35, 47, 23]", "group_pop": 4, "init_part_assignment": 3, "id": 19}, {"graph": null, "nnodes": 4, "nedges": 3, "density": 0.5, "atomics": "[36, 37, 38, 39]", "group_pop": 4, "init_part_assignment": 11, "id": 20}, {"graph": null, "nnodes": 4, "nedges": 4, "density": 0.6666666666666666, "atomics": "[128, 129, 140, 141]", "group_pop": 4, "init_part_assignment": 4, "id": 21}, {"graph": null, "nnodes": 4, "nedges": 3, "density": 0.5, "atomics": "[24, 25, 26, 14]", "group_pop": 4, "init_part_assignment": 5, "id": 22}, {"graph": null, "nnodes": 4, "nedges": 4, "density": 0.6666666666666666, "atomics": "[0, 1, 12, 13]", "group_pop": 4, "init_part_assignment": 5, "id": 23}, {"graph": null, "nnodes": 4, "nedges": 3, "density": 0.5, "atomics": "[43, 42, 67, 55]", "group_pop": 4, "init_part_assignment": 8, "id": 24}, {"graph": null, "nnodes": 4, "nedges": 3, "density": 0.5, "atomics": "[33, 44, 45, 57]", "group_pop": 4, "init_part_assignment": 8, "id": 25}, {"graph": null, "nnodes": 4, "nedges": 4, "density": 0.6666666666666666, "atomics": "[72, 73, 84, 85]", "group_pop": 4, "init_part_assignment": 9, "id": 26}, {"graph": null, "nnodes": 4, "nedges": 4, "density": 0.6666666666666666, "atomics": "[48, 49, 60, 61]", "group_pop": 4, "init_part_assignment": 11, "id": 27}, {"graph": null, "nnodes": 4, "nedges": 3, "density": 0.5, "atomics": "[114, 115, 116, 117]", "group_pop": 4, "init_part_assignment": 7, "id": 28}, {"graph": null, "nnodes": 4, "nedges": 4, "density": 0.6666666666666666, "atomics": "[106, 107, 118, 119]", "group_pop": 4, "init_part_assignment": 0, "id": 29}, {"graph": null, "nnodes": 4, "nedges": 4, "density": 0.6666666666666666, "atomics": "[82, 83, 94, 95]", "group_pop": 4, "init_part_assignment": 0, "id": 30}, {"graph": null, "nnodes": 4, "nedges": 3, "density": 0.5, "atomics": "[104, 105, 91, 103]", "group_pop": 4, "init_part_assignment": 0, "id": 31}, {"graph": null, "nnodes": 4, "nedges": 3, "density": 0.5, "atomics": "[56, 80, 68, 92]", "group_pop": 4, "init_part_assignment": 8, "id": 32}, {"graph": null, "nnodes": 4, "nedges": 3, "density": 0.5, "atomics": "[81, 93, 69, 70]", "group_pop": 4, "init_part_assignment": 3, "id": 33}, {"graph": null, "nnodes": 4, "nedges": 3, "density": 0.5, "atomics": "[88, 98, 99, 100]", "group_pop": 4, "init_part_assignment": 2, "id": 34}, {"graph": null, "nnodes": 4, "nedges": 4, "density": 0.6666666666666666, "atomics": "[74, 75, 86, 87]", "group_pop": 4, "init_part_assignment": 2, "id": 35}], "adjacency": [[{"weight": 1, "random_weight": 0.4488356284648697, "id": 1}, {"weight": 1, "random_weight": 0.7128350439426144, "id": 2}, {"weight": 3, "random_weight": 0.5163699486073795, "id": 3}, {"weight": 3, "random_weight": 0.16773257878936076, "id": 14}, {"weight": 1, "random_weight": 0.5507909556661122, "id": 20}], [{"weight": 1, "random_weight": 0.4488356284648697, "id": 0}, {"weight": 2, "random_weight": 0.5235803026256994, "id": 2}, {"weight": 3, "random_weight": 0.16600140235551375, "id": 8}, {"weight": 2, "random_weight": 0.25545866669654116, "id": 14}, {"weight": 2, "random_weight": 0.8949747406978805, "id": 24}], [{"weight": 1, "random_weight": 0.7128350439426144, "id": 0}, {"weight": 2, "random_weight": 0.5235803026256994, "id": 1}, {"weight": 1, "random_weight": 0.39788063367577853, "id": 7}, {"weight": 2, "random_weight": 0.11241383580011854, "id": 8}], [{"weight": 3, "random_weight": 0.5163699486073795, "id": 0}, {"weight": 1, "random_weight": 0.3855809900402434, "id": 20}, {"weight": 3, "random_weight": 0.7586133780938444, "id": 22}, {"weight": 1, "random_weight": 0.25061132171524203, "id": 23}], [{"weight": 1, "random_weight": 0.7395658428307567, "id": 5}, {"weight": 1, "random_weight": 0.5123491748135586, "id": 6}, {"weight": 1, "random_weight": 0.4781105931731279, "id": 12}, {"weight": 1, "random_weight": 0.5853196403414425, "id": 28}, {"weight": 2, "random_weight": 0.8702583349974954, "id": 31}, {"weight": 2, "random_weight": 0.4219175126567113, "id": 34}], [{"weight": 1, "random_weight": 0.7395658428307567, "id": 4}, {"weight": 2, "random_weight": 0.8989564373289407, "id": 6}, {"weight": 1, "random_weight": 0.7919109447543523, "id": 13}, {"weight": 2, "random_weight": 0.6834864498026979, "id": 14}, {"weight": 1, "random_weight": 0.6809018027780923, "id": 34}, {"weight": 1, "random_weight": 0.3617198437758746, "id": 35}], [{"weight": 1, "random_weight": 0.5123491748135586, "id": 4}, {"weight": 2, "random_weight": 0.8989564373289407, "id": 5}, {"weight": 1, "random_weight": 0.5430548776960941, "id": 14}, {"weight": 4, "random_weight": 0.05347690137513039, "id": 24}, {"weight": 1, "random_weight": 0.6106660578516883, "id": 31}, {"weight": 1, "random_weight": 0.8815510812690734, "id": 32}], [{"weight": 1, "random_weight": 0.39788063367577853, "id": 2}, {"weight": 2, "random_weight": 0.9820848044324564, "id": 8}, {"weight": 1, "random_weight": 0.8764974165640768, "id": 18}, {"weight": 3, "random_weight": 0.6619794408510926, "id": 19}, {"weight": 1, "random_weight": 0.7800556033669946, "id": 25}], [{"weight": 3, "random_weight": 0.16600140235551375, "id": 1}, {"weight": 2, "random_weight": 0.11241383580011854, "id": 2}, {"weight": 2, "random_weight": 0.9820848044324564, "id": 7}, {"weight": 3, "random_weight": 0.7481044947494921, "id": 25}], [{"weight": 2, "random_weight": 0.9628907543146802, "id": 10}, {"weight": 2, "random_weight": 0.07787479871159586, "id": 11}], [{"weight": 2, "random_weight": 0.9628907543146802, "id": 9}, {"weight": 2, "random_weight": 0.4893183464990958, "id": 12}, {"weight": 2, "random_weight": 0.9884563281102827, "id": 15}], [{"weight": 2, "random_weight": 0.07787479871159586, "id": 9}, {"weight": 1, "random_weight": 0.7855941151361253, "id": 12}, {"weight": 2, "random_weight": 0.7062764694866955, "id": 26}, {"weight": 1, "random_weight": 0.776871095899019, "id": 34}], [{"weight": 1, "random_weight": 0.4781105931731279, "id": 4}, {"weight": 2, "random_weight": 0.4893183464990958, "id": 10}, {"weight": 1, "random_weight": 0.7855941151361253, "id": 11}, {"weight": 1, "random_weight": 0.6715632170571766, "id": 15}, {"weight": 1, "random_weight": 0.5228509287866462, "id": 16}, {"weight": 1, "random_weight": 0.8520757994982311, "id": 28}, {"weight": 3, "random_weight": 0.8769130832777063, "id": 34}], [{"weight": 1, "random_weight": 0.7919109447543523, "id": 5}, {"weight": 1, "random_weight": 0.813731808513419, "id": 14}, {"weight": 2, "random_weight": 0.9699857379618566, "id": 20}, {"weight": 2, "random_weight": 0.7571709099208737, "id": 27}, {"weight": 2, "random_weight": 0.5379525755408828, "id": 35}], [{"weight": 3, "random_weight": 0.16773257878936076, "id": 0}, {"weight": 2, "random_weight": 0.25545866669654116, "id": 1}, {"weight": 2, "random_weight": 0.6834864498026979, "id": 5}, {"weight": 1, "random_weight": 0.5430548776960941, "id": 6}, {"weight": 1, "random_weight": 0.813731808513419, "id": 13}, {"weight": 1, "random_weight": 0.76289159958288, "id": 24}], [{"weight": 2, "random_weight": 0.9884563281102827, "id": 10}, {"weight": 1, "random_weight": 0.6715632170571766, "id": 12}, {"weight": 4, "random_weight": 0.798016224276466, "id": 16}], [{"weight": 1, "random_weight": 0.5228509287866462, "id": 12}, {"weight": 4, "random_weight": 0.798016224276466, "id": 15}, {"weight": 2, "random_weight": 0.5288011635628589, "id": 21}, {"weight": 2, "random_weight": 0.10144645550272668, "id": 28}], [{"weight": 2, "random_weight": 0.09100039569657026, "id": 21}, {"weight": 2, "random_weight": 0.9843832669164199, "id": 29}], [{"weight": 1, "random_weight": 0.8764974165640768, "id": 7}, {"weight": 2, "random_weight": 0.13295761692792873, "id": 19}, {"weight": 2, "random_weight": 0.7920921823680427, "id": 25}, {"weight": 1, "random_weight": 0.8849317540667715, "id": 30}, {"weight": 2, "random_weight": 0.025520920278266912, "id": 33}], [{"weight": 3, "random_weight": 0.6619794408510926, "id": 7}, {"weight": 2, "random_weight": 0.13295761692792873, "id": 18}], [{"weight": 1, "random_weight": 0.5507909556661122, "id": 0}, {"weight": 1, "random_weight": 0.3855809900402434, "id": 3}, {"weight": 2, "random_weight": 0.9699857379618566, "id": 13}, {"weight": 3, "random_weight": 0.4580714530330302, "id": 22}, {"weight": 2, "random_weight": 0.052630475480058614, "id": 27}], [{"weight": 2, "random_weight": 0.5288011635628589, "id": 16}, {"weight": 2, "random_weight": 0.09100039569657026, "id": 17}, {"weight": 2, "random_weight": 0.5531499382388542, "id": 28}], [{"weight": 3, "random_weight": 0.7586133780938444, "id": 3}, {"weight": 3, "random_weight": 0.4580714530330302, "id": 20}, {"weight": 3, "random_weight": 0.2348395068546728, "id": 23}], [{"weight": 1, "random_weight": 0.25061132171524203, "id": 3}, {"weight": 3, "random_weight": 0.2348395068546728, "id": 22}], [{"weight": 2, "random_weight": 0.8949747406978805, "id": 1}, {"weight": 4, "random_weight": 0.05347690137513039, "id": 6}, {"weight": 1, "random_weight": 0.76289159958288, "id": 14}, {"weight": 1, "random_weight": 0.3547459248353666, "id": 25}, {"weight": 2, "random_weight": 0.7399934939412943, "id": 32}], [{"weight": 1, "random_weight": 0.7800556033669946, "id": 7}, {"weight": 3, "random_weight": 0.7481044947494921, "id": 8}, {"weight": 2, "random_weight": 0.7920921823680427, "id": 18}, {"weight": 1, "random_weight": 0.3547459248353666, "id": 24}, {"weight": 2, "random_weight": 0.214744118033675, "id": 32}, {"weight": 1, "random_weight": 0.7785446614420796, "id": 33}], [{"weight": 2, "random_weight": 0.7062764694866955, "id": 11}, {"weight": 2, "random_weight": 0.9070868552117624, "id": 27}, {"weight": 2, "random_weight": 0.6972139913729986, "id": 35}], [{"weight": 2, "random_weight": 0.7571709099208737, "id": 13}, {"weight": 2, "random_weight": 0.052630475480058614, "id": 20}, {"weight": 2, "random_weight": 0.9070868552117624, "id": 26}], [{"weight": 1, "random_weight": 0.5853196403414425, "id": 4}, {"weight": 1, "random_weight": 0.8520757994982311, "id": 12}, {"weight": 2, "random_weight": 0.10144645550272668, "id": 16}, {"weight": 2, "random_weight": 0.5531499382388542, "id": 21}, {"weight": 1, "random_weight": 0.880241689075158, "id": 29}, {"weight": 3, "random_weight": 0.6123228155179667, "id": 31}], [{"weight": 2, "random_weight": 0.9843832669164199, "id": 17}, {"weight": 1, "random_weight": 0.880241689075158, "id": 28}, {"weight": 2, "random_weight": 0.39759866860314996, "id": 30}, {"weight": 1, "random_weight": 0.6968221647603502, "id": 31}], [{"weight": 1, "random_weight": 0.8849317540667715, "id": 18}, {"weight": 2, "random_weight": 0.39759866860314996, "id": 29}, {"weight": 3, "random_weight": 0.8714512447821052, "id": 33}], [{"weight": 2, "random_weight": 0.8702583349974954, "id": 4}, {"weight": 1, "random_weight": 0.6106660578516883, "id": 6}, {"weight": 3, "random_weight": 0.6123228155179667, "id": 28}, {"weight": 1, "random_weight": 0.6968221647603502, "id": 29}, {"weight": 2, "random_weight": 0.3313138182542734, "id": 32}, {"weight": 1, "random_weight": 0.4878267817573201, "id": 33}], [{"weight": 1, "random_weight": 0.8815510812690734, "id": 6}, {"weight": 2, "random_weight": 0.7399934939412943, "id": 24}, {"weight": 2, "random_weight": 0.214744118033675, "id": 25}, {"weight": 2, "random_weight": 0.3313138182542734, "id": 31}, {"weight": 3, "random_weight": 0.3423141700341712, "id": 33}], [{"weight": 2, "random_weight": 0.025520920278266912, "id": 18}, {"weight": 1, "random_weight": 0.7785446614420796, "id": 25}, {"weight": 3, "random_weight": 0.8714512447821052, "id": 30}, {"weight": 1, "random_weight": 0.4878267817573201, "id": 31}, {"weight": 3, "random_weight": 0.3423141700341712, "id": 32}], [{"weight": 2, "random_weight": 0.4219175126567113, "id": 4}, {"weight": 1, "random_weight": 0.6809018027780923, "id": 5}, {"weight": 1, "random_weight": 0.776871095899019, "id": 11}, {"weight": 3, "random_weight": 0.8769130832777063, "id": 12}, {"weight": 3, "random_weight": 0.13785471750223544, "id": 35}], [{"weight": 1, "random_weight": 0.3617198437758746, "id": 5}, {"weight": 2, "random_weight": 0.5379525755408828, "id": 13}, {"weight": 2, "random_weight": 0.6972139913729986, "id": 26}, {"weight": 3, "random_weight": 0.13785471750223544, "id": 34}]]}