{"directed": false, "multigraph": false, "graph": [], "nodes": [{"graph": null, "nnodes": 4, "nedges": 4, "density": 0.6666666666666666, "atomics": "[16, 17, 4, 5]", "group_pop": 4, "init_part_assignment": 4, "id": 0}, {"graph": null, "nnodes": 4, "nedges": 4, "density": 0.6666666666666666, "atomics": "[2, 3, 14, 15]", "group_pop": 4, "init_part_assignment": 4, "id": 1}, {"graph": null, "nnodes": 4, "nedges": 3, "density": 0.5, "atomics": "[89, 90, 78, 79]", "group_pop": 4, "init_part_assignment": 11, "id": 2}, {"graph": null, "nnodes": 4, "nedges": 3, "density": 0.5, "atomics": "[88, 100, 77, 76]", "group_pop": 4, "init_part_assignment": 11, "id": 3}, {"graph": null, "nnodes": 4, "nedges": 4, "density": 0.6666666666666666, "atomics": "[8, 9, 20, 21]", "group_pop": 4, "init_part_assignment": 7, "id": 4}, {"graph": null, "nnodes": 4, "nedges": 4, "density": 0.6666666666666666, "atomics": "[18, 19, 6, 7]", "group_pop": 4, "init_part_assignment": 10, "id": 5}, {"graph": null, "nnodes": 4, "nedges": 4, "density": 0.6666666666666666, "atomics": "[120, 121, 132, 133]", "group_pop": 4, "init_part_assignment": 6, "id": 6}, {"graph": null, "nnodes": 4, "nedges": 4, "density": 0.6666666666666666, "atomics": "[122, 123, 134, 135]", "group_pop": 4, "init_part_assignment": 6, "id": 7}, {"graph": null, "nnodes": 4, "nedges": 3, "density": 0.5, "atomics": "[108, 109, 110, 111]", "group_pop": 4, "init_part_assignment": 5, "id": 8}, {"graph": null, "nnodes": 4, "nedges": 3, "density": 0.5, "atomics": "[50, 37, 38, 39]", "group_pop": 4, "init_part_assignment": 0, "id": 9}, {"graph": null, "nnodes": 4, "nedges": 3, "density": 0.5, "atomics": "[51, 75, 62, 63]", "group_pop": 4, "init_part_assignment": 3, "id": 10}, {"graph": null, "nnodes": 4, "nedges": 3, "density": 0.5, "atomics": "[40, 28, 52, 29]", "group_pop": 4, "init_part_assignment": 4, "id": 11}, {"graph": null, "nnodes": 4, "nedges": 3, "density": 0.5, "atomics": "[136, 137, 124, 112]", "group_pop": 4, "init_part_assignment": 6, "id": 12}, {"graph": null, "nnodes": 4, "nedges": 3, "density": 0.5, "atomics": "[138, 139, 140, 127]", "group_pop": 4, "init_part_assignment": 8, "id": 13}, {"graph": null, "nnodes": 4, "nedges": 4, "density": 0.6666666666666666, "atomics": "[113, 114, 125, 126]", "group_pop": 4, "init_part_assignment": 8, "id": 14}, {"graph": null, "nnodes": 4, "nedges": 4, "density": 0.6666666666666666, "atomics": "[130, 131, 118, 119]", "group_pop": 4, "init_part_assignment": 1, "id": 15}, {"graph": null, "nnodes": 4, "nedges": 3, "density": 0.5, "atomics": "[129, 141, 142, 143]", "group_pop": 4, "init_part_assignment": 1, "id": 16}, {"graph": null, "nnodes": 4, "nedges": 4, "density": 0.6666666666666666, "atomics": "[58, 59, 46, 47]", "group_pop": 4, "init_part_assignment": 2, "id": 17}, {"graph": null, "nnodes": 4, "nedges": 3, "density": 0.5, "atomics": "[24, 25, 26, 27]", "group_pop": 4, "init_part_assignment": 0, "id": 18}, {"graph": null, "nnodes": 4, "nedges": 3, "density": 0.5, "atomics": "[128, 115, 116, 117]", "group_pop": 4, "init_part_assignment": 1, "id": 19}, {"graph": null, "nnodes": 4, "nedges": 4, "density": 0.6666666666666666, "atomics": "[0, 1, 12, 13]", "group_pop": 4, "init_part_assignment": 0, "id": 20}, {"graph": null, "nnodes": 4, "nedges": 3, "density": 0.5, "atomics": "[32, 57, 56, 44]", "group_pop": 4, "init_part_assignment": 9, "id": 21}, {"graph": null, "nnodes": 4, "nedges": 3, "density": 0.5, "atomics": "[41, 42, 54, 30]", "group_pop": 4, "init_part_assignment": 10, "id": 22}, {"graph": null, "nnodes": 4, "nedges": 3, "density": 0.5, "atomics": "[43, 67, 31, 55]", "group_pop": 4, "init_part_assignment": 10, "id": 23}, {"graph": null, "nnodes": 4, "nedges": 4, "density": 0.6666666666666666, "atomics": "[10, 11, 22, 23]", "group_pop": 4, "init_part_assignment": 7, "id": 24}, {"graph": null, "nnodes": 4, "nedges": 3, "density": 0.5, "atomics": "[33, 34, 35, 45]", "group_pop": 4, "init_part_assignment": 7, "id": 25}, {"graph": null, "nnodes": 4, "nedges": 3, "density": 0.5, "atomics": "[72, 48, 60, 36]", "group_pop": 4, "init_part_assignment": 5, "id": 26}, {"graph": null, "nnodes": 4, "nedges": 4, "density": 0.6666666666666666, "atomics": "[96, 97, 84, 85]", "group_pop": 4, "init_part_assignment": 5, "id": 27}, {"graph": null, "nnodes": 4, "nedges": 4, "density": 0.6666666666666666, "atomics": "[82, 83, 70, 71]", "group_pop": 4, "init_part_assignment": 2, "id": 28}, {"graph": null, "nnodes": 4, "nedges": 3, "density": 0.5, "atomics": "[81, 93, 94, 95]", "group_pop": 4, "init_part_assignment": 2, "id": 29}, {"graph": null, "nnodes": 4, "nedges": 3, "density": 0.5, "atomics": "[104, 105, 106, 107]", "group_pop": 4, "init_part_assignment": 9, "id": 30}, {"graph": null, "nnodes": 4, "nedges": 3, "density": 0.5, "atomics": "[64, 65, 66, 53]", "group_pop": 4, "init_part_assignment": 11, "id": 31}, {"graph": null, "nnodes": 4, "nedges": 3, "density": 0.5, "atomics": "[73, 74, 61, 49]", "group_pop": 4, "init_part_assignment": 3, "id": 32}, {"graph": null, "nnodes": 4, "nedges": 4, "density": 0.6666666666666666, "atomics": "[98, 99, 86, 87]", "group_pop": 4, "init_part_assignment": 3, "id": 33}, {"graph": null, "nnodes": 4, "nedges": 3, "density": 0.5, "atomics": "[91, 101, 102, 103]", "group_pop": 4, "init_part_assignment": 8, "id": 34}, {"graph": null, "nnodes": 4, "nedges": 3, "density": 0.5, "atomics": "[80, 68, 69, 92]", "group_pop": 4, "init_part_assignment": 9, "id": 35}], "adjacency": [[{"weight": 2, "random_weight": 0.3279419309091849, "id": 1}, {"weight": 2, "random_weight": 0.6495771029836734, "id": 5}, {"weight": 2, "random_weight": 0.36396007356634075, "id": 11}], [{"weight": 2, "random_weight": 0.3279419309091849, "id": 0}, {"weight": 2, "random_weight": 0.6323438017267355, "id": 18}, {"weight": 2, "random_weight": 0.6423914023572477, "id": 20}], [{"weight": 3, "random_weight": 0.3669855078000741, "id": 3}, {"weight": 1, "random_weight": 0.683917653239172, "id": 23}, {"weight": 1, "random_weight": 0.2579173884593917, "id": 31}, {"weight": 4, "random_weight": 0.9973400319656412, "id": 34}, {"weight": 1, "random_weight": 0.43476957370272973, "id": 35}], [{"weight": 3, "random_weight": 0.3669855078000741, "id": 2}, {"weight": 1, "random_weight": 0.02174251299684693, "id": 10}, {"weight": 1, "random_weight": 0.9137495549730492, "id": 12}, {"weight": 2, "random_weight": 0.5252519717332829, "id": 31}, {"weight": 2, "random_weight": 0.731268519772686, "id": 33}, {"weight": 1, "random_weight": 0.8480984278603692, "id": 34}], [{"weight": 2, "random_weight": 0.8042189054628821, "id": 5}, {"weight": 1, "random_weight": 0.8715610005824974, "id": 21}, {"weight": 2, "random_weight": 0.9614732018091894, "id": 24}, {"weight": 1, "random_weight": 0.1523366935364716, "id": 25}], [{"weight": 2, "random_weight": 0.6495771029836734, "id": 0}, {"weight": 2, "random_weight": 0.8042189054628821, "id": 4}, {"weight": 1, "random_weight": 0.6033209420400499, "id": 22}, {"weight": 1, "random_weight": 0.08384340885412911, "id": 23}], [{"weight": 2, "random_weight": 0.7920765664427531, "id": 7}, {"weight": 2, "random_weight": 0.43484538687618335, "id": 8}], [{"weight": 2, "random_weight": 0.7920765664427531, "id": 6}, {"weight": 2, "random_weight": 0.4345474050558993, "id": 8}, {"weight": 2, "random_weight": 0.06426170649744511, "id": 12}], [{"weight": 2, "random_weight": 0.43484538687618335, "id": 6}, {"weight": 2, "random_weight": 0.4345474050558993, "id": 7}, {"weight": 1, "random_weight": 0.9112377016285503, "id": 12}, {"weight": 2, "random_weight": 0.41262158090075407, "id": 27}, {"weight": 2, "random_weight": 0.8470952776885499, "id": 33}], [{"weight": 3, "random_weight": 0.6387078069182677, "id": 10}, {"weight": 1, "random_weight": 0.24786294426986855, "id": 11}, {"weight": 3, "random_weight": 0.21977826525787603, "id": 18}, {"weight": 1, "random_weight": 0.7618909297702291, "id": 26}, {"weight": 2, "random_weight": 0.9931203195652202, "id": 32}], [{"weight": 1, "random_weight": 0.02174251299684693, "id": 3}, {"weight": 3, "random_weight": 0.6387078069182677, "id": 9}, {"weight": 1, "random_weight": 0.7221764425368972, "id": 11}, {"weight": 1, "random_weight": 0.43986656739053975, "id": 31}, {"weight": 3, "random_weight": 0.47217648085078445, "id": 32}, {"weight": 1, "random_weight": 0.4938760697708293, "id": 33}], [{"weight": 2, "random_weight": 0.36396007356634075, "id": 0}, {"weight": 1, "random_weight": 0.24786294426986855, "id": 9}, {"weight": 1, "random_weight": 0.7221764425368972, "id": 10}, {"weight": 1, "random_weight": 0.5470299859462906, "id": 18}, {"weight": 3, "random_weight": 0.49865891602043444, "id": 22}, {"weight": 2, "random_weight": 0.706428427258654, "id": 31}], [{"weight": 1, "random_weight": 0.9137495549730492, "id": 3}, {"weight": 2, "random_weight": 0.06426170649744511, "id": 7}, {"weight": 1, "random_weight": 0.9112377016285503, "id": 8}, {"weight": 1, "random_weight": 0.9315179465928717, "id": 13}, {"weight": 3, "random_weight": 0.4026237895247743, "id": 14}], [{"weight": 1, "random_weight": 0.9315179465928717, "id": 12}, {"weight": 2, "random_weight": 0.5274405420392392, "id": 14}, {"weight": 1, "random_weight": 0.9216147547037027, "id": 16}, {"weight": 3, "random_weight": 0.8458836791121364, "id": 19}], [{"weight": 3, "random_weight": 0.4026237895247743, "id": 12}, {"weight": 2, "random_weight": 0.5274405420392392, "id": 13}, {"weight": 1, "random_weight": 0.9146626192439206, "id": 19}, {"weight": 2, "random_weight": 0.5389253698532136, "id": 34}], [{"weight": 3, "random_weight": 0.8038164456491291, "id": 16}, {"weight": 1, "random_weight": 0.01035096714620709, "id": 19}, {"weight": 2, "random_weight": 0.2669059252590358, "id": 30}], [{"weight": 1, "random_weight": 0.9216147547037027, "id": 13}, {"weight": 3, "random_weight": 0.8038164456491291, "id": 15}, {"weight": 2, "random_weight": 0.2396083324842938, "id": 19}], [{"weight": 1, "random_weight": 0.9641093074977553, "id": 21}, {"weight": 3, "random_weight": 0.8709437403125979, "id": 25}, {"weight": 2, "random_weight": 0.49277177754600054, "id": 28}], [{"weight": 2, "random_weight": 0.6323438017267355, "id": 1}, {"weight": 3, "random_weight": 0.21977826525787603, "id": 9}, {"weight": 1, "random_weight": 0.5470299859462906, "id": 11}, {"weight": 2, "random_weight": 0.15966970592858176, "id": 20}, {"weight": 1, "random_weight": 0.7537998047894875, "id": 26}], [{"weight": 3, "random_weight": 0.8458836791121364, "id": 13}, {"weight": 1, "random_weight": 0.9146626192439206, "id": 14}, {"weight": 1, "random_weight": 0.01035096714620709, "id": 15}, {"weight": 2, "random_weight": 0.2396083324842938, "id": 16}, {"weight": 2, "random_weight": 0.8586921147549958, "id": 30}, {"weight": 1, "random_weight": 0.06890620737968034, "id": 34}], [{"weight": 2, "random_weight": 0.6423914023572477, "id": 1}, {"weight": 2, "random_weight": 0.15966970592858176, "id": 18}], [{"weight": 1, "random_weight": 0.8715610005824974, "id": 4}, {"weight": 1, "random_weight": 0.9641093074977553, "id": 17}, {"weight": 3, "random_weight": 0.2657226502348583, "id": 23}, {"weight": 3, "random_weight": 0.16575347860479261, "id": 25}, {"weight": 2, "random_weight": 0.1825156243721775, "id": 35}], [{"weight": 1, "random_weight": 0.6033209420400499, "id": 5}, {"weight": 3, "random_weight": 0.49865891602043444, "id": 11}, {"weight": 3, "random_weight": 0.2233663556434098, "id": 23}, {"weight": 3, "random_weight": 0.4767006190091314, "id": 31}], [{"weight": 1, "random_weight": 0.683917653239172, "id": 2}, {"weight": 1, "random_weight": 0.08384340885412911, "id": 5}, {"weight": 3, "random_weight": 0.2657226502348583, "id": 21}, {"weight": 3, "random_weight": 0.2233663556434098, "id": 22}, {"weight": 1, "random_weight": 0.972670288747725, "id": 31}, {"weight": 1, "random_weight": 0.8318636074233581, "id": 35}], [{"weight": 2, "random_weight": 0.9614732018091894, "id": 4}, {"weight": 2, "random_weight": 0.5839334330887043, "id": 25}], [{"weight": 1, "random_weight": 0.1523366935364716, "id": 4}, {"weight": 3, "random_weight": 0.8709437403125979, "id": 17}, {"weight": 3, "random_weight": 0.16575347860479261, "id": 21}, {"weight": 2, "random_weight": 0.5839334330887043, "id": 24}], [{"weight": 1, "random_weight": 0.7618909297702291, "id": 9}, {"weight": 1, "random_weight": 0.7537998047894875, "id": 18}, {"weight": 1, "random_weight": 0.09636009223620345, "id": 27}, {"weight": 3, "random_weight": 0.75997384888179, "id": 32}], [{"weight": 2, "random_weight": 0.41262158090075407, "id": 8}, {"weight": 1, "random_weight": 0.09636009223620345, "id": 26}, {"weight": 1, "random_weight": 0.7375082709816518, "id": 32}, {"weight": 2, "random_weight": 0.5609957073622075, "id": 33}], [{"weight": 2, "random_weight": 0.49277177754600054, "id": 17}, {"weight": 3, "random_weight": 0.6871303870810396, "id": 29}, {"weight": 1, "random_weight": 0.7145873667531895, "id": 35}], [{"weight": 3, "random_weight": 0.6871303870810396, "id": 28}, {"weight": 3, "random_weight": 0.7510553342157236, "id": 30}, {"weight": 3, "random_weight": 0.510598926509187, "id": 35}], [{"weight": 2, "random_weight": 0.2669059252590358, "id": 15}, {"weight": 2, "random_weight": 0.8586921147549958, "id": 19}, {"weight": 3, "random_weight": 0.7510553342157236, "id": 29}, {"weight": 1, "random_weight": 0.019129787151532907, "id": 34}, {"weight": 1, "random_weight": 0.17140059531660057, "id": 35}], [{"weight": 1, "random_weight": 0.2579173884593917, "id": 2}, {"weight": 2, "random_weight": 0.5252519717332829, "id": 3}, {"weight": 1, "random_weight": 0.43986656739053975, "id": 10}, {"weight": 2, "random_weight": 0.706428427258654, "id": 11}, {"weight": 3, "random_weight": 0.4767006190091314, "id": 22}, {"weight": 1, "random_weight": 0.972670288747725, "id": 23}], [{"weight": 2, "random_weight": 0.9931203195652202, "id": 9}, {"weight": 3, "random_weight": 0.47217648085078445, "id": 10}, {"weight": 3, "random_weight": 0.75997384888179, "id": 26}, {"weight": 1, "random_weight": 0.7375082709816518, "id": 27}, {"weight": 1, "random_weight": 0.5079497291059498, "id": 33}], [{"weight": 2, "random_weight": 0.731268519772686, "id": 3}, {"weight": 2, "random_weight": 0.8470952776885499, "id": 8}, {"weight": 1, "random_weight": 0.4938760697708293, "id": 10}, {"weight": 2, "random_weight": 0.5609957073622075, "id": 27}, {"weight": 1, "random_weight": 0.5079497291059498, "id": 32}], [{"weight": 4, "random_weight": 0.9973400319656412, "id": 2}, {"weight": 1, "random_weight": 0.8480984278603692, "id": 3}, {"weight": 2, "random_weight": 0.5389253698532136, "id": 14}, {"weight": 1, "random_weight": 0.06890620737968034, "id": 19}, {"weight": 1, "random_weight": 0.019129787151532907, "id": 30}, {"weight": 1, "random_weight": 0.9555705937556079, "id": 35}], [{"weight": 1, "random_weight": 0.43476957370272973, "id": 2}, {"weight": 2, "random_weight": 0.1825156243721775, "id": 21}, {"weight": 1, "random_weight": 0.8318636074233581, "id": 23}, {"weight": 1, "random_weight": 0.7145873667531895, "id": 28}, {"weight": 3, "random_weight": 0.510598926509187, "id": 29}, {"weight": 1, "random_weight": 0.17140059531660057, "id": 30}, {"weight": 1, "random_weight": 0.9555705937556079, "id": 34}]]}