{"directed": false, "multigraph": false, "graph": [], "nodes": [{"graph": null, "nnodes": 4, "nedges": 4, "density": 0.6666666666666666, "atomics": "[16, 17, 4, 5]", "group_pop": 4, "init_part_assignment": 3, "id": 0}, {"graph": null, "nnodes": 4, "nedges": 4, "density": 0.6666666666666666, "atomics": "[2, 3, 14, 15]", "group_pop": 4, "init_part_assignment": 3, "id": 1}, {"graph": null, "nnodes": 4, "nedges": 3, "density": 0.5, "atomics": "[88, 89, 90, 91]", "group_pop": 4, "init_part_assignment": 8, "id": 2}, {"graph": null, "nnodes": 4, "nedges": 4, "density": 0.6666666666666666, "atomics": "[65, 66, 77, 78]", "group_pop": 4, "init_part_assignment": 10, "id": 3}, {"graph": null, "nnodes": 4, "nedges": 4, "density": 0.6666666666666666, "atomics": "[8, 9, 20, 21]", "group_pop": 4, "init_part_assignment": 9, "id": 4}, {"graph": null, "nnodes": 4, "nedges": 4, "density": 0.6666666666666666, "atomics": "[18, 19, 6, 7]", "group_pop": 4, "init_part_assignment": 11, "id": 5}, {"graph": null, "nnodes": 4, "nedges": 3, "density": 0.5, "atomics": "[120, 121, 132, 108]", "group_pop": 4, "init_part_assignment": 4, "id": 6}, {"graph": null, "nnodes": 4, "nedges": 3, "density": 0.5, "atomics": "[123, 133, 134, 135]", "group_pop": 4, "init_part_assignment": 4, "id": 7}, {"graph": null, "nnodes": 4, "nedges": 3, "density": 0.5, "atomics": "[122, 109, 110, 98]", "group_pop": 4, "init_part_assignment": 2, "id": 8}, {"graph": null, "nnodes": 4, "nedges": 4, "density": 0.6666666666666666, "atomics": "[49, 50, 37, 38]", "group_pop": 4, "init_part_assignment": 7, "id": 9}, {"graph": null, "nnodes": 4, "nedges": 3, "density": 0.5, "atomics": "[51, 52, 53, 39]", "group_pop": 4, "init_part_assignment": 7, "id": 10}, {"graph": null, "nnodes": 4, "nedges": 3, "density": 0.5, "atomics": "[64, 76, 62, 63]", "group_pop": 4, "init_part_assignment": 7, "id": 11}, {"graph": null, "nnodes": 4, "nedges": 4, "density": 0.6666666666666666, "atomics": "[136, 137, 124, 125]", "group_pop": 4, "init_part_assignment": 4, "id": 12}, {"graph": null, "nnodes": 4, "nedges": 3, "density": 0.5, "atomics": "[138, 139, 126, 114]", "group_pop": 4, "init_part_assignment": 6, "id": 13}, {"graph": null, "nnodes": 4, "nedges": 4, "density": 0.6666666666666666, "atomics": "[129, 130, 141, 142]", "group_pop": 4, "init_part_assignment": 5, "id": 14}, {"graph": null, "nnodes": 4, "nedges": 3, "density": 0.5, "atomics": "[143, 131, 118, 119]", "group_pop": 4, "init_part_assignment": 5, "id": 15}, {"graph": null, "nnodes": 4, "nedges": 4, "density": 0.6666666666666666, "atomics": "[58, 59, 46, 47]", "group_pop": 4, "init_part_assignment": 0, "id": 16}, {"graph": null, "nnodes": 4, "nedges": 3, "density": 0.5, "atomics": "[40, 26, 27, 28]", "group_pop": 4, "init_part_assignment": 3, "id": 17}, {"graph": null, "nnodes": 4, "nedges": 3, "density": 0.5, "atomics": "[128, 115, 140, 127]", "group_pop": 4, "init_part_assignment": 8, "id": 18}, {"graph": null, "nnodes": 4, "nedges": 3, "density": 0.5, "atomics": "[24, 25, 48, 36]", "group_pop": 4, "init_part_assignment": 1, "id": 19}, {"graph": null, "nnodes": 4, "nedges": 4, "density": 0.6666666666666666, "atomics": "[0, 1, 12, 13]", "group_pop": 4, "init_part_assignment": 1, "id": 20}, {"graph": null, "nnodes": 4, "nedges": 3, "density": 0.5, "atomics": "[32, 33, 34, 22]", "group_pop": 4, "init_part_assignment": 9, "id": 21}, {"graph": null, "nnodes": 4, "nedges": 3, "density": 0.5, "atomics": "[41, 42, 29, 54]", "group_pop": 4, "init_part_assignment": 11, "id": 22}, {"graph": null, "nnodes": 4, "nedges": 3, "density": 0.5, "atomics": "[43, 31, 30, 55]", "group_pop": 4, "init_part_assignment": 11, "id": 23}, {"graph": null, "nnodes": 4, "nedges": 3, "density": 0.5, "atomics": "[11, 10, 35, 23]", "group_pop": 4, "init_part_assignment": 0, "id": 24}, {"graph": null, "nnodes": 4, "nedges": 4, "density": 0.6666666666666666, "atomics": "[56, 57, 44, 45]", "group_pop": 4, "init_part_assignment": 9, "id": 25}, {"graph": null, "nnodes": 4, "nedges": 4, "density": 0.6666666666666666, "atomics": "[72, 73, 60, 61]", "group_pop": 4, "init_part_assignment": 1, "id": 26}, {"graph": null, "nnodes": 4, "nedges": 4, "density": 0.6666666666666666, "atomics": "[96, 97, 84, 85]", "group_pop": 4, "init_part_assignment": 2, "id": 27}, {"graph": null, "nnodes": 4, "nedges": 3, "density": 0.5, "atomics": "[104, 116, 117, 92]", "group_pop": 4, "init_part_assignment": 8, "id": 28}, {"graph": null, "nnodes": 4, "nedges": 4, "density": 0.6666666666666666, "atomics": "[82, 83, 70, 71]", "group_pop": 4, "init_part_assignment": 0, "id": 29}, {"graph": null, "nnodes": 4, "nedges": 4, "density": 0.6666666666666666, "atomics": "[106, 107, 94, 95]", "group_pop": 4, "init_part_assignment": 5, "id": 30}, {"graph": null, "nnodes": 4, "nedges": 3, "density": 0.5, "atomics": "[81, 93, 69, 105]", "group_pop": 4, "init_part_assignment": 10, "id": 31}, {"graph": null, "nnodes": 4, "nedges": 4, "density": 0.6666666666666666, "atomics": "[74, 75, 86, 87]", "group_pop": 4, "init_part_assignment": 2, "id": 32}, {"graph": null, "nnodes": 4, "nedges": 4, "density": 0.6666666666666666, "atomics": "[80, 67, 68, 79]", "group_pop": 4, "init_part_assignment": 10, "id": 33}, {"graph": null, "nnodes": 4, "nedges": 3, "density": 0.5, "atomics": "[113, 101, 102, 103]", "group_pop": 4, "init_part_assignment": 6, "id": 34}, {"graph": null, "nnodes": 4, "nedges": 4, "density": 0.6666666666666666, "atomics": "[112, 99, 100, 111]", "group_pop": 4, "init_part_assignment": 6, "id": 35}], "adjacency": [[{"weight": 2, "random_weight": 0.6785890875673675, "id": 1}, {"weight": 2, "random_weight": 0.3359226884110401, "id": 5}, {"weight": 1, "random_weight": 0.7487080350516426, "id": 17}, {"weight": 1, "random_weight": 0.19592942944999658, "id": 22}], [{"weight": 2, "random_weight": 0.6785890875673675, "id": 0}, {"weight": 2, "random_weight": 0.7628645749240857, "id": 17}, {"weight": 2, "random_weight": 0.9299230460420777, "id": 20}], [{"weight": 2, "random_weight": 0.8863268291048884, "id": 3}, {"weight": 1, "random_weight": 0.6952773179713134, "id": 11}, {"weight": 1, "random_weight": 0.2481322194543707, "id": 28}, {"weight": 1, "random_weight": 0.7465397450383541, "id": 32}, {"weight": 1, "random_weight": 0.7051467449768187, "id": 33}, {"weight": 3, "random_weight": 0.9317977503808971, "id": 34}, {"weight": 1, "random_weight": 0.8581844037295752, "id": 35}], [{"weight": 2, "random_weight": 0.8863268291048884, "id": 2}, {"weight": 1, "random_weight": 0.6396919713150836, "id": 10}, {"weight": 2, "random_weight": 0.8809847546408007, "id": 11}, {"weight": 1, "random_weight": 0.8031934073842786, "id": 22}, {"weight": 2, "random_weight": 0.47021259013411254, "id": 33}], [{"weight": 2, "random_weight": 0.4988958359270378, "id": 5}, {"weight": 3, "random_weight": 0.09078158119458435, "id": 21}, {"weight": 1, "random_weight": 0.8101515289954934, "id": 24}], [{"weight": 2, "random_weight": 0.3359226884110401, "id": 0}, {"weight": 2, "random_weight": 0.4988958359270378, "id": 4}, {"weight": 2, "random_weight": 0.5701294638142823, "id": 23}], [{"weight": 2, "random_weight": 0.5411753089300521, "id": 7}, {"weight": 3, "random_weight": 0.5797816891622287, "id": 8}, {"weight": 1, "random_weight": 0.9121800659306483, "id": 27}], [{"weight": 2, "random_weight": 0.5411753089300521, "id": 6}, {"weight": 2, "random_weight": 0.7300327856522926, "id": 8}, {"weight": 2, "random_weight": 0.8861549621038286, "id": 12}, {"weight": 1, "random_weight": 0.9938061335022299, "id": 35}], [{"weight": 3, "random_weight": 0.5797816891622287, "id": 6}, {"weight": 2, "random_weight": 0.7300327856522926, "id": 7}, {"weight": 2, "random_weight": 0.44802977906441954, "id": 27}, {"weight": 1, "random_weight": 0.5759086482693202, "id": 32}, {"weight": 2, "random_weight": 0.5667692986370897, "id": 35}], [{"weight": 2, "random_weight": 0.7785109290460386, "id": 10}, {"weight": 1, "random_weight": 0.5887860798267741, "id": 11}, {"weight": 1, "random_weight": 0.9548305716587611, "id": 17}, {"weight": 3, "random_weight": 0.8681725700988702, "id": 19}, {"weight": 1, "random_weight": 0.7015807134155485, "id": 26}], [{"weight": 1, "random_weight": 0.6396919713150836, "id": 3}, {"weight": 2, "random_weight": 0.7785109290460386, "id": 9}, {"weight": 2, "random_weight": 0.2651648132939841, "id": 11}, {"weight": 3, "random_weight": 0.9332103362196305, "id": 17}, {"weight": 2, "random_weight": 0.07271736443272414, "id": 22}], [{"weight": 1, "random_weight": 0.6952773179713134, "id": 2}, {"weight": 2, "random_weight": 0.8809847546408007, "id": 3}, {"weight": 1, "random_weight": 0.5887860798267741, "id": 9}, {"weight": 2, "random_weight": 0.2651648132939841, "id": 10}, {"weight": 1, "random_weight": 0.6529768432521538, "id": 26}, {"weight": 3, "random_weight": 0.6027720304708828, "id": 32}], [{"weight": 2, "random_weight": 0.8861549621038286, "id": 7}, {"weight": 2, "random_weight": 0.829685887828211, "id": 13}, {"weight": 1, "random_weight": 0.02904743593964143, "id": 34}, {"weight": 1, "random_weight": 0.9959500576841215, "id": 35}], [{"weight": 2, "random_weight": 0.829685887828211, "id": 12}, {"weight": 4, "random_weight": 0.7825224107298893, "id": 18}, {"weight": 2, "random_weight": 0.4150238688702901, "id": 34}], [{"weight": 3, "random_weight": 0.10872670367520032, "id": 15}, {"weight": 2, "random_weight": 0.059222793249350425, "id": 18}, {"weight": 1, "random_weight": 0.6954752242991058, "id": 28}], [{"weight": 3, "random_weight": 0.10872670367520032, "id": 14}, {"weight": 1, "random_weight": 0.8994854433940882, "id": 28}, {"weight": 2, "random_weight": 0.5016477169779178, "id": 30}], [{"weight": 1, "random_weight": 0.6124901167035973, "id": 21}, {"weight": 1, "random_weight": 0.471496776697499, "id": 24}, {"weight": 2, "random_weight": 0.6992088522367772, "id": 25}, {"weight": 2, "random_weight": 0.39145132470222077, "id": 29}], [{"weight": 1, "random_weight": 0.7487080350516426, "id": 0}, {"weight": 2, "random_weight": 0.7628645749240857, "id": 1}, {"weight": 1, "random_weight": 0.9548305716587611, "id": 9}, {"weight": 3, "random_weight": 0.9332103362196305, "id": 10}, {"weight": 1, "random_weight": 0.1563701757132484, "id": 19}, {"weight": 2, "random_weight": 0.8949932284363297, "id": 22}], [{"weight": 4, "random_weight": 0.7825224107298893, "id": 13}, {"weight": 2, "random_weight": 0.059222793249350425, "id": 14}, {"weight": 2, "random_weight": 0.4859415685282611, "id": 28}, {"weight": 1, "random_weight": 0.9828163913350187, "id": 34}], [{"weight": 3, "random_weight": 0.8681725700988702, "id": 9}, {"weight": 1, "random_weight": 0.1563701757132484, "id": 17}, {"weight": 2, "random_weight": 0.20295251123734537, "id": 20}, {"weight": 1, "random_weight": 0.4407873969561482, "id": 26}], [{"weight": 2, "random_weight": 0.9299230460420777, "id": 1}, {"weight": 2, "random_weight": 0.20295251123734537, "id": 19}], [{"weight": 3, "random_weight": 0.09078158119458435, "id": 4}, {"weight": 1, "random_weight": 0.6124901167035973, "id": 16}, {"weight": 1, "random_weight": 0.30360195608491514, "id": 23}, {"weight": 3, "random_weight": 0.41456307187358166, "id": 24}, {"weight": 2, "random_weight": 0.18311200737055833, "id": 25}], [{"weight": 1, "random_weight": 0.19592942944999658, "id": 0}, {"weight": 1, "random_weight": 0.8031934073842786, "id": 3}, {"weight": 2, "random_weight": 0.07271736443272414, "id": 10}, {"weight": 2, "random_weight": 0.8949932284363297, "id": 17}, {"weight": 4, "random_weight": 0.536096124220845, "id": 23}], [{"weight": 2, "random_weight": 0.5701294638142823, "id": 5}, {"weight": 1, "random_weight": 0.30360195608491514, "id": 21}, {"weight": 4, "random_weight": 0.536096124220845, "id": 22}, {"weight": 2, "random_weight": 0.5466530673554535, "id": 25}, {"weight": 1, "random_weight": 0.9110357059502379, "id": 33}], [{"weight": 1, "random_weight": 0.8101515289954934, "id": 4}, {"weight": 1, "random_weight": 0.471496776697499, "id": 16}, {"weight": 3, "random_weight": 0.41456307187358166, "id": 21}], [{"weight": 2, "random_weight": 0.6992088522367772, "id": 16}, {"weight": 2, "random_weight": 0.18311200737055833, "id": 21}, {"weight": 2, "random_weight": 0.5466530673554535, "id": 23}, {"weight": 1, "random_weight": 0.26606258036710717, "id": 31}, {"weight": 1, "random_weight": 0.05899177710333858, "id": 33}], [{"weight": 1, "random_weight": 0.7015807134155485, "id": 9}, {"weight": 1, "random_weight": 0.6529768432521538, "id": 11}, {"weight": 1, "random_weight": 0.4407873969561482, "id": 19}, {"weight": 2, "random_weight": 0.836397514214289, "id": 27}, {"weight": 1, "random_weight": 0.7578540837313643, "id": 32}], [{"weight": 1, "random_weight": 0.9121800659306483, "id": 6}, {"weight": 2, "random_weight": 0.44802977906441954, "id": 8}, {"weight": 2, "random_weight": 0.836397514214289, "id": 26}, {"weight": 1, "random_weight": 0.24190613014473916, "id": 32}], [{"weight": 1, "random_weight": 0.2481322194543707, "id": 2}, {"weight": 1, "random_weight": 0.6954752242991058, "id": 14}, {"weight": 1, "random_weight": 0.8994854433940882, "id": 15}, {"weight": 2, "random_weight": 0.4859415685282611, "id": 18}, {"weight": 3, "random_weight": 0.5804950586770348, "id": 31}, {"weight": 1, "random_weight": 0.31673060563646194, "id": 33}, {"weight": 1, "random_weight": 0.9038757115825511, "id": 34}], [{"weight": 2, "random_weight": 0.39145132470222077, "id": 16}, {"weight": 2, "random_weight": 0.48139237022838954, "id": 30}, {"weight": 2, "random_weight": 0.7019324356179296, "id": 31}], [{"weight": 2, "random_weight": 0.5016477169779178, "id": 15}, {"weight": 2, "random_weight": 0.48139237022838954, "id": 29}, {"weight": 2, "random_weight": 0.99568919603231, "id": 31}], [{"weight": 1, "random_weight": 0.26606258036710717, "id": 25}, {"weight": 3, "random_weight": 0.5804950586770348, "id": 28}, {"weight": 2, "random_weight": 0.7019324356179296, "id": 29}, {"weight": 2, "random_weight": 0.99568919603231, "id": 30}, {"weight": 2, "random_weight": 0.8528605790033308, "id": 33}], [{"weight": 1, "random_weight": 0.7465397450383541, "id": 2}, {"weight": 1, "random_weight": 0.5759086482693202, "id": 8}, {"weight": 3, "random_weight": 0.6027720304708828, "id": 11}, {"weight": 1, "random_weight": 0.7578540837313643, "id": 26}, {"weight": 1, "random_weight": 0.24190613014473916, "id": 27}, {"weight": 1, "random_weight": 0.2710075520137565, "id": 35}], [{"weight": 1, "random_weight": 0.7051467449768187, "id": 2}, {"weight": 2, "random_weight": 0.47021259013411254, "id": 3}, {"weight": 1, "random_weight": 0.9110357059502379, "id": 23}, {"weight": 1, "random_weight": 0.05899177710333858, "id": 25}, {"weight": 1, "random_weight": 0.31673060563646194, "id": 28}, {"weight": 2, "random_weight": 0.8528605790033308, "id": 31}], [{"weight": 3, "random_weight": 0.9317977503808971, "id": 2}, {"weight": 1, "random_weight": 0.02904743593964143, "id": 12}, {"weight": 2, "random_weight": 0.4150238688702901, "id": 13}, {"weight": 1, "random_weight": 0.9828163913350187, "id": 18}, {"weight": 1, "random_weight": 0.9038757115825511, "id": 28}, {"weight": 2, "random_weight": 0.06247139854771888, "id": 35}], [{"weight": 1, "random_weight": 0.8581844037295752, "id": 2}, {"weight": 1, "random_weight": 0.9938061335022299, "id": 7}, {"weight": 2, "random_weight": 0.5667692986370897, "id": 8}, {"weight": 1, "random_weight": 0.9959500576841215, "id": 12}, {"weight": 1, "random_weight": 0.2710075520137565, "id": 32}, {"weight": 2, "random_weight": 0.06247139854771888, "id": 34}]]}