{"directed": false, "multigraph": false, "graph": [], "nodes": [{"graph": null, "nnodes": 4, "nedges": 3, "density": 0.5, "atomics": "[16, 40, 28, 4]", "group_pop": 4, "init_part_assignment": 0, "id": 0}, {"graph": null, "nnodes": 4, "nedges": 4, "density": 0.6666666666666666, "atomics": "[17, 18, 5, 6]", "group_pop": 4, "init_part_assignment": 0, "id": 1}, {"graph": null, "nnodes": 4, "nedges": 4, "density": 0.6666666666666666, "atomics": "[2, 3, 14, 15]", "group_pop": 4, "init_part_assignment": 3, "id": 2}, {"graph": null, "nnodes": 4, "nedges": 3, "density": 0.5, "atomics": "[88, 89, 90, 102]", "group_pop": 4, "init_part_assignment": 8, "id": 3}, {"graph": null, "nnodes": 4, "nedges": 4, "density": 0.6666666666666666, "atomics": "[65, 66, 77, 78]", "group_pop": 4, "init_part_assignment": 11, "id": 4}, {"graph": null, "nnodes": 4, "nedges": 3, "density": 0.5, "atomics": "[8, 9, 19, 7]", "group_pop": 4, "init_part_assignment": 4, "id": 5}, {"graph": null, "nnodes": 4, "nedges": 3, "density": 0.5, "atomics": "[10, 20, 21, 22]", "group_pop": 4, "init_part_assignment": 4, "id": 6}, {"graph": null, "nnodes": 4, "nedges": 4, "density": 0.6666666666666666, "atomics": "[120, 121, 132, 133]", "group_pop": 4, "init_part_assignment": 6, "id": 7}, {"graph": null, "nnodes": 4, "nedges": 3, "density": 0.5, "atomics": "[122, 134, 110, 111]", "group_pop": 4, "init_part_assignment": 7, "id": 8}, {"graph": null, "nnodes": 4, "nedges": 4, "density": 0.6666666666666666, "atomics": "[96, 97, 108, 109]", "group_pop": 4, "init_part_assignment": 6, "id": 9}, {"graph": null, "nnodes": 4, "nedges": 3, "density": 0.5, "atomics": "[50, 51, 52, 63]", "group_pop": 4, "init_part_assignment": 5, "id": 10}, {"graph": null, "nnodes": 4, "nedges": 3, "density": 0.5, "atomics": "[136, 137, 123, 135]", "group_pop": 4, "init_part_assignment": 7, "id": 11}, {"graph": null, "nnodes": 4, "nedges": 3, "density": 0.5, "atomics": "[138, 124, 125, 126]", "group_pop": 4, "init_part_assignment": 2, "id": 12}, {"graph": null, "nnodes": 4, "nedges": 4, "density": 0.6666666666666666, "atomics": "[130, 131, 142, 143]", "group_pop": 4, "init_part_assignment": 9, "id": 13}, {"graph": null, "nnodes": 4, "nedges": 3, "density": 0.5, "atomics": "[56, 57, 58, 45]", "group_pop": 4, "init_part_assignment": 10, "id": 14}, {"graph": null, "nnodes": 4, "nedges": 3, "density": 0.5, "atomics": "[59, 47, 46, 71]", "group_pop": 4, "init_part_assignment": 1, "id": 15}, {"graph": null, "nnodes": 4, "nedges": 3, "density": 0.5, "atomics": "[27, 37, 38, 39]", "group_pop": 4, "init_part_assignment": 5, "id": 16}, {"graph": null, "nnodes": 4, "nedges": 3, "density": 0.5, "atomics": "[128, 140, 139, 116]", "group_pop": 4, "init_part_assignment": 2, "id": 17}, {"graph": null, "nnodes": 4, "nedges": 3, "density": 0.5, "atomics": "[113, 114, 115, 127]", "group_pop": 4, "init_part_assignment": 2, "id": 18}, {"graph": null, "nnodes": 4, "nedges": 3, "density": 0.5, "atomics": "[24, 0, 12, 36]", "group_pop": 4, "init_part_assignment": 3, "id": 19}, {"graph": null, "nnodes": 4, "nedges": 3, "density": 0.5, "atomics": "[1, 26, 13, 25]", "group_pop": 4, "init_part_assignment": 3, "id": 20}, {"graph": null, "nnodes": 4, "nedges": 3, "density": 0.5, "atomics": "[32, 33, 44, 31]", "group_pop": 4, "init_part_assignment": 4, "id": 21}, {"graph": null, "nnodes": 4, "nedges": 4, "density": 0.6666666666666666, "atomics": "[41, 42, 29, 30]", "group_pop": 4, "init_part_assignment": 0, "id": 22}, {"graph": null, "nnodes": 4, "nedges": 3, "density": 0.5, "atomics": "[11, 34, 35, 23]", "group_pop": 4, "init_part_assignment": 1, "id": 23}, {"graph": null, "nnodes": 4, "nedges": 4, "density": 0.6666666666666666, "atomics": "[72, 73, 84, 85]", "group_pop": 4, "init_part_assignment": 6, "id": 24}, {"graph": null, "nnodes": 4, "nedges": 4, "density": 0.6666666666666666, "atomics": "[48, 49, 60, 61]", "group_pop": 4, "init_part_assignment": 5, "id": 25}, {"graph": null, "nnodes": 4, "nedges": 3, "density": 0.5, "atomics": "[129, 117, 118, 141]", "group_pop": 4, "init_part_assignment": 9, "id": 26}, {"graph": null, "nnodes": 4, "nedges": 4, "density": 0.6666666666666666, "atomics": "[82, 83, 94, 95]", "group_pop": 4, "init_part_assignment": 1, "id": 27}, {"graph": null, "nnodes": 4, "nedges": 3, "density": 0.5, "atomics": "[105, 106, 107, 119]", "group_pop": 4, "init_part_assignment": 9, "id": 28}, {"graph": null, "nnodes": 4, "nedges": 3, "density": 0.5, "atomics": "[43, 53, 54, 55]", "group_pop": 4, "init_part_assignment": 11, "id": 29}, {"graph": null, "nnodes": 4, "nedges": 3, "density": 0.5, "atomics": "[81, 93, 69, 70]", "group_pop": 4, "init_part_assignment": 10, "id": 30}, {"graph": null, "nnodes": 4, "nedges": 3, "density": 0.5, "atomics": "[86, 98, 74, 62]", "group_pop": 4, "init_part_assignment": 7, "id": 31}, {"graph": null, "nnodes": 4, "nedges": 3, "density": 0.5, "atomics": "[64, 75, 76, 87]", "group_pop": 4, "init_part_assignment": 11, "id": 32}, {"graph": null, "nnodes": 4, "nedges": 4, "density": 0.6666666666666666, "atomics": "[104, 91, 92, 103]", "group_pop": 4, "init_part_assignment": 8, "id": 33}, {"graph": null, "nnodes": 4, "nedges": 4, "density": 0.6666666666666666, "atomics": "[80, 67, 68, 79]", "group_pop": 4, "init_part_assignment": 10, "id": 34}, {"graph": null, "nnodes": 4, "nedges": 3, "density": 0.5, "atomics": "[112, 99, 100, 101]", "group_pop": 4, "init_part_assignment": 8, "id": 35}], "adjacency": [[{"weight": 2, "random_weight": 0.08822132362720048, "id": 1}, {"weight": 2, "random_weight": 0.08288289850746278, "id": 2}, {"weight": 1, "random_weight": 0.6796768591070352, "id": 10}, {"weight": 2, "random_weight": 0.4221479005258575, "id": 16}, {"weight": 2, "random_weight": 0.3275518565675266, "id": 22}], [{"weight": 2, "random_weight": 0.08822132362720048, "id": 0}, {"weight": 2, "random_weight": 0.8939725541567193, "id": 5}, {"weight": 2, "random_weight": 0.18740329221034246, "id": 22}], [{"weight": 2, "random_weight": 0.08288289850746278, "id": 0}, {"weight": 1, "random_weight": 0.22436951061137933, "id": 16}, {"weight": 3, "random_weight": 0.14176541411307553, "id": 20}], [{"weight": 2, "random_weight": 0.5635519515930749, "id": 4}, {"weight": 1, "random_weight": 0.1690599081131886, "id": 18}, {"weight": 2, "random_weight": 0.6119012866576478, "id": 32}, {"weight": 2, "random_weight": 0.38225916101763036, "id": 33}, {"weight": 3, "random_weight": 0.15670928384125182, "id": 35}], [{"weight": 2, "random_weight": 0.5635519515930749, "id": 3}, {"weight": 2, "random_weight": 0.6927929664504119, "id": 29}, {"weight": 2, "random_weight": 0.029603293597222247, "id": 32}, {"weight": 2, "random_weight": 0.7474636271853164, "id": 34}], [{"weight": 2, "random_weight": 0.8939725541567193, "id": 1}, {"weight": 4, "random_weight": 0.15673768862634152, "id": 6}, {"weight": 1, "random_weight": 0.39364645077090477, "id": 21}], [{"weight": 4, "random_weight": 0.15673768862634152, "id": 5}, {"weight": 2, "random_weight": 0.2799141335243649, "id": 21}, {"weight": 3, "random_weight": 0.8278401788037828, "id": 23}], [{"weight": 2, "random_weight": 0.016119362309011342, "id": 8}, {"weight": 2, "random_weight": 0.37793111067479745, "id": 9}], [{"weight": 2, "random_weight": 0.016119362309011342, "id": 7}, {"weight": 1, "random_weight": 0.8700719805356354, "id": 9}, {"weight": 3, "random_weight": 0.48509275497715054, "id": 11}, {"weight": 1, "random_weight": 0.07383163864416398, "id": 31}, {"weight": 2, "random_weight": 0.017422635603080883, "id": 35}], [{"weight": 2, "random_weight": 0.37793111067479745, "id": 7}, {"weight": 1, "random_weight": 0.8700719805356354, "id": 8}, {"weight": 2, "random_weight": 0.014710404527222942, "id": 24}, {"weight": 1, "random_weight": 0.7665373474391652, "id": 31}], [{"weight": 1, "random_weight": 0.6796768591070352, "id": 0}, {"weight": 2, "random_weight": 0.9810399519884947, "id": 16}, {"weight": 1, "random_weight": 0.1336713055611254, "id": 25}, {"weight": 1, "random_weight": 0.4801113354053683, "id": 29}, {"weight": 2, "random_weight": 0.6548549330399672, "id": 31}, {"weight": 3, "random_weight": 0.8598041915841753, "id": 32}], [{"weight": 3, "random_weight": 0.48509275497715054, "id": 8}, {"weight": 4, "random_weight": 0.6826842805184985, "id": 12}], [{"weight": 4, "random_weight": 0.6826842805184985, "id": 11}, {"weight": 1, "random_weight": 0.4900897298909146, "id": 17}, {"weight": 3, "random_weight": 0.7245795601374658, "id": 18}, {"weight": 1, "random_weight": 0.9731122857032002, "id": 35}], [{"weight": 3, "random_weight": 0.9473528387236642, "id": 26}, {"weight": 1, "random_weight": 0.5166589314446272, "id": 28}], [{"weight": 3, "random_weight": 0.37515359985191754, "id": 15}, {"weight": 3, "random_weight": 0.38736024288583815, "id": 21}, {"weight": 1, "random_weight": 0.9095504908671733, "id": 29}, {"weight": 2, "random_weight": 0.6318450411364401, "id": 30}, {"weight": 1, "random_weight": 0.9129028995621148, "id": 34}], [{"weight": 3, "random_weight": 0.37515359985191754, "id": 14}, {"weight": 2, "random_weight": 0.5579947845470288, "id": 23}, {"weight": 1, "random_weight": 0.04591239266949443, "id": 27}, {"weight": 1, "random_weight": 0.29827566864335764, "id": 30}], [{"weight": 2, "random_weight": 0.4221479005258575, "id": 0}, {"weight": 1, "random_weight": 0.22436951061137933, "id": 2}, {"weight": 2, "random_weight": 0.9810399519884947, "id": 10}, {"weight": 1, "random_weight": 0.48773570091569274, "id": 19}, {"weight": 3, "random_weight": 0.6236488831111563, "id": 20}, {"weight": 1, "random_weight": 0.6855825200497682, "id": 25}], [{"weight": 1, "random_weight": 0.4900897298909146, "id": 12}, {"weight": 3, "random_weight": 0.24040929365675823, "id": 18}, {"weight": 3, "random_weight": 0.7159683713679839, "id": 26}, {"weight": 1, "random_weight": 0.5906040190477515, "id": 33}], [{"weight": 1, "random_weight": 0.1690599081131886, "id": 3}, {"weight": 3, "random_weight": 0.7245795601374658, "id": 12}, {"weight": 3, "random_weight": 0.24040929365675823, "id": 17}, {"weight": 1, "random_weight": 0.5025485133263595, "id": 33}, {"weight": 2, "random_weight": 0.8751280626847825, "id": 35}], [{"weight": 1, "random_weight": 0.48773570091569274, "id": 16}, {"weight": 3, "random_weight": 0.0736857208408036, "id": 20}, {"weight": 1, "random_weight": 0.9457919729289317, "id": 25}], [{"weight": 3, "random_weight": 0.14176541411307553, "id": 2}, {"weight": 3, "random_weight": 0.6236488831111563, "id": 16}, {"weight": 3, "random_weight": 0.0736857208408036, "id": 19}], [{"weight": 1, "random_weight": 0.39364645077090477, "id": 5}, {"weight": 2, "random_weight": 0.2799141335243649, "id": 6}, {"weight": 3, "random_weight": 0.38736024288583815, "id": 14}, {"weight": 1, "random_weight": 0.9388434069817492, "id": 22}, {"weight": 1, "random_weight": 0.7820203892279061, "id": 23}, {"weight": 2, "random_weight": 0.9937162696757399, "id": 29}], [{"weight": 2, "random_weight": 0.3275518565675266, "id": 0}, {"weight": 2, "random_weight": 0.18740329221034246, "id": 1}, {"weight": 1, "random_weight": 0.9388434069817492, "id": 21}, {"weight": 3, "random_weight": 0.8889391164207168, "id": 29}], [{"weight": 3, "random_weight": 0.8278401788037828, "id": 6}, {"weight": 2, "random_weight": 0.5579947845470288, "id": 15}, {"weight": 1, "random_weight": 0.7820203892279061, "id": 21}], [{"weight": 2, "random_weight": 0.014710404527222942, "id": 9}, {"weight": 2, "random_weight": 0.5153710435293787, "id": 25}, {"weight": 2, "random_weight": 0.6357691199347437, "id": 31}], [{"weight": 1, "random_weight": 0.1336713055611254, "id": 10}, {"weight": 1, "random_weight": 0.6855825200497682, "id": 16}, {"weight": 1, "random_weight": 0.9457919729289317, "id": 19}, {"weight": 2, "random_weight": 0.5153710435293787, "id": 24}, {"weight": 1, "random_weight": 0.12528778540005314, "id": 31}], [{"weight": 3, "random_weight": 0.9473528387236642, "id": 13}, {"weight": 3, "random_weight": 0.7159683713679839, "id": 17}, {"weight": 3, "random_weight": 0.8628469419743563, "id": 28}], [{"weight": 1, "random_weight": 0.04591239266949443, "id": 15}, {"weight": 2, "random_weight": 0.002827589887112847, "id": 28}, {"weight": 3, "random_weight": 0.9297367842290529, "id": 30}], [{"weight": 1, "random_weight": 0.5166589314446272, "id": 13}, {"weight": 3, "random_weight": 0.8628469419743563, "id": 26}, {"weight": 2, "random_weight": 0.002827589887112847, "id": 27}, {"weight": 1, "random_weight": 0.9280527134931316, "id": 30}, {"weight": 1, "random_weight": 0.46644386930392956, "id": 33}], [{"weight": 2, "random_weight": 0.6927929664504119, "id": 4}, {"weight": 1, "random_weight": 0.4801113354053683, "id": 10}, {"weight": 1, "random_weight": 0.9095504908671733, "id": 14}, {"weight": 2, "random_weight": 0.9937162696757399, "id": 21}, {"weight": 3, "random_weight": 0.8889391164207168, "id": 22}, {"weight": 1, "random_weight": 0.08529326544508631, "id": 34}], [{"weight": 2, "random_weight": 0.6318450411364401, "id": 14}, {"weight": 1, "random_weight": 0.29827566864335764, "id": 15}, {"weight": 3, "random_weight": 0.9297367842290529, "id": 27}, {"weight": 1, "random_weight": 0.9280527134931316, "id": 28}, {"weight": 1, "random_weight": 0.8772312869541293, "id": 33}, {"weight": 2, "random_weight": 0.7194087976789387, "id": 34}], [{"weight": 1, "random_weight": 0.07383163864416398, "id": 8}, {"weight": 1, "random_weight": 0.7665373474391652, "id": 9}, {"weight": 2, "random_weight": 0.6548549330399672, "id": 10}, {"weight": 2, "random_weight": 0.6357691199347437, "id": 24}, {"weight": 1, "random_weight": 0.12528778540005314, "id": 25}, {"weight": 2, "random_weight": 0.3269806702713639, "id": 32}, {"weight": 1, "random_weight": 0.9380040904838065, "id": 35}], [{"weight": 2, "random_weight": 0.6119012866576478, "id": 3}, {"weight": 2, "random_weight": 0.029603293597222247, "id": 4}, {"weight": 3, "random_weight": 0.8598041915841753, "id": 10}, {"weight": 2, "random_weight": 0.3269806702713639, "id": 31}, {"weight": 1, "random_weight": 0.9382845521773728, "id": 35}], [{"weight": 2, "random_weight": 0.38225916101763036, "id": 3}, {"weight": 1, "random_weight": 0.5906040190477515, "id": 17}, {"weight": 1, "random_weight": 0.5025485133263595, "id": 18}, {"weight": 1, "random_weight": 0.46644386930392956, "id": 28}, {"weight": 1, "random_weight": 0.8772312869541293, "id": 30}, {"weight": 2, "random_weight": 0.8404524705068493, "id": 34}], [{"weight": 2, "random_weight": 0.7474636271853164, "id": 4}, {"weight": 1, "random_weight": 0.9129028995621148, "id": 14}, {"weight": 1, "random_weight": 0.08529326544508631, "id": 29}, {"weight": 2, "random_weight": 0.7194087976789387, "id": 30}, {"weight": 2, "random_weight": 0.8404524705068493, "id": 33}], [{"weight": 3, "random_weight": 0.15670928384125182, "id": 3}, {"weight": 2, "random_weight": 0.017422635603080883, "id": 8}, {"weight": 1, "random_weight": 0.9731122857032002, "id": 12}, {"weight": 2, "random_weight": 0.8751280626847825, "id": 18}, {"weight": 1, "random_weight": 0.9380040904838065, "id": 31}, {"weight": 1, "random_weight": 0.9382845521773728, "id": 32}]]}