{"directed": false, "multigraph": false, "graph": [], "nodes": [{"graph": null, "nnodes": 4, "nedges": 3, "density": 0.5, "atomics": "[16, 17, 40, 28]", "group_pop": 4, "init_part_assignment": 6, "id": 0}, {"graph": null, "nnodes": 4, "nedges": 3, "density": 0.5, "atomics": "[18, 4, 5, 6]", "group_pop": 4, "init_part_assignment": 0, "id": 1}, {"graph": null, "nnodes": 4, "nedges": 4, "density": 0.6666666666666666, "atomics": "[2, 3, 14, 15]", "group_pop": 4, "init_part_assignment": 5, "id": 2}, {"graph": null, "nnodes": 4, "nedges": 4, "density": 0.6666666666666666, "atomics": "[88, 89, 76, 77]", "group_pop": 4, "init_part_assignment": 10, "id": 3}, {"graph": null, "nnodes": 4, "nedges": 3, "density": 0.5, "atomics": "[90, 91, 92, 102]", "group_pop": 4, "init_part_assignment": 11, "id": 4}, {"graph": null, "nnodes": 4, "nedges": 3, "density": 0.5, "atomics": "[78, 66, 54, 55]", "group_pop": 4, "init_part_assignment": 11, "id": 5}, {"graph": null, "nnodes": 4, "nedges": 4, "density": 0.6666666666666666, "atomics": "[8, 19, 20, 7]", "group_pop": 4, "init_part_assignment": 0, "id": 6}, {"graph": null, "nnodes": 4, "nedges": 3, "density": 0.5, "atomics": "[9, 34, 21, 33]", "group_pop": 4, "init_part_assignment": 1, "id": 7}, {"graph": null, "nnodes": 4, "nedges": 4, "density": 0.6666666666666666, "atomics": "[120, 121, 132, 133]", "group_pop": 4, "init_part_assignment": 9, "id": 8}, {"graph": null, "nnodes": 4, "nedges": 4, "density": 0.6666666666666666, "atomics": "[122, 123, 134, 135]", "group_pop": 4, "init_part_assignment": 9, "id": 9}, {"graph": null, "nnodes": 4, "nedges": 3, "density": 0.5, "atomics": "[96, 108, 109, 84]", "group_pop": 4, "init_part_assignment": 8, "id": 10}, {"graph": null, "nnodes": 4, "nedges": 4, "density": 0.6666666666666666, "atomics": "[98, 99, 110, 111]", "group_pop": 4, "init_part_assignment": 9, "id": 11}, {"graph": null, "nnodes": 4, "nedges": 3, "density": 0.5, "atomics": "[48, 49, 50, 38]", "group_pop": 4, "init_part_assignment": 4, "id": 12}, {"graph": null, "nnodes": 4, "nedges": 3, "density": 0.5, "atomics": "[51, 26, 27, 39]", "group_pop": 4, "init_part_assignment": 5, "id": 13}, {"graph": null, "nnodes": 4, "nedges": 4, "density": 0.6666666666666666, "atomics": "[64, 65, 52, 53]", "group_pop": 4, "init_part_assignment": 6, "id": 14}, {"graph": null, "nnodes": 4, "nedges": 3, "density": 0.5, "atomics": "[75, 61, 62, 63]", "group_pop": 4, "init_part_assignment": 4, "id": 15}, {"graph": null, "nnodes": 4, "nedges": 3, "density": 0.5, "atomics": "[136, 124, 112, 125]", "group_pop": 4, "init_part_assignment": 3, "id": 16}, {"graph": null, "nnodes": 4, "nedges": 3, "density": 0.5, "atomics": "[137, 138, 126, 127]", "group_pop": 4, "init_part_assignment": 3, "id": 17}, {"graph": null, "nnodes": 4, "nedges": 3, "density": 0.5, "atomics": "[129, 130, 142, 143]", "group_pop": 4, "init_part_assignment": 2, "id": 18}, {"graph": null, "nnodes": 4, "nedges": 3, "density": 0.5, "atomics": "[106, 131, 118, 119]", "group_pop": 4, "init_part_assignment": 2, "id": 19}, {"graph": null, "nnodes": 4, "nedges": 3, "density": 0.5, "atomics": "[56, 57, 58, 59]", "group_pop": 4, "init_part_assignment": 7, "id": 20}, {"graph": null, "nnodes": 4, "nedges": 3, "density": 0.5, "atomics": "[35, 45, 46, 47]", "group_pop": 4, "init_part_assignment": 1, "id": 21}, {"graph": null, "nnodes": 4, "nedges": 3, "density": 0.5, "atomics": "[128, 139, 140, 141]", "group_pop": 4, "init_part_assignment": 3, "id": 22}, {"graph": null, "nnodes": 4, "nedges": 4, "density": 0.6666666666666666, "atomics": "[24, 25, 36, 37]", "group_pop": 4, "init_part_assignment": 4, "id": 23}, {"graph": null, "nnodes": 4, "nedges": 4, "density": 0.6666666666666666, "atomics": "[0, 1, 12, 13]", "group_pop": 4, "init_part_assignment": 5, "id": 24}, {"graph": null, "nnodes": 4, "nedges": 3, "density": 0.5, "atomics": "[32, 29, 30, 31]", "group_pop": 4, "init_part_assignment": 0, "id": 25}, {"graph": null, "nnodes": 4, "nedges": 3, "density": 0.5, "atomics": "[41, 42, 43, 44]", "group_pop": 4, "init_part_assignment": 6, "id": 26}, {"graph": null, "nnodes": 4, "nedges": 4, "density": 0.6666666666666666, "atomics": "[10, 11, 22, 23]", "group_pop": 4, "init_part_assignment": 1, "id": 27}, {"graph": null, "nnodes": 4, "nedges": 3, "density": 0.5, "atomics": "[72, 73, 74, 60]", "group_pop": 4, "init_part_assignment": 8, "id": 28}, {"graph": null, "nnodes": 4, "nedges": 3, "density": 0.5, "atomics": "[105, 117, 93, 94]", "group_pop": 4, "init_part_assignment": 2, "id": 29}, {"graph": null, "nnodes": 4, "nedges": 3, "density": 0.5, "atomics": "[83, 107, 95, 71]", "group_pop": 4, "init_part_assignment": 7, "id": 30}, {"graph": null, "nnodes": 4, "nedges": 4, "density": 0.6666666666666666, "atomics": "[81, 82, 69, 70]", "group_pop": 4, "init_part_assignment": 7, "id": 31}, {"graph": null, "nnodes": 4, "nedges": 3, "density": 0.5, "atomics": "[97, 85, 86, 87]", "group_pop": 4, "init_part_assignment": 8, "id": 32}, {"graph": null, "nnodes": 4, "nedges": 4, "density": 0.6666666666666666, "atomics": "[80, 67, 68, 79]", "group_pop": 4, "init_part_assignment": 11, "id": 33}, {"graph": null, "nnodes": 4, "nedges": 4, "density": 0.6666666666666666, "atomics": "[104, 115, 116, 103]", "group_pop": 4, "init_part_assignment": 10, "id": 34}, {"graph": null, "nnodes": 4, "nedges": 3, "density": 0.5, "atomics": "[113, 114, 100, 101]", "group_pop": 4, "init_part_assignment": 10, "id": 35}], "adjacency": [[{"weight": 3, "random_weight": 0.42853658161908137, "id": 1}, {"weight": 1, "random_weight": 0.8634419458149124, "id": 2}, {"weight": 2, "random_weight": 0.31513451752724086, "id": 13}, {"weight": 1, "random_weight": 0.003466759647429929, "id": 14}, {"weight": 2, "random_weight": 0.9300673535585766, "id": 25}, {"weight": 1, "random_weight": 0.2649032091282516, "id": 26}], [{"weight": 3, "random_weight": 0.42853658161908137, "id": 0}, {"weight": 1, "random_weight": 0.7485549121049028, "id": 2}, {"weight": 2, "random_weight": 0.009195012935295233, "id": 6}, {"weight": 1, "random_weight": 0.3985703574386561, "id": 25}], [{"weight": 1, "random_weight": 0.8634419458149124, "id": 0}, {"weight": 1, "random_weight": 0.7485549121049028, "id": 1}, {"weight": 2, "random_weight": 0.2853213364828584, "id": 13}, {"weight": 2, "random_weight": 0.36700062373700115, "id": 24}], [{"weight": 1, "random_weight": 0.9298383421238609, "id": 4}, {"weight": 1, "random_weight": 0.9264139597728323, "id": 5}, {"weight": 2, "random_weight": 0.7941283356869049, "id": 14}, {"weight": 1, "random_weight": 0.7628483264687792, "id": 15}, {"weight": 1, "random_weight": 0.638488940608384, "id": 32}, {"weight": 2, "random_weight": 0.372620561565818, "id": 35}], [{"weight": 1, "random_weight": 0.9298383421238609, "id": 3}, {"weight": 1, "random_weight": 0.9159389405679292, "id": 5}, {"weight": 1, "random_weight": 0.8203208661060052, "id": 29}, {"weight": 2, "random_weight": 0.6448563402003359, "id": 33}, {"weight": 3, "random_weight": 0.5140849393817475, "id": 34}, {"weight": 2, "random_weight": 0.47311707870871256, "id": 35}], [{"weight": 1, "random_weight": 0.9264139597728323, "id": 3}, {"weight": 1, "random_weight": 0.9159389405679292, "id": 4}, {"weight": 2, "random_weight": 0.8281699732752125, "id": 14}, {"weight": 1, "random_weight": 0.9614095229318919, "id": 20}, {"weight": 2, "random_weight": 0.02977126000838326, "id": 26}, {"weight": 3, "random_weight": 0.6829991484003438, "id": 33}], [{"weight": 2, "random_weight": 0.009195012935295233, "id": 1}, {"weight": 2, "random_weight": 0.43247846529249023, "id": 7}, {"weight": 2, "random_weight": 0.4897410138670094, "id": 25}], [{"weight": 2, "random_weight": 0.43247846529249023, "id": 6}, {"weight": 3, "random_weight": 0.2791097858346404, "id": 21}, {"weight": 1, "random_weight": 0.9981658352095345, "id": 25}, {"weight": 3, "random_weight": 0.8456189836628963, "id": 27}], [{"weight": 2, "random_weight": 0.8276001433354435, "id": 9}, {"weight": 2, "random_weight": 0.7321621362049319, "id": 10}], [{"weight": 2, "random_weight": 0.8276001433354435, "id": 8}, {"weight": 2, "random_weight": 0.23286175131550513, "id": 11}, {"weight": 2, "random_weight": 0.8563382832327362, "id": 16}], [{"weight": 2, "random_weight": 0.7321621362049319, "id": 8}, {"weight": 1, "random_weight": 0.691822415980717, "id": 11}, {"weight": 1, "random_weight": 0.7127020304165141, "id": 28}, {"weight": 3, "random_weight": 0.5973479165879095, "id": 32}], [{"weight": 2, "random_weight": 0.23286175131550513, "id": 9}, {"weight": 1, "random_weight": 0.691822415980717, "id": 10}, {"weight": 1, "random_weight": 0.9337487888035166, "id": 16}, {"weight": 3, "random_weight": 0.36508374772472807, "id": 32}, {"weight": 1, "random_weight": 0.3201118753328619, "id": 35}], [{"weight": 3, "random_weight": 0.8327787465907156, "id": 13}, {"weight": 2, "random_weight": 0.2661828561479236, "id": 15}, {"weight": 3, "random_weight": 0.07397265456287172, "id": 23}, {"weight": 1, "random_weight": 0.8609797071431504, "id": 28}], [{"weight": 2, "random_weight": 0.31513451752724086, "id": 0}, {"weight": 2, "random_weight": 0.2853213364828584, "id": 2}, {"weight": 3, "random_weight": 0.8327787465907156, "id": 12}, {"weight": 1, "random_weight": 0.7188127642324275, "id": 14}, {"weight": 1, "random_weight": 0.33133691517332364, "id": 15}, {"weight": 1, "random_weight": 0.9546328726095374, "id": 23}], [{"weight": 1, "random_weight": 0.003466759647429929, "id": 0}, {"weight": 2, "random_weight": 0.7941283356869049, "id": 3}, {"weight": 2, "random_weight": 0.8281699732752125, "id": 5}, {"weight": 1, "random_weight": 0.7188127642324275, "id": 13}, {"weight": 1, "random_weight": 0.9617928525421965, "id": 15}, {"weight": 1, "random_weight": 0.4761406811170781, "id": 26}], [{"weight": 1, "random_weight": 0.7628483264687792, "id": 3}, {"weight": 2, "random_weight": 0.2661828561479236, "id": 12}, {"weight": 1, "random_weight": 0.33133691517332364, "id": 13}, {"weight": 1, "random_weight": 0.9617928525421965, "id": 14}, {"weight": 4, "random_weight": 0.07907726074332999, "id": 28}, {"weight": 1, "random_weight": 0.7710793891439992, "id": 32}], [{"weight": 2, "random_weight": 0.8563382832327362, "id": 9}, {"weight": 1, "random_weight": 0.9337487888035166, "id": 11}, {"weight": 3, "random_weight": 0.5612621203445145, "id": 17}, {"weight": 3, "random_weight": 0.8213851648828928, "id": 35}], [{"weight": 3, "random_weight": 0.5612621203445145, "id": 16}, {"weight": 3, "random_weight": 0.285581031837324, "id": 22}, {"weight": 1, "random_weight": 0.6812122969120733, "id": 34}, {"weight": 1, "random_weight": 0.8012092951544149, "id": 35}], [{"weight": 3, "random_weight": 0.382341687099927, "id": 19}, {"weight": 3, "random_weight": 0.8953686840667009, "id": 22}, {"weight": 1, "random_weight": 0.7789060248456044, "id": 29}], [{"weight": 3, "random_weight": 0.382341687099927, "id": 18}, {"weight": 3, "random_weight": 0.29432175943705907, "id": 29}, {"weight": 2, "random_weight": 0.17636109899515529, "id": 30}], [{"weight": 1, "random_weight": 0.9614095229318919, "id": 5}, {"weight": 3, "random_weight": 0.7979949891351705, "id": 21}, {"weight": 1, "random_weight": 0.765971337300884, "id": 26}, {"weight": 1, "random_weight": 0.6693404393740908, "id": 30}, {"weight": 2, "random_weight": 0.39528229547641514, "id": 31}, {"weight": 1, "random_weight": 0.7650988169921117, "id": 33}], [{"weight": 3, "random_weight": 0.2791097858346404, "id": 7}, {"weight": 3, "random_weight": 0.7979949891351705, "id": 20}, {"weight": 1, "random_weight": 0.8372175045623873, "id": 26}, {"weight": 1, "random_weight": 0.07171393844272667, "id": 27}], [{"weight": 3, "random_weight": 0.285581031837324, "id": 17}, {"weight": 3, "random_weight": 0.8953686840667009, "id": 18}, {"weight": 1, "random_weight": 0.3998558115589428, "id": 34}], [{"weight": 3, "random_weight": 0.07397265456287172, "id": 12}, {"weight": 1, "random_weight": 0.9546328726095374, "id": 13}, {"weight": 2, "random_weight": 0.7725107926147541, "id": 24}], [{"weight": 2, "random_weight": 0.36700062373700115, "id": 2}, {"weight": 2, "random_weight": 0.7725107926147541, "id": 23}], [{"weight": 2, "random_weight": 0.9300673535585766, "id": 0}, {"weight": 1, "random_weight": 0.3985703574386561, "id": 1}, {"weight": 2, "random_weight": 0.4897410138670094, "id": 6}, {"weight": 1, "random_weight": 0.9981658352095345, "id": 7}, {"weight": 4, "random_weight": 0.6537859532138683, "id": 26}], [{"weight": 1, "random_weight": 0.2649032091282516, "id": 0}, {"weight": 2, "random_weight": 0.02977126000838326, "id": 5}, {"weight": 1, "random_weight": 0.4761406811170781, "id": 14}, {"weight": 1, "random_weight": 0.765971337300884, "id": 20}, {"weight": 1, "random_weight": 0.8372175045623873, "id": 21}, {"weight": 4, "random_weight": 0.6537859532138683, "id": 25}], [{"weight": 3, "random_weight": 0.8456189836628963, "id": 7}, {"weight": 1, "random_weight": 0.07171393844272667, "id": 21}], [{"weight": 1, "random_weight": 0.7127020304165141, "id": 10}, {"weight": 1, "random_weight": 0.8609797071431504, "id": 12}, {"weight": 4, "random_weight": 0.07907726074332999, "id": 15}, {"weight": 2, "random_weight": 0.536367447834671, "id": 32}], [{"weight": 1, "random_weight": 0.8203208661060052, "id": 4}, {"weight": 1, "random_weight": 0.7789060248456044, "id": 18}, {"weight": 3, "random_weight": 0.29432175943705907, "id": 19}, {"weight": 1, "random_weight": 0.9771156886356167, "id": 30}, {"weight": 2, "random_weight": 0.7050407199488711, "id": 31}, {"weight": 2, "random_weight": 0.7623932863404129, "id": 34}], [{"weight": 2, "random_weight": 0.17636109899515529, "id": 19}, {"weight": 1, "random_weight": 0.6693404393740908, "id": 20}, {"weight": 1, "random_weight": 0.9771156886356167, "id": 29}, {"weight": 2, "random_weight": 0.09246249037401877, "id": 31}], [{"weight": 2, "random_weight": 0.39528229547641514, "id": 20}, {"weight": 2, "random_weight": 0.7050407199488711, "id": 29}, {"weight": 2, "random_weight": 0.09246249037401877, "id": 30}, {"weight": 2, "random_weight": 0.01140712235633834, "id": 33}], [{"weight": 1, "random_weight": 0.638488940608384, "id": 3}, {"weight": 3, "random_weight": 0.5973479165879095, "id": 10}, {"weight": 3, "random_weight": 0.36508374772472807, "id": 11}, {"weight": 1, "random_weight": 0.7710793891439992, "id": 15}, {"weight": 2, "random_weight": 0.536367447834671, "id": 28}], [{"weight": 2, "random_weight": 0.6448563402003359, "id": 4}, {"weight": 3, "random_weight": 0.6829991484003438, "id": 5}, {"weight": 1, "random_weight": 0.7650988169921117, "id": 20}, {"weight": 2, "random_weight": 0.01140712235633834, "id": 31}], [{"weight": 3, "random_weight": 0.5140849393817475, "id": 4}, {"weight": 1, "random_weight": 0.6812122969120733, "id": 17}, {"weight": 1, "random_weight": 0.3998558115589428, "id": 22}, {"weight": 2, "random_weight": 0.7623932863404129, "id": 29}, {"weight": 1, "random_weight": 0.3475439217320979, "id": 35}], [{"weight": 2, "random_weight": 0.372620561565818, "id": 3}, {"weight": 2, "random_weight": 0.47311707870871256, "id": 4}, {"weight": 1, "random_weight": 0.3201118753328619, "id": 11}, {"weight": 3, "random_weight": 0.8213851648828928, "id": 16}, {"weight": 1, "random_weight": 0.8012092951544149, "id": 17}, {"weight": 1, "random_weight": 0.3475439217320979, "id": 34}]]}