{"directed": false, "multigraph": false, "graph": [], "nodes": [{"graph": null, "nnodes": 4, "nedges": 3, "density": 0.5, "atomics": "[16, 4, 5, 6]", "group_pop": 4, "init_part_assignment": 3, "id": 0}, {"graph": null, "nnodes": 4, "nedges": 3, "density": 0.5, "atomics": "[17, 18, 19, 20]", "group_pop": 4, "init_part_assignment": 7, "id": 1}, {"graph": null, "nnodes": 4, "nedges": 3, "density": 0.5, "atomics": "[27, 15, 38, 39]", "group_pop": 4, "init_part_assignment": 2, "id": 2}, {"graph": null, "nnodes": 4, "nedges": 3, "density": 0.5, "atomics": "[88, 89, 90, 102]", "group_pop": 4, "init_part_assignment": 8, "id": 3}, {"graph": null, "nnodes": 4, "nedges": 3, "density": 0.5, "atomics": "[74, 75, 76, 77]", "group_pop": 4, "init_part_assignment": 8, "id": 4}, {"graph": null, "nnodes": 4, "nedges": 3, "density": 0.5, "atomics": "[78, 66, 54, 79]", "group_pop": 4, "init_part_assignment": 9, "id": 5}, {"graph": null, "nnodes": 4, "nedges": 3, "density": 0.5, "atomics": "[8, 9, 21, 7]", "group_pop": 4, "init_part_assignment": 3, "id": 6}, {"graph": null, "nnodes": 4, "nedges": 3, "density": 0.5, "atomics": "[120, 121, 108, 96]", "group_pop": 4, "init_part_assignment": 4, "id": 7}, {"graph": null, "nnodes": 4, "nedges": 3, "density": 0.5, "atomics": "[122, 132, 133, 134]", "group_pop": 4, "init_part_assignment": 6, "id": 8}, {"graph": null, "nnodes": 4, "nedges": 3, "density": 0.5, "atomics": "[97, 109, 110, 111]", "group_pop": 4, "init_part_assignment": 6, "id": 9}, {"graph": null, "nnodes": 4, "nedges": 3, "density": 0.5, "atomics": "[50, 51, 52, 53]", "group_pop": 4, "init_part_assignment": 2, "id": 10}, {"graph": null, "nnodes": 4, "nedges": 3, "density": 0.5, "atomics": "[64, 65, 62, 63]", "group_pop": 4, "init_part_assignment": 9, "id": 11}, {"graph": null, "nnodes": 4, "nedges": 4, "density": 0.6666666666666666, "atomics": "[136, 123, 124, 135]", "group_pop": 4, "init_part_assignment": 6, "id": 12}, {"graph": null, "nnodes": 4, "nedges": 4, "density": 0.6666666666666666, "atomics": "[137, 138, 125, 126]", "group_pop": 4, "init_part_assignment": 10, "id": 13}, {"graph": null, "nnodes": 4, "nedges": 4, "density": 0.6666666666666666, "atomics": "[130, 131, 142, 143]", "group_pop": 4, "init_part_assignment": 1, "id": 14}, {"graph": null, "nnodes": 4, "nedges": 3, "density": 0.5, "atomics": "[57, 58, 68, 69]", "group_pop": 4, "init_part_assignment": 5, "id": 15}, {"graph": null, "nnodes": 4, "nedges": 3, "density": 0.5, "atomics": "[59, 34, 35, 47]", "group_pop": 4, "init_part_assignment": 5, "id": 16}, {"graph": null, "nnodes": 4, "nedges": 3, "density": 0.5, "atomics": "[32, 33, 45, 46]", "group_pop": 4, "init_part_assignment": 5, "id": 17}, {"graph": null, "nnodes": 4, "nedges": 4, "density": 0.6666666666666666, "atomics": "[40, 41, 28, 29]", "group_pop": 4, "init_part_assignment": 7, "id": 18}, {"graph": null, "nnodes": 4, "nedges": 4, "density": 0.6666666666666666, "atomics": "[128, 139, 140, 127]", "group_pop": 4, "init_part_assignment": 10, "id": 19}, {"graph": null, "nnodes": 4, "nedges": 4, "density": 0.6666666666666666, "atomics": "[24, 25, 36, 37]", "group_pop": 4, "init_part_assignment": 0, "id": 20}, {"graph": null, "nnodes": 4, "nedges": 3, "density": 0.5, "atomics": "[0, 1, 2, 3]", "group_pop": 4, "init_part_assignment": 2, "id": 21}, {"graph": null, "nnodes": 4, "nedges": 3, "density": 0.5, "atomics": "[26, 12, 13, 14]", "group_pop": 4, "init_part_assignment": 0, "id": 22}, {"graph": null, "nnodes": 4, "nedges": 4, "density": 0.6666666666666666, "atomics": "[42, 43, 30, 31]", "group_pop": 4, "init_part_assignment": 7, "id": 23}, {"graph": null, "nnodes": 4, "nedges": 4, "density": 0.6666666666666666, "atomics": "[10, 11, 22, 23]", "group_pop": 4, "init_part_assignment": 3, "id": 24}, {"graph": null, "nnodes": 4, "nedges": 4, "density": 0.6666666666666666, "atomics": "[72, 73, 84, 85]", "group_pop": 4, "init_part_assignment": 4, "id": 25}, {"graph": null, "nnodes": 4, "nedges": 4, "density": 0.6666666666666666, "atomics": "[48, 49, 60, 61]", "group_pop": 4, "init_part_assignment": 0, "id": 26}, {"graph": null, "nnodes": 4, "nedges": 3, "density": 0.5, "atomics": "[129, 117, 141, 105]", "group_pop": 4, "init_part_assignment": 11, "id": 27}, {"graph": null, "nnodes": 4, "nedges": 4, "density": 0.6666666666666666, "atomics": "[106, 107, 118, 119]", "group_pop": 4, "init_part_assignment": 1, "id": 28}, {"graph": null, "nnodes": 4, "nedges": 3, "density": 0.5, "atomics": "[83, 95, 94, 71]", "group_pop": 4, "init_part_assignment": 1, "id": 29}, {"graph": null, "nnodes": 4, "nedges": 3, "density": 0.5, "atomics": "[56, 67, 44, 55]", "group_pop": 4, "init_part_assignment": 9, "id": 30}, {"graph": null, "nnodes": 4, "nedges": 3, "density": 0.5, "atomics": "[81, 82, 93, 70]", "group_pop": 4, "init_part_assignment": 11, "id": 31}, {"graph": null, "nnodes": 4, "nedges": 4, "density": 0.6666666666666666, "atomics": "[98, 99, 86, 87]", "group_pop": 4, "init_part_assignment": 4, "id": 32}, {"graph": null, "nnodes": 4, "nedges": 3, "density": 0.5, "atomics": "[91, 114, 115, 103]", "group_pop": 4, "init_part_assignment": 10, "id": 33}, {"graph": null, "nnodes": 4, "nedges": 3, "density": 0.5, "atomics": "[80, 116, 104, 92]", "group_pop": 4, "init_part_assignment": 11, "id": 34}, {"graph": null, "nnodes": 4, "nedges": 4, "density": 0.6666666666666666, "atomics": "[112, 113, 100, 101]", "group_pop": 4, "init_part_assignment": 8, "id": 35}], "adjacency": [[{"weight": 3, "random_weight": 0.6101909159522338, "id": 1}, {"weight": 1, "random_weight": 0.7623226218117918, "id": 2}, {"weight": 1, "random_weight": 0.5461605688772252, "id": 6}, {"weight": 1, "random_weight": 0.8277972469637602, "id": 18}, {"weight": 1, "random_weight": 0.5602185226516772, "id": 21}], [{"weight": 3, "random_weight": 0.6101909159522338, "id": 0}, {"weight": 3, "random_weight": 0.6865079445548908, "id": 6}, {"weight": 1, "random_weight": 0.9336668539777951, "id": 17}, {"weight": 1, "random_weight": 0.904984042333108, "id": 18}, {"weight": 2, "random_weight": 0.8333514935066411, "id": 23}], [{"weight": 1, "random_weight": 0.7623226218117918, "id": 0}, {"weight": 2, "random_weight": 0.28564669027503964, "id": 10}, {"weight": 2, "random_weight": 0.47967159880350885, "id": 18}, {"weight": 1, "random_weight": 0.1378601595081862, "id": 20}, {"weight": 1, "random_weight": 0.5569758679295239, "id": 21}, {"weight": 3, "random_weight": 0.9497384731235536, "id": 22}], [{"weight": 2, "random_weight": 0.44393075798131076, "id": 4}, {"weight": 1, "random_weight": 0.02661761743633706, "id": 5}, {"weight": 1, "random_weight": 0.8158559238004954, "id": 32}, {"weight": 3, "random_weight": 0.8036137393814353, "id": 33}, {"weight": 3, "random_weight": 0.04020306056877454, "id": 35}], [{"weight": 2, "random_weight": 0.44393075798131076, "id": 3}, {"weight": 1, "random_weight": 0.7547502277166703, "id": 5}, {"weight": 4, "random_weight": 0.6461301135113824, "id": 11}, {"weight": 1, "random_weight": 0.5132309484100371, "id": 25}, {"weight": 2, "random_weight": 0.5675087096585677, "id": 32}], [{"weight": 1, "random_weight": 0.02661761743633706, "id": 3}, {"weight": 1, "random_weight": 0.7547502277166703, "id": 4}, {"weight": 1, "random_weight": 0.6779226192977684, "id": 10}, {"weight": 1, "random_weight": 0.25300052945742135, "id": 11}, {"weight": 1, "random_weight": 0.8840083109034877, "id": 23}, {"weight": 3, "random_weight": 0.6436550298265727, "id": 30}, {"weight": 1, "random_weight": 0.8296690707298554, "id": 33}, {"weight": 1, "random_weight": 0.6465357239969721, "id": 34}], [{"weight": 1, "random_weight": 0.5461605688772252, "id": 0}, {"weight": 3, "random_weight": 0.6865079445548908, "id": 1}, {"weight": 1, "random_weight": 0.698352572780474, "id": 17}, {"weight": 2, "random_weight": 0.16038334118433473, "id": 24}], [{"weight": 3, "random_weight": 0.3001111715528638, "id": 8}, {"weight": 3, "random_weight": 0.7997118163924741, "id": 9}, {"weight": 1, "random_weight": 0.05988075198960363, "id": 25}], [{"weight": 3, "random_weight": 0.3001111715528638, "id": 7}, {"weight": 1, "random_weight": 0.25755804445909913, "id": 9}, {"weight": 2, "random_weight": 0.2961390274174571, "id": 12}], [{"weight": 3, "random_weight": 0.7997118163924741, "id": 7}, {"weight": 1, "random_weight": 0.25755804445909913, "id": 8}, {"weight": 1, "random_weight": 0.7838835062548881, "id": 12}, {"weight": 1, "random_weight": 0.36233275369588946, "id": 25}, {"weight": 3, "random_weight": 0.6586615803022803, "id": 32}, {"weight": 1, "random_weight": 0.47955743524530303, "id": 35}], [{"weight": 2, "random_weight": 0.28564669027503964, "id": 2}, {"weight": 1, "random_weight": 0.6779226192977684, "id": 5}, {"weight": 4, "random_weight": 0.38626067050297563, "id": 11}, {"weight": 2, "random_weight": 0.8972384792696682, "id": 18}, {"weight": 1, "random_weight": 0.8951342601728357, "id": 26}], [{"weight": 4, "random_weight": 0.6461301135113824, "id": 4}, {"weight": 1, "random_weight": 0.25300052945742135, "id": 5}, {"weight": 4, "random_weight": 0.38626067050297563, "id": 10}, {"weight": 1, "random_weight": 0.9493166433015524, "id": 26}], [{"weight": 2, "random_weight": 0.2961390274174571, "id": 8}, {"weight": 1, "random_weight": 0.7838835062548881, "id": 9}, {"weight": 2, "random_weight": 0.9821737357319247, "id": 13}, {"weight": 1, "random_weight": 0.7836115128184445, "id": 35}], [{"weight": 2, "random_weight": 0.9821737357319247, "id": 12}, {"weight": 2, "random_weight": 0.9769040126322543, "id": 19}, {"weight": 1, "random_weight": 0.5501827936223814, "id": 33}, {"weight": 1, "random_weight": 0.7738473985255322, "id": 35}], [{"weight": 2, "random_weight": 0.7175505851003804, "id": 27}, {"weight": 2, "random_weight": 0.671404576923146, "id": 28}], [{"weight": 1, "random_weight": 0.37122469342018616, "id": 16}, {"weight": 2, "random_weight": 0.4901927619285338, "id": 17}, {"weight": 3, "random_weight": 0.9369879979248956, "id": 30}, {"weight": 3, "random_weight": 0.6276064304966681, "id": 31}, {"weight": 1, "random_weight": 0.9492812539945367, "id": 34}], [{"weight": 1, "random_weight": 0.37122469342018616, "id": 15}, {"weight": 3, "random_weight": 0.8882627051978169, "id": 17}, {"weight": 2, "random_weight": 0.5988492107804652, "id": 24}, {"weight": 1, "random_weight": 0.8584454403554458, "id": 29}], [{"weight": 1, "random_weight": 0.9336668539777951, "id": 1}, {"weight": 1, "random_weight": 0.698352572780474, "id": 6}, {"weight": 2, "random_weight": 0.4901927619285338, "id": 15}, {"weight": 3, "random_weight": 0.8882627051978169, "id": 16}, {"weight": 1, "random_weight": 0.5053156564872094, "id": 23}, {"weight": 2, "random_weight": 0.017064371085730223, "id": 30}], [{"weight": 1, "random_weight": 0.8277972469637602, "id": 0}, {"weight": 1, "random_weight": 0.904984042333108, "id": 1}, {"weight": 2, "random_weight": 0.47967159880350885, "id": 2}, {"weight": 2, "random_weight": 0.8972384792696682, "id": 10}, {"weight": 2, "random_weight": 0.5257924698580348, "id": 23}], [{"weight": 2, "random_weight": 0.9769040126322543, "id": 13}, {"weight": 2, "random_weight": 0.9172232798159159, "id": 27}, {"weight": 1, "random_weight": 0.11532359937836645, "id": 33}, {"weight": 1, "random_weight": 0.5623286903440442, "id": 34}], [{"weight": 1, "random_weight": 0.1378601595081862, "id": 2}, {"weight": 3, "random_weight": 0.08587837442133128, "id": 22}, {"weight": 2, "random_weight": 0.2771526600126555, "id": 26}], [{"weight": 1, "random_weight": 0.5602185226516772, "id": 0}, {"weight": 1, "random_weight": 0.5569758679295239, "id": 2}, {"weight": 3, "random_weight": 0.7329678470621858, "id": 22}], [{"weight": 3, "random_weight": 0.9497384731235536, "id": 2}, {"weight": 3, "random_weight": 0.08587837442133128, "id": 20}, {"weight": 3, "random_weight": 0.7329678470621858, "id": 21}], [{"weight": 2, "random_weight": 0.8333514935066411, "id": 1}, {"weight": 1, "random_weight": 0.8840083109034877, "id": 5}, {"weight": 1, "random_weight": 0.5053156564872094, "id": 17}, {"weight": 2, "random_weight": 0.5257924698580348, "id": 18}, {"weight": 2, "random_weight": 0.5216502754647807, "id": 30}], [{"weight": 2, "random_weight": 0.16038334118433473, "id": 6}, {"weight": 2, "random_weight": 0.5988492107804652, "id": 16}], [{"weight": 1, "random_weight": 0.5132309484100371, "id": 4}, {"weight": 1, "random_weight": 0.05988075198960363, "id": 7}, {"weight": 1, "random_weight": 0.36233275369588946, "id": 9}, {"weight": 2, "random_weight": 0.7905203431779226, "id": 26}, {"weight": 1, "random_weight": 0.04857263797086353, "id": 32}], [{"weight": 1, "random_weight": 0.8951342601728357, "id": 10}, {"weight": 1, "random_weight": 0.9493166433015524, "id": 11}, {"weight": 2, "random_weight": 0.2771526600126555, "id": 20}, {"weight": 2, "random_weight": 0.7905203431779226, "id": 25}], [{"weight": 2, "random_weight": 0.7175505851003804, "id": 14}, {"weight": 2, "random_weight": 0.9172232798159159, "id": 19}, {"weight": 2, "random_weight": 0.5004053970886676, "id": 28}, {"weight": 1, "random_weight": 0.2073751650625406, "id": 31}, {"weight": 2, "random_weight": 0.3427618411789495, "id": 34}], [{"weight": 2, "random_weight": 0.671404576923146, "id": 14}, {"weight": 2, "random_weight": 0.5004053970886676, "id": 27}, {"weight": 2, "random_weight": 0.10259685727827783, "id": 29}], [{"weight": 1, "random_weight": 0.8584454403554458, "id": 16}, {"weight": 2, "random_weight": 0.10259685727827783, "id": 28}, {"weight": 4, "random_weight": 0.6760069609353727, "id": 31}], [{"weight": 3, "random_weight": 0.6436550298265727, "id": 5}, {"weight": 3, "random_weight": 0.9369879979248956, "id": 15}, {"weight": 2, "random_weight": 0.017064371085730223, "id": 17}, {"weight": 2, "random_weight": 0.5216502754647807, "id": 23}], [{"weight": 3, "random_weight": 0.6276064304966681, "id": 15}, {"weight": 1, "random_weight": 0.2073751650625406, "id": 27}, {"weight": 4, "random_weight": 0.6760069609353727, "id": 29}, {"weight": 2, "random_weight": 0.20392404535631958, "id": 34}], [{"weight": 1, "random_weight": 0.8158559238004954, "id": 3}, {"weight": 2, "random_weight": 0.5675087096585677, "id": 4}, {"weight": 3, "random_weight": 0.6586615803022803, "id": 9}, {"weight": 1, "random_weight": 0.04857263797086353, "id": 25}, {"weight": 1, "random_weight": 0.46312567307715413, "id": 35}], [{"weight": 3, "random_weight": 0.8036137393814353, "id": 3}, {"weight": 1, "random_weight": 0.8296690707298554, "id": 5}, {"weight": 1, "random_weight": 0.5501827936223814, "id": 13}, {"weight": 1, "random_weight": 0.11532359937836645, "id": 19}, {"weight": 3, "random_weight": 0.8705138570775521, "id": 34}, {"weight": 1, "random_weight": 0.7660627570527437, "id": 35}], [{"weight": 1, "random_weight": 0.6465357239969721, "id": 5}, {"weight": 1, "random_weight": 0.9492812539945367, "id": 15}, {"weight": 1, "random_weight": 0.5623286903440442, "id": 19}, {"weight": 2, "random_weight": 0.3427618411789495, "id": 27}, {"weight": 2, "random_weight": 0.20392404535631958, "id": 31}, {"weight": 3, "random_weight": 0.8705138570775521, "id": 33}], [{"weight": 3, "random_weight": 0.04020306056877454, "id": 3}, {"weight": 1, "random_weight": 0.47955743524530303, "id": 9}, {"weight": 1, "random_weight": 0.7836115128184445, "id": 12}, {"weight": 1, "random_weight": 0.7738473985255322, "id": 13}, {"weight": 1, "random_weight": 0.46312567307715413, "id": 32}, {"weight": 1, "random_weight": 0.7660627570527437, "id": 33}]]}