{"directed": false, "multigraph": false, "graph": [], "nodes": [{"graph": null, "nnodes": 4, "nedges": 4, "density": 0.6666666666666666, "atomics": "[16, 27, 28, 15]", "group_pop": 4, "init_part_assignment": 1, "id": 0}, {"graph": null, "nnodes": 4, "nedges": 4, "density": 0.6666666666666666, "atomics": "[17, 18, 29, 30]", "group_pop": 4, "init_part_assignment": 6, "id": 1}, {"graph": null, "nnodes": 4, "nedges": 3, "density": 0.5, "atomics": "[3, 4, 5, 6]", "group_pop": 4, "init_part_assignment": 1, "id": 2}, {"graph": null, "nnodes": 4, "nedges": 3, "density": 0.5, "atomics": "[89, 75, 76, 77]", "group_pop": 4, "init_part_assignment": 9, "id": 3}, {"graph": null, "nnodes": 4, "nedges": 3, "density": 0.5, "atomics": "[78, 90, 101, 102]", "group_pop": 4, "init_part_assignment": 7, "id": 4}, {"graph": null, "nnodes": 4, "nedges": 4, "density": 0.6666666666666666, "atomics": "[8, 19, 20, 7]", "group_pop": 4, "init_part_assignment": 1, "id": 5}, {"graph": null, "nnodes": 4, "nedges": 3, "density": 0.5, "atomics": "[9, 34, 21, 33]", "group_pop": 4, "init_part_assignment": 2, "id": 6}, {"graph": null, "nnodes": 4, "nedges": 4, "density": 0.6666666666666666, "atomics": "[121, 122, 133, 134]", "group_pop": 4, "init_part_assignment": 5, "id": 7}, {"graph": null, "nnodes": 4, "nedges": 3, "density": 0.5, "atomics": "[120, 132, 108, 96]", "group_pop": 4, "init_part_assignment": 5, "id": 8}, {"graph": null, "nnodes": 4, "nedges": 4, "density": 0.6666666666666666, "atomics": "[97, 98, 109, 110]", "group_pop": 4, "init_part_assignment": 5, "id": 9}, {"graph": null, "nnodes": 4, "nedges": 4, "density": 0.6666666666666666, "atomics": "[49, 50, 61, 62]", "group_pop": 4, "init_part_assignment": 8, "id": 10}, {"graph": null, "nnodes": 4, "nedges": 4, "density": 0.6666666666666666, "atomics": "[64, 51, 52, 63]", "group_pop": 4, "init_part_assignment": 8, "id": 11}, {"graph": null, "nnodes": 4, "nedges": 3, "density": 0.5, "atomics": "[136, 137, 123, 135]", "group_pop": 4, "init_part_assignment": 11, "id": 12}, {"graph": null, "nnodes": 4, "nedges": 3, "density": 0.5, "atomics": "[113, 138, 126, 114]", "group_pop": 4, "init_part_assignment": 10, "id": 13}, {"graph": null, "nnodes": 4, "nedges": 4, "density": 0.6666666666666666, "atomics": "[130, 131, 142, 143]", "group_pop": 4, "init_part_assignment": 0, "id": 14}, {"graph": null, "nnodes": 4, "nedges": 3, "density": 0.5, "atomics": "[56, 57, 58, 44]", "group_pop": 4, "init_part_assignment": 3, "id": 15}, {"graph": null, "nnodes": 4, "nedges": 3, "density": 0.5, "atomics": "[59, 83, 95, 71]", "group_pop": 4, "init_part_assignment": 3, "id": 16}, {"graph": null, "nnodes": 4, "nedges": 3, "density": 0.5, "atomics": "[35, 45, 46, 47]", "group_pop": 4, "init_part_assignment": 2, "id": 17}, {"graph": null, "nnodes": 4, "nedges": 3, "density": 0.5, "atomics": "[40, 41, 42, 39]", "group_pop": 4, "init_part_assignment": 6, "id": 18}, {"graph": null, "nnodes": 4, "nedges": 3, "density": 0.5, "atomics": "[112, 124, 100, 125]", "group_pop": 4, "init_part_assignment": 11, "id": 19}, {"graph": null, "nnodes": 4, "nedges": 4, "density": 0.6666666666666666, "atomics": "[128, 139, 140, 127]", "group_pop": 4, "init_part_assignment": 10, "id": 20}, {"graph": null, "nnodes": 4, "nedges": 4, "density": 0.6666666666666666, "atomics": "[24, 25, 36, 37]", "group_pop": 4, "init_part_assignment": 4, "id": 21}, {"graph": null, "nnodes": 4, "nedges": 4, "density": 0.6666666666666666, "atomics": "[0, 1, 12, 13]", "group_pop": 4, "init_part_assignment": 4, "id": 22}, {"graph": null, "nnodes": 4, "nedges": 3, "density": 0.5, "atomics": "[32, 43, 31, 55]", "group_pop": 4, "init_part_assignment": 6, "id": 23}, {"graph": null, "nnodes": 4, "nedges": 4, "density": 0.6666666666666666, "atomics": "[10, 11, 22, 23]", "group_pop": 4, "init_part_assignment": 2, "id": 24}, {"graph": null, "nnodes": 4, "nedges": 3, "density": 0.5, "atomics": "[72, 48, 84, 60]", "group_pop": 4, "init_part_assignment": 8, "id": 25}, {"graph": null, "nnodes": 4, "nedges": 3, "density": 0.5, "atomics": "[129, 117, 141, 105]", "group_pop": 4, "init_part_assignment": 0, "id": 26}, {"graph": null, "nnodes": 4, "nedges": 4, "density": 0.6666666666666666, "atomics": "[106, 107, 118, 119]", "group_pop": 4, "init_part_assignment": 0, "id": 27}, {"graph": null, "nnodes": 4, "nedges": 3, "density": 0.5, "atomics": "[80, 81, 82, 94]", "group_pop": 4, "init_part_assignment": 7, "id": 28}, {"graph": null, "nnodes": 4, "nedges": 3, "density": 0.5, "atomics": "[2, 26, 38, 14]", "group_pop": 4, "init_part_assignment": 4, "id": 29}, {"graph": null, "nnodes": 4, "nedges": 3, "density": 0.5, "atomics": "[104, 116, 93, 92]", "group_pop": 4, "init_part_assignment": 10, "id": 30}, {"graph": null, "nnodes": 4, "nedges": 3, "density": 0.5, "atomics": "[67, 68, 69, 70]", "group_pop": 4, "init_part_assignment": 3, "id": 31}, {"graph": null, "nnodes": 4, "nedges": 4, "density": 0.6666666666666666, "atomics": "[65, 66, 53, 54]", "group_pop": 4, "init_part_assignment": 9, "id": 32}, {"graph": null, "nnodes": 4, "nedges": 4, "density": 0.6666666666666666, "atomics": "[73, 74, 85, 86]", "group_pop": 4, "init_part_assignment": 9, "id": 33}, {"graph": null, "nnodes": 4, "nedges": 3, "density": 0.5, "atomics": "[91, 115, 103, 79]", "group_pop": 4, "init_part_assignment": 7, "id": 34}, {"graph": null, "nnodes": 4, "nedges": 3, "density": 0.5, "atomics": "[88, 99, 87, 111]", "group_pop": 4, "init_part_assignment": 11, "id": 35}], "adjacency": [[{"weight": 2, "random_weight": 0.6949551585438265, "id": 1}, {"weight": 2, "random_weight": 0.3891660486919072, "id": 2}, {"weight": 2, "random_weight": 0.9269252748785851, "id": 18}, {"weight": 2, "random_weight": 0.7551394898589296, "id": 29}], [{"weight": 2, "random_weight": 0.6949551585438265, "id": 0}, {"weight": 2, "random_weight": 0.9053654308591375, "id": 2}, {"weight": 1, "random_weight": 0.7011886591174961, "id": 5}, {"weight": 2, "random_weight": 0.9636997108260795, "id": 18}, {"weight": 1, "random_weight": 0.8618422273913754, "id": 23}], [{"weight": 2, "random_weight": 0.3891660486919072, "id": 0}, {"weight": 2, "random_weight": 0.9053654308591375, "id": 1}, {"weight": 1, "random_weight": 0.29682697006709235, "id": 5}, {"weight": 1, "random_weight": 0.8203840044256818, "id": 29}], [{"weight": 3, "random_weight": 0.059554294182838974, "id": 4}, {"weight": 2, "random_weight": 0.9865680040206247, "id": 11}, {"weight": 1, "random_weight": 0.7992514712525474, "id": 32}, {"weight": 1, "random_weight": 0.37742091414672296, "id": 33}, {"weight": 3, "random_weight": 0.6406229499429438, "id": 35}], [{"weight": 3, "random_weight": 0.059554294182838974, "id": 3}, {"weight": 2, "random_weight": 0.5426463085684001, "id": 13}, {"weight": 1, "random_weight": 0.4435827553648194, "id": 19}, {"weight": 1, "random_weight": 0.2323845736228901, "id": 32}, {"weight": 3, "random_weight": 0.052693963930117604, "id": 34}], [{"weight": 1, "random_weight": 0.7011886591174961, "id": 1}, {"weight": 1, "random_weight": 0.29682697006709235, "id": 2}, {"weight": 2, "random_weight": 0.34184896489818606, "id": 6}, {"weight": 2, "random_weight": 0.5124206683783749, "id": 23}], [{"weight": 2, "random_weight": 0.34184896489818606, "id": 5}, {"weight": 3, "random_weight": 0.004096844903269781, "id": 17}, {"weight": 1, "random_weight": 0.41959443377231465, "id": 23}, {"weight": 3, "random_weight": 0.07706355677229215, "id": 24}], [{"weight": 2, "random_weight": 0.5979853684643134, "id": 8}, {"weight": 2, "random_weight": 0.13808677856477702, "id": 9}, {"weight": 2, "random_weight": 0.07770847283923354, "id": 12}], [{"weight": 2, "random_weight": 0.5979853684643134, "id": 7}, {"weight": 2, "random_weight": 0.11277586376154669, "id": 9}, {"weight": 1, "random_weight": 0.9773252352651026, "id": 25}], [{"weight": 2, "random_weight": 0.13808677856477702, "id": 7}, {"weight": 2, "random_weight": 0.11277586376154669, "id": 8}, {"weight": 2, "random_weight": 0.47594516906954687, "id": 33}, {"weight": 2, "random_weight": 0.5113656441517822, "id": 35}], [{"weight": 2, "random_weight": 0.5512987496079625, "id": 11}, {"weight": 1, "random_weight": 0.9529375890377686, "id": 21}, {"weight": 2, "random_weight": 0.4674582813757243, "id": 25}, {"weight": 1, "random_weight": 0.686980880681614, "id": 29}, {"weight": 2, "random_weight": 0.4090353296952485, "id": 33}], [{"weight": 2, "random_weight": 0.9865680040206247, "id": 3}, {"weight": 2, "random_weight": 0.5512987496079625, "id": 10}, {"weight": 2, "random_weight": 2.821449091006123e-05, "id": 18}, {"weight": 2, "random_weight": 0.9051506929920089, "id": 32}], [{"weight": 2, "random_weight": 0.07770847283923354, "id": 7}, {"weight": 1, "random_weight": 0.9474118511527653, "id": 13}, {"weight": 3, "random_weight": 0.6722598620068566, "id": 19}, {"weight": 1, "random_weight": 0.29929603737452637, "id": 35}], [{"weight": 2, "random_weight": 0.5426463085684001, "id": 4}, {"weight": 1, "random_weight": 0.9474118511527653, "id": 12}, {"weight": 3, "random_weight": 0.26200308383869475, "id": 19}, {"weight": 2, "random_weight": 0.5622073761642, "id": 20}, {"weight": 1, "random_weight": 0.7433437832297412, "id": 34}], [{"weight": 2, "random_weight": 0.9671884359644807, "id": 26}, {"weight": 2, "random_weight": 0.07764372617967508, "id": 27}], [{"weight": 1, "random_weight": 0.12895354822042504, "id": 16}, {"weight": 3, "random_weight": 0.04105680336359985, "id": 17}, {"weight": 3, "random_weight": 0.9728513733622898, "id": 23}, {"weight": 3, "random_weight": 0.9873262084362472, "id": 31}], [{"weight": 1, "random_weight": 0.12895354822042504, "id": 15}, {"weight": 1, "random_weight": 0.8797741155483386, "id": 17}, {"weight": 1, "random_weight": 0.884601493354202, "id": 27}, {"weight": 2, "random_weight": 0.27045735700477014, "id": 28}, {"weight": 1, "random_weight": 0.23702148211015894, "id": 31}], [{"weight": 3, "random_weight": 0.004096844903269781, "id": 6}, {"weight": 3, "random_weight": 0.04105680336359985, "id": 15}, {"weight": 1, "random_weight": 0.8797741155483386, "id": 16}, {"weight": 1, "random_weight": 0.6297466474044205, "id": 24}], [{"weight": 2, "random_weight": 0.9269252748785851, "id": 0}, {"weight": 2, "random_weight": 0.9636997108260795, "id": 1}, {"weight": 2, "random_weight": 2.821449091006123e-05, "id": 11}, {"weight": 1, "random_weight": 0.5185624079879282, "id": 23}, {"weight": 1, "random_weight": 0.528493852697099, "id": 29}, {"weight": 2, "random_weight": 0.6878680214048685, "id": 32}], [{"weight": 1, "random_weight": 0.4435827553648194, "id": 4}, {"weight": 3, "random_weight": 0.6722598620068566, "id": 12}, {"weight": 3, "random_weight": 0.26200308383869475, "id": 13}, {"weight": 3, "random_weight": 0.9812184525250653, "id": 35}], [{"weight": 2, "random_weight": 0.5622073761642, "id": 13}, {"weight": 2, "random_weight": 0.0635895324572755, "id": 26}, {"weight": 1, "random_weight": 0.7875689747017167, "id": 30}, {"weight": 1, "random_weight": 0.6811561208100295, "id": 34}], [{"weight": 1, "random_weight": 0.9529375890377686, "id": 10}, {"weight": 2, "random_weight": 0.48837884692668854, "id": 22}, {"weight": 1, "random_weight": 0.8286461350891896, "id": 25}, {"weight": 2, "random_weight": 0.08458006528551698, "id": 29}], [{"weight": 2, "random_weight": 0.48837884692668854, "id": 21}, {"weight": 2, "random_weight": 0.2170726568718555, "id": 29}], [{"weight": 1, "random_weight": 0.8618422273913754, "id": 1}, {"weight": 2, "random_weight": 0.5124206683783749, "id": 5}, {"weight": 1, "random_weight": 0.41959443377231465, "id": 6}, {"weight": 3, "random_weight": 0.9728513733622898, "id": 15}, {"weight": 1, "random_weight": 0.5185624079879282, "id": 18}, {"weight": 1, "random_weight": 0.31060332593099804, "id": 31}, {"weight": 1, "random_weight": 0.8459943147979953, "id": 32}], [{"weight": 3, "random_weight": 0.07706355677229215, "id": 6}, {"weight": 1, "random_weight": 0.6297466474044205, "id": 17}], [{"weight": 1, "random_weight": 0.9773252352651026, "id": 8}, {"weight": 2, "random_weight": 0.4674582813757243, "id": 10}, {"weight": 1, "random_weight": 0.8286461350891896, "id": 21}, {"weight": 2, "random_weight": 0.7659884072241164, "id": 33}], [{"weight": 2, "random_weight": 0.9671884359644807, "id": 14}, {"weight": 2, "random_weight": 0.0635895324572755, "id": 20}, {"weight": 2, "random_weight": 0.46078892975269903, "id": 27}, {"weight": 3, "random_weight": 0.7594841002731328, "id": 30}], [{"weight": 2, "random_weight": 0.07764372617967508, "id": 14}, {"weight": 1, "random_weight": 0.884601493354202, "id": 16}, {"weight": 2, "random_weight": 0.46078892975269903, "id": 26}, {"weight": 1, "random_weight": 0.7622564453517526, "id": 28}], [{"weight": 2, "random_weight": 0.27045735700477014, "id": 16}, {"weight": 1, "random_weight": 0.7622564453517526, "id": 27}, {"weight": 3, "random_weight": 0.8253724013566727, "id": 30}, {"weight": 3, "random_weight": 0.14787987135378877, "id": 31}, {"weight": 1, "random_weight": 0.33968188584785053, "id": 34}], [{"weight": 2, "random_weight": 0.7551394898589296, "id": 0}, {"weight": 1, "random_weight": 0.8203840044256818, "id": 2}, {"weight": 1, "random_weight": 0.686980880681614, "id": 10}, {"weight": 1, "random_weight": 0.528493852697099, "id": 18}, {"weight": 2, "random_weight": 0.08458006528551698, "id": 21}, {"weight": 2, "random_weight": 0.2170726568718555, "id": 22}], [{"weight": 1, "random_weight": 0.7875689747017167, "id": 20}, {"weight": 3, "random_weight": 0.7594841002731328, "id": 26}, {"weight": 3, "random_weight": 0.8253724013566727, "id": 28}, {"weight": 3, "random_weight": 0.8654134243148587, "id": 34}], [{"weight": 3, "random_weight": 0.9873262084362472, "id": 15}, {"weight": 1, "random_weight": 0.23702148211015894, "id": 16}, {"weight": 1, "random_weight": 0.31060332593099804, "id": 23}, {"weight": 3, "random_weight": 0.14787987135378877, "id": 28}, {"weight": 1, "random_weight": 0.4746646646225111, "id": 32}, {"weight": 1, "random_weight": 0.4905034413468199, "id": 34}], [{"weight": 1, "random_weight": 0.7992514712525474, "id": 3}, {"weight": 1, "random_weight": 0.2323845736228901, "id": 4}, {"weight": 2, "random_weight": 0.9051506929920089, "id": 11}, {"weight": 2, "random_weight": 0.6878680214048685, "id": 18}, {"weight": 1, "random_weight": 0.8459943147979953, "id": 23}, {"weight": 1, "random_weight": 0.4746646646225111, "id": 31}], [{"weight": 1, "random_weight": 0.37742091414672296, "id": 3}, {"weight": 2, "random_weight": 0.47594516906954687, "id": 9}, {"weight": 2, "random_weight": 0.4090353296952485, "id": 10}, {"weight": 2, "random_weight": 0.7659884072241164, "id": 25}, {"weight": 1, "random_weight": 0.5763222658156283, "id": 35}], [{"weight": 3, "random_weight": 0.052693963930117604, "id": 4}, {"weight": 1, "random_weight": 0.7433437832297412, "id": 13}, {"weight": 1, "random_weight": 0.6811561208100295, "id": 20}, {"weight": 1, "random_weight": 0.33968188584785053, "id": 28}, {"weight": 3, "random_weight": 0.8654134243148587, "id": 30}, {"weight": 1, "random_weight": 0.4905034413468199, "id": 31}], [{"weight": 3, "random_weight": 0.6406229499429438, "id": 3}, {"weight": 2, "random_weight": 0.5113656441517822, "id": 9}, {"weight": 1, "random_weight": 0.29929603737452637, "id": 12}, {"weight": 3, "random_weight": 0.9812184525250653, "id": 19}, {"weight": 1, "random_weight": 0.5763222658156283, "id": 33}]]}