{"directed": false, "multigraph": false, "graph": [], "nodes": [{"graph": null, "nnodes": 4, "nedges": 3, "density": 0.5, "atomics": "[16, 40, 28, 39]", "group_pop": 4, "init_part_assignment": 2, "id": 0}, {"graph": null, "nnodes": 4, "nedges": 3, "density": 0.5, "atomics": "[17, 3, 4, 5]", "group_pop": 4, "init_part_assignment": 3, "id": 1}, {"graph": null, "nnodes": 4, "nedges": 3, "density": 0.5, "atomics": "[25, 26, 27, 15]", "group_pop": 4, "init_part_assignment": 2, "id": 2}, {"graph": null, "nnodes": 4, "nedges": 3, "density": 0.5, "atomics": "[89, 90, 101, 78]", "group_pop": 4, "init_part_assignment": 9, "id": 3}, {"graph": null, "nnodes": 4, "nedges": 4, "density": 0.6666666666666666, "atomics": "[64, 65, 76, 77]", "group_pop": 4, "init_part_assignment": 11, "id": 4}, {"graph": null, "nnodes": 4, "nedges": 4, "density": 0.6666666666666666, "atomics": "[8, 9, 20, 21]", "group_pop": 4, "init_part_assignment": 5, "id": 5}, {"graph": null, "nnodes": 4, "nedges": 4, "density": 0.6666666666666666, "atomics": "[18, 19, 6, 7]", "group_pop": 4, "init_part_assignment": 0, "id": 6}, {"graph": null, "nnodes": 4, "nedges": 4, "density": 0.6666666666666666, "atomics": "[120, 121, 108, 109]", "group_pop": 4, "init_part_assignment": 10, "id": 7}, {"graph": null, "nnodes": 4, "nedges": 3, "density": 0.5, "atomics": "[132, 133, 134, 135]", "group_pop": 4, "init_part_assignment": 8, "id": 8}, {"graph": null, "nnodes": 4, "nedges": 4, "density": 0.6666666666666666, "atomics": "[122, 123, 110, 111]", "group_pop": 4, "init_part_assignment": 10, "id": 9}, {"graph": null, "nnodes": 4, "nedges": 4, "density": 0.6666666666666666, "atomics": "[50, 51, 62, 63]", "group_pop": 4, "init_part_assignment": 2, "id": 10}, {"graph": null, "nnodes": 4, "nedges": 3, "density": 0.5, "atomics": "[66, 52, 53, 54]", "group_pop": 4, "init_part_assignment": 0, "id": 11}, {"graph": null, "nnodes": 4, "nedges": 3, "density": 0.5, "atomics": "[136, 137, 138, 124]", "group_pop": 4, "init_part_assignment": 8, "id": 12}, {"graph": null, "nnodes": 4, "nedges": 3, "density": 0.5, "atomics": "[112, 113, 125, 126]", "group_pop": 4, "init_part_assignment": 11, "id": 13}, {"graph": null, "nnodes": 4, "nedges": 4, "density": 0.6666666666666666, "atomics": "[130, 131, 142, 143]", "group_pop": 4, "init_part_assignment": 1, "id": 14}, {"graph": null, "nnodes": 4, "nedges": 3, "density": 0.5, "atomics": "[58, 68, 69, 70]", "group_pop": 4, "init_part_assignment": 4, "id": 15}, {"graph": null, "nnodes": 4, "nedges": 3, "density": 0.5, "atomics": "[59, 83, 95, 71]", "group_pop": 4, "init_part_assignment": 1, "id": 16}, {"graph": null, "nnodes": 4, "nedges": 3, "density": 0.5, "atomics": "[46, 34, 22, 47]", "group_pop": 4, "init_part_assignment": 4, "id": 17}, {"graph": null, "nnodes": 4, "nedges": 4, "density": 0.6666666666666666, "atomics": "[128, 129, 140, 141]", "group_pop": 4, "init_part_assignment": 7, "id": 18}, {"graph": null, "nnodes": 4, "nedges": 3, "density": 0.5, "atomics": "[114, 115, 139, 127]", "group_pop": 4, "init_part_assignment": 8, "id": 19}, {"graph": null, "nnodes": 4, "nedges": 3, "density": 0.5, "atomics": "[24, 0, 12, 36]", "group_pop": 4, "init_part_assignment": 3, "id": 20}, {"graph": null, "nnodes": 4, "nedges": 4, "density": 0.6666666666666666, "atomics": "[1, 2, 13, 14]", "group_pop": 4, "init_part_assignment": 3, "id": 21}, {"graph": null, "nnodes": 4, "nedges": 4, "density": 0.6666666666666666, "atomics": "[32, 43, 44, 31]", "group_pop": 4, "init_part_assignment": 5, "id": 22}, {"graph": null, "nnodes": 4, "nedges": 4, "density": 0.6666666666666666, "atomics": "[41, 42, 29, 30]", "group_pop": 4, "init_part_assignment": 0, "id": 23}, {"graph": null, "nnodes": 4, "nedges": 3, "density": 0.5, "atomics": "[11, 10, 35, 23]", "group_pop": 4, "init_part_assignment": 4, "id": 24}, {"graph": null, "nnodes": 4, "nedges": 3, "density": 0.5, "atomics": "[56, 33, 45, 57]", "group_pop": 4, "init_part_assignment": 5, "id": 25}, {"graph": null, "nnodes": 4, "nedges": 3, "density": 0.5, "atomics": "[72, 73, 48, 60]", "group_pop": 4, "init_part_assignment": 6, "id": 26}, {"graph": null, "nnodes": 4, "nedges": 4, "density": 0.6666666666666666, "atomics": "[96, 97, 84, 85]", "group_pop": 4, "init_part_assignment": 10, "id": 27}, {"graph": null, "nnodes": 4, "nedges": 4, "density": 0.6666666666666666, "atomics": "[104, 105, 116, 117]", "group_pop": 4, "init_part_assignment": 7, "id": 28}, {"graph": null, "nnodes": 4, "nedges": 4, "density": 0.6666666666666666, "atomics": "[106, 107, 118, 119]", "group_pop": 4, "init_part_assignment": 1, "id": 29}, {"graph": null, "nnodes": 4, "nedges": 4, "density": 0.6666666666666666, "atomics": "[81, 82, 93, 94]", "group_pop": 4, "init_part_assignment": 7, "id": 30}, {"graph": null, "nnodes": 4, "nedges": 3, "density": 0.5, "atomics": "[49, 61, 37, 38]", "group_pop": 4, "init_part_assignment": 6, "id": 31}, {"graph": null, "nnodes": 4, "nedges": 3, "density": 0.5, "atomics": "[80, 67, 55, 79]", "group_pop": 4, "init_part_assignment": 9, "id": 32}, {"graph": null, "nnodes": 4, "nedges": 3, "density": 0.5, "atomics": "[98, 75, 74, 86]", "group_pop": 4, "init_part_assignment": 6, "id": 33}, {"graph": null, "nnodes": 4, "nedges": 3, "density": 0.5, "atomics": "[91, 92, 102, 103]", "group_pop": 4, "init_part_assignment": 9, "id": 34}, {"graph": null, "nnodes": 4, "nedges": 4, "density": 0.6666666666666666, "atomics": "[88, 99, 100, 87]", "group_pop": 4, "init_part_assignment": 11, "id": 35}], "adjacency": [[{"weight": 2, "random_weight": 0.8113837714362804, "id": 1}, {"weight": 3, "random_weight": 0.01931095524169857, "id": 2}, {"weight": 1, "random_weight": 0.23292272645056356, "id": 10}, {"weight": 1, "random_weight": 0.6782745287393449, "id": 11}, {"weight": 2, "random_weight": 0.11266533198502326, "id": 23}, {"weight": 1, "random_weight": 0.6158127368526068, "id": 31}], [{"weight": 2, "random_weight": 0.8113837714362804, "id": 0}, {"weight": 1, "random_weight": 0.5657438033014273, "id": 2}, {"weight": 2, "random_weight": 0.31449243801309956, "id": 6}, {"weight": 1, "random_weight": 0.4642170099984978, "id": 21}, {"weight": 1, "random_weight": 0.2731236654980034, "id": 23}], [{"weight": 3, "random_weight": 0.01931095524169857, "id": 0}, {"weight": 1, "random_weight": 0.5657438033014273, "id": 1}, {"weight": 1, "random_weight": 0.894631236714032, "id": 20}, {"weight": 3, "random_weight": 0.5485521256854291, "id": 21}, {"weight": 2, "random_weight": 0.671249181218534, "id": 31}], [{"weight": 2, "random_weight": 0.6669147339852669, "id": 4}, {"weight": 1, "random_weight": 0.5879448381417404, "id": 11}, {"weight": 1, "random_weight": 0.6252583440483762, "id": 13}, {"weight": 1, "random_weight": 0.5379918849435519, "id": 32}, {"weight": 3, "random_weight": 0.9680310594658669, "id": 34}, {"weight": 2, "random_weight": 0.40808206012573867, "id": 35}], [{"weight": 2, "random_weight": 0.6669147339852669, "id": 3}, {"weight": 1, "random_weight": 0.08543839016795751, "id": 10}, {"weight": 3, "random_weight": 0.6451920568123273, "id": 11}, {"weight": 1, "random_weight": 0.6599019692002179, "id": 33}, {"weight": 1, "random_weight": 0.3967350731909828, "id": 35}], [{"weight": 2, "random_weight": 0.8980610140242211, "id": 6}, {"weight": 1, "random_weight": 0.26192205237045785, "id": 17}, {"weight": 1, "random_weight": 0.6210418682833326, "id": 22}, {"weight": 1, "random_weight": 0.556242021590421, "id": 24}, {"weight": 1, "random_weight": 0.971138383341479, "id": 25}], [{"weight": 2, "random_weight": 0.31449243801309956, "id": 1}, {"weight": 2, "random_weight": 0.8980610140242211, "id": 5}, {"weight": 1, "random_weight": 0.9381194853234083, "id": 22}, {"weight": 1, "random_weight": 0.041359462379578105, "id": 23}], [{"weight": 2, "random_weight": 0.4267947737514127, "id": 8}, {"weight": 2, "random_weight": 0.4592835707972044, "id": 9}, {"weight": 2, "random_weight": 0.6306025029886544, "id": 27}], [{"weight": 2, "random_weight": 0.4267947737514127, "id": 7}, {"weight": 2, "random_weight": 0.22400433171107692, "id": 9}, {"weight": 1, "random_weight": 0.1480742379039185, "id": 12}], [{"weight": 2, "random_weight": 0.4592835707972044, "id": 7}, {"weight": 2, "random_weight": 0.22400433171107692, "id": 8}, {"weight": 1, "random_weight": 0.9587586900754373, "id": 12}, {"weight": 1, "random_weight": 0.26484441183791596, "id": 13}, {"weight": 1, "random_weight": 0.9648020779842114, "id": 33}, {"weight": 1, "random_weight": 0.905850891381125, "id": 35}], [{"weight": 1, "random_weight": 0.23292272645056356, "id": 0}, {"weight": 1, "random_weight": 0.08543839016795751, "id": 4}, {"weight": 1, "random_weight": 0.7412692115913662, "id": 11}, {"weight": 3, "random_weight": 0.6579145027375709, "id": 31}, {"weight": 2, "random_weight": 0.5662515661481984, "id": 33}], [{"weight": 1, "random_weight": 0.6782745287393449, "id": 0}, {"weight": 1, "random_weight": 0.5879448381417404, "id": 3}, {"weight": 3, "random_weight": 0.6451920568123273, "id": 4}, {"weight": 1, "random_weight": 0.7412692115913662, "id": 10}, {"weight": 2, "random_weight": 0.48635113599476565, "id": 23}, {"weight": 2, "random_weight": 0.7414431984533623, "id": 32}], [{"weight": 1, "random_weight": 0.1480742379039185, "id": 8}, {"weight": 1, "random_weight": 0.9587586900754373, "id": 9}, {"weight": 4, "random_weight": 0.6629003405303845, "id": 13}, {"weight": 1, "random_weight": 0.464551955744794, "id": 19}], [{"weight": 1, "random_weight": 0.6252583440483762, "id": 3}, {"weight": 1, "random_weight": 0.26484441183791596, "id": 9}, {"weight": 4, "random_weight": 0.6629003405303845, "id": 12}, {"weight": 3, "random_weight": 0.7913105624154249, "id": 19}, {"weight": 1, "random_weight": 0.7662359839782273, "id": 35}], [{"weight": 2, "random_weight": 0.5497059021529368, "id": 18}, {"weight": 2, "random_weight": 0.27312209255954456, "id": 29}], [{"weight": 2, "random_weight": 0.5747456334837544, "id": 16}, {"weight": 1, "random_weight": 0.34490336244561715, "id": 17}, {"weight": 3, "random_weight": 0.5057147297736799, "id": 25}, {"weight": 2, "random_weight": 0.41216349422161547, "id": 30}, {"weight": 2, "random_weight": 0.4805415484006159, "id": 32}], [{"weight": 2, "random_weight": 0.5747456334837544, "id": 15}, {"weight": 1, "random_weight": 0.8775986079180682, "id": 17}, {"weight": 1, "random_weight": 0.17073498617450855, "id": 29}, {"weight": 2, "random_weight": 0.042812488056911735, "id": 30}], [{"weight": 1, "random_weight": 0.26192205237045785, "id": 5}, {"weight": 1, "random_weight": 0.34490336244561715, "id": 15}, {"weight": 1, "random_weight": 0.8775986079180682, "id": 16}, {"weight": 4, "random_weight": 0.00040273608539376227, "id": 24}, {"weight": 2, "random_weight": 0.4915107056623105, "id": 25}], [{"weight": 2, "random_weight": 0.5497059021529368, "id": 14}, {"weight": 2, "random_weight": 0.25246413222862496, "id": 19}, {"weight": 2, "random_weight": 0.08017553620156659, "id": 28}], [{"weight": 1, "random_weight": 0.464551955744794, "id": 12}, {"weight": 3, "random_weight": 0.7913105624154249, "id": 13}, {"weight": 2, "random_weight": 0.25246413222862496, "id": 18}, {"weight": 1, "random_weight": 0.1657691137112265, "id": 28}, {"weight": 2, "random_weight": 0.6955167093375261, "id": 34}], [{"weight": 1, "random_weight": 0.894631236714032, "id": 2}, {"weight": 2, "random_weight": 0.42776431388573377, "id": 21}, {"weight": 1, "random_weight": 0.6812131758559986, "id": 26}, {"weight": 1, "random_weight": 0.8361454269230761, "id": 31}], [{"weight": 1, "random_weight": 0.4642170099984978, "id": 1}, {"weight": 3, "random_weight": 0.5485521256854291, "id": 2}, {"weight": 2, "random_weight": 0.42776431388573377, "id": 20}], [{"weight": 1, "random_weight": 0.6210418682833326, "id": 5}, {"weight": 1, "random_weight": 0.9381194853234083, "id": 6}, {"weight": 2, "random_weight": 0.8898797883413516, "id": 23}, {"weight": 3, "random_weight": 0.5654149850154557, "id": 25}, {"weight": 1, "random_weight": 0.633656458744132, "id": 32}], [{"weight": 2, "random_weight": 0.11266533198502326, "id": 0}, {"weight": 1, "random_weight": 0.2731236654980034, "id": 1}, {"weight": 1, "random_weight": 0.041359462379578105, "id": 6}, {"weight": 2, "random_weight": 0.48635113599476565, "id": 11}, {"weight": 2, "random_weight": 0.8898797883413516, "id": 22}], [{"weight": 1, "random_weight": 0.556242021590421, "id": 5}, {"weight": 4, "random_weight": 0.00040273608539376227, "id": 17}], [{"weight": 1, "random_weight": 0.971138383341479, "id": 5}, {"weight": 3, "random_weight": 0.5057147297736799, "id": 15}, {"weight": 2, "random_weight": 0.4915107056623105, "id": 17}, {"weight": 3, "random_weight": 0.5654149850154557, "id": 22}, {"weight": 1, "random_weight": 0.8344970441798146, "id": 32}], [{"weight": 1, "random_weight": 0.6812131758559986, "id": 20}, {"weight": 2, "random_weight": 0.5800157174205361, "id": 27}, {"weight": 3, "random_weight": 0.5750945281615321, "id": 31}, {"weight": 1, "random_weight": 0.1701606193485211, "id": 33}], [{"weight": 2, "random_weight": 0.6306025029886544, "id": 7}, {"weight": 2, "random_weight": 0.5800157174205361, "id": 26}, {"weight": 2, "random_weight": 0.5388988069503141, "id": 33}], [{"weight": 2, "random_weight": 0.08017553620156659, "id": 18}, {"weight": 1, "random_weight": 0.1657691137112265, "id": 19}, {"weight": 2, "random_weight": 0.5066336251714321, "id": 29}, {"weight": 1, "random_weight": 0.5106173819564515, "id": 30}, {"weight": 2, "random_weight": 0.39188172460459647, "id": 34}], [{"weight": 2, "random_weight": 0.27312209255954456, "id": 14}, {"weight": 1, "random_weight": 0.17073498617450855, "id": 16}, {"weight": 2, "random_weight": 0.5066336251714321, "id": 28}, {"weight": 1, "random_weight": 0.9503596249710416, "id": 30}], [{"weight": 2, "random_weight": 0.41216349422161547, "id": 15}, {"weight": 2, "random_weight": 0.042812488056911735, "id": 16}, {"weight": 1, "random_weight": 0.5106173819564515, "id": 28}, {"weight": 1, "random_weight": 0.9503596249710416, "id": 29}, {"weight": 1, "random_weight": 0.571149939494226, "id": 32}, {"weight": 1, "random_weight": 0.8378530368944497, "id": 34}], [{"weight": 1, "random_weight": 0.6158127368526068, "id": 0}, {"weight": 2, "random_weight": 0.671249181218534, "id": 2}, {"weight": 3, "random_weight": 0.6579145027375709, "id": 10}, {"weight": 1, "random_weight": 0.8361454269230761, "id": 20}, {"weight": 3, "random_weight": 0.5750945281615321, "id": 26}], [{"weight": 1, "random_weight": 0.5379918849435519, "id": 3}, {"weight": 2, "random_weight": 0.7414431984533623, "id": 11}, {"weight": 2, "random_weight": 0.4805415484006159, "id": 15}, {"weight": 1, "random_weight": 0.633656458744132, "id": 22}, {"weight": 1, "random_weight": 0.8344970441798146, "id": 25}, {"weight": 1, "random_weight": 0.571149939494226, "id": 30}, {"weight": 2, "random_weight": 0.26123670866108273, "id": 34}], [{"weight": 1, "random_weight": 0.6599019692002179, "id": 4}, {"weight": 1, "random_weight": 0.9648020779842114, "id": 9}, {"weight": 2, "random_weight": 0.5662515661481984, "id": 10}, {"weight": 1, "random_weight": 0.1701606193485211, "id": 26}, {"weight": 2, "random_weight": 0.5388988069503141, "id": 27}, {"weight": 3, "random_weight": 0.710071885223314, "id": 35}], [{"weight": 3, "random_weight": 0.9680310594658669, "id": 3}, {"weight": 2, "random_weight": 0.6955167093375261, "id": 19}, {"weight": 2, "random_weight": 0.39188172460459647, "id": 28}, {"weight": 1, "random_weight": 0.8378530368944497, "id": 30}, {"weight": 2, "random_weight": 0.26123670866108273, "id": 32}], [{"weight": 2, "random_weight": 0.40808206012573867, "id": 3}, {"weight": 1, "random_weight": 0.3967350731909828, "id": 4}, {"weight": 1, "random_weight": 0.905850891381125, "id": 9}, {"weight": 1, "random_weight": 0.7662359839782273, "id": 13}, {"weight": 3, "random_weight": 0.710071885223314, "id": 33}]]}