{"directed": false, "multigraph": false, "graph": [], "nodes": [{"graph": null, "nnodes": 4, "nedges": 4, "density": 0.6666666666666666, "atomics": "[16, 3, 4, 15]", "group_pop": 4, "init_part_assignment": 11, "id": 0}, {"graph": null, "nnodes": 4, "nedges": 4, "density": 0.6666666666666666, "atomics": "[17, 18, 5, 6]", "group_pop": 4, "init_part_assignment": 1, "id": 1}, {"graph": null, "nnodes": 4, "nedges": 3, "density": 0.5, "atomics": "[89, 75, 76, 77]", "group_pop": 4, "init_part_assignment": 9, "id": 2}, {"graph": null, "nnodes": 4, "nedges": 3, "density": 0.5, "atomics": "[90, 100, 101, 102]", "group_pop": 4, "init_part_assignment": 6, "id": 3}, {"graph": null, "nnodes": 4, "nedges": 4, "density": 0.6666666666666666, "atomics": "[66, 67, 78, 79]", "group_pop": 4, "init_part_assignment": 9, "id": 4}, {"graph": null, "nnodes": 4, "nedges": 3, "density": 0.5, "atomics": "[8, 9, 10, 11]", "group_pop": 4, "init_part_assignment": 3, "id": 5}, {"graph": null, "nnodes": 4, "nedges": 3, "density": 0.5, "atomics": "[34, 21, 22, 23]", "group_pop": 4, "init_part_assignment": 0, "id": 6}, {"graph": null, "nnodes": 4, "nedges": 3, "density": 0.5, "atomics": "[32, 19, 20, 7]", "group_pop": 4, "init_part_assignment": 3, "id": 7}, {"graph": null, "nnodes": 4, "nedges": 4, "density": 0.6666666666666666, "atomics": "[121, 122, 133, 134]", "group_pop": 4, "init_part_assignment": 4, "id": 8}, {"graph": null, "nnodes": 4, "nedges": 3, "density": 0.5, "atomics": "[120, 132, 108, 109]", "group_pop": 4, "init_part_assignment": 4, "id": 9}, {"graph": null, "nnodes": 4, "nedges": 3, "density": 0.5, "atomics": "[96, 97, 98, 110]", "group_pop": 4, "init_part_assignment": 4, "id": 10}, {"graph": null, "nnodes": 4, "nedges": 3, "density": 0.5, "atomics": "[49, 50, 62, 63]", "group_pop": 4, "init_part_assignment": 11, "id": 11}, {"graph": null, "nnodes": 4, "nedges": 3, "density": 0.5, "atomics": "[51, 26, 27, 39]", "group_pop": 4, "init_part_assignment": 5, "id": 12}, {"graph": null, "nnodes": 4, "nedges": 3, "density": 0.5, "atomics": "[40, 64, 52, 28]", "group_pop": 4, "init_part_assignment": 11, "id": 13}, {"graph": null, "nnodes": 4, "nedges": 4, "density": 0.6666666666666666, "atomics": "[136, 123, 124, 135]", "group_pop": 4, "init_part_assignment": 2, "id": 14}, {"graph": null, "nnodes": 4, "nedges": 3, "density": 0.5, "atomics": "[137, 138, 139, 126]", "group_pop": 4, "init_part_assignment": 2, "id": 15}, {"graph": null, "nnodes": 4, "nedges": 3, "density": 0.5, "atomics": "[130, 140, 141, 142]", "group_pop": 4, "init_part_assignment": 7, "id": 16}, {"graph": null, "nnodes": 4, "nedges": 3, "density": 0.5, "atomics": "[143, 107, 131, 119]", "group_pop": 4, "init_part_assignment": 7, "id": 17}, {"graph": null, "nnodes": 4, "nedges": 3, "density": 0.5, "atomics": "[58, 83, 70, 71]", "group_pop": 4, "init_part_assignment": 0, "id": 18}, {"graph": null, "nnodes": 4, "nedges": 3, "density": 0.5, "atomics": "[59, 35, 46, 47]", "group_pop": 4, "init_part_assignment": 0, "id": 19}, {"graph": null, "nnodes": 4, "nedges": 3, "density": 0.5, "atomics": "[128, 129, 117, 127]", "group_pop": 4, "init_part_assignment": 2, "id": 20}, {"graph": null, "nnodes": 4, "nedges": 3, "density": 0.5, "atomics": "[24, 0, 12, 25]", "group_pop": 4, "init_part_assignment": 5, "id": 21}, {"graph": null, "nnodes": 4, "nedges": 4, "density": 0.6666666666666666, "atomics": "[1, 2, 13, 14]", "group_pop": 4, "init_part_assignment": 5, "id": 22}, {"graph": null, "nnodes": 4, "nedges": 3, "density": 0.5, "atomics": "[42, 31, 54, 30]", "group_pop": 4, "init_part_assignment": 1, "id": 23}, {"graph": null, "nnodes": 4, "nedges": 3, "density": 0.5, "atomics": "[33, 45, 69, 57]", "group_pop": 4, "init_part_assignment": 3, "id": 24}, {"graph": null, "nnodes": 4, "nedges": 3, "density": 0.5, "atomics": "[72, 84, 61, 60]", "group_pop": 4, "init_part_assignment": 10, "id": 25}, {"graph": null, "nnodes": 4, "nedges": 3, "density": 0.5, "atomics": "[48, 36, 37, 38]", "group_pop": 4, "init_part_assignment": 10, "id": 26}, {"graph": null, "nnodes": 4, "nedges": 3, "density": 0.5, "atomics": "[105, 106, 93, 118]", "group_pop": 4, "init_part_assignment": 8, "id": 27}, {"graph": null, "nnodes": 4, "nedges": 3, "density": 0.5, "atomics": "[81, 82, 94, 95]", "group_pop": 4, "init_part_assignment": 7, "id": 28}, {"graph": null, "nnodes": 4, "nedges": 4, "density": 0.6666666666666666, "atomics": "[56, 43, 44, 55]", "group_pop": 4, "init_part_assignment": 9, "id": 29}, {"graph": null, "nnodes": 4, "nedges": 3, "density": 0.5, "atomics": "[65, 53, 29, 41]", "group_pop": 4, "init_part_assignment": 1, "id": 30}, {"graph": null, "nnodes": 4, "nedges": 4, "density": 0.6666666666666666, "atomics": "[73, 74, 85, 86]", "group_pop": 4, "init_part_assignment": 10, "id": 31}, {"graph": null, "nnodes": 4, "nedges": 3, "density": 0.5, "atomics": "[80, 91, 68, 92]", "group_pop": 4, "init_part_assignment": 8, "id": 32}, {"graph": null, "nnodes": 4, "nedges": 4, "density": 0.6666666666666666, "atomics": "[104, 115, 116, 103]", "group_pop": 4, "init_part_assignment": 8, "id": 33}, {"graph": null, "nnodes": 4, "nedges": 3, "density": 0.5, "atomics": "[88, 99, 87, 111]", "group_pop": 4, "init_part_assignment": 6, "id": 34}, {"graph": null, "nnodes": 4, "nedges": 3, "density": 0.5, "atomics": "[112, 113, 114, 125]", "group_pop": 4, "init_part_assignment": 6, "id": 35}], "adjacency": [[{"weight": 2, "random_weight": 0.5385096790121634, "id": 1}, {"weight": 1, "random_weight": 0.5531017822307238, "id": 12}, {"weight": 1, "random_weight": 0.764536742016305, "id": 13}, {"weight": 2, "random_weight": 0.918718382161404, "id": 22}], [{"weight": 2, "random_weight": 0.5385096790121634, "id": 0}, {"weight": 2, "random_weight": 0.6357707433662481, "id": 7}, {"weight": 1, "random_weight": 0.05085554140017279, "id": 23}, {"weight": 1, "random_weight": 0.12148396250322202, "id": 30}], [{"weight": 2, "random_weight": 0.6644152702276387, "id": 3}, {"weight": 1, "random_weight": 0.8289698704545011, "id": 4}, {"weight": 1, "random_weight": 0.6318909581596165, "id": 11}, {"weight": 1, "random_weight": 0.7682551394569652, "id": 13}, {"weight": 1, "random_weight": 0.5744882957695451, "id": 30}, {"weight": 1, "random_weight": 0.7862965624548506, "id": 31}, {"weight": 3, "random_weight": 0.9311522673509445, "id": 34}], [{"weight": 2, "random_weight": 0.6644152702276387, "id": 2}, {"weight": 1, "random_weight": 0.7102062064695236, "id": 4}, {"weight": 1, "random_weight": 0.8650818341024092, "id": 32}, {"weight": 1, "random_weight": 0.5705492460167505, "id": 33}, {"weight": 2, "random_weight": 0.4288598901374623, "id": 34}, {"weight": 3, "random_weight": 0.1529972223738112, "id": 35}], [{"weight": 1, "random_weight": 0.8289698704545011, "id": 2}, {"weight": 1, "random_weight": 0.7102062064695236, "id": 3}, {"weight": 1, "random_weight": 0.8155043501423895, "id": 23}, {"weight": 1, "random_weight": 0.40016435798783256, "id": 29}, {"weight": 1, "random_weight": 0.884418033544282, "id": 30}, {"weight": 3, "random_weight": 0.965275138535753, "id": 32}], [{"weight": 3, "random_weight": 0.588580887796458, "id": 6}, {"weight": 2, "random_weight": 0.8312229543325157, "id": 7}], [{"weight": 3, "random_weight": 0.588580887796458, "id": 5}, {"weight": 1, "random_weight": 0.7866550402169453, "id": 7}, {"weight": 3, "random_weight": 0.08066422004575569, "id": 19}, {"weight": 2, "random_weight": 0.055144011005406, "id": 24}], [{"weight": 2, "random_weight": 0.6357707433662481, "id": 1}, {"weight": 2, "random_weight": 0.8312229543325157, "id": 5}, {"weight": 1, "random_weight": 0.7866550402169453, "id": 6}, {"weight": 2, "random_weight": 0.7742940164351555, "id": 23}, {"weight": 1, "random_weight": 0.5062271318494425, "id": 24}, {"weight": 1, "random_weight": 0.6213983983278756, "id": 29}], [{"weight": 3, "random_weight": 0.029295364624241427, "id": 9}, {"weight": 1, "random_weight": 0.606082751998009, "id": 10}, {"weight": 2, "random_weight": 0.9576974508865461, "id": 14}], [{"weight": 3, "random_weight": 0.029295364624241427, "id": 8}, {"weight": 3, "random_weight": 0.13262620176284734, "id": 10}], [{"weight": 1, "random_weight": 0.606082751998009, "id": 8}, {"weight": 3, "random_weight": 0.13262620176284734, "id": 9}, {"weight": 1, "random_weight": 0.5889365556170847, "id": 25}, {"weight": 2, "random_weight": 0.4660980732355642, "id": 31}, {"weight": 2, "random_weight": 0.6699054860675787, "id": 34}], [{"weight": 1, "random_weight": 0.6318909581596165, "id": 2}, {"weight": 2, "random_weight": 0.7933027812433442, "id": 12}, {"weight": 1, "random_weight": 0.7363335675362543, "id": 13}, {"weight": 2, "random_weight": 0.5528024950261319, "id": 25}, {"weight": 3, "random_weight": 0.3293921136516239, "id": 26}, {"weight": 1, "random_weight": 0.9425190931115531, "id": 31}], [{"weight": 1, "random_weight": 0.5531017822307238, "id": 0}, {"weight": 2, "random_weight": 0.7933027812433442, "id": 11}, {"weight": 3, "random_weight": 0.9047702504917613, "id": 13}, {"weight": 1, "random_weight": 0.6068594092299004, "id": 21}, {"weight": 1, "random_weight": 0.14687465468704541, "id": 22}, {"weight": 2, "random_weight": 0.4697103034625434, "id": 26}], [{"weight": 1, "random_weight": 0.764536742016305, "id": 0}, {"weight": 1, "random_weight": 0.7682551394569652, "id": 2}, {"weight": 1, "random_weight": 0.7363335675362543, "id": 11}, {"weight": 3, "random_weight": 0.9047702504917613, "id": 12}, {"weight": 4, "random_weight": 0.34657109609260695, "id": 30}], [{"weight": 2, "random_weight": 0.9576974508865461, "id": 8}, {"weight": 1, "random_weight": 0.12876685455730452, "id": 15}, {"weight": 1, "random_weight": 0.014862368678809523, "id": 34}, {"weight": 2, "random_weight": 0.7425919559238099, "id": 35}], [{"weight": 1, "random_weight": 0.12876685455730452, "id": 14}, {"weight": 1, "random_weight": 0.5807657028599624, "id": 16}, {"weight": 2, "random_weight": 0.10584211990961867, "id": 20}, {"weight": 3, "random_weight": 0.6631949972461586, "id": 35}], [{"weight": 1, "random_weight": 0.5807657028599624, "id": 15}, {"weight": 2, "random_weight": 0.033227670238940354, "id": 17}, {"weight": 3, "random_weight": 0.3462524213887722, "id": 20}, {"weight": 1, "random_weight": 0.5015278449047913, "id": 27}], [{"weight": 2, "random_weight": 0.033227670238940354, "id": 16}, {"weight": 2, "random_weight": 0.8825229212518267, "id": 27}, {"weight": 1, "random_weight": 0.4424908207447855, "id": 28}], [{"weight": 3, "random_weight": 0.4888258263979046, "id": 19}, {"weight": 2, "random_weight": 0.6158452201881052, "id": 24}, {"weight": 3, "random_weight": 0.7129787464998635, "id": 28}], [{"weight": 3, "random_weight": 0.08066422004575569, "id": 6}, {"weight": 3, "random_weight": 0.4888258263979046, "id": 18}, {"weight": 1, "random_weight": 0.13932121346755977, "id": 24}], [{"weight": 2, "random_weight": 0.10584211990961867, "id": 15}, {"weight": 3, "random_weight": 0.3462524213887722, "id": 16}, {"weight": 2, "random_weight": 0.2305353689738303, "id": 27}, {"weight": 3, "random_weight": 0.8709205983197366, "id": 33}], [{"weight": 1, "random_weight": 0.6068594092299004, "id": 12}, {"weight": 3, "random_weight": 0.18614576278853256, "id": 22}, {"weight": 2, "random_weight": 0.9162063883920828, "id": 26}], [{"weight": 2, "random_weight": 0.918718382161404, "id": 0}, {"weight": 1, "random_weight": 0.14687465468704541, "id": 12}, {"weight": 3, "random_weight": 0.18614576278853256, "id": 21}], [{"weight": 1, "random_weight": 0.05085554140017279, "id": 1}, {"weight": 1, "random_weight": 0.8155043501423895, "id": 4}, {"weight": 2, "random_weight": 0.7742940164351555, "id": 7}, {"weight": 3, "random_weight": 0.9478680137240216, "id": 29}, {"weight": 3, "random_weight": 0.37062495547741703, "id": 30}], [{"weight": 2, "random_weight": 0.055144011005406, "id": 6}, {"weight": 1, "random_weight": 0.5062271318494425, "id": 7}, {"weight": 2, "random_weight": 0.6158452201881052, "id": 18}, {"weight": 1, "random_weight": 0.13932121346755977, "id": 19}, {"weight": 1, "random_weight": 0.4161198971114777, "id": 28}, {"weight": 2, "random_weight": 0.7842500672520565, "id": 29}, {"weight": 1, "random_weight": 0.6420626407996224, "id": 32}], [{"weight": 1, "random_weight": 0.5889365556170847, "id": 10}, {"weight": 2, "random_weight": 0.5528024950261319, "id": 11}, {"weight": 1, "random_weight": 0.4375497741943367, "id": 26}, {"weight": 3, "random_weight": 0.4743299847187561, "id": 31}], [{"weight": 3, "random_weight": 0.3293921136516239, "id": 11}, {"weight": 2, "random_weight": 0.4697103034625434, "id": 12}, {"weight": 2, "random_weight": 0.9162063883920828, "id": 21}, {"weight": 1, "random_weight": 0.4375497741943367, "id": 25}], [{"weight": 1, "random_weight": 0.5015278449047913, "id": 16}, {"weight": 2, "random_weight": 0.8825229212518267, "id": 17}, {"weight": 2, "random_weight": 0.2305353689738303, "id": 20}, {"weight": 3, "random_weight": 0.9162982023226676, "id": 28}, {"weight": 1, "random_weight": 0.9042746665852979, "id": 32}, {"weight": 1, "random_weight": 0.9819048475511817, "id": 33}], [{"weight": 1, "random_weight": 0.4424908207447855, "id": 17}, {"weight": 3, "random_weight": 0.7129787464998635, "id": 18}, {"weight": 1, "random_weight": 0.4161198971114777, "id": 24}, {"weight": 3, "random_weight": 0.9162982023226676, "id": 27}, {"weight": 1, "random_weight": 0.8190408165636138, "id": 32}], [{"weight": 1, "random_weight": 0.40016435798783256, "id": 4}, {"weight": 1, "random_weight": 0.6213983983278756, "id": 7}, {"weight": 3, "random_weight": 0.9478680137240216, "id": 23}, {"weight": 2, "random_weight": 0.7842500672520565, "id": 24}, {"weight": 1, "random_weight": 0.8328164472059053, "id": 32}], [{"weight": 1, "random_weight": 0.12148396250322202, "id": 1}, {"weight": 1, "random_weight": 0.5744882957695451, "id": 2}, {"weight": 1, "random_weight": 0.884418033544282, "id": 4}, {"weight": 4, "random_weight": 0.34657109609260695, "id": 13}, {"weight": 3, "random_weight": 0.37062495547741703, "id": 23}], [{"weight": 1, "random_weight": 0.7862965624548506, "id": 2}, {"weight": 2, "random_weight": 0.4660980732355642, "id": 10}, {"weight": 1, "random_weight": 0.9425190931115531, "id": 11}, {"weight": 3, "random_weight": 0.4743299847187561, "id": 25}, {"weight": 1, "random_weight": 0.3339007648224571, "id": 34}], [{"weight": 1, "random_weight": 0.8650818341024092, "id": 3}, {"weight": 3, "random_weight": 0.965275138535753, "id": 4}, {"weight": 1, "random_weight": 0.6420626407996224, "id": 24}, {"weight": 1, "random_weight": 0.9042746665852979, "id": 27}, {"weight": 1, "random_weight": 0.8190408165636138, "id": 28}, {"weight": 1, "random_weight": 0.8328164472059053, "id": 29}, {"weight": 2, "random_weight": 0.22560249204668326, "id": 33}], [{"weight": 1, "random_weight": 0.5705492460167505, "id": 3}, {"weight": 3, "random_weight": 0.8709205983197366, "id": 20}, {"weight": 1, "random_weight": 0.9819048475511817, "id": 27}, {"weight": 2, "random_weight": 0.22560249204668326, "id": 32}, {"weight": 1, "random_weight": 0.6824417138835399, "id": 35}], [{"weight": 3, "random_weight": 0.9311522673509445, "id": 2}, {"weight": 2, "random_weight": 0.4288598901374623, "id": 3}, {"weight": 2, "random_weight": 0.6699054860675787, "id": 10}, {"weight": 1, "random_weight": 0.014862368678809523, "id": 14}, {"weight": 1, "random_weight": 0.3339007648224571, "id": 31}, {"weight": 1, "random_weight": 0.24998379117888592, "id": 35}], [{"weight": 3, "random_weight": 0.1529972223738112, "id": 3}, {"weight": 2, "random_weight": 0.7425919559238099, "id": 14}, {"weight": 3, "random_weight": 0.6631949972461586, "id": 15}, {"weight": 1, "random_weight": 0.6824417138835399, "id": 33}, {"weight": 1, "random_weight": 0.24998379117888592, "id": 34}]]}