{"directed": false, "multigraph": false, "graph": [], "nodes": [{"graph": null, "nnodes": 4, "nedges": 3, "density": 0.5, "atomics": "[16, 17, 18, 28]", "group_pop": 4, "init_part_assignment": 10, "id": 0}, {"graph": null, "nnodes": 4, "nedges": 3, "density": 0.5, "atomics": "[4, 5, 6, 7]", "group_pop": 4, "init_part_assignment": 9, "id": 1}, {"graph": null, "nnodes": 4, "nedges": 4, "density": 0.6666666666666666, "atomics": "[2, 3, 14, 15]", "group_pop": 4, "init_part_assignment": 10, "id": 2}, {"graph": null, "nnodes": 4, "nedges": 4, "density": 0.6666666666666666, "atomics": "[88, 89, 76, 77]", "group_pop": 4, "init_part_assignment": 11, "id": 3}, {"graph": null, "nnodes": 4, "nedges": 4, "density": 0.6666666666666666, "atomics": "[90, 91, 78, 79]", "group_pop": 4, "init_part_assignment": 4, "id": 4}, {"graph": null, "nnodes": 4, "nedges": 3, "density": 0.5, "atomics": "[8, 32, 20, 44]", "group_pop": 4, "init_part_assignment": 9, "id": 5}, {"graph": null, "nnodes": 4, "nedges": 3, "density": 0.5, "atomics": "[9, 34, 21, 33]", "group_pop": 4, "init_part_assignment": 7, "id": 6}, {"graph": null, "nnodes": 4, "nedges": 3, "density": 0.5, "atomics": "[121, 98, 109, 97]", "group_pop": 4, "init_part_assignment": 2, "id": 7}, {"graph": null, "nnodes": 4, "nedges": 3, "density": 0.5, "atomics": "[132, 133, 134, 135]", "group_pop": 4, "init_part_assignment": 2, "id": 8}, {"graph": null, "nnodes": 4, "nedges": 3, "density": 0.5, "atomics": "[120, 108, 96, 84]", "group_pop": 4, "init_part_assignment": 5, "id": 9}, {"graph": null, "nnodes": 4, "nedges": 4, "density": 0.6666666666666666, "atomics": "[122, 123, 110, 111]", "group_pop": 4, "init_part_assignment": 2, "id": 10}, {"graph": null, "nnodes": 4, "nedges": 3, "density": 0.5, "atomics": "[48, 49, 50, 51]", "group_pop": 4, "init_part_assignment": 11, "id": 11}, {"graph": null, "nnodes": 4, "nedges": 3, "density": 0.5, "atomics": "[40, 65, 64, 52]", "group_pop": 4, "init_part_assignment": 10, "id": 12}, {"graph": null, "nnodes": 4, "nedges": 4, "density": 0.6666666666666666, "atomics": "[74, 75, 62, 63]", "group_pop": 4, "init_part_assignment": 11, "id": 13}, {"graph": null, "nnodes": 4, "nedges": 4, "density": 0.6666666666666666, "atomics": "[136, 137, 124, 125]", "group_pop": 4, "init_part_assignment": 3, "id": 14}, {"graph": null, "nnodes": 4, "nedges": 4, "density": 0.6666666666666666, "atomics": "[138, 139, 126, 127]", "group_pop": 4, "init_part_assignment": 3, "id": 15}, {"graph": null, "nnodes": 4, "nedges": 4, "density": 0.6666666666666666, "atomics": "[130, 131, 142, 143]", "group_pop": 4, "init_part_assignment": 1, "id": 16}, {"graph": null, "nnodes": 4, "nedges": 3, "density": 0.5, "atomics": "[57, 58, 45, 70]", "group_pop": 4, "init_part_assignment": 8, "id": 17}, {"graph": null, "nnodes": 4, "nedges": 3, "density": 0.5, "atomics": "[59, 35, 46, 47]", "group_pop": 4, "init_part_assignment": 7, "id": 18}, {"graph": null, "nnodes": 4, "nedges": 3, "density": 0.5, "atomics": "[25, 26, 27, 39]", "group_pop": 4, "init_part_assignment": 0, "id": 19}, {"graph": null, "nnodes": 4, "nedges": 3, "density": 0.5, "atomics": "[128, 140, 116, 104]", "group_pop": 4, "init_part_assignment": 3, "id": 20}, {"graph": null, "nnodes": 4, "nedges": 3, "density": 0.5, "atomics": "[24, 36, 37, 38]", "group_pop": 4, "init_part_assignment": 0, "id": 21}, {"graph": null, "nnodes": 4, "nedges": 4, "density": 0.6666666666666666, "atomics": "[0, 1, 12, 13]", "group_pop": 4, "init_part_assignment": 0, "id": 22}, {"graph": null, "nnodes": 4, "nedges": 3, "density": 0.5, "atomics": "[19, 43, 31, 55]", "group_pop": 4, "init_part_assignment": 9, "id": 23}, {"graph": null, "nnodes": 4, "nedges": 4, "density": 0.6666666666666666, "atomics": "[41, 42, 29, 30]", "group_pop": 4, "init_part_assignment": 6, "id": 24}, {"graph": null, "nnodes": 4, "nedges": 4, "density": 0.6666666666666666, "atomics": "[10, 11, 22, 23]", "group_pop": 4, "init_part_assignment": 7, "id": 25}, {"graph": null, "nnodes": 4, "nedges": 4, "density": 0.6666666666666666, "atomics": "[72, 73, 60, 61]", "group_pop": 4, "init_part_assignment": 5, "id": 26}, {"graph": null, "nnodes": 4, "nedges": 3, "density": 0.5, "atomics": "[129, 117, 141, 105]", "group_pop": 4, "init_part_assignment": 1, "id": 27}, {"graph": null, "nnodes": 4, "nedges": 4, "density": 0.6666666666666666, "atomics": "[106, 107, 118, 119]", "group_pop": 4, "init_part_assignment": 1, "id": 28}, {"graph": null, "nnodes": 4, "nedges": 3, "density": 0.5, "atomics": "[83, 95, 94, 71]", "group_pop": 4, "init_part_assignment": 8, "id": 29}, {"graph": null, "nnodes": 4, "nedges": 3, "density": 0.5, "atomics": "[56, 80, 68, 69]", "group_pop": 4, "init_part_assignment": 6, "id": 30}, {"graph": null, "nnodes": 4, "nedges": 3, "density": 0.5, "atomics": "[81, 82, 92, 93]", "group_pop": 4, "init_part_assignment": 8, "id": 31}, {"graph": null, "nnodes": 4, "nedges": 3, "density": 0.5, "atomics": "[66, 67, 53, 54]", "group_pop": 4, "init_part_assignment": 6, "id": 32}, {"graph": null, "nnodes": 4, "nedges": 3, "density": 0.5, "atomics": "[99, 85, 86, 87]", "group_pop": 4, "init_part_assignment": 5, "id": 33}, {"graph": null, "nnodes": 4, "nedges": 4, "density": 0.6666666666666666, "atomics": "[114, 115, 102, 103]", "group_pop": 4, "init_part_assignment": 4, "id": 34}, {"graph": null, "nnodes": 4, "nedges": 4, "density": 0.6666666666666666, "atomics": "[112, 113, 100, 101]", "group_pop": 4, "init_part_assignment": 4, "id": 35}], "adjacency": [[{"weight": 3, "random_weight": 0.7655723517323191, "id": 1}, {"weight": 1, "random_weight": 0.37172883070944973, "id": 2}, {"weight": 1, "random_weight": 0.27308839993578915, "id": 12}, {"weight": 1, "random_weight": 0.24581325985566715, "id": 19}, {"weight": 1, "random_weight": 0.477520449424195, "id": 23}, {"weight": 3, "random_weight": 0.5154837860141126, "id": 24}], [{"weight": 3, "random_weight": 0.7655723517323191, "id": 0}, {"weight": 1, "random_weight": 0.9891737164831633, "id": 2}, {"weight": 1, "random_weight": 0.01895770871456115, "id": 5}, {"weight": 1, "random_weight": 0.1887992847368971, "id": 23}], [{"weight": 1, "random_weight": 0.37172883070944973, "id": 0}, {"weight": 1, "random_weight": 0.9891737164831633, "id": 1}, {"weight": 2, "random_weight": 0.4749351980158265, "id": 19}, {"weight": 2, "random_weight": 0.9892268501649788, "id": 22}], [{"weight": 2, "random_weight": 0.5424319344021516, "id": 4}, {"weight": 2, "random_weight": 0.9154214831201432, "id": 12}, {"weight": 1, "random_weight": 0.6066324146301356, "id": 13}, {"weight": 1, "random_weight": 0.6812262448056976, "id": 33}, {"weight": 2, "random_weight": 0.7565313585030085, "id": 35}], [{"weight": 2, "random_weight": 0.5424319344021516, "id": 3}, {"weight": 1, "random_weight": 0.3600886531688813, "id": 30}, {"weight": 1, "random_weight": 0.27856870755992635, "id": 31}, {"weight": 2, "random_weight": 0.8267252267045915, "id": 32}, {"weight": 2, "random_weight": 0.0216291583289413, "id": 34}], [{"weight": 1, "random_weight": 0.01895770871456115, "id": 1}, {"weight": 3, "random_weight": 0.9791203908462768, "id": 6}, {"weight": 1, "random_weight": 0.8647333243661331, "id": 17}, {"weight": 3, "random_weight": 0.06688093046976118, "id": 23}, {"weight": 1, "random_weight": 0.09538145637653672, "id": 30}], [{"weight": 3, "random_weight": 0.9791203908462768, "id": 5}, {"weight": 1, "random_weight": 0.612126944694953, "id": 17}, {"weight": 2, "random_weight": 0.19521971680051686, "id": 18}, {"weight": 3, "random_weight": 0.18865537943909916, "id": 25}], [{"weight": 1, "random_weight": 0.8074263158725161, "id": 8}, {"weight": 3, "random_weight": 0.8004428901933189, "id": 9}, {"weight": 3, "random_weight": 0.29703577205300047, "id": 10}, {"weight": 3, "random_weight": 0.5301572124846837, "id": 33}], [{"weight": 1, "random_weight": 0.8074263158725161, "id": 7}, {"weight": 1, "random_weight": 0.8482771594180967, "id": 9}, {"weight": 2, "random_weight": 0.4530175122338286, "id": 10}, {"weight": 1, "random_weight": 0.8544723237749292, "id": 14}], [{"weight": 3, "random_weight": 0.8004428901933189, "id": 7}, {"weight": 1, "random_weight": 0.8482771594180967, "id": 8}, {"weight": 1, "random_weight": 0.9857905562175843, "id": 26}, {"weight": 1, "random_weight": 0.5655559124132521, "id": 33}], [{"weight": 3, "random_weight": 0.29703577205300047, "id": 7}, {"weight": 2, "random_weight": 0.4530175122338286, "id": 8}, {"weight": 1, "random_weight": 0.6182084151334281, "id": 14}, {"weight": 1, "random_weight": 0.032381621552138085, "id": 33}, {"weight": 1, "random_weight": 0.4433891611768116, "id": 35}], [{"weight": 1, "random_weight": 0.033413521036087634, "id": 12}, {"weight": 2, "random_weight": 0.5026893397151507, "id": 13}, {"weight": 1, "random_weight": 0.5985686582207389, "id": 19}, {"weight": 3, "random_weight": 0.9721544053322114, "id": 21}, {"weight": 2, "random_weight": 0.8056330659051643, "id": 26}], [{"weight": 1, "random_weight": 0.27308839993578915, "id": 0}, {"weight": 2, "random_weight": 0.9154214831201432, "id": 3}, {"weight": 1, "random_weight": 0.033413521036087634, "id": 11}, {"weight": 1, "random_weight": 0.7263376611690243, "id": 13}, {"weight": 1, "random_weight": 0.3600252519929439, "id": 19}, {"weight": 1, "random_weight": 0.9332765152341255, "id": 24}, {"weight": 3, "random_weight": 0.7312555249026131, "id": 32}], [{"weight": 1, "random_weight": 0.6066324146301356, "id": 3}, {"weight": 2, "random_weight": 0.5026893397151507, "id": 11}, {"weight": 1, "random_weight": 0.7263376611690243, "id": 12}, {"weight": 2, "random_weight": 0.38645277903101194, "id": 26}, {"weight": 2, "random_weight": 0.10542487172830584, "id": 33}], [{"weight": 1, "random_weight": 0.8544723237749292, "id": 8}, {"weight": 1, "random_weight": 0.6182084151334281, "id": 10}, {"weight": 2, "random_weight": 0.3357947393493109, "id": 15}, {"weight": 2, "random_weight": 0.9034588340445762, "id": 35}], [{"weight": 2, "random_weight": 0.3357947393493109, "id": 14}, {"weight": 2, "random_weight": 0.33335458398867157, "id": 20}, {"weight": 2, "random_weight": 0.09139578184246144, "id": 34}], [{"weight": 2, "random_weight": 0.3836528460815912, "id": 27}, {"weight": 2, "random_weight": 0.631781098536456, "id": 28}], [{"weight": 1, "random_weight": 0.8647333243661331, "id": 5}, {"weight": 1, "random_weight": 0.612126944694953, "id": 6}, {"weight": 3, "random_weight": 0.4612622541918493, "id": 18}, {"weight": 1, "random_weight": 0.6652809353937585, "id": 29}, {"weight": 3, "random_weight": 0.40917603407986336, "id": 30}, {"weight": 1, "random_weight": 0.028562498146970094, "id": 31}], [{"weight": 2, "random_weight": 0.19521971680051686, "id": 6}, {"weight": 3, "random_weight": 0.4612622541918493, "id": 17}, {"weight": 1, "random_weight": 0.9301118061957615, "id": 25}, {"weight": 1, "random_weight": 0.9708761155513292, "id": 29}], [{"weight": 1, "random_weight": 0.24581325985566715, "id": 0}, {"weight": 2, "random_weight": 0.4749351980158265, "id": 2}, {"weight": 1, "random_weight": 0.5985686582207389, "id": 11}, {"weight": 1, "random_weight": 0.3600252519929439, "id": 12}, {"weight": 4, "random_weight": 0.3298233575439393, "id": 21}, {"weight": 1, "random_weight": 0.43619907450810813, "id": 22}], [{"weight": 2, "random_weight": 0.33335458398867157, "id": 15}, {"weight": 4, "random_weight": 0.0010232486028770582, "id": 27}, {"weight": 1, "random_weight": 0.911227056630409, "id": 31}, {"weight": 2, "random_weight": 0.6828317833714592, "id": 34}], [{"weight": 3, "random_weight": 0.9721544053322114, "id": 11}, {"weight": 4, "random_weight": 0.3298233575439393, "id": 19}, {"weight": 1, "random_weight": 0.5134656684350276, "id": 22}], [{"weight": 2, "random_weight": 0.9892268501649788, "id": 2}, {"weight": 1, "random_weight": 0.43619907450810813, "id": 19}, {"weight": 1, "random_weight": 0.5134656684350276, "id": 21}], [{"weight": 1, "random_weight": 0.477520449424195, "id": 0}, {"weight": 1, "random_weight": 0.1887992847368971, "id": 1}, {"weight": 3, "random_weight": 0.06688093046976118, "id": 5}, {"weight": 2, "random_weight": 0.5858610619792232, "id": 24}, {"weight": 1, "random_weight": 0.8840571796906822, "id": 30}, {"weight": 2, "random_weight": 0.4863568485827482, "id": 32}], [{"weight": 3, "random_weight": 0.5154837860141126, "id": 0}, {"weight": 1, "random_weight": 0.9332765152341255, "id": 12}, {"weight": 2, "random_weight": 0.5858610619792232, "id": 23}, {"weight": 2, "random_weight": 0.3315171357933454, "id": 32}], [{"weight": 3, "random_weight": 0.18865537943909916, "id": 6}, {"weight": 1, "random_weight": 0.9301118061957615, "id": 18}], [{"weight": 1, "random_weight": 0.9857905562175843, "id": 9}, {"weight": 2, "random_weight": 0.8056330659051643, "id": 11}, {"weight": 2, "random_weight": 0.38645277903101194, "id": 13}, {"weight": 1, "random_weight": 0.06308501815423773, "id": 33}], [{"weight": 2, "random_weight": 0.3836528460815912, "id": 16}, {"weight": 4, "random_weight": 0.0010232486028770582, "id": 20}, {"weight": 2, "random_weight": 0.9471313789604654, "id": 28}, {"weight": 1, "random_weight": 0.5327963425622911, "id": 31}], [{"weight": 2, "random_weight": 0.631781098536456, "id": 16}, {"weight": 2, "random_weight": 0.9471313789604654, "id": 27}, {"weight": 2, "random_weight": 0.9068225426285478, "id": 29}], [{"weight": 1, "random_weight": 0.6652809353937585, "id": 17}, {"weight": 1, "random_weight": 0.9708761155513292, "id": 18}, {"weight": 2, "random_weight": 0.9068225426285478, "id": 28}, {"weight": 3, "random_weight": 0.8620288898548225, "id": 31}], [{"weight": 1, "random_weight": 0.3600886531688813, "id": 4}, {"weight": 1, "random_weight": 0.09538145637653672, "id": 5}, {"weight": 3, "random_weight": 0.40917603407986336, "id": 17}, {"weight": 1, "random_weight": 0.8840571796906822, "id": 23}, {"weight": 3, "random_weight": 0.8717929241269127, "id": 31}, {"weight": 1, "random_weight": 0.3218543997434662, "id": 32}], [{"weight": 1, "random_weight": 0.27856870755992635, "id": 4}, {"weight": 1, "random_weight": 0.028562498146970094, "id": 17}, {"weight": 1, "random_weight": 0.911227056630409, "id": 20}, {"weight": 1, "random_weight": 0.5327963425622911, "id": 27}, {"weight": 3, "random_weight": 0.8620288898548225, "id": 29}, {"weight": 3, "random_weight": 0.8717929241269127, "id": 30}], [{"weight": 2, "random_weight": 0.8267252267045915, "id": 4}, {"weight": 3, "random_weight": 0.7312555249026131, "id": 12}, {"weight": 2, "random_weight": 0.4863568485827482, "id": 23}, {"weight": 2, "random_weight": 0.3315171357933454, "id": 24}, {"weight": 1, "random_weight": 0.3218543997434662, "id": 30}], [{"weight": 1, "random_weight": 0.6812262448056976, "id": 3}, {"weight": 3, "random_weight": 0.5301572124846837, "id": 7}, {"weight": 1, "random_weight": 0.5655559124132521, "id": 9}, {"weight": 1, "random_weight": 0.032381621552138085, "id": 10}, {"weight": 2, "random_weight": 0.10542487172830584, "id": 13}, {"weight": 1, "random_weight": 0.06308501815423773, "id": 26}, {"weight": 1, "random_weight": 0.9813745347926343, "id": 35}], [{"weight": 2, "random_weight": 0.0216291583289413, "id": 4}, {"weight": 2, "random_weight": 0.09139578184246144, "id": 15}, {"weight": 2, "random_weight": 0.6828317833714592, "id": 20}, {"weight": 2, "random_weight": 0.24200824030712387, "id": 35}], [{"weight": 2, "random_weight": 0.7565313585030085, "id": 3}, {"weight": 1, "random_weight": 0.4433891611768116, "id": 10}, {"weight": 2, "random_weight": 0.9034588340445762, "id": 14}, {"weight": 1, "random_weight": 0.9813745347926343, "id": 33}, {"weight": 2, "random_weight": 0.24200824030712387, "id": 34}]]}