{"directed": false, "multigraph": false, "graph": [], "nodes": [{"graph": null, "nnodes": 4, "nedges": 3, "density": 0.5, "atomics": "[16, 40, 27, 28]", "group_pop": 4, "init_part_assignment": 7, "id": 0}, {"graph": null, "nnodes": 4, "nedges": 4, "density": 0.6666666666666666, "atomics": "[17, 18, 29, 30]", "group_pop": 4, "init_part_assignment": 7, "id": 1}, {"graph": null, "nnodes": 4, "nedges": 3, "density": 0.5, "atomics": "[4, 5, 6, 7]", "group_pop": 4, "init_part_assignment": 5, "id": 2}, {"graph": null, "nnodes": 4, "nedges": 4, "density": 0.6666666666666666, "atomics": "[2, 3, 14, 15]", "group_pop": 4, "init_part_assignment": 5, "id": 3}, {"graph": null, "nnodes": 4, "nedges": 3, "density": 0.5, "atomics": "[89, 101, 102, 103]", "group_pop": 4, "init_part_assignment": 0, "id": 4}, {"graph": null, "nnodes": 4, "nedges": 3, "density": 0.5, "atomics": "[90, 66, 78, 79]", "group_pop": 4, "init_part_assignment": 6, "id": 5}, {"graph": null, "nnodes": 4, "nedges": 3, "density": 0.5, "atomics": "[64, 52, 77, 76]", "group_pop": 4, "init_part_assignment": 7, "id": 6}, {"graph": null, "nnodes": 4, "nedges": 3, "density": 0.5, "atomics": "[8, 9, 10, 11]", "group_pop": 4, "init_part_assignment": 4, "id": 7}, {"graph": null, "nnodes": 4, "nedges": 3, "density": 0.5, "atomics": "[19, 20, 21, 31]", "group_pop": 4, "init_part_assignment": 5, "id": 8}, {"graph": null, "nnodes": 4, "nedges": 3, "density": 0.5, "atomics": "[121, 122, 123, 111]", "group_pop": 4, "init_part_assignment": 9, "id": 9}, {"graph": null, "nnodes": 4, "nedges": 3, "density": 0.5, "atomics": "[120, 132, 133, 134]", "group_pop": 4, "init_part_assignment": 8, "id": 10}, {"graph": null, "nnodes": 4, "nedges": 4, "density": 0.6666666666666666, "atomics": "[96, 97, 108, 109]", "group_pop": 4, "init_part_assignment": 9, "id": 11}, {"graph": null, "nnodes": 4, "nedges": 3, "density": 0.5, "atomics": "[98, 110, 85, 86]", "group_pop": 4, "init_part_assignment": 9, "id": 12}, {"graph": null, "nnodes": 4, "nedges": 4, "density": 0.6666666666666666, "atomics": "[50, 51, 38, 39]", "group_pop": 4, "init_part_assignment": 11, "id": 13}, {"graph": null, "nnodes": 4, "nedges": 4, "density": 0.6666666666666666, "atomics": "[74, 75, 62, 63]", "group_pop": 4, "init_part_assignment": 11, "id": 14}, {"graph": null, "nnodes": 4, "nedges": 3, "density": 0.5, "atomics": "[136, 137, 138, 135]", "group_pop": 4, "init_part_assignment": 8, "id": 15}, {"graph": null, "nnodes": 4, "nedges": 4, "density": 0.6666666666666666, "atomics": "[114, 115, 126, 127]", "group_pop": 4, "init_part_assignment": 8, "id": 16}, {"graph": null, "nnodes": 4, "nedges": 4, "density": 0.6666666666666666, "atomics": "[130, 131, 142, 143]", "group_pop": 4, "init_part_assignment": 3, "id": 17}, {"graph": null, "nnodes": 4, "nedges": 4, "density": 0.6666666666666666, "atomics": "[58, 59, 70, 71]", "group_pop": 4, "init_part_assignment": 1, "id": 18}, {"graph": null, "nnodes": 4, "nedges": 3, "density": 0.5, "atomics": "[32, 33, 34, 46]", "group_pop": 4, "init_part_assignment": 4, "id": 19}, {"graph": null, "nnodes": 4, "nedges": 3, "density": 0.5, "atomics": "[35, 47, 22, 23]", "group_pop": 4, "init_part_assignment": 4, "id": 20}, {"graph": null, "nnodes": 4, "nedges": 4, "density": 0.6666666666666666, "atomics": "[112, 113, 124, 125]", "group_pop": 4, "init_part_assignment": 0, "id": 21}, {"graph": null, "nnodes": 4, "nedges": 3, "density": 0.5, "atomics": "[128, 140, 139, 116]", "group_pop": 4, "init_part_assignment": 3, "id": 22}, {"graph": null, "nnodes": 4, "nedges": 3, "density": 0.5, "atomics": "[24, 0, 12, 36]", "group_pop": 4, "init_part_assignment": 10, "id": 23}, {"graph": null, "nnodes": 4, "nedges": 3, "density": 0.5, "atomics": "[1, 26, 13, 25]", "group_pop": 4, "init_part_assignment": 11, "id": 24}, {"graph": null, "nnodes": 4, "nedges": 3, "density": 0.5, "atomics": "[43, 42, 67, 55]", "group_pop": 4, "init_part_assignment": 6, "id": 25}, {"graph": null, "nnodes": 4, "nedges": 4, "density": 0.6666666666666666, "atomics": "[56, 57, 44, 45]", "group_pop": 4, "init_part_assignment": 1, "id": 26}, {"graph": null, "nnodes": 4, "nedges": 3, "density": 0.5, "atomics": "[72, 48, 84, 60]", "group_pop": 4, "init_part_assignment": 10, "id": 27}, {"graph": null, "nnodes": 4, "nedges": 3, "density": 0.5, "atomics": "[129, 117, 118, 141]", "group_pop": 4, "init_part_assignment": 3, "id": 28}, {"graph": null, "nnodes": 4, "nedges": 4, "density": 0.6666666666666666, "atomics": "[82, 83, 94, 95]", "group_pop": 4, "init_part_assignment": 2, "id": 29}, {"graph": null, "nnodes": 4, "nedges": 3, "density": 0.5, "atomics": "[105, 106, 107, 119]", "group_pop": 4, "init_part_assignment": 2, "id": 30}, {"graph": null, "nnodes": 4, "nedges": 4, "density": 0.6666666666666666, "atomics": "[80, 81, 68, 69]", "group_pop": 4, "init_part_assignment": 1, "id": 31}, {"graph": null, "nnodes": 4, "nedges": 3, "density": 0.5, "atomics": "[104, 91, 92, 93]", "group_pop": 4, "init_part_assignment": 2, "id": 32}, {"graph": null, "nnodes": 4, "nedges": 3, "density": 0.5, "atomics": "[65, 53, 54, 41]", "group_pop": 4, "init_part_assignment": 6, "id": 33}, {"graph": null, "nnodes": 4, "nedges": 3, "density": 0.5, "atomics": "[73, 61, 37, 49]", "group_pop": 4, "init_part_assignment": 10, "id": 34}, {"graph": null, "nnodes": 4, "nedges": 4, "density": 0.6666666666666666, "atomics": "[88, 99, 100, 87]", "group_pop": 4, "init_part_assignment": 0, "id": 35}], "adjacency": [[{"weight": 2, "random_weight": 0.6046642422487623, "id": 1}, {"weight": 1, "random_weight": 0.6891173929464174, "id": 2}, {"weight": 2, "random_weight": 0.8134184969119388, "id": 3}, {"weight": 1, "random_weight": 0.2614025600045623, "id": 6}, {"weight": 2, "random_weight": 0.9124362795921711, "id": 13}, {"weight": 1, "random_weight": 0.05531716090578942, "id": 24}, {"weight": 1, "random_weight": 0.8567095530375374, "id": 33}], [{"weight": 2, "random_weight": 0.6046642422487623, "id": 0}, {"weight": 2, "random_weight": 0.8920898106836843, "id": 2}, {"weight": 2, "random_weight": 0.8246870497465715, "id": 8}, {"weight": 1, "random_weight": 0.9047115422569626, "id": 25}, {"weight": 1, "random_weight": 0.7137354544299327, "id": 33}], [{"weight": 1, "random_weight": 0.6891173929464174, "id": 0}, {"weight": 2, "random_weight": 0.8920898106836843, "id": 1}, {"weight": 1, "random_weight": 0.15037753965748313, "id": 3}, {"weight": 1, "random_weight": 0.0503506983024945, "id": 7}, {"weight": 1, "random_weight": 0.0445463750439935, "id": 8}], [{"weight": 2, "random_weight": 0.8134184969119388, "id": 0}, {"weight": 1, "random_weight": 0.15037753965748313, "id": 2}, {"weight": 3, "random_weight": 0.5954124354967477, "id": 24}], [{"weight": 2, "random_weight": 0.4692490951716275, "id": 5}, {"weight": 1, "random_weight": 0.9135229697900376, "id": 6}, {"weight": 2, "random_weight": 0.9503637165673601, "id": 16}, {"weight": 1, "random_weight": 0.12296243799174345, "id": 21}, {"weight": 2, "random_weight": 0.5025965071510544, "id": 32}, {"weight": 2, "random_weight": 0.09499669804611699, "id": 35}], [{"weight": 2, "random_weight": 0.4692490951716275, "id": 4}, {"weight": 1, "random_weight": 0.9078587620396577, "id": 6}, {"weight": 2, "random_weight": 0.3752014775798088, "id": 25}, {"weight": 1, "random_weight": 0.0430018521621538, "id": 31}, {"weight": 2, "random_weight": 0.8517918262659134, "id": 32}, {"weight": 2, "random_weight": 0.02801813595940572, "id": 33}], [{"weight": 1, "random_weight": 0.2614025600045623, "id": 0}, {"weight": 1, "random_weight": 0.9135229697900376, "id": 4}, {"weight": 1, "random_weight": 0.9078587620396577, "id": 5}, {"weight": 1, "random_weight": 0.8338573408845151, "id": 13}, {"weight": 2, "random_weight": 0.6134520652880778, "id": 14}, {"weight": 3, "random_weight": 0.49330171327767947, "id": 33}, {"weight": 1, "random_weight": 0.7803500446319694, "id": 35}], [{"weight": 1, "random_weight": 0.0503506983024945, "id": 2}, {"weight": 2, "random_weight": 0.7719559718924224, "id": 8}, {"weight": 2, "random_weight": 0.21171658103027913, "id": 20}], [{"weight": 2, "random_weight": 0.8246870497465715, "id": 1}, {"weight": 1, "random_weight": 0.0445463750439935, "id": 2}, {"weight": 2, "random_weight": 0.7719559718924224, "id": 7}, {"weight": 3, "random_weight": 0.568493934564868, "id": 19}, {"weight": 1, "random_weight": 0.8661862434142512, "id": 20}, {"weight": 1, "random_weight": 0.018473483969940863, "id": 25}], [{"weight": 3, "random_weight": 0.3760392516657223, "id": 10}, {"weight": 1, "random_weight": 0.32994657418224405, "id": 11}, {"weight": 2, "random_weight": 0.16587170605523893, "id": 12}, {"weight": 1, "random_weight": 0.7627374110084132, "id": 15}, {"weight": 2, "random_weight": 0.6201655824916712, "id": 21}, {"weight": 1, "random_weight": 0.6294118265814663, "id": 35}], [{"weight": 3, "random_weight": 0.3760392516657223, "id": 9}, {"weight": 1, "random_weight": 0.5858812222390466, "id": 11}, {"weight": 1, "random_weight": 0.1708757362649198, "id": 15}], [{"weight": 1, "random_weight": 0.32994657418224405, "id": 9}, {"weight": 1, "random_weight": 0.5858812222390466, "id": 10}, {"weight": 3, "random_weight": 0.5951394082985249, "id": 12}, {"weight": 1, "random_weight": 0.48246687248162123, "id": 27}], [{"weight": 2, "random_weight": 0.16587170605523893, "id": 9}, {"weight": 3, "random_weight": 0.5951394082985249, "id": 11}, {"weight": 1, "random_weight": 0.7590302657446059, "id": 14}, {"weight": 1, "random_weight": 0.11257107503271824, "id": 27}, {"weight": 1, "random_weight": 0.946143927737502, "id": 34}, {"weight": 2, "random_weight": 0.5848818351475882, "id": 35}], [{"weight": 2, "random_weight": 0.9124362795921711, "id": 0}, {"weight": 1, "random_weight": 0.8338573408845151, "id": 6}, {"weight": 2, "random_weight": 0.4959565190858638, "id": 14}, {"weight": 1, "random_weight": 0.3576418754070293, "id": 24}, {"weight": 2, "random_weight": 0.04176694221039845, "id": 34}], [{"weight": 2, "random_weight": 0.6134520652880778, "id": 6}, {"weight": 1, "random_weight": 0.7590302657446059, "id": 12}, {"weight": 2, "random_weight": 0.4959565190858638, "id": 13}, {"weight": 2, "random_weight": 0.6993584572657033, "id": 34}, {"weight": 1, "random_weight": 0.929277224763768, "id": 35}], [{"weight": 1, "random_weight": 0.7627374110084132, "id": 9}, {"weight": 1, "random_weight": 0.1708757362649198, "id": 10}, {"weight": 1, "random_weight": 0.2854205894030619, "id": 16}, {"weight": 2, "random_weight": 0.7277954523870234, "id": 21}, {"weight": 1, "random_weight": 0.5209116286225703, "id": 22}], [{"weight": 2, "random_weight": 0.9503637165673601, "id": 4}, {"weight": 1, "random_weight": 0.2854205894030619, "id": 15}, {"weight": 2, "random_weight": 0.5226938368591147, "id": 21}, {"weight": 3, "random_weight": 0.7906938578037759, "id": 22}], [{"weight": 3, "random_weight": 0.31424152470306144, "id": 28}, {"weight": 1, "random_weight": 0.7843221597113159, "id": 30}], [{"weight": 1, "random_weight": 0.7714676743311837, "id": 19}, {"weight": 1, "random_weight": 0.8817593853336041, "id": 20}, {"weight": 1, "random_weight": 0.3539635594948104, "id": 26}, {"weight": 2, "random_weight": 0.7815205190217914, "id": 29}, {"weight": 1, "random_weight": 0.8413019454795203, "id": 31}], [{"weight": 3, "random_weight": 0.568493934564868, "id": 8}, {"weight": 1, "random_weight": 0.7714676743311837, "id": 18}, {"weight": 3, "random_weight": 0.15694368741915488, "id": 20}, {"weight": 3, "random_weight": 0.9925494506379123, "id": 26}], [{"weight": 2, "random_weight": 0.21171658103027913, "id": 7}, {"weight": 1, "random_weight": 0.8661862434142512, "id": 8}, {"weight": 1, "random_weight": 0.8817593853336041, "id": 18}, {"weight": 3, "random_weight": 0.15694368741915488, "id": 19}], [{"weight": 1, "random_weight": 0.12296243799174345, "id": 4}, {"weight": 2, "random_weight": 0.6201655824916712, "id": 9}, {"weight": 2, "random_weight": 0.7277954523870234, "id": 15}, {"weight": 2, "random_weight": 0.5226938368591147, "id": 16}, {"weight": 1, "random_weight": 0.5043382104350559, "id": 35}], [{"weight": 1, "random_weight": 0.5209116286225703, "id": 15}, {"weight": 3, "random_weight": 0.7906938578037759, "id": 16}, {"weight": 3, "random_weight": 0.7009723756065722, "id": 28}, {"weight": 1, "random_weight": 0.6765375685609024, "id": 32}], [{"weight": 3, "random_weight": 0.5116039210447952, "id": 24}, {"weight": 1, "random_weight": 0.1427532092822773, "id": 27}, {"weight": 1, "random_weight": 0.33766651545299253, "id": 34}], [{"weight": 1, "random_weight": 0.05531716090578942, "id": 0}, {"weight": 3, "random_weight": 0.5954124354967477, "id": 3}, {"weight": 1, "random_weight": 0.3576418754070293, "id": 13}, {"weight": 3, "random_weight": 0.5116039210447952, "id": 23}, {"weight": 1, "random_weight": 0.4884442014868555, "id": 34}], [{"weight": 1, "random_weight": 0.9047115422569626, "id": 1}, {"weight": 2, "random_weight": 0.3752014775798088, "id": 5}, {"weight": 1, "random_weight": 0.018473483969940863, "id": 8}, {"weight": 2, "random_weight": 0.8347959691485687, "id": 26}, {"weight": 1, "random_weight": 0.7334659514970738, "id": 31}, {"weight": 3, "random_weight": 0.5083219983565115, "id": 33}], [{"weight": 1, "random_weight": 0.3539635594948104, "id": 18}, {"weight": 3, "random_weight": 0.9925494506379123, "id": 19}, {"weight": 2, "random_weight": 0.8347959691485687, "id": 25}, {"weight": 2, "random_weight": 0.06805937014536312, "id": 31}], [{"weight": 1, "random_weight": 0.48246687248162123, "id": 11}, {"weight": 1, "random_weight": 0.11257107503271824, "id": 12}, {"weight": 1, "random_weight": 0.1427532092822773, "id": 23}, {"weight": 3, "random_weight": 0.3542926917410537, "id": 34}], [{"weight": 3, "random_weight": 0.31424152470306144, "id": 17}, {"weight": 3, "random_weight": 0.7009723756065722, "id": 22}, {"weight": 3, "random_weight": 0.715586410664559, "id": 30}], [{"weight": 2, "random_weight": 0.7815205190217914, "id": 18}, {"weight": 2, "random_weight": 0.4873899984920105, "id": 30}, {"weight": 1, "random_weight": 0.7113567560150894, "id": 31}, {"weight": 1, "random_weight": 0.31129413990655164, "id": 32}], [{"weight": 1, "random_weight": 0.7843221597113159, "id": 17}, {"weight": 3, "random_weight": 0.715586410664559, "id": 28}, {"weight": 2, "random_weight": 0.4873899984920105, "id": 29}, {"weight": 2, "random_weight": 0.9410657506316927, "id": 32}], [{"weight": 1, "random_weight": 0.0430018521621538, "id": 5}, {"weight": 1, "random_weight": 0.8413019454795203, "id": 18}, {"weight": 1, "random_weight": 0.7334659514970738, "id": 25}, {"weight": 2, "random_weight": 0.06805937014536312, "id": 26}, {"weight": 1, "random_weight": 0.7113567560150894, "id": 29}, {"weight": 2, "random_weight": 0.7768255832247343, "id": 32}], [{"weight": 2, "random_weight": 0.5025965071510544, "id": 4}, {"weight": 2, "random_weight": 0.8517918262659134, "id": 5}, {"weight": 1, "random_weight": 0.6765375685609024, "id": 22}, {"weight": 1, "random_weight": 0.31129413990655164, "id": 29}, {"weight": 2, "random_weight": 0.9410657506316927, "id": 30}, {"weight": 2, "random_weight": 0.7768255832247343, "id": 31}], [{"weight": 1, "random_weight": 0.8567095530375374, "id": 0}, {"weight": 1, "random_weight": 0.7137354544299327, "id": 1}, {"weight": 2, "random_weight": 0.02801813595940572, "id": 5}, {"weight": 3, "random_weight": 0.49330171327767947, "id": 6}, {"weight": 3, "random_weight": 0.5083219983565115, "id": 25}], [{"weight": 1, "random_weight": 0.946143927737502, "id": 12}, {"weight": 2, "random_weight": 0.04176694221039845, "id": 13}, {"weight": 2, "random_weight": 0.6993584572657033, "id": 14}, {"weight": 1, "random_weight": 0.33766651545299253, "id": 23}, {"weight": 1, "random_weight": 0.4884442014868555, "id": 24}, {"weight": 3, "random_weight": 0.3542926917410537, "id": 27}], [{"weight": 2, "random_weight": 0.09499669804611699, "id": 4}, {"weight": 1, "random_weight": 0.7803500446319694, "id": 6}, {"weight": 1, "random_weight": 0.6294118265814663, "id": 9}, {"weight": 2, "random_weight": 0.5848818351475882, "id": 12}, {"weight": 1, "random_weight": 0.929277224763768, "id": 14}, {"weight": 1, "random_weight": 0.5043382104350559, "id": 21}]]}