{"directed": false, "multigraph": false, "graph": [], "nodes": [{"graph": null, "nnodes": 4, "nedges": 4, "density": 0.6666666666666666, "atomics": "[16, 3, 4, 15]", "group_pop": 4, "init_part_assignment": 0, "id": 0}, {"graph": null, "nnodes": 4, "nedges": 4, "density": 0.6666666666666666, "atomics": "[17, 18, 5, 6]", "group_pop": 4, "init_part_assignment": 0, "id": 1}, {"graph": null, "nnodes": 4, "nedges": 4, "density": 0.6666666666666666, "atomics": "[88, 89, 76, 77]", "group_pop": 4, "init_part_assignment": 8, "id": 2}, {"graph": null, "nnodes": 4, "nedges": 3, "density": 0.5, "atomics": "[90, 115, 102, 114]", "group_pop": 4, "init_part_assignment": 7, "id": 3}, {"graph": null, "nnodes": 4, "nedges": 3, "density": 0.5, "atomics": "[80, 92, 78, 79]", "group_pop": 4, "init_part_assignment": 8, "id": 4}, {"graph": null, "nnodes": 4, "nedges": 3, "density": 0.5, "atomics": "[8, 9, 19, 7]", "group_pop": 4, "init_part_assignment": 0, "id": 5}, {"graph": null, "nnodes": 4, "nedges": 4, "density": 0.6666666666666666, "atomics": "[32, 33, 20, 21]", "group_pop": 4, "init_part_assignment": 1, "id": 6}, {"graph": null, "nnodes": 4, "nedges": 4, "density": 0.6666666666666666, "atomics": "[121, 122, 133, 134]", "group_pop": 4, "init_part_assignment": 6, "id": 7}, {"graph": null, "nnodes": 4, "nedges": 3, "density": 0.5, "atomics": "[120, 132, 108, 109]", "group_pop": 4, "init_part_assignment": 4, "id": 8}, {"graph": null, "nnodes": 4, "nedges": 4, "density": 0.6666666666666666, "atomics": "[98, 99, 110, 111]", "group_pop": 4, "init_part_assignment": 6, "id": 9}, {"graph": null, "nnodes": 4, "nedges": 3, "density": 0.5, "atomics": "[38, 50, 62, 63]", "group_pop": 4, "init_part_assignment": 3, "id": 10}, {"graph": null, "nnodes": 4, "nedges": 3, "density": 0.5, "atomics": "[51, 26, 27, 39]", "group_pop": 4, "init_part_assignment": 2, "id": 11}, {"graph": null, "nnodes": 4, "nedges": 4, "density": 0.6666666666666666, "atomics": "[64, 65, 52, 53]", "group_pop": 4, "init_part_assignment": 5, "id": 12}, {"graph": null, "nnodes": 4, "nedges": 4, "density": 0.6666666666666666, "atomics": "[136, 123, 124, 135]", "group_pop": 4, "init_part_assignment": 6, "id": 13}, {"graph": null, "nnodes": 4, "nedges": 4, "density": 0.6666666666666666, "atomics": "[137, 138, 125, 126]", "group_pop": 4, "init_part_assignment": 7, "id": 14}, {"graph": null, "nnodes": 4, "nedges": 3, "density": 0.5, "atomics": "[143, 130, 131, 119]", "group_pop": 4, "init_part_assignment": 9, "id": 15}, {"graph": null, "nnodes": 4, "nedges": 3, "density": 0.5, "atomics": "[129, 117, 142, 141]", "group_pop": 4, "init_part_assignment": 9, "id": 16}, {"graph": null, "nnodes": 4, "nedges": 4, "density": 0.6666666666666666, "atomics": "[58, 59, 70, 71]", "group_pop": 4, "init_part_assignment": 10, "id": 17}, {"graph": null, "nnodes": 4, "nedges": 4, "density": 0.6666666666666666, "atomics": "[34, 35, 46, 47]", "group_pop": 4, "init_part_assignment": 1, "id": 18}, {"graph": null, "nnodes": 4, "nedges": 3, "density": 0.5, "atomics": "[40, 28, 29, 30]", "group_pop": 4, "init_part_assignment": 5, "id": 19}, {"graph": null, "nnodes": 4, "nedges": 4, "density": 0.6666666666666666, "atomics": "[128, 139, 140, 127]", "group_pop": 4, "init_part_assignment": 7, "id": 20}, {"graph": null, "nnodes": 4, "nedges": 3, "density": 0.5, "atomics": "[24, 0, 12, 25]", "group_pop": 4, "init_part_assignment": 2, "id": 21}, {"graph": null, "nnodes": 4, "nedges": 4, "density": 0.6666666666666666, "atomics": "[1, 2, 13, 14]", "group_pop": 4, "init_part_assignment": 2, "id": 22}, {"graph": null, "nnodes": 4, "nedges": 3, "density": 0.5, "atomics": "[41, 42, 66, 54]", "group_pop": 4, "init_part_assignment": 5, "id": 23}, {"graph": null, "nnodes": 4, "nedges": 3, "density": 0.5, "atomics": "[43, 67, 31, 55]", "group_pop": 4, "init_part_assignment": 11, "id": 24}, {"graph": null, "nnodes": 4, "nedges": 4, "density": 0.6666666666666666, "atomics": "[10, 11, 22, 23]", "group_pop": 4, "init_part_assignment": 1, "id": 25}, {"graph": null, "nnodes": 4, "nedges": 3, "density": 0.5, "atomics": "[56, 44, 45, 68]", "group_pop": 4, "init_part_assignment": 11, "id": 26}, {"graph": null, "nnodes": 4, "nedges": 4, "density": 0.6666666666666666, "atomics": "[72, 73, 60, 61]", "group_pop": 4, "init_part_assignment": 3, "id": 27}, {"graph": null, "nnodes": 4, "nedges": 4, "density": 0.6666666666666666, "atomics": "[48, 49, 36, 37]", "group_pop": 4, "init_part_assignment": 3, "id": 28}, {"graph": null, "nnodes": 4, "nedges": 4, "density": 0.6666666666666666, "atomics": "[96, 97, 84, 85]", "group_pop": 4, "init_part_assignment": 4, "id": 29}, {"graph": null, "nnodes": 4, "nedges": 3, "density": 0.5, "atomics": "[105, 106, 118, 94]", "group_pop": 4, "init_part_assignment": 10, "id": 30}, {"graph": null, "nnodes": 4, "nedges": 3, "density": 0.5, "atomics": "[83, 82, 107, 95]", "group_pop": 4, "init_part_assignment": 10, "id": 31}, {"graph": null, "nnodes": 4, "nedges": 3, "density": 0.5, "atomics": "[81, 93, 69, 57]", "group_pop": 4, "init_part_assignment": 11, "id": 32}, {"graph": null, "nnodes": 4, "nedges": 4, "density": 0.6666666666666666, "atomics": "[74, 75, 86, 87]", "group_pop": 4, "init_part_assignment": 4, "id": 33}, {"graph": null, "nnodes": 4, "nedges": 3, "density": 0.5, "atomics": "[104, 91, 116, 103]", "group_pop": 4, "init_part_assignment": 9, "id": 34}, {"graph": null, "nnodes": 4, "nedges": 4, "density": 0.6666666666666666, "atomics": "[112, 113, 100, 101]", "group_pop": 4, "init_part_assignment": 8, "id": 35}], "adjacency": [[{"weight": 2, "random_weight": 0.2860700712968379, "id": 1}, {"weight": 1, "random_weight": 0.44771525387172517, "id": 11}, {"weight": 1, "random_weight": 0.06534740795076277, "id": 19}, {"weight": 2, "random_weight": 0.9927073331317373, "id": 22}], [{"weight": 2, "random_weight": 0.2860700712968379, "id": 0}, {"weight": 2, "random_weight": 0.4140198396826439, "id": 5}, {"weight": 2, "random_weight": 0.39259537741100403, "id": 19}], [{"weight": 1, "random_weight": 0.9764499929386202, "id": 3}, {"weight": 1, "random_weight": 0.42475471907441087, "id": 4}, {"weight": 2, "random_weight": 0.7737668518986042, "id": 12}, {"weight": 2, "random_weight": 0.9456801986375967, "id": 33}, {"weight": 2, "random_weight": 0.37520578172503816, "id": 35}], [{"weight": 1, "random_weight": 0.9764499929386202, "id": 2}, {"weight": 1, "random_weight": 0.5679584893129632, "id": 4}, {"weight": 1, "random_weight": 0.09997066582201342, "id": 14}, {"weight": 1, "random_weight": 0.06774096099804838, "id": 20}, {"weight": 4, "random_weight": 0.724318673319759, "id": 34}, {"weight": 2, "random_weight": 0.869448939955533, "id": 35}], [{"weight": 1, "random_weight": 0.42475471907441087, "id": 2}, {"weight": 1, "random_weight": 0.5679584893129632, "id": 3}, {"weight": 1, "random_weight": 0.8007386428801809, "id": 23}, {"weight": 1, "random_weight": 0.3081668153977509, "id": 24}, {"weight": 1, "random_weight": 0.5052091178631825, "id": 26}, {"weight": 2, "random_weight": 0.581663118546977, "id": 32}, {"weight": 3, "random_weight": 0.4888220560564668, "id": 34}], [{"weight": 2, "random_weight": 0.4140198396826439, "id": 1}, {"weight": 3, "random_weight": 0.6064795408567196, "id": 6}, {"weight": 1, "random_weight": 0.9958006556281273, "id": 24}, {"weight": 1, "random_weight": 0.7833579794317721, "id": 25}], [{"weight": 3, "random_weight": 0.6064795408567196, "id": 5}, {"weight": 1, "random_weight": 0.6284504123598902, "id": 18}, {"weight": 1, "random_weight": 0.005594688069881615, "id": 24}, {"weight": 1, "random_weight": 0.5739409373645431, "id": 25}, {"weight": 2, "random_weight": 0.3740251741972712, "id": 26}], [{"weight": 3, "random_weight": 0.6938692786062265, "id": 8}, {"weight": 1, "random_weight": 0.2707242268296709, "id": 9}, {"weight": 2, "random_weight": 0.6253820904948622, "id": 13}], [{"weight": 3, "random_weight": 0.6938692786062265, "id": 7}, {"weight": 1, "random_weight": 0.8823150890024456, "id": 9}, {"weight": 2, "random_weight": 0.3824039310995213, "id": 29}], [{"weight": 1, "random_weight": 0.2707242268296709, "id": 7}, {"weight": 1, "random_weight": 0.8823150890024456, "id": 8}, {"weight": 1, "random_weight": 0.2899076832057601, "id": 13}, {"weight": 1, "random_weight": 0.19425178999245496, "id": 29}, {"weight": 2, "random_weight": 0.5514778613422853, "id": 33}, {"weight": 2, "random_weight": 0.23600225187314972, "id": 35}], [{"weight": 4, "random_weight": 0.882717173742742, "id": 11}, {"weight": 1, "random_weight": 0.907316334761538, "id": 12}, {"weight": 1, "random_weight": 0.12235546723557766, "id": 27}, {"weight": 2, "random_weight": 0.7217263495360391, "id": 28}, {"weight": 2, "random_weight": 0.4307635515171029, "id": 33}], [{"weight": 1, "random_weight": 0.44771525387172517, "id": 0}, {"weight": 4, "random_weight": 0.882717173742742, "id": 10}, {"weight": 1, "random_weight": 0.48783265967107625, "id": 12}, {"weight": 2, "random_weight": 0.11799794586773049, "id": 19}, {"weight": 1, "random_weight": 0.5153686916761373, "id": 21}, {"weight": 1, "random_weight": 0.37356158048820665, "id": 22}], [{"weight": 2, "random_weight": 0.7737668518986042, "id": 2}, {"weight": 1, "random_weight": 0.907316334761538, "id": 10}, {"weight": 1, "random_weight": 0.48783265967107625, "id": 11}, {"weight": 1, "random_weight": 0.01863429550764839, "id": 19}, {"weight": 3, "random_weight": 0.39632117683828405, "id": 23}], [{"weight": 2, "random_weight": 0.6253820904948622, "id": 7}, {"weight": 1, "random_weight": 0.2899076832057601, "id": 9}, {"weight": 2, "random_weight": 0.7773797984966156, "id": 14}, {"weight": 1, "random_weight": 0.9817761013845803, "id": 35}], [{"weight": 1, "random_weight": 0.09997066582201342, "id": 3}, {"weight": 2, "random_weight": 0.7773797984966156, "id": 13}, {"weight": 2, "random_weight": 0.8637829858003881, "id": 20}, {"weight": 1, "random_weight": 0.7947658445600995, "id": 35}], [{"weight": 3, "random_weight": 0.27648580944753465, "id": 16}, {"weight": 2, "random_weight": 0.2781996084121522, "id": 30}, {"weight": 1, "random_weight": 0.7302482580284232, "id": 31}], [{"weight": 3, "random_weight": 0.27648580944753465, "id": 15}, {"weight": 2, "random_weight": 0.060171023946190894, "id": 20}, {"weight": 2, "random_weight": 0.7601229684071095, "id": 30}, {"weight": 1, "random_weight": 0.11807624463462696, "id": 34}], [{"weight": 2, "random_weight": 0.9278925856294928, "id": 18}, {"weight": 2, "random_weight": 0.17820283343748988, "id": 31}, {"weight": 2, "random_weight": 0.185209764899114, "id": 32}], [{"weight": 1, "random_weight": 0.6284504123598902, "id": 6}, {"weight": 2, "random_weight": 0.9278925856294928, "id": 17}, {"weight": 2, "random_weight": 0.8421769001974341, "id": 25}, {"weight": 1, "random_weight": 0.7958748313933736, "id": 26}], [{"weight": 1, "random_weight": 0.06534740795076277, "id": 0}, {"weight": 2, "random_weight": 0.39259537741100403, "id": 1}, {"weight": 2, "random_weight": 0.11799794586773049, "id": 11}, {"weight": 1, "random_weight": 0.01863429550764839, "id": 12}, {"weight": 3, "random_weight": 0.5991838866634326, "id": 23}, {"weight": 1, "random_weight": 0.7859086570114899, "id": 24}], [{"weight": 1, "random_weight": 0.06774096099804838, "id": 3}, {"weight": 2, "random_weight": 0.8637829858003881, "id": 14}, {"weight": 2, "random_weight": 0.060171023946190894, "id": 16}, {"weight": 1, "random_weight": 0.9466417183597677, "id": 34}], [{"weight": 1, "random_weight": 0.5153686916761373, "id": 11}, {"weight": 3, "random_weight": 0.8584587168665347, "id": 22}, {"weight": 2, "random_weight": 0.5452515895512203, "id": 28}], [{"weight": 2, "random_weight": 0.9927073331317373, "id": 0}, {"weight": 1, "random_weight": 0.37356158048820665, "id": 11}, {"weight": 3, "random_weight": 0.8584587168665347, "id": 21}], [{"weight": 1, "random_weight": 0.8007386428801809, "id": 4}, {"weight": 3, "random_weight": 0.39632117683828405, "id": 12}, {"weight": 3, "random_weight": 0.5991838866634326, "id": 19}, {"weight": 3, "random_weight": 0.7306961911186696, "id": 24}], [{"weight": 1, "random_weight": 0.3081668153977509, "id": 4}, {"weight": 1, "random_weight": 0.9958006556281273, "id": 5}, {"weight": 1, "random_weight": 0.005594688069881615, "id": 6}, {"weight": 1, "random_weight": 0.7859086570114899, "id": 19}, {"weight": 3, "random_weight": 0.7306961911186696, "id": 23}, {"weight": 3, "random_weight": 0.3781323683109383, "id": 26}], [{"weight": 1, "random_weight": 0.7833579794317721, "id": 5}, {"weight": 1, "random_weight": 0.5739409373645431, "id": 6}, {"weight": 2, "random_weight": 0.8421769001974341, "id": 18}], [{"weight": 1, "random_weight": 0.5052091178631825, "id": 4}, {"weight": 2, "random_weight": 0.3740251741972712, "id": 6}, {"weight": 1, "random_weight": 0.7958748313933736, "id": 18}, {"weight": 3, "random_weight": 0.3781323683109383, "id": 24}, {"weight": 3, "random_weight": 0.2740794199431378, "id": 32}], [{"weight": 1, "random_weight": 0.12235546723557766, "id": 10}, {"weight": 2, "random_weight": 0.6957466920247847, "id": 28}, {"weight": 2, "random_weight": 0.3964233236763228, "id": 29}, {"weight": 1, "random_weight": 0.09141695917633197, "id": 33}], [{"weight": 2, "random_weight": 0.7217263495360391, "id": 10}, {"weight": 2, "random_weight": 0.5452515895512203, "id": 21}, {"weight": 2, "random_weight": 0.6957466920247847, "id": 27}], [{"weight": 2, "random_weight": 0.3824039310995213, "id": 8}, {"weight": 1, "random_weight": 0.19425178999245496, "id": 9}, {"weight": 2, "random_weight": 0.3964233236763228, "id": 27}, {"weight": 1, "random_weight": 0.23083504781191622, "id": 33}], [{"weight": 2, "random_weight": 0.2781996084121522, "id": 15}, {"weight": 2, "random_weight": 0.7601229684071095, "id": 16}, {"weight": 3, "random_weight": 0.10037600977431449, "id": 31}, {"weight": 2, "random_weight": 0.3410841319345558, "id": 32}, {"weight": 1, "random_weight": 0.05209332331597927, "id": 34}], [{"weight": 1, "random_weight": 0.7302482580284232, "id": 15}, {"weight": 2, "random_weight": 0.17820283343748988, "id": 17}, {"weight": 3, "random_weight": 0.10037600977431449, "id": 30}, {"weight": 1, "random_weight": 0.39164246030486316, "id": 32}], [{"weight": 2, "random_weight": 0.581663118546977, "id": 4}, {"weight": 2, "random_weight": 0.185209764899114, "id": 17}, {"weight": 3, "random_weight": 0.2740794199431378, "id": 26}, {"weight": 2, "random_weight": 0.3410841319345558, "id": 30}, {"weight": 1, "random_weight": 0.39164246030486316, "id": 31}], [{"weight": 2, "random_weight": 0.9456801986375967, "id": 2}, {"weight": 2, "random_weight": 0.5514778613422853, "id": 9}, {"weight": 2, "random_weight": 0.4307635515171029, "id": 10}, {"weight": 1, "random_weight": 0.09141695917633197, "id": 27}, {"weight": 1, "random_weight": 0.23083504781191622, "id": 29}], [{"weight": 4, "random_weight": 0.724318673319759, "id": 3}, {"weight": 3, "random_weight": 0.4888220560564668, "id": 4}, {"weight": 1, "random_weight": 0.11807624463462696, "id": 16}, {"weight": 1, "random_weight": 0.9466417183597677, "id": 20}, {"weight": 1, "random_weight": 0.05209332331597927, "id": 30}], [{"weight": 2, "random_weight": 0.37520578172503816, "id": 2}, {"weight": 2, "random_weight": 0.869448939955533, "id": 3}, {"weight": 2, "random_weight": 0.23600225187314972, "id": 9}, {"weight": 1, "random_weight": 0.9817761013845803, "id": 13}, {"weight": 1, "random_weight": 0.7947658445600995, "id": 14}]]}