{"directed": false, "multigraph": false, "graph": [], "nodes": [{"graph": null, "nnodes": 4, "nedges": 4, "density": 0.6666666666666666, "atomics": "[16, 3, 4, 15]", "group_pop": 4, "init_part_assignment": 1, "id": 0}, {"graph": null, "nnodes": 4, "nedges": 4, "density": 0.6666666666666666, "atomics": "[17, 18, 5, 6]", "group_pop": 4, "init_part_assignment": 0, "id": 1}, {"graph": null, "nnodes": 4, "nedges": 4, "density": 0.6666666666666666, "atomics": "[89, 90, 101, 102]", "group_pop": 4, "init_part_assignment": 11, "id": 2}, {"graph": null, "nnodes": 4, "nedges": 4, "density": 0.6666666666666666, "atomics": "[64, 65, 76, 77]", "group_pop": 4, "init_part_assignment": 10, "id": 3}, {"graph": null, "nnodes": 4, "nedges": 3, "density": 0.5, "atomics": "[66, 67, 78, 55]", "group_pop": 4, "init_part_assignment": 10, "id": 4}, {"graph": null, "nnodes": 4, "nedges": 4, "density": 0.6666666666666666, "atomics": "[8, 9, 20, 21]", "group_pop": 4, "init_part_assignment": 5, "id": 5}, {"graph": null, "nnodes": 4, "nedges": 3, "density": 0.5, "atomics": "[19, 43, 7, 31]", "group_pop": 4, "init_part_assignment": 10, "id": 6}, {"graph": null, "nnodes": 4, "nedges": 4, "density": 0.6666666666666666, "atomics": "[120, 121, 132, 133]", "group_pop": 4, "init_part_assignment": 6, "id": 7}, {"graph": null, "nnodes": 4, "nedges": 3, "density": 0.5, "atomics": "[122, 134, 110, 111]", "group_pop": 4, "init_part_assignment": 6, "id": 8}, {"graph": null, "nnodes": 4, "nedges": 4, "density": 0.6666666666666666, "atomics": "[96, 97, 108, 109]", "group_pop": 4, "init_part_assignment": 6, "id": 9}, {"graph": null, "nnodes": 4, "nedges": 3, "density": 0.5, "atomics": "[48, 49, 50, 60]", "group_pop": 4, "init_part_assignment": 4, "id": 10}, {"graph": null, "nnodes": 4, "nedges": 3, "density": 0.5, "atomics": "[41, 51, 52, 53]", "group_pop": 4, "init_part_assignment": 4, "id": 11}, {"graph": null, "nnodes": 4, "nedges": 3, "density": 0.5, "atomics": "[88, 75, 63, 87]", "group_pop": 4, "init_part_assignment": 11, "id": 12}, {"graph": null, "nnodes": 4, "nedges": 4, "density": 0.6666666666666666, "atomics": "[136, 123, 124, 135]", "group_pop": 4, "init_part_assignment": 8, "id": 13}, {"graph": null, "nnodes": 4, "nedges": 3, "density": 0.5, "atomics": "[137, 138, 139, 127]", "group_pop": 4, "init_part_assignment": 8, "id": 14}, {"graph": null, "nnodes": 4, "nedges": 4, "density": 0.6666666666666666, "atomics": "[113, 114, 125, 126]", "group_pop": 4, "init_part_assignment": 8, "id": 15}, {"graph": null, "nnodes": 4, "nedges": 4, "density": 0.6666666666666666, "atomics": "[130, 131, 142, 143]", "group_pop": 4, "init_part_assignment": 7, "id": 16}, {"graph": null, "nnodes": 4, "nedges": 4, "density": 0.6666666666666666, "atomics": "[58, 59, 70, 71]", "group_pop": 4, "init_part_assignment": 2, "id": 17}, {"graph": null, "nnodes": 4, "nedges": 4, "density": 0.6666666666666666, "atomics": "[34, 35, 46, 47]", "group_pop": 4, "init_part_assignment": 2, "id": 18}, {"graph": null, "nnodes": 4, "nedges": 4, "density": 0.6666666666666666, "atomics": "[40, 27, 28, 39]", "group_pop": 4, "init_part_assignment": 0, "id": 19}, {"graph": null, "nnodes": 4, "nedges": 4, "density": 0.6666666666666666, "atomics": "[128, 129, 140, 141]", "group_pop": 4, "init_part_assignment": 7, "id": 20}, {"graph": null, "nnodes": 4, "nedges": 3, "density": 0.5, "atomics": "[24, 0, 12, 36]", "group_pop": 4, "init_part_assignment": 1, "id": 21}, {"graph": null, "nnodes": 4, "nedges": 4, "density": 0.6666666666666666, "atomics": "[1, 2, 13, 14]", "group_pop": 4, "init_part_assignment": 1, "id": 22}, {"graph": null, "nnodes": 4, "nedges": 4, "density": 0.6666666666666666, "atomics": "[32, 33, 44, 45]", "group_pop": 4, "init_part_assignment": 5, "id": 23}, {"graph": null, "nnodes": 4, "nedges": 3, "density": 0.5, "atomics": "[42, 29, 54, 30]", "group_pop": 4, "init_part_assignment": 0, "id": 24}, {"graph": null, "nnodes": 4, "nedges": 4, "density": 0.6666666666666666, "atomics": "[10, 11, 22, 23]", "group_pop": 4, "init_part_assignment": 2, "id": 25}, {"graph": null, "nnodes": 4, "nedges": 4, "density": 0.6666666666666666, "atomics": "[72, 73, 84, 85]", "group_pop": 4, "init_part_assignment": 9, "id": 26}, {"graph": null, "nnodes": 4, "nedges": 3, "density": 0.5, "atomics": "[106, 118, 117, 94]", "group_pop": 4, "init_part_assignment": 7, "id": 27}, {"graph": null, "nnodes": 4, "nedges": 3, "density": 0.5, "atomics": "[83, 107, 95, 119]", "group_pop": 4, "init_part_assignment": 3, "id": 28}, {"graph": null, "nnodes": 4, "nedges": 3, "density": 0.5, "atomics": "[81, 82, 93, 105]", "group_pop": 4, "init_part_assignment": 3, "id": 29}, {"graph": null, "nnodes": 4, "nedges": 4, "density": 0.6666666666666666, "atomics": "[25, 26, 37, 38]", "group_pop": 4, "init_part_assignment": 4, "id": 30}, {"graph": null, "nnodes": 4, "nedges": 4, "density": 0.6666666666666666, "atomics": "[56, 57, 68, 69]", "group_pop": 4, "init_part_assignment": 5, "id": 31}, {"graph": null, "nnodes": 4, "nedges": 3, "density": 0.5, "atomics": "[86, 74, 61, 62]", "group_pop": 4, "init_part_assignment": 9, "id": 32}, {"graph": null, "nnodes": 4, "nedges": 3, "density": 0.5, "atomics": "[112, 98, 99, 100]", "group_pop": 4, "init_part_assignment": 9, "id": 33}, {"graph": null, "nnodes": 4, "nedges": 4, "density": 0.6666666666666666, "atomics": "[80, 91, 92, 79]", "group_pop": 4, "init_part_assignment": 3, "id": 34}, {"graph": null, "nnodes": 4, "nedges": 4, "density": 0.6666666666666666, "atomics": "[104, 115, 116, 103]", "group_pop": 4, "init_part_assignment": 11, "id": 35}], "adjacency": [[{"weight": 2, "random_weight": 0.855497402582369, "id": 1}, {"weight": 2, "random_weight": 0.891684313179674, "id": 19}, {"weight": 2, "random_weight": 0.5393732970797143, "id": 22}], [{"weight": 2, "random_weight": 0.855497402582369, "id": 0}, {"weight": 2, "random_weight": 0.8056510209521642, "id": 6}, {"weight": 2, "random_weight": 0.7023672689630727, "id": 24}], [{"weight": 1, "random_weight": 0.13766853027854487, "id": 3}, {"weight": 1, "random_weight": 0.8945639901561255, "id": 4}, {"weight": 1, "random_weight": 0.22171904808184173, "id": 12}, {"weight": 2, "random_weight": 0.07337504813818274, "id": 15}, {"weight": 1, "random_weight": 0.8088837843956483, "id": 33}, {"weight": 1, "random_weight": 0.8959380885083678, "id": 34}, {"weight": 1, "random_weight": 0.6754065710846335, "id": 35}], [{"weight": 1, "random_weight": 0.13766853027854487, "id": 2}, {"weight": 2, "random_weight": 0.19997222667092396, "id": 4}, {"weight": 2, "random_weight": 0.9554344499092596, "id": 11}, {"weight": 3, "random_weight": 0.83407189595615, "id": 12}], [{"weight": 1, "random_weight": 0.8945639901561255, "id": 2}, {"weight": 2, "random_weight": 0.19997222667092396, "id": 3}, {"weight": 1, "random_weight": 0.38196018591930014, "id": 6}, {"weight": 2, "random_weight": 0.8536006922275132, "id": 24}, {"weight": 2, "random_weight": 0.8177751203569662, "id": 31}, {"weight": 2, "random_weight": 0.9786598385212381, "id": 34}], [{"weight": 2, "random_weight": 0.5301679136496964, "id": 6}, {"weight": 2, "random_weight": 0.3213560557749562, "id": 23}, {"weight": 2, "random_weight": 0.8035238754178711, "id": 25}], [{"weight": 2, "random_weight": 0.8056510209521642, "id": 1}, {"weight": 1, "random_weight": 0.38196018591930014, "id": 4}, {"weight": 2, "random_weight": 0.5301679136496964, "id": 5}, {"weight": 2, "random_weight": 0.2299330754698602, "id": 23}, {"weight": 2, "random_weight": 0.9245298302496315, "id": 24}], [{"weight": 2, "random_weight": 0.19363945620910517, "id": 8}, {"weight": 2, "random_weight": 0.4438070860832931, "id": 9}], [{"weight": 2, "random_weight": 0.19363945620910517, "id": 7}, {"weight": 1, "random_weight": 0.8178745690978186, "id": 9}, {"weight": 3, "random_weight": 0.13869538591314612, "id": 13}, {"weight": 3, "random_weight": 0.7365188049275954, "id": 33}], [{"weight": 2, "random_weight": 0.4438070860832931, "id": 7}, {"weight": 1, "random_weight": 0.8178745690978186, "id": 8}, {"weight": 2, "random_weight": 0.9081141969028278, "id": 26}, {"weight": 1, "random_weight": 0.8701068545755062, "id": 33}], [{"weight": 1, "random_weight": 0.3486336860279159, "id": 11}, {"weight": 1, "random_weight": 0.4799404620159977, "id": 21}, {"weight": 1, "random_weight": 0.8128613254539281, "id": 26}, {"weight": 2, "random_weight": 0.45653055738635706, "id": 30}, {"weight": 3, "random_weight": 0.8585816796164181, "id": 32}], [{"weight": 2, "random_weight": 0.9554344499092596, "id": 3}, {"weight": 1, "random_weight": 0.3486336860279159, "id": 10}, {"weight": 1, "random_weight": 0.006198769957293626, "id": 12}, {"weight": 3, "random_weight": 0.8984630096373887, "id": 19}, {"weight": 3, "random_weight": 0.1761099503065383, "id": 24}], [{"weight": 1, "random_weight": 0.22171904808184173, "id": 2}, {"weight": 3, "random_weight": 0.83407189595615, "id": 3}, {"weight": 1, "random_weight": 0.006198769957293626, "id": 11}, {"weight": 3, "random_weight": 0.5424582144810737, "id": 32}, {"weight": 2, "random_weight": 0.9629546305395702, "id": 33}], [{"weight": 3, "random_weight": 0.13869538591314612, "id": 8}, {"weight": 1, "random_weight": 0.46963591234578783, "id": 14}, {"weight": 1, "random_weight": 0.43447356153152095, "id": 15}, {"weight": 1, "random_weight": 0.9526331856419509, "id": 33}], [{"weight": 1, "random_weight": 0.46963591234578783, "id": 13}, {"weight": 3, "random_weight": 0.140450259552799, "id": 15}, {"weight": 2, "random_weight": 0.97901520644892, "id": 20}, {"weight": 1, "random_weight": 0.7676437883623464, "id": 35}], [{"weight": 2, "random_weight": 0.07337504813818274, "id": 2}, {"weight": 1, "random_weight": 0.43447356153152095, "id": 13}, {"weight": 3, "random_weight": 0.140450259552799, "id": 14}, {"weight": 1, "random_weight": 0.8361275233608579, "id": 33}, {"weight": 1, "random_weight": 0.7096514951142118, "id": 35}], [{"weight": 2, "random_weight": 0.025050647768825374, "id": 20}, {"weight": 1, "random_weight": 0.8837741490591708, "id": 27}, {"weight": 1, "random_weight": 0.6391831638643798, "id": 28}], [{"weight": 2, "random_weight": 0.36253268784138726, "id": 18}, {"weight": 1, "random_weight": 0.058070882629783105, "id": 28}, {"weight": 1, "random_weight": 0.2821604557598414, "id": 29}, {"weight": 2, "random_weight": 0.7488906174198176, "id": 31}], [{"weight": 2, "random_weight": 0.36253268784138726, "id": 17}, {"weight": 2, "random_weight": 0.5084013420421689, "id": 23}, {"weight": 2, "random_weight": 0.042794269876382796, "id": 25}], [{"weight": 2, "random_weight": 0.891684313179674, "id": 0}, {"weight": 3, "random_weight": 0.8984630096373887, "id": 11}, {"weight": 1, "random_weight": 0.02813573988046436, "id": 24}, {"weight": 2, "random_weight": 0.9148070677001191, "id": 30}], [{"weight": 2, "random_weight": 0.97901520644892, "id": 14}, {"weight": 2, "random_weight": 0.025050647768825374, "id": 16}, {"weight": 1, "random_weight": 0.5717794399788566, "id": 27}, {"weight": 1, "random_weight": 0.681920342208837, "id": 35}], [{"weight": 1, "random_weight": 0.4799404620159977, "id": 10}, {"weight": 2, "random_weight": 0.04787348421554005, "id": 22}, {"weight": 2, "random_weight": 0.9684655729480551, "id": 30}], [{"weight": 2, "random_weight": 0.5393732970797143, "id": 0}, {"weight": 2, "random_weight": 0.04787348421554005, "id": 21}, {"weight": 2, "random_weight": 0.37877519287690964, "id": 30}], [{"weight": 2, "random_weight": 0.3213560557749562, "id": 5}, {"weight": 2, "random_weight": 0.2299330754698602, "id": 6}, {"weight": 2, "random_weight": 0.5084013420421689, "id": 18}, {"weight": 2, "random_weight": 0.21959728656635757, "id": 31}], [{"weight": 2, "random_weight": 0.7023672689630727, "id": 1}, {"weight": 2, "random_weight": 0.8536006922275132, "id": 4}, {"weight": 2, "random_weight": 0.9245298302496315, "id": 6}, {"weight": 3, "random_weight": 0.1761099503065383, "id": 11}, {"weight": 1, "random_weight": 0.02813573988046436, "id": 19}], [{"weight": 2, "random_weight": 0.8035238754178711, "id": 5}, {"weight": 2, "random_weight": 0.042794269876382796, "id": 18}], [{"weight": 2, "random_weight": 0.9081141969028278, "id": 9}, {"weight": 1, "random_weight": 0.8128613254539281, "id": 10}, {"weight": 3, "random_weight": 0.8532504550265113, "id": 32}], [{"weight": 1, "random_weight": 0.8837741490591708, "id": 16}, {"weight": 1, "random_weight": 0.5717794399788566, "id": 20}, {"weight": 3, "random_weight": 0.3907430942109751, "id": 28}, {"weight": 4, "random_weight": 0.14111991435680293, "id": 29}, {"weight": 1, "random_weight": 0.8116638225414063, "id": 35}], [{"weight": 1, "random_weight": 0.6391831638643798, "id": 16}, {"weight": 1, "random_weight": 0.058070882629783105, "id": 17}, {"weight": 3, "random_weight": 0.3907430942109751, "id": 27}, {"weight": 1, "random_weight": 0.02101037150712526, "id": 29}], [{"weight": 1, "random_weight": 0.2821604557598414, "id": 17}, {"weight": 4, "random_weight": 0.14111991435680293, "id": 27}, {"weight": 1, "random_weight": 0.02101037150712526, "id": 28}, {"weight": 1, "random_weight": 0.35997082023599225, "id": 31}, {"weight": 2, "random_weight": 0.0788669735652735, "id": 34}, {"weight": 1, "random_weight": 0.8247874572483145, "id": 35}], [{"weight": 2, "random_weight": 0.45653055738635706, "id": 10}, {"weight": 2, "random_weight": 0.9148070677001191, "id": 19}, {"weight": 2, "random_weight": 0.9684655729480551, "id": 21}, {"weight": 2, "random_weight": 0.37877519287690964, "id": 22}], [{"weight": 2, "random_weight": 0.8177751203569662, "id": 4}, {"weight": 2, "random_weight": 0.7488906174198176, "id": 17}, {"weight": 2, "random_weight": 0.21959728656635757, "id": 23}, {"weight": 1, "random_weight": 0.35997082023599225, "id": 29}, {"weight": 1, "random_weight": 0.5427933023976714, "id": 34}], [{"weight": 3, "random_weight": 0.8585816796164181, "id": 10}, {"weight": 3, "random_weight": 0.5424582144810737, "id": 12}, {"weight": 3, "random_weight": 0.8532504550265113, "id": 26}, {"weight": 1, "random_weight": 0.7869824654259326, "id": 33}], [{"weight": 1, "random_weight": 0.8088837843956483, "id": 2}, {"weight": 3, "random_weight": 0.7365188049275954, "id": 8}, {"weight": 1, "random_weight": 0.8701068545755062, "id": 9}, {"weight": 2, "random_weight": 0.9629546305395702, "id": 12}, {"weight": 1, "random_weight": 0.9526331856419509, "id": 13}, {"weight": 1, "random_weight": 0.8361275233608579, "id": 15}, {"weight": 1, "random_weight": 0.7869824654259326, "id": 32}], [{"weight": 1, "random_weight": 0.8959380885083678, "id": 2}, {"weight": 2, "random_weight": 0.9786598385212381, "id": 4}, {"weight": 2, "random_weight": 0.0788669735652735, "id": 29}, {"weight": 1, "random_weight": 0.5427933023976714, "id": 31}, {"weight": 2, "random_weight": 0.5130154760475297, "id": 35}], [{"weight": 1, "random_weight": 0.6754065710846335, "id": 2}, {"weight": 1, "random_weight": 0.7676437883623464, "id": 14}, {"weight": 1, "random_weight": 0.7096514951142118, "id": 15}, {"weight": 1, "random_weight": 0.681920342208837, "id": 20}, {"weight": 1, "random_weight": 0.8116638225414063, "id": 27}, {"weight": 1, "random_weight": 0.8247874572483145, "id": 29}, {"weight": 2, "random_weight": 0.5130154760475297, "id": 34}]]}