{"directed": false, "multigraph": false, "graph": [], "nodes": [{"graph": null, "nnodes": 4, "nedges": 3, "density": 0.5, "atomics": "[16, 2, 3, 4]", "group_pop": 4, "init_part_assignment": 1, "id": 0}, {"graph": null, "nnodes": 4, "nedges": 3, "density": 0.5, "atomics": "[17, 5, 6, 7]", "group_pop": 4, "init_part_assignment": 1, "id": 1}, {"graph": null, "nnodes": 4, "nedges": 4, "density": 0.6666666666666666, "atomics": "[26, 27, 14, 15]", "group_pop": 4, "init_part_assignment": 1, "id": 2}, {"graph": null, "nnodes": 4, "nedges": 4, "density": 0.6666666666666666, "atomics": "[88, 89, 76, 77]", "group_pop": 4, "init_part_assignment": 10, "id": 3}, {"graph": null, "nnodes": 4, "nedges": 3, "density": 0.5, "atomics": "[80, 90, 91, 79]", "group_pop": 4, "init_part_assignment": 11, "id": 4}, {"graph": null, "nnodes": 4, "nedges": 3, "density": 0.5, "atomics": "[66, 67, 78, 55]", "group_pop": 4, "init_part_assignment": 9, "id": 5}, {"graph": null, "nnodes": 4, "nedges": 3, "density": 0.5, "atomics": "[8, 9, 10, 11]", "group_pop": 4, "init_part_assignment": 0, "id": 6}, {"graph": null, "nnodes": 4, "nedges": 4, "density": 0.6666666666666666, "atomics": "[32, 33, 20, 21]", "group_pop": 4, "init_part_assignment": 0, "id": 7}, {"graph": null, "nnodes": 4, "nedges": 4, "density": 0.6666666666666666, "atomics": "[120, 121, 132, 133]", "group_pop": 4, "init_part_assignment": 3, "id": 8}, {"graph": null, "nnodes": 4, "nedges": 4, "density": 0.6666666666666666, "atomics": "[122, 123, 134, 135]", "group_pop": 4, "init_part_assignment": 3, "id": 9}, {"graph": null, "nnodes": 4, "nedges": 3, "density": 0.5, "atomics": "[96, 108, 109, 110]", "group_pop": 4, "init_part_assignment": 4, "id": 10}, {"graph": null, "nnodes": 4, "nedges": 3, "density": 0.5, "atomics": "[38, 50, 62, 39]", "group_pop": 4, "init_part_assignment": 7, "id": 11}, {"graph": null, "nnodes": 4, "nedges": 4, "density": 0.6666666666666666, "atomics": "[64, 51, 52, 63]", "group_pop": 4, "init_part_assignment": 10, "id": 12}, {"graph": null, "nnodes": 4, "nedges": 3, "density": 0.5, "atomics": "[136, 124, 100, 112]", "group_pop": 4, "init_part_assignment": 3, "id": 13}, {"graph": null, "nnodes": 4, "nedges": 3, "density": 0.5, "atomics": "[137, 138, 139, 127]", "group_pop": 4, "init_part_assignment": 5, "id": 14}, {"graph": null, "nnodes": 4, "nedges": 3, "density": 0.5, "atomics": "[113, 125, 101, 126]", "group_pop": 4, "init_part_assignment": 11, "id": 15}, {"graph": null, "nnodes": 4, "nedges": 3, "density": 0.5, "atomics": "[129, 130, 131, 119]", "group_pop": 4, "init_part_assignment": 5, "id": 16}, {"graph": null, "nnodes": 4, "nedges": 3, "density": 0.5, "atomics": "[140, 141, 142, 143]", "group_pop": 4, "init_part_assignment": 5, "id": 17}, {"graph": null, "nnodes": 4, "nedges": 4, "density": 0.6666666666666666, "atomics": "[58, 59, 46, 47]", "group_pop": 4, "init_part_assignment": 2, "id": 18}, {"graph": null, "nnodes": 4, "nedges": 4, "density": 0.6666666666666666, "atomics": "[40, 41, 28, 29]", "group_pop": 4, "init_part_assignment": 7, "id": 19}, {"graph": null, "nnodes": 4, "nedges": 3, "density": 0.5, "atomics": "[128, 116, 104, 92]", "group_pop": 4, "init_part_assignment": 8, "id": 20}, {"graph": null, "nnodes": 4, "nedges": 4, "density": 0.6666666666666666, "atomics": "[24, 25, 36, 37]", "group_pop": 4, "init_part_assignment": 6, "id": 21}, {"graph": null, "nnodes": 4, "nedges": 4, "density": 0.6666666666666666, "atomics": "[0, 1, 12, 13]", "group_pop": 4, "init_part_assignment": 6, "id": 22}, {"graph": null, "nnodes": 4, "nedges": 4, "density": 0.6666666666666666, "atomics": "[18, 19, 30, 31]", "group_pop": 4, "init_part_assignment": 7, "id": 23}, {"graph": null, "nnodes": 4, "nedges": 3, "density": 0.5, "atomics": "[65, 42, 53, 54]", "group_pop": 4, "init_part_assignment": 9, "id": 24}, {"graph": null, "nnodes": 4, "nedges": 4, "density": 0.6666666666666666, "atomics": "[34, 35, 22, 23]", "group_pop": 4, "init_part_assignment": 0, "id": 25}, {"graph": null, "nnodes": 4, "nedges": 3, "density": 0.5, "atomics": "[81, 45, 69, 57]", "group_pop": 4, "init_part_assignment": 2, "id": 26}, {"graph": null, "nnodes": 4, "nedges": 4, "density": 0.6666666666666666, "atomics": "[72, 73, 84, 85]", "group_pop": 4, "init_part_assignment": 4, "id": 27}, {"graph": null, "nnodes": 4, "nedges": 4, "density": 0.6666666666666666, "atomics": "[48, 49, 60, 61]", "group_pop": 4, "init_part_assignment": 6, "id": 28}, {"graph": null, "nnodes": 4, "nedges": 4, "density": 0.6666666666666666, "atomics": "[105, 106, 117, 118]", "group_pop": 4, "init_part_assignment": 8, "id": 29}, {"graph": null, "nnodes": 4, "nedges": 4, "density": 0.6666666666666666, "atomics": "[82, 83, 70, 71]", "group_pop": 4, "init_part_assignment": 2, "id": 30}, {"graph": null, "nnodes": 4, "nedges": 3, "density": 0.5, "atomics": "[107, 93, 94, 95]", "group_pop": 4, "init_part_assignment": 8, "id": 31}, {"graph": null, "nnodes": 4, "nedges": 3, "density": 0.5, "atomics": "[56, 43, 44, 68]", "group_pop": 4, "init_part_assignment": 9, "id": 32}, {"graph": null, "nnodes": 4, "nedges": 3, "density": 0.5, "atomics": "[97, 98, 99, 111]", "group_pop": 4, "init_part_assignment": 4, "id": 33}, {"graph": null, "nnodes": 4, "nedges": 4, "density": 0.6666666666666666, "atomics": "[74, 75, 86, 87]", "group_pop": 4, "init_part_assignment": 10, "id": 34}, {"graph": null, "nnodes": 4, "nedges": 4, "density": 0.6666666666666666, "atomics": "[114, 115, 102, 103]", "group_pop": 4, "init_part_assignment": 11, "id": 35}], "adjacency": [[{"weight": 2, "random_weight": 0.220186504033006, "id": 1}, {"weight": 3, "random_weight": 0.027093305313206195, "id": 2}, {"weight": 1, "random_weight": 0.33867988516091063, "id": 19}, {"weight": 1, "random_weight": 0.6719975206199401, "id": 22}], [{"weight": 2, "random_weight": 0.220186504033006, "id": 0}, {"weight": 1, "random_weight": 0.5983656058775291, "id": 6}, {"weight": 1, "random_weight": 0.7319344614092969, "id": 19}, {"weight": 3, "random_weight": 0.4703991361058627, "id": 23}], [{"weight": 3, "random_weight": 0.027093305313206195, "id": 0}, {"weight": 2, "random_weight": 0.8458061931929456, "id": 11}, {"weight": 1, "random_weight": 0.7455342167072844, "id": 19}, {"weight": 1, "random_weight": 0.7452984855353666, "id": 21}, {"weight": 1, "random_weight": 0.6166229759126849, "id": 22}], [{"weight": 1, "random_weight": 0.5283391337734807, "id": 4}, {"weight": 1, "random_weight": 0.014140080005863087, "id": 5}, {"weight": 1, "random_weight": 0.9244025985988594, "id": 12}, {"weight": 1, "random_weight": 0.008891267970956074, "id": 13}, {"weight": 1, "random_weight": 0.8659722512597937, "id": 15}, {"weight": 1, "random_weight": 0.7953971337058601, "id": 24}, {"weight": 2, "random_weight": 0.6373454887996481, "id": 34}], [{"weight": 1, "random_weight": 0.5283391337734807, "id": 3}, {"weight": 3, "random_weight": 0.9924205885250408, "id": 5}, {"weight": 2, "random_weight": 0.4524203858750586, "id": 20}, {"weight": 1, "random_weight": 0.370596225608095, "id": 26}, {"weight": 1, "random_weight": 0.6804266597386763, "id": 32}, {"weight": 2, "random_weight": 0.29028894672646255, "id": 35}], [{"weight": 1, "random_weight": 0.014140080005863087, "id": 3}, {"weight": 3, "random_weight": 0.9924205885250408, "id": 4}, {"weight": 3, "random_weight": 0.18135395332880633, "id": 24}, {"weight": 3, "random_weight": 0.5201787170074794, "id": 32}], [{"weight": 1, "random_weight": 0.5983656058775291, "id": 1}, {"weight": 2, "random_weight": 0.5649822860300131, "id": 7}, {"weight": 2, "random_weight": 0.302006933974751, "id": 25}], [{"weight": 2, "random_weight": 0.5649822860300131, "id": 6}, {"weight": 2, "random_weight": 0.7284162651088609, "id": 23}, {"weight": 2, "random_weight": 0.16353113997646263, "id": 25}, {"weight": 1, "random_weight": 0.46021208084222964, "id": 26}, {"weight": 1, "random_weight": 0.940247586762255, "id": 32}], [{"weight": 2, "random_weight": 0.14000209424016297, "id": 9}, {"weight": 2, "random_weight": 0.7120217757053215, "id": 10}], [{"weight": 2, "random_weight": 0.14000209424016297, "id": 8}, {"weight": 1, "random_weight": 0.4167399990347306, "id": 10}, {"weight": 2, "random_weight": 0.29951350998190096, "id": 13}, {"weight": 1, "random_weight": 0.81174534488944, "id": 33}], [{"weight": 2, "random_weight": 0.7120217757053215, "id": 8}, {"weight": 1, "random_weight": 0.4167399990347306, "id": 9}, {"weight": 1, "random_weight": 0.4617031707788306, "id": 27}, {"weight": 4, "random_weight": 0.2754091956428004, "id": 33}], [{"weight": 2, "random_weight": 0.8458061931929456, "id": 2}, {"weight": 3, "random_weight": 0.7910227961967256, "id": 12}, {"weight": 1, "random_weight": 0.4240914650081643, "id": 19}, {"weight": 1, "random_weight": 0.9671260930436453, "id": 21}, {"weight": 2, "random_weight": 0.6533928369780116, "id": 28}, {"weight": 1, "random_weight": 0.9220697675086824, "id": 34}], [{"weight": 1, "random_weight": 0.9244025985988594, "id": 3}, {"weight": 3, "random_weight": 0.7910227961967256, "id": 11}, {"weight": 1, "random_weight": 0.8550423633562465, "id": 19}, {"weight": 2, "random_weight": 0.990765635986204, "id": 24}, {"weight": 1, "random_weight": 0.33901266933035024, "id": 34}], [{"weight": 1, "random_weight": 0.008891267970956074, "id": 3}, {"weight": 2, "random_weight": 0.29951350998190096, "id": 9}, {"weight": 1, "random_weight": 0.8679186159991088, "id": 14}, {"weight": 3, "random_weight": 0.9787097527944921, "id": 15}, {"weight": 2, "random_weight": 0.9790641041620766, "id": 33}], [{"weight": 1, "random_weight": 0.8679186159991088, "id": 13}, {"weight": 3, "random_weight": 0.7700208523281666, "id": 15}, {"weight": 1, "random_weight": 0.27756173139028884, "id": 17}, {"weight": 1, "random_weight": 0.5300826677315248, "id": 20}, {"weight": 1, "random_weight": 0.296898567690994, "id": 35}], [{"weight": 1, "random_weight": 0.8659722512597937, "id": 3}, {"weight": 3, "random_weight": 0.9787097527944921, "id": 13}, {"weight": 3, "random_weight": 0.7700208523281666, "id": 14}, {"weight": 3, "random_weight": 0.8193503585912711, "id": 35}], [{"weight": 3, "random_weight": 0.008966008010366622, "id": 17}, {"weight": 1, "random_weight": 0.4620583197228708, "id": 20}, {"weight": 3, "random_weight": 0.707028104450007, "id": 29}, {"weight": 1, "random_weight": 0.5953224140952976, "id": 31}], [{"weight": 1, "random_weight": 0.27756173139028884, "id": 14}, {"weight": 3, "random_weight": 0.008966008010366622, "id": 16}, {"weight": 1, "random_weight": 0.26504831606475565, "id": 20}], [{"weight": 2, "random_weight": 0.8077230442097388, "id": 25}, {"weight": 2, "random_weight": 0.7320250736471071, "id": 26}, {"weight": 2, "random_weight": 0.9441527207337166, "id": 30}], [{"weight": 1, "random_weight": 0.33867988516091063, "id": 0}, {"weight": 1, "random_weight": 0.7319344614092969, "id": 1}, {"weight": 1, "random_weight": 0.7455342167072844, "id": 2}, {"weight": 1, "random_weight": 0.4240914650081643, "id": 11}, {"weight": 1, "random_weight": 0.8550423633562465, "id": 12}, {"weight": 1, "random_weight": 0.05701934886815241, "id": 23}, {"weight": 2, "random_weight": 0.6728450709856711, "id": 24}], [{"weight": 2, "random_weight": 0.4524203858750586, "id": 4}, {"weight": 1, "random_weight": 0.5300826677315248, "id": 14}, {"weight": 1, "random_weight": 0.4620583197228708, "id": 16}, {"weight": 1, "random_weight": 0.26504831606475565, "id": 17}, {"weight": 2, "random_weight": 0.233216400173335, "id": 29}, {"weight": 1, "random_weight": 0.5490337860670844, "id": 31}, {"weight": 2, "random_weight": 0.7689274784349681, "id": 35}], [{"weight": 1, "random_weight": 0.7452984855353666, "id": 2}, {"weight": 1, "random_weight": 0.9671260930436453, "id": 11}, {"weight": 2, "random_weight": 0.5095980368645946, "id": 22}, {"weight": 2, "random_weight": 0.5830321925871087, "id": 28}], [{"weight": 1, "random_weight": 0.6719975206199401, "id": 0}, {"weight": 1, "random_weight": 0.6166229759126849, "id": 2}, {"weight": 2, "random_weight": 0.5095980368645946, "id": 21}], [{"weight": 3, "random_weight": 0.4703991361058627, "id": 1}, {"weight": 2, "random_weight": 0.7284162651088609, "id": 7}, {"weight": 1, "random_weight": 0.05701934886815241, "id": 19}, {"weight": 1, "random_weight": 0.07341661750518513, "id": 24}, {"weight": 1, "random_weight": 0.7197126065097086, "id": 32}], [{"weight": 1, "random_weight": 0.7953971337058601, "id": 3}, {"weight": 3, "random_weight": 0.18135395332880633, "id": 5}, {"weight": 2, "random_weight": 0.990765635986204, "id": 12}, {"weight": 2, "random_weight": 0.6728450709856711, "id": 19}, {"weight": 1, "random_weight": 0.07341661750518513, "id": 23}, {"weight": 1, "random_weight": 0.7172928278100399, "id": 32}], [{"weight": 2, "random_weight": 0.302006933974751, "id": 6}, {"weight": 2, "random_weight": 0.16353113997646263, "id": 7}, {"weight": 2, "random_weight": 0.8077230442097388, "id": 18}], [{"weight": 1, "random_weight": 0.370596225608095, "id": 4}, {"weight": 1, "random_weight": 0.46021208084222964, "id": 7}, {"weight": 2, "random_weight": 0.7320250736471071, "id": 18}, {"weight": 2, "random_weight": 0.4853575609971795, "id": 30}, {"weight": 1, "random_weight": 0.8377358460813255, "id": 31}, {"weight": 3, "random_weight": 0.4978001772350814, "id": 32}], [{"weight": 1, "random_weight": 0.4617031707788306, "id": 10}, {"weight": 2, "random_weight": 0.18071653161223145, "id": 28}, {"weight": 1, "random_weight": 0.8567860561827113, "id": 33}, {"weight": 2, "random_weight": 0.7025827160911352, "id": 34}], [{"weight": 2, "random_weight": 0.6533928369780116, "id": 11}, {"weight": 2, "random_weight": 0.5830321925871087, "id": 21}, {"weight": 2, "random_weight": 0.18071653161223145, "id": 27}], [{"weight": 3, "random_weight": 0.707028104450007, "id": 16}, {"weight": 2, "random_weight": 0.233216400173335, "id": 20}, {"weight": 3, "random_weight": 0.602451822654829, "id": 31}], [{"weight": 2, "random_weight": 0.9441527207337166, "id": 18}, {"weight": 2, "random_weight": 0.4853575609971795, "id": 26}, {"weight": 2, "random_weight": 0.7973826732982782, "id": 31}], [{"weight": 1, "random_weight": 0.5953224140952976, "id": 16}, {"weight": 1, "random_weight": 0.5490337860670844, "id": 20}, {"weight": 1, "random_weight": 0.8377358460813255, "id": 26}, {"weight": 3, "random_weight": 0.602451822654829, "id": 29}, {"weight": 2, "random_weight": 0.7973826732982782, "id": 30}], [{"weight": 1, "random_weight": 0.6804266597386763, "id": 4}, {"weight": 3, "random_weight": 0.5201787170074794, "id": 5}, {"weight": 1, "random_weight": 0.940247586762255, "id": 7}, {"weight": 1, "random_weight": 0.7197126065097086, "id": 23}, {"weight": 1, "random_weight": 0.7172928278100399, "id": 24}, {"weight": 3, "random_weight": 0.4978001772350814, "id": 26}], [{"weight": 1, "random_weight": 0.81174534488944, "id": 9}, {"weight": 4, "random_weight": 0.2754091956428004, "id": 10}, {"weight": 2, "random_weight": 0.9790641041620766, "id": 13}, {"weight": 1, "random_weight": 0.8567860561827113, "id": 27}, {"weight": 2, "random_weight": 0.6636635977233811, "id": 34}], [{"weight": 2, "random_weight": 0.6373454887996481, "id": 3}, {"weight": 1, "random_weight": 0.9220697675086824, "id": 11}, {"weight": 1, "random_weight": 0.33901266933035024, "id": 12}, {"weight": 2, "random_weight": 0.7025827160911352, "id": 27}, {"weight": 2, "random_weight": 0.6636635977233811, "id": 33}], [{"weight": 2, "random_weight": 0.29028894672646255, "id": 4}, {"weight": 1, "random_weight": 0.296898567690994, "id": 14}, {"weight": 3, "random_weight": 0.8193503585912711, "id": 15}, {"weight": 2, "random_weight": 0.7689274784349681, "id": 20}]]}