{"directed": false, "multigraph": false, "graph": [], "nodes": [{"graph": null, "nnodes": 4, "nedges": 3, "density": 0.5, "atomics": "[16, 27, 28, 4]", "group_pop": 4, "init_part_assignment": 10, "id": 0}, {"graph": null, "nnodes": 4, "nedges": 4, "density": 0.6666666666666666, "atomics": "[17, 18, 5, 6]", "group_pop": 4, "init_part_assignment": 10, "id": 1}, {"graph": null, "nnodes": 4, "nedges": 3, "density": 0.5, "atomics": "[12, 13, 14, 15]", "group_pop": 4, "init_part_assignment": 1, "id": 2}, {"graph": null, "nnodes": 4, "nedges": 3, "density": 0.5, "atomics": "[89, 90, 91, 92]", "group_pop": 4, "init_part_assignment": 6, "id": 3}, {"graph": null, "nnodes": 4, "nedges": 3, "density": 0.5, "atomics": "[64, 76, 77, 78]", "group_pop": 4, "init_part_assignment": 9, "id": 4}, {"graph": null, "nnodes": 4, "nedges": 4, "density": 0.6666666666666666, "atomics": "[8, 19, 20, 7]", "group_pop": 4, "init_part_assignment": 3, "id": 5}, {"graph": null, "nnodes": 4, "nedges": 3, "density": 0.5, "atomics": "[9, 34, 21, 33]", "group_pop": 4, "init_part_assignment": 3, "id": 6}, {"graph": null, "nnodes": 4, "nedges": 3, "density": 0.5, "atomics": "[121, 122, 123, 111]", "group_pop": 4, "init_part_assignment": 0, "id": 7}, {"graph": null, "nnodes": 4, "nedges": 3, "density": 0.5, "atomics": "[132, 133, 134, 135]", "group_pop": 4, "init_part_assignment": 0, "id": 8}, {"graph": null, "nnodes": 4, "nedges": 3, "density": 0.5, "atomics": "[120, 108, 96, 109]", "group_pop": 4, "init_part_assignment": 2, "id": 9}, {"graph": null, "nnodes": 4, "nedges": 3, "density": 0.5, "atomics": "[97, 98, 110, 86]", "group_pop": 4, "init_part_assignment": 2, "id": 10}, {"graph": null, "nnodes": 4, "nedges": 3, "density": 0.5, "atomics": "[50, 51, 52, 39]", "group_pop": 4, "init_part_assignment": 5, "id": 11}, {"graph": null, "nnodes": 4, "nedges": 3, "density": 0.5, "atomics": "[60, 61, 62, 63]", "group_pop": 4, "init_part_assignment": 5, "id": 12}, {"graph": null, "nnodes": 4, "nedges": 3, "density": 0.5, "atomics": "[136, 137, 138, 139]", "group_pop": 4, "init_part_assignment": 4, "id": 13}, {"graph": null, "nnodes": 4, "nedges": 3, "density": 0.5, "atomics": "[128, 125, 126, 127]", "group_pop": 4, "init_part_assignment": 4, "id": 14}, {"graph": null, "nnodes": 4, "nedges": 3, "density": 0.5, "atomics": "[129, 130, 131, 119]", "group_pop": 4, "init_part_assignment": 7, "id": 15}, {"graph": null, "nnodes": 4, "nedges": 3, "density": 0.5, "atomics": "[140, 141, 142, 143]", "group_pop": 4, "init_part_assignment": 7, "id": 16}, {"graph": null, "nnodes": 4, "nedges": 3, "density": 0.5, "atomics": "[57, 58, 45, 69]", "group_pop": 4, "init_part_assignment": 11, "id": 17}, {"graph": null, "nnodes": 4, "nedges": 3, "density": 0.5, "atomics": "[59, 35, 46, 47]", "group_pop": 4, "init_part_assignment": 11, "id": 18}, {"graph": null, "nnodes": 4, "nedges": 3, "density": 0.5, "atomics": "[40, 41, 53, 65]", "group_pop": 4, "init_part_assignment": 9, "id": 19}, {"graph": null, "nnodes": 4, "nedges": 3, "density": 0.5, "atomics": "[88, 124, 100, 112]", "group_pop": 4, "init_part_assignment": 6, "id": 20}, {"graph": null, "nnodes": 4, "nedges": 3, "density": 0.5, "atomics": "[24, 25, 26, 38]", "group_pop": 4, "init_part_assignment": 1, "id": 21}, {"graph": null, "nnodes": 4, "nedges": 3, "density": 0.5, "atomics": "[0, 1, 2, 3]", "group_pop": 4, "init_part_assignment": 1, "id": 22}, {"graph": null, "nnodes": 4, "nedges": 3, "density": 0.5, "atomics": "[32, 56, 44, 31]", "group_pop": 4, "init_part_assignment": 11, "id": 23}, {"graph": null, "nnodes": 4, "nedges": 3, "density": 0.5, "atomics": "[42, 43, 29, 30]", "group_pop": 4, "init_part_assignment": 10, "id": 24}, {"graph": null, "nnodes": 4, "nedges": 4, "density": 0.6666666666666666, "atomics": "[10, 11, 22, 23]", "group_pop": 4, "init_part_assignment": 3, "id": 25}, {"graph": null, "nnodes": 4, "nedges": 4, "density": 0.6666666666666666, "atomics": "[72, 73, 84, 85]", "group_pop": 4, "init_part_assignment": 2, "id": 26}, {"graph": null, "nnodes": 4, "nedges": 4, "density": 0.6666666666666666, "atomics": "[48, 49, 36, 37]", "group_pop": 4, "init_part_assignment": 5, "id": 27}, {"graph": null, "nnodes": 4, "nedges": 4, "density": 0.6666666666666666, "atomics": "[105, 106, 117, 118]", "group_pop": 4, "init_part_assignment": 8, "id": 28}, {"graph": null, "nnodes": 4, "nedges": 3, "density": 0.5, "atomics": "[83, 107, 95, 71]", "group_pop": 4, "init_part_assignment": 7, "id": 29}, {"graph": null, "nnodes": 4, "nedges": 3, "density": 0.5, "atomics": "[94, 82, 93, 70]", "group_pop": 4, "init_part_assignment": 8, "id": 30}, {"graph": null, "nnodes": 4, "nedges": 4, "density": 0.6666666666666666, "atomics": "[66, 67, 54, 55]", "group_pop": 4, "init_part_assignment": 9, "id": 31}, {"graph": null, "nnodes": 4, "nedges": 3, "density": 0.5, "atomics": "[80, 81, 68, 79]", "group_pop": 4, "init_part_assignment": 8, "id": 32}, {"graph": null, "nnodes": 4, "nedges": 4, "density": 0.6666666666666666, "atomics": "[104, 115, 116, 103]", "group_pop": 4, "init_part_assignment": 6, "id": 33}, {"graph": null, "nnodes": 4, "nedges": 3, "density": 0.5, "atomics": "[99, 74, 75, 87]", "group_pop": 4, "init_part_assignment": 0, "id": 34}, {"graph": null, "nnodes": 4, "nedges": 4, "density": 0.6666666666666666, "atomics": "[113, 114, 101, 102]", "group_pop": 4, "init_part_assignment": 4, "id": 35}], "adjacency": [[{"weight": 2, "random_weight": 0.5372902942427544, "id": 1}, {"weight": 2, "random_weight": 0.4936866405429968, "id": 2}, {"weight": 1, "random_weight": 0.7898375725082203, "id": 11}, {"weight": 1, "random_weight": 0.09352518810339294, "id": 19}, {"weight": 1, "random_weight": 0.9907002347821566, "id": 21}, {"weight": 1, "random_weight": 0.5227863511953004, "id": 22}, {"weight": 1, "random_weight": 0.2841446132586656, "id": 24}], [{"weight": 2, "random_weight": 0.5372902942427544, "id": 0}, {"weight": 2, "random_weight": 0.9129726476148946, "id": 5}, {"weight": 2, "random_weight": 0.8867172418058282, "id": 24}], [{"weight": 2, "random_weight": 0.4936866405429968, "id": 0}, {"weight": 3, "random_weight": 0.1380943352509416, "id": 21}, {"weight": 4, "random_weight": 0.3616931709746223, "id": 22}], [{"weight": 2, "random_weight": 0.5291892760962009, "id": 4}, {"weight": 1, "random_weight": 0.31081002849393535, "id": 20}, {"weight": 1, "random_weight": 0.7052082522512272, "id": 30}, {"weight": 2, "random_weight": 0.6951976904788718, "id": 32}, {"weight": 2, "random_weight": 0.08123255737748225, "id": 33}, {"weight": 2, "random_weight": 0.5389031480552703, "id": 35}], [{"weight": 2, "random_weight": 0.5291892760962009, "id": 3}, {"weight": 1, "random_weight": 0.06535492358485462, "id": 11}, {"weight": 1, "random_weight": 0.4027953181631785, "id": 12}, {"weight": 2, "random_weight": 0.6228868478376378, "id": 19}, {"weight": 1, "random_weight": 0.5620744817600638, "id": 20}, {"weight": 1, "random_weight": 0.14913052547789518, "id": 31}, {"weight": 1, "random_weight": 0.14863374674656527, "id": 32}, {"weight": 1, "random_weight": 0.8597438075139106, "id": 34}], [{"weight": 2, "random_weight": 0.9129726476148946, "id": 1}, {"weight": 2, "random_weight": 0.37513923213878075, "id": 6}, {"weight": 2, "random_weight": 0.5648628730548112, "id": 23}], [{"weight": 2, "random_weight": 0.37513923213878075, "id": 5}, {"weight": 1, "random_weight": 0.5924489693086167, "id": 17}, {"weight": 2, "random_weight": 0.9765211585021548, "id": 18}, {"weight": 1, "random_weight": 0.5808692817275318, "id": 23}, {"weight": 3, "random_weight": 0.603154023128171, "id": 25}], [{"weight": 3, "random_weight": 0.536883903856197, "id": 8}, {"weight": 2, "random_weight": 0.33331372170447615, "id": 9}, {"weight": 2, "random_weight": 0.6443217523084486, "id": 10}, {"weight": 2, "random_weight": 0.7138998370717423, "id": 20}, {"weight": 1, "random_weight": 0.11609167941509335, "id": 34}], [{"weight": 3, "random_weight": 0.536883903856197, "id": 7}, {"weight": 1, "random_weight": 0.6116669337379487, "id": 9}, {"weight": 1, "random_weight": 0.5998695310558693, "id": 13}], [{"weight": 2, "random_weight": 0.33331372170447615, "id": 7}, {"weight": 1, "random_weight": 0.6116669337379487, "id": 8}, {"weight": 3, "random_weight": 0.8737761029388756, "id": 10}, {"weight": 1, "random_weight": 0.06932613322632097, "id": 26}], [{"weight": 2, "random_weight": 0.6443217523084486, "id": 7}, {"weight": 3, "random_weight": 0.8737761029388756, "id": 9}, {"weight": 2, "random_weight": 0.6662347158705181, "id": 26}, {"weight": 3, "random_weight": 0.9544139122414664, "id": 34}], [{"weight": 1, "random_weight": 0.7898375725082203, "id": 0}, {"weight": 1, "random_weight": 0.06535492358485462, "id": 4}, {"weight": 2, "random_weight": 0.22809560989094024, "id": 12}, {"weight": 3, "random_weight": 0.2624426171605676, "id": 19}, {"weight": 2, "random_weight": 0.6258596995441649, "id": 21}, {"weight": 1, "random_weight": 0.8303592743806658, "id": 27}], [{"weight": 1, "random_weight": 0.4027953181631785, "id": 4}, {"weight": 2, "random_weight": 0.22809560989094024, "id": 11}, {"weight": 2, "random_weight": 0.7888657898629572, "id": 26}, {"weight": 2, "random_weight": 0.604596511813087, "id": 27}, {"weight": 2, "random_weight": 0.2629167468944005, "id": 34}], [{"weight": 1, "random_weight": 0.5998695310558693, "id": 8}, {"weight": 3, "random_weight": 0.19783980514905908, "id": 14}, {"weight": 1, "random_weight": 0.8249108024872647, "id": 16}, {"weight": 1, "random_weight": 0.4321764469106463, "id": 20}], [{"weight": 3, "random_weight": 0.19783980514905908, "id": 13}, {"weight": 1, "random_weight": 0.6676820464792292, "id": 15}, {"weight": 1, "random_weight": 0.9544055554724602, "id": 16}, {"weight": 1, "random_weight": 0.09778933763618602, "id": 20}, {"weight": 2, "random_weight": 0.8506004064899896, "id": 33}, {"weight": 2, "random_weight": 0.2330240387927892, "id": 35}], [{"weight": 1, "random_weight": 0.6676820464792292, "id": 14}, {"weight": 3, "random_weight": 0.8680131655486528, "id": 16}, {"weight": 3, "random_weight": 0.942772885151096, "id": 28}, {"weight": 1, "random_weight": 0.3374154642767633, "id": 29}], [{"weight": 1, "random_weight": 0.8249108024872647, "id": 13}, {"weight": 1, "random_weight": 0.9544055554724602, "id": 14}, {"weight": 3, "random_weight": 0.8680131655486528, "id": 15}], [{"weight": 1, "random_weight": 0.5924489693086167, "id": 6}, {"weight": 3, "random_weight": 0.5090953393701234, "id": 18}, {"weight": 2, "random_weight": 0.3006860080899294, "id": 23}, {"weight": 2, "random_weight": 0.9401006433265594, "id": 30}, {"weight": 2, "random_weight": 0.8456904827759649, "id": 32}], [{"weight": 2, "random_weight": 0.9765211585021548, "id": 6}, {"weight": 3, "random_weight": 0.5090953393701234, "id": 17}, {"weight": 1, "random_weight": 0.9754173591165199, "id": 25}, {"weight": 1, "random_weight": 0.7459612517094495, "id": 29}], [{"weight": 1, "random_weight": 0.09352518810339294, "id": 0}, {"weight": 2, "random_weight": 0.6228868478376378, "id": 4}, {"weight": 3, "random_weight": 0.2624426171605676, "id": 11}, {"weight": 2, "random_weight": 0.7834785594602097, "id": 24}, {"weight": 2, "random_weight": 0.20531215083721033, "id": 31}], [{"weight": 1, "random_weight": 0.31081002849393535, "id": 3}, {"weight": 1, "random_weight": 0.5620744817600638, "id": 4}, {"weight": 2, "random_weight": 0.7138998370717423, "id": 7}, {"weight": 1, "random_weight": 0.4321764469106463, "id": 13}, {"weight": 1, "random_weight": 0.09778933763618602, "id": 14}, {"weight": 2, "random_weight": 0.9966904397984394, "id": 34}, {"weight": 2, "random_weight": 0.33791631885149975, "id": 35}], [{"weight": 1, "random_weight": 0.9907002347821566, "id": 0}, {"weight": 3, "random_weight": 0.1380943352509416, "id": 2}, {"weight": 2, "random_weight": 0.6258596995441649, "id": 11}, {"weight": 3, "random_weight": 0.5141228645864692, "id": 27}], [{"weight": 1, "random_weight": 0.5227863511953004, "id": 0}, {"weight": 4, "random_weight": 0.3616931709746223, "id": 2}], [{"weight": 2, "random_weight": 0.5648628730548112, "id": 5}, {"weight": 1, "random_weight": 0.5808692817275318, "id": 6}, {"weight": 2, "random_weight": 0.3006860080899294, "id": 17}, {"weight": 3, "random_weight": 0.06413292716885444, "id": 24}, {"weight": 1, "random_weight": 0.981534446466827, "id": 31}, {"weight": 1, "random_weight": 0.7158378007808267, "id": 32}], [{"weight": 1, "random_weight": 0.2841446132586656, "id": 0}, {"weight": 2, "random_weight": 0.8867172418058282, "id": 1}, {"weight": 2, "random_weight": 0.7834785594602097, "id": 19}, {"weight": 3, "random_weight": 0.06413292716885444, "id": 23}, {"weight": 2, "random_weight": 0.6954553466226692, "id": 31}], [{"weight": 3, "random_weight": 0.603154023128171, "id": 6}, {"weight": 1, "random_weight": 0.9754173591165199, "id": 18}], [{"weight": 1, "random_weight": 0.06932613322632097, "id": 9}, {"weight": 2, "random_weight": 0.6662347158705181, "id": 10}, {"weight": 2, "random_weight": 0.7888657898629572, "id": 12}, {"weight": 1, "random_weight": 0.0724303260838366, "id": 34}], [{"weight": 1, "random_weight": 0.8303592743806658, "id": 11}, {"weight": 2, "random_weight": 0.604596511813087, "id": 12}, {"weight": 3, "random_weight": 0.5141228645864692, "id": 21}], [{"weight": 3, "random_weight": 0.942772885151096, "id": 15}, {"weight": 1, "random_weight": 0.8300418629942494, "id": 29}, {"weight": 2, "random_weight": 0.02112798000679339, "id": 30}, {"weight": 2, "random_weight": 0.7584903371969426, "id": 33}], [{"weight": 1, "random_weight": 0.3374154642767633, "id": 15}, {"weight": 1, "random_weight": 0.7459612517094495, "id": 18}, {"weight": 1, "random_weight": 0.8300418629942494, "id": 28}, {"weight": 3, "random_weight": 0.5831888579740646, "id": 30}], [{"weight": 1, "random_weight": 0.7052082522512272, "id": 3}, {"weight": 2, "random_weight": 0.9401006433265594, "id": 17}, {"weight": 2, "random_weight": 0.02112798000679339, "id": 28}, {"weight": 3, "random_weight": 0.5831888579740646, "id": 29}, {"weight": 2, "random_weight": 0.6510970032178939, "id": 32}], [{"weight": 1, "random_weight": 0.14913052547789518, "id": 4}, {"weight": 2, "random_weight": 0.20531215083721033, "id": 19}, {"weight": 1, "random_weight": 0.981534446466827, "id": 23}, {"weight": 2, "random_weight": 0.6954553466226692, "id": 24}, {"weight": 2, "random_weight": 0.933226450787782, "id": 32}], [{"weight": 2, "random_weight": 0.6951976904788718, "id": 3}, {"weight": 1, "random_weight": 0.14863374674656527, "id": 4}, {"weight": 2, "random_weight": 0.8456904827759649, "id": 17}, {"weight": 1, "random_weight": 0.7158378007808267, "id": 23}, {"weight": 2, "random_weight": 0.6510970032178939, "id": 30}, {"weight": 2, "random_weight": 0.933226450787782, "id": 31}], [{"weight": 2, "random_weight": 0.08123255737748225, "id": 3}, {"weight": 2, "random_weight": 0.8506004064899896, "id": 14}, {"weight": 2, "random_weight": 0.7584903371969426, "id": 28}, {"weight": 2, "random_weight": 0.7182918514230633, "id": 35}], [{"weight": 1, "random_weight": 0.8597438075139106, "id": 4}, {"weight": 1, "random_weight": 0.11609167941509335, "id": 7}, {"weight": 3, "random_weight": 0.9544139122414664, "id": 10}, {"weight": 2, "random_weight": 0.2629167468944005, "id": 12}, {"weight": 2, "random_weight": 0.9966904397984394, "id": 20}, {"weight": 1, "random_weight": 0.0724303260838366, "id": 26}], [{"weight": 2, "random_weight": 0.5389031480552703, "id": 3}, {"weight": 2, "random_weight": 0.2330240387927892, "id": 14}, {"weight": 2, "random_weight": 0.33791631885149975, "id": 20}, {"weight": 2, "random_weight": 0.7182918514230633, "id": 33}]]}