{"directed": false, "multigraph": false, "graph": [], "nodes": [{"graph": null, "nnodes": 4, "nedges": 3, "density": 0.5, "atomics": "[16, 27, 4, 15]", "group_pop": 4, "init_part_assignment": 9, "id": 0}, {"graph": null, "nnodes": 4, "nedges": 3, "density": 0.5, "atomics": "[17, 5, 28, 29]", "group_pop": 4, "init_part_assignment": 9, "id": 1}, {"graph": null, "nnodes": 4, "nedges": 3, "density": 0.5, "atomics": "[89, 66, 77, 78]", "group_pop": 4, "init_part_assignment": 11, "id": 2}, {"graph": null, "nnodes": 4, "nedges": 3, "density": 0.5, "atomics": "[90, 91, 92, 93]", "group_pop": 4, "init_part_assignment": 8, "id": 3}, {"graph": null, "nnodes": 4, "nedges": 4, "density": 0.6666666666666666, "atomics": "[8, 9, 20, 21]", "group_pop": 4, "init_part_assignment": 2, "id": 4}, {"graph": null, "nnodes": 4, "nedges": 4, "density": 0.6666666666666666, "atomics": "[18, 19, 6, 7]", "group_pop": 4, "init_part_assignment": 10, "id": 5}, {"graph": null, "nnodes": 4, "nedges": 4, "density": 0.6666666666666666, "atomics": "[120, 121, 132, 133]", "group_pop": 4, "init_part_assignment": 6, "id": 6}, {"graph": null, "nnodes": 4, "nedges": 3, "density": 0.5, "atomics": "[98, 134, 110, 122]", "group_pop": 4, "init_part_assignment": 1, "id": 7}, {"graph": null, "nnodes": 4, "nedges": 4, "density": 0.6666666666666666, "atomics": "[96, 97, 108, 109]", "group_pop": 4, "init_part_assignment": 6, "id": 8}, {"graph": null, "nnodes": 4, "nedges": 3, "density": 0.5, "atomics": "[50, 26, 38, 14]", "group_pop": 4, "init_part_assignment": 5, "id": 9}, {"graph": null, "nnodes": 4, "nedges": 4, "density": 0.6666666666666666, "atomics": "[40, 51, 52, 39]", "group_pop": 4, "init_part_assignment": 5, "id": 10}, {"graph": null, "nnodes": 4, "nedges": 3, "density": 0.5, "atomics": "[64, 65, 62, 63]", "group_pop": 4, "init_part_assignment": 4, "id": 11}, {"graph": null, "nnodes": 4, "nedges": 4, "density": 0.6666666666666666, "atomics": "[136, 123, 124, 135]", "group_pop": 4, "init_part_assignment": 1, "id": 12}, {"graph": null, "nnodes": 4, "nedges": 3, "density": 0.5, "atomics": "[137, 138, 139, 127]", "group_pop": 4, "init_part_assignment": 8, "id": 13}, {"graph": null, "nnodes": 4, "nedges": 3, "density": 0.5, "atomics": "[114, 115, 126, 103]", "group_pop": 4, "init_part_assignment": 0, "id": 14}, {"graph": null, "nnodes": 4, "nedges": 4, "density": 0.6666666666666666, "atomics": "[130, 131, 142, 143]", "group_pop": 4, "init_part_assignment": 3, "id": 15}, {"graph": null, "nnodes": 4, "nedges": 3, "density": 0.5, "atomics": "[94, 58, 82, 70]", "group_pop": 4, "init_part_assignment": 7, "id": 16}, {"graph": null, "nnodes": 4, "nedges": 3, "density": 0.5, "atomics": "[59, 83, 95, 71]", "group_pop": 4, "init_part_assignment": 3, "id": 17}, {"graph": null, "nnodes": 4, "nedges": 4, "density": 0.6666666666666666, "atomics": "[34, 35, 46, 47]", "group_pop": 4, "init_part_assignment": 7, "id": 18}, {"graph": null, "nnodes": 4, "nedges": 4, "density": 0.6666666666666666, "atomics": "[128, 129, 140, 141]", "group_pop": 4, "init_part_assignment": 0, "id": 19}, {"graph": null, "nnodes": 4, "nedges": 3, "density": 0.5, "atomics": "[24, 0, 12, 25]", "group_pop": 4, "init_part_assignment": 5, "id": 20}, {"graph": null, "nnodes": 4, "nedges": 3, "density": 0.5, "atomics": "[1, 2, 3, 13]", "group_pop": 4, "init_part_assignment": 9, "id": 21}, {"graph": null, "nnodes": 4, "nedges": 4, "density": 0.6666666666666666, "atomics": "[32, 33, 44, 45]", "group_pop": 4, "init_part_assignment": 2, "id": 22}, {"graph": null, "nnodes": 4, "nedges": 4, "density": 0.6666666666666666, "atomics": "[41, 42, 53, 54]", "group_pop": 4, "init_part_assignment": 10, "id": 23}, {"graph": null, "nnodes": 4, "nedges": 3, "density": 0.5, "atomics": "[43, 31, 30, 55]", "group_pop": 4, "init_part_assignment": 10, "id": 24}, {"graph": null, "nnodes": 4, "nedges": 4, "density": 0.6666666666666666, "atomics": "[10, 11, 22, 23]", "group_pop": 4, "init_part_assignment": 7, "id": 25}, {"graph": null, "nnodes": 4, "nedges": 3, "density": 0.5, "atomics": "[72, 48, 84, 60]", "group_pop": 4, "init_part_assignment": 4, "id": 26}, {"graph": null, "nnodes": 4, "nedges": 4, "density": 0.6666666666666666, "atomics": "[104, 105, 116, 117]", "group_pop": 4, "init_part_assignment": 0, "id": 27}, {"graph": null, "nnodes": 4, "nedges": 4, "density": 0.6666666666666666, "atomics": "[106, 107, 118, 119]", "group_pop": 4, "init_part_assignment": 3, "id": 28}, {"graph": null, "nnodes": 4, "nedges": 4, "density": 0.6666666666666666, "atomics": "[56, 57, 68, 69]", "group_pop": 4, "init_part_assignment": 2, "id": 29}, {"graph": null, "nnodes": 4, "nedges": 3, "density": 0.5, "atomics": "[80, 81, 67, 79]", "group_pop": 4, "init_part_assignment": 11, "id": 30}, {"graph": null, "nnodes": 4, "nedges": 3, "density": 0.5, "atomics": "[49, 61, 36, 37]", "group_pop": 4, "init_part_assignment": 4, "id": 31}, {"graph": null, "nnodes": 4, "nedges": 4, "density": 0.6666666666666666, "atomics": "[73, 74, 85, 86]", "group_pop": 4, "init_part_assignment": 6, "id": 32}, {"graph": null, "nnodes": 4, "nedges": 4, "density": 0.6666666666666666, "atomics": "[88, 75, 76, 87]", "group_pop": 4, "init_part_assignment": 11, "id": 33}, {"graph": null, "nnodes": 4, "nedges": 4, "density": 0.6666666666666666, "atomics": "[112, 99, 100, 111]", "group_pop": 4, "init_part_assignment": 1, "id": 34}, {"graph": null, "nnodes": 4, "nedges": 3, "density": 0.5, "atomics": "[113, 125, 101, 102]", "group_pop": 4, "init_part_assignment": 8, "id": 35}], "adjacency": [[{"weight": 4, "random_weight": 0.46088547428730897, "id": 1}, {"weight": 2, "random_weight": 0.6722276450234326, "id": 9}, {"weight": 1, "random_weight": 0.8944265185648238, "id": 10}, {"weight": 2, "random_weight": 0.2407430435428617, "id": 21}], [{"weight": 4, "random_weight": 0.46088547428730897, "id": 0}, {"weight": 2, "random_weight": 0.04122410090893114, "id": 5}, {"weight": 1, "random_weight": 0.18837628661946182, "id": 10}, {"weight": 1, "random_weight": 0.9229234641526597, "id": 23}, {"weight": 1, "random_weight": 0.37361567837446796, "id": 24}], [{"weight": 2, "random_weight": 0.9918361097519875, "id": 3}, {"weight": 2, "random_weight": 0.7212653687115357, "id": 11}, {"weight": 1, "random_weight": 0.37340011959447283, "id": 23}, {"weight": 2, "random_weight": 0.333590349644179, "id": 30}, {"weight": 2, "random_weight": 0.9303087572294485, "id": 33}, {"weight": 1, "random_weight": 0.7060831711546299, "id": 35}], [{"weight": 2, "random_weight": 0.9918361097519875, "id": 2}, {"weight": 1, "random_weight": 0.4417620608858607, "id": 14}, {"weight": 1, "random_weight": 0.6565333766678263, "id": 16}, {"weight": 2, "random_weight": 0.8601770364776018, "id": 27}, {"weight": 3, "random_weight": 0.2206837951709968, "id": 30}, {"weight": 1, "random_weight": 0.603825796566626, "id": 35}], [{"weight": 2, "random_weight": 0.8156742126625384, "id": 5}, {"weight": 2, "random_weight": 0.43743816415185544, "id": 22}, {"weight": 2, "random_weight": 0.9302496208014294, "id": 25}], [{"weight": 2, "random_weight": 0.04122410090893114, "id": 1}, {"weight": 2, "random_weight": 0.8156742126625384, "id": 4}, {"weight": 2, "random_weight": 0.8890151507504135, "id": 24}], [{"weight": 2, "random_weight": 0.8163049126615645, "id": 7}, {"weight": 2, "random_weight": 0.9464912963380274, "id": 8}], [{"weight": 2, "random_weight": 0.8163049126615645, "id": 6}, {"weight": 2, "random_weight": 0.30120943036953385, "id": 8}, {"weight": 2, "random_weight": 0.5996378397810118, "id": 12}, {"weight": 1, "random_weight": 0.6284711324970025, "id": 32}, {"weight": 2, "random_weight": 0.11302314932292123, "id": 34}], [{"weight": 2, "random_weight": 0.9464912963380274, "id": 6}, {"weight": 2, "random_weight": 0.30120943036953385, "id": 7}, {"weight": 1, "random_weight": 0.9076371153286992, "id": 26}, {"weight": 1, "random_weight": 0.3989679633625508, "id": 32}], [{"weight": 2, "random_weight": 0.6722276450234326, "id": 0}, {"weight": 2, "random_weight": 0.16456293387697252, "id": 10}, {"weight": 1, "random_weight": 0.780411807803444, "id": 11}, {"weight": 1, "random_weight": 0.8699636951521622, "id": 20}, {"weight": 2, "random_weight": 0.6088166852797473, "id": 21}, {"weight": 2, "random_weight": 0.9542275166416133, "id": 31}], [{"weight": 1, "random_weight": 0.8944265185648238, "id": 0}, {"weight": 1, "random_weight": 0.18837628661946182, "id": 1}, {"weight": 2, "random_weight": 0.16456293387697252, "id": 9}, {"weight": 2, "random_weight": 0.6249421320231475, "id": 11}, {"weight": 2, "random_weight": 0.7569254019738161, "id": 23}], [{"weight": 2, "random_weight": 0.7212653687115357, "id": 2}, {"weight": 1, "random_weight": 0.780411807803444, "id": 9}, {"weight": 2, "random_weight": 0.6249421320231475, "id": 10}, {"weight": 1, "random_weight": 0.6811782252722217, "id": 23}, {"weight": 1, "random_weight": 0.4413935246257905, "id": 31}, {"weight": 1, "random_weight": 0.8387604352273573, "id": 32}, {"weight": 2, "random_weight": 0.5538100554350928, "id": 33}], [{"weight": 2, "random_weight": 0.5996378397810118, "id": 7}, {"weight": 1, "random_weight": 0.9899742573767575, "id": 13}, {"weight": 2, "random_weight": 0.700936435292817, "id": 34}, {"weight": 1, "random_weight": 0.7694087274353362, "id": 35}], [{"weight": 1, "random_weight": 0.9899742573767575, "id": 12}, {"weight": 3, "random_weight": 0.5814095367257476, "id": 14}, {"weight": 2, "random_weight": 0.8456372507646387, "id": 19}, {"weight": 1, "random_weight": 0.6534481424738076, "id": 35}], [{"weight": 1, "random_weight": 0.4417620608858607, "id": 3}, {"weight": 3, "random_weight": 0.5814095367257476, "id": 13}, {"weight": 2, "random_weight": 0.4523798308952861, "id": 27}, {"weight": 4, "random_weight": 0.2317722915360484, "id": 35}], [{"weight": 2, "random_weight": 0.8669391478158553, "id": 19}, {"weight": 2, "random_weight": 0.9463194078919641, "id": 28}], [{"weight": 1, "random_weight": 0.6565333766678263, "id": 3}, {"weight": 4, "random_weight": 0.646735821056058, "id": 17}, {"weight": 1, "random_weight": 0.21031010166877906, "id": 18}, {"weight": 1, "random_weight": 0.45099260044973877, "id": 28}, {"weight": 2, "random_weight": 0.5622696677017603, "id": 29}, {"weight": 1, "random_weight": 0.5596676605639404, "id": 30}], [{"weight": 4, "random_weight": 0.646735821056058, "id": 16}, {"weight": 1, "random_weight": 0.3132385842125808, "id": 18}, {"weight": 1, "random_weight": 0.16151872956839286, "id": 28}], [{"weight": 1, "random_weight": 0.21031010166877906, "id": 16}, {"weight": 1, "random_weight": 0.3132385842125808, "id": 17}, {"weight": 2, "random_weight": 0.8094880178762688, "id": 22}, {"weight": 2, "random_weight": 0.8294574565858434, "id": 25}], [{"weight": 2, "random_weight": 0.8456372507646387, "id": 13}, {"weight": 2, "random_weight": 0.8669391478158553, "id": 15}, {"weight": 2, "random_weight": 0.500876365653683, "id": 27}], [{"weight": 1, "random_weight": 0.8699636951521622, "id": 9}, {"weight": 3, "random_weight": 0.9625940606925111, "id": 21}, {"weight": 2, "random_weight": 0.7140710369463069, "id": 31}], [{"weight": 2, "random_weight": 0.2407430435428617, "id": 0}, {"weight": 2, "random_weight": 0.6088166852797473, "id": 9}, {"weight": 3, "random_weight": 0.9625940606925111, "id": 20}], [{"weight": 2, "random_weight": 0.43743816415185544, "id": 4}, {"weight": 2, "random_weight": 0.8094880178762688, "id": 18}, {"weight": 2, "random_weight": 0.2908069410761768, "id": 24}, {"weight": 2, "random_weight": 0.3822575909268858, "id": 29}], [{"weight": 1, "random_weight": 0.9229234641526597, "id": 1}, {"weight": 1, "random_weight": 0.37340011959447283, "id": 2}, {"weight": 2, "random_weight": 0.7569254019738161, "id": 10}, {"weight": 1, "random_weight": 0.6811782252722217, "id": 11}, {"weight": 3, "random_weight": 0.2944046642014535, "id": 24}], [{"weight": 1, "random_weight": 0.37361567837446796, "id": 1}, {"weight": 2, "random_weight": 0.8890151507504135, "id": 5}, {"weight": 2, "random_weight": 0.2908069410761768, "id": 22}, {"weight": 3, "random_weight": 0.2944046642014535, "id": 23}, {"weight": 1, "random_weight": 0.7190385490038799, "id": 29}, {"weight": 1, "random_weight": 0.44111532248942154, "id": 30}], [{"weight": 2, "random_weight": 0.9302496208014294, "id": 4}, {"weight": 2, "random_weight": 0.8294574565858434, "id": 18}], [{"weight": 1, "random_weight": 0.9076371153286992, "id": 8}, {"weight": 3, "random_weight": 0.1769044138780328, "id": 31}, {"weight": 2, "random_weight": 0.08899064679414981, "id": 32}], [{"weight": 2, "random_weight": 0.8601770364776018, "id": 3}, {"weight": 2, "random_weight": 0.4523798308952861, "id": 14}, {"weight": 2, "random_weight": 0.500876365653683, "id": 19}, {"weight": 2, "random_weight": 0.7965319411020151, "id": 28}], [{"weight": 2, "random_weight": 0.9463194078919641, "id": 15}, {"weight": 1, "random_weight": 0.45099260044973877, "id": 16}, {"weight": 1, "random_weight": 0.16151872956839286, "id": 17}, {"weight": 2, "random_weight": 0.7965319411020151, "id": 27}], [{"weight": 2, "random_weight": 0.5622696677017603, "id": 16}, {"weight": 2, "random_weight": 0.3822575909268858, "id": 22}, {"weight": 1, "random_weight": 0.7190385490038799, "id": 24}, {"weight": 3, "random_weight": 0.5287074722621915, "id": 30}], [{"weight": 2, "random_weight": 0.333590349644179, "id": 2}, {"weight": 3, "random_weight": 0.2206837951709968, "id": 3}, {"weight": 1, "random_weight": 0.5596676605639404, "id": 16}, {"weight": 1, "random_weight": 0.44111532248942154, "id": 24}, {"weight": 3, "random_weight": 0.5287074722621915, "id": 29}], [{"weight": 2, "random_weight": 0.9542275166416133, "id": 9}, {"weight": 1, "random_weight": 0.4413935246257905, "id": 11}, {"weight": 2, "random_weight": 0.7140710369463069, "id": 20}, {"weight": 3, "random_weight": 0.1769044138780328, "id": 26}, {"weight": 1, "random_weight": 0.32102256675795104, "id": 32}], [{"weight": 1, "random_weight": 0.6284711324970025, "id": 7}, {"weight": 1, "random_weight": 0.3989679633625508, "id": 8}, {"weight": 1, "random_weight": 0.8387604352273573, "id": 11}, {"weight": 2, "random_weight": 0.08899064679414981, "id": 26}, {"weight": 1, "random_weight": 0.32102256675795104, "id": 31}, {"weight": 2, "random_weight": 0.35921674546253557, "id": 33}], [{"weight": 2, "random_weight": 0.9303087572294485, "id": 2}, {"weight": 2, "random_weight": 0.5538100554350928, "id": 11}, {"weight": 2, "random_weight": 0.35921674546253557, "id": 32}, {"weight": 2, "random_weight": 0.8137947422522989, "id": 34}], [{"weight": 2, "random_weight": 0.11302314932292123, "id": 7}, {"weight": 2, "random_weight": 0.700936435292817, "id": 12}, {"weight": 2, "random_weight": 0.8137947422522989, "id": 33}, {"weight": 2, "random_weight": 0.7602015335524548, "id": 35}], [{"weight": 1, "random_weight": 0.7060831711546299, "id": 2}, {"weight": 1, "random_weight": 0.603825796566626, "id": 3}, {"weight": 1, "random_weight": 0.7694087274353362, "id": 12}, {"weight": 1, "random_weight": 0.6534481424738076, "id": 13}, {"weight": 4, "random_weight": 0.2317722915360484, "id": 14}, {"weight": 2, "random_weight": 0.7602015335524548, "id": 34}]]}