{"directed": false, "multigraph": false, "graph": [], "nodes": [{"graph": null, "nnodes": 4, "nedges": 3, "density": 0.5, "atomics": "[16, 17, 3, 15]", "group_pop": 4, "init_part_assignment": 5, "id": 0}, {"graph": null, "nnodes": 4, "nedges": 3, "density": 0.5, "atomics": "[18, 4, 5, 6]", "group_pop": 4, "init_part_assignment": 1, "id": 1}, {"graph": null, "nnodes": 4, "nedges": 3, "density": 0.5, "atomics": "[64, 89, 88, 76]", "group_pop": 4, "init_part_assignment": 10, "id": 2}, {"graph": null, "nnodes": 4, "nedges": 3, "density": 0.5, "atomics": "[80, 90, 78, 79]", "group_pop": 4, "init_part_assignment": 7, "id": 3}, {"graph": null, "nnodes": 4, "nedges": 3, "density": 0.5, "atomics": "[65, 77, 53, 41]", "group_pop": 4, "init_part_assignment": 9, "id": 4}, {"graph": null, "nnodes": 4, "nedges": 3, "density": 0.5, "atomics": "[8, 19, 7, 31]", "group_pop": 4, "init_part_assignment": 1, "id": 5}, {"graph": null, "nnodes": 4, "nedges": 3, "density": 0.5, "atomics": "[9, 10, 20, 21]", "group_pop": 4, "init_part_assignment": 0, "id": 6}, {"graph": null, "nnodes": 4, "nedges": 4, "density": 0.6666666666666666, "atomics": "[120, 121, 132, 133]", "group_pop": 4, "init_part_assignment": 4, "id": 7}, {"graph": null, "nnodes": 4, "nedges": 3, "density": 0.5, "atomics": "[122, 134, 109, 110]", "group_pop": 4, "init_part_assignment": 4, "id": 8}, {"graph": null, "nnodes": 4, "nedges": 3, "density": 0.5, "atomics": "[96, 108, 85, 84]", "group_pop": 4, "init_part_assignment": 4, "id": 9}, {"graph": null, "nnodes": 4, "nedges": 3, "density": 0.5, "atomics": "[48, 49, 50, 38]", "group_pop": 4, "init_part_assignment": 11, "id": 10}, {"graph": null, "nnodes": 4, "nedges": 4, "density": 0.6666666666666666, "atomics": "[40, 51, 52, 39]", "group_pop": 4, "init_part_assignment": 9, "id": 11}, {"graph": null, "nnodes": 4, "nedges": 4, "density": 0.6666666666666666, "atomics": "[74, 75, 62, 63]", "group_pop": 4, "init_part_assignment": 10, "id": 12}, {"graph": null, "nnodes": 4, "nedges": 4, "density": 0.6666666666666666, "atomics": "[136, 137, 124, 125]", "group_pop": 4, "init_part_assignment": 2, "id": 13}, {"graph": null, "nnodes": 4, "nedges": 3, "density": 0.5, "atomics": "[138, 126, 102, 114]", "group_pop": 4, "init_part_assignment": 3, "id": 14}, {"graph": null, "nnodes": 4, "nedges": 4, "density": 0.6666666666666666, "atomics": "[130, 131, 142, 143]", "group_pop": 4, "init_part_assignment": 6, "id": 15}, {"graph": null, "nnodes": 4, "nedges": 3, "density": 0.5, "atomics": "[57, 58, 59, 71]", "group_pop": 4, "init_part_assignment": 0, "id": 16}, {"graph": null, "nnodes": 4, "nedges": 3, "density": 0.5, "atomics": "[34, 45, 46, 22]", "group_pop": 4, "init_part_assignment": 8, "id": 17}, {"graph": null, "nnodes": 4, "nedges": 3, "density": 0.5, "atomics": "[11, 35, 47, 23]", "group_pop": 4, "init_part_assignment": 0, "id": 18}, {"graph": null, "nnodes": 4, "nedges": 3, "density": 0.5, "atomics": "[27, 26, 2, 14]", "group_pop": 4, "init_part_assignment": 5, "id": 19}, {"graph": null, "nnodes": 4, "nedges": 3, "density": 0.5, "atomics": "[42, 28, 29, 30]", "group_pop": 4, "init_part_assignment": 1, "id": 20}, {"graph": null, "nnodes": 4, "nedges": 3, "density": 0.5, "atomics": "[123, 135, 99, 111]", "group_pop": 4, "init_part_assignment": 2, "id": 21}, {"graph": null, "nnodes": 4, "nedges": 4, "density": 0.6666666666666666, "atomics": "[128, 139, 140, 127]", "group_pop": 4, "init_part_assignment": 3, "id": 22}, {"graph": null, "nnodes": 4, "nedges": 4, "density": 0.6666666666666666, "atomics": "[24, 25, 36, 37]", "group_pop": 4, "init_part_assignment": 11, "id": 23}, {"graph": null, "nnodes": 4, "nedges": 4, "density": 0.6666666666666666, "atomics": "[0, 1, 12, 13]", "group_pop": 4, "init_part_assignment": 5, "id": 24}, {"graph": null, "nnodes": 4, "nedges": 3, "density": 0.5, "atomics": "[32, 33, 56, 44]", "group_pop": 4, "init_part_assignment": 8, "id": 25}, {"graph": null, "nnodes": 4, "nedges": 4, "density": 0.6666666666666666, "atomics": "[72, 73, 60, 61]", "group_pop": 4, "init_part_assignment": 11, "id": 26}, {"graph": null, "nnodes": 4, "nedges": 3, "density": 0.5, "atomics": "[129, 117, 141, 105]", "group_pop": 4, "init_part_assignment": 7, "id": 27}, {"graph": null, "nnodes": 4, "nedges": 4, "density": 0.6666666666666666, "atomics": "[106, 107, 118, 119]", "group_pop": 4, "init_part_assignment": 6, "id": 28}, {"graph": null, "nnodes": 4, "nedges": 4, "density": 0.6666666666666666, "atomics": "[82, 83, 94, 95]", "group_pop": 4, "init_part_assignment": 6, "id": 29}, {"graph": null, "nnodes": 4, "nedges": 3, "density": 0.5, "atomics": "[66, 43, 54, 55]", "group_pop": 4, "init_part_assignment": 9, "id": 30}, {"graph": null, "nnodes": 4, "nedges": 3, "density": 0.5, "atomics": "[81, 91, 92, 93]", "group_pop": 4, "init_part_assignment": 7, "id": 31}, {"graph": null, "nnodes": 4, "nedges": 3, "density": 0.5, "atomics": "[67, 68, 69, 70]", "group_pop": 4, "init_part_assignment": 8, "id": 32}, {"graph": null, "nnodes": 4, "nedges": 3, "density": 0.5, "atomics": "[97, 98, 86, 87]", "group_pop": 4, "init_part_assignment": 10, "id": 33}, {"graph": null, "nnodes": 4, "nedges": 4, "density": 0.6666666666666666, "atomics": "[104, 115, 116, 103]", "group_pop": 4, "init_part_assignment": 3, "id": 34}, {"graph": null, "nnodes": 4, "nedges": 4, "density": 0.6666666666666666, "atomics": "[112, 113, 100, 101]", "group_pop": 4, "init_part_assignment": 2, "id": 35}], "adjacency": [[{"weight": 4, "random_weight": 0.9976924777768961, "id": 1}, {"weight": 3, "random_weight": 0.7872603030082316, "id": 19}, {"weight": 2, "random_weight": 0.9419863619575319, "id": 20}], [{"weight": 4, "random_weight": 0.9976924777768961, "id": 0}, {"weight": 2, "random_weight": 0.9456755156402151, "id": 5}, {"weight": 1, "random_weight": 0.8317869761554302, "id": 20}], [{"weight": 1, "random_weight": 0.6707521130717888, "id": 3}, {"weight": 3, "random_weight": 0.9403639352198766, "id": 4}, {"weight": 1, "random_weight": 0.9726249433865961, "id": 11}, {"weight": 2, "random_weight": 0.9458902513946907, "id": 12}, {"weight": 1, "random_weight": 0.22088019437445094, "id": 33}, {"weight": 2, "random_weight": 0.4928327571572275, "id": 35}], [{"weight": 1, "random_weight": 0.6707521130717888, "id": 2}, {"weight": 1, "random_weight": 0.9424971956284485, "id": 4}, {"weight": 1, "random_weight": 0.7068010747470491, "id": 14}, {"weight": 1, "random_weight": 0.814834487604403, "id": 30}, {"weight": 4, "random_weight": 0.5620580983777506, "id": 31}, {"weight": 2, "random_weight": 0.8785552996302032, "id": 32}], [{"weight": 3, "random_weight": 0.9403639352198766, "id": 2}, {"weight": 1, "random_weight": 0.9424971956284485, "id": 3}, {"weight": 2, "random_weight": 0.38723212718468936, "id": 11}, {"weight": 2, "random_weight": 0.5567724201512556, "id": 20}, {"weight": 2, "random_weight": 0.8593796475056643, "id": 30}], [{"weight": 2, "random_weight": 0.9456755156402151, "id": 1}, {"weight": 3, "random_weight": 0.7821567191736525, "id": 6}, {"weight": 1, "random_weight": 0.4379406027441197, "id": 20}, {"weight": 1, "random_weight": 0.5998722629480544, "id": 25}, {"weight": 1, "random_weight": 0.5099062099734366, "id": 30}], [{"weight": 3, "random_weight": 0.7821567191736525, "id": 5}, {"weight": 2, "random_weight": 0.5578919291512012, "id": 17}, {"weight": 1, "random_weight": 0.23900724914505256, "id": 18}, {"weight": 2, "random_weight": 0.29876722333311245, "id": 25}], [{"weight": 3, "random_weight": 0.5373667860299873, "id": 8}, {"weight": 1, "random_weight": 0.41164495235718135, "id": 9}], [{"weight": 3, "random_weight": 0.5373667860299873, "id": 7}, {"weight": 1, "random_weight": 0.1359425857074965, "id": 9}, {"weight": 3, "random_weight": 0.09837313469698661, "id": 21}, {"weight": 2, "random_weight": 0.9287209409119435, "id": 33}], [{"weight": 1, "random_weight": 0.41164495235718135, "id": 7}, {"weight": 1, "random_weight": 0.1359425857074965, "id": 8}, {"weight": 2, "random_weight": 0.7411316441674158, "id": 26}, {"weight": 3, "random_weight": 0.8922910935434168, "id": 33}], [{"weight": 2, "random_weight": 0.3412994735467926, "id": 11}, {"weight": 1, "random_weight": 0.8177062716801817, "id": 12}, {"weight": 1, "random_weight": 0.8302455516219616, "id": 19}, {"weight": 3, "random_weight": 0.2893660696689143, "id": 23}, {"weight": 2, "random_weight": 0.6082399693593855, "id": 26}], [{"weight": 1, "random_weight": 0.9726249433865961, "id": 2}, {"weight": 2, "random_weight": 0.38723212718468936, "id": 4}, {"weight": 2, "random_weight": 0.3412994735467926, "id": 10}, {"weight": 1, "random_weight": 0.2292279758649154, "id": 12}, {"weight": 1, "random_weight": 0.7794824351980523, "id": 19}, {"weight": 1, "random_weight": 0.5956842713796247, "id": 20}], [{"weight": 2, "random_weight": 0.9458902513946907, "id": 2}, {"weight": 1, "random_weight": 0.8177062716801817, "id": 10}, {"weight": 1, "random_weight": 0.2292279758649154, "id": 11}, {"weight": 2, "random_weight": 0.342548378154381, "id": 26}, {"weight": 2, "random_weight": 0.10684664335060201, "id": 33}], [{"weight": 2, "random_weight": 0.6402757231528263, "id": 14}, {"weight": 2, "random_weight": 0.3064854589864442, "id": 21}, {"weight": 2, "random_weight": 0.007150961240789733, "id": 35}], [{"weight": 1, "random_weight": 0.7068010747470491, "id": 3}, {"weight": 2, "random_weight": 0.6402757231528263, "id": 13}, {"weight": 2, "random_weight": 0.9294629490396499, "id": 22}, {"weight": 2, "random_weight": 0.07214490922511796, "id": 34}, {"weight": 2, "random_weight": 0.8648242391552187, "id": 35}], [{"weight": 2, "random_weight": 0.6941178918878141, "id": 27}, {"weight": 2, "random_weight": 0.5990877614974875, "id": 28}], [{"weight": 2, "random_weight": 0.8215436959774661, "id": 17}, {"weight": 1, "random_weight": 0.24827157476396577, "id": 18}, {"weight": 1, "random_weight": 0.655952422225358, "id": 25}, {"weight": 1, "random_weight": 0.5947227976310303, "id": 29}, {"weight": 3, "random_weight": 0.6672972235871266, "id": 32}], [{"weight": 2, "random_weight": 0.5578919291512012, "id": 6}, {"weight": 2, "random_weight": 0.8215436959774661, "id": 16}, {"weight": 3, "random_weight": 0.3566006812397541, "id": 18}, {"weight": 3, "random_weight": 0.2996495199500583, "id": 25}], [{"weight": 1, "random_weight": 0.23900724914505256, "id": 6}, {"weight": 1, "random_weight": 0.24827157476396577, "id": 16}, {"weight": 3, "random_weight": 0.3566006812397541, "id": 17}], [{"weight": 3, "random_weight": 0.7872603030082316, "id": 0}, {"weight": 1, "random_weight": 0.8302455516219616, "id": 10}, {"weight": 1, "random_weight": 0.7794824351980523, "id": 11}, {"weight": 1, "random_weight": 0.7578615784306709, "id": 20}, {"weight": 1, "random_weight": 0.26988146296873283, "id": 23}, {"weight": 2, "random_weight": 0.27518458742598184, "id": 24}], [{"weight": 2, "random_weight": 0.9419863619575319, "id": 0}, {"weight": 1, "random_weight": 0.8317869761554302, "id": 1}, {"weight": 2, "random_weight": 0.5567724201512556, "id": 4}, {"weight": 1, "random_weight": 0.4379406027441197, "id": 5}, {"weight": 1, "random_weight": 0.5956842713796247, "id": 11}, {"weight": 1, "random_weight": 0.7578615784306709, "id": 19}, {"weight": 2, "random_weight": 0.15711680339177247, "id": 30}], [{"weight": 3, "random_weight": 0.09837313469698661, "id": 8}, {"weight": 2, "random_weight": 0.3064854589864442, "id": 13}, {"weight": 2, "random_weight": 0.9682597457436518, "id": 33}, {"weight": 2, "random_weight": 0.07994565008527466, "id": 35}], [{"weight": 2, "random_weight": 0.9294629490396499, "id": 14}, {"weight": 2, "random_weight": 0.5417534051807608, "id": 27}, {"weight": 2, "random_weight": 0.031696240593838465, "id": 34}], [{"weight": 3, "random_weight": 0.2893660696689143, "id": 10}, {"weight": 1, "random_weight": 0.26988146296873283, "id": 19}, {"weight": 2, "random_weight": 0.981488567297879, "id": 24}], [{"weight": 2, "random_weight": 0.27518458742598184, "id": 19}, {"weight": 2, "random_weight": 0.981488567297879, "id": 23}], [{"weight": 1, "random_weight": 0.5998722629480544, "id": 5}, {"weight": 2, "random_weight": 0.29876722333311245, "id": 6}, {"weight": 1, "random_weight": 0.655952422225358, "id": 16}, {"weight": 3, "random_weight": 0.2996495199500583, "id": 17}, {"weight": 2, "random_weight": 0.4808117477971735, "id": 30}, {"weight": 1, "random_weight": 0.13182117253029169, "id": 32}], [{"weight": 2, "random_weight": 0.7411316441674158, "id": 9}, {"weight": 2, "random_weight": 0.6082399693593855, "id": 10}, {"weight": 2, "random_weight": 0.342548378154381, "id": 12}], [{"weight": 2, "random_weight": 0.6941178918878141, "id": 15}, {"weight": 2, "random_weight": 0.5417534051807608, "id": 22}, {"weight": 2, "random_weight": 0.594385154539546, "id": 28}, {"weight": 1, "random_weight": 0.8474976704522482, "id": 31}, {"weight": 2, "random_weight": 0.5330756855267103, "id": 34}], [{"weight": 2, "random_weight": 0.5990877614974875, "id": 15}, {"weight": 2, "random_weight": 0.594385154539546, "id": 27}, {"weight": 2, "random_weight": 0.38301012722180383, "id": 29}], [{"weight": 1, "random_weight": 0.5947227976310303, "id": 16}, {"weight": 2, "random_weight": 0.38301012722180383, "id": 28}, {"weight": 2, "random_weight": 0.689222739374525, "id": 31}, {"weight": 1, "random_weight": 0.28186764870019787, "id": 32}], [{"weight": 1, "random_weight": 0.814834487604403, "id": 3}, {"weight": 2, "random_weight": 0.8593796475056643, "id": 4}, {"weight": 1, "random_weight": 0.5099062099734366, "id": 5}, {"weight": 2, "random_weight": 0.15711680339177247, "id": 20}, {"weight": 2, "random_weight": 0.4808117477971735, "id": 25}, {"weight": 2, "random_weight": 0.9131393474248256, "id": 32}], [{"weight": 4, "random_weight": 0.5620580983777506, "id": 3}, {"weight": 1, "random_weight": 0.8474976704522482, "id": 27}, {"weight": 2, "random_weight": 0.689222739374525, "id": 29}, {"weight": 1, "random_weight": 0.30838100918090383, "id": 32}, {"weight": 2, "random_weight": 0.16960073355252825, "id": 34}], [{"weight": 2, "random_weight": 0.8785552996302032, "id": 3}, {"weight": 3, "random_weight": 0.6672972235871266, "id": 16}, {"weight": 1, "random_weight": 0.13182117253029169, "id": 25}, {"weight": 1, "random_weight": 0.28186764870019787, "id": 29}, {"weight": 2, "random_weight": 0.9131393474248256, "id": 30}, {"weight": 1, "random_weight": 0.30838100918090383, "id": 31}], [{"weight": 1, "random_weight": 0.22088019437445094, "id": 2}, {"weight": 2, "random_weight": 0.9287209409119435, "id": 8}, {"weight": 3, "random_weight": 0.8922910935434168, "id": 9}, {"weight": 2, "random_weight": 0.10684664335060201, "id": 12}, {"weight": 2, "random_weight": 0.9682597457436518, "id": 21}], [{"weight": 2, "random_weight": 0.07214490922511796, "id": 14}, {"weight": 2, "random_weight": 0.031696240593838465, "id": 22}, {"weight": 2, "random_weight": 0.5330756855267103, "id": 27}, {"weight": 2, "random_weight": 0.16960073355252825, "id": 31}], [{"weight": 2, "random_weight": 0.4928327571572275, "id": 2}, {"weight": 2, "random_weight": 0.007150961240789733, "id": 13}, {"weight": 2, "random_weight": 0.8648242391552187, "id": 14}, {"weight": 2, "random_weight": 0.07994565008527466, "id": 21}]]}