{"directed": false, "multigraph": false, "graph": [], "nodes": [{"graph": null, "nnodes": 4, "nedges": 4, "density": 0.6666666666666666, "atomics": "[16, 27, 28, 15]", "group_pop": 4, "init_part_assignment": 8, "id": 0}, {"graph": null, "nnodes": 4, "nedges": 3, "density": 0.5, "atomics": "[17, 3, 4, 5]", "group_pop": 4, "init_part_assignment": 8, "id": 1}, {"graph": null, "nnodes": 4, "nedges": 3, "density": 0.5, "atomics": "[89, 90, 66, 78]", "group_pop": 4, "init_part_assignment": 10, "id": 2}, {"graph": null, "nnodes": 4, "nedges": 3, "density": 0.5, "atomics": "[64, 65, 77, 63]", "group_pop": 4, "init_part_assignment": 9, "id": 3}, {"graph": null, "nnodes": 4, "nedges": 4, "density": 0.6666666666666666, "atomics": "[8, 9, 20, 21]", "group_pop": 4, "init_part_assignment": 2, "id": 4}, {"graph": null, "nnodes": 4, "nedges": 4, "density": 0.6666666666666666, "atomics": "[18, 19, 6, 7]", "group_pop": 4, "init_part_assignment": 2, "id": 5}, {"graph": null, "nnodes": 4, "nedges": 4, "density": 0.6666666666666666, "atomics": "[120, 121, 132, 133]", "group_pop": 4, "init_part_assignment": 3, "id": 6}, {"graph": null, "nnodes": 4, "nedges": 4, "density": 0.6666666666666666, "atomics": "[122, 123, 134, 135]", "group_pop": 4, "init_part_assignment": 3, "id": 7}, {"graph": null, "nnodes": 4, "nedges": 3, "density": 0.5, "atomics": "[96, 108, 85, 84]", "group_pop": 4, "init_part_assignment": 3, "id": 8}, {"graph": null, "nnodes": 4, "nedges": 3, "density": 0.5, "atomics": "[97, 109, 110, 111]", "group_pop": 4, "init_part_assignment": 6, "id": 9}, {"graph": null, "nnodes": 4, "nedges": 3, "density": 0.5, "atomics": "[48, 49, 50, 60]", "group_pop": 4, "init_part_assignment": 9, "id": 10}, {"graph": null, "nnodes": 4, "nedges": 4, "density": 0.6666666666666666, "atomics": "[40, 51, 52, 39]", "group_pop": 4, "init_part_assignment": 9, "id": 11}, {"graph": null, "nnodes": 4, "nedges": 3, "density": 0.5, "atomics": "[136, 137, 138, 124]", "group_pop": 4, "init_part_assignment": 11, "id": 12}, {"graph": null, "nnodes": 4, "nedges": 3, "density": 0.5, "atomics": "[128, 125, 126, 127]", "group_pop": 4, "init_part_assignment": 11, "id": 13}, {"graph": null, "nnodes": 4, "nedges": 4, "density": 0.6666666666666666, "atomics": "[130, 131, 142, 143]", "group_pop": 4, "init_part_assignment": 4, "id": 14}, {"graph": null, "nnodes": 4, "nedges": 4, "density": 0.6666666666666666, "atomics": "[58, 59, 46, 47]", "group_pop": 4, "init_part_assignment": 1, "id": 15}, {"graph": null, "nnodes": 4, "nedges": 3, "density": 0.5, "atomics": "[129, 139, 140, 141]", "group_pop": 4, "init_part_assignment": 5, "id": 16}, {"graph": null, "nnodes": 4, "nedges": 4, "density": 0.6666666666666666, "atomics": "[24, 25, 36, 37]", "group_pop": 4, "init_part_assignment": 0, "id": 17}, {"graph": null, "nnodes": 4, "nedges": 4, "density": 0.6666666666666666, "atomics": "[0, 1, 12, 13]", "group_pop": 4, "init_part_assignment": 0, "id": 18}, {"graph": null, "nnodes": 4, "nedges": 4, "density": 0.6666666666666666, "atomics": "[32, 43, 44, 31]", "group_pop": 4, "init_part_assignment": 2, "id": 19}, {"graph": null, "nnodes": 4, "nedges": 4, "density": 0.6666666666666666, "atomics": "[41, 42, 29, 30]", "group_pop": 4, "init_part_assignment": 8, "id": 20}, {"graph": null, "nnodes": 4, "nedges": 4, "density": 0.6666666666666666, "atomics": "[10, 11, 22, 23]", "group_pop": 4, "init_part_assignment": 1, "id": 21}, {"graph": null, "nnodes": 4, "nedges": 3, "density": 0.5, "atomics": "[33, 34, 35, 45]", "group_pop": 4, "init_part_assignment": 1, "id": 22}, {"graph": null, "nnodes": 4, "nedges": 3, "density": 0.5, "atomics": "[72, 73, 61, 62]", "group_pop": 4, "init_part_assignment": 6, "id": 23}, {"graph": null, "nnodes": 4, "nedges": 3, "density": 0.5, "atomics": "[104, 116, 117, 92]", "group_pop": 4, "init_part_assignment": 5, "id": 24}, {"graph": null, "nnodes": 4, "nedges": 4, "density": 0.6666666666666666, "atomics": "[106, 107, 118, 119]", "group_pop": 4, "init_part_assignment": 4, "id": 25}, {"graph": null, "nnodes": 4, "nedges": 4, "density": 0.6666666666666666, "atomics": "[82, 83, 94, 95]", "group_pop": 4, "init_part_assignment": 7, "id": 26}, {"graph": null, "nnodes": 4, "nedges": 3, "density": 0.5, "atomics": "[57, 69, 70, 71]", "group_pop": 4, "init_part_assignment": 7, "id": 27}, {"graph": null, "nnodes": 4, "nedges": 3, "density": 0.5, "atomics": "[2, 26, 38, 14]", "group_pop": 4, "init_part_assignment": 0, "id": 28}, {"graph": null, "nnodes": 4, "nedges": 3, "density": 0.5, "atomics": "[80, 81, 93, 105]", "group_pop": 4, "init_part_assignment": 4, "id": 29}, {"graph": null, "nnodes": 4, "nedges": 3, "density": 0.5, "atomics": "[56, 53, 54, 55]", "group_pop": 4, "init_part_assignment": 7, "id": 30}, {"graph": null, "nnodes": 4, "nedges": 3, "density": 0.5, "atomics": "[98, 99, 74, 86]", "group_pop": 4, "init_part_assignment": 6, "id": 31}, {"graph": null, "nnodes": 4, "nedges": 4, "density": 0.6666666666666666, "atomics": "[88, 75, 76, 87]", "group_pop": 4, "init_part_assignment": 10, "id": 32}, {"graph": null, "nnodes": 4, "nedges": 3, "density": 0.5, "atomics": "[91, 67, 68, 79]", "group_pop": 4, "init_part_assignment": 5, "id": 33}, {"graph": null, "nnodes": 4, "nedges": 4, "density": 0.6666666666666666, "atomics": "[114, 115, 102, 103]", "group_pop": 4, "init_part_assignment": 10, "id": 34}, {"graph": null, "nnodes": 4, "nedges": 4, "density": 0.6666666666666666, "atomics": "[112, 113, 100, 101]", "group_pop": 4, "init_part_assignment": 11, "id": 35}], "adjacency": [[{"weight": 3, "random_weight": 0.21026539487853269, "id": 1}, {"weight": 2, "random_weight": 0.06386791276948023, "id": 11}, {"weight": 1, "random_weight": 0.12345714797008722, "id": 20}, {"weight": 2, "random_weight": 0.2537435254779271, "id": 28}], [{"weight": 3, "random_weight": 0.21026539487853269, "id": 0}, {"weight": 2, "random_weight": 0.8849687549111959, "id": 5}, {"weight": 1, "random_weight": 0.8183936362146023, "id": 20}, {"weight": 1, "random_weight": 0.8417538499350258, "id": 28}], [{"weight": 3, "random_weight": 0.22459685509844707, "id": 3}, {"weight": 1, "random_weight": 0.953242481629889, "id": 30}, {"weight": 1, "random_weight": 0.2724870834731785, "id": 32}, {"weight": 3, "random_weight": 0.27021338749163715, "id": 33}, {"weight": 1, "random_weight": 0.6796466989647026, "id": 34}, {"weight": 1, "random_weight": 0.977284967404634, "id": 35}], [{"weight": 3, "random_weight": 0.22459685509844707, "id": 2}, {"weight": 2, "random_weight": 0.2301102016160569, "id": 11}, {"weight": 1, "random_weight": 0.8771542703449204, "id": 23}, {"weight": 1, "random_weight": 0.7462799954746773, "id": 30}, {"weight": 3, "random_weight": 0.22918799149637592, "id": 32}], [{"weight": 2, "random_weight": 0.7176408330020525, "id": 5}, {"weight": 1, "random_weight": 0.12188598985033194, "id": 19}, {"weight": 2, "random_weight": 0.8520452463715463, "id": 21}, {"weight": 1, "random_weight": 0.2301234850564743, "id": 22}], [{"weight": 2, "random_weight": 0.8849687549111959, "id": 1}, {"weight": 2, "random_weight": 0.7176408330020525, "id": 4}, {"weight": 1, "random_weight": 0.07825934013454994, "id": 19}, {"weight": 1, "random_weight": 0.4023325189315231, "id": 20}], [{"weight": 2, "random_weight": 0.37051026699866385, "id": 7}, {"weight": 1, "random_weight": 0.7490084665236326, "id": 8}, {"weight": 1, "random_weight": 0.9321424572175253, "id": 9}], [{"weight": 2, "random_weight": 0.37051026699866385, "id": 6}, {"weight": 2, "random_weight": 0.9422537327183229, "id": 9}, {"weight": 2, "random_weight": 0.13243239956733832, "id": 12}], [{"weight": 1, "random_weight": 0.7490084665236326, "id": 6}, {"weight": 3, "random_weight": 0.8944195807652978, "id": 9}, {"weight": 2, "random_weight": 0.908574419238111, "id": 23}, {"weight": 1, "random_weight": 0.8960146020568885, "id": 31}], [{"weight": 1, "random_weight": 0.9321424572175253, "id": 6}, {"weight": 2, "random_weight": 0.9422537327183229, "id": 7}, {"weight": 3, "random_weight": 0.8944195807652978, "id": 8}, {"weight": 3, "random_weight": 0.003165844011477126, "id": 31}, {"weight": 1, "random_weight": 0.647230215396803, "id": 35}], [{"weight": 1, "random_weight": 0.9621131307846438, "id": 11}, {"weight": 2, "random_weight": 0.15786389449677574, "id": 17}, {"weight": 4, "random_weight": 0.951264817174386, "id": 23}, {"weight": 1, "random_weight": 0.47695344195403944, "id": 28}], [{"weight": 2, "random_weight": 0.06386791276948023, "id": 0}, {"weight": 2, "random_weight": 0.2301102016160569, "id": 3}, {"weight": 1, "random_weight": 0.9621131307846438, "id": 10}, {"weight": 1, "random_weight": 0.48658946007844217, "id": 20}, {"weight": 1, "random_weight": 0.5168719930883238, "id": 28}, {"weight": 1, "random_weight": 0.8458080247079535, "id": 30}], [{"weight": 2, "random_weight": 0.13243239956733832, "id": 7}, {"weight": 3, "random_weight": 0.9380784169943994, "id": 13}, {"weight": 1, "random_weight": 0.5705770028825551, "id": 16}, {"weight": 1, "random_weight": 0.04401010559222329, "id": 35}], [{"weight": 3, "random_weight": 0.9380784169943994, "id": 12}, {"weight": 3, "random_weight": 0.8753559444513732, "id": 16}, {"weight": 1, "random_weight": 0.9941947473611762, "id": 24}, {"weight": 2, "random_weight": 0.7159661534722199, "id": 34}, {"weight": 1, "random_weight": 0.3149664002988586, "id": 35}], [{"weight": 2, "random_weight": 0.6658749491945338, "id": 16}, {"weight": 2, "random_weight": 0.3800840240993679, "id": 25}], [{"weight": 3, "random_weight": 0.10874732135928367, "id": 22}, {"weight": 3, "random_weight": 0.903546096376166, "id": 27}], [{"weight": 1, "random_weight": 0.5705770028825551, "id": 12}, {"weight": 3, "random_weight": 0.8753559444513732, "id": 13}, {"weight": 2, "random_weight": 0.6658749491945338, "id": 14}, {"weight": 1, "random_weight": 0.16455673722821984, "id": 24}], [{"weight": 2, "random_weight": 0.15786389449677574, "id": 10}, {"weight": 2, "random_weight": 0.5949534658170725, "id": 18}, {"weight": 2, "random_weight": 0.19297196186063137, "id": 28}], [{"weight": 2, "random_weight": 0.5949534658170725, "id": 17}, {"weight": 2, "random_weight": 0.16165944404059207, "id": 28}], [{"weight": 1, "random_weight": 0.12188598985033194, "id": 4}, {"weight": 1, "random_weight": 0.07825934013454994, "id": 5}, {"weight": 2, "random_weight": 0.6168072533673412, "id": 20}, {"weight": 2, "random_weight": 0.2044465653527141, "id": 22}, {"weight": 2, "random_weight": 0.2102227789219031, "id": 30}], [{"weight": 1, "random_weight": 0.12345714797008722, "id": 0}, {"weight": 1, "random_weight": 0.8183936362146023, "id": 1}, {"weight": 1, "random_weight": 0.4023325189315231, "id": 5}, {"weight": 1, "random_weight": 0.48658946007844217, "id": 11}, {"weight": 2, "random_weight": 0.6168072533673412, "id": 19}, {"weight": 2, "random_weight": 0.6542177824502491, "id": 30}], [{"weight": 2, "random_weight": 0.8520452463715463, "id": 4}, {"weight": 2, "random_weight": 0.5748096775082016, "id": 22}], [{"weight": 1, "random_weight": 0.2301234850564743, "id": 4}, {"weight": 3, "random_weight": 0.10874732135928367, "id": 15}, {"weight": 2, "random_weight": 0.2044465653527141, "id": 19}, {"weight": 2, "random_weight": 0.5748096775082016, "id": 21}, {"weight": 1, "random_weight": 0.6193976389028525, "id": 27}], [{"weight": 1, "random_weight": 0.8771542703449204, "id": 3}, {"weight": 2, "random_weight": 0.908574419238111, "id": 8}, {"weight": 4, "random_weight": 0.951264817174386, "id": 10}, {"weight": 2, "random_weight": 0.1150667641946368, "id": 31}], [{"weight": 1, "random_weight": 0.9941947473611762, "id": 13}, {"weight": 1, "random_weight": 0.16455673722821984, "id": 16}, {"weight": 1, "random_weight": 0.7075422653687258, "id": 25}, {"weight": 4, "random_weight": 0.7018125267789758, "id": 29}, {"weight": 1, "random_weight": 0.0032259440478684676, "id": 33}, {"weight": 2, "random_weight": 0.24172865227343032, "id": 34}], [{"weight": 2, "random_weight": 0.3800840240993679, "id": 14}, {"weight": 1, "random_weight": 0.7075422653687258, "id": 24}, {"weight": 2, "random_weight": 0.9335670045255446, "id": 26}, {"weight": 1, "random_weight": 0.14909164366811278, "id": 29}], [{"weight": 2, "random_weight": 0.9335670045255446, "id": 25}, {"weight": 2, "random_weight": 0.1580329383184811, "id": 27}, {"weight": 2, "random_weight": 0.23429758612873264, "id": 29}], [{"weight": 3, "random_weight": 0.903546096376166, "id": 15}, {"weight": 1, "random_weight": 0.6193976389028525, "id": 22}, {"weight": 2, "random_weight": 0.1580329383184811, "id": 26}, {"weight": 1, "random_weight": 0.6460439844144855, "id": 29}, {"weight": 1, "random_weight": 0.9910913378184074, "id": 30}, {"weight": 1, "random_weight": 0.6130971666267858, "id": 33}], [{"weight": 2, "random_weight": 0.2537435254779271, "id": 0}, {"weight": 1, "random_weight": 0.8417538499350258, "id": 1}, {"weight": 1, "random_weight": 0.47695344195403944, "id": 10}, {"weight": 1, "random_weight": 0.5168719930883238, "id": 11}, {"weight": 2, "random_weight": 0.19297196186063137, "id": 17}, {"weight": 2, "random_weight": 0.16165944404059207, "id": 18}], [{"weight": 4, "random_weight": 0.7018125267789758, "id": 24}, {"weight": 1, "random_weight": 0.14909164366811278, "id": 25}, {"weight": 2, "random_weight": 0.23429758612873264, "id": 26}, {"weight": 1, "random_weight": 0.6460439844144855, "id": 27}, {"weight": 2, "random_weight": 0.47830206815648424, "id": 33}], [{"weight": 1, "random_weight": 0.953242481629889, "id": 2}, {"weight": 1, "random_weight": 0.7462799954746773, "id": 3}, {"weight": 1, "random_weight": 0.8458080247079535, "id": 11}, {"weight": 2, "random_weight": 0.2102227789219031, "id": 19}, {"weight": 2, "random_weight": 0.6542177824502491, "id": 20}, {"weight": 1, "random_weight": 0.9910913378184074, "id": 27}, {"weight": 2, "random_weight": 0.8039665096183365, "id": 33}], [{"weight": 1, "random_weight": 0.8960146020568885, "id": 8}, {"weight": 3, "random_weight": 0.003165844011477126, "id": 9}, {"weight": 2, "random_weight": 0.1150667641946368, "id": 23}, {"weight": 3, "random_weight": 0.6005655528910212, "id": 32}, {"weight": 1, "random_weight": 0.18905047720842194, "id": 35}], [{"weight": 1, "random_weight": 0.2724870834731785, "id": 2}, {"weight": 3, "random_weight": 0.22918799149637592, "id": 3}, {"weight": 3, "random_weight": 0.6005655528910212, "id": 31}, {"weight": 1, "random_weight": 0.8794861124483127, "id": 35}], [{"weight": 3, "random_weight": 0.27021338749163715, "id": 2}, {"weight": 1, "random_weight": 0.0032259440478684676, "id": 24}, {"weight": 1, "random_weight": 0.6130971666267858, "id": 27}, {"weight": 2, "random_weight": 0.47830206815648424, "id": 29}, {"weight": 2, "random_weight": 0.8039665096183365, "id": 30}, {"weight": 1, "random_weight": 0.786064452214093, "id": 34}], [{"weight": 1, "random_weight": 0.6796466989647026, "id": 2}, {"weight": 2, "random_weight": 0.7159661534722199, "id": 13}, {"weight": 2, "random_weight": 0.24172865227343032, "id": 24}, {"weight": 1, "random_weight": 0.786064452214093, "id": 33}, {"weight": 2, "random_weight": 0.14204387121243633, "id": 35}], [{"weight": 1, "random_weight": 0.977284967404634, "id": 2}, {"weight": 1, "random_weight": 0.647230215396803, "id": 9}, {"weight": 1, "random_weight": 0.04401010559222329, "id": 12}, {"weight": 1, "random_weight": 0.3149664002988586, "id": 13}, {"weight": 1, "random_weight": 0.18905047720842194, "id": 31}, {"weight": 1, "random_weight": 0.8794861124483127, "id": 32}, {"weight": 2, "random_weight": 0.14204387121243633, "id": 34}]]}