{"directed": false, "multigraph": false, "graph": [], "nodes": [{"graph": null, "nnodes": 4, "nedges": 3, "density": 0.5, "atomics": "[16, 17, 27, 28]", "group_pop": 4, "init_part_assignment": 9, "id": 0}, {"graph": null, "nnodes": 4, "nedges": 3, "density": 0.5, "atomics": "[3, 4, 5, 15]", "group_pop": 4, "init_part_assignment": 9, "id": 1}, {"graph": null, "nnodes": 4, "nedges": 3, "density": 0.5, "atomics": "[88, 89, 112, 100]", "group_pop": 4, "init_part_assignment": 7, "id": 2}, {"graph": null, "nnodes": 4, "nedges": 3, "density": 0.5, "atomics": "[90, 76, 77, 78]", "group_pop": 4, "init_part_assignment": 8, "id": 3}, {"graph": null, "nnodes": 4, "nedges": 3, "density": 0.5, "atomics": "[8, 18, 6, 7]", "group_pop": 4, "init_part_assignment": 10, "id": 4}, {"graph": null, "nnodes": 4, "nedges": 3, "density": 0.5, "atomics": "[9, 10, 11, 23]", "group_pop": 4, "init_part_assignment": 11, "id": 5}, {"graph": null, "nnodes": 4, "nedges": 3, "density": 0.5, "atomics": "[19, 20, 21, 22]", "group_pop": 4, "init_part_assignment": 10, "id": 6}, {"graph": null, "nnodes": 4, "nedges": 4, "density": 0.6666666666666666, "atomics": "[120, 121, 132, 133]", "group_pop": 4, "init_part_assignment": 0, "id": 7}, {"graph": null, "nnodes": 4, "nedges": 4, "density": 0.6666666666666666, "atomics": "[122, 123, 134, 135]", "group_pop": 4, "init_part_assignment": 0, "id": 8}, {"graph": null, "nnodes": 4, "nedges": 4, "density": 0.6666666666666666, "atomics": "[96, 97, 108, 109]", "group_pop": 4, "init_part_assignment": 7, "id": 9}, {"graph": null, "nnodes": 4, "nedges": 4, "density": 0.6666666666666666, "atomics": "[98, 99, 110, 111]", "group_pop": 4, "init_part_assignment": 7, "id": 10}, {"graph": null, "nnodes": 4, "nedges": 4, "density": 0.6666666666666666, "atomics": "[49, 50, 61, 62]", "group_pop": 4, "init_part_assignment": 5, "id": 11}, {"graph": null, "nnodes": 4, "nedges": 3, "density": 0.5, "atomics": "[51, 75, 63, 87]", "group_pop": 4, "init_part_assignment": 8, "id": 12}, {"graph": null, "nnodes": 4, "nedges": 4, "density": 0.6666666666666666, "atomics": "[64, 65, 52, 53]", "group_pop": 4, "init_part_assignment": 8, "id": 13}, {"graph": null, "nnodes": 4, "nedges": 4, "density": 0.6666666666666666, "atomics": "[136, 137, 124, 125]", "group_pop": 4, "init_part_assignment": 0, "id": 14}, {"graph": null, "nnodes": 4, "nedges": 4, "density": 0.6666666666666666, "atomics": "[138, 139, 126, 127]", "group_pop": 4, "init_part_assignment": 4, "id": 15}, {"graph": null, "nnodes": 4, "nedges": 3, "density": 0.5, "atomics": "[128, 129, 130, 140]", "group_pop": 4, "init_part_assignment": 4, "id": 16}, {"graph": null, "nnodes": 4, "nedges": 3, "density": 0.5, "atomics": "[131, 141, 142, 143]", "group_pop": 4, "init_part_assignment": 4, "id": 17}, {"graph": null, "nnodes": 4, "nedges": 4, "density": 0.6666666666666666, "atomics": "[57, 58, 45, 46]", "group_pop": 4, "init_part_assignment": 1, "id": 18}, {"graph": null, "nnodes": 4, "nedges": 3, "density": 0.5, "atomics": "[59, 69, 70, 71]", "group_pop": 4, "init_part_assignment": 1, "id": 19}, {"graph": null, "nnodes": 4, "nedges": 3, "density": 0.5, "atomics": "[33, 34, 35, 47]", "group_pop": 4, "init_part_assignment": 11, "id": 20}, {"graph": null, "nnodes": 4, "nedges": 3, "density": 0.5, "atomics": "[40, 41, 29, 39]", "group_pop": 4, "init_part_assignment": 9, "id": 21}, {"graph": null, "nnodes": 4, "nedges": 4, "density": 0.6666666666666666, "atomics": "[24, 25, 36, 37]", "group_pop": 4, "init_part_assignment": 2, "id": 22}, {"graph": null, "nnodes": 4, "nedges": 4, "density": 0.6666666666666666, "atomics": "[0, 1, 12, 13]", "group_pop": 4, "init_part_assignment": 5, "id": 23}, {"graph": null, "nnodes": 4, "nedges": 4, "density": 0.6666666666666666, "atomics": "[32, 43, 44, 31]", "group_pop": 4, "init_part_assignment": 11, "id": 24}, {"graph": null, "nnodes": 4, "nedges": 3, "density": 0.5, "atomics": "[42, 66, 54, 30]", "group_pop": 4, "init_part_assignment": 10, "id": 25}, {"graph": null, "nnodes": 4, "nedges": 3, "density": 0.5, "atomics": "[72, 73, 48, 60]", "group_pop": 4, "init_part_assignment": 2, "id": 26}, {"graph": null, "nnodes": 4, "nedges": 3, "density": 0.5, "atomics": "[74, 84, 85, 86]", "group_pop": 4, "init_part_assignment": 2, "id": 27}, {"graph": null, "nnodes": 4, "nedges": 3, "density": 0.5, "atomics": "[115, 116, 117, 118]", "group_pop": 4, "init_part_assignment": 3, "id": 28}, {"graph": null, "nnodes": 4, "nedges": 3, "density": 0.5, "atomics": "[81, 82, 83, 94]", "group_pop": 4, "init_part_assignment": 6, "id": 29}, {"graph": null, "nnodes": 4, "nedges": 3, "density": 0.5, "atomics": "[106, 107, 95, 119]", "group_pop": 4, "init_part_assignment": 6, "id": 30}, {"graph": null, "nnodes": 4, "nedges": 3, "density": 0.5, "atomics": "[2, 26, 38, 14]", "group_pop": 4, "init_part_assignment": 5, "id": 31}, {"graph": null, "nnodes": 4, "nedges": 3, "density": 0.5, "atomics": "[104, 105, 91, 103]", "group_pop": 4, "init_part_assignment": 3, "id": 32}, {"graph": null, "nnodes": 4, "nedges": 4, "density": 0.6666666666666666, "atomics": "[56, 67, 68, 55]", "group_pop": 4, "init_part_assignment": 1, "id": 33}, {"graph": null, "nnodes": 4, "nedges": 3, "density": 0.5, "atomics": "[80, 92, 93, 79]", "group_pop": 4, "init_part_assignment": 6, "id": 34}, {"graph": null, "nnodes": 4, "nedges": 4, "density": 0.6666666666666666, "atomics": "[113, 114, 101, 102]", "group_pop": 4, "init_part_assignment": 3, "id": 35}], "adjacency": [[{"weight": 4, "random_weight": 0.39776431773981735, "id": 1}, {"weight": 1, "random_weight": 0.2085179173961218, "id": 4}, {"weight": 4, "random_weight": 0.33184434878513525, "id": 21}, {"weight": 1, "random_weight": 0.8821265200278092, "id": 31}], [{"weight": 4, "random_weight": 0.39776431773981735, "id": 0}, {"weight": 1, "random_weight": 0.9686909107540765, "id": 4}, {"weight": 2, "random_weight": 0.996266729599887, "id": 31}], [{"weight": 3, "random_weight": 0.6027382825865052, "id": 3}, {"weight": 2, "random_weight": 0.19293667510366763, "id": 10}, {"weight": 1, "random_weight": 0.1525184297597455, "id": 12}, {"weight": 1, "random_weight": 0.7292213898214712, "id": 14}, {"weight": 3, "random_weight": 0.9382636576462235, "id": 35}], [{"weight": 3, "random_weight": 0.6027382825865052, "id": 2}, {"weight": 1, "random_weight": 0.00495385814241156, "id": 12}, {"weight": 2, "random_weight": 0.07434146310150669, "id": 13}, {"weight": 1, "random_weight": 0.6637940123703776, "id": 25}, {"weight": 1, "random_weight": 0.7472511926864069, "id": 32}, {"weight": 1, "random_weight": 0.36501613799985544, "id": 34}, {"weight": 1, "random_weight": 0.7101297688333637, "id": 35}], [{"weight": 1, "random_weight": 0.2085179173961218, "id": 0}, {"weight": 1, "random_weight": 0.9686909107540765, "id": 1}, {"weight": 1, "random_weight": 0.9863300969299313, "id": 5}, {"weight": 3, "random_weight": 0.4939031704553748, "id": 6}, {"weight": 1, "random_weight": 0.18778146053322464, "id": 25}], [{"weight": 1, "random_weight": 0.9863300969299313, "id": 4}, {"weight": 3, "random_weight": 0.44622312711979617, "id": 6}, {"weight": 1, "random_weight": 0.06970098802914892, "id": 20}], [{"weight": 3, "random_weight": 0.4939031704553748, "id": 4}, {"weight": 3, "random_weight": 0.44622312711979617, "id": 5}, {"weight": 2, "random_weight": 0.08548035375518492, "id": 20}, {"weight": 2, "random_weight": 0.14818627211697988, "id": 24}], [{"weight": 2, "random_weight": 0.5984197809268477, "id": 8}, {"weight": 2, "random_weight": 0.09986167375546229, "id": 9}], [{"weight": 2, "random_weight": 0.5984197809268477, "id": 7}, {"weight": 2, "random_weight": 0.9077564665608377, "id": 10}, {"weight": 2, "random_weight": 0.14862500653639754, "id": 14}], [{"weight": 2, "random_weight": 0.09986167375546229, "id": 7}, {"weight": 2, "random_weight": 0.1636589610043616, "id": 10}, {"weight": 2, "random_weight": 0.7766198462458962, "id": 27}], [{"weight": 2, "random_weight": 0.19293667510366763, "id": 2}, {"weight": 2, "random_weight": 0.9077564665608377, "id": 8}, {"weight": 2, "random_weight": 0.1636589610043616, "id": 9}, {"weight": 1, "random_weight": 0.6412372813785122, "id": 12}, {"weight": 1, "random_weight": 0.8260455285235417, "id": 27}], [{"weight": 2, "random_weight": 0.6139983087879364, "id": 12}, {"weight": 1, "random_weight": 0.999894209077019, "id": 22}, {"weight": 3, "random_weight": 0.9751850230055545, "id": 26}, {"weight": 1, "random_weight": 0.8839336370118006, "id": 27}, {"weight": 1, "random_weight": 0.5137610184267488, "id": 31}], [{"weight": 1, "random_weight": 0.1525184297597455, "id": 2}, {"weight": 1, "random_weight": 0.00495385814241156, "id": 3}, {"weight": 1, "random_weight": 0.6412372813785122, "id": 10}, {"weight": 2, "random_weight": 0.6139983087879364, "id": 11}, {"weight": 2, "random_weight": 0.11251137684029344, "id": 13}, {"weight": 1, "random_weight": 0.23387794952664898, "id": 21}, {"weight": 2, "random_weight": 0.10590601418475831, "id": 27}], [{"weight": 2, "random_weight": 0.07434146310150669, "id": 3}, {"weight": 2, "random_weight": 0.11251137684029344, "id": 12}, {"weight": 2, "random_weight": 0.29387661346248317, "id": 21}, {"weight": 2, "random_weight": 0.8441637827742987, "id": 25}], [{"weight": 1, "random_weight": 0.7292213898214712, "id": 2}, {"weight": 2, "random_weight": 0.14862500653639754, "id": 8}, {"weight": 2, "random_weight": 0.7145306132874767, "id": 15}, {"weight": 1, "random_weight": 0.8567315432534994, "id": 35}], [{"weight": 2, "random_weight": 0.7145306132874767, "id": 14}, {"weight": 2, "random_weight": 0.7083677102118736, "id": 16}, {"weight": 1, "random_weight": 0.9969627648017556, "id": 28}, {"weight": 1, "random_weight": 0.26779793180359335, "id": 35}], [{"weight": 2, "random_weight": 0.7083677102118736, "id": 15}, {"weight": 4, "random_weight": 0.8825417851492064, "id": 17}, {"weight": 3, "random_weight": 0.9789425800704799, "id": 28}], [{"weight": 4, "random_weight": 0.8825417851492064, "id": 16}, {"weight": 1, "random_weight": 0.4253330170716878, "id": 30}], [{"weight": 3, "random_weight": 0.8337450936072334, "id": 19}, {"weight": 3, "random_weight": 0.9974958313631185, "id": 20}, {"weight": 1, "random_weight": 0.7686845292987704, "id": 24}, {"weight": 1, "random_weight": 0.5057128444948173, "id": 33}], [{"weight": 3, "random_weight": 0.8337450936072334, "id": 18}, {"weight": 1, "random_weight": 0.38868941656114153, "id": 20}, {"weight": 3, "random_weight": 0.4682328662972558, "id": 29}, {"weight": 1, "random_weight": 0.32815799861190886, "id": 33}], [{"weight": 1, "random_weight": 0.06970098802914892, "id": 5}, {"weight": 2, "random_weight": 0.08548035375518492, "id": 6}, {"weight": 3, "random_weight": 0.9974958313631185, "id": 18}, {"weight": 1, "random_weight": 0.38868941656114153, "id": 19}, {"weight": 1, "random_weight": 0.05331088863024491, "id": 24}], [{"weight": 4, "random_weight": 0.33184434878513525, "id": 0}, {"weight": 1, "random_weight": 0.23387794952664898, "id": 12}, {"weight": 2, "random_weight": 0.29387661346248317, "id": 13}, {"weight": 2, "random_weight": 0.4785542230243506, "id": 25}, {"weight": 1, "random_weight": 0.8728159624075021, "id": 31}], [{"weight": 1, "random_weight": 0.999894209077019, "id": 11}, {"weight": 2, "random_weight": 0.7556956398167587, "id": 23}, {"weight": 1, "random_weight": 0.05370891441152137, "id": 26}, {"weight": 2, "random_weight": 0.6038625974512563, "id": 31}], [{"weight": 2, "random_weight": 0.7556956398167587, "id": 22}, {"weight": 2, "random_weight": 0.18952271075039484, "id": 31}], [{"weight": 2, "random_weight": 0.14818627211697988, "id": 6}, {"weight": 1, "random_weight": 0.7686845292987704, "id": 18}, {"weight": 1, "random_weight": 0.05331088863024491, "id": 20}, {"weight": 2, "random_weight": 0.7156872714381457, "id": 25}, {"weight": 2, "random_weight": 0.28092477782690006, "id": 33}], [{"weight": 1, "random_weight": 0.6637940123703776, "id": 3}, {"weight": 1, "random_weight": 0.18778146053322464, "id": 4}, {"weight": 2, "random_weight": 0.8441637827742987, "id": 13}, {"weight": 2, "random_weight": 0.4785542230243506, "id": 21}, {"weight": 2, "random_weight": 0.7156872714381457, "id": 24}, {"weight": 2, "random_weight": 0.9449612445679887, "id": 33}], [{"weight": 3, "random_weight": 0.9751850230055545, "id": 11}, {"weight": 1, "random_weight": 0.05370891441152137, "id": 22}, {"weight": 3, "random_weight": 0.4429379941248808, "id": 27}], [{"weight": 2, "random_weight": 0.7766198462458962, "id": 9}, {"weight": 1, "random_weight": 0.8260455285235417, "id": 10}, {"weight": 1, "random_weight": 0.8839336370118006, "id": 11}, {"weight": 2, "random_weight": 0.10590601418475831, "id": 12}, {"weight": 3, "random_weight": 0.4429379941248808, "id": 26}], [{"weight": 1, "random_weight": 0.9969627648017556, "id": 15}, {"weight": 3, "random_weight": 0.9789425800704799, "id": 16}, {"weight": 2, "random_weight": 0.5437112768500308, "id": 30}, {"weight": 3, "random_weight": 0.1144756979607433, "id": 32}, {"weight": 1, "random_weight": 0.22536165168109257, "id": 35}], [{"weight": 3, "random_weight": 0.4682328662972558, "id": 19}, {"weight": 3, "random_weight": 0.31468908274286955, "id": 30}, {"weight": 3, "random_weight": 0.5189820374135327, "id": 34}], [{"weight": 1, "random_weight": 0.4253330170716878, "id": 17}, {"weight": 2, "random_weight": 0.5437112768500308, "id": 28}, {"weight": 3, "random_weight": 0.31468908274286955, "id": 29}, {"weight": 1, "random_weight": 0.9532423016481532, "id": 32}], [{"weight": 1, "random_weight": 0.8821265200278092, "id": 0}, {"weight": 2, "random_weight": 0.996266729599887, "id": 1}, {"weight": 1, "random_weight": 0.5137610184267488, "id": 11}, {"weight": 1, "random_weight": 0.8728159624075021, "id": 21}, {"weight": 2, "random_weight": 0.6038625974512563, "id": 22}, {"weight": 2, "random_weight": 0.18952271075039484, "id": 23}], [{"weight": 1, "random_weight": 0.7472511926864069, "id": 3}, {"weight": 3, "random_weight": 0.1144756979607433, "id": 28}, {"weight": 1, "random_weight": 0.9532423016481532, "id": 30}, {"weight": 4, "random_weight": 0.7387879694604964, "id": 34}, {"weight": 1, "random_weight": 0.7955252945694123, "id": 35}], [{"weight": 1, "random_weight": 0.5057128444948173, "id": 18}, {"weight": 1, "random_weight": 0.32815799861190886, "id": 19}, {"weight": 2, "random_weight": 0.28092477782690006, "id": 24}, {"weight": 2, "random_weight": 0.9449612445679887, "id": 25}, {"weight": 2, "random_weight": 0.9504209368606913, "id": 34}], [{"weight": 1, "random_weight": 0.36501613799985544, "id": 3}, {"weight": 3, "random_weight": 0.5189820374135327, "id": 29}, {"weight": 4, "random_weight": 0.7387879694604964, "id": 32}, {"weight": 2, "random_weight": 0.9504209368606913, "id": 33}], [{"weight": 3, "random_weight": 0.9382636576462235, "id": 2}, {"weight": 1, "random_weight": 0.7101297688333637, "id": 3}, {"weight": 1, "random_weight": 0.8567315432534994, "id": 14}, {"weight": 1, "random_weight": 0.26779793180359335, "id": 15}, {"weight": 1, "random_weight": 0.22536165168109257, "id": 28}, {"weight": 1, "random_weight": 0.7955252945694123, "id": 32}]]}