{"directed": false, "multigraph": false, "graph": [], "nodes": [{"graph": null, "nnodes": 4, "nedges": 4, "density": 0.6666666666666666, "atomics": "[16, 3, 4, 15]", "group_pop": 4, "init_part_assignment": 2, "id": 0}, {"graph": null, "nnodes": 4, "nedges": 4, "density": 0.6666666666666666, "atomics": "[17, 18, 5, 6]", "group_pop": 4, "init_part_assignment": 8, "id": 1}, {"graph": null, "nnodes": 4, "nedges": 4, "density": 0.6666666666666666, "atomics": "[89, 90, 77, 78]", "group_pop": 4, "init_part_assignment": 10, "id": 2}, {"graph": null, "nnodes": 4, "nedges": 3, "density": 0.5, "atomics": "[8, 19, 7, 31]", "group_pop": 4, "init_part_assignment": 0, "id": 3}, {"graph": null, "nnodes": 4, "nedges": 3, "density": 0.5, "atomics": "[9, 10, 11, 23]", "group_pop": 4, "init_part_assignment": 0, "id": 4}, {"graph": null, "nnodes": 4, "nedges": 3, "density": 0.5, "atomics": "[33, 20, 21, 22]", "group_pop": 4, "init_part_assignment": 7, "id": 5}, {"graph": null, "nnodes": 4, "nedges": 3, "density": 0.5, "atomics": "[121, 122, 123, 135]", "group_pop": 4, "init_part_assignment": 3, "id": 6}, {"graph": null, "nnodes": 4, "nedges": 3, "density": 0.5, "atomics": "[120, 132, 133, 134]", "group_pop": 4, "init_part_assignment": 3, "id": 7}, {"graph": null, "nnodes": 4, "nedges": 4, "density": 0.6666666666666666, "atomics": "[96, 97, 108, 109]", "group_pop": 4, "init_part_assignment": 3, "id": 8}, {"graph": null, "nnodes": 4, "nedges": 3, "density": 0.5, "atomics": "[110, 98, 99, 86]", "group_pop": 4, "init_part_assignment": 5, "id": 9}, {"graph": null, "nnodes": 4, "nedges": 3, "density": 0.5, "atomics": "[49, 50, 51, 52]", "group_pop": 4, "init_part_assignment": 4, "id": 10}, {"graph": null, "nnodes": 4, "nedges": 3, "density": 0.5, "atomics": "[60, 61, 62, 63]", "group_pop": 4, "init_part_assignment": 9, "id": 11}, {"graph": null, "nnodes": 4, "nedges": 3, "density": 0.5, "atomics": "[136, 124, 112, 111]", "group_pop": 4, "init_part_assignment": 5, "id": 12}, {"graph": null, "nnodes": 4, "nedges": 3, "density": 0.5, "atomics": "[137, 114, 125, 113]", "group_pop": 4, "init_part_assignment": 5, "id": 13}, {"graph": null, "nnodes": 4, "nedges": 4, "density": 0.6666666666666666, "atomics": "[138, 139, 126, 127]", "group_pop": 4, "init_part_assignment": 6, "id": 14}, {"graph": null, "nnodes": 4, "nedges": 3, "density": 0.5, "atomics": "[128, 129, 130, 131]", "group_pop": 4, "init_part_assignment": 1, "id": 15}, {"graph": null, "nnodes": 4, "nedges": 3, "density": 0.5, "atomics": "[140, 141, 142, 143]", "group_pop": 4, "init_part_assignment": 1, "id": 16}, {"graph": null, "nnodes": 4, "nedges": 3, "density": 0.5, "atomics": "[57, 58, 59, 71]", "group_pop": 4, "init_part_assignment": 7, "id": 17}, {"graph": null, "nnodes": 4, "nedges": 4, "density": 0.6666666666666666, "atomics": "[34, 35, 46, 47]", "group_pop": 4, "init_part_assignment": 0, "id": 18}, {"graph": null, "nnodes": 4, "nedges": 3, "density": 0.5, "atomics": "[40, 27, 38, 39]", "group_pop": 4, "init_part_assignment": 4, "id": 19}, {"graph": null, "nnodes": 4, "nedges": 3, "density": 0.5, "atomics": "[42, 28, 29, 30]", "group_pop": 4, "init_part_assignment": 8, "id": 20}, {"graph": null, "nnodes": 4, "nedges": 3, "density": 0.5, "atomics": "[24, 48, 12, 36]", "group_pop": 4, "init_part_assignment": 2, "id": 21}, {"graph": null, "nnodes": 4, "nedges": 3, "density": 0.5, "atomics": "[0, 1, 2, 14]", "group_pop": 4, "init_part_assignment": 2, "id": 22}, {"graph": null, "nnodes": 4, "nedges": 3, "density": 0.5, "atomics": "[32, 43, 44, 45]", "group_pop": 4, "init_part_assignment": 7, "id": 23}, {"graph": null, "nnodes": 4, "nedges": 4, "density": 0.6666666666666666, "atomics": "[72, 73, 84, 85]", "group_pop": 4, "init_part_assignment": 9, "id": 24}, {"graph": null, "nnodes": 4, "nedges": 3, "density": 0.5, "atomics": "[105, 117, 93, 118]", "group_pop": 4, "init_part_assignment": 11, "id": 25}, {"graph": null, "nnodes": 4, "nedges": 3, "density": 0.5, "atomics": "[81, 82, 83, 94]", "group_pop": 4, "init_part_assignment": 11, "id": 26}, {"graph": null, "nnodes": 4, "nedges": 3, "density": 0.5, "atomics": "[106, 107, 95, 119]", "group_pop": 4, "init_part_assignment": 1, "id": 27}, {"graph": null, "nnodes": 4, "nedges": 3, "density": 0.5, "atomics": "[25, 26, 13, 37]", "group_pop": 4, "init_part_assignment": 4, "id": 28}, {"graph": null, "nnodes": 4, "nedges": 3, "density": 0.5, "atomics": "[56, 68, 69, 70]", "group_pop": 4, "init_part_assignment": 11, "id": 29}, {"graph": null, "nnodes": 4, "nedges": 4, "density": 0.6666666666666666, "atomics": "[66, 67, 54, 55]", "group_pop": 4, "init_part_assignment": 8, "id": 30}, {"graph": null, "nnodes": 4, "nedges": 3, "density": 0.5, "atomics": "[64, 41, 53, 65]", "group_pop": 4, "init_part_assignment": 9, "id": 31}, {"graph": null, "nnodes": 4, "nedges": 3, "density": 0.5, "atomics": "[74, 75, 76, 87]", "group_pop": 4, "init_part_assignment": 10, "id": 32}, {"graph": null, "nnodes": 4, "nedges": 4, "density": 0.6666666666666666, "atomics": "[80, 91, 92, 79]", "group_pop": 4, "init_part_assignment": 10, "id": 33}, {"graph": null, "nnodes": 4, "nedges": 4, "density": 0.6666666666666666, "atomics": "[104, 115, 116, 103]", "group_pop": 4, "init_part_assignment": 6, "id": 34}, {"graph": null, "nnodes": 4, "nedges": 3, "density": 0.5, "atomics": "[88, 100, 101, 102]", "group_pop": 4, "init_part_assignment": 6, "id": 35}], "adjacency": [[{"weight": 2, "random_weight": 0.9283442681124673, "id": 1}, {"weight": 1, "random_weight": 0.846251351464774, "id": 19}, {"weight": 1, "random_weight": 0.9028007529034735, "id": 20}, {"weight": 2, "random_weight": 0.08495531460517991, "id": 22}], [{"weight": 2, "random_weight": 0.9283442681124673, "id": 0}, {"weight": 2, "random_weight": 0.8995865739006031, "id": 3}, {"weight": 2, "random_weight": 0.7165942988898543, "id": 20}], [{"weight": 1, "random_weight": 0.7887968256812136, "id": 30}, {"weight": 1, "random_weight": 0.9147211954530264, "id": 31}, {"weight": 1, "random_weight": 0.026856680588777215, "id": 32}, {"weight": 2, "random_weight": 0.8395010041476415, "id": 33}, {"weight": 3, "random_weight": 0.7443629110371884, "id": 35}], [{"weight": 2, "random_weight": 0.8995865739006031, "id": 1}, {"weight": 1, "random_weight": 0.20998936162787407, "id": 4}, {"weight": 2, "random_weight": 0.5288967572970029, "id": 5}, {"weight": 1, "random_weight": 0.5888775496849891, "id": 20}, {"weight": 2, "random_weight": 0.7654382269955858, "id": 23}], [{"weight": 1, "random_weight": 0.20998936162787407, "id": 3}, {"weight": 3, "random_weight": 0.08663236285579146, "id": 5}, {"weight": 1, "random_weight": 0.21462776824644203, "id": 18}], [{"weight": 2, "random_weight": 0.5288967572970029, "id": 3}, {"weight": 3, "random_weight": 0.08663236285579146, "id": 4}, {"weight": 2, "random_weight": 0.5630153986912896, "id": 18}, {"weight": 3, "random_weight": 0.44245168559956904, "id": 23}], [{"weight": 4, "random_weight": 0.24153999360711165, "id": 7}, {"weight": 1, "random_weight": 0.48498010748994047, "id": 8}, {"weight": 1, "random_weight": 0.9094421442977336, "id": 9}, {"weight": 3, "random_weight": 0.9185158197977771, "id": 12}], [{"weight": 4, "random_weight": 0.24153999360711165, "id": 6}, {"weight": 1, "random_weight": 0.31080447522660404, "id": 8}], [{"weight": 1, "random_weight": 0.48498010748994047, "id": 6}, {"weight": 1, "random_weight": 0.31080447522660404, "id": 7}, {"weight": 2, "random_weight": 0.960898746421238, "id": 9}, {"weight": 2, "random_weight": 0.7291263639866029, "id": 24}], [{"weight": 1, "random_weight": 0.9094421442977336, "id": 6}, {"weight": 2, "random_weight": 0.960898746421238, "id": 8}, {"weight": 2, "random_weight": 0.5997942820190136, "id": 12}, {"weight": 1, "random_weight": 0.8442368507596468, "id": 24}, {"weight": 3, "random_weight": 0.8911973986006662, "id": 32}, {"weight": 1, "random_weight": 0.7615444411177958, "id": 35}], [{"weight": 3, "random_weight": 0.0027747417068346714, "id": 11}, {"weight": 3, "random_weight": 0.47507830560614717, "id": 19}, {"weight": 1, "random_weight": 0.4900009800726981, "id": 21}, {"weight": 1, "random_weight": 0.04170534168155682, "id": 28}, {"weight": 2, "random_weight": 0.6984010759770084, "id": 31}], [{"weight": 3, "random_weight": 0.0027747417068346714, "id": 10}, {"weight": 1, "random_weight": 0.9748053749522276, "id": 21}, {"weight": 2, "random_weight": 0.3057620815612615, "id": 24}, {"weight": 1, "random_weight": 0.5328559823788509, "id": 31}, {"weight": 2, "random_weight": 0.7290223393941255, "id": 32}], [{"weight": 3, "random_weight": 0.9185158197977771, "id": 6}, {"weight": 2, "random_weight": 0.5997942820190136, "id": 9}, {"weight": 3, "random_weight": 0.14995204822638653, "id": 13}, {"weight": 1, "random_weight": 0.21888081396378223, "id": 35}], [{"weight": 3, "random_weight": 0.14995204822638653, "id": 12}, {"weight": 3, "random_weight": 0.6372532879648544, "id": 14}, {"weight": 1, "random_weight": 0.7804703593639349, "id": 34}, {"weight": 2, "random_weight": 0.3465218086456815, "id": 35}], [{"weight": 3, "random_weight": 0.6372532879648544, "id": 13}, {"weight": 1, "random_weight": 0.7262832680992469, "id": 15}, {"weight": 1, "random_weight": 0.6269789285785495, "id": 16}, {"weight": 1, "random_weight": 0.6425546372324886, "id": 34}], [{"weight": 1, "random_weight": 0.7262832680992469, "id": 14}, {"weight": 4, "random_weight": 0.2395637454140146, "id": 16}, {"weight": 2, "random_weight": 0.7188751863846702, "id": 25}, {"weight": 1, "random_weight": 0.5523232805739036, "id": 27}, {"weight": 1, "random_weight": 0.8347072056471389, "id": 34}], [{"weight": 1, "random_weight": 0.6269789285785495, "id": 14}, {"weight": 4, "random_weight": 0.2395637454140146, "id": 15}], [{"weight": 2, "random_weight": 0.7280360193939294, "id": 18}, {"weight": 1, "random_weight": 0.5163710334329663, "id": 23}, {"weight": 1, "random_weight": 0.9709342483147616, "id": 26}, {"weight": 4, "random_weight": 0.5259081108224253, "id": 29}], [{"weight": 1, "random_weight": 0.21462776824644203, "id": 4}, {"weight": 2, "random_weight": 0.5630153986912896, "id": 5}, {"weight": 2, "random_weight": 0.7280360193939294, "id": 17}, {"weight": 1, "random_weight": 0.23990239754119802, "id": 23}], [{"weight": 1, "random_weight": 0.846251351464774, "id": 0}, {"weight": 3, "random_weight": 0.47507830560614717, "id": 10}, {"weight": 2, "random_weight": 0.663666563917179, "id": 20}, {"weight": 3, "random_weight": 0.9023920588958314, "id": 28}, {"weight": 1, "random_weight": 0.8733621729409186, "id": 31}], [{"weight": 1, "random_weight": 0.9028007529034735, "id": 0}, {"weight": 2, "random_weight": 0.7165942988898543, "id": 1}, {"weight": 1, "random_weight": 0.5888775496849891, "id": 3}, {"weight": 2, "random_weight": 0.663666563917179, "id": 19}, {"weight": 1, "random_weight": 5.525970112496559e-06, "id": 23}, {"weight": 1, "random_weight": 0.13248713166283643, "id": 30}, {"weight": 2, "random_weight": 0.4214998672005773, "id": 31}], [{"weight": 1, "random_weight": 0.4900009800726981, "id": 10}, {"weight": 1, "random_weight": 0.9748053749522276, "id": 11}, {"weight": 1, "random_weight": 0.25317542530863724, "id": 22}, {"weight": 3, "random_weight": 0.8945147425883644, "id": 28}], [{"weight": 2, "random_weight": 0.08495531460517991, "id": 0}, {"weight": 1, "random_weight": 0.25317542530863724, "id": 21}, {"weight": 3, "random_weight": 0.4326173160860687, "id": 28}], [{"weight": 2, "random_weight": 0.7654382269955858, "id": 3}, {"weight": 3, "random_weight": 0.44245168559956904, "id": 5}, {"weight": 1, "random_weight": 0.5163710334329663, "id": 17}, {"weight": 1, "random_weight": 0.23990239754119802, "id": 18}, {"weight": 1, "random_weight": 5.525970112496559e-06, "id": 20}, {"weight": 1, "random_weight": 0.43146218736572983, "id": 29}, {"weight": 1, "random_weight": 0.7078860585950524, "id": 30}], [{"weight": 2, "random_weight": 0.7291263639866029, "id": 8}, {"weight": 1, "random_weight": 0.8442368507596468, "id": 9}, {"weight": 2, "random_weight": 0.3057620815612615, "id": 11}, {"weight": 1, "random_weight": 0.8214656365401319, "id": 32}], [{"weight": 2, "random_weight": 0.7188751863846702, "id": 15}, {"weight": 2, "random_weight": 0.1109416767329906, "id": 26}, {"weight": 3, "random_weight": 0.6096467428382452, "id": 27}, {"weight": 1, "random_weight": 0.9032569283105026, "id": 33}, {"weight": 2, "random_weight": 0.5067038575689428, "id": 34}], [{"weight": 1, "random_weight": 0.9709342483147616, "id": 17}, {"weight": 2, "random_weight": 0.1109416767329906, "id": 25}, {"weight": 3, "random_weight": 0.4698762796442255, "id": 27}, {"weight": 2, "random_weight": 0.03374323764886744, "id": 29}, {"weight": 1, "random_weight": 0.21423325168466467, "id": 33}], [{"weight": 1, "random_weight": 0.5523232805739036, "id": 15}, {"weight": 3, "random_weight": 0.6096467428382452, "id": 25}, {"weight": 3, "random_weight": 0.4698762796442255, "id": 26}], [{"weight": 1, "random_weight": 0.04170534168155682, "id": 10}, {"weight": 3, "random_weight": 0.9023920588958314, "id": 19}, {"weight": 3, "random_weight": 0.8945147425883644, "id": 21}, {"weight": 3, "random_weight": 0.4326173160860687, "id": 22}], [{"weight": 4, "random_weight": 0.5259081108224253, "id": 17}, {"weight": 1, "random_weight": 0.43146218736572983, "id": 23}, {"weight": 2, "random_weight": 0.03374323764886744, "id": 26}, {"weight": 2, "random_weight": 0.6008169295572057, "id": 30}, {"weight": 1, "random_weight": 0.8318509928170551, "id": 33}], [{"weight": 1, "random_weight": 0.7887968256812136, "id": 2}, {"weight": 1, "random_weight": 0.13248713166283643, "id": 20}, {"weight": 1, "random_weight": 0.7078860585950524, "id": 23}, {"weight": 2, "random_weight": 0.6008169295572057, "id": 29}, {"weight": 2, "random_weight": 0.6263663851412627, "id": 31}, {"weight": 1, "random_weight": 0.15617181085938037, "id": 33}], [{"weight": 1, "random_weight": 0.9147211954530264, "id": 2}, {"weight": 2, "random_weight": 0.6984010759770084, "id": 10}, {"weight": 1, "random_weight": 0.5328559823788509, "id": 11}, {"weight": 1, "random_weight": 0.8733621729409186, "id": 19}, {"weight": 2, "random_weight": 0.4214998672005773, "id": 20}, {"weight": 2, "random_weight": 0.6263663851412627, "id": 30}, {"weight": 1, "random_weight": 0.36415245949056674, "id": 32}], [{"weight": 1, "random_weight": 0.026856680588777215, "id": 2}, {"weight": 3, "random_weight": 0.8911973986006662, "id": 9}, {"weight": 2, "random_weight": 0.7290223393941255, "id": 11}, {"weight": 1, "random_weight": 0.8214656365401319, "id": 24}, {"weight": 1, "random_weight": 0.36415245949056674, "id": 31}, {"weight": 2, "random_weight": 0.7566879161680907, "id": 35}], [{"weight": 2, "random_weight": 0.8395010041476415, "id": 2}, {"weight": 1, "random_weight": 0.9032569283105026, "id": 25}, {"weight": 1, "random_weight": 0.21423325168466467, "id": 26}, {"weight": 1, "random_weight": 0.8318509928170551, "id": 29}, {"weight": 1, "random_weight": 0.15617181085938037, "id": 30}, {"weight": 2, "random_weight": 0.03664825615170819, "id": 34}], [{"weight": 1, "random_weight": 0.7804703593639349, "id": 13}, {"weight": 1, "random_weight": 0.6425546372324886, "id": 14}, {"weight": 1, "random_weight": 0.8347072056471389, "id": 15}, {"weight": 2, "random_weight": 0.5067038575689428, "id": 25}, {"weight": 2, "random_weight": 0.03664825615170819, "id": 33}, {"weight": 1, "random_weight": 0.49027635443273676, "id": 35}], [{"weight": 3, "random_weight": 0.7443629110371884, "id": 2}, {"weight": 1, "random_weight": 0.7615444411177958, "id": 9}, {"weight": 1, "random_weight": 0.21888081396378223, "id": 12}, {"weight": 2, "random_weight": 0.3465218086456815, "id": 13}, {"weight": 2, "random_weight": 0.7566879161680907, "id": 32}, {"weight": 1, "random_weight": 0.49027635443273676, "id": 34}]]}