{"directed": false, "multigraph": false, "graph": [], "nodes": [{"graph": null, "nnodes": 4, "nedges": 3, "density": 0.5, "atomics": "[16, 27, 14, 15]", "group_pop": 4, "init_part_assignment": 11, "id": 0}, {"graph": null, "nnodes": 4, "nedges": 4, "density": 0.6666666666666666, "atomics": "[17, 18, 29, 30]", "group_pop": 4, "init_part_assignment": 10, "id": 1}, {"graph": null, "nnodes": 4, "nedges": 3, "density": 0.5, "atomics": "[3, 4, 5, 6]", "group_pop": 4, "init_part_assignment": 11, "id": 2}, {"graph": null, "nnodes": 4, "nedges": 4, "density": 0.6666666666666666, "atomics": "[89, 90, 101, 102]", "group_pop": 4, "init_part_assignment": 3, "id": 3}, {"graph": null, "nnodes": 4, "nedges": 3, "density": 0.5, "atomics": "[65, 77, 76, 53]", "group_pop": 4, "init_part_assignment": 2, "id": 4}, {"graph": null, "nnodes": 4, "nedges": 3, "density": 0.5, "atomics": "[91, 103, 78, 79]", "group_pop": 4, "init_part_assignment": 2, "id": 5}, {"graph": null, "nnodes": 4, "nedges": 4, "density": 0.6666666666666666, "atomics": "[8, 19, 20, 7]", "group_pop": 4, "init_part_assignment": 9, "id": 6}, {"graph": null, "nnodes": 4, "nedges": 4, "density": 0.6666666666666666, "atomics": "[9, 10, 21, 22]", "group_pop": 4, "init_part_assignment": 9, "id": 7}, {"graph": null, "nnodes": 4, "nedges": 4, "density": 0.6666666666666666, "atomics": "[120, 121, 132, 133]", "group_pop": 4, "init_part_assignment": 6, "id": 8}, {"graph": null, "nnodes": 4, "nedges": 4, "density": 0.6666666666666666, "atomics": "[122, 123, 134, 135]", "group_pop": 4, "init_part_assignment": 1, "id": 9}, {"graph": null, "nnodes": 4, "nedges": 3, "density": 0.5, "atomics": "[96, 108, 109, 110]", "group_pop": 4, "init_part_assignment": 6, "id": 10}, {"graph": null, "nnodes": 4, "nedges": 3, "density": 0.5, "atomics": "[51, 50, 75, 63]", "group_pop": 4, "init_part_assignment": 8, "id": 11}, {"graph": null, "nnodes": 4, "nedges": 3, "density": 0.5, "atomics": "[40, 64, 52, 28]", "group_pop": 4, "init_part_assignment": 10, "id": 12}, {"graph": null, "nnodes": 4, "nedges": 4, "density": 0.6666666666666666, "atomics": "[136, 137, 124, 125]", "group_pop": 4, "init_part_assignment": 1, "id": 13}, {"graph": null, "nnodes": 4, "nedges": 3, "density": 0.5, "atomics": "[138, 139, 140, 141]", "group_pop": 4, "init_part_assignment": 1, "id": 14}, {"graph": null, "nnodes": 4, "nedges": 4, "density": 0.6666666666666666, "atomics": "[114, 115, 126, 127]", "group_pop": 4, "init_part_assignment": 3, "id": 15}, {"graph": null, "nnodes": 4, "nedges": 3, "density": 0.5, "atomics": "[130, 107, 118, 106]", "group_pop": 4, "init_part_assignment": 0, "id": 16}, {"graph": null, "nnodes": 4, "nedges": 3, "density": 0.5, "atomics": "[143, 131, 142, 119]", "group_pop": 4, "init_part_assignment": 0, "id": 17}, {"graph": null, "nnodes": 4, "nedges": 4, "density": 0.6666666666666666, "atomics": "[58, 59, 70, 71]", "group_pop": 4, "init_part_assignment": 5, "id": 18}, {"graph": null, "nnodes": 4, "nedges": 3, "density": 0.5, "atomics": "[32, 33, 34, 46]", "group_pop": 4, "init_part_assignment": 5, "id": 19}, {"graph": null, "nnodes": 4, "nedges": 3, "density": 0.5, "atomics": "[11, 35, 47, 23]", "group_pop": 4, "init_part_assignment": 9, "id": 20}, {"graph": null, "nnodes": 4, "nedges": 3, "density": 0.5, "atomics": "[26, 37, 38, 39]", "group_pop": 4, "init_part_assignment": 8, "id": 21}, {"graph": null, "nnodes": 4, "nedges": 3, "density": 0.5, "atomics": "[128, 116, 104, 92]", "group_pop": 4, "init_part_assignment": 4, "id": 22}, {"graph": null, "nnodes": 4, "nedges": 3, "density": 0.5, "atomics": "[24, 25, 12, 36]", "group_pop": 4, "init_part_assignment": 7, "id": 23}, {"graph": null, "nnodes": 4, "nedges": 3, "density": 0.5, "atomics": "[0, 1, 2, 13]", "group_pop": 4, "init_part_assignment": 11, "id": 24}, {"graph": null, "nnodes": 4, "nedges": 3, "density": 0.5, "atomics": "[41, 42, 43, 31]", "group_pop": 4, "init_part_assignment": 10, "id": 25}, {"graph": null, "nnodes": 4, "nedges": 4, "density": 0.6666666666666666, "atomics": "[56, 57, 44, 45]", "group_pop": 4, "init_part_assignment": 5, "id": 26}, {"graph": null, "nnodes": 4, "nedges": 3, "density": 0.5, "atomics": "[72, 48, 84, 60]", "group_pop": 4, "init_part_assignment": 7, "id": 27}, {"graph": null, "nnodes": 4, "nedges": 3, "density": 0.5, "atomics": "[129, 117, 93, 105]", "group_pop": 4, "init_part_assignment": 0, "id": 28}, {"graph": null, "nnodes": 4, "nedges": 4, "density": 0.6666666666666666, "atomics": "[82, 83, 94, 95]", "group_pop": 4, "init_part_assignment": 4, "id": 29}, {"graph": null, "nnodes": 4, "nedges": 4, "density": 0.6666666666666666, "atomics": "[66, 67, 54, 55]", "group_pop": 4, "init_part_assignment": 2, "id": 30}, {"graph": null, "nnodes": 4, "nedges": 4, "density": 0.6666666666666666, "atomics": "[80, 81, 68, 69]", "group_pop": 4, "init_part_assignment": 4, "id": 31}, {"graph": null, "nnodes": 4, "nedges": 3, "density": 0.5, "atomics": "[49, 74, 61, 62]", "group_pop": 4, "init_part_assignment": 8, "id": 32}, {"graph": null, "nnodes": 4, "nedges": 3, "density": 0.5, "atomics": "[73, 85, 97, 86]", "group_pop": 4, "init_part_assignment": 7, "id": 33}, {"graph": null, "nnodes": 4, "nedges": 3, "density": 0.5, "atomics": "[88, 98, 99, 87]", "group_pop": 4, "init_part_assignment": 3, "id": 34}, {"graph": null, "nnodes": 4, "nedges": 3, "density": 0.5, "atomics": "[112, 113, 100, 111]", "group_pop": 4, "init_part_assignment": 6, "id": 35}], "adjacency": [[{"weight": 1, "random_weight": 0.03170793539853811, "id": 1}, {"weight": 2, "random_weight": 0.3941960131273943, "id": 2}, {"weight": 2, "random_weight": 0.7884776446213786, "id": 12}, {"weight": 3, "random_weight": 0.5389144656311966, "id": 21}, {"weight": 2, "random_weight": 0.8366950650709373, "id": 24}], [{"weight": 1, "random_weight": 0.03170793539853811, "id": 0}, {"weight": 2, "random_weight": 0.5817643547839143, "id": 2}, {"weight": 1, "random_weight": 0.35137763265250066, "id": 6}, {"weight": 1, "random_weight": 0.7306100173059926, "id": 12}, {"weight": 3, "random_weight": 0.9890984435047153, "id": 25}], [{"weight": 2, "random_weight": 0.3941960131273943, "id": 0}, {"weight": 2, "random_weight": 0.5817643547839143, "id": 1}, {"weight": 1, "random_weight": 0.5783620162242726, "id": 6}, {"weight": 1, "random_weight": 0.020282479437257583, "id": 24}], [{"weight": 1, "random_weight": 0.5496247837280012, "id": 4}, {"weight": 3, "random_weight": 0.5319419368504621, "id": 5}, {"weight": 1, "random_weight": 0.34344200019811455, "id": 15}, {"weight": 1, "random_weight": 0.45722020780534633, "id": 34}, {"weight": 2, "random_weight": 0.09083613042857519, "id": 35}], [{"weight": 1, "random_weight": 0.5496247837280012, "id": 3}, {"weight": 1, "random_weight": 0.4864273362727577, "id": 5}, {"weight": 1, "random_weight": 0.729697565789983, "id": 11}, {"weight": 3, "random_weight": 0.6103611843065718, "id": 12}, {"weight": 1, "random_weight": 0.5930244835261115, "id": 25}, {"weight": 2, "random_weight": 0.22987751774211618, "id": 30}, {"weight": 1, "random_weight": 0.9484157755489724, "id": 34}], [{"weight": 3, "random_weight": 0.5319419368504621, "id": 3}, {"weight": 1, "random_weight": 0.4864273362727577, "id": 4}, {"weight": 1, "random_weight": 0.6993861665128445, "id": 15}, {"weight": 2, "random_weight": 0.8922261816482479, "id": 22}, {"weight": 2, "random_weight": 0.8851394924310727, "id": 30}, {"weight": 1, "random_weight": 0.9271001728760728, "id": 31}], [{"weight": 1, "random_weight": 0.35137763265250066, "id": 1}, {"weight": 1, "random_weight": 0.5783620162242726, "id": 2}, {"weight": 2, "random_weight": 0.0002964612202158712, "id": 7}, {"weight": 1, "random_weight": 0.6644532995255004, "id": 19}, {"weight": 1, "random_weight": 0.7816237549971338, "id": 25}], [{"weight": 2, "random_weight": 0.0002964612202158712, "id": 6}, {"weight": 2, "random_weight": 0.1911619659267656, "id": 19}, {"weight": 2, "random_weight": 0.9619980228538074, "id": 20}], [{"weight": 2, "random_weight": 0.5016164054447291, "id": 9}, {"weight": 2, "random_weight": 0.2859336951990711, "id": 10}], [{"weight": 2, "random_weight": 0.5016164054447291, "id": 8}, {"weight": 1, "random_weight": 0.8042456807335998, "id": 10}, {"weight": 2, "random_weight": 0.1194486959077834, "id": 13}, {"weight": 1, "random_weight": 0.7158931949750511, "id": 35}], [{"weight": 2, "random_weight": 0.2859336951990711, "id": 8}, {"weight": 1, "random_weight": 0.8042456807335998, "id": 9}, {"weight": 1, "random_weight": 0.04690512354646004, "id": 27}, {"weight": 2, "random_weight": 0.5196397494875925, "id": 33}, {"weight": 1, "random_weight": 0.6752870676799886, "id": 34}, {"weight": 1, "random_weight": 0.13933526686403197, "id": 35}], [{"weight": 1, "random_weight": 0.729697565789983, "id": 4}, {"weight": 2, "random_weight": 0.8764893331567948, "id": 12}, {"weight": 2, "random_weight": 0.8085778686887822, "id": 21}, {"weight": 4, "random_weight": 0.41432324781030816, "id": 32}, {"weight": 1, "random_weight": 0.48627086514277407, "id": 34}], [{"weight": 2, "random_weight": 0.7884776446213786, "id": 0}, {"weight": 1, "random_weight": 0.7306100173059926, "id": 1}, {"weight": 3, "random_weight": 0.6103611843065718, "id": 4}, {"weight": 2, "random_weight": 0.8764893331567948, "id": 11}, {"weight": 1, "random_weight": 0.5905870937117742, "id": 21}, {"weight": 1, "random_weight": 0.7196985054415538, "id": 25}], [{"weight": 2, "random_weight": 0.1194486959077834, "id": 9}, {"weight": 1, "random_weight": 0.619504657235044, "id": 14}, {"weight": 1, "random_weight": 0.7918242796603073, "id": 15}, {"weight": 2, "random_weight": 0.6784875405984283, "id": 35}], [{"weight": 1, "random_weight": 0.619504657235044, "id": 13}, {"weight": 2, "random_weight": 0.9873728753453128, "id": 15}, {"weight": 1, "random_weight": 0.8286287416997639, "id": 17}, {"weight": 1, "random_weight": 0.7501365242401343, "id": 22}, {"weight": 1, "random_weight": 0.8448021533788682, "id": 28}], [{"weight": 1, "random_weight": 0.34344200019811455, "id": 3}, {"weight": 1, "random_weight": 0.6993861665128445, "id": 5}, {"weight": 1, "random_weight": 0.7918242796603073, "id": 13}, {"weight": 2, "random_weight": 0.9873728753453128, "id": 14}, {"weight": 2, "random_weight": 0.7170761678353728, "id": 22}, {"weight": 1, "random_weight": 0.6516494191027268, "id": 35}], [{"weight": 4, "random_weight": 0.8215253481227037, "id": 17}, {"weight": 3, "random_weight": 0.6397297138460043, "id": 28}, {"weight": 2, "random_weight": 0.6491043123501418, "id": 29}], [{"weight": 1, "random_weight": 0.8286287416997639, "id": 14}, {"weight": 4, "random_weight": 0.8215253481227037, "id": 16}], [{"weight": 1, "random_weight": 0.9792126398869676, "id": 19}, {"weight": 1, "random_weight": 0.31373851986355694, "id": 20}, {"weight": 1, "random_weight": 0.2692121751401516, "id": 26}, {"weight": 2, "random_weight": 0.5240289553161469, "id": 29}, {"weight": 1, "random_weight": 0.4834471101624772, "id": 31}], [{"weight": 1, "random_weight": 0.6644532995255004, "id": 6}, {"weight": 2, "random_weight": 0.1911619659267656, "id": 7}, {"weight": 1, "random_weight": 0.9792126398869676, "id": 18}, {"weight": 2, "random_weight": 0.05280220437527683, "id": 20}, {"weight": 1, "random_weight": 0.9966614885780529, "id": 25}, {"weight": 3, "random_weight": 0.16516825573576444, "id": 26}], [{"weight": 2, "random_weight": 0.9619980228538074, "id": 7}, {"weight": 1, "random_weight": 0.31373851986355694, "id": 18}, {"weight": 2, "random_weight": 0.05280220437527683, "id": 19}], [{"weight": 3, "random_weight": 0.5389144656311966, "id": 0}, {"weight": 2, "random_weight": 0.8085778686887822, "id": 11}, {"weight": 1, "random_weight": 0.5905870937117742, "id": 12}, {"weight": 3, "random_weight": 0.843710125510372, "id": 23}, {"weight": 1, "random_weight": 0.5185588272326067, "id": 32}], [{"weight": 2, "random_weight": 0.8922261816482479, "id": 5}, {"weight": 1, "random_weight": 0.7501365242401343, "id": 14}, {"weight": 2, "random_weight": 0.7170761678353728, "id": 15}, {"weight": 4, "random_weight": 0.2731355777166715, "id": 28}, {"weight": 1, "random_weight": 0.6788326400059658, "id": 31}], [{"weight": 3, "random_weight": 0.843710125510372, "id": 21}, {"weight": 3, "random_weight": 0.4953239560261158, "id": 24}, {"weight": 1, "random_weight": 0.6801344450764403, "id": 27}], [{"weight": 2, "random_weight": 0.8366950650709373, "id": 0}, {"weight": 1, "random_weight": 0.020282479437257583, "id": 2}, {"weight": 3, "random_weight": 0.4953239560261158, "id": 23}], [{"weight": 3, "random_weight": 0.9890984435047153, "id": 1}, {"weight": 1, "random_weight": 0.5930244835261115, "id": 4}, {"weight": 1, "random_weight": 0.7816237549971338, "id": 6}, {"weight": 1, "random_weight": 0.7196985054415538, "id": 12}, {"weight": 1, "random_weight": 0.9966614885780529, "id": 19}, {"weight": 1, "random_weight": 0.8227943261241919, "id": 26}, {"weight": 2, "random_weight": 0.7465512382264198, "id": 30}], [{"weight": 1, "random_weight": 0.2692121751401516, "id": 18}, {"weight": 3, "random_weight": 0.16516825573576444, "id": 19}, {"weight": 1, "random_weight": 0.8227943261241919, "id": 25}, {"weight": 1, "random_weight": 0.6175217141687249, "id": 30}, {"weight": 2, "random_weight": 0.3640693254095857, "id": 31}], [{"weight": 1, "random_weight": 0.04690512354646004, "id": 10}, {"weight": 1, "random_weight": 0.6801344450764403, "id": 23}, {"weight": 2, "random_weight": 0.8693739905766265, "id": 32}, {"weight": 2, "random_weight": 0.2136336318194607, "id": 33}], [{"weight": 1, "random_weight": 0.8448021533788682, "id": 14}, {"weight": 3, "random_weight": 0.6397297138460043, "id": 16}, {"weight": 4, "random_weight": 0.2731355777166715, "id": 22}, {"weight": 1, "random_weight": 0.580627974211295, "id": 29}, {"weight": 1, "random_weight": 0.683085911975208, "id": 31}], [{"weight": 2, "random_weight": 0.6491043123501418, "id": 16}, {"weight": 2, "random_weight": 0.5240289553161469, "id": 18}, {"weight": 1, "random_weight": 0.580627974211295, "id": 28}, {"weight": 1, "random_weight": 0.32770196583241074, "id": 31}], [{"weight": 2, "random_weight": 0.22987751774211618, "id": 4}, {"weight": 2, "random_weight": 0.8851394924310727, "id": 5}, {"weight": 2, "random_weight": 0.7465512382264198, "id": 25}, {"weight": 1, "random_weight": 0.6175217141687249, "id": 26}, {"weight": 1, "random_weight": 0.7123165771027142, "id": 31}], [{"weight": 1, "random_weight": 0.9271001728760728, "id": 5}, {"weight": 1, "random_weight": 0.4834471101624772, "id": 18}, {"weight": 1, "random_weight": 0.6788326400059658, "id": 22}, {"weight": 2, "random_weight": 0.3640693254095857, "id": 26}, {"weight": 1, "random_weight": 0.683085911975208, "id": 28}, {"weight": 1, "random_weight": 0.32770196583241074, "id": 29}, {"weight": 1, "random_weight": 0.7123165771027142, "id": 30}], [{"weight": 4, "random_weight": 0.41432324781030816, "id": 11}, {"weight": 1, "random_weight": 0.5185588272326067, "id": 21}, {"weight": 2, "random_weight": 0.8693739905766265, "id": 27}, {"weight": 3, "random_weight": 0.9592850881390373, "id": 33}], [{"weight": 2, "random_weight": 0.5196397494875925, "id": 10}, {"weight": 2, "random_weight": 0.2136336318194607, "id": 27}, {"weight": 3, "random_weight": 0.9592850881390373, "id": 32}, {"weight": 3, "random_weight": 0.5510627747573317, "id": 34}], [{"weight": 1, "random_weight": 0.45722020780534633, "id": 3}, {"weight": 1, "random_weight": 0.9484157755489724, "id": 4}, {"weight": 1, "random_weight": 0.6752870676799886, "id": 10}, {"weight": 1, "random_weight": 0.48627086514277407, "id": 11}, {"weight": 3, "random_weight": 0.5510627747573317, "id": 33}, {"weight": 3, "random_weight": 0.9720030710440881, "id": 35}], [{"weight": 2, "random_weight": 0.09083613042857519, "id": 3}, {"weight": 1, "random_weight": 0.7158931949750511, "id": 9}, {"weight": 1, "random_weight": 0.13933526686403197, "id": 10}, {"weight": 2, "random_weight": 0.6784875405984283, "id": 13}, {"weight": 1, "random_weight": 0.6516494191027268, "id": 15}, {"weight": 3, "random_weight": 0.9720030710440881, "id": 34}]]}