{"directed": false, "multigraph": false, "graph": [], "nodes": [{"graph": null, "nnodes": 4, "nedges": 4, "density": 0.6666666666666666, "atomics": "[16, 17, 4, 5]", "group_pop": 4, "init_part_assignment": 1, "id": 0}, {"graph": null, "nnodes": 4, "nedges": 4, "density": 0.6666666666666666, "atomics": "[2, 3, 14, 15]", "group_pop": 4, "init_part_assignment": 1, "id": 1}, {"graph": null, "nnodes": 4, "nedges": 4, "density": 0.6666666666666666, "atomics": "[89, 90, 101, 102]", "group_pop": 4, "init_part_assignment": 8, "id": 2}, {"graph": null, "nnodes": 4, "nedges": 4, "density": 0.6666666666666666, "atomics": "[65, 66, 77, 78]", "group_pop": 4, "init_part_assignment": 9, "id": 3}, {"graph": null, "nnodes": 4, "nedges": 3, "density": 0.5, "atomics": "[8, 9, 19, 7]", "group_pop": 4, "init_part_assignment": 0, "id": 4}, {"graph": null, "nnodes": 4, "nedges": 4, "density": 0.6666666666666666, "atomics": "[32, 33, 20, 21]", "group_pop": 4, "init_part_assignment": 4, "id": 5}, {"graph": null, "nnodes": 4, "nedges": 3, "density": 0.5, "atomics": "[121, 122, 123, 124]", "group_pop": 4, "init_part_assignment": 2, "id": 6}, {"graph": null, "nnodes": 4, "nedges": 3, "density": 0.5, "atomics": "[120, 132, 108, 109]", "group_pop": 4, "init_part_assignment": 5, "id": 7}, {"graph": null, "nnodes": 4, "nedges": 3, "density": 0.5, "atomics": "[136, 133, 134, 135]", "group_pop": 4, "init_part_assignment": 2, "id": 8}, {"graph": null, "nnodes": 4, "nedges": 3, "density": 0.5, "atomics": "[98, 110, 74, 86]", "group_pop": 4, "init_part_assignment": 5, "id": 9}, {"graph": null, "nnodes": 4, "nedges": 4, "density": 0.6666666666666666, "atomics": "[49, 50, 61, 62]", "group_pop": 4, "init_part_assignment": 11, "id": 10}, {"graph": null, "nnodes": 4, "nedges": 4, "density": 0.6666666666666666, "atomics": "[64, 51, 52, 63]", "group_pop": 4, "init_part_assignment": 9, "id": 11}, {"graph": null, "nnodes": 4, "nedges": 3, "density": 0.5, "atomics": "[137, 138, 139, 140]", "group_pop": 4, "init_part_assignment": 2, "id": 12}, {"graph": null, "nnodes": 4, "nedges": 4, "density": 0.6666666666666666, "atomics": "[113, 114, 125, 126]", "group_pop": 4, "init_part_assignment": 6, "id": 13}, {"graph": null, "nnodes": 4, "nedges": 4, "density": 0.6666666666666666, "atomics": "[130, 131, 118, 119]", "group_pop": 4, "init_part_assignment": 3, "id": 14}, {"graph": null, "nnodes": 4, "nedges": 3, "density": 0.5, "atomics": "[129, 141, 142, 143]", "group_pop": 4, "init_part_assignment": 6, "id": 15}, {"graph": null, "nnodes": 4, "nedges": 3, "density": 0.5, "atomics": "[57, 58, 59, 45]", "group_pop": 4, "init_part_assignment": 4, "id": 16}, {"graph": null, "nnodes": 4, "nedges": 4, "density": 0.6666666666666666, "atomics": "[34, 35, 46, 47]", "group_pop": 4, "init_part_assignment": 0, "id": 17}, {"graph": null, "nnodes": 4, "nedges": 4, "density": 0.6666666666666666, "atomics": "[40, 41, 28, 29]", "group_pop": 4, "init_part_assignment": 11, "id": 18}, {"graph": null, "nnodes": 4, "nedges": 4, "density": 0.6666666666666666, "atomics": "[26, 27, 38, 39]", "group_pop": 4, "init_part_assignment": 11, "id": 19}, {"graph": null, "nnodes": 4, "nedges": 3, "density": 0.5, "atomics": "[128, 115, 127, 103]", "group_pop": 4, "init_part_assignment": 6, "id": 20}, {"graph": null, "nnodes": 4, "nedges": 4, "density": 0.6666666666666666, "atomics": "[24, 25, 36, 37]", "group_pop": 4, "init_part_assignment": 10, "id": 21}, {"graph": null, "nnodes": 4, "nedges": 4, "density": 0.6666666666666666, "atomics": "[0, 1, 12, 13]", "group_pop": 4, "init_part_assignment": 10, "id": 22}, {"graph": null, "nnodes": 4, "nedges": 3, "density": 0.5, "atomics": "[18, 42, 6, 30]", "group_pop": 4, "init_part_assignment": 1, "id": 23}, {"graph": null, "nnodes": 4, "nedges": 3, "density": 0.5, "atomics": "[56, 43, 44, 31]", "group_pop": 4, "init_part_assignment": 4, "id": 24}, {"graph": null, "nnodes": 4, "nedges": 4, "density": 0.6666666666666666, "atomics": "[10, 11, 22, 23]", "group_pop": 4, "init_part_assignment": 0, "id": 25}, {"graph": null, "nnodes": 4, "nedges": 3, "density": 0.5, "atomics": "[72, 73, 48, 60]", "group_pop": 4, "init_part_assignment": 10, "id": 26}, {"graph": null, "nnodes": 4, "nedges": 4, "density": 0.6666666666666666, "atomics": "[96, 97, 84, 85]", "group_pop": 4, "init_part_assignment": 5, "id": 27}, {"graph": null, "nnodes": 4, "nedges": 4, "density": 0.6666666666666666, "atomics": "[104, 105, 116, 117]", "group_pop": 4, "init_part_assignment": 3, "id": 28}, {"graph": null, "nnodes": 4, "nedges": 4, "density": 0.6666666666666666, "atomics": "[82, 83, 70, 71]", "group_pop": 4, "init_part_assignment": 7, "id": 29}, {"graph": null, "nnodes": 4, "nedges": 4, "density": 0.6666666666666666, "atomics": "[106, 107, 94, 95]", "group_pop": 4, "init_part_assignment": 3, "id": 30}, {"graph": null, "nnodes": 4, "nedges": 3, "density": 0.5, "atomics": "[67, 53, 54, 55]", "group_pop": 4, "init_part_assignment": 7, "id": 31}, {"graph": null, "nnodes": 4, "nedges": 3, "density": 0.5, "atomics": "[81, 93, 68, 69]", "group_pop": 4, "init_part_assignment": 7, "id": 32}, {"graph": null, "nnodes": 4, "nedges": 4, "density": 0.6666666666666666, "atomics": "[88, 75, 76, 87]", "group_pop": 4, "init_part_assignment": 8, "id": 33}, {"graph": null, "nnodes": 4, "nedges": 4, "density": 0.6666666666666666, "atomics": "[80, 91, 92, 79]", "group_pop": 4, "init_part_assignment": 9, "id": 34}, {"graph": null, "nnodes": 4, "nedges": 4, "density": 0.6666666666666666, "atomics": "[112, 99, 100, 111]", "group_pop": 4, "init_part_assignment": 8, "id": 35}], "adjacency": [[{"weight": 2, "random_weight": 0.35849060856057935, "id": 1}, {"weight": 2, "random_weight": 0.6052632511350587, "id": 18}, {"weight": 2, "random_weight": 0.10099217560395901, "id": 23}], [{"weight": 2, "random_weight": 0.35849060856057935, "id": 0}, {"weight": 2, "random_weight": 0.6720906234293552, "id": 19}, {"weight": 2, "random_weight": 0.954037090855593, "id": 22}], [{"weight": 2, "random_weight": 0.3782516832921414, "id": 3}, {"weight": 2, "random_weight": 0.6633856819323685, "id": 13}, {"weight": 1, "random_weight": 0.6887074760843734, "id": 20}, {"weight": 1, "random_weight": 0.3756639549715648, "id": 33}, {"weight": 1, "random_weight": 0.3923570242895309, "id": 34}, {"weight": 1, "random_weight": 0.038448665860133846, "id": 35}], [{"weight": 2, "random_weight": 0.3782516832921414, "id": 2}, {"weight": 1, "random_weight": 0.18406866561703616, "id": 11}, {"weight": 3, "random_weight": 0.07974151690234033, "id": 31}, {"weight": 1, "random_weight": 0.3825092838686165, "id": 33}, {"weight": 1, "random_weight": 0.8962916399334238, "id": 34}], [{"weight": 3, "random_weight": 0.6371821100776769, "id": 5}, {"weight": 2, "random_weight": 0.18146762200313848, "id": 23}, {"weight": 1, "random_weight": 0.5164547387758933, "id": 24}, {"weight": 1, "random_weight": 0.38409196980511395, "id": 25}], [{"weight": 3, "random_weight": 0.6371821100776769, "id": 4}, {"weight": 1, "random_weight": 0.03135001477838639, "id": 16}, {"weight": 1, "random_weight": 0.9665294783909096, "id": 17}, {"weight": 2, "random_weight": 0.5315468789225969, "id": 24}, {"weight": 1, "random_weight": 0.8079493260636481, "id": 25}], [{"weight": 2, "random_weight": 0.6896758573468914, "id": 7}, {"weight": 4, "random_weight": 0.14670258099350852, "id": 8}, {"weight": 1, "random_weight": 0.47568051580415205, "id": 9}, {"weight": 1, "random_weight": 0.7085937584688855, "id": 13}, {"weight": 2, "random_weight": 0.030129723003831876, "id": 35}], [{"weight": 2, "random_weight": 0.6896758573468914, "id": 6}, {"weight": 1, "random_weight": 0.49916962021438827, "id": 8}, {"weight": 1, "random_weight": 0.2506541235654448, "id": 9}, {"weight": 2, "random_weight": 0.22323423552737198, "id": 27}], [{"weight": 4, "random_weight": 0.14670258099350852, "id": 6}, {"weight": 1, "random_weight": 0.49916962021438827, "id": 7}, {"weight": 1, "random_weight": 0.06657091518891955, "id": 12}], [{"weight": 1, "random_weight": 0.47568051580415205, "id": 6}, {"weight": 1, "random_weight": 0.2506541235654448, "id": 7}, {"weight": 1, "random_weight": 0.4621312783587006, "id": 10}, {"weight": 1, "random_weight": 0.2211560763953866, "id": 26}, {"weight": 2, "random_weight": 0.5763512963484783, "id": 27}, {"weight": 2, "random_weight": 0.572104177548651, "id": 33}, {"weight": 2, "random_weight": 0.9508644342156896, "id": 35}], [{"weight": 1, "random_weight": 0.4621312783587006, "id": 9}, {"weight": 2, "random_weight": 0.8884085488981921, "id": 11}, {"weight": 1, "random_weight": 0.05111351635246464, "id": 19}, {"weight": 1, "random_weight": 0.9818965383673722, "id": 21}, {"weight": 3, "random_weight": 0.47791112692677207, "id": 26}], [{"weight": 1, "random_weight": 0.18406866561703616, "id": 3}, {"weight": 2, "random_weight": 0.8884085488981921, "id": 10}, {"weight": 1, "random_weight": 0.3379817212026792, "id": 18}, {"weight": 1, "random_weight": 0.3738474559940319, "id": 19}, {"weight": 1, "random_weight": 0.2296368765892366, "id": 31}, {"weight": 2, "random_weight": 0.6086077354224185, "id": 33}], [{"weight": 1, "random_weight": 0.06657091518891955, "id": 8}, {"weight": 2, "random_weight": 0.9216147858585516, "id": 13}, {"weight": 1, "random_weight": 0.4695428759495769, "id": 15}, {"weight": 2, "random_weight": 0.7738241309115083, "id": 20}], [{"weight": 2, "random_weight": 0.6633856819323685, "id": 2}, {"weight": 1, "random_weight": 0.7085937584688855, "id": 6}, {"weight": 2, "random_weight": 0.9216147858585516, "id": 12}, {"weight": 2, "random_weight": 0.4778061547338134, "id": 20}, {"weight": 1, "random_weight": 0.6949300396133007, "id": 35}], [{"weight": 3, "random_weight": 0.7483672495561436, "id": 15}, {"weight": 1, "random_weight": 0.9669868163186495, "id": 28}, {"weight": 2, "random_weight": 0.28414021645023746, "id": 30}], [{"weight": 1, "random_weight": 0.4695428759495769, "id": 12}, {"weight": 3, "random_weight": 0.7483672495561436, "id": 14}, {"weight": 1, "random_weight": 0.3272500952059151, "id": 20}, {"weight": 1, "random_weight": 0.9634889210857897, "id": 28}], [{"weight": 1, "random_weight": 0.03135001477838639, "id": 5}, {"weight": 3, "random_weight": 0.856168044804808, "id": 17}, {"weight": 2, "random_weight": 0.5963038420656325, "id": 24}, {"weight": 2, "random_weight": 0.8017117783146253, "id": 29}, {"weight": 1, "random_weight": 0.06691975012172935, "id": 32}], [{"weight": 1, "random_weight": 0.9665294783909096, "id": 5}, {"weight": 3, "random_weight": 0.856168044804808, "id": 16}, {"weight": 2, "random_weight": 0.3266316061190959, "id": 25}], [{"weight": 2, "random_weight": 0.6052632511350587, "id": 0}, {"weight": 1, "random_weight": 0.3379817212026792, "id": 11}, {"weight": 2, "random_weight": 0.04711813394042008, "id": 19}, {"weight": 2, "random_weight": 0.7845445056446482, "id": 23}, {"weight": 1, "random_weight": 0.8777447283615538, "id": 31}], [{"weight": 2, "random_weight": 0.6720906234293552, "id": 1}, {"weight": 1, "random_weight": 0.05111351635246464, "id": 10}, {"weight": 1, "random_weight": 0.3738474559940319, "id": 11}, {"weight": 2, "random_weight": 0.04711813394042008, "id": 18}, {"weight": 2, "random_weight": 0.43473516554687897, "id": 21}], [{"weight": 1, "random_weight": 0.6887074760843734, "id": 2}, {"weight": 2, "random_weight": 0.7738241309115083, "id": 12}, {"weight": 2, "random_weight": 0.4778061547338134, "id": 13}, {"weight": 1, "random_weight": 0.3272500952059151, "id": 15}, {"weight": 3, "random_weight": 0.9839811962761708, "id": 28}, {"weight": 1, "random_weight": 0.5017974791266865, "id": 34}], [{"weight": 1, "random_weight": 0.9818965383673722, "id": 10}, {"weight": 2, "random_weight": 0.43473516554687897, "id": 19}, {"weight": 2, "random_weight": 0.46118091008133255, "id": 22}, {"weight": 1, "random_weight": 0.08435495430168027, "id": 26}], [{"weight": 2, "random_weight": 0.954037090855593, "id": 1}, {"weight": 2, "random_weight": 0.46118091008133255, "id": 21}], [{"weight": 2, "random_weight": 0.10099217560395901, "id": 0}, {"weight": 2, "random_weight": 0.18146762200313848, "id": 4}, {"weight": 2, "random_weight": 0.7845445056446482, "id": 18}, {"weight": 2, "random_weight": 0.556464983773484, "id": 24}, {"weight": 1, "random_weight": 0.823878029453896, "id": 31}], [{"weight": 1, "random_weight": 0.5164547387758933, "id": 4}, {"weight": 2, "random_weight": 0.5315468789225969, "id": 5}, {"weight": 2, "random_weight": 0.5963038420656325, "id": 16}, {"weight": 2, "random_weight": 0.556464983773484, "id": 23}, {"weight": 2, "random_weight": 0.646218147604281, "id": 31}, {"weight": 1, "random_weight": 0.8351286210240805, "id": 32}], [{"weight": 1, "random_weight": 0.38409196980511395, "id": 4}, {"weight": 1, "random_weight": 0.8079493260636481, "id": 5}, {"weight": 2, "random_weight": 0.3266316061190959, "id": 17}], [{"weight": 1, "random_weight": 0.2211560763953866, "id": 9}, {"weight": 3, "random_weight": 0.47791112692677207, "id": 10}, {"weight": 1, "random_weight": 0.08435495430168027, "id": 21}, {"weight": 2, "random_weight": 0.8524684967201941, "id": 27}], [{"weight": 2, "random_weight": 0.22323423552737198, "id": 7}, {"weight": 2, "random_weight": 0.5763512963484783, "id": 9}, {"weight": 2, "random_weight": 0.8524684967201941, "id": 26}], [{"weight": 1, "random_weight": 0.9669868163186495, "id": 14}, {"weight": 1, "random_weight": 0.9634889210857897, "id": 15}, {"weight": 3, "random_weight": 0.9839811962761708, "id": 20}, {"weight": 1, "random_weight": 0.323630116945249, "id": 30}, {"weight": 1, "random_weight": 0.4776109813573818, "id": 32}, {"weight": 1, "random_weight": 0.743273127634538, "id": 34}], [{"weight": 2, "random_weight": 0.8017117783146253, "id": 16}, {"weight": 2, "random_weight": 0.8081045968252916, "id": 30}, {"weight": 2, "random_weight": 0.9437228008388359, "id": 32}], [{"weight": 2, "random_weight": 0.28414021645023746, "id": 14}, {"weight": 1, "random_weight": 0.323630116945249, "id": 28}, {"weight": 2, "random_weight": 0.8081045968252916, "id": 29}, {"weight": 1, "random_weight": 0.7013553438286785, "id": 32}], [{"weight": 3, "random_weight": 0.07974151690234033, "id": 3}, {"weight": 1, "random_weight": 0.2296368765892366, "id": 11}, {"weight": 1, "random_weight": 0.8777447283615538, "id": 18}, {"weight": 1, "random_weight": 0.823878029453896, "id": 23}, {"weight": 2, "random_weight": 0.646218147604281, "id": 24}, {"weight": 1, "random_weight": 0.26605098462697063, "id": 32}, {"weight": 1, "random_weight": 0.3275378206873911, "id": 34}], [{"weight": 1, "random_weight": 0.06691975012172935, "id": 16}, {"weight": 1, "random_weight": 0.8351286210240805, "id": 24}, {"weight": 1, "random_weight": 0.4776109813573818, "id": 28}, {"weight": 2, "random_weight": 0.9437228008388359, "id": 29}, {"weight": 1, "random_weight": 0.7013553438286785, "id": 30}, {"weight": 1, "random_weight": 0.26605098462697063, "id": 31}, {"weight": 3, "random_weight": 0.27976514704898714, "id": 34}], [{"weight": 1, "random_weight": 0.3756639549715648, "id": 2}, {"weight": 1, "random_weight": 0.3825092838686165, "id": 3}, {"weight": 2, "random_weight": 0.572104177548651, "id": 9}, {"weight": 2, "random_weight": 0.6086077354224185, "id": 11}, {"weight": 2, "random_weight": 0.1812471048412071, "id": 35}], [{"weight": 1, "random_weight": 0.3923570242895309, "id": 2}, {"weight": 1, "random_weight": 0.8962916399334238, "id": 3}, {"weight": 1, "random_weight": 0.5017974791266865, "id": 20}, {"weight": 1, "random_weight": 0.743273127634538, "id": 28}, {"weight": 1, "random_weight": 0.3275378206873911, "id": 31}, {"weight": 3, "random_weight": 0.27976514704898714, "id": 32}], [{"weight": 1, "random_weight": 0.038448665860133846, "id": 2}, {"weight": 2, "random_weight": 0.030129723003831876, "id": 6}, {"weight": 2, "random_weight": 0.9508644342156896, "id": 9}, {"weight": 1, "random_weight": 0.6949300396133007, "id": 13}, {"weight": 2, "random_weight": 0.1812471048412071, "id": 33}]]}