{"directed": false, "multigraph": false, "graph": [], "nodes": [{"graph": null, "nnodes": 4, "nedges": 3, "density": 0.5, "atomics": "[16, 40, 28, 29]", "group_pop": 4, "init_part_assignment": 5, "id": 0}, {"graph": null, "nnodes": 4, "nedges": 3, "density": 0.5, "atomics": "[17, 18, 19, 30]", "group_pop": 4, "init_part_assignment": 5, "id": 1}, {"graph": null, "nnodes": 4, "nedges": 3, "density": 0.5, "atomics": "[4, 5, 6, 7]", "group_pop": 4, "init_part_assignment": 0, "id": 2}, {"graph": null, "nnodes": 4, "nedges": 3, "density": 0.5, "atomics": "[27, 2, 3, 15]", "group_pop": 4, "init_part_assignment": 5, "id": 3}, {"graph": null, "nnodes": 4, "nedges": 3, "density": 0.5, "atomics": "[89, 66, 77, 78]", "group_pop": 4, "init_part_assignment": 10, "id": 4}, {"graph": null, "nnodes": 4, "nedges": 4, "density": 0.6666666666666666, "atomics": "[90, 91, 102, 103]", "group_pop": 4, "init_part_assignment": 7, "id": 5}, {"graph": null, "nnodes": 4, "nedges": 4, "density": 0.6666666666666666, "atomics": "[8, 9, 20, 21]", "group_pop": 4, "init_part_assignment": 0, "id": 6}, {"graph": null, "nnodes": 4, "nedges": 4, "density": 0.6666666666666666, "atomics": "[120, 121, 108, 109]", "group_pop": 4, "init_part_assignment": 8, "id": 7}, {"graph": null, "nnodes": 4, "nedges": 3, "density": 0.5, "atomics": "[132, 133, 134, 135]", "group_pop": 4, "init_part_assignment": 8, "id": 8}, {"graph": null, "nnodes": 4, "nedges": 4, "density": 0.6666666666666666, "atomics": "[122, 123, 110, 111]", "group_pop": 4, "init_part_assignment": 8, "id": 9}, {"graph": null, "nnodes": 4, "nedges": 3, "density": 0.5, "atomics": "[25, 50, 37, 49]", "group_pop": 4, "init_part_assignment": 4, "id": 10}, {"graph": null, "nnodes": 4, "nedges": 3, "density": 0.5, "atomics": "[26, 51, 38, 39]", "group_pop": 4, "init_part_assignment": 4, "id": 11}, {"graph": null, "nnodes": 4, "nedges": 3, "density": 0.5, "atomics": "[64, 52, 63, 76]", "group_pop": 4, "init_part_assignment": 9, "id": 12}, {"graph": null, "nnodes": 4, "nedges": 4, "density": 0.6666666666666666, "atomics": "[136, 137, 124, 125]", "group_pop": 4, "init_part_assignment": 6, "id": 13}, {"graph": null, "nnodes": 4, "nedges": 4, "density": 0.6666666666666666, "atomics": "[138, 139, 126, 127]", "group_pop": 4, "init_part_assignment": 6, "id": 14}, {"graph": null, "nnodes": 4, "nedges": 4, "density": 0.6666666666666666, "atomics": "[130, 131, 142, 143]", "group_pop": 4, "init_part_assignment": 1, "id": 15}, {"graph": null, "nnodes": 4, "nedges": 4, "density": 0.6666666666666666, "atomics": "[58, 59, 70, 71]", "group_pop": 4, "init_part_assignment": 3, "id": 16}, {"graph": null, "nnodes": 4, "nedges": 3, "density": 0.5, "atomics": "[44, 45, 46, 47]", "group_pop": 4, "init_part_assignment": 3, "id": 17}, {"graph": null, "nnodes": 4, "nedges": 3, "density": 0.5, "atomics": "[128, 114, 115, 116]", "group_pop": 4, "init_part_assignment": 7, "id": 18}, {"graph": null, "nnodes": 4, "nedges": 3, "density": 0.5, "atomics": "[129, 140, 117, 141]", "group_pop": 4, "init_part_assignment": 1, "id": 19}, {"graph": null, "nnodes": 4, "nedges": 3, "density": 0.5, "atomics": "[24, 48, 12, 36]", "group_pop": 4, "init_part_assignment": 2, "id": 20}, {"graph": null, "nnodes": 4, "nedges": 3, "density": 0.5, "atomics": "[0, 1, 13, 14]", "group_pop": 4, "init_part_assignment": 4, "id": 21}, {"graph": null, "nnodes": 4, "nedges": 3, "density": 0.5, "atomics": "[32, 33, 34, 35]", "group_pop": 4, "init_part_assignment": 11, "id": 22}, {"graph": null, "nnodes": 4, "nedges": 3, "density": 0.5, "atomics": "[41, 42, 43, 31]", "group_pop": 4, "init_part_assignment": 11, "id": 23}, {"graph": null, "nnodes": 4, "nedges": 4, "density": 0.6666666666666666, "atomics": "[10, 11, 22, 23]", "group_pop": 4, "init_part_assignment": 0, "id": 24}, {"graph": null, "nnodes": 4, "nedges": 3, "density": 0.5, "atomics": "[72, 73, 84, 60]", "group_pop": 4, "init_part_assignment": 2, "id": 25}, {"graph": null, "nnodes": 4, "nedges": 4, "density": 0.6666666666666666, "atomics": "[106, 107, 118, 119]", "group_pop": 4, "init_part_assignment": 1, "id": 26}, {"graph": null, "nnodes": 4, "nedges": 4, "density": 0.6666666666666666, "atomics": "[82, 83, 94, 95]", "group_pop": 4, "init_part_assignment": 3, "id": 27}, {"graph": null, "nnodes": 4, "nedges": 3, "density": 0.5, "atomics": "[104, 81, 93, 105]", "group_pop": 4, "init_part_assignment": 7, "id": 28}, {"graph": null, "nnodes": 4, "nedges": 4, "density": 0.6666666666666666, "atomics": "[56, 57, 68, 69]", "group_pop": 4, "init_part_assignment": 10, "id": 29}, {"graph": null, "nnodes": 4, "nedges": 3, "density": 0.5, "atomics": "[65, 53, 54, 55]", "group_pop": 4, "init_part_assignment": 11, "id": 30}, {"graph": null, "nnodes": 4, "nedges": 3, "density": 0.5, "atomics": "[74, 75, 61, 62]", "group_pop": 4, "init_part_assignment": 9, "id": 31}, {"graph": null, "nnodes": 4, "nedges": 3, "density": 0.5, "atomics": "[96, 97, 98, 85]", "group_pop": 4, "init_part_assignment": 2, "id": 32}, {"graph": null, "nnodes": 4, "nedges": 3, "density": 0.5, "atomics": "[88, 99, 86, 87]", "group_pop": 4, "init_part_assignment": 9, "id": 33}, {"graph": null, "nnodes": 4, "nedges": 3, "density": 0.5, "atomics": "[80, 67, 92, 79]", "group_pop": 4, "init_part_assignment": 10, "id": 34}, {"graph": null, "nnodes": 4, "nedges": 4, "density": 0.6666666666666666, "atomics": "[112, 113, 100, 101]", "group_pop": 4, "init_part_assignment": 6, "id": 35}], "adjacency": [[{"weight": 3, "random_weight": 0.7548104053225005, "id": 1}, {"weight": 1, "random_weight": 0.4766107917436526, "id": 2}, {"weight": 2, "random_weight": 0.4328094955648585, "id": 3}, {"weight": 1, "random_weight": 0.9303066291613704, "id": 11}, {"weight": 1, "random_weight": 0.7798063201208589, "id": 12}, {"weight": 2, "random_weight": 0.8073479561329763, "id": 23}], [{"weight": 3, "random_weight": 0.7548104053225005, "id": 0}, {"weight": 3, "random_weight": 0.6360703012568415, "id": 2}, {"weight": 1, "random_weight": 0.21933958930206054, "id": 6}, {"weight": 3, "random_weight": 0.8059531641570871, "id": 23}], [{"weight": 1, "random_weight": 0.4766107917436526, "id": 0}, {"weight": 3, "random_weight": 0.6360703012568415, "id": 1}, {"weight": 1, "random_weight": 0.2405740263630679, "id": 3}, {"weight": 1, "random_weight": 0.1722382571113017, "id": 6}], [{"weight": 2, "random_weight": 0.4328094955648585, "id": 0}, {"weight": 1, "random_weight": 0.2405740263630679, "id": 2}, {"weight": 2, "random_weight": 0.34416865105343897, "id": 11}, {"weight": 3, "random_weight": 0.9602192326173102, "id": 21}], [{"weight": 2, "random_weight": 0.9625179517968736, "id": 5}, {"weight": 1, "random_weight": 0.020581687718667308, "id": 12}, {"weight": 3, "random_weight": 0.2041309426172444, "id": 30}, {"weight": 1, "random_weight": 0.8436683731902379, "id": 33}, {"weight": 2, "random_weight": 0.38497056882503244, "id": 34}, {"weight": 1, "random_weight": 0.8153998518660606, "id": 35}], [{"weight": 2, "random_weight": 0.9625179517968736, "id": 4}, {"weight": 2, "random_weight": 0.24955084623224721, "id": 18}, {"weight": 1, "random_weight": 0.5669280679848203, "id": 28}, {"weight": 2, "random_weight": 0.7562620730968052, "id": 34}, {"weight": 1, "random_weight": 0.6949728525666806, "id": 35}], [{"weight": 1, "random_weight": 0.21933958930206054, "id": 1}, {"weight": 1, "random_weight": 0.1722382571113017, "id": 2}, {"weight": 2, "random_weight": 0.7068576239430084, "id": 22}, {"weight": 2, "random_weight": 0.16332943053515436, "id": 24}], [{"weight": 2, "random_weight": 0.07234343006847244, "id": 8}, {"weight": 2, "random_weight": 0.36881466292106024, "id": 9}, {"weight": 2, "random_weight": 0.5777846848823763, "id": 32}], [{"weight": 2, "random_weight": 0.07234343006847244, "id": 7}, {"weight": 2, "random_weight": 0.05972551888120803, "id": 9}, {"weight": 1, "random_weight": 0.9640017468953113, "id": 13}], [{"weight": 2, "random_weight": 0.36881466292106024, "id": 7}, {"weight": 2, "random_weight": 0.05972551888120803, "id": 8}, {"weight": 1, "random_weight": 0.6898541648984363, "id": 13}, {"weight": 1, "random_weight": 0.9057683924734812, "id": 32}, {"weight": 1, "random_weight": 0.8311200933058535, "id": 33}, {"weight": 1, "random_weight": 0.30861126651663684, "id": 35}], [{"weight": 4, "random_weight": 0.03262986270178547, "id": 11}, {"weight": 3, "random_weight": 0.3017572873814508, "id": 20}, {"weight": 1, "random_weight": 0.9764138809697483, "id": 21}, {"weight": 2, "random_weight": 0.8425783674644719, "id": 31}], [{"weight": 1, "random_weight": 0.9303066291613704, "id": 0}, {"weight": 2, "random_weight": 0.34416865105343897, "id": 3}, {"weight": 4, "random_weight": 0.03262986270178547, "id": 10}, {"weight": 2, "random_weight": 0.8530764713782524, "id": 12}, {"weight": 1, "random_weight": 0.6649607817324902, "id": 21}], [{"weight": 1, "random_weight": 0.7798063201208589, "id": 0}, {"weight": 1, "random_weight": 0.020581687718667308, "id": 4}, {"weight": 2, "random_weight": 0.8530764713782524, "id": 11}, {"weight": 2, "random_weight": 0.5387911551010977, "id": 30}, {"weight": 3, "random_weight": 0.11894226633860183, "id": 31}, {"weight": 1, "random_weight": 0.8793959255336901, "id": 33}], [{"weight": 1, "random_weight": 0.9640017468953113, "id": 8}, {"weight": 1, "random_weight": 0.6898541648984363, "id": 9}, {"weight": 2, "random_weight": 0.4438834952190488, "id": 14}, {"weight": 2, "random_weight": 0.14161312138708737, "id": 35}], [{"weight": 2, "random_weight": 0.4438834952190488, "id": 13}, {"weight": 3, "random_weight": 0.5706385873544382, "id": 18}, {"weight": 1, "random_weight": 0.40612085732837955, "id": 19}], [{"weight": 2, "random_weight": 0.7742955244418464, "id": 19}, {"weight": 2, "random_weight": 0.007334271362336997, "id": 26}], [{"weight": 2, "random_weight": 0.670146872940106, "id": 17}, {"weight": 2, "random_weight": 0.12607273711014622, "id": 27}, {"weight": 2, "random_weight": 0.9477993534128123, "id": 29}], [{"weight": 2, "random_weight": 0.670146872940106, "id": 16}, {"weight": 4, "random_weight": 0.7602116651152825, "id": 22}, {"weight": 1, "random_weight": 0.43815252141316396, "id": 23}, {"weight": 2, "random_weight": 0.5262602921710564, "id": 29}], [{"weight": 2, "random_weight": 0.24955084623224721, "id": 5}, {"weight": 3, "random_weight": 0.5706385873544382, "id": 14}, {"weight": 3, "random_weight": 0.724246355043121, "id": 19}, {"weight": 1, "random_weight": 0.958568556027479, "id": 28}, {"weight": 1, "random_weight": 0.675353025377735, "id": 35}], [{"weight": 1, "random_weight": 0.40612085732837955, "id": 14}, {"weight": 2, "random_weight": 0.7742955244418464, "id": 15}, {"weight": 3, "random_weight": 0.724246355043121, "id": 18}, {"weight": 1, "random_weight": 0.19649917691729868, "id": 26}, {"weight": 1, "random_weight": 0.7830116845466844, "id": 28}], [{"weight": 3, "random_weight": 0.3017572873814508, "id": 10}, {"weight": 2, "random_weight": 0.46220855548487083, "id": 21}, {"weight": 1, "random_weight": 0.15602879993168806, "id": 25}], [{"weight": 3, "random_weight": 0.9602192326173102, "id": 3}, {"weight": 1, "random_weight": 0.9764138809697483, "id": 10}, {"weight": 1, "random_weight": 0.6649607817324902, "id": 11}, {"weight": 2, "random_weight": 0.46220855548487083, "id": 20}], [{"weight": 2, "random_weight": 0.7068576239430084, "id": 6}, {"weight": 4, "random_weight": 0.7602116651152825, "id": 17}, {"weight": 1, "random_weight": 0.5663249289118747, "id": 23}, {"weight": 2, "random_weight": 0.8040454569627361, "id": 24}], [{"weight": 2, "random_weight": 0.8073479561329763, "id": 0}, {"weight": 3, "random_weight": 0.8059531641570871, "id": 1}, {"weight": 1, "random_weight": 0.43815252141316396, "id": 17}, {"weight": 1, "random_weight": 0.5663249289118747, "id": 22}, {"weight": 3, "random_weight": 0.9377521908167563, "id": 30}], [{"weight": 2, "random_weight": 0.16332943053515436, "id": 6}, {"weight": 2, "random_weight": 0.8040454569627361, "id": 22}], [{"weight": 1, "random_weight": 0.15602879993168806, "id": 20}, {"weight": 3, "random_weight": 0.5051881305540314, "id": 31}, {"weight": 3, "random_weight": 0.36450443618525186, "id": 32}], [{"weight": 2, "random_weight": 0.007334271362336997, "id": 15}, {"weight": 1, "random_weight": 0.19649917691729868, "id": 19}, {"weight": 2, "random_weight": 0.508753624451501, "id": 27}, {"weight": 1, "random_weight": 0.7293567841520866, "id": 28}], [{"weight": 2, "random_weight": 0.12607273711014622, "id": 16}, {"weight": 2, "random_weight": 0.508753624451501, "id": 26}, {"weight": 2, "random_weight": 0.689253133784338, "id": 28}], [{"weight": 1, "random_weight": 0.5669280679848203, "id": 5}, {"weight": 1, "random_weight": 0.958568556027479, "id": 18}, {"weight": 1, "random_weight": 0.7830116845466844, "id": 19}, {"weight": 1, "random_weight": 0.7293567841520866, "id": 26}, {"weight": 2, "random_weight": 0.689253133784338, "id": 27}, {"weight": 1, "random_weight": 0.05415958387063047, "id": 29}, {"weight": 3, "random_weight": 0.6770017704382826, "id": 34}], [{"weight": 2, "random_weight": 0.9477993534128123, "id": 16}, {"weight": 2, "random_weight": 0.5262602921710564, "id": 17}, {"weight": 1, "random_weight": 0.05415958387063047, "id": 28}, {"weight": 1, "random_weight": 0.7715665699629735, "id": 30}, {"weight": 2, "random_weight": 0.4992415371333282, "id": 34}], [{"weight": 3, "random_weight": 0.2041309426172444, "id": 4}, {"weight": 2, "random_weight": 0.5387911551010977, "id": 12}, {"weight": 3, "random_weight": 0.9377521908167563, "id": 23}, {"weight": 1, "random_weight": 0.7715665699629735, "id": 29}, {"weight": 1, "random_weight": 0.46073082634003026, "id": 34}], [{"weight": 2, "random_weight": 0.8425783674644719, "id": 10}, {"weight": 3, "random_weight": 0.11894226633860183, "id": 12}, {"weight": 3, "random_weight": 0.5051881305540314, "id": 25}, {"weight": 2, "random_weight": 0.1358967507443083, "id": 33}], [{"weight": 2, "random_weight": 0.5777846848823763, "id": 7}, {"weight": 1, "random_weight": 0.9057683924734812, "id": 9}, {"weight": 3, "random_weight": 0.36450443618525186, "id": 25}, {"weight": 3, "random_weight": 0.8710961924447476, "id": 33}], [{"weight": 1, "random_weight": 0.8436683731902379, "id": 4}, {"weight": 1, "random_weight": 0.8311200933058535, "id": 9}, {"weight": 1, "random_weight": 0.8793959255336901, "id": 12}, {"weight": 2, "random_weight": 0.1358967507443083, "id": 31}, {"weight": 3, "random_weight": 0.8710961924447476, "id": 32}, {"weight": 2, "random_weight": 0.7650795737478614, "id": 35}], [{"weight": 2, "random_weight": 0.38497056882503244, "id": 4}, {"weight": 2, "random_weight": 0.7562620730968052, "id": 5}, {"weight": 3, "random_weight": 0.6770017704382826, "id": 28}, {"weight": 2, "random_weight": 0.4992415371333282, "id": 29}, {"weight": 1, "random_weight": 0.46073082634003026, "id": 30}], [{"weight": 1, "random_weight": 0.8153998518660606, "id": 4}, {"weight": 1, "random_weight": 0.6949728525666806, "id": 5}, {"weight": 1, "random_weight": 0.30861126651663684, "id": 9}, {"weight": 2, "random_weight": 0.14161312138708737, "id": 13}, {"weight": 1, "random_weight": 0.675353025377735, "id": 18}, {"weight": 2, "random_weight": 0.7650795737478614, "id": 33}]]}