{"directed": false, "multigraph": false, "graph": [], "nodes": [{"graph": null, "nnodes": 4, "nedges": 3, "density": 0.5, "atomics": "[16, 40, 28, 4]", "group_pop": 4, "init_part_assignment": 2, "id": 0}, {"graph": null, "nnodes": 4, "nedges": 4, "density": 0.6666666666666666, "atomics": "[17, 18, 5, 6]", "group_pop": 4, "init_part_assignment": 2, "id": 1}, {"graph": null, "nnodes": 4, "nedges": 3, "density": 0.5, "atomics": "[27, 26, 3, 15]", "group_pop": 4, "init_part_assignment": 2, "id": 2}, {"graph": null, "nnodes": 4, "nedges": 3, "density": 0.5, "atomics": "[89, 77, 76, 101]", "group_pop": 4, "init_part_assignment": 9, "id": 3}, {"graph": null, "nnodes": 4, "nedges": 3, "density": 0.5, "atomics": "[90, 91, 92, 78]", "group_pop": 4, "init_part_assignment": 9, "id": 4}, {"graph": null, "nnodes": 4, "nedges": 4, "density": 0.6666666666666666, "atomics": "[8, 9, 20, 21]", "group_pop": 4, "init_part_assignment": 1, "id": 5}, {"graph": null, "nnodes": 4, "nedges": 3, "density": 0.5, "atomics": "[19, 43, 7, 31]", "group_pop": 4, "init_part_assignment": 1, "id": 6}, {"graph": null, "nnodes": 4, "nedges": 3, "density": 0.5, "atomics": "[121, 122, 123, 109]", "group_pop": 4, "init_part_assignment": 11, "id": 7}, {"graph": null, "nnodes": 4, "nedges": 3, "density": 0.5, "atomics": "[120, 132, 108, 133]", "group_pop": 4, "init_part_assignment": 11, "id": 8}, {"graph": null, "nnodes": 4, "nedges": 3, "density": 0.5, "atomics": "[136, 124, 134, 135]", "group_pop": 4, "init_part_assignment": 11, "id": 9}, {"graph": null, "nnodes": 4, "nedges": 3, "density": 0.5, "atomics": "[98, 110, 86, 111]", "group_pop": 4, "init_part_assignment": 10, "id": 10}, {"graph": null, "nnodes": 4, "nedges": 4, "density": 0.6666666666666666, "atomics": "[50, 51, 62, 63]", "group_pop": 4, "init_part_assignment": 8, "id": 11}, {"graph": null, "nnodes": 4, "nedges": 4, "density": 0.6666666666666666, "atomics": "[64, 65, 52, 53]", "group_pop": 4, "init_part_assignment": 6, "id": 12}, {"graph": null, "nnodes": 4, "nedges": 3, "density": 0.5, "atomics": "[112, 137, 125, 113]", "group_pop": 4, "init_part_assignment": 10, "id": 13}, {"graph": null, "nnodes": 4, "nedges": 3, "density": 0.5, "atomics": "[138, 126, 102, 114]", "group_pop": 4, "init_part_assignment": 7, "id": 14}, {"graph": null, "nnodes": 4, "nedges": 4, "density": 0.6666666666666666, "atomics": "[130, 131, 142, 143]", "group_pop": 4, "init_part_assignment": 3, "id": 15}, {"graph": null, "nnodes": 4, "nedges": 4, "density": 0.6666666666666666, "atomics": "[58, 59, 70, 71]", "group_pop": 4, "init_part_assignment": 4, "id": 16}, {"graph": null, "nnodes": 4, "nedges": 4, "density": 0.6666666666666666, "atomics": "[34, 35, 46, 47]", "group_pop": 4, "init_part_assignment": 4, "id": 17}, {"graph": null, "nnodes": 4, "nedges": 3, "density": 0.5, "atomics": "[25, 37, 38, 39]", "group_pop": 4, "init_part_assignment": 0, "id": 18}, {"graph": null, "nnodes": 4, "nedges": 4, "density": 0.6666666666666666, "atomics": "[128, 139, 140, 127]", "group_pop": 4, "init_part_assignment": 7, "id": 19}, {"graph": null, "nnodes": 4, "nedges": 3, "density": 0.5, "atomics": "[24, 0, 12, 36]", "group_pop": 4, "init_part_assignment": 0, "id": 20}, {"graph": null, "nnodes": 4, "nedges": 4, "density": 0.6666666666666666, "atomics": "[1, 2, 13, 14]", "group_pop": 4, "init_part_assignment": 0, "id": 21}, {"graph": null, "nnodes": 4, "nedges": 4, "density": 0.6666666666666666, "atomics": "[32, 33, 44, 45]", "group_pop": 4, "init_part_assignment": 1, "id": 22}, {"graph": null, "nnodes": 4, "nedges": 4, "density": 0.6666666666666666, "atomics": "[41, 42, 29, 30]", "group_pop": 4, "init_part_assignment": 6, "id": 23}, {"graph": null, "nnodes": 4, "nedges": 4, "density": 0.6666666666666666, "atomics": "[10, 11, 22, 23]", "group_pop": 4, "init_part_assignment": 4, "id": 24}, {"graph": null, "nnodes": 4, "nedges": 3, "density": 0.5, "atomics": "[72, 49, 48, 60]", "group_pop": 4, "init_part_assignment": 8, "id": 25}, {"graph": null, "nnodes": 4, "nedges": 4, "density": 0.6666666666666666, "atomics": "[96, 97, 84, 85]", "group_pop": 4, "init_part_assignment": 10, "id": 26}, {"graph": null, "nnodes": 4, "nedges": 3, "density": 0.5, "atomics": "[129, 117, 141, 105]", "group_pop": 4, "init_part_assignment": 3, "id": 27}, {"graph": null, "nnodes": 4, "nedges": 4, "density": 0.6666666666666666, "atomics": "[106, 107, 118, 119]", "group_pop": 4, "init_part_assignment": 3, "id": 28}, {"graph": null, "nnodes": 4, "nedges": 4, "density": 0.6666666666666666, "atomics": "[82, 83, 94, 95]", "group_pop": 4, "init_part_assignment": 5, "id": 29}, {"graph": null, "nnodes": 4, "nedges": 4, "density": 0.6666666666666666, "atomics": "[56, 57, 68, 69]", "group_pop": 4, "init_part_assignment": 5, "id": 30}, {"graph": null, "nnodes": 4, "nedges": 4, "density": 0.6666666666666666, "atomics": "[66, 67, 54, 55]", "group_pop": 4, "init_part_assignment": 6, "id": 31}, {"graph": null, "nnodes": 4, "nedges": 3, "density": 0.5, "atomics": "[80, 81, 93, 79]", "group_pop": 4, "init_part_assignment": 5, "id": 32}, {"graph": null, "nnodes": 4, "nedges": 3, "density": 0.5, "atomics": "[73, 74, 75, 61]", "group_pop": 4, "init_part_assignment": 8, "id": 33}, {"graph": null, "nnodes": 4, "nedges": 4, "density": 0.6666666666666666, "atomics": "[104, 115, 116, 103]", "group_pop": 4, "init_part_assignment": 7, "id": 34}, {"graph": null, "nnodes": 4, "nedges": 4, "density": 0.6666666666666666, "atomics": "[88, 99, 100, 87]", "group_pop": 4, "init_part_assignment": 9, "id": 35}], "adjacency": [[{"weight": 2, "random_weight": 0.6083224685714025, "id": 1}, {"weight": 3, "random_weight": 0.7803547063883481, "id": 2}, {"weight": 1, "random_weight": 0.8389425622147004, "id": 12}, {"weight": 1, "random_weight": 0.35983163585198474, "id": 18}, {"weight": 2, "random_weight": 0.5357460629274887, "id": 23}], [{"weight": 2, "random_weight": 0.6083224685714025, "id": 0}, {"weight": 2, "random_weight": 0.9308958434249801, "id": 6}, {"weight": 2, "random_weight": 0.7486718548204772, "id": 23}], [{"weight": 3, "random_weight": 0.7803547063883481, "id": 0}, {"weight": 3, "random_weight": 0.6715647386034627, "id": 18}, {"weight": 3, "random_weight": 0.8594794768427466, "id": 21}], [{"weight": 2, "random_weight": 0.9338129285191414, "id": 4}, {"weight": 2, "random_weight": 0.6132550544851381, "id": 12}, {"weight": 1, "random_weight": 0.7504692250832363, "id": 13}, {"weight": 1, "random_weight": 0.7026163792354161, "id": 14}, {"weight": 1, "random_weight": 0.7616023102423264, "id": 33}, {"weight": 3, "random_weight": 0.5063383972613158, "id": 35}], [{"weight": 2, "random_weight": 0.9338129285191414, "id": 3}, {"weight": 1, "random_weight": 0.9002077024377821, "id": 14}, {"weight": 1, "random_weight": 0.46271557427844945, "id": 31}, {"weight": 4, "random_weight": 0.48233471470447287, "id": 32}, {"weight": 2, "random_weight": 0.07140877832241166, "id": 34}], [{"weight": 2, "random_weight": 0.5061417101155289, "id": 6}, {"weight": 2, "random_weight": 0.8384121890741792, "id": 22}, {"weight": 2, "random_weight": 0.16758520463090398, "id": 24}], [{"weight": 2, "random_weight": 0.9308958434249801, "id": 1}, {"weight": 2, "random_weight": 0.5061417101155289, "id": 5}, {"weight": 2, "random_weight": 0.32728820826859395, "id": 22}, {"weight": 2, "random_weight": 0.7260569268530832, "id": 23}, {"weight": 1, "random_weight": 0.6607334074453527, "id": 31}], [{"weight": 3, "random_weight": 0.6984755396281048, "id": 8}, {"weight": 3, "random_weight": 0.06596605486833584, "id": 9}, {"weight": 3, "random_weight": 0.7909799237562573, "id": 10}, {"weight": 1, "random_weight": 0.12656334031230587, "id": 26}], [{"weight": 3, "random_weight": 0.6984755396281048, "id": 7}, {"weight": 1, "random_weight": 0.20114741865131291, "id": 9}, {"weight": 1, "random_weight": 0.8566833892289473, "id": 26}], [{"weight": 3, "random_weight": 0.06596605486833584, "id": 7}, {"weight": 1, "random_weight": 0.20114741865131291, "id": 8}, {"weight": 3, "random_weight": 0.6115891346844764, "id": 13}], [{"weight": 3, "random_weight": 0.7909799237562573, "id": 7}, {"weight": 1, "random_weight": 0.3881215838658475, "id": 13}, {"weight": 2, "random_weight": 0.11927646280294413, "id": 26}, {"weight": 1, "random_weight": 0.9582589828471447, "id": 33}, {"weight": 3, "random_weight": 0.9228275289861745, "id": 35}], [{"weight": 2, "random_weight": 0.29888434380134776, "id": 12}, {"weight": 2, "random_weight": 0.7754196910740037, "id": 18}, {"weight": 1, "random_weight": 0.03367819116965287, "id": 25}, {"weight": 3, "random_weight": 0.04539597447341037, "id": 33}], [{"weight": 1, "random_weight": 0.8389425622147004, "id": 0}, {"weight": 2, "random_weight": 0.6132550544851381, "id": 3}, {"weight": 2, "random_weight": 0.29888434380134776, "id": 11}, {"weight": 1, "random_weight": 0.22317345520406107, "id": 23}, {"weight": 2, "random_weight": 0.2812418013173025, "id": 31}], [{"weight": 1, "random_weight": 0.7504692250832363, "id": 3}, {"weight": 3, "random_weight": 0.6115891346844764, "id": 9}, {"weight": 1, "random_weight": 0.3881215838658475, "id": 10}, {"weight": 3, "random_weight": 0.5111431854716697, "id": 14}, {"weight": 1, "random_weight": 0.6491774604194038, "id": 35}], [{"weight": 1, "random_weight": 0.7026163792354161, "id": 3}, {"weight": 1, "random_weight": 0.9002077024377821, "id": 4}, {"weight": 3, "random_weight": 0.5111431854716697, "id": 13}, {"weight": 2, "random_weight": 0.057625412972696965, "id": 19}, {"weight": 2, "random_weight": 0.1379569918857737, "id": 34}], [{"weight": 2, "random_weight": 0.7943582001200511, "id": 27}, {"weight": 2, "random_weight": 0.9740119276926646, "id": 28}], [{"weight": 2, "random_weight": 0.3765901092563363, "id": 17}, {"weight": 2, "random_weight": 0.6004319400405038, "id": 29}, {"weight": 2, "random_weight": 0.09251427879683594, "id": 30}], [{"weight": 2, "random_weight": 0.3765901092563363, "id": 16}, {"weight": 2, "random_weight": 0.6461746236724124, "id": 22}, {"weight": 2, "random_weight": 0.6901132577674467, "id": 24}], [{"weight": 1, "random_weight": 0.35983163585198474, "id": 0}, {"weight": 3, "random_weight": 0.6715647386034627, "id": 2}, {"weight": 2, "random_weight": 0.7754196910740037, "id": 11}, {"weight": 2, "random_weight": 0.7050549253287023, "id": 20}, {"weight": 1, "random_weight": 0.5064090947968838, "id": 21}, {"weight": 1, "random_weight": 0.550470271700386, "id": 25}], [{"weight": 2, "random_weight": 0.057625412972696965, "id": 14}, {"weight": 2, "random_weight": 0.6076298755636623, "id": 27}, {"weight": 2, "random_weight": 0.9223994819187293, "id": 34}], [{"weight": 2, "random_weight": 0.7050549253287023, "id": 18}, {"weight": 2, "random_weight": 0.37471015663102003, "id": 21}, {"weight": 1, "random_weight": 0.7131052598608231, "id": 25}], [{"weight": 3, "random_weight": 0.8594794768427466, "id": 2}, {"weight": 1, "random_weight": 0.5064090947968838, "id": 18}, {"weight": 2, "random_weight": 0.37471015663102003, "id": 20}], [{"weight": 2, "random_weight": 0.8384121890741792, "id": 5}, {"weight": 2, "random_weight": 0.32728820826859395, "id": 6}, {"weight": 2, "random_weight": 0.6461746236724124, "id": 17}, {"weight": 2, "random_weight": 0.7724621534382883, "id": 30}], [{"weight": 2, "random_weight": 0.5357460629274887, "id": 0}, {"weight": 2, "random_weight": 0.7486718548204772, "id": 1}, {"weight": 2, "random_weight": 0.7260569268530832, "id": 6}, {"weight": 1, "random_weight": 0.22317345520406107, "id": 12}, {"weight": 1, "random_weight": 0.9268381770079688, "id": 31}], [{"weight": 2, "random_weight": 0.16758520463090398, "id": 5}, {"weight": 2, "random_weight": 0.6901132577674467, "id": 17}], [{"weight": 1, "random_weight": 0.03367819116965287, "id": 11}, {"weight": 1, "random_weight": 0.550470271700386, "id": 18}, {"weight": 1, "random_weight": 0.7131052598608231, "id": 20}, {"weight": 1, "random_weight": 0.13854100237117617, "id": 26}, {"weight": 3, "random_weight": 0.4628406640606011, "id": 33}], [{"weight": 1, "random_weight": 0.12656334031230587, "id": 7}, {"weight": 1, "random_weight": 0.8566833892289473, "id": 8}, {"weight": 2, "random_weight": 0.11927646280294413, "id": 10}, {"weight": 1, "random_weight": 0.13854100237117617, "id": 25}, {"weight": 1, "random_weight": 0.29283919394243363, "id": 33}], [{"weight": 2, "random_weight": 0.7943582001200511, "id": 15}, {"weight": 2, "random_weight": 0.6076298755636623, "id": 19}, {"weight": 2, "random_weight": 0.531726374960159, "id": 28}, {"weight": 1, "random_weight": 0.7367538770389922, "id": 32}, {"weight": 2, "random_weight": 0.46293157573612653, "id": 34}], [{"weight": 2, "random_weight": 0.9740119276926646, "id": 15}, {"weight": 2, "random_weight": 0.531726374960159, "id": 27}, {"weight": 2, "random_weight": 0.9315859076287685, "id": 29}], [{"weight": 2, "random_weight": 0.6004319400405038, "id": 16}, {"weight": 2, "random_weight": 0.9315859076287685, "id": 28}, {"weight": 2, "random_weight": 0.21095367425377076, "id": 32}], [{"weight": 2, "random_weight": 0.09251427879683594, "id": 16}, {"weight": 2, "random_weight": 0.7724621534382883, "id": 22}, {"weight": 2, "random_weight": 0.6638783708615142, "id": 31}, {"weight": 2, "random_weight": 0.43142678028545167, "id": 32}], [{"weight": 1, "random_weight": 0.46271557427844945, "id": 4}, {"weight": 1, "random_weight": 0.6607334074453527, "id": 6}, {"weight": 2, "random_weight": 0.2812418013173025, "id": 12}, {"weight": 1, "random_weight": 0.9268381770079688, "id": 23}, {"weight": 2, "random_weight": 0.6638783708615142, "id": 30}, {"weight": 1, "random_weight": 0.6953450149134828, "id": 32}], [{"weight": 4, "random_weight": 0.48233471470447287, "id": 4}, {"weight": 1, "random_weight": 0.7367538770389922, "id": 27}, {"weight": 2, "random_weight": 0.21095367425377076, "id": 29}, {"weight": 2, "random_weight": 0.43142678028545167, "id": 30}, {"weight": 1, "random_weight": 0.6953450149134828, "id": 31}], [{"weight": 1, "random_weight": 0.7616023102423264, "id": 3}, {"weight": 1, "random_weight": 0.9582589828471447, "id": 10}, {"weight": 3, "random_weight": 0.04539597447341037, "id": 11}, {"weight": 3, "random_weight": 0.4628406640606011, "id": 25}, {"weight": 1, "random_weight": 0.29283919394243363, "id": 26}, {"weight": 1, "random_weight": 0.48014581562276015, "id": 35}], [{"weight": 2, "random_weight": 0.07140877832241166, "id": 4}, {"weight": 2, "random_weight": 0.1379569918857737, "id": 14}, {"weight": 2, "random_weight": 0.9223994819187293, "id": 19}, {"weight": 2, "random_weight": 0.46293157573612653, "id": 27}], [{"weight": 3, "random_weight": 0.5063383972613158, "id": 3}, {"weight": 3, "random_weight": 0.9228275289861745, "id": 10}, {"weight": 1, "random_weight": 0.6491774604194038, "id": 13}, {"weight": 1, "random_weight": 0.48014581562276015, "id": 33}]]}