{"directed": false, "multigraph": false, "graph": [], "nodes": [{"graph": null, "nnodes": 4, "nedges": 4, "density": 0.6666666666666666, "atomics": "[16, 17, 4, 5]", "group_pop": 4, "init_part_assignment": 2, "id": 0}, {"graph": null, "nnodes": 4, "nedges": 3, "density": 0.5, "atomics": "[3, 13, 14, 15]", "group_pop": 4, "init_part_assignment": 2, "id": 1}, {"graph": null, "nnodes": 4, "nedges": 4, "density": 0.6666666666666666, "atomics": "[88, 89, 100, 101]", "group_pop": 4, "init_part_assignment": 10, "id": 2}, {"graph": null, "nnodes": 4, "nedges": 3, "density": 0.5, "atomics": "[78, 90, 66, 102]", "group_pop": 4, "init_part_assignment": 10, "id": 3}, {"graph": null, "nnodes": 4, "nedges": 3, "density": 0.5, "atomics": "[65, 77, 76, 53]", "group_pop": 4, "init_part_assignment": 10, "id": 4}, {"graph": null, "nnodes": 4, "nedges": 3, "density": 0.5, "atomics": "[8, 9, 32, 20]", "group_pop": 4, "init_part_assignment": 5, "id": 5}, {"graph": null, "nnodes": 4, "nedges": 4, "density": 0.6666666666666666, "atomics": "[33, 34, 21, 22]", "group_pop": 4, "init_part_assignment": 5, "id": 6}, {"graph": null, "nnodes": 4, "nedges": 4, "density": 0.6666666666666666, "atomics": "[18, 19, 6, 7]", "group_pop": 4, "init_part_assignment": 7, "id": 7}, {"graph": null, "nnodes": 4, "nedges": 3, "density": 0.5, "atomics": "[121, 132, 133, 134]", "group_pop": 4, "init_part_assignment": 8, "id": 8}, {"graph": null, "nnodes": 4, "nedges": 3, "density": 0.5, "atomics": "[120, 108, 109, 110]", "group_pop": 4, "init_part_assignment": 3, "id": 9}, {"graph": null, "nnodes": 4, "nedges": 3, "density": 0.5, "atomics": "[38, 50, 62, 39]", "group_pop": 4, "init_part_assignment": 6, "id": 10}, {"graph": null, "nnodes": 4, "nedges": 4, "density": 0.6666666666666666, "atomics": "[64, 51, 52, 63]", "group_pop": 4, "init_part_assignment": 6, "id": 11}, {"graph": null, "nnodes": 4, "nedges": 3, "density": 0.5, "atomics": "[136, 137, 138, 139]", "group_pop": 4, "init_part_assignment": 8, "id": 12}, {"graph": null, "nnodes": 4, "nedges": 3, "density": 0.5, "atomics": "[128, 125, 126, 127]", "group_pop": 4, "init_part_assignment": 9, "id": 13}, {"graph": null, "nnodes": 4, "nedges": 4, "density": 0.6666666666666666, "atomics": "[130, 131, 142, 143]", "group_pop": 4, "init_part_assignment": 4, "id": 14}, {"graph": null, "nnodes": 4, "nedges": 4, "density": 0.6666666666666666, "atomics": "[57, 58, 45, 46]", "group_pop": 4, "init_part_assignment": 1, "id": 15}, {"graph": null, "nnodes": 4, "nedges": 3, "density": 0.5, "atomics": "[59, 83, 47, 71]", "group_pop": 4, "init_part_assignment": 1, "id": 16}, {"graph": null, "nnodes": 4, "nedges": 3, "density": 0.5, "atomics": "[40, 26, 27, 28]", "group_pop": 4, "init_part_assignment": 6, "id": 17}, {"graph": null, "nnodes": 4, "nedges": 3, "density": 0.5, "atomics": "[122, 123, 124, 135]", "group_pop": 4, "init_part_assignment": 8, "id": 18}, {"graph": null, "nnodes": 4, "nedges": 3, "density": 0.5, "atomics": "[129, 140, 117, 141]", "group_pop": 4, "init_part_assignment": 4, "id": 19}, {"graph": null, "nnodes": 4, "nedges": 3, "density": 0.5, "atomics": "[24, 25, 37, 49]", "group_pop": 4, "init_part_assignment": 11, "id": 20}, {"graph": null, "nnodes": 4, "nedges": 3, "density": 0.5, "atomics": "[0, 1, 2, 12]", "group_pop": 4, "init_part_assignment": 2, "id": 21}, {"graph": null, "nnodes": 4, "nedges": 3, "density": 0.5, "atomics": "[42, 43, 44, 54]", "group_pop": 4, "init_part_assignment": 7, "id": 22}, {"graph": null, "nnodes": 4, "nedges": 3, "density": 0.5, "atomics": "[41, 29, 30, 31]", "group_pop": 4, "init_part_assignment": 7, "id": 23}, {"graph": null, "nnodes": 4, "nedges": 3, "density": 0.5, "atomics": "[11, 10, 35, 23]", "group_pop": 4, "init_part_assignment": 5, "id": 24}, {"graph": null, "nnodes": 4, "nedges": 3, "density": 0.5, "atomics": "[72, 73, 74, 75]", "group_pop": 4, "init_part_assignment": 11, "id": 25}, {"graph": null, "nnodes": 4, "nedges": 3, "density": 0.5, "atomics": "[48, 60, 61, 36]", "group_pop": 4, "init_part_assignment": 11, "id": 26}, {"graph": null, "nnodes": 4, "nedges": 4, "density": 0.6666666666666666, "atomics": "[96, 97, 84, 85]", "group_pop": 4, "init_part_assignment": 3, "id": 27}, {"graph": null, "nnodes": 4, "nedges": 4, "density": 0.6666666666666666, "atomics": "[106, 107, 118, 119]", "group_pop": 4, "init_part_assignment": 4, "id": 28}, {"graph": null, "nnodes": 4, "nedges": 3, "density": 0.5, "atomics": "[105, 93, 94, 95]", "group_pop": 4, "init_part_assignment": 1, "id": 29}, {"graph": null, "nnodes": 4, "nedges": 4, "density": 0.6666666666666666, "atomics": "[56, 67, 68, 55]", "group_pop": 4, "init_part_assignment": 0, "id": 30}, {"graph": null, "nnodes": 4, "nedges": 4, "density": 0.6666666666666666, "atomics": "[81, 82, 69, 70]", "group_pop": 4, "init_part_assignment": 0, "id": 31}, {"graph": null, "nnodes": 4, "nedges": 4, "density": 0.6666666666666666, "atomics": "[98, 99, 86, 87]", "group_pop": 4, "init_part_assignment": 3, "id": 32}, {"graph": null, "nnodes": 4, "nedges": 4, "density": 0.6666666666666666, "atomics": "[80, 91, 92, 79]", "group_pop": 4, "init_part_assignment": 0, "id": 33}, {"graph": null, "nnodes": 4, "nedges": 4, "density": 0.6666666666666666, "atomics": "[104, 115, 116, 103]", "group_pop": 4, "init_part_assignment": 9, "id": 34}, {"graph": null, "nnodes": 4, "nedges": 3, "density": 0.5, "atomics": "[112, 113, 114, 111]", "group_pop": 4, "init_part_assignment": 9, "id": 35}], "adjacency": [[{"weight": 2, "random_weight": 0.27771475952686686, "id": 1}, {"weight": 2, "random_weight": 0.027181299596505726, "id": 7}, {"weight": 1, "random_weight": 0.8333290428570332, "id": 17}, {"weight": 1, "random_weight": 0.7046449628225032, "id": 23}], [{"weight": 2, "random_weight": 0.27771475952686686, "id": 0}, {"weight": 2, "random_weight": 0.573411723382945, "id": 17}, {"weight": 1, "random_weight": 0.8680361235365432, "id": 20}, {"weight": 4, "random_weight": 0.44787554442863087, "id": 21}], [{"weight": 2, "random_weight": 0.9747685729070658, "id": 3}, {"weight": 2, "random_weight": 0.7057153865282113, "id": 4}, {"weight": 2, "random_weight": 0.6156524904617106, "id": 32}, {"weight": 2, "random_weight": 0.9176484916112053, "id": 35}], [{"weight": 2, "random_weight": 0.9747685729070658, "id": 2}, {"weight": 2, "random_weight": 0.7485435730358445, "id": 4}, {"weight": 1, "random_weight": 0.8949860613065763, "id": 22}, {"weight": 1, "random_weight": 0.28887341734596617, "id": 30}, {"weight": 2, "random_weight": 0.11805442661268406, "id": 33}, {"weight": 1, "random_weight": 0.9576551360595217, "id": 34}, {"weight": 1, "random_weight": 0.9763842504641647, "id": 35}], [{"weight": 2, "random_weight": 0.7057153865282113, "id": 2}, {"weight": 2, "random_weight": 0.7485435730358445, "id": 3}, {"weight": 3, "random_weight": 0.34195683949038014, "id": 11}, {"weight": 1, "random_weight": 0.24203001976568572, "id": 22}, {"weight": 1, "random_weight": 0.44409582385675617, "id": 23}, {"weight": 1, "random_weight": 0.8712916507431805, "id": 25}], [{"weight": 3, "random_weight": 0.48873653850373766, "id": 6}, {"weight": 2, "random_weight": 0.6602657408428769, "id": 7}, {"weight": 1, "random_weight": 0.9951868911319036, "id": 22}, {"weight": 1, "random_weight": 0.534640411313459, "id": 23}, {"weight": 1, "random_weight": 0.018340287608382133, "id": 24}], [{"weight": 3, "random_weight": 0.48873653850373766, "id": 5}, {"weight": 2, "random_weight": 0.30595690787091934, "id": 15}, {"weight": 3, "random_weight": 0.16997841152012716, "id": 24}], [{"weight": 2, "random_weight": 0.027181299596505726, "id": 0}, {"weight": 2, "random_weight": 0.6602657408428769, "id": 5}, {"weight": 2, "random_weight": 0.5440750707983184, "id": 23}], [{"weight": 3, "random_weight": 0.7311612284407557, "id": 9}, {"weight": 3, "random_weight": 0.4227625156856234, "id": 18}], [{"weight": 3, "random_weight": 0.7311612284407557, "id": 8}, {"weight": 1, "random_weight": 0.03696330597093811, "id": 18}, {"weight": 2, "random_weight": 0.10894384134400548, "id": 27}, {"weight": 1, "random_weight": 0.5121558962564774, "id": 32}, {"weight": 1, "random_weight": 0.3817176088614386, "id": 35}], [{"weight": 3, "random_weight": 0.7266909645532663, "id": 11}, {"weight": 3, "random_weight": 0.17680222529235723, "id": 17}, {"weight": 2, "random_weight": 0.3945464996540724, "id": 20}, {"weight": 1, "random_weight": 0.2664445312621707, "id": 25}, {"weight": 1, "random_weight": 0.7701682290263715, "id": 26}], [{"weight": 3, "random_weight": 0.34195683949038014, "id": 4}, {"weight": 3, "random_weight": 0.7266909645532663, "id": 10}, {"weight": 1, "random_weight": 0.012223808275658277, "id": 17}, {"weight": 1, "random_weight": 0.7289123760333843, "id": 25}], [{"weight": 3, "random_weight": 0.6231879330718433, "id": 13}, {"weight": 2, "random_weight": 0.0986381882771098, "id": 18}, {"weight": 1, "random_weight": 0.8639918924011681, "id": 19}], [{"weight": 3, "random_weight": 0.6231879330718433, "id": 12}, {"weight": 1, "random_weight": 0.4590066236247424, "id": 18}, {"weight": 2, "random_weight": 0.3340391809814044, "id": 19}, {"weight": 2, "random_weight": 0.9473252450171956, "id": 34}, {"weight": 2, "random_weight": 0.9808492676147603, "id": 35}], [{"weight": 2, "random_weight": 0.4000580468388726, "id": 19}, {"weight": 2, "random_weight": 0.49717076790114845, "id": 28}], [{"weight": 2, "random_weight": 0.30595690787091934, "id": 6}, {"weight": 2, "random_weight": 0.06798345259439897, "id": 16}, {"weight": 1, "random_weight": 0.7441898991317253, "id": 22}, {"weight": 1, "random_weight": 0.29711738352498307, "id": 30}, {"weight": 2, "random_weight": 0.9514995780180006, "id": 31}], [{"weight": 2, "random_weight": 0.06798345259439897, "id": 15}, {"weight": 1, "random_weight": 0.772691465170645, "id": 24}, {"weight": 1, "random_weight": 0.2706475457217662, "id": 29}, {"weight": 2, "random_weight": 0.7061534437691722, "id": 31}], [{"weight": 1, "random_weight": 0.8333290428570332, "id": 0}, {"weight": 2, "random_weight": 0.573411723382945, "id": 1}, {"weight": 3, "random_weight": 0.17680222529235723, "id": 10}, {"weight": 1, "random_weight": 0.012223808275658277, "id": 11}, {"weight": 1, "random_weight": 0.8380788471144197, "id": 20}, {"weight": 2, "random_weight": 0.8238960458520638, "id": 23}], [{"weight": 3, "random_weight": 0.4227625156856234, "id": 8}, {"weight": 1, "random_weight": 0.03696330597093811, "id": 9}, {"weight": 2, "random_weight": 0.0986381882771098, "id": 12}, {"weight": 1, "random_weight": 0.4590066236247424, "id": 13}, {"weight": 2, "random_weight": 0.4500908974698685, "id": 35}], [{"weight": 1, "random_weight": 0.8639918924011681, "id": 12}, {"weight": 2, "random_weight": 0.3340391809814044, "id": 13}, {"weight": 2, "random_weight": 0.4000580468388726, "id": 14}, {"weight": 1, "random_weight": 0.6033487599290044, "id": 28}, {"weight": 1, "random_weight": 0.7693197441809358, "id": 29}, {"weight": 1, "random_weight": 0.9331732604577413, "id": 34}], [{"weight": 1, "random_weight": 0.8680361235365432, "id": 1}, {"weight": 2, "random_weight": 0.3945464996540724, "id": 10}, {"weight": 1, "random_weight": 0.8380788471144197, "id": 17}, {"weight": 1, "random_weight": 0.8800711966064385, "id": 21}, {"weight": 4, "random_weight": 0.8705663677964874, "id": 26}], [{"weight": 4, "random_weight": 0.44787554442863087, "id": 1}, {"weight": 1, "random_weight": 0.8800711966064385, "id": 20}], [{"weight": 1, "random_weight": 0.8949860613065763, "id": 3}, {"weight": 1, "random_weight": 0.24203001976568572, "id": 4}, {"weight": 1, "random_weight": 0.9951868911319036, "id": 5}, {"weight": 1, "random_weight": 0.7441898991317253, "id": 15}, {"weight": 3, "random_weight": 0.19516183806511, "id": 23}, {"weight": 3, "random_weight": 0.24944782238165109, "id": 30}], [{"weight": 1, "random_weight": 0.7046449628225032, "id": 0}, {"weight": 1, "random_weight": 0.44409582385675617, "id": 4}, {"weight": 1, "random_weight": 0.534640411313459, "id": 5}, {"weight": 2, "random_weight": 0.5440750707983184, "id": 7}, {"weight": 2, "random_weight": 0.8238960458520638, "id": 17}, {"weight": 3, "random_weight": 0.19516183806511, "id": 22}], [{"weight": 1, "random_weight": 0.018340287608382133, "id": 5}, {"weight": 3, "random_weight": 0.16997841152012716, "id": 6}, {"weight": 1, "random_weight": 0.772691465170645, "id": 16}], [{"weight": 1, "random_weight": 0.8712916507431805, "id": 4}, {"weight": 1, "random_weight": 0.2664445312621707, "id": 10}, {"weight": 1, "random_weight": 0.7289123760333843, "id": 11}, {"weight": 2, "random_weight": 0.24509236260356015, "id": 26}, {"weight": 2, "random_weight": 0.6758155962581684, "id": 27}, {"weight": 2, "random_weight": 0.5432601996201301, "id": 32}], [{"weight": 1, "random_weight": 0.7701682290263715, "id": 10}, {"weight": 4, "random_weight": 0.8705663677964874, "id": 20}, {"weight": 2, "random_weight": 0.24509236260356015, "id": 25}], [{"weight": 2, "random_weight": 0.10894384134400548, "id": 9}, {"weight": 2, "random_weight": 0.6758155962581684, "id": 25}, {"weight": 2, "random_weight": 0.6699054282802472, "id": 32}], [{"weight": 2, "random_weight": 0.49717076790114845, "id": 14}, {"weight": 1, "random_weight": 0.6033487599290044, "id": 19}, {"weight": 3, "random_weight": 0.888390864028383, "id": 29}], [{"weight": 1, "random_weight": 0.2706475457217662, "id": 16}, {"weight": 1, "random_weight": 0.7693197441809358, "id": 19}, {"weight": 3, "random_weight": 0.888390864028383, "id": 28}, {"weight": 2, "random_weight": 0.6194683075853791, "id": 31}, {"weight": 1, "random_weight": 0.7399566563847233, "id": 33}, {"weight": 1, "random_weight": 0.5682862686878578, "id": 34}], [{"weight": 1, "random_weight": 0.28887341734596617, "id": 3}, {"weight": 1, "random_weight": 0.29711738352498307, "id": 15}, {"weight": 3, "random_weight": 0.24944782238165109, "id": 22}, {"weight": 1, "random_weight": 0.7842118666441046, "id": 31}, {"weight": 2, "random_weight": 0.19840670264640858, "id": 33}], [{"weight": 2, "random_weight": 0.9514995780180006, "id": 15}, {"weight": 2, "random_weight": 0.7061534437691722, "id": 16}, {"weight": 2, "random_weight": 0.6194683075853791, "id": 29}, {"weight": 1, "random_weight": 0.7842118666441046, "id": 30}, {"weight": 1, "random_weight": 0.4324062938517992, "id": 33}], [{"weight": 2, "random_weight": 0.6156524904617106, "id": 2}, {"weight": 1, "random_weight": 0.5121558962564774, "id": 9}, {"weight": 2, "random_weight": 0.5432601996201301, "id": 25}, {"weight": 2, "random_weight": 0.6699054282802472, "id": 27}, {"weight": 1, "random_weight": 0.7327383768287258, "id": 35}], [{"weight": 2, "random_weight": 0.11805442661268406, "id": 3}, {"weight": 1, "random_weight": 0.7399566563847233, "id": 29}, {"weight": 2, "random_weight": 0.19840670264640858, "id": 30}, {"weight": 1, "random_weight": 0.4324062938517992, "id": 31}, {"weight": 2, "random_weight": 0.637564371516048, "id": 34}], [{"weight": 1, "random_weight": 0.9576551360595217, "id": 3}, {"weight": 2, "random_weight": 0.9473252450171956, "id": 13}, {"weight": 1, "random_weight": 0.9331732604577413, "id": 19}, {"weight": 1, "random_weight": 0.5682862686878578, "id": 29}, {"weight": 2, "random_weight": 0.637564371516048, "id": 33}, {"weight": 1, "random_weight": 0.43847069530779936, "id": 35}], [{"weight": 2, "random_weight": 0.9176484916112053, "id": 2}, {"weight": 1, "random_weight": 0.9763842504641647, "id": 3}, {"weight": 1, "random_weight": 0.3817176088614386, "id": 9}, {"weight": 2, "random_weight": 0.9808492676147603, "id": 13}, {"weight": 2, "random_weight": 0.4500908974698685, "id": 18}, {"weight": 1, "random_weight": 0.7327383768287258, "id": 32}, {"weight": 1, "random_weight": 0.43847069530779936, "id": 34}]]}