{"directed": false, "multigraph": false, "graph": [], "nodes": [{"graph": null, "nnodes": 4, "nedges": 3, "density": 0.5, "atomics": "[16, 4, 5, 6]", "group_pop": 4, "init_part_assignment": 5, "id": 0}, {"graph": null, "nnodes": 4, "nedges": 4, "density": 0.6666666666666666, "atomics": "[17, 18, 29, 30]", "group_pop": 4, "init_part_assignment": 10, "id": 1}, {"graph": null, "nnodes": 4, "nedges": 3, "density": 0.5, "atomics": "[12, 13, 14, 15]", "group_pop": 4, "init_part_assignment": 5, "id": 2}, {"graph": null, "nnodes": 4, "nedges": 4, "density": 0.6666666666666666, "atomics": "[88, 89, 100, 101]", "group_pop": 4, "init_part_assignment": 9, "id": 3}, {"graph": null, "nnodes": 4, "nedges": 3, "density": 0.5, "atomics": "[78, 90, 102, 103]", "group_pop": 4, "init_part_assignment": 0, "id": 4}, {"graph": null, "nnodes": 4, "nedges": 4, "density": 0.6666666666666666, "atomics": "[64, 65, 76, 77]", "group_pop": 4, "init_part_assignment": 9, "id": 5}, {"graph": null, "nnodes": 4, "nedges": 4, "density": 0.6666666666666666, "atomics": "[8, 19, 20, 7]", "group_pop": 4, "init_part_assignment": 2, "id": 6}, {"graph": null, "nnodes": 4, "nedges": 3, "density": 0.5, "atomics": "[9, 10, 11, 23]", "group_pop": 4, "init_part_assignment": 2, "id": 7}, {"graph": null, "nnodes": 4, "nedges": 4, "density": 0.6666666666666666, "atomics": "[33, 34, 21, 22]", "group_pop": 4, "init_part_assignment": 3, "id": 8}, {"graph": null, "nnodes": 4, "nedges": 4, "density": 0.6666666666666666, "atomics": "[120, 121, 132, 133]", "group_pop": 4, "init_part_assignment": 1, "id": 9}, {"graph": null, "nnodes": 4, "nedges": 3, "density": 0.5, "atomics": "[136, 137, 134, 135]", "group_pop": 4, "init_part_assignment": 1, "id": 10}, {"graph": null, "nnodes": 4, "nedges": 3, "density": 0.5, "atomics": "[96, 108, 85, 84]", "group_pop": 4, "init_part_assignment": 1, "id": 11}, {"graph": null, "nnodes": 4, "nedges": 3, "density": 0.5, "atomics": "[97, 98, 99, 109]", "group_pop": 4, "init_part_assignment": 4, "id": 12}, {"graph": null, "nnodes": 4, "nedges": 4, "density": 0.6666666666666666, "atomics": "[122, 123, 110, 111]", "group_pop": 4, "init_part_assignment": 4, "id": 13}, {"graph": null, "nnodes": 4, "nedges": 3, "density": 0.5, "atomics": "[38, 50, 62, 39]", "group_pop": 4, "init_part_assignment": 10, "id": 14}, {"graph": null, "nnodes": 4, "nedges": 3, "density": 0.5, "atomics": "[51, 52, 53, 63]", "group_pop": 4, "init_part_assignment": 11, "id": 15}, {"graph": null, "nnodes": 4, "nedges": 3, "density": 0.5, "atomics": "[128, 138, 139, 140]", "group_pop": 4, "init_part_assignment": 6, "id": 16}, {"graph": null, "nnodes": 4, "nedges": 3, "density": 0.5, "atomics": "[124, 125, 126, 127]", "group_pop": 4, "init_part_assignment": 6, "id": 17}, {"graph": null, "nnodes": 4, "nedges": 4, "density": 0.6666666666666666, "atomics": "[129, 130, 117, 118]", "group_pop": 4, "init_part_assignment": 8, "id": 18}, {"graph": null, "nnodes": 4, "nedges": 3, "density": 0.5, "atomics": "[131, 141, 142, 143]", "group_pop": 4, "init_part_assignment": 6, "id": 19}, {"graph": null, "nnodes": 4, "nedges": 3, "density": 0.5, "atomics": "[46, 58, 45, 70]", "group_pop": 4, "init_part_assignment": 3, "id": 20}, {"graph": null, "nnodes": 4, "nedges": 3, "density": 0.5, "atomics": "[59, 35, 47, 71]", "group_pop": 4, "init_part_assignment": 2, "id": 21}, {"graph": null, "nnodes": 4, "nedges": 3, "density": 0.5, "atomics": "[40, 41, 42, 28]", "group_pop": 4, "init_part_assignment": 10, "id": 22}, {"graph": null, "nnodes": 4, "nedges": 3, "density": 0.5, "atomics": "[24, 25, 26, 27]", "group_pop": 4, "init_part_assignment": 7, "id": 23}, {"graph": null, "nnodes": 4, "nedges": 3, "density": 0.5, "atomics": "[0, 1, 2, 3]", "group_pop": 4, "init_part_assignment": 5, "id": 24}, {"graph": null, "nnodes": 4, "nedges": 4, "density": 0.6666666666666666, "atomics": "[32, 43, 44, 31]", "group_pop": 4, "init_part_assignment": 11, "id": 25}, {"graph": null, "nnodes": 4, "nedges": 4, "density": 0.6666666666666666, "atomics": "[72, 73, 60, 61]", "group_pop": 4, "init_part_assignment": 7, "id": 26}, {"graph": null, "nnodes": 4, "nedges": 4, "density": 0.6666666666666666, "atomics": "[48, 49, 36, 37]", "group_pop": 4, "init_part_assignment": 7, "id": 27}, {"graph": null, "nnodes": 4, "nedges": 3, "density": 0.5, "atomics": "[81, 82, 83, 93]", "group_pop": 4, "init_part_assignment": 3, "id": 28}, {"graph": null, "nnodes": 4, "nedges": 3, "density": 0.5, "atomics": "[107, 95, 94, 119]", "group_pop": 4, "init_part_assignment": 8, "id": 29}, {"graph": null, "nnodes": 4, "nedges": 3, "density": 0.5, "atomics": "[104, 105, 106, 116]", "group_pop": 4, "init_part_assignment": 8, "id": 30}, {"graph": null, "nnodes": 4, "nedges": 3, "density": 0.5, "atomics": "[56, 57, 54, 55]", "group_pop": 4, "init_part_assignment": 11, "id": 31}, {"graph": null, "nnodes": 4, "nedges": 4, "density": 0.6666666666666666, "atomics": "[74, 75, 86, 87]", "group_pop": 4, "init_part_assignment": 4, "id": 32}, {"graph": null, "nnodes": 4, "nedges": 3, "density": 0.5, "atomics": "[66, 67, 68, 69]", "group_pop": 4, "init_part_assignment": 0, "id": 33}, {"graph": null, "nnodes": 4, "nedges": 4, "density": 0.6666666666666666, "atomics": "[80, 91, 92, 79]", "group_pop": 4, "init_part_assignment": 0, "id": 34}, {"graph": null, "nnodes": 4, "nedges": 3, "density": 0.5, "atomics": "[112, 113, 114, 115]", "group_pop": 4, "init_part_assignment": 9, "id": 35}], "adjacency": [[{"weight": 3, "random_weight": 0.7499989131093194, "id": 1}, {"weight": 1, "random_weight": 0.10771480585845972, "id": 2}, {"weight": 1, "random_weight": 0.8124348538270464, "id": 6}, {"weight": 1, "random_weight": 0.5842805868346026, "id": 22}, {"weight": 1, "random_weight": 0.39472976593140907, "id": 24}], [{"weight": 3, "random_weight": 0.7499989131093194, "id": 0}, {"weight": 1, "random_weight": 0.8254721118568374, "id": 6}, {"weight": 3, "random_weight": 0.8884343962665803, "id": 22}, {"weight": 1, "random_weight": 0.9285199492524007, "id": 25}], [{"weight": 1, "random_weight": 0.10771480585845972, "id": 0}, {"weight": 4, "random_weight": 0.16115055148909074, "id": 23}, {"weight": 4, "random_weight": 0.011118708107326514, "id": 24}], [{"weight": 2, "random_weight": 0.45662993604644087, "id": 4}, {"weight": 2, "random_weight": 0.7266732890112791, "id": 5}, {"weight": 1, "random_weight": 0.8359220934523788, "id": 12}, {"weight": 1, "random_weight": 0.8943220847647657, "id": 32}, {"weight": 2, "random_weight": 0.6526700451327838, "id": 35}], [{"weight": 2, "random_weight": 0.45662993604644087, "id": 3}, {"weight": 1, "random_weight": 0.7027699919799437, "id": 5}, {"weight": 1, "random_weight": 0.8228283175472785, "id": 30}, {"weight": 1, "random_weight": 0.2210571675486901, "id": 33}, {"weight": 3, "random_weight": 0.8287825929819771, "id": 34}, {"weight": 2, "random_weight": 0.7299529613045347, "id": 35}], [{"weight": 2, "random_weight": 0.7266732890112791, "id": 3}, {"weight": 1, "random_weight": 0.7027699919799437, "id": 4}, {"weight": 3, "random_weight": 0.25968310002558526, "id": 15}, {"weight": 1, "random_weight": 0.4033162305440141, "id": 32}, {"weight": 1, "random_weight": 0.5192316915089217, "id": 33}], [{"weight": 1, "random_weight": 0.8124348538270464, "id": 0}, {"weight": 1, "random_weight": 0.8254721118568374, "id": 1}, {"weight": 1, "random_weight": 0.5223762538625036, "id": 7}, {"weight": 1, "random_weight": 0.8672577573136333, "id": 8}, {"weight": 2, "random_weight": 0.6369869482259475, "id": 25}], [{"weight": 1, "random_weight": 0.5223762538625036, "id": 6}, {"weight": 3, "random_weight": 0.547696918443097, "id": 8}, {"weight": 1, "random_weight": 0.22807128041487734, "id": 21}], [{"weight": 1, "random_weight": 0.8672577573136333, "id": 6}, {"weight": 3, "random_weight": 0.547696918443097, "id": 7}, {"weight": 2, "random_weight": 0.48571078461198414, "id": 20}, {"weight": 1, "random_weight": 0.23128690285512166, "id": 21}, {"weight": 1, "random_weight": 0.7237223728486062, "id": 25}], [{"weight": 1, "random_weight": 0.3622222369881799, "id": 10}, {"weight": 1, "random_weight": 0.2444984686331957, "id": 11}, {"weight": 1, "random_weight": 0.8452112343154724, "id": 12}, {"weight": 1, "random_weight": 0.7261064978578011, "id": 13}], [{"weight": 1, "random_weight": 0.3622222369881799, "id": 9}, {"weight": 2, "random_weight": 0.9920375056671431, "id": 13}, {"weight": 1, "random_weight": 0.3778609663577729, "id": 16}, {"weight": 2, "random_weight": 0.28481949545568097, "id": 17}], [{"weight": 1, "random_weight": 0.2444984686331957, "id": 9}, {"weight": 3, "random_weight": 0.481860965611032, "id": 12}, {"weight": 2, "random_weight": 0.40805713067036964, "id": 26}, {"weight": 1, "random_weight": 0.8207133624915287, "id": 32}], [{"weight": 1, "random_weight": 0.8359220934523788, "id": 3}, {"weight": 1, "random_weight": 0.8452112343154724, "id": 9}, {"weight": 3, "random_weight": 0.481860965611032, "id": 11}, {"weight": 3, "random_weight": 0.16302070222676757, "id": 13}, {"weight": 2, "random_weight": 0.5236439909129093, "id": 32}], [{"weight": 1, "random_weight": 0.7261064978578011, "id": 9}, {"weight": 2, "random_weight": 0.9920375056671431, "id": 10}, {"weight": 3, "random_weight": 0.16302070222676757, "id": 12}, {"weight": 1, "random_weight": 0.947605897792954, "id": 17}, {"weight": 1, "random_weight": 0.8817833129618493, "id": 35}], [{"weight": 3, "random_weight": 0.6679144084565681, "id": 15}, {"weight": 1, "random_weight": 0.3383860179296252, "id": 22}, {"weight": 2, "random_weight": 0.14578200461720903, "id": 23}, {"weight": 1, "random_weight": 0.8868501378502099, "id": 26}, {"weight": 2, "random_weight": 0.46671973860306437, "id": 27}, {"weight": 1, "random_weight": 0.6869064325038511, "id": 32}], [{"weight": 3, "random_weight": 0.25968310002558526, "id": 5}, {"weight": 3, "random_weight": 0.6679144084565681, "id": 14}, {"weight": 2, "random_weight": 0.48419486515494814, "id": 22}, {"weight": 1, "random_weight": 0.09231015185955149, "id": 31}, {"weight": 1, "random_weight": 0.06406215683715033, "id": 32}], [{"weight": 1, "random_weight": 0.3778609663577729, "id": 10}, {"weight": 3, "random_weight": 0.2269804159341151, "id": 17}, {"weight": 1, "random_weight": 0.19195805083951178, "id": 18}, {"weight": 1, "random_weight": 0.14931994946999672, "id": 19}, {"weight": 1, "random_weight": 0.9597227653698931, "id": 30}], [{"weight": 2, "random_weight": 0.28481949545568097, "id": 10}, {"weight": 1, "random_weight": 0.947605897792954, "id": 13}, {"weight": 3, "random_weight": 0.2269804159341151, "id": 16}, {"weight": 4, "random_weight": 0.8110165200442448, "id": 35}], [{"weight": 1, "random_weight": 0.19195805083951178, "id": 16}, {"weight": 3, "random_weight": 0.581582766087219, "id": 19}, {"weight": 1, "random_weight": 0.7250175720971398, "id": 29}, {"weight": 3, "random_weight": 0.7900221719274891, "id": 30}], [{"weight": 1, "random_weight": 0.14931994946999672, "id": 16}, {"weight": 3, "random_weight": 0.581582766087219, "id": 18}, {"weight": 1, "random_weight": 0.22047150520295666, "id": 29}], [{"weight": 2, "random_weight": 0.48571078461198414, "id": 8}, {"weight": 3, "random_weight": 0.16670736670517883, "id": 21}, {"weight": 1, "random_weight": 0.9045004121729002, "id": 25}, {"weight": 1, "random_weight": 0.5561012253152705, "id": 28}, {"weight": 2, "random_weight": 0.26843157784051874, "id": 31}, {"weight": 1, "random_weight": 0.33285107524755664, "id": 33}], [{"weight": 1, "random_weight": 0.22807128041487734, "id": 7}, {"weight": 1, "random_weight": 0.23128690285512166, "id": 8}, {"weight": 3, "random_weight": 0.16670736670517883, "id": 20}, {"weight": 1, "random_weight": 0.5070551336044457, "id": 28}], [{"weight": 1, "random_weight": 0.5842805868346026, "id": 0}, {"weight": 3, "random_weight": 0.8884343962665803, "id": 1}, {"weight": 1, "random_weight": 0.3383860179296252, "id": 14}, {"weight": 2, "random_weight": 0.48419486515494814, "id": 15}, {"weight": 1, "random_weight": 0.803897315238097, "id": 23}, {"weight": 1, "random_weight": 0.7727644022057176, "id": 25}, {"weight": 1, "random_weight": 0.0641362069814575, "id": 31}], [{"weight": 4, "random_weight": 0.16115055148909074, "id": 2}, {"weight": 2, "random_weight": 0.14578200461720903, "id": 14}, {"weight": 1, "random_weight": 0.803897315238097, "id": 22}, {"weight": 2, "random_weight": 0.11206343330088586, "id": 27}], [{"weight": 1, "random_weight": 0.39472976593140907, "id": 0}, {"weight": 4, "random_weight": 0.011118708107326514, "id": 2}], [{"weight": 1, "random_weight": 0.9285199492524007, "id": 1}, {"weight": 2, "random_weight": 0.6369869482259475, "id": 6}, {"weight": 1, "random_weight": 0.7237223728486062, "id": 8}, {"weight": 1, "random_weight": 0.9045004121729002, "id": 20}, {"weight": 1, "random_weight": 0.7727644022057176, "id": 22}, {"weight": 2, "random_weight": 0.23672378073783118, "id": 31}], [{"weight": 2, "random_weight": 0.40805713067036964, "id": 11}, {"weight": 1, "random_weight": 0.8868501378502099, "id": 14}, {"weight": 2, "random_weight": 0.2045085625208649, "id": 27}, {"weight": 1, "random_weight": 0.9666477676090527, "id": 32}], [{"weight": 2, "random_weight": 0.46671973860306437, "id": 14}, {"weight": 2, "random_weight": 0.11206343330088586, "id": 23}, {"weight": 2, "random_weight": 0.2045085625208649, "id": 26}], [{"weight": 1, "random_weight": 0.5561012253152705, "id": 20}, {"weight": 1, "random_weight": 0.5070551336044457, "id": 21}, {"weight": 3, "random_weight": 0.9927506308431149, "id": 29}, {"weight": 1, "random_weight": 0.865228398543621, "id": 30}, {"weight": 1, "random_weight": 0.8585958045027076, "id": 33}, {"weight": 2, "random_weight": 0.9985981629188223, "id": 34}], [{"weight": 1, "random_weight": 0.7250175720971398, "id": 18}, {"weight": 1, "random_weight": 0.22047150520295666, "id": 19}, {"weight": 3, "random_weight": 0.9927506308431149, "id": 28}, {"weight": 2, "random_weight": 0.4286801318897635, "id": 30}], [{"weight": 1, "random_weight": 0.8228283175472785, "id": 4}, {"weight": 1, "random_weight": 0.9597227653698931, "id": 16}, {"weight": 3, "random_weight": 0.7900221719274891, "id": 18}, {"weight": 1, "random_weight": 0.865228398543621, "id": 28}, {"weight": 2, "random_weight": 0.4286801318897635, "id": 29}, {"weight": 1, "random_weight": 0.8424628516569651, "id": 34}, {"weight": 1, "random_weight": 0.13373392761095104, "id": 35}], [{"weight": 1, "random_weight": 0.09231015185955149, "id": 15}, {"weight": 2, "random_weight": 0.26843157784051874, "id": 20}, {"weight": 1, "random_weight": 0.0641362069814575, "id": 22}, {"weight": 2, "random_weight": 0.23672378073783118, "id": 25}, {"weight": 4, "random_weight": 0.4595120946739135, "id": 33}], [{"weight": 1, "random_weight": 0.8943220847647657, "id": 3}, {"weight": 1, "random_weight": 0.4033162305440141, "id": 5}, {"weight": 1, "random_weight": 0.8207133624915287, "id": 11}, {"weight": 2, "random_weight": 0.5236439909129093, "id": 12}, {"weight": 1, "random_weight": 0.6869064325038511, "id": 14}, {"weight": 1, "random_weight": 0.06406215683715033, "id": 15}, {"weight": 1, "random_weight": 0.9666477676090527, "id": 26}], [{"weight": 1, "random_weight": 0.2210571675486901, "id": 4}, {"weight": 1, "random_weight": 0.5192316915089217, "id": 5}, {"weight": 1, "random_weight": 0.33285107524755664, "id": 20}, {"weight": 1, "random_weight": 0.8585958045027076, "id": 28}, {"weight": 4, "random_weight": 0.4595120946739135, "id": 31}, {"weight": 2, "random_weight": 0.923153848974885, "id": 34}], [{"weight": 3, "random_weight": 0.8287825929819771, "id": 4}, {"weight": 2, "random_weight": 0.9985981629188223, "id": 28}, {"weight": 1, "random_weight": 0.8424628516569651, "id": 30}, {"weight": 2, "random_weight": 0.923153848974885, "id": 33}], [{"weight": 2, "random_weight": 0.6526700451327838, "id": 3}, {"weight": 2, "random_weight": 0.7299529613045347, "id": 4}, {"weight": 1, "random_weight": 0.8817833129618493, "id": 13}, {"weight": 4, "random_weight": 0.8110165200442448, "id": 17}, {"weight": 1, "random_weight": 0.13373392761095104, "id": 30}]]}