{"directed": false, "multigraph": false, "graph": [], "nodes": [{"graph": null, "nnodes": 4, "nedges": 3, "density": 0.5, "atomics": "[16, 4, 5, 6]", "group_pop": 4, "init_part_assignment": 3, "id": 0}, {"graph": null, "nnodes": 4, "nedges": 4, "density": 0.6666666666666666, "atomics": "[17, 18, 29, 30]", "group_pop": 4, "init_part_assignment": 1, "id": 1}, {"graph": null, "nnodes": 4, "nedges": 4, "density": 0.6666666666666666, "atomics": "[2, 3, 14, 15]", "group_pop": 4, "init_part_assignment": 3, "id": 2}, {"graph": null, "nnodes": 4, "nedges": 4, "density": 0.6666666666666666, "atomics": "[89, 90, 101, 102]", "group_pop": 4, "init_part_assignment": 11, "id": 3}, {"graph": null, "nnodes": 4, "nedges": 4, "density": 0.6666666666666666, "atomics": "[65, 66, 77, 78]", "group_pop": 4, "init_part_assignment": 7, "id": 4}, {"graph": null, "nnodes": 4, "nedges": 4, "density": 0.6666666666666666, "atomics": "[8, 19, 20, 7]", "group_pop": 4, "init_part_assignment": 0, "id": 5}, {"graph": null, "nnodes": 4, "nedges": 4, "density": 0.6666666666666666, "atomics": "[9, 10, 21, 22]", "group_pop": 4, "init_part_assignment": 0, "id": 6}, {"graph": null, "nnodes": 4, "nedges": 3, "density": 0.5, "atomics": "[121, 122, 123, 124]", "group_pop": 4, "init_part_assignment": 4, "id": 7}, {"graph": null, "nnodes": 4, "nedges": 3, "density": 0.5, "atomics": "[120, 132, 108, 96]", "group_pop": 4, "init_part_assignment": 4, "id": 8}, {"graph": null, "nnodes": 4, "nedges": 3, "density": 0.5, "atomics": "[136, 133, 134, 135]", "group_pop": 4, "init_part_assignment": 10, "id": 9}, {"graph": null, "nnodes": 4, "nedges": 3, "density": 0.5, "atomics": "[73, 109, 85, 97]", "group_pop": 4, "init_part_assignment": 4, "id": 10}, {"graph": null, "nnodes": 4, "nedges": 4, "density": 0.6666666666666666, "atomics": "[98, 99, 110, 111]", "group_pop": 4, "init_part_assignment": 8, "id": 11}, {"graph": null, "nnodes": 4, "nedges": 3, "density": 0.5, "atomics": "[49, 50, 38, 39]", "group_pop": 4, "init_part_assignment": 6, "id": 12}, {"graph": null, "nnodes": 4, "nedges": 4, "density": 0.6666666666666666, "atomics": "[64, 51, 52, 63]", "group_pop": 4, "init_part_assignment": 7, "id": 13}, {"graph": null, "nnodes": 4, "nedges": 4, "density": 0.6666666666666666, "atomics": "[137, 138, 125, 126]", "group_pop": 4, "init_part_assignment": 10, "id": 14}, {"graph": null, "nnodes": 4, "nedges": 3, "density": 0.5, "atomics": "[130, 107, 118, 106]", "group_pop": 4, "init_part_assignment": 2, "id": 15}, {"graph": null, "nnodes": 4, "nedges": 3, "density": 0.5, "atomics": "[143, 131, 142, 119]", "group_pop": 4, "init_part_assignment": 9, "id": 16}, {"graph": null, "nnodes": 4, "nedges": 3, "density": 0.5, "atomics": "[57, 58, 59, 71]", "group_pop": 4, "init_part_assignment": 5, "id": 17}, {"graph": null, "nnodes": 4, "nedges": 3, "density": 0.5, "atomics": "[32, 33, 34, 46]", "group_pop": 4, "init_part_assignment": 0, "id": 18}, {"graph": null, "nnodes": 4, "nedges": 3, "density": 0.5, "atomics": "[11, 35, 47, 23]", "group_pop": 4, "init_part_assignment": 5, "id": 19}, {"graph": null, "nnodes": 4, "nedges": 3, "density": 0.5, "atomics": "[40, 26, 27, 28]", "group_pop": 4, "init_part_assignment": 3, "id": 20}, {"graph": null, "nnodes": 4, "nedges": 4, "density": 0.6666666666666666, "atomics": "[128, 129, 140, 141]", "group_pop": 4, "init_part_assignment": 9, "id": 21}, {"graph": null, "nnodes": 4, "nedges": 3, "density": 0.5, "atomics": "[115, 139, 127, 103]", "group_pop": 4, "init_part_assignment": 9, "id": 22}, {"graph": null, "nnodes": 4, "nedges": 4, "density": 0.6666666666666666, "atomics": "[24, 25, 36, 37]", "group_pop": 4, "init_part_assignment": 6, "id": 23}, {"graph": null, "nnodes": 4, "nedges": 4, "density": 0.6666666666666666, "atomics": "[0, 1, 12, 13]", "group_pop": 4, "init_part_assignment": 6, "id": 24}, {"graph": null, "nnodes": 4, "nedges": 4, "density": 0.6666666666666666, "atomics": "[41, 42, 53, 54]", "group_pop": 4, "init_part_assignment": 7, "id": 25}, {"graph": null, "nnodes": 4, "nedges": 3, "density": 0.5, "atomics": "[43, 44, 45, 31]", "group_pop": 4, "init_part_assignment": 1, "id": 26}, {"graph": null, "nnodes": 4, "nedges": 3, "density": 0.5, "atomics": "[72, 48, 84, 60]", "group_pop": 4, "init_part_assignment": 8, "id": 27}, {"graph": null, "nnodes": 4, "nedges": 4, "density": 0.6666666666666666, "atomics": "[104, 105, 116, 117]", "group_pop": 4, "init_part_assignment": 2, "id": 28}, {"graph": null, "nnodes": 4, "nedges": 3, "density": 0.5, "atomics": "[83, 93, 94, 95]", "group_pop": 4, "init_part_assignment": 2, "id": 29}, {"graph": null, "nnodes": 4, "nedges": 4, "density": 0.6666666666666666, "atomics": "[56, 67, 68, 55]", "group_pop": 4, "init_part_assignment": 1, "id": 30}, {"graph": null, "nnodes": 4, "nedges": 4, "density": 0.6666666666666666, "atomics": "[81, 82, 69, 70]", "group_pop": 4, "init_part_assignment": 5, "id": 31}, {"graph": null, "nnodes": 4, "nedges": 3, "density": 0.5, "atomics": "[86, 74, 61, 62]", "group_pop": 4, "init_part_assignment": 8, "id": 32}, {"graph": null, "nnodes": 4, "nedges": 4, "density": 0.6666666666666666, "atomics": "[88, 75, 76, 87]", "group_pop": 4, "init_part_assignment": 11, "id": 33}, {"graph": null, "nnodes": 4, "nedges": 4, "density": 0.6666666666666666, "atomics": "[80, 91, 92, 79]", "group_pop": 4, "init_part_assignment": 11, "id": 34}, {"graph": null, "nnodes": 4, "nedges": 3, "density": 0.5, "atomics": "[112, 113, 114, 100]", "group_pop": 4, "init_part_assignment": 10, "id": 35}], "adjacency": [[{"weight": 3, "random_weight": 0.8190001361528069, "id": 1}, {"weight": 2, "random_weight": 0.6559123325169114, "id": 2}, {"weight": 1, "random_weight": 0.9812864434146902, "id": 5}, {"weight": 1, "random_weight": 0.3008024549329332, "id": 20}], [{"weight": 3, "random_weight": 0.8190001361528069, "id": 0}, {"weight": 1, "random_weight": 0.8452908850927513, "id": 5}, {"weight": 1, "random_weight": 0.6880324671825999, "id": 20}, {"weight": 2, "random_weight": 0.839705087241451, "id": 25}, {"weight": 1, "random_weight": 0.41357437270896147, "id": 26}], [{"weight": 2, "random_weight": 0.6559123325169114, "id": 0}, {"weight": 2, "random_weight": 0.5909353338613852, "id": 20}, {"weight": 2, "random_weight": 0.8697226507658945, "id": 24}], [{"weight": 2, "random_weight": 0.675675106333689, "id": 4}, {"weight": 1, "random_weight": 0.22475997273565007, "id": 22}, {"weight": 1, "random_weight": 0.838894419990133, "id": 33}, {"weight": 1, "random_weight": 0.13098960294207873, "id": 34}, {"weight": 3, "random_weight": 0.02690376989866894, "id": 35}], [{"weight": 2, "random_weight": 0.675675106333689, "id": 3}, {"weight": 1, "random_weight": 0.4042683021249055, "id": 13}, {"weight": 2, "random_weight": 0.5906154315117353, "id": 25}, {"weight": 1, "random_weight": 0.5525335776115049, "id": 30}, {"weight": 1, "random_weight": 0.6209939631797097, "id": 33}, {"weight": 1, "random_weight": 0.7286982134299432, "id": 34}], [{"weight": 1, "random_weight": 0.9812864434146902, "id": 0}, {"weight": 1, "random_weight": 0.8452908850927513, "id": 1}, {"weight": 2, "random_weight": 0.582548876874918, "id": 6}, {"weight": 1, "random_weight": 0.2781848681715344, "id": 18}, {"weight": 1, "random_weight": 0.43631414076869846, "id": 26}], [{"weight": 2, "random_weight": 0.582548876874918, "id": 5}, {"weight": 2, "random_weight": 0.5257833864414158, "id": 18}, {"weight": 2, "random_weight": 0.7122410767529377, "id": 19}], [{"weight": 1, "random_weight": 0.09042308700845192, "id": 8}, {"weight": 4, "random_weight": 0.9216078848076278, "id": 9}, {"weight": 1, "random_weight": 0.10995176315088817, "id": 10}, {"weight": 2, "random_weight": 0.8349010539346615, "id": 11}, {"weight": 1, "random_weight": 0.5071778026273073, "id": 14}, {"weight": 1, "random_weight": 0.20000280600603448, "id": 35}], [{"weight": 1, "random_weight": 0.09042308700845192, "id": 7}, {"weight": 1, "random_weight": 0.5989864673500469, "id": 9}, {"weight": 2, "random_weight": 0.8492174033196626, "id": 10}, {"weight": 1, "random_weight": 0.945731153036077, "id": 27}], [{"weight": 4, "random_weight": 0.9216078848076278, "id": 7}, {"weight": 1, "random_weight": 0.5989864673500469, "id": 8}, {"weight": 1, "random_weight": 0.6727570449141203, "id": 14}], [{"weight": 1, "random_weight": 0.10995176315088817, "id": 7}, {"weight": 2, "random_weight": 0.8492174033196626, "id": 8}, {"weight": 2, "random_weight": 0.6012111052173407, "id": 11}, {"weight": 2, "random_weight": 0.9835503661836867, "id": 27}, {"weight": 3, "random_weight": 0.275293765304806, "id": 32}], [{"weight": 2, "random_weight": 0.8349010539346615, "id": 7}, {"weight": 2, "random_weight": 0.6012111052173407, "id": 10}, {"weight": 1, "random_weight": 0.5524210330618934, "id": 32}, {"weight": 1, "random_weight": 0.404858349797538, "id": 33}, {"weight": 2, "random_weight": 0.6600459605397125, "id": 35}], [{"weight": 2, "random_weight": 0.4530022935624646, "id": 13}, {"weight": 3, "random_weight": 0.4137511705016723, "id": 20}, {"weight": 2, "random_weight": 0.8024263071916058, "id": 23}, {"weight": 1, "random_weight": 0.3348081076281696, "id": 27}, {"weight": 2, "random_weight": 0.37802610654323965, "id": 32}], [{"weight": 1, "random_weight": 0.4042683021249055, "id": 4}, {"weight": 2, "random_weight": 0.4530022935624646, "id": 12}, {"weight": 1, "random_weight": 0.3407962977649125, "id": 20}, {"weight": 1, "random_weight": 0.24927099359400562, "id": 25}, {"weight": 1, "random_weight": 0.9327973353844237, "id": 32}, {"weight": 2, "random_weight": 0.6252199646324499, "id": 33}], [{"weight": 1, "random_weight": 0.5071778026273073, "id": 7}, {"weight": 1, "random_weight": 0.6727570449141203, "id": 9}, {"weight": 2, "random_weight": 0.6163009300504081, "id": 22}, {"weight": 2, "random_weight": 0.832152191727363, "id": 35}], [{"weight": 4, "random_weight": 0.6738327696111949, "id": 16}, {"weight": 1, "random_weight": 0.877216870758609, "id": 21}, {"weight": 2, "random_weight": 0.39386012162136985, "id": 28}, {"weight": 2, "random_weight": 0.873768862318078, "id": 29}], [{"weight": 4, "random_weight": 0.6738327696111949, "id": 15}, {"weight": 1, "random_weight": 0.40715134330039027, "id": 21}], [{"weight": 1, "random_weight": 0.0028705350699677057, "id": 18}, {"weight": 1, "random_weight": 0.014213069332867923, "id": 19}, {"weight": 1, "random_weight": 0.48921125124218634, "id": 26}, {"weight": 1, "random_weight": 0.4808836567777176, "id": 29}, {"weight": 1, "random_weight": 0.4801953921232682, "id": 30}, {"weight": 3, "random_weight": 0.31990936387741975, "id": 31}], [{"weight": 1, "random_weight": 0.2781848681715344, "id": 5}, {"weight": 2, "random_weight": 0.5257833864414158, "id": 6}, {"weight": 1, "random_weight": 0.0028705350699677057, "id": 17}, {"weight": 2, "random_weight": 0.3641609346249297, "id": 19}, {"weight": 4, "random_weight": 0.06970915776123998, "id": 26}], [{"weight": 2, "random_weight": 0.7122410767529377, "id": 6}, {"weight": 1, "random_weight": 0.014213069332867923, "id": 17}, {"weight": 2, "random_weight": 0.3641609346249297, "id": 18}], [{"weight": 1, "random_weight": 0.3008024549329332, "id": 0}, {"weight": 1, "random_weight": 0.6880324671825999, "id": 1}, {"weight": 2, "random_weight": 0.5909353338613852, "id": 2}, {"weight": 3, "random_weight": 0.4137511705016723, "id": 12}, {"weight": 1, "random_weight": 0.3407962977649125, "id": 13}, {"weight": 1, "random_weight": 0.6708476339520613, "id": 23}, {"weight": 1, "random_weight": 0.503507208818547, "id": 25}], [{"weight": 1, "random_weight": 0.877216870758609, "id": 15}, {"weight": 1, "random_weight": 0.40715134330039027, "id": 16}, {"weight": 2, "random_weight": 0.03969908412898748, "id": 22}, {"weight": 2, "random_weight": 0.1077023896798287, "id": 28}], [{"weight": 1, "random_weight": 0.22475997273565007, "id": 3}, {"weight": 2, "random_weight": 0.6163009300504081, "id": 14}, {"weight": 2, "random_weight": 0.03969908412898748, "id": 21}, {"weight": 2, "random_weight": 0.8503754406324854, "id": 28}, {"weight": 1, "random_weight": 0.9370801424506309, "id": 34}, {"weight": 1, "random_weight": 0.6748320917027263, "id": 35}], [{"weight": 2, "random_weight": 0.8024263071916058, "id": 12}, {"weight": 1, "random_weight": 0.6708476339520613, "id": 20}, {"weight": 2, "random_weight": 0.7088137681814732, "id": 24}, {"weight": 1, "random_weight": 0.991479351837061, "id": 27}], [{"weight": 2, "random_weight": 0.8697226507658945, "id": 2}, {"weight": 2, "random_weight": 0.7088137681814732, "id": 23}], [{"weight": 2, "random_weight": 0.839705087241451, "id": 1}, {"weight": 2, "random_weight": 0.5906154315117353, "id": 4}, {"weight": 1, "random_weight": 0.24927099359400562, "id": 13}, {"weight": 1, "random_weight": 0.503507208818547, "id": 20}, {"weight": 1, "random_weight": 0.7644479657539589, "id": 26}, {"weight": 1, "random_weight": 0.4035953809861017, "id": 30}], [{"weight": 1, "random_weight": 0.41357437270896147, "id": 1}, {"weight": 1, "random_weight": 0.43631414076869846, "id": 5}, {"weight": 1, "random_weight": 0.48921125124218634, "id": 17}, {"weight": 4, "random_weight": 0.06970915776123998, "id": 18}, {"weight": 1, "random_weight": 0.7644479657539589, "id": 25}, {"weight": 2, "random_weight": 0.37366314288435465, "id": 30}], [{"weight": 1, "random_weight": 0.945731153036077, "id": 8}, {"weight": 2, "random_weight": 0.9835503661836867, "id": 10}, {"weight": 1, "random_weight": 0.3348081076281696, "id": 12}, {"weight": 1, "random_weight": 0.991479351837061, "id": 23}, {"weight": 1, "random_weight": 0.624965765306512, "id": 32}], [{"weight": 2, "random_weight": 0.39386012162136985, "id": 15}, {"weight": 2, "random_weight": 0.1077023896798287, "id": 21}, {"weight": 2, "random_weight": 0.8503754406324854, "id": 22}, {"weight": 1, "random_weight": 0.2980163374037925, "id": 29}, {"weight": 1, "random_weight": 0.18590134407340408, "id": 34}], [{"weight": 2, "random_weight": 0.873768862318078, "id": 15}, {"weight": 1, "random_weight": 0.4808836567777176, "id": 17}, {"weight": 1, "random_weight": 0.2980163374037925, "id": 28}, {"weight": 3, "random_weight": 0.9893580397313245, "id": 31}, {"weight": 1, "random_weight": 0.3409198650665396, "id": 34}], [{"weight": 1, "random_weight": 0.5525335776115049, "id": 4}, {"weight": 1, "random_weight": 0.4801953921232682, "id": 17}, {"weight": 1, "random_weight": 0.4035953809861017, "id": 25}, {"weight": 2, "random_weight": 0.37366314288435465, "id": 26}, {"weight": 1, "random_weight": 0.8958193595956991, "id": 31}, {"weight": 2, "random_weight": 0.6586136529137295, "id": 34}], [{"weight": 3, "random_weight": 0.31990936387741975, "id": 17}, {"weight": 3, "random_weight": 0.9893580397313245, "id": 29}, {"weight": 1, "random_weight": 0.8958193595956991, "id": 30}, {"weight": 1, "random_weight": 0.779947877458256, "id": 34}], [{"weight": 3, "random_weight": 0.275293765304806, "id": 10}, {"weight": 1, "random_weight": 0.5524210330618934, "id": 11}, {"weight": 2, "random_weight": 0.37802610654323965, "id": 12}, {"weight": 1, "random_weight": 0.9327973353844237, "id": 13}, {"weight": 1, "random_weight": 0.624965765306512, "id": 27}, {"weight": 2, "random_weight": 0.8347656674517927, "id": 33}], [{"weight": 1, "random_weight": 0.838894419990133, "id": 3}, {"weight": 1, "random_weight": 0.6209939631797097, "id": 4}, {"weight": 1, "random_weight": 0.404858349797538, "id": 11}, {"weight": 2, "random_weight": 0.6252199646324499, "id": 13}, {"weight": 2, "random_weight": 0.8347656674517927, "id": 32}, {"weight": 1, "random_weight": 0.9986049375134021, "id": 35}], [{"weight": 1, "random_weight": 0.13098960294207873, "id": 3}, {"weight": 1, "random_weight": 0.7286982134299432, "id": 4}, {"weight": 1, "random_weight": 0.9370801424506309, "id": 22}, {"weight": 1, "random_weight": 0.18590134407340408, "id": 28}, {"weight": 1, "random_weight": 0.3409198650665396, "id": 29}, {"weight": 2, "random_weight": 0.6586136529137295, "id": 30}, {"weight": 1, "random_weight": 0.779947877458256, "id": 31}], [{"weight": 3, "random_weight": 0.02690376989866894, "id": 3}, {"weight": 1, "random_weight": 0.20000280600603448, "id": 7}, {"weight": 2, "random_weight": 0.6600459605397125, "id": 11}, {"weight": 2, "random_weight": 0.832152191727363, "id": 14}, {"weight": 1, "random_weight": 0.6748320917027263, "id": 22}, {"weight": 1, "random_weight": 0.9986049375134021, "id": 33}]]}