{"directed": false, "multigraph": false, "graph": [], "nodes": [{"graph": null, "nnodes": 6, "nedges": 6, "density": 0.4, "atomics": "[107, 81, 82, 83, 94, 95]", "group_pop": 6, "init_part_assignment": 1, "id": 0}, {"graph": null, "nnodes": 6, "nedges": 7, "density": 0.4666666666666667, "atomics": "[70, 71, 46, 47, 58, 59]", "group_pop": 6, "init_part_assignment": 1, "id": 1}, {"graph": null, "nnodes": 6, "nedges": 7, "density": 0.4666666666666667, "atomics": "[36, 37, 48, 49, 24, 25]", "group_pop": 6, "init_part_assignment": 10, "id": 2}, {"graph": null, "nnodes": 6, "nedges": 6, "density": 0.4, "atomics": "[72, 73, 50, 60, 61, 62]", "group_pop": 6, "init_part_assignment": 10, "id": 3}, {"graph": null, "nnodes": 6, "nedges": 6, "density": 0.4, "atomics": "[38, 39, 40, 51, 52, 26]", "group_pop": 6, "init_part_assignment": 11, "id": 4}, {"graph": null, "nnodes": 6, "nedges": 7, "density": 0.4666666666666667, "atomics": "[130, 131, 142, 143, 118, 119]", "group_pop": 6, "init_part_assignment": 6, "id": 5}, {"graph": null, "nnodes": 6, "nedges": 6, "density": 0.4, "atomics": "[96, 132, 133, 108, 120, 121]", "group_pop": 6, "init_part_assignment": 4, "id": 6}, {"graph": null, "nnodes": 6, "nedges": 7, "density": 0.4666666666666667, "atomics": "[134, 135, 136, 122, 123, 124]", "group_pop": 6, "init_part_assignment": 4, "id": 7}, {"graph": null, "nnodes": 6, "nedges": 7, "density": 0.4666666666666667, "atomics": "[137, 138, 139, 125, 126, 127]", "group_pop": 6, "init_part_assignment": 0, "id": 8}, {"graph": null, "nnodes": 6, "nedges": 7, "density": 0.4666666666666667, "atomics": "[128, 129, 140, 141, 116, 117]", "group_pop": 6, "init_part_assignment": 0, "id": 9}, {"graph": null, "nnodes": 6, "nedges": 6, "density": 0.4, "atomics": "[104, 105, 106, 80, 92, 93]", "group_pop": 6, "init_part_assignment": 6, "id": 10}, {"graph": null, "nnodes": 6, "nedges": 7, "density": 0.4666666666666667, "atomics": "[0, 1, 2, 12, 13, 14]", "group_pop": 6, "init_part_assignment": 5, "id": 11}, {"graph": null, "nnodes": 6, "nedges": 7, "density": 0.4666666666666667, "atomics": "[16, 17, 18, 28, 29, 30]", "group_pop": 6, "init_part_assignment": 7, "id": 12}, {"graph": null, "nnodes": 6, "nedges": 5, "density": 0.3333333333333333, "atomics": "[3, 4, 5, 6, 15, 27]", "group_pop": 6, "init_part_assignment": 5, "id": 13}, {"graph": null, "nnodes": 6, "nedges": 7, "density": 0.4666666666666667, "atomics": "[34, 35, 10, 11, 22, 23]", "group_pop": 6, "init_part_assignment": 2, "id": 14}, {"graph": null, "nnodes": 6, "nedges": 7, "density": 0.4666666666666667, "atomics": "[7, 8, 9, 19, 20, 21]", "group_pop": 6, "init_part_assignment": 2, "id": 15}, {"graph": null, "nnodes": 6, "nedges": 7, "density": 0.4666666666666667, "atomics": "[32, 33, 43, 44, 45, 31]", "group_pop": 6, "init_part_assignment": 7, "id": 16}, {"graph": null, "nnodes": 6, "nedges": 7, "density": 0.4666666666666667, "atomics": "[98, 99, 100, 110, 111, 112]", "group_pop": 6, "init_part_assignment": 3, "id": 17}, {"graph": null, "nnodes": 6, "nedges": 6, "density": 0.4, "atomics": "[102, 103, 79, 114, 115, 91]", "group_pop": 6, "init_part_assignment": 8, "id": 18}, {"graph": null, "nnodes": 6, "nedges": 5, "density": 0.3333333333333333, "atomics": "[97, 74, 109, 84, 85, 86]", "group_pop": 6, "init_part_assignment": 9, "id": 19}, {"graph": null, "nnodes": 6, "nedges": 7, "density": 0.4666666666666667, "atomics": "[67, 68, 69, 55, 56, 57]", "group_pop": 6, "init_part_assignment": 8, "id": 20}, {"graph": null, "nnodes": 6, "nedges": 6, "density": 0.4, "atomics": "[101, 77, 78, 113, 89, 90]", "group_pop": 6, "init_part_assignment": 3, "id": 21}, {"graph": null, "nnodes": 6, "nedges": 7, "density": 0.4666666666666667, "atomics": "[65, 66, 41, 42, 53, 54]", "group_pop": 6, "init_part_assignment": 11, "id": 22}, {"graph": null, "nnodes": 6, "nedges": 7, "density": 0.4666666666666667, "atomics": "[64, 75, 76, 87, 88, 63]", "group_pop": 6, "init_part_assignment": 9, "id": 23}], "adjacency": [[{"weight": 2, "random_weight": 0.5521720268626628, "id": 1}, {"weight": 1, "random_weight": 0.5616253316492045, "id": 5}, {"weight": 5, "random_weight": 0.6657507487138847, "id": 10}, {"weight": 1, "random_weight": 0.6696407553490189, "id": 20}], [{"weight": 2, "random_weight": 0.5521720268626628, "id": 0}, {"weight": 2, "random_weight": 0.41081571561840646, "id": 14}, {"weight": 1, "random_weight": 0.26296792194896235, "id": 16}, {"weight": 2, "random_weight": 0.808270183076173, "id": 20}], [{"weight": 3, "random_weight": 0.7638594619286188, "id": 3}, {"weight": 2, "random_weight": 0.8786817811410632, "id": 4}, {"weight": 2, "random_weight": 0.5647381323735701, "id": 11}], [{"weight": 3, "random_weight": 0.7638594619286188, "id": 2}, {"weight": 2, "random_weight": 0.6958167582714481, "id": 4}, {"weight": 4, "random_weight": 0.915318298192748, "id": 19}, {"weight": 1, "random_weight": 0.25864809702359814, "id": 23}], [{"weight": 2, "random_weight": 0.8786817811410632, "id": 2}, {"weight": 2, "random_weight": 0.6958167582714481, "id": 3}, {"weight": 1, "random_weight": 0.17023072196747357, "id": 11}, {"weight": 1, "random_weight": 0.3942222030962709, "id": 12}, {"weight": 2, "random_weight": 0.5298687052812416, "id": 13}, {"weight": 2, "random_weight": 0.7450832691558957, "id": 22}, {"weight": 2, "random_weight": 0.025276282205199174, "id": 23}], [{"weight": 1, "random_weight": 0.5616253316492045, "id": 0}, {"weight": 3, "random_weight": 0.5844681699175615, "id": 9}, {"weight": 1, "random_weight": 0.7133144138068128, "id": 10}], [{"weight": 2, "random_weight": 0.46261644695722304, "id": 7}, {"weight": 4, "random_weight": 0.2573034453631119, "id": 19}], [{"weight": 2, "random_weight": 0.46261644695722304, "id": 6}, {"weight": 2, "random_weight": 0.4617325659411381, "id": 8}, {"weight": 3, "random_weight": 0.5901375968430974, "id": 17}], [{"weight": 2, "random_weight": 0.4617325659411381, "id": 7}, {"weight": 2, "random_weight": 0.10742307026932385, "id": 9}, {"weight": 2, "random_weight": 0.5560719687540955, "id": 18}, {"weight": 1, "random_weight": 0.8553016672728851, "id": 21}], [{"weight": 3, "random_weight": 0.5844681699175615, "id": 5}, {"weight": 2, "random_weight": 0.10742307026932385, "id": 8}, {"weight": 2, "random_weight": 0.8274196614406404, "id": 10}, {"weight": 1, "random_weight": 0.6434791381452313, "id": 18}], [{"weight": 5, "random_weight": 0.6657507487138847, "id": 0}, {"weight": 1, "random_weight": 0.7133144138068128, "id": 5}, {"weight": 2, "random_weight": 0.8274196614406404, "id": 9}, {"weight": 3, "random_weight": 0.5629551124083199, "id": 18}, {"weight": 1, "random_weight": 0.5249319670186445, "id": 20}], [{"weight": 2, "random_weight": 0.5647381323735701, "id": 2}, {"weight": 1, "random_weight": 0.17023072196747357, "id": 4}, {"weight": 2, "random_weight": 0.33250098219736834, "id": 13}], [{"weight": 1, "random_weight": 0.3942222030962709, "id": 4}, {"weight": 5, "random_weight": 0.5239933333034709, "id": 13}, {"weight": 1, "random_weight": 0.20120865597178106, "id": 15}, {"weight": 1, "random_weight": 0.29541607332026654, "id": 16}, {"weight": 2, "random_weight": 0.34703615874000415, "id": 22}], [{"weight": 2, "random_weight": 0.5298687052812416, "id": 4}, {"weight": 2, "random_weight": 0.33250098219736834, "id": 11}, {"weight": 5, "random_weight": 0.5239933333034709, "id": 12}, {"weight": 1, "random_weight": 0.06600706722371752, "id": 15}], [{"weight": 2, "random_weight": 0.41081571561840646, "id": 1}, {"weight": 2, "random_weight": 0.09074736057317079, "id": 15}, {"weight": 1, "random_weight": 0.7943328870641135, "id": 16}], [{"weight": 1, "random_weight": 0.20120865597178106, "id": 12}, {"weight": 1, "random_weight": 0.06600706722371752, "id": 13}, {"weight": 2, "random_weight": 0.09074736057317079, "id": 14}, {"weight": 3, "random_weight": 0.9640076798828968, "id": 16}], [{"weight": 1, "random_weight": 0.26296792194896235, "id": 1}, {"weight": 1, "random_weight": 0.29541607332026654, "id": 12}, {"weight": 1, "random_weight": 0.7943328870641135, "id": 14}, {"weight": 3, "random_weight": 0.9640076798828968, "id": 15}, {"weight": 3, "random_weight": 0.9907880678043818, "id": 20}, {"weight": 1, "random_weight": 0.3702262565864336, "id": 22}], [{"weight": 3, "random_weight": 0.5901375968430974, "id": 7}, {"weight": 3, "random_weight": 0.6790286521208192, "id": 19}, {"weight": 2, "random_weight": 0.3502491634469519, "id": 21}, {"weight": 2, "random_weight": 0.5472803806169476, "id": 23}], [{"weight": 2, "random_weight": 0.5560719687540955, "id": 8}, {"weight": 1, "random_weight": 0.6434791381452313, "id": 9}, {"weight": 3, "random_weight": 0.5629551124083199, "id": 10}, {"weight": 1, "random_weight": 0.05203473112570667, "id": 20}, {"weight": 5, "random_weight": 0.8803998217234879, "id": 21}], [{"weight": 4, "random_weight": 0.915318298192748, "id": 3}, {"weight": 4, "random_weight": 0.2573034453631119, "id": 6}, {"weight": 3, "random_weight": 0.6790286521208192, "id": 17}, {"weight": 2, "random_weight": 0.5576756362459104, "id": 23}], [{"weight": 1, "random_weight": 0.6696407553490189, "id": 0}, {"weight": 2, "random_weight": 0.808270183076173, "id": 1}, {"weight": 1, "random_weight": 0.5249319670186445, "id": 10}, {"weight": 3, "random_weight": 0.9907880678043818, "id": 16}, {"weight": 1, "random_weight": 0.05203473112570667, "id": 18}, {"weight": 2, "random_weight": 0.5799200291484333, "id": 22}], [{"weight": 1, "random_weight": 0.8553016672728851, "id": 8}, {"weight": 2, "random_weight": 0.3502491634469519, "id": 17}, {"weight": 5, "random_weight": 0.8803998217234879, "id": 18}, {"weight": 2, "random_weight": 0.5718654654351997, "id": 22}, {"weight": 2, "random_weight": 0.8002016824956446, "id": 23}], [{"weight": 2, "random_weight": 0.7450832691558957, "id": 4}, {"weight": 2, "random_weight": 0.34703615874000415, "id": 12}, {"weight": 1, "random_weight": 0.3702262565864336, "id": 16}, {"weight": 2, "random_weight": 0.5799200291484333, "id": 20}, {"weight": 2, "random_weight": 0.5718654654351997, "id": 21}, {"weight": 1, "random_weight": 0.8915090499168684, "id": 23}], [{"weight": 1, "random_weight": 0.25864809702359814, "id": 3}, {"weight": 2, "random_weight": 0.025276282205199174, "id": 4}, {"weight": 2, "random_weight": 0.5472803806169476, "id": 17}, {"weight": 2, "random_weight": 0.5576756362459104, "id": 19}, {"weight": 2, "random_weight": 0.8002016824956446, "id": 21}, {"weight": 1, "random_weight": 0.8915090499168684, "id": 22}]]}