{"directed": false, "multigraph": false, "graph": [], "nodes": [{"graph": null, "nnodes": 6, "nedges": 6, "density": 0.4, "atomics": "[107, 82, 83, 93, 94, 95]", "group_pop": 6, "init_part_assignment": 8, "id": 0}, {"graph": null, "nnodes": 6, "nedges": 7, "density": 0.4666666666666667, "atomics": "[70, 71, 46, 47, 58, 59]", "group_pop": 6, "init_part_assignment": 8, "id": 1}, {"graph": null, "nnodes": 6, "nedges": 7, "density": 0.4666666666666667, "atomics": "[48, 49, 50, 60, 61, 62]", "group_pop": 6, "init_part_assignment": 9, "id": 2}, {"graph": null, "nnodes": 6, "nedges": 7, "density": 0.4666666666666667, "atomics": "[36, 37, 38, 24, 25, 26]", "group_pop": 6, "init_part_assignment": 3, "id": 3}, {"graph": null, "nnodes": 6, "nedges": 6, "density": 0.4, "atomics": "[130, 131, 143, 117, 118, 119]", "group_pop": 6, "init_part_assignment": 7, "id": 4}, {"graph": null, "nnodes": 6, "nedges": 6, "density": 0.4, "atomics": "[128, 129, 139, 140, 141, 142]", "group_pop": 6, "init_part_assignment": 0, "id": 5}, {"graph": null, "nnodes": 6, "nedges": 7, "density": 0.4666666666666667, "atomics": "[132, 133, 108, 109, 120, 121]", "group_pop": 6, "init_part_assignment": 6, "id": 6}, {"graph": null, "nnodes": 6, "nedges": 6, "density": 0.4, "atomics": "[134, 135, 112, 122, 123, 124]", "group_pop": 6, "init_part_assignment": 6, "id": 7}, {"graph": null, "nnodes": 6, "nedges": 6, "density": 0.4, "atomics": "[136, 137, 138, 114, 125, 126]", "group_pop": 6, "init_part_assignment": 0, "id": 8}, {"graph": null, "nnodes": 6, "nedges": 5, "density": 0.3333333333333333, "atomics": "[104, 105, 106, 115, 116, 127]", "group_pop": 6, "init_part_assignment": 7, "id": 9}, {"graph": null, "nnodes": 6, "nedges": 7, "density": 0.4666666666666667, "atomics": "[0, 1, 2, 12, 13, 14]", "group_pop": 6, "init_part_assignment": 3, "id": 10}, {"graph": null, "nnodes": 6, "nedges": 7, "density": 0.4666666666666667, "atomics": "[3, 4, 15, 16, 27, 28]", "group_pop": 6, "init_part_assignment": 1, "id": 11}, {"graph": null, "nnodes": 6, "nedges": 7, "density": 0.4666666666666667, "atomics": "[5, 6, 17, 18, 29, 30]", "group_pop": 6, "init_part_assignment": 1, "id": 12}, {"graph": null, "nnodes": 6, "nedges": 7, "density": 0.4666666666666667, "atomics": "[34, 35, 10, 11, 22, 23]", "group_pop": 6, "init_part_assignment": 2, "id": 13}, {"graph": null, "nnodes": 6, "nedges": 7, "density": 0.4666666666666667, "atomics": "[7, 8, 9, 19, 20, 21]", "group_pop": 6, "init_part_assignment": 2, "id": 14}, {"graph": null, "nnodes": 6, "nedges": 5, "density": 0.3333333333333333, "atomics": "[32, 33, 69, 45, 57, 31]", "group_pop": 6, "init_part_assignment": 4, "id": 15}, {"graph": null, "nnodes": 6, "nedges": 6, "density": 0.4, "atomics": "[98, 99, 100, 110, 111, 86]", "group_pop": 6, "init_part_assignment": 11, "id": 16}, {"graph": null, "nnodes": 6, "nedges": 6, "density": 0.4, "atomics": "[103, 79, 80, 81, 91, 92]", "group_pop": 6, "init_part_assignment": 10, "id": 17}, {"graph": null, "nnodes": 6, "nedges": 7, "density": 0.4666666666666667, "atomics": "[67, 68, 43, 44, 55, 56]", "group_pop": 6, "init_part_assignment": 4, "id": 18}, {"graph": null, "nnodes": 6, "nedges": 6, "density": 0.4, "atomics": "[101, 102, 78, 113, 89, 90]", "group_pop": 6, "init_part_assignment": 10, "id": 19}, {"graph": null, "nnodes": 6, "nedges": 6, "density": 0.4, "atomics": "[39, 40, 41, 51, 52, 63]", "group_pop": 6, "init_part_assignment": 5, "id": 20}, {"graph": null, "nnodes": 6, "nedges": 7, "density": 0.4666666666666667, "atomics": "[96, 97, 72, 73, 84, 85]", "group_pop": 6, "init_part_assignment": 9, "id": 21}, {"graph": null, "nnodes": 6, "nedges": 6, "density": 0.4, "atomics": "[65, 66, 42, 77, 53, 54]", "group_pop": 6, "init_part_assignment": 5, "id": 22}, {"graph": null, "nnodes": 6, "nedges": 6, "density": 0.4, "atomics": "[64, 74, 75, 76, 87, 88]", "group_pop": 6, "init_part_assignment": 11, "id": 23}], "adjacency": [[{"weight": 2, "random_weight": 0.6369921986154753, "id": 1}, {"weight": 1, "random_weight": 0.39174599985627867, "id": 4}, {"weight": 3, "random_weight": 0.18055064360857942, "id": 9}, {"weight": 3, "random_weight": 0.881687407813227, "id": 17}], [{"weight": 2, "random_weight": 0.6369921986154753, "id": 0}, {"weight": 2, "random_weight": 0.9367377145261222, "id": 13}, {"weight": 3, "random_weight": 0.36586785738513516, "id": 15}], [{"weight": 3, "random_weight": 0.3719743284887821, "id": 3}, {"weight": 2, "random_weight": 0.8921318097207863, "id": 20}, {"weight": 2, "random_weight": 0.029621649599170685, "id": 21}, {"weight": 1, "random_weight": 0.5644047282043151, "id": 23}], [{"weight": 3, "random_weight": 0.3719743284887821, "id": 2}, {"weight": 3, "random_weight": 0.6210588815964204, "id": 10}, {"weight": 1, "random_weight": 0.718049479149822, "id": 11}, {"weight": 1, "random_weight": 0.017031055854357713, "id": 20}], [{"weight": 1, "random_weight": 0.39174599985627867, "id": 0}, {"weight": 4, "random_weight": 0.22970798188740893, "id": 5}, {"weight": 3, "random_weight": 0.059508708230086915, "id": 9}], [{"weight": 4, "random_weight": 0.22970798188740893, "id": 4}, {"weight": 1, "random_weight": 0.6343727888534403, "id": 8}, {"weight": 3, "random_weight": 0.24007799166458665, "id": 9}], [{"weight": 2, "random_weight": 0.3927030912890538, "id": 7}, {"weight": 1, "random_weight": 0.9484031946586271, "id": 16}, {"weight": 2, "random_weight": 0.786285936119694, "id": 21}], [{"weight": 2, "random_weight": 0.3927030912890538, "id": 6}, {"weight": 3, "random_weight": 0.6960969916481077, "id": 8}, {"weight": 4, "random_weight": 0.9236098867390268, "id": 16}, {"weight": 1, "random_weight": 0.21980008598333012, "id": 19}], [{"weight": 1, "random_weight": 0.6343727888534403, "id": 5}, {"weight": 3, "random_weight": 0.6960969916481077, "id": 7}, {"weight": 2, "random_weight": 0.8824325938000812, "id": 9}, {"weight": 3, "random_weight": 0.7905943750823496, "id": 19}], [{"weight": 3, "random_weight": 0.18055064360857942, "id": 0}, {"weight": 3, "random_weight": 0.059508708230086915, "id": 4}, {"weight": 3, "random_weight": 0.24007799166458665, "id": 5}, {"weight": 2, "random_weight": 0.8824325938000812, "id": 8}, {"weight": 3, "random_weight": 0.8654674021018822, "id": 17}], [{"weight": 3, "random_weight": 0.6210588815964204, "id": 3}, {"weight": 2, "random_weight": 0.6668138481296225, "id": 11}], [{"weight": 1, "random_weight": 0.718049479149822, "id": 3}, {"weight": 2, "random_weight": 0.6668138481296225, "id": 10}, {"weight": 3, "random_weight": 0.18287680659956773, "id": 12}, {"weight": 2, "random_weight": 0.6993316432705993, "id": 20}], [{"weight": 3, "random_weight": 0.18287680659956773, "id": 11}, {"weight": 2, "random_weight": 0.7006177657750544, "id": 14}, {"weight": 1, "random_weight": 0.7235650379474519, "id": 15}, {"weight": 1, "random_weight": 0.15704520066902106, "id": 20}, {"weight": 1, "random_weight": 0.6329011220955157, "id": 22}], [{"weight": 2, "random_weight": 0.9367377145261222, "id": 1}, {"weight": 2, "random_weight": 0.09242848682043847, "id": 14}, {"weight": 1, "random_weight": 0.28911322743509493, "id": 15}], [{"weight": 2, "random_weight": 0.7006177657750544, "id": 12}, {"weight": 2, "random_weight": 0.09242848682043847, "id": 13}, {"weight": 3, "random_weight": 0.0773997125688084, "id": 15}], [{"weight": 3, "random_weight": 0.36586785738513516, "id": 1}, {"weight": 1, "random_weight": 0.7235650379474519, "id": 12}, {"weight": 1, "random_weight": 0.28911322743509493, "id": 13}, {"weight": 3, "random_weight": 0.0773997125688084, "id": 14}, {"weight": 1, "random_weight": 0.4338276299460291, "id": 17}, {"weight": 5, "random_weight": 0.7561702133199604, "id": 18}], [{"weight": 1, "random_weight": 0.9484031946586271, "id": 6}, {"weight": 4, "random_weight": 0.9236098867390268, "id": 7}, {"weight": 1, "random_weight": 0.12395326342056112, "id": 19}, {"weight": 2, "random_weight": 0.16592348229760312, "id": 21}, {"weight": 4, "random_weight": 0.34727956812793304, "id": 23}], [{"weight": 3, "random_weight": 0.881687407813227, "id": 0}, {"weight": 3, "random_weight": 0.8654674021018822, "id": 9}, {"weight": 1, "random_weight": 0.4338276299460291, "id": 15}, {"weight": 2, "random_weight": 0.8753686970452476, "id": 18}, {"weight": 3, "random_weight": 0.3902353516165884, "id": 19}], [{"weight": 5, "random_weight": 0.7561702133199604, "id": 15}, {"weight": 2, "random_weight": 0.8753686970452476, "id": 17}, {"weight": 3, "random_weight": 0.8801179602511731, "id": 22}], [{"weight": 1, "random_weight": 0.21980008598333012, "id": 7}, {"weight": 3, "random_weight": 0.7905943750823496, "id": 8}, {"weight": 1, "random_weight": 0.12395326342056112, "id": 16}, {"weight": 3, "random_weight": 0.3902353516165884, "id": 17}, {"weight": 3, "random_weight": 0.5028351328062529, "id": 22}, {"weight": 1, "random_weight": 0.8844449208677352, "id": 23}], [{"weight": 2, "random_weight": 0.8921318097207863, "id": 2}, {"weight": 1, "random_weight": 0.017031055854357713, "id": 3}, {"weight": 2, "random_weight": 0.6993316432705993, "id": 11}, {"weight": 1, "random_weight": 0.15704520066902106, "id": 12}, {"weight": 3, "random_weight": 0.035602202172901554, "id": 22}, {"weight": 3, "random_weight": 0.9275342509553438, "id": 23}], [{"weight": 2, "random_weight": 0.029621649599170685, "id": 2}, {"weight": 2, "random_weight": 0.786285936119694, "id": 6}, {"weight": 2, "random_weight": 0.16592348229760312, "id": 16}, {"weight": 1, "random_weight": 0.1168420352608438, "id": 23}], [{"weight": 1, "random_weight": 0.6329011220955157, "id": 12}, {"weight": 3, "random_weight": 0.8801179602511731, "id": 18}, {"weight": 3, "random_weight": 0.5028351328062529, "id": 19}, {"weight": 3, "random_weight": 0.035602202172901554, "id": 20}, {"weight": 2, "random_weight": 0.846876717907845, "id": 23}], [{"weight": 1, "random_weight": 0.5644047282043151, "id": 2}, {"weight": 4, "random_weight": 0.34727956812793304, "id": 16}, {"weight": 1, "random_weight": 0.8844449208677352, "id": 19}, {"weight": 3, "random_weight": 0.9275342509553438, "id": 20}, {"weight": 1, "random_weight": 0.1168420352608438, "id": 21}, {"weight": 2, "random_weight": 0.846876717907845, "id": 22}]]}