{"directed": false, "multigraph": false, "graph": [], "nodes": [{"graph": null, "nnodes": 6, "nedges": 6, "density": 0.4, "atomics": "[71, 82, 83, 59, 94, 95]", "group_pop": 6, "init_part_assignment": 6, "id": 0}, {"graph": null, "nnodes": 6, "nedges": 6, "density": 0.4, "atomics": "[68, 69, 70, 81, 57, 58]", "group_pop": 6, "init_part_assignment": 8, "id": 1}, {"graph": null, "nnodes": 6, "nedges": 6, "density": 0.4, "atomics": "[130, 131, 107, 142, 143, 119]", "group_pop": 6, "init_part_assignment": 0, "id": 2}, {"graph": null, "nnodes": 6, "nedges": 7, "density": 0.4666666666666667, "atomics": "[36, 37, 48, 49, 24, 25]", "group_pop": 6, "init_part_assignment": 4, "id": 3}, {"graph": null, "nnodes": 6, "nedges": 7, "density": 0.4666666666666667, "atomics": "[74, 75, 50, 51, 62, 63]", "group_pop": 6, "init_part_assignment": 5, "id": 4}, {"graph": null, "nnodes": 6, "nedges": 7, "density": 0.4666666666666667, "atomics": "[38, 39, 40, 26, 27, 28]", "group_pop": 6, "init_part_assignment": 4, "id": 5}, {"graph": null, "nnodes": 6, "nedges": 7, "density": 0.4666666666666667, "atomics": "[72, 73, 84, 85, 60, 61]", "group_pop": 6, "init_part_assignment": 1, "id": 6}, {"graph": null, "nnodes": 6, "nedges": 5, "density": 0.3333333333333333, "atomics": "[129, 106, 140, 141, 117, 118]", "group_pop": 6, "init_part_assignment": 0, "id": 7}, {"graph": null, "nnodes": 6, "nedges": 7, "density": 0.4666666666666667, "atomics": "[132, 133, 108, 109, 120, 121]", "group_pop": 6, "init_part_assignment": 2, "id": 8}, {"graph": null, "nnodes": 6, "nedges": 6, "density": 0.4, "atomics": "[134, 135, 136, 137, 122, 123]", "group_pop": 6, "init_part_assignment": 2, "id": 9}, {"graph": null, "nnodes": 6, "nedges": 6, "density": 0.4, "atomics": "[128, 138, 139, 125, 126, 127]", "group_pop": 6, "init_part_assignment": 7, "id": 10}, {"graph": null, "nnodes": 6, "nedges": 6, "density": 0.4, "atomics": "[103, 104, 105, 115, 116, 93]", "group_pop": 6, "init_part_assignment": 6, "id": 11}, {"graph": null, "nnodes": 6, "nedges": 7, "density": 0.4666666666666667, "atomics": "[0, 1, 2, 12, 13, 14]", "group_pop": 6, "init_part_assignment": 3, "id": 12}, {"graph": null, "nnodes": 6, "nedges": 7, "density": 0.4666666666666667, "atomics": "[3, 4, 5, 15, 16, 17]", "group_pop": 6, "init_part_assignment": 3, "id": 13}, {"graph": null, "nnodes": 6, "nedges": 6, "density": 0.4, "atomics": "[6, 7, 18, 19, 29, 30]", "group_pop": 6, "init_part_assignment": 10, "id": 14}, {"graph": null, "nnodes": 6, "nedges": 7, "density": 0.4666666666666667, "atomics": "[33, 34, 35, 45, 46, 47]", "group_pop": 6, "init_part_assignment": 8, "id": 15}, {"graph": null, "nnodes": 6, "nedges": 7, "density": 0.4666666666666667, "atomics": "[9, 10, 11, 21, 22, 23]", "group_pop": 6, "init_part_assignment": 9, "id": 16}, {"graph": null, "nnodes": 6, "nedges": 6, "density": 0.4, "atomics": "[32, 8, 43, 44, 20, 31]", "group_pop": 6, "init_part_assignment": 9, "id": 17}, {"graph": null, "nnodes": 6, "nedges": 6, "density": 0.4, "atomics": "[101, 102, 112, 113, 114, 124]", "group_pop": 6, "init_part_assignment": 7, "id": 18}, {"graph": null, "nnodes": 6, "nedges": 6, "density": 0.4, "atomics": "[64, 99, 100, 76, 87, 88]", "group_pop": 6, "init_part_assignment": 5, "id": 19}, {"graph": null, "nnodes": 6, "nedges": 5, "density": 0.3333333333333333, "atomics": "[96, 97, 98, 110, 111, 86]", "group_pop": 6, "init_part_assignment": 1, "id": 20}, {"graph": null, "nnodes": 6, "nedges": 5, "density": 0.3333333333333333, "atomics": "[77, 80, 89, 90, 91, 92]", "group_pop": 6, "init_part_assignment": 11, "id": 21}, {"graph": null, "nnodes": 6, "nedges": 6, "density": 0.4, "atomics": "[65, 41, 42, 52, 53, 54]", "group_pop": 6, "init_part_assignment": 10, "id": 22}, {"graph": null, "nnodes": 6, "nedges": 6, "density": 0.4, "atomics": "[66, 67, 78, 79, 55, 56]", "group_pop": 6, "init_part_assignment": 11, "id": 23}], "adjacency": [[{"weight": 4, "random_weight": 0.6946867583019434, "id": 1}, {"weight": 1, "random_weight": 0.504697767808433, "id": 2}, {"weight": 1, "random_weight": 0.1755248781033023, "id": 7}, {"weight": 1, "random_weight": 0.44476407457804723, "id": 11}, {"weight": 1, "random_weight": 0.9488020780937791, "id": 15}], [{"weight": 4, "random_weight": 0.6946867583019434, "id": 0}, {"weight": 1, "random_weight": 0.15789586144996381, "id": 11}, {"weight": 2, "random_weight": 0.3512007660350335, "id": 15}, {"weight": 2, "random_weight": 0.7928317380450768, "id": 21}, {"weight": 3, "random_weight": 0.6132021089929031, "id": 23}], [{"weight": 1, "random_weight": 0.504697767808433, "id": 0}, {"weight": 5, "random_weight": 0.24747957982397306, "id": 7}], [{"weight": 1, "random_weight": 0.5172652550289826, "id": 4}, {"weight": 2, "random_weight": 0.0564055600183736, "id": 5}, {"weight": 2, "random_weight": 0.4821424148338821, "id": 6}, {"weight": 2, "random_weight": 0.34076728624652886, "id": 12}], [{"weight": 1, "random_weight": 0.5172652550289826, "id": 3}, {"weight": 2, "random_weight": 0.829172283507765, "id": 5}, {"weight": 2, "random_weight": 0.21841412795464366, "id": 6}, {"weight": 3, "random_weight": 0.42350743108026523, "id": 19}, {"weight": 1, "random_weight": 0.8330183454594824, "id": 20}, {"weight": 1, "random_weight": 0.5692870601362886, "id": 22}], [{"weight": 2, "random_weight": 0.0564055600183736, "id": 3}, {"weight": 2, "random_weight": 0.829172283507765, "id": 4}, {"weight": 1, "random_weight": 0.45765889715004004, "id": 12}, {"weight": 2, "random_weight": 0.12077563125360369, "id": 13}, {"weight": 1, "random_weight": 0.5429553086326234, "id": 14}, {"weight": 2, "random_weight": 0.1072216149080446, "id": 22}], [{"weight": 2, "random_weight": 0.4821424148338821, "id": 3}, {"weight": 2, "random_weight": 0.21841412795464366, "id": 4}, {"weight": 3, "random_weight": 0.17095905442407766, "id": 20}], [{"weight": 1, "random_weight": 0.1755248781033023, "id": 0}, {"weight": 5, "random_weight": 0.24747957982397306, "id": 2}, {"weight": 3, "random_weight": 0.7326599610816744, "id": 10}, {"weight": 3, "random_weight": 0.5327031242357291, "id": 11}], [{"weight": 2, "random_weight": 0.8513932038896771, "id": 9}, {"weight": 3, "random_weight": 0.8506234889203161, "id": 20}], [{"weight": 2, "random_weight": 0.8513932038896771, "id": 8}, {"weight": 2, "random_weight": 0.4186808108296064, "id": 10}, {"weight": 2, "random_weight": 0.6227728748576186, "id": 18}, {"weight": 2, "random_weight": 0.5231699945951235, "id": 20}], [{"weight": 3, "random_weight": 0.7326599610816744, "id": 7}, {"weight": 2, "random_weight": 0.4186808108296064, "id": 9}, {"weight": 2, "random_weight": 0.57328149870292, "id": 11}, {"weight": 3, "random_weight": 0.149500264945166, "id": 18}], [{"weight": 1, "random_weight": 0.44476407457804723, "id": 0}, {"weight": 1, "random_weight": 0.15789586144996381, "id": 1}, {"weight": 3, "random_weight": 0.5327031242357291, "id": 7}, {"weight": 2, "random_weight": 0.57328149870292, "id": 10}, {"weight": 2, "random_weight": 0.41799878144186486, "id": 18}, {"weight": 3, "random_weight": 0.34727511222343443, "id": 21}], [{"weight": 2, "random_weight": 0.34076728624652886, "id": 3}, {"weight": 1, "random_weight": 0.45765889715004004, "id": 5}, {"weight": 2, "random_weight": 0.14143584789592556, "id": 13}], [{"weight": 2, "random_weight": 0.12077563125360369, "id": 5}, {"weight": 2, "random_weight": 0.14143584789592556, "id": 12}, {"weight": 3, "random_weight": 0.5150651761316631, "id": 14}], [{"weight": 1, "random_weight": 0.5429553086326234, "id": 5}, {"weight": 3, "random_weight": 0.5150651761316631, "id": 13}, {"weight": 4, "random_weight": 0.10513763577495983, "id": 17}, {"weight": 2, "random_weight": 0.16249688217314018, "id": 22}], [{"weight": 1, "random_weight": 0.9488020780937791, "id": 0}, {"weight": 2, "random_weight": 0.3512007660350335, "id": 1}, {"weight": 3, "random_weight": 0.8734882655966762, "id": 16}, {"weight": 2, "random_weight": 0.6641921688637539, "id": 17}], [{"weight": 3, "random_weight": 0.8734882655966762, "id": 15}, {"weight": 2, "random_weight": 0.8904794679731483, "id": 17}], [{"weight": 4, "random_weight": 0.10513763577495983, "id": 14}, {"weight": 2, "random_weight": 0.6641921688637539, "id": 15}, {"weight": 2, "random_weight": 0.8904794679731483, "id": 16}, {"weight": 1, "random_weight": 0.9388028962891029, "id": 22}, {"weight": 2, "random_weight": 0.7916601812733881, "id": 23}], [{"weight": 2, "random_weight": 0.6227728748576186, "id": 9}, {"weight": 3, "random_weight": 0.149500264945166, "id": 10}, {"weight": 2, "random_weight": 0.41799878144186486, "id": 11}, {"weight": 2, "random_weight": 0.5021163343172892, "id": 19}, {"weight": 1, "random_weight": 0.503517194464993, "id": 20}, {"weight": 2, "random_weight": 0.09318699312804446, "id": 21}], [{"weight": 3, "random_weight": 0.42350743108026523, "id": 4}, {"weight": 2, "random_weight": 0.5021163343172892, "id": 18}, {"weight": 3, "random_weight": 0.27566037610059246, "id": 20}, {"weight": 2, "random_weight": 0.5513740043446999, "id": 21}, {"weight": 2, "random_weight": 0.46296869635825866, "id": 22}], [{"weight": 1, "random_weight": 0.8330183454594824, "id": 4}, {"weight": 3, "random_weight": 0.17095905442407766, "id": 6}, {"weight": 3, "random_weight": 0.8506234889203161, "id": 8}, {"weight": 2, "random_weight": 0.5231699945951235, "id": 9}, {"weight": 1, "random_weight": 0.503517194464993, "id": 18}, {"weight": 3, "random_weight": 0.27566037610059246, "id": 19}], [{"weight": 2, "random_weight": 0.7928317380450768, "id": 1}, {"weight": 3, "random_weight": 0.34727511222343443, "id": 11}, {"weight": 2, "random_weight": 0.09318699312804446, "id": 18}, {"weight": 2, "random_weight": 0.5513740043446999, "id": 19}, {"weight": 1, "random_weight": 0.8415656749647249, "id": 22}, {"weight": 4, "random_weight": 0.567096485984418, "id": 23}], [{"weight": 1, "random_weight": 0.5692870601362886, "id": 4}, {"weight": 2, "random_weight": 0.1072216149080446, "id": 5}, {"weight": 2, "random_weight": 0.16249688217314018, "id": 14}, {"weight": 1, "random_weight": 0.9388028962891029, "id": 17}, {"weight": 2, "random_weight": 0.46296869635825866, "id": 19}, {"weight": 1, "random_weight": 0.8415656749647249, "id": 21}, {"weight": 3, "random_weight": 0.503102426700099, "id": 23}], [{"weight": 3, "random_weight": 0.6132021089929031, "id": 1}, {"weight": 2, "random_weight": 0.7916601812733881, "id": 17}, {"weight": 4, "random_weight": 0.567096485984418, "id": 21}, {"weight": 3, "random_weight": 0.503102426700099, "id": 22}]]}