{"directed": false, "multigraph": false, "graph": [], "nodes": [{"graph": null, "nnodes": 6, "nedges": 5, "density": 0.3333333333333333, "atomics": "[70, 71, 47, 83, 59, 95]", "group_pop": 6, "init_part_assignment": 3, "id": 0}, {"graph": null, "nnodes": 6, "nedges": 6, "density": 0.4, "atomics": "[45, 46, 55, 56, 57, 58]", "group_pop": 6, "init_part_assignment": 2, "id": 1}, {"graph": null, "nnodes": 6, "nedges": 6, "density": 0.4, "atomics": "[106, 107, 82, 118, 119, 94]", "group_pop": 6, "init_part_assignment": 3, "id": 2}, {"graph": null, "nnodes": 6, "nedges": 7, "density": 0.4666666666666667, "atomics": "[48, 49, 50, 60, 61, 62]", "group_pop": 6, "init_part_assignment": 8, "id": 3}, {"graph": null, "nnodes": 6, "nedges": 6, "density": 0.4, "atomics": "[37, 38, 14, 25, 26, 27]", "group_pop": 6, "init_part_assignment": 4, "id": 4}, {"graph": null, "nnodes": 6, "nedges": 6, "density": 0.4, "atomics": "[130, 131, 140, 141, 142, 143]", "group_pop": 6, "init_part_assignment": 0, "id": 5}, {"graph": null, "nnodes": 6, "nedges": 7, "density": 0.4666666666666667, "atomics": "[132, 133, 134, 120, 121, 122]", "group_pop": 6, "init_part_assignment": 11, "id": 6}, {"graph": null, "nnodes": 6, "nedges": 5, "density": 0.3333333333333333, "atomics": "[99, 135, 136, 137, 111, 123]", "group_pop": 6, "init_part_assignment": 10, "id": 7}, {"graph": null, "nnodes": 6, "nedges": 7, "density": 0.4666666666666667, "atomics": "[112, 113, 114, 124, 125, 126]", "group_pop": 6, "init_part_assignment": 10, "id": 8}, {"graph": null, "nnodes": 6, "nedges": 5, "density": 0.3333333333333333, "atomics": "[128, 129, 138, 139, 115, 127]", "group_pop": 6, "init_part_assignment": 0, "id": 9}, {"graph": null, "nnodes": 6, "nedges": 6, "density": 0.4, "atomics": "[103, 104, 105, 116, 117, 91]", "group_pop": 6, "init_part_assignment": 5, "id": 10}, {"graph": null, "nnodes": 6, "nedges": 6, "density": 0.4, "atomics": "[0, 1, 36, 12, 13, 24]", "group_pop": 6, "init_part_assignment": 4, "id": 11}, {"graph": null, "nnodes": 6, "nedges": 6, "density": 0.4, "atomics": "[2, 3, 4, 15, 16, 28]", "group_pop": 6, "init_part_assignment": 6, "id": 12}, {"graph": null, "nnodes": 6, "nedges": 5, "density": 0.3333333333333333, "atomics": "[5, 6, 7, 8, 17, 20]", "group_pop": 6, "init_part_assignment": 1, "id": 13}, {"graph": null, "nnodes": 6, "nedges": 6, "density": 0.4, "atomics": "[41, 18, 19, 29, 30, 31]", "group_pop": 6, "init_part_assignment": 7, "id": 14}, {"graph": null, "nnodes": 6, "nedges": 7, "density": 0.4666666666666667, "atomics": "[34, 35, 10, 11, 22, 23]", "group_pop": 6, "init_part_assignment": 2, "id": 15}, {"graph": null, "nnodes": 6, "nedges": 5, "density": 0.3333333333333333, "atomics": "[100, 101, 102, 78, 79, 90]", "group_pop": 6, "init_part_assignment": 9, "id": 16}, {"graph": null, "nnodes": 6, "nedges": 7, "density": 0.4666666666666667, "atomics": "[96, 97, 98, 108, 109, 110]", "group_pop": 6, "init_part_assignment": 11, "id": 17}, {"graph": null, "nnodes": 6, "nedges": 5, "density": 0.3333333333333333, "atomics": "[32, 33, 9, 43, 44, 21]", "group_pop": 6, "init_part_assignment": 1, "id": 18}, {"graph": null, "nnodes": 6, "nedges": 7, "density": 0.4666666666666667, "atomics": "[68, 69, 80, 81, 92, 93]", "group_pop": 6, "init_part_assignment": 5, "id": 19}, {"graph": null, "nnodes": 6, "nedges": 6, "density": 0.4, "atomics": "[74, 75, 76, 77, 88, 89]", "group_pop": 6, "init_part_assignment": 9, "id": 20}, {"graph": null, "nnodes": 6, "nedges": 7, "density": 0.4666666666666667, "atomics": "[64, 39, 40, 51, 52, 63]", "group_pop": 6, "init_part_assignment": 6, "id": 21}, {"graph": null, "nnodes": 6, "nedges": 6, "density": 0.4, "atomics": "[72, 73, 84, 85, 86, 87]", "group_pop": 6, "init_part_assignment": 8, "id": 22}, {"graph": null, "nnodes": 6, "nedges": 6, "density": 0.4, "atomics": "[65, 66, 67, 42, 53, 54]", "group_pop": 6, "init_part_assignment": 7, "id": 23}], "adjacency": [[{"weight": 3, "random_weight": 0.7860577831309452, "id": 1}, {"weight": 4, "random_weight": 0.10000031440350698, "id": 2}, {"weight": 1, "random_weight": 0.5246136529517383, "id": 15}, {"weight": 1, "random_weight": 0.22417435903478122, "id": 19}], [{"weight": 3, "random_weight": 0.7860577831309452, "id": 0}, {"weight": 1, "random_weight": 0.04268197417221742, "id": 15}, {"weight": 4, "random_weight": 0.6869196201684175, "id": 18}, {"weight": 2, "random_weight": 0.6358516789423404, "id": 19}, {"weight": 2, "random_weight": 0.7376204223399622, "id": 23}], [{"weight": 4, "random_weight": 0.10000031440350698, "id": 0}, {"weight": 2, "random_weight": 0.8827401447110335, "id": 5}, {"weight": 2, "random_weight": 0.27756307021855986, "id": 10}, {"weight": 2, "random_weight": 0.009698661536186481, "id": 19}], [{"weight": 2, "random_weight": 0.7431527626675275, "id": 4}, {"weight": 1, "random_weight": 0.31764365825513585, "id": 11}, {"weight": 1, "random_weight": 0.9413673180843991, "id": 20}, {"weight": 2, "random_weight": 0.5185621153319576, "id": 21}, {"weight": 2, "random_weight": 0.0009755258962949043, "id": 22}], [{"weight": 2, "random_weight": 0.7431527626675275, "id": 3}, {"weight": 4, "random_weight": 0.07019326484913357, "id": 11}, {"weight": 4, "random_weight": 0.3053062612480074, "id": 12}, {"weight": 2, "random_weight": 0.7761061749608046, "id": 21}], [{"weight": 2, "random_weight": 0.8827401447110335, "id": 2}, {"weight": 4, "random_weight": 0.04000754199666634, "id": 9}], [{"weight": 2, "random_weight": 0.7760152363243269, "id": 7}, {"weight": 3, "random_weight": 0.6447081420850869, "id": 17}], [{"weight": 2, "random_weight": 0.7760152363243269, "id": 6}, {"weight": 4, "random_weight": 0.3810042078553596, "id": 8}, {"weight": 1, "random_weight": 0.34141228145625435, "id": 9}, {"weight": 1, "random_weight": 0.9044706228570949, "id": 16}, {"weight": 2, "random_weight": 0.3214513920940605, "id": 17}, {"weight": 1, "random_weight": 0.38604583825839656, "id": 22}], [{"weight": 4, "random_weight": 0.3810042078553596, "id": 7}, {"weight": 3, "random_weight": 0.5766207193226979, "id": 9}, {"weight": 3, "random_weight": 0.47564776209705917, "id": 16}], [{"weight": 4, "random_weight": 0.04000754199666634, "id": 5}, {"weight": 1, "random_weight": 0.34141228145625435, "id": 7}, {"weight": 3, "random_weight": 0.5766207193226979, "id": 8}, {"weight": 4, "random_weight": 0.6127211502386049, "id": 10}], [{"weight": 2, "random_weight": 0.27756307021855986, "id": 2}, {"weight": 4, "random_weight": 0.6127211502386049, "id": 9}, {"weight": 3, "random_weight": 0.9307205340858212, "id": 16}, {"weight": 3, "random_weight": 0.05224796243949559, "id": 19}], [{"weight": 1, "random_weight": 0.31764365825513585, "id": 3}, {"weight": 4, "random_weight": 0.07019326484913357, "id": 4}, {"weight": 1, "random_weight": 0.28151630067625444, "id": 12}], [{"weight": 4, "random_weight": 0.3053062612480074, "id": 4}, {"weight": 1, "random_weight": 0.28151630067625444, "id": 11}, {"weight": 2, "random_weight": 0.9525208663782717, "id": 13}, {"weight": 1, "random_weight": 0.8589101771766742, "id": 14}, {"weight": 1, "random_weight": 0.5719111694120306, "id": 21}], [{"weight": 2, "random_weight": 0.9525208663782717, "id": 12}, {"weight": 5, "random_weight": 0.724482366344957, "id": 14}, {"weight": 3, "random_weight": 0.1627140995507418, "id": 18}], [{"weight": 1, "random_weight": 0.8589101771766742, "id": 12}, {"weight": 5, "random_weight": 0.724482366344957, "id": 13}, {"weight": 2, "random_weight": 0.40465691017253014, "id": 18}, {"weight": 1, "random_weight": 0.9646529341970334, "id": 21}, {"weight": 3, "random_weight": 0.7495451848121709, "id": 23}], [{"weight": 1, "random_weight": 0.5246136529517383, "id": 0}, {"weight": 1, "random_weight": 0.04268197417221742, "id": 1}, {"weight": 3, "random_weight": 0.8804251389977994, "id": 18}], [{"weight": 1, "random_weight": 0.9044706228570949, "id": 7}, {"weight": 3, "random_weight": 0.47564776209705917, "id": 8}, {"weight": 3, "random_weight": 0.9307205340858212, "id": 10}, {"weight": 1, "random_weight": 0.24319154585760328, "id": 19}, {"weight": 4, "random_weight": 0.5129404589325672, "id": 20}, {"weight": 2, "random_weight": 0.0837773135423654, "id": 23}], [{"weight": 3, "random_weight": 0.6447081420850869, "id": 6}, {"weight": 2, "random_weight": 0.3214513920940605, "id": 7}, {"weight": 3, "random_weight": 0.4679402362924434, "id": 22}], [{"weight": 4, "random_weight": 0.6869196201684175, "id": 1}, {"weight": 3, "random_weight": 0.1627140995507418, "id": 13}, {"weight": 2, "random_weight": 0.40465691017253014, "id": 14}, {"weight": 3, "random_weight": 0.8804251389977994, "id": 15}, {"weight": 1, "random_weight": 0.2749765823065178, "id": 23}], [{"weight": 1, "random_weight": 0.22417435903478122, "id": 0}, {"weight": 2, "random_weight": 0.6358516789423404, "id": 1}, {"weight": 2, "random_weight": 0.009698661536186481, "id": 2}, {"weight": 3, "random_weight": 0.05224796243949559, "id": 10}, {"weight": 1, "random_weight": 0.24319154585760328, "id": 16}, {"weight": 1, "random_weight": 0.625122616174754, "id": 23}], [{"weight": 1, "random_weight": 0.9413673180843991, "id": 3}, {"weight": 4, "random_weight": 0.5129404589325672, "id": 16}, {"weight": 2, "random_weight": 0.533759221798642, "id": 21}, {"weight": 4, "random_weight": 0.8320521725272074, "id": 22}, {"weight": 1, "random_weight": 0.5161486677661435, "id": 23}], [{"weight": 2, "random_weight": 0.5185621153319576, "id": 3}, {"weight": 2, "random_weight": 0.7761061749608046, "id": 4}, {"weight": 1, "random_weight": 0.5719111694120306, "id": 12}, {"weight": 1, "random_weight": 0.9646529341970334, "id": 14}, {"weight": 2, "random_weight": 0.533759221798642, "id": 20}, {"weight": 2, "random_weight": 0.04750712234517407, "id": 23}], [{"weight": 2, "random_weight": 0.0009755258962949043, "id": 3}, {"weight": 1, "random_weight": 0.38604583825839656, "id": 7}, {"weight": 3, "random_weight": 0.4679402362924434, "id": 17}, {"weight": 4, "random_weight": 0.8320521725272074, "id": 20}], [{"weight": 2, "random_weight": 0.7376204223399622, "id": 1}, {"weight": 3, "random_weight": 0.7495451848121709, "id": 14}, {"weight": 2, "random_weight": 0.0837773135423654, "id": 16}, {"weight": 1, "random_weight": 0.2749765823065178, "id": 18}, {"weight": 1, "random_weight": 0.625122616174754, "id": 19}, {"weight": 1, "random_weight": 0.5161486677661435, "id": 20}, {"weight": 2, "random_weight": 0.04750712234517407, "id": 21}]]}