{"directed": false, "multigraph": false, "graph": [], "nodes": [{"graph": null, "nnodes": 6, "nedges": 5, "density": 0.3333333333333333, "atomics": "[35, 71, 47, 83, 58, 59]", "group_pop": 6, "init_part_assignment": 1, "id": 0}, {"graph": null, "nnodes": 6, "nedges": 6, "density": 0.4, "atomics": "[105, 106, 107, 118, 119, 95]", "group_pop": 6, "init_part_assignment": 2, "id": 1}, {"graph": null, "nnodes": 6, "nedges": 7, "density": 0.4666666666666667, "atomics": "[36, 37, 48, 49, 24, 25]", "group_pop": 6, "init_part_assignment": 8, "id": 2}, {"graph": null, "nnodes": 6, "nedges": 6, "density": 0.4, "atomics": "[38, 39, 40, 50, 51, 27]", "group_pop": 6, "init_part_assignment": 6, "id": 3}, {"graph": null, "nnodes": 6, "nedges": 6, "density": 0.4, "atomics": "[72, 73, 60, 61, 62, 63]", "group_pop": 6, "init_part_assignment": 8, "id": 4}, {"graph": null, "nnodes": 6, "nedges": 7, "density": 0.4666666666666667, "atomics": "[129, 130, 131, 141, 142, 143]", "group_pop": 6, "init_part_assignment": 2, "id": 5}, {"graph": null, "nnodes": 6, "nedges": 7, "density": 0.4666666666666667, "atomics": "[132, 133, 134, 120, 121, 122]", "group_pop": 6, "init_part_assignment": 5, "id": 6}, {"graph": null, "nnodes": 6, "nedges": 7, "density": 0.4666666666666667, "atomics": "[135, 136, 137, 123, 124, 125]", "group_pop": 6, "init_part_assignment": 7, "id": 7}, {"graph": null, "nnodes": 6, "nedges": 5, "density": 0.3333333333333333, "atomics": "[103, 79, 115, 116, 117, 91]", "group_pop": 6, "init_part_assignment": 10, "id": 8}, {"graph": null, "nnodes": 6, "nedges": 6, "density": 0.4, "atomics": "[104, 81, 82, 92, 93, 94]", "group_pop": 6, "init_part_assignment": 9, "id": 9}, {"graph": null, "nnodes": 6, "nedges": 6, "density": 0.4, "atomics": "[0, 1, 12, 13, 14, 26]", "group_pop": 6, "init_part_assignment": 3, "id": 10}, {"graph": null, "nnodes": 6, "nedges": 6, "density": 0.4, "atomics": "[2, 3, 4, 15, 16, 17]", "group_pop": 6, "init_part_assignment": 3, "id": 11}, {"graph": null, "nnodes": 6, "nedges": 5, "density": 0.3333333333333333, "atomics": "[5, 6, 7, 8, 9, 18]", "group_pop": 6, "init_part_assignment": 0, "id": 12}, {"graph": null, "nnodes": 6, "nedges": 6, "density": 0.4, "atomics": "[34, 10, 11, 21, 22, 23]", "group_pop": 6, "init_part_assignment": 1, "id": 13}, {"graph": null, "nnodes": 6, "nedges": 5, "density": 0.3333333333333333, "atomics": "[43, 19, 28, 29, 30, 31]", "group_pop": 6, "init_part_assignment": 6, "id": 14}, {"graph": null, "nnodes": 6, "nedges": 6, "density": 0.4, "atomics": "[32, 33, 44, 45, 46, 20]", "group_pop": 6, "init_part_assignment": 0, "id": 15}, {"graph": null, "nnodes": 6, "nedges": 7, "density": 0.4666666666666667, "atomics": "[98, 99, 100, 110, 111, 112]", "group_pop": 6, "init_part_assignment": 5, "id": 16}, {"graph": null, "nnodes": 6, "nedges": 7, "density": 0.4666666666666667, "atomics": "[101, 102, 113, 114, 89, 90]", "group_pop": 6, "init_part_assignment": 10, "id": 17}, {"graph": null, "nnodes": 6, "nedges": 7, "density": 0.4666666666666667, "atomics": "[128, 138, 139, 140, 126, 127]", "group_pop": 6, "init_part_assignment": 7, "id": 18}, {"graph": null, "nnodes": 6, "nedges": 7, "density": 0.4666666666666667, "atomics": "[96, 97, 108, 109, 84, 85]", "group_pop": 6, "init_part_assignment": 11, "id": 19}, {"graph": null, "nnodes": 6, "nedges": 6, "density": 0.4, "atomics": "[68, 69, 70, 80, 56, 57]", "group_pop": 6, "init_part_assignment": 9, "id": 20}, {"graph": null, "nnodes": 6, "nedges": 6, "density": 0.4, "atomics": "[64, 41, 42, 52, 53, 54]", "group_pop": 6, "init_part_assignment": 4, "id": 21}, {"graph": null, "nnodes": 6, "nedges": 6, "density": 0.4, "atomics": "[65, 66, 67, 77, 78, 55]", "group_pop": 6, "init_part_assignment": 4, "id": 22}, {"graph": null, "nnodes": 6, "nedges": 7, "density": 0.4666666666666667, "atomics": "[74, 75, 76, 86, 87, 88]", "group_pop": 6, "init_part_assignment": 11, "id": 23}], "adjacency": [[{"weight": 1, "random_weight": 0.5611609432129068, "id": 1}, {"weight": 1, "random_weight": 0.4301807287548848, "id": 9}, {"weight": 2, "random_weight": 0.06437864043162078, "id": 13}, {"weight": 2, "random_weight": 0.8262751242095738, "id": 15}, {"weight": 3, "random_weight": 0.6671676416487337, "id": 20}], [{"weight": 1, "random_weight": 0.5611609432129068, "id": 0}, {"weight": 2, "random_weight": 0.12890785435007013, "id": 5}, {"weight": 2, "random_weight": 0.7321052799574704, "id": 8}, {"weight": 4, "random_weight": 0.7676854861839479, "id": 9}], [{"weight": 2, "random_weight": 0.5034744963534676, "id": 3}, {"weight": 2, "random_weight": 0.4076007836676169, "id": 4}, {"weight": 3, "random_weight": 0.9652873088698266, "id": 10}], [{"weight": 2, "random_weight": 0.5034744963534676, "id": 2}, {"weight": 2, "random_weight": 0.7903934607622936, "id": 4}, {"weight": 2, "random_weight": 0.09294064890550535, "id": 10}, {"weight": 1, "random_weight": 0.8431924409743513, "id": 11}, {"weight": 2, "random_weight": 0.7513638422381107, "id": 14}, {"weight": 3, "random_weight": 0.08537053428113406, "id": 21}], [{"weight": 2, "random_weight": 0.4076007836676169, "id": 2}, {"weight": 2, "random_weight": 0.7903934607622936, "id": 3}, {"weight": 2, "random_weight": 0.058480825225233235, "id": 19}, {"weight": 1, "random_weight": 0.6224812305420266, "id": 21}, {"weight": 3, "random_weight": 0.415279574740807, "id": 23}], [{"weight": 2, "random_weight": 0.12890785435007013, "id": 1}, {"weight": 1, "random_weight": 0.7353654132295803, "id": 8}, {"weight": 2, "random_weight": 0.11013238009800852, "id": 18}], [{"weight": 2, "random_weight": 0.9889866309688535, "id": 7}, {"weight": 1, "random_weight": 0.7020218509313806, "id": 16}, {"weight": 2, "random_weight": 0.9124676090406688, "id": 19}], [{"weight": 2, "random_weight": 0.9889866309688535, "id": 6}, {"weight": 2, "random_weight": 0.9872325385227289, "id": 16}, {"weight": 1, "random_weight": 0.9866600685898059, "id": 17}, {"weight": 2, "random_weight": 0.5851782218349014, "id": 18}], [{"weight": 2, "random_weight": 0.7321052799574704, "id": 1}, {"weight": 1, "random_weight": 0.7353654132295803, "id": 5}, {"weight": 3, "random_weight": 0.6657112379453806, "id": 9}, {"weight": 3, "random_weight": 0.16651522633399096, "id": 17}, {"weight": 2, "random_weight": 0.5169008046477322, "id": 18}, {"weight": 1, "random_weight": 0.8538655722397344, "id": 20}, {"weight": 2, "random_weight": 0.799099785312607, "id": 22}], [{"weight": 1, "random_weight": 0.4301807287548848, "id": 0}, {"weight": 4, "random_weight": 0.7676854861839479, "id": 1}, {"weight": 3, "random_weight": 0.6657112379453806, "id": 8}, {"weight": 4, "random_weight": 0.47005110516275606, "id": 20}], [{"weight": 3, "random_weight": 0.9652873088698266, "id": 2}, {"weight": 2, "random_weight": 0.09294064890550535, "id": 3}, {"weight": 3, "random_weight": 0.3965314949434956, "id": 11}], [{"weight": 1, "random_weight": 0.8431924409743513, "id": 3}, {"weight": 3, "random_weight": 0.3965314949434956, "id": 10}, {"weight": 3, "random_weight": 0.39255860771986695, "id": 12}, {"weight": 2, "random_weight": 0.7199371770557854, "id": 14}], [{"weight": 3, "random_weight": 0.39255860771986695, "id": 11}, {"weight": 2, "random_weight": 0.8293435425180237, "id": 13}, {"weight": 3, "random_weight": 0.5859585879284891, "id": 14}, {"weight": 1, "random_weight": 0.4578568209251799, "id": 15}], [{"weight": 2, "random_weight": 0.06437864043162078, "id": 0}, {"weight": 2, "random_weight": 0.8293435425180237, "id": 12}, {"weight": 4, "random_weight": 0.8544243212986091, "id": 15}], [{"weight": 2, "random_weight": 0.7513638422381107, "id": 3}, {"weight": 2, "random_weight": 0.7199371770557854, "id": 11}, {"weight": 3, "random_weight": 0.5859585879284891, "id": 12}, {"weight": 3, "random_weight": 0.8775023611236702, "id": 15}, {"weight": 3, "random_weight": 0.6589234097175621, "id": 21}, {"weight": 1, "random_weight": 0.6541297019321878, "id": 22}], [{"weight": 2, "random_weight": 0.8262751242095738, "id": 0}, {"weight": 1, "random_weight": 0.4578568209251799, "id": 12}, {"weight": 4, "random_weight": 0.8544243212986091, "id": 13}, {"weight": 3, "random_weight": 0.8775023611236702, "id": 14}, {"weight": 2, "random_weight": 0.5907846061772853, "id": 20}], [{"weight": 1, "random_weight": 0.7020218509313806, "id": 6}, {"weight": 2, "random_weight": 0.9872325385227289, "id": 7}, {"weight": 2, "random_weight": 0.011939298615902483, "id": 17}, {"weight": 2, "random_weight": 0.6301427075370697, "id": 19}, {"weight": 3, "random_weight": 0.9406070629169709, "id": 23}], [{"weight": 1, "random_weight": 0.9866600685898059, "id": 7}, {"weight": 3, "random_weight": 0.16651522633399096, "id": 8}, {"weight": 2, "random_weight": 0.011939298615902483, "id": 16}, {"weight": 1, "random_weight": 0.665923720387462, "id": 18}, {"weight": 2, "random_weight": 0.7258113849716041, "id": 22}, {"weight": 1, "random_weight": 0.4738496913247917, "id": 23}], [{"weight": 2, "random_weight": 0.11013238009800852, "id": 5}, {"weight": 2, "random_weight": 0.5851782218349014, "id": 7}, {"weight": 2, "random_weight": 0.5169008046477322, "id": 8}, {"weight": 1, "random_weight": 0.665923720387462, "id": 17}], [{"weight": 2, "random_weight": 0.058480825225233235, "id": 4}, {"weight": 2, "random_weight": 0.9124676090406688, "id": 6}, {"weight": 2, "random_weight": 0.6301427075370697, "id": 16}, {"weight": 1, "random_weight": 0.714970875554053, "id": 23}], [{"weight": 3, "random_weight": 0.6671676416487337, "id": 0}, {"weight": 1, "random_weight": 0.8538655722397344, "id": 8}, {"weight": 4, "random_weight": 0.47005110516275606, "id": 9}, {"weight": 2, "random_weight": 0.5907846061772853, "id": 15}, {"weight": 2, "random_weight": 0.6623849995113946, "id": 22}], [{"weight": 3, "random_weight": 0.08537053428113406, "id": 3}, {"weight": 1, "random_weight": 0.6224812305420266, "id": 4}, {"weight": 3, "random_weight": 0.6589234097175621, "id": 14}, {"weight": 4, "random_weight": 0.007988242287296332, "id": 22}, {"weight": 1, "random_weight": 0.523684549158619, "id": 23}], [{"weight": 2, "random_weight": 0.799099785312607, "id": 8}, {"weight": 1, "random_weight": 0.6541297019321878, "id": 14}, {"weight": 2, "random_weight": 0.7258113849716041, "id": 17}, {"weight": 2, "random_weight": 0.6623849995113946, "id": 20}, {"weight": 4, "random_weight": 0.007988242287296332, "id": 21}, {"weight": 1, "random_weight": 0.7692101886226012, "id": 23}], [{"weight": 3, "random_weight": 0.415279574740807, "id": 4}, {"weight": 3, "random_weight": 0.9406070629169709, "id": 16}, {"weight": 1, "random_weight": 0.4738496913247917, "id": 17}, {"weight": 1, "random_weight": 0.714970875554053, "id": 19}, {"weight": 1, "random_weight": 0.523684549158619, "id": 21}, {"weight": 1, "random_weight": 0.7692101886226012, "id": 22}]]}