{"directed": false, "multigraph": false, "graph": [], "nodes": [{"graph": null, "nnodes": 6, "nedges": 6, "density": 0.4, "atomics": "[70, 71, 83, 58, 59, 95]", "group_pop": 6, "init_part_assignment": 8, "id": 0}, {"graph": null, "nnodes": 6, "nedges": 6, "density": 0.4, "atomics": "[106, 107, 117, 118, 119, 94]", "group_pop": 6, "init_part_assignment": 1, "id": 1}, {"graph": null, "nnodes": 6, "nedges": 6, "density": 0.4, "atomics": "[36, 37, 38, 48, 24, 25]", "group_pop": 6, "init_part_assignment": 0, "id": 2}, {"graph": null, "nnodes": 6, "nedges": 5, "density": 0.3333333333333333, "atomics": "[72, 49, 84, 60, 61, 62]", "group_pop": 6, "init_part_assignment": 6, "id": 3}, {"graph": null, "nnodes": 6, "nedges": 5, "density": 0.3333333333333333, "atomics": "[64, 65, 39, 50, 51, 63]", "group_pop": 6, "init_part_assignment": 5, "id": 4}, {"graph": null, "nnodes": 6, "nedges": 7, "density": 0.4666666666666667, "atomics": "[129, 130, 131, 141, 142, 143]", "group_pop": 6, "init_part_assignment": 1, "id": 5}, {"graph": null, "nnodes": 6, "nedges": 7, "density": 0.4666666666666667, "atomics": "[132, 133, 134, 120, 121, 122]", "group_pop": 6, "init_part_assignment": 2, "id": 6}, {"graph": null, "nnodes": 6, "nedges": 5, "density": 0.3333333333333333, "atomics": "[135, 136, 137, 138, 139, 123]", "group_pop": 6, "init_part_assignment": 2, "id": 7}, {"graph": null, "nnodes": 6, "nedges": 5, "density": 0.3333333333333333, "atomics": "[128, 140, 113, 125, 126, 127]", "group_pop": 6, "init_part_assignment": 10, "id": 8}, {"graph": null, "nnodes": 6, "nedges": 6, "density": 0.4, "atomics": "[103, 104, 105, 114, 115, 116]", "group_pop": 6, "init_part_assignment": 11, "id": 9}, {"graph": null, "nnodes": 6, "nedges": 6, "density": 0.4, "atomics": "[12, 13, 14, 15, 26, 27]", "group_pop": 6, "init_part_assignment": 0, "id": 10}, {"graph": null, "nnodes": 6, "nedges": 5, "density": 0.3333333333333333, "atomics": "[0, 1, 2, 3, 4, 16]", "group_pop": 6, "init_part_assignment": 3, "id": 11}, {"graph": null, "nnodes": 6, "nedges": 6, "density": 0.4, "atomics": "[5, 6, 17, 18, 19, 20]", "group_pop": 6, "init_part_assignment": 3, "id": 12}, {"graph": null, "nnodes": 6, "nedges": 6, "density": 0.4, "atomics": "[35, 10, 11, 47, 22, 23]", "group_pop": 6, "init_part_assignment": 7, "id": 13}, {"graph": null, "nnodes": 6, "nedges": 5, "density": 0.3333333333333333, "atomics": "[33, 34, 7, 8, 9, 21]", "group_pop": 6, "init_part_assignment": 7, "id": 14}, {"graph": null, "nnodes": 6, "nedges": 5, "density": 0.3333333333333333, "atomics": "[32, 43, 28, 29, 30, 31]", "group_pop": 6, "init_part_assignment": 4, "id": 15}, {"graph": null, "nnodes": 6, "nedges": 6, "density": 0.4, "atomics": "[99, 100, 111, 112, 88, 124]", "group_pop": 6, "init_part_assignment": 9, "id": 16}, {"graph": null, "nnodes": 6, "nedges": 7, "density": 0.4666666666666667, "atomics": "[96, 97, 98, 108, 109, 110]", "group_pop": 6, "init_part_assignment": 9, "id": 17}, {"graph": null, "nnodes": 6, "nedges": 6, "density": 0.4, "atomics": "[44, 45, 46, 55, 56, 57]", "group_pop": 6, "init_part_assignment": 8, "id": 18}, {"graph": null, "nnodes": 6, "nedges": 5, "density": 0.3333333333333333, "atomics": "[68, 69, 81, 82, 92, 93]", "group_pop": 6, "init_part_assignment": 11, "id": 19}, {"graph": null, "nnodes": 6, "nedges": 6, "density": 0.4, "atomics": "[101, 102, 76, 77, 89, 90]", "group_pop": 6, "init_part_assignment": 10, "id": 20}, {"graph": null, "nnodes": 6, "nedges": 6, "density": 0.4, "atomics": "[66, 67, 78, 79, 80, 91]", "group_pop": 6, "init_part_assignment": 5, "id": 21}, {"graph": null, "nnodes": 6, "nedges": 7, "density": 0.4666666666666667, "atomics": "[40, 41, 42, 52, 53, 54]", "group_pop": 6, "init_part_assignment": 4, "id": 22}, {"graph": null, "nnodes": 6, "nedges": 7, "density": 0.4666666666666667, "atomics": "[73, 74, 75, 85, 86, 87]", "group_pop": 6, "init_part_assignment": 6, "id": 23}], "adjacency": [[{"weight": 2, "random_weight": 0.8332884635129543, "id": 1}, {"weight": 1, "random_weight": 0.5045239251424911, "id": 13}, {"weight": 2, "random_weight": 0.3967946206898373, "id": 18}, {"weight": 3, "random_weight": 0.6738979499532373, "id": 19}], [{"weight": 2, "random_weight": 0.8332884635129543, "id": 0}, {"weight": 3, "random_weight": 0.3567449425030941, "id": 5}, {"weight": 3, "random_weight": 0.21734142992855854, "id": 9}, {"weight": 2, "random_weight": 0.284252682132644, "id": 19}], [{"weight": 3, "random_weight": 0.5463228149305279, "id": 3}, {"weight": 2, "random_weight": 0.5726381619325007, "id": 4}, {"weight": 4, "random_weight": 0.4216420351767278, "id": 10}], [{"weight": 3, "random_weight": 0.5463228149305279, "id": 2}, {"weight": 3, "random_weight": 0.7820663869138337, "id": 4}, {"weight": 1, "random_weight": 0.8269287272854456, "id": 17}, {"weight": 4, "random_weight": 0.1491828792839489, "id": 23}], [{"weight": 2, "random_weight": 0.5726381619325007, "id": 2}, {"weight": 3, "random_weight": 0.7820663869138337, "id": 3}, {"weight": 1, "random_weight": 0.9132657780217238, "id": 10}, {"weight": 2, "random_weight": 0.5302397645969323, "id": 20}, {"weight": 1, "random_weight": 0.17946919296192643, "id": 21}, {"weight": 4, "random_weight": 0.9738866892840774, "id": 22}, {"weight": 1, "random_weight": 0.8008997053401962, "id": 23}], [{"weight": 3, "random_weight": 0.3567449425030941, "id": 1}, {"weight": 2, "random_weight": 0.8207263406669446, "id": 8}], [{"weight": 2, "random_weight": 0.019515338908302482, "id": 7}, {"weight": 3, "random_weight": 0.5406891465670416, "id": 17}], [{"weight": 2, "random_weight": 0.019515338908302482, "id": 6}, {"weight": 4, "random_weight": 0.9109805390669755, "id": 8}, {"weight": 3, "random_weight": 0.810189500450842, "id": 16}], [{"weight": 2, "random_weight": 0.8207263406669446, "id": 5}, {"weight": 4, "random_weight": 0.9109805390669755, "id": 7}, {"weight": 4, "random_weight": 0.5746735035269989, "id": 9}, {"weight": 2, "random_weight": 0.6634756191420454, "id": 16}, {"weight": 1, "random_weight": 0.037261359754001244, "id": 20}], [{"weight": 3, "random_weight": 0.21734142992855854, "id": 1}, {"weight": 4, "random_weight": 0.5746735035269989, "id": 8}, {"weight": 2, "random_weight": 0.16474421954424867, "id": 19}, {"weight": 2, "random_weight": 0.03590342366963306, "id": 20}, {"weight": 1, "random_weight": 0.3455167583807932, "id": 21}], [{"weight": 4, "random_weight": 0.4216420351767278, "id": 2}, {"weight": 1, "random_weight": 0.9132657780217238, "id": 4}, {"weight": 5, "random_weight": 0.9855193185144048, "id": 11}, {"weight": 1, "random_weight": 0.4648720811825656, "id": 15}], [{"weight": 5, "random_weight": 0.9855193185144048, "id": 10}, {"weight": 2, "random_weight": 0.3421457323763186, "id": 12}, {"weight": 1, "random_weight": 0.923547457451276, "id": 15}], [{"weight": 2, "random_weight": 0.3421457323763186, "id": 11}, {"weight": 4, "random_weight": 0.29600286248885843, "id": 14}, {"weight": 4, "random_weight": 0.6414740576296839, "id": 15}], [{"weight": 1, "random_weight": 0.5045239251424911, "id": 0}, {"weight": 4, "random_weight": 0.5281932419477828, "id": 14}, {"weight": 1, "random_weight": 0.9435914425748038, "id": 18}], [{"weight": 4, "random_weight": 0.29600286248885843, "id": 12}, {"weight": 4, "random_weight": 0.5281932419477828, "id": 13}, {"weight": 1, "random_weight": 0.7998276875702538, "id": 15}, {"weight": 2, "random_weight": 0.9642182934732625, "id": 18}], [{"weight": 1, "random_weight": 0.4648720811825656, "id": 10}, {"weight": 1, "random_weight": 0.923547457451276, "id": 11}, {"weight": 4, "random_weight": 0.6414740576296839, "id": 12}, {"weight": 1, "random_weight": 0.7998276875702538, "id": 14}, {"weight": 3, "random_weight": 0.3905784792156931, "id": 18}, {"weight": 4, "random_weight": 0.059583187729126075, "id": 22}], [{"weight": 3, "random_weight": 0.810189500450842, "id": 7}, {"weight": 2, "random_weight": 0.6634756191420454, "id": 8}, {"weight": 2, "random_weight": 0.18042325807438409, "id": 17}, {"weight": 3, "random_weight": 0.9722244533085972, "id": 20}, {"weight": 2, "random_weight": 0.38612966074694155, "id": 23}], [{"weight": 1, "random_weight": 0.8269287272854456, "id": 3}, {"weight": 3, "random_weight": 0.5406891465670416, "id": 6}, {"weight": 2, "random_weight": 0.18042325807438409, "id": 16}, {"weight": 2, "random_weight": 0.8620450708234723, "id": 23}], [{"weight": 2, "random_weight": 0.3967946206898373, "id": 0}, {"weight": 1, "random_weight": 0.9435914425748038, "id": 13}, {"weight": 2, "random_weight": 0.9642182934732625, "id": 14}, {"weight": 3, "random_weight": 0.3905784792156931, "id": 15}, {"weight": 2, "random_weight": 0.47590909164115747, "id": 19}, {"weight": 1, "random_weight": 0.5840048784451181, "id": 21}, {"weight": 1, "random_weight": 0.5577175043033898, "id": 22}], [{"weight": 3, "random_weight": 0.6738979499532373, "id": 0}, {"weight": 2, "random_weight": 0.284252682132644, "id": 1}, {"weight": 2, "random_weight": 0.16474421954424867, "id": 9}, {"weight": 2, "random_weight": 0.47590909164115747, "id": 18}, {"weight": 5, "random_weight": 0.38826449419707576, "id": 21}], [{"weight": 2, "random_weight": 0.5302397645969323, "id": 4}, {"weight": 1, "random_weight": 0.037261359754001244, "id": 8}, {"weight": 2, "random_weight": 0.03590342366963306, "id": 9}, {"weight": 3, "random_weight": 0.9722244533085972, "id": 16}, {"weight": 3, "random_weight": 0.03057317258671033, "id": 21}, {"weight": 1, "random_weight": 0.9826561539566383, "id": 23}], [{"weight": 1, "random_weight": 0.17946919296192643, "id": 4}, {"weight": 1, "random_weight": 0.3455167583807932, "id": 9}, {"weight": 1, "random_weight": 0.5840048784451181, "id": 18}, {"weight": 5, "random_weight": 0.38826449419707576, "id": 19}, {"weight": 3, "random_weight": 0.03057317258671033, "id": 20}, {"weight": 1, "random_weight": 0.9404626441959033, "id": 22}], [{"weight": 4, "random_weight": 0.9738866892840774, "id": 4}, {"weight": 4, "random_weight": 0.059583187729126075, "id": 15}, {"weight": 1, "random_weight": 0.5577175043033898, "id": 18}, {"weight": 1, "random_weight": 0.9404626441959033, "id": 21}], [{"weight": 4, "random_weight": 0.1491828792839489, "id": 3}, {"weight": 1, "random_weight": 0.8008997053401962, "id": 4}, {"weight": 2, "random_weight": 0.38612966074694155, "id": 16}, {"weight": 2, "random_weight": 0.8620450708234723, "id": 17}, {"weight": 1, "random_weight": 0.9826561539566383, "id": 20}]]}