{"directed": false, "multigraph": false, "graph": [], "nodes": [{"graph": null, "nnodes": 6, "nedges": 7, "density": 0.4666666666666667, "atomics": "[70, 71, 82, 83, 94, 95]", "group_pop": 6, "init_part_assignment": 4, "id": 0}, {"graph": null, "nnodes": 6, "nedges": 7, "density": 0.4666666666666667, "atomics": "[34, 35, 46, 47, 58, 59]", "group_pop": 6, "init_part_assignment": 1, "id": 1}, {"graph": null, "nnodes": 6, "nedges": 7, "density": 0.4666666666666667, "atomics": "[105, 106, 107, 117, 118, 119]", "group_pop": 6, "init_part_assignment": 4, "id": 2}, {"graph": null, "nnodes": 6, "nedges": 7, "density": 0.4666666666666667, "atomics": "[36, 37, 38, 48, 49, 50]", "group_pop": 6, "init_part_assignment": 7, "id": 3}, {"graph": null, "nnodes": 6, "nedges": 5, "density": 0.3333333333333333, "atomics": "[39, 51, 60, 61, 62, 63]", "group_pop": 6, "init_part_assignment": 8, "id": 4}, {"graph": null, "nnodes": 6, "nedges": 7, "density": 0.4666666666666667, "atomics": "[129, 130, 131, 141, 142, 143]", "group_pop": 6, "init_part_assignment": 2, "id": 5}, {"graph": null, "nnodes": 6, "nedges": 6, "density": 0.4, "atomics": "[132, 133, 109, 120, 121, 122]", "group_pop": 6, "init_part_assignment": 3, "id": 6}, {"graph": null, "nnodes": 6, "nedges": 6, "density": 0.4, "atomics": "[134, 135, 136, 137, 123, 124]", "group_pop": 6, "init_part_assignment": 0, "id": 7}, {"graph": null, "nnodes": 6, "nedges": 5, "density": 0.3333333333333333, "atomics": "[102, 113, 114, 115, 125, 127]", "group_pop": 6, "init_part_assignment": 9, "id": 8}, {"graph": null, "nnodes": 6, "nedges": 7, "density": 0.4666666666666667, "atomics": "[0, 1, 12, 13, 24, 25]", "group_pop": 6, "init_part_assignment": 7, "id": 9}, {"graph": null, "nnodes": 6, "nedges": 7, "density": 0.4666666666666667, "atomics": "[4, 5, 16, 17, 28, 29]", "group_pop": 6, "init_part_assignment": 5, "id": 10}, {"graph": null, "nnodes": 6, "nedges": 7, "density": 0.4666666666666667, "atomics": "[6, 7, 8, 18, 19, 20]", "group_pop": 6, "init_part_assignment": 5, "id": 11}, {"graph": null, "nnodes": 6, "nedges": 7, "density": 0.4666666666666667, "atomics": "[2, 3, 14, 15, 26, 27]", "group_pop": 6, "init_part_assignment": 8, "id": 12}, {"graph": null, "nnodes": 6, "nedges": 7, "density": 0.4666666666666667, "atomics": "[9, 10, 11, 21, 22, 23]", "group_pop": 6, "init_part_assignment": 1, "id": 13}, {"graph": null, "nnodes": 6, "nedges": 6, "density": 0.4, "atomics": "[32, 42, 43, 55, 30, 31]", "group_pop": 6, "init_part_assignment": 6, "id": 14}, {"graph": null, "nnodes": 6, "nedges": 6, "density": 0.4, "atomics": "[99, 100, 101, 111, 112, 87]", "group_pop": 6, "init_part_assignment": 0, "id": 15}, {"graph": null, "nnodes": 6, "nedges": 5, "density": 0.3333333333333333, "atomics": "[128, 138, 139, 140, 116, 126]", "group_pop": 6, "init_part_assignment": 2, "id": 16}, {"graph": null, "nnodes": 6, "nedges": 6, "density": 0.4, "atomics": "[96, 72, 73, 108, 84, 85]", "group_pop": 6, "init_part_assignment": 3, "id": 17}, {"graph": null, "nnodes": 6, "nedges": 5, "density": 0.3333333333333333, "atomics": "[97, 98, 74, 75, 110, 86]", "group_pop": 6, "init_part_assignment": 11, "id": 18}, {"graph": null, "nnodes": 6, "nedges": 6, "density": 0.4, "atomics": "[33, 69, 44, 45, 56, 57]", "group_pop": 6, "init_part_assignment": 10, "id": 19}, {"graph": null, "nnodes": 6, "nedges": 6, "density": 0.4, "atomics": "[103, 104, 81, 91, 92, 93]", "group_pop": 6, "init_part_assignment": 9, "id": 20}, {"graph": null, "nnodes": 6, "nedges": 6, "density": 0.4, "atomics": "[67, 68, 78, 79, 80, 90]", "group_pop": 6, "init_part_assignment": 10, "id": 21}, {"graph": null, "nnodes": 6, "nedges": 7, "density": 0.4666666666666667, "atomics": "[64, 65, 76, 77, 88, 89]", "group_pop": 6, "init_part_assignment": 11, "id": 22}, {"graph": null, "nnodes": 6, "nedges": 6, "density": 0.4, "atomics": "[66, 40, 41, 52, 53, 54]", "group_pop": 6, "init_part_assignment": 6, "id": 23}], "adjacency": [[{"weight": 2, "random_weight": 0.7160122653844337, "id": 1}, {"weight": 2, "random_weight": 0.5981556291145883, "id": 2}, {"weight": 1, "random_weight": 0.4959076802322686, "id": 19}, {"weight": 2, "random_weight": 0.2780458479580762, "id": 20}], [{"weight": 2, "random_weight": 0.7160122653844337, "id": 0}, {"weight": 2, "random_weight": 0.4290943566914399, "id": 13}, {"weight": 3, "random_weight": 0.4001935097416558, "id": 19}], [{"weight": 2, "random_weight": 0.5981556291145883, "id": 0}, {"weight": 3, "random_weight": 0.5400677102777444, "id": 5}, {"weight": 1, "random_weight": 0.6348890499317577, "id": 16}, {"weight": 2, "random_weight": 0.6020255010131099, "id": 20}], [{"weight": 5, "random_weight": 0.9501123164480579, "id": 4}, {"weight": 2, "random_weight": 0.1409922478962542, "id": 9}, {"weight": 1, "random_weight": 0.162551700862407, "id": 12}], [{"weight": 5, "random_weight": 0.9501123164480579, "id": 3}, {"weight": 1, "random_weight": 0.9149163152834192, "id": 12}, {"weight": 2, "random_weight": 0.9590519523393392, "id": 17}, {"weight": 2, "random_weight": 0.6515260348655405, "id": 18}, {"weight": 1, "random_weight": 0.058678955126699406, "id": 22}, {"weight": 2, "random_weight": 0.9713055160122289, "id": 23}], [{"weight": 3, "random_weight": 0.5400677102777444, "id": 2}, {"weight": 2, "random_weight": 0.23569181375259263, "id": 16}], [{"weight": 3, "random_weight": 0.5273798732029257, "id": 7}, {"weight": 2, "random_weight": 0.6979339998945616, "id": 17}, {"weight": 3, "random_weight": 0.7399310932365377, "id": 18}], [{"weight": 3, "random_weight": 0.5273798732029257, "id": 6}, {"weight": 2, "random_weight": 0.7690251254570472, "id": 8}, {"weight": 2, "random_weight": 0.07921508718832926, "id": 15}, {"weight": 1, "random_weight": 0.3503768434111958, "id": 16}], [{"weight": 2, "random_weight": 0.7690251254570472, "id": 7}, {"weight": 3, "random_weight": 0.06337640430671221, "id": 15}, {"weight": 6, "random_weight": 0.39022891072820265, "id": 16}, {"weight": 2, "random_weight": 0.2037757867053014, "id": 20}, {"weight": 1, "random_weight": 0.12331375310130432, "id": 21}], [{"weight": 2, "random_weight": 0.1409922478962542, "id": 3}, {"weight": 3, "random_weight": 0.3442553524464146, "id": 12}], [{"weight": 2, "random_weight": 0.964199229641419, "id": 11}, {"weight": 3, "random_weight": 0.9753814789957868, "id": 12}, {"weight": 1, "random_weight": 0.8004110716306803, "id": 14}, {"weight": 2, "random_weight": 0.19265596979665, "id": 23}], [{"weight": 2, "random_weight": 0.964199229641419, "id": 10}, {"weight": 2, "random_weight": 0.8926862255636115, "id": 13}, {"weight": 3, "random_weight": 0.9667623067819412, "id": 14}], [{"weight": 1, "random_weight": 0.162551700862407, "id": 3}, {"weight": 1, "random_weight": 0.9149163152834192, "id": 4}, {"weight": 3, "random_weight": 0.3442553524464146, "id": 9}, {"weight": 3, "random_weight": 0.9753814789957868, "id": 10}], [{"weight": 2, "random_weight": 0.4290943566914399, "id": 1}, {"weight": 2, "random_weight": 0.8926862255636115, "id": 11}, {"weight": 1, "random_weight": 0.807540924278386, "id": 19}], [{"weight": 1, "random_weight": 0.8004110716306803, "id": 10}, {"weight": 3, "random_weight": 0.9667623067819412, "id": 11}, {"weight": 4, "random_weight": 0.792727647719851, "id": 19}, {"weight": 1, "random_weight": 0.8323669420334305, "id": 21}, {"weight": 3, "random_weight": 0.05499839657760164, "id": 23}], [{"weight": 2, "random_weight": 0.07921508718832926, "id": 7}, {"weight": 3, "random_weight": 0.06337640430671221, "id": 8}, {"weight": 4, "random_weight": 0.5776086903002934, "id": 18}, {"weight": 3, "random_weight": 0.48641840773196343, "id": 22}], [{"weight": 1, "random_weight": 0.6348890499317577, "id": 2}, {"weight": 2, "random_weight": 0.23569181375259263, "id": 5}, {"weight": 1, "random_weight": 0.3503768434111958, "id": 7}, {"weight": 6, "random_weight": 0.39022891072820265, "id": 8}, {"weight": 1, "random_weight": 0.821014603103346, "id": 20}], [{"weight": 2, "random_weight": 0.9590519523393392, "id": 4}, {"weight": 2, "random_weight": 0.6979339998945616, "id": 6}, {"weight": 4, "random_weight": 0.7457950969069503, "id": 18}], [{"weight": 2, "random_weight": 0.6515260348655405, "id": 4}, {"weight": 3, "random_weight": 0.7399310932365377, "id": 6}, {"weight": 4, "random_weight": 0.5776086903002934, "id": 15}, {"weight": 4, "random_weight": 0.7457950969069503, "id": 17}, {"weight": 1, "random_weight": 0.45685239361127683, "id": 22}], [{"weight": 1, "random_weight": 0.4959076802322686, "id": 0}, {"weight": 3, "random_weight": 0.4001935097416558, "id": 1}, {"weight": 1, "random_weight": 0.807540924278386, "id": 13}, {"weight": 4, "random_weight": 0.792727647719851, "id": 14}, {"weight": 1, "random_weight": 0.9121860683439372, "id": 20}, {"weight": 2, "random_weight": 0.4706940141891216, "id": 21}], [{"weight": 2, "random_weight": 0.2780458479580762, "id": 0}, {"weight": 2, "random_weight": 0.6020255010131099, "id": 2}, {"weight": 2, "random_weight": 0.2037757867053014, "id": 8}, {"weight": 1, "random_weight": 0.821014603103346, "id": 16}, {"weight": 1, "random_weight": 0.9121860683439372, "id": 19}, {"weight": 4, "random_weight": 0.390391681690497, "id": 21}], [{"weight": 1, "random_weight": 0.12331375310130432, "id": 8}, {"weight": 1, "random_weight": 0.8323669420334305, "id": 14}, {"weight": 2, "random_weight": 0.4706940141891216, "id": 19}, {"weight": 4, "random_weight": 0.390391681690497, "id": 20}, {"weight": 2, "random_weight": 0.5324993844893237, "id": 22}, {"weight": 2, "random_weight": 0.77283523356659, "id": 23}], [{"weight": 1, "random_weight": 0.058678955126699406, "id": 4}, {"weight": 3, "random_weight": 0.48641840773196343, "id": 15}, {"weight": 1, "random_weight": 0.45685239361127683, "id": 18}, {"weight": 2, "random_weight": 0.5324993844893237, "id": 21}, {"weight": 3, "random_weight": 0.9873474380475159, "id": 23}], [{"weight": 2, "random_weight": 0.9713055160122289, "id": 4}, {"weight": 2, "random_weight": 0.19265596979665, "id": 10}, {"weight": 3, "random_weight": 0.05499839657760164, "id": 14}, {"weight": 2, "random_weight": 0.77283523356659, "id": 21}, {"weight": 3, "random_weight": 0.9873474380475159, "id": 22}]]}