{"directed": false, "multigraph": false, "graph": [], "nodes": [{"graph": null, "nnodes": 6, "nedges": 6, "density": 0.4, "atomics": "[69, 70, 71, 83, 57, 58]", "group_pop": 6, "init_part_assignment": 6, "id": 0}, {"graph": null, "nnodes": 6, "nedges": 6, "density": 0.4, "atomics": "[33, 34, 45, 46, 47, 59]", "group_pop": 6, "init_part_assignment": 1, "id": 1}, {"graph": null, "nnodes": 6, "nedges": 5, "density": 0.3333333333333333, "atomics": "[107, 119, 92, 93, 94, 95]", "group_pop": 6, "init_part_assignment": 4, "id": 2}, {"graph": null, "nnodes": 6, "nedges": 5, "density": 0.3333333333333333, "atomics": "[36, 72, 48, 84, 85, 60]", "group_pop": 6, "init_part_assignment": 9, "id": 3}, {"graph": null, "nnodes": 6, "nedges": 5, "density": 0.3333333333333333, "atomics": "[2, 37, 38, 14, 49, 26]", "group_pop": 6, "init_part_assignment": 5, "id": 4}, {"graph": null, "nnodes": 6, "nedges": 6, "density": 0.4, "atomics": "[73, 50, 51, 61, 62, 63]", "group_pop": 6, "init_part_assignment": 9, "id": 5}, {"graph": null, "nnodes": 6, "nedges": 7, "density": 0.4666666666666667, "atomics": "[129, 130, 131, 141, 142, 143]", "group_pop": 6, "init_part_assignment": 4, "id": 6}, {"graph": null, "nnodes": 6, "nedges": 6, "density": 0.4, "atomics": "[103, 104, 105, 106, 117, 118]", "group_pop": 6, "init_part_assignment": 2, "id": 7}, {"graph": null, "nnodes": 6, "nedges": 6, "density": 0.4, "atomics": "[132, 133, 108, 120, 121, 122]", "group_pop": 6, "init_part_assignment": 8, "id": 8}, {"graph": null, "nnodes": 6, "nedges": 6, "density": 0.4, "atomics": "[134, 135, 136, 112, 123, 124]", "group_pop": 6, "init_part_assignment": 3, "id": 9}, {"graph": null, "nnodes": 6, "nedges": 6, "density": 0.4, "atomics": "[137, 113, 114, 115, 125, 126]", "group_pop": 6, "init_part_assignment": 0, "id": 10}, {"graph": null, "nnodes": 6, "nedges": 7, "density": 0.4666666666666667, "atomics": "[0, 1, 12, 13, 24, 25]", "group_pop": 6, "init_part_assignment": 5, "id": 11}, {"graph": null, "nnodes": 6, "nedges": 7, "density": 0.4666666666666667, "atomics": "[3, 4, 15, 16, 27, 28]", "group_pop": 6, "init_part_assignment": 11, "id": 12}, {"graph": null, "nnodes": 6, "nedges": 7, "density": 0.4666666666666667, "atomics": "[5, 6, 7, 17, 18, 19]", "group_pop": 6, "init_part_assignment": 11, "id": 13}, {"graph": null, "nnodes": 6, "nedges": 6, "density": 0.4, "atomics": "[35, 10, 11, 21, 22, 23]", "group_pop": 6, "init_part_assignment": 1, "id": 14}, {"graph": null, "nnodes": 6, "nedges": 5, "density": 0.3333333333333333, "atomics": "[32, 8, 9, 44, 20, 56]", "group_pop": 6, "init_part_assignment": 7, "id": 15}, {"graph": null, "nnodes": 6, "nedges": 7, "density": 0.4666666666666667, "atomics": "[41, 42, 43, 29, 30, 31]", "group_pop": 6, "init_part_assignment": 7, "id": 16}, {"graph": null, "nnodes": 6, "nedges": 5, "density": 0.3333333333333333, "atomics": "[99, 100, 101, 74, 86, 87]", "group_pop": 6, "init_part_assignment": 3, "id": 17}, {"graph": null, "nnodes": 6, "nedges": 6, "density": 0.4, "atomics": "[96, 97, 98, 109, 110, 111]", "group_pop": 6, "init_part_assignment": 8, "id": 18}, {"graph": null, "nnodes": 6, "nedges": 6, "density": 0.4, "atomics": "[128, 138, 139, 140, 116, 127]", "group_pop": 6, "init_part_assignment": 2, "id": 19}, {"graph": null, "nnodes": 6, "nedges": 5, "density": 0.3333333333333333, "atomics": "[68, 79, 80, 81, 82, 91]", "group_pop": 6, "init_part_assignment": 6, "id": 20}, {"graph": null, "nnodes": 6, "nedges": 6, "density": 0.4, "atomics": "[102, 77, 78, 88, 89, 90]", "group_pop": 6, "init_part_assignment": 0, "id": 21}, {"graph": null, "nnodes": 6, "nedges": 5, "density": 0.3333333333333333, "atomics": "[64, 39, 40, 75, 76, 52]", "group_pop": 6, "init_part_assignment": 10, "id": 22}, {"graph": null, "nnodes": 6, "nedges": 7, "density": 0.4666666666666667, "atomics": "[65, 66, 67, 53, 54, 55]", "group_pop": 6, "init_part_assignment": 10, "id": 23}], "adjacency": [[{"weight": 4, "random_weight": 0.6949005854282592, "id": 1}, {"weight": 1, "random_weight": 0.16023905532054494, "id": 2}, {"weight": 1, "random_weight": 0.14700234868177564, "id": 15}, {"weight": 4, "random_weight": 0.08065724636292038, "id": 20}], [{"weight": 4, "random_weight": 0.6949005854282592, "id": 0}, {"weight": 4, "random_weight": 0.1719705326876514, "id": 14}, {"weight": 2, "random_weight": 0.01326226408009712, "id": 15}], [{"weight": 1, "random_weight": 0.16023905532054494, "id": 0}, {"weight": 1, "random_weight": 0.5982909478524446, "id": 6}, {"weight": 5, "random_weight": 0.04080413277610195, "id": 7}, {"weight": 4, "random_weight": 0.4259105232004907, "id": 20}], [{"weight": 2, "random_weight": 0.6625063484949223, "id": 4}, {"weight": 3, "random_weight": 0.1485991902734335, "id": 5}, {"weight": 1, "random_weight": 0.5095735682040459, "id": 11}, {"weight": 1, "random_weight": 0.9601098924934636, "id": 17}, {"weight": 2, "random_weight": 0.3253497486612713, "id": 18}], [{"weight": 2, "random_weight": 0.6625063484949223, "id": 3}, {"weight": 3, "random_weight": 0.47435734412473496, "id": 5}, {"weight": 4, "random_weight": 0.43432131284463094, "id": 11}, {"weight": 3, "random_weight": 0.20103513633043368, "id": 12}, {"weight": 1, "random_weight": 0.8178709523387773, "id": 22}], [{"weight": 3, "random_weight": 0.1485991902734335, "id": 3}, {"weight": 3, "random_weight": 0.47435734412473496, "id": 4}, {"weight": 2, "random_weight": 0.5694405975631306, "id": 17}, {"weight": 4, "random_weight": 0.12843746979319992, "id": 22}], [{"weight": 1, "random_weight": 0.5982909478524446, "id": 2}, {"weight": 2, "random_weight": 0.28859791626674924, "id": 7}, {"weight": 2, "random_weight": 0.6965910033639683, "id": 19}], [{"weight": 5, "random_weight": 0.04080413277610195, "id": 2}, {"weight": 2, "random_weight": 0.28859791626674924, "id": 6}, {"weight": 1, "random_weight": 0.9667662306370598, "id": 10}, {"weight": 2, "random_weight": 0.29233663169618707, "id": 19}, {"weight": 1, "random_weight": 0.8262593951625803, "id": 20}, {"weight": 1, "random_weight": 0.8438016445222299, "id": 21}], [{"weight": 3, "random_weight": 0.8488827012474733, "id": 9}, {"weight": 4, "random_weight": 0.551011605336698, "id": 18}], [{"weight": 3, "random_weight": 0.8488827012474733, "id": 8}, {"weight": 3, "random_weight": 0.9058318715434165, "id": 10}, {"weight": 1, "random_weight": 0.2223068553420805, "id": 17}, {"weight": 2, "random_weight": 0.13569629166517994, "id": 18}], [{"weight": 1, "random_weight": 0.9667662306370598, "id": 7}, {"weight": 3, "random_weight": 0.9058318715434165, "id": 9}, {"weight": 1, "random_weight": 0.9130209748040925, "id": 17}, {"weight": 5, "random_weight": 0.7926752310807693, "id": 19}, {"weight": 1, "random_weight": 0.2221887213070367, "id": 21}], [{"weight": 1, "random_weight": 0.5095735682040459, "id": 3}, {"weight": 4, "random_weight": 0.43432131284463094, "id": 4}], [{"weight": 3, "random_weight": 0.20103513633043368, "id": 4}, {"weight": 2, "random_weight": 0.08620370450351234, "id": 13}, {"weight": 1, "random_weight": 0.5672279552984709, "id": 16}, {"weight": 2, "random_weight": 0.39242214930709474, "id": 22}], [{"weight": 2, "random_weight": 0.08620370450351234, "id": 12}, {"weight": 2, "random_weight": 0.7220816247040476, "id": 15}, {"weight": 3, "random_weight": 0.8829614983969599, "id": 16}], [{"weight": 4, "random_weight": 0.1719705326876514, "id": 1}, {"weight": 3, "random_weight": 0.7315179797009713, "id": 15}], [{"weight": 1, "random_weight": 0.14700234868177564, "id": 0}, {"weight": 2, "random_weight": 0.01326226408009712, "id": 1}, {"weight": 2, "random_weight": 0.7220816247040476, "id": 13}, {"weight": 3, "random_weight": 0.7315179797009713, "id": 14}, {"weight": 2, "random_weight": 0.3979066967607888, "id": 16}, {"weight": 1, "random_weight": 0.14631017163708337, "id": 20}, {"weight": 1, "random_weight": 0.23013358412339924, "id": 23}], [{"weight": 1, "random_weight": 0.5672279552984709, "id": 12}, {"weight": 3, "random_weight": 0.8829614983969599, "id": 13}, {"weight": 2, "random_weight": 0.3979066967607888, "id": 15}, {"weight": 1, "random_weight": 0.6051424013628433, "id": 22}, {"weight": 3, "random_weight": 0.7692768533030195, "id": 23}], [{"weight": 1, "random_weight": 0.9601098924934636, "id": 3}, {"weight": 2, "random_weight": 0.5694405975631306, "id": 5}, {"weight": 1, "random_weight": 0.2223068553420805, "id": 9}, {"weight": 1, "random_weight": 0.9130209748040925, "id": 10}, {"weight": 3, "random_weight": 0.5972703258558385, "id": 18}, {"weight": 4, "random_weight": 0.3388272064064156, "id": 21}, {"weight": 2, "random_weight": 0.5118257426739105, "id": 22}], [{"weight": 2, "random_weight": 0.3253497486612713, "id": 3}, {"weight": 4, "random_weight": 0.551011605336698, "id": 8}, {"weight": 2, "random_weight": 0.13569629166517994, "id": 9}, {"weight": 3, "random_weight": 0.5972703258558385, "id": 17}], [{"weight": 2, "random_weight": 0.6965910033639683, "id": 6}, {"weight": 2, "random_weight": 0.29233663169618707, "id": 7}, {"weight": 5, "random_weight": 0.7926752310807693, "id": 10}], [{"weight": 4, "random_weight": 0.08065724636292038, "id": 0}, {"weight": 4, "random_weight": 0.4259105232004907, "id": 2}, {"weight": 1, "random_weight": 0.8262593951625803, "id": 7}, {"weight": 1, "random_weight": 0.14631017163708337, "id": 15}, {"weight": 2, "random_weight": 0.4353742192907918, "id": 21}, {"weight": 2, "random_weight": 0.6104709643263896, "id": 23}], [{"weight": 1, "random_weight": 0.8438016445222299, "id": 7}, {"weight": 1, "random_weight": 0.2221887213070367, "id": 10}, {"weight": 4, "random_weight": 0.3388272064064156, "id": 17}, {"weight": 2, "random_weight": 0.4353742192907918, "id": 20}, {"weight": 2, "random_weight": 0.8410077117727314, "id": 22}, {"weight": 2, "random_weight": 0.21935344124612588, "id": 23}], [{"weight": 1, "random_weight": 0.8178709523387773, "id": 4}, {"weight": 4, "random_weight": 0.12843746979319992, "id": 5}, {"weight": 2, "random_weight": 0.39242214930709474, "id": 12}, {"weight": 1, "random_weight": 0.6051424013628433, "id": 16}, {"weight": 2, "random_weight": 0.5118257426739105, "id": 17}, {"weight": 2, "random_weight": 0.8410077117727314, "id": 21}, {"weight": 2, "random_weight": 0.9306761439844335, "id": 23}], [{"weight": 1, "random_weight": 0.23013358412339924, "id": 15}, {"weight": 3, "random_weight": 0.7692768533030195, "id": 16}, {"weight": 2, "random_weight": 0.6104709643263896, "id": 20}, {"weight": 2, "random_weight": 0.21935344124612588, "id": 21}, {"weight": 2, "random_weight": 0.9306761439844335, "id": 22}]]}