{"directed": false, "multigraph": false, "graph": [], "nodes": [{"graph": null, "nnodes": 6, "nedges": 5, "density": 0.3333333333333333, "atomics": "[69, 70, 71, 47, 83, 59]", "group_pop": 6, "init_part_assignment": 9, "id": 0}, {"graph": null, "nnodes": 6, "nedges": 6, "density": 0.4, "atomics": "[45, 46, 55, 56, 57, 58]", "group_pop": 6, "init_part_assignment": 10, "id": 1}, {"graph": null, "nnodes": 6, "nedges": 7, "density": 0.4666666666666667, "atomics": "[105, 106, 107, 93, 94, 95]", "group_pop": 6, "init_part_assignment": 1, "id": 2}, {"graph": null, "nnodes": 6, "nedges": 5, "density": 0.3333333333333333, "atomics": "[36, 48, 60, 61, 62, 63]", "group_pop": 6, "init_part_assignment": 5, "id": 3}, {"graph": null, "nnodes": 6, "nedges": 7, "density": 0.4666666666666667, "atomics": "[37, 38, 39, 49, 50, 51]", "group_pop": 6, "init_part_assignment": 5, "id": 4}, {"graph": null, "nnodes": 6, "nedges": 6, "density": 0.4, "atomics": "[130, 131, 116, 117, 118, 119]", "group_pop": 6, "init_part_assignment": 1, "id": 5}, {"graph": null, "nnodes": 6, "nedges": 6, "density": 0.4, "atomics": "[128, 129, 140, 141, 142, 143]", "group_pop": 6, "init_part_assignment": 8, "id": 6}, {"graph": null, "nnodes": 6, "nedges": 6, "density": 0.4, "atomics": "[97, 132, 133, 109, 120, 121]", "group_pop": 6, "init_part_assignment": 2, "id": 7}, {"graph": null, "nnodes": 6, "nedges": 7, "density": 0.4666666666666667, "atomics": "[134, 135, 110, 111, 122, 123]", "group_pop": 6, "init_part_assignment": 2, "id": 8}, {"graph": null, "nnodes": 6, "nedges": 6, "density": 0.4, "atomics": "[136, 137, 138, 112, 124, 125]", "group_pop": 6, "init_part_assignment": 6, "id": 9}, {"graph": null, "nnodes": 6, "nedges": 7, "density": 0.4666666666666667, "atomics": "[0, 1, 12, 13, 24, 25]", "group_pop": 6, "init_part_assignment": 4, "id": 10}, {"graph": null, "nnodes": 6, "nedges": 6, "density": 0.4, "atomics": "[4, 16, 17, 28, 29, 30]", "group_pop": 6, "init_part_assignment": 0, "id": 11}, {"graph": null, "nnodes": 6, "nedges": 6, "density": 0.4, "atomics": "[5, 6, 7, 18, 19, 31]", "group_pop": 6, "init_part_assignment": 0, "id": 12}, {"graph": null, "nnodes": 6, "nedges": 7, "density": 0.4666666666666667, "atomics": "[2, 3, 14, 15, 26, 27]", "group_pop": 6, "init_part_assignment": 4, "id": 13}, {"graph": null, "nnodes": 6, "nedges": 7, "density": 0.4666666666666667, "atomics": "[34, 35, 10, 11, 22, 23]", "group_pop": 6, "init_part_assignment": 9, "id": 14}, {"graph": null, "nnodes": 6, "nedges": 7, "density": 0.4666666666666667, "atomics": "[32, 33, 8, 9, 20, 21]", "group_pop": 6, "init_part_assignment": 7, "id": 15}, {"graph": null, "nnodes": 6, "nedges": 6, "density": 0.4, "atomics": "[100, 101, 76, 113, 88, 89]", "group_pop": 6, "init_part_assignment": 6, "id": 16}, {"graph": null, "nnodes": 6, "nedges": 6, "density": 0.4, "atomics": "[102, 139, 114, 115, 126, 127]", "group_pop": 6, "init_part_assignment": 8, "id": 17}, {"graph": null, "nnodes": 6, "nedges": 6, "density": 0.4, "atomics": "[96, 72, 73, 108, 84, 85]", "group_pop": 6, "init_part_assignment": 3, "id": 18}, {"graph": null, "nnodes": 6, "nedges": 6, "density": 0.4, "atomics": "[67, 68, 79, 80, 81, 82]", "group_pop": 6, "init_part_assignment": 10, "id": 19}, {"graph": null, "nnodes": 6, "nedges": 6, "density": 0.4, "atomics": "[103, 104, 78, 90, 91, 92]", "group_pop": 6, "init_part_assignment": 11, "id": 20}, {"graph": null, "nnodes": 6, "nedges": 5, "density": 0.3333333333333333, "atomics": "[64, 65, 66, 40, 77, 52]", "group_pop": 6, "init_part_assignment": 11, "id": 21}, {"graph": null, "nnodes": 6, "nedges": 6, "density": 0.4, "atomics": "[41, 42, 43, 44, 53, 54]", "group_pop": 6, "init_part_assignment": 7, "id": 22}, {"graph": null, "nnodes": 6, "nedges": 7, "density": 0.4666666666666667, "atomics": "[98, 99, 74, 75, 86, 87]", "group_pop": 6, "init_part_assignment": 3, "id": 23}], "adjacency": [[{"weight": 4, "random_weight": 0.913118323719171, "id": 1}, {"weight": 1, "random_weight": 0.7220406211761748, "id": 2}, {"weight": 1, "random_weight": 0.19404595192653695, "id": 14}, {"weight": 4, "random_weight": 0.8626310522312378, "id": 19}], [{"weight": 4, "random_weight": 0.913118323719171, "id": 0}, {"weight": 1, "random_weight": 0.915026779148804, "id": 14}, {"weight": 1, "random_weight": 0.8311729776092319, "id": 15}, {"weight": 2, "random_weight": 0.34551151054334606, "id": 19}, {"weight": 4, "random_weight": 0.566583318864384, "id": 22}], [{"weight": 1, "random_weight": 0.7220406211761748, "id": 0}, {"weight": 3, "random_weight": 0.13127866566114677, "id": 5}, {"weight": 2, "random_weight": 0.9733251577161004, "id": 19}, {"weight": 2, "random_weight": 0.822554935801307, "id": 20}], [{"weight": 5, "random_weight": 0.7294984102895679, "id": 4}, {"weight": 1, "random_weight": 0.5910001752909632, "id": 10}, {"weight": 2, "random_weight": 0.5083762434709873, "id": 18}, {"weight": 1, "random_weight": 0.35234757417674145, "id": 21}, {"weight": 2, "random_weight": 0.44747965621029606, "id": 23}], [{"weight": 5, "random_weight": 0.7294984102895679, "id": 3}, {"weight": 1, "random_weight": 0.535083358383366, "id": 10}, {"weight": 2, "random_weight": 0.541965035487851, "id": 13}, {"weight": 2, "random_weight": 0.9149924115761598, "id": 21}], [{"weight": 3, "random_weight": 0.13127866566114677, "id": 2}, {"weight": 5, "random_weight": 0.9723165484862188, "id": 6}, {"weight": 1, "random_weight": 0.6197077570774037, "id": 17}, {"weight": 1, "random_weight": 0.29589298676857434, "id": 20}], [{"weight": 5, "random_weight": 0.9723165484862188, "id": 5}, {"weight": 2, "random_weight": 0.6551470987120774, "id": 17}], [{"weight": 3, "random_weight": 0.387607232296891, "id": 8}, {"weight": 4, "random_weight": 0.531012632849901, "id": 18}, {"weight": 1, "random_weight": 0.6140977845463688, "id": 23}], [{"weight": 3, "random_weight": 0.387607232296891, "id": 7}, {"weight": 3, "random_weight": 0.6311445340272807, "id": 9}, {"weight": 2, "random_weight": 0.7674372825967438, "id": 23}], [{"weight": 3, "random_weight": 0.6311445340272807, "id": 8}, {"weight": 3, "random_weight": 0.40832101727797243, "id": 16}, {"weight": 3, "random_weight": 0.5781059717376894, "id": 17}], [{"weight": 1, "random_weight": 0.5910001752909632, "id": 3}, {"weight": 1, "random_weight": 0.535083358383366, "id": 4}, {"weight": 3, "random_weight": 0.4279461255150835, "id": 13}], [{"weight": 5, "random_weight": 0.4451438111227899, "id": 12}, {"weight": 3, "random_weight": 0.6546936294875206, "id": 13}, {"weight": 1, "random_weight": 0.9699968612629052, "id": 21}, {"weight": 2, "random_weight": 0.4494166395996225, "id": 22}], [{"weight": 5, "random_weight": 0.4451438111227899, "id": 11}, {"weight": 3, "random_weight": 0.6847084492524409, "id": 15}, {"weight": 1, "random_weight": 0.06875517433909795, "id": 22}], [{"weight": 2, "random_weight": 0.541965035487851, "id": 4}, {"weight": 3, "random_weight": 0.4279461255150835, "id": 10}, {"weight": 3, "random_weight": 0.6546936294875206, "id": 11}], [{"weight": 1, "random_weight": 0.19404595192653695, "id": 0}, {"weight": 1, "random_weight": 0.915026779148804, "id": 1}, {"weight": 3, "random_weight": 0.32944241367000704, "id": 15}], [{"weight": 1, "random_weight": 0.8311729776092319, "id": 1}, {"weight": 3, "random_weight": 0.6847084492524409, "id": 12}, {"weight": 3, "random_weight": 0.32944241367000704, "id": 14}, {"weight": 1, "random_weight": 0.20955975463342835, "id": 22}], [{"weight": 3, "random_weight": 0.40832101727797243, "id": 9}, {"weight": 2, "random_weight": 0.9038131537530032, "id": 17}, {"weight": 1, "random_weight": 0.11829145004652875, "id": 20}, {"weight": 3, "random_weight": 0.734744498645833, "id": 21}, {"weight": 3, "random_weight": 0.5948611698827663, "id": 23}], [{"weight": 1, "random_weight": 0.6197077570774037, "id": 5}, {"weight": 2, "random_weight": 0.6551470987120774, "id": 6}, {"weight": 3, "random_weight": 0.5781059717376894, "id": 9}, {"weight": 2, "random_weight": 0.9038131537530032, "id": 16}, {"weight": 3, "random_weight": 0.3095275663945959, "id": 20}], [{"weight": 2, "random_weight": 0.5083762434709873, "id": 3}, {"weight": 4, "random_weight": 0.531012632849901, "id": 7}, {"weight": 2, "random_weight": 0.1402532902427236, "id": 23}], [{"weight": 4, "random_weight": 0.8626310522312378, "id": 0}, {"weight": 2, "random_weight": 0.34551151054334606, "id": 1}, {"weight": 2, "random_weight": 0.9733251577161004, "id": 2}, {"weight": 3, "random_weight": 0.7639607081047078, "id": 20}, {"weight": 1, "random_weight": 0.11728546450021415, "id": 21}], [{"weight": 2, "random_weight": 0.822554935801307, "id": 2}, {"weight": 1, "random_weight": 0.29589298676857434, "id": 5}, {"weight": 1, "random_weight": 0.11829145004652875, "id": 16}, {"weight": 3, "random_weight": 0.3095275663945959, "id": 17}, {"weight": 3, "random_weight": 0.7639607081047078, "id": 19}, {"weight": 2, "random_weight": 0.6258647059478619, "id": 21}], [{"weight": 1, "random_weight": 0.35234757417674145, "id": 3}, {"weight": 2, "random_weight": 0.9149924115761598, "id": 4}, {"weight": 1, "random_weight": 0.9699968612629052, "id": 11}, {"weight": 3, "random_weight": 0.734744498645833, "id": 16}, {"weight": 1, "random_weight": 0.11728546450021415, "id": 19}, {"weight": 2, "random_weight": 0.6258647059478619, "id": 20}, {"weight": 4, "random_weight": 0.8698115536320362, "id": 22}], [{"weight": 4, "random_weight": 0.566583318864384, "id": 1}, {"weight": 2, "random_weight": 0.4494166395996225, "id": 11}, {"weight": 1, "random_weight": 0.06875517433909795, "id": 12}, {"weight": 1, "random_weight": 0.20955975463342835, "id": 15}, {"weight": 4, "random_weight": 0.8698115536320362, "id": 21}], [{"weight": 2, "random_weight": 0.44747965621029606, "id": 3}, {"weight": 1, "random_weight": 0.6140977845463688, "id": 7}, {"weight": 2, "random_weight": 0.7674372825967438, "id": 8}, {"weight": 3, "random_weight": 0.5948611698827663, "id": 16}, {"weight": 2, "random_weight": 0.1402532902427236, "id": 18}]]}