{"directed": false, "multigraph": false, "graph": [], "nodes": [{"graph": null, "nnodes": 6, "nedges": 6, "density": 0.4, "atomics": "[71, 106, 107, 83, 94, 95]", "group_pop": 6, "init_part_assignment": 2, "id": 0}, {"graph": null, "nnodes": 6, "nedges": 7, "density": 0.4666666666666667, "atomics": "[45, 46, 47, 57, 58, 59]", "group_pop": 6, "init_part_assignment": 10, "id": 1}, {"graph": null, "nnodes": 6, "nedges": 7, "density": 0.4666666666666667, "atomics": "[36, 37, 38, 48, 49, 50]", "group_pop": 6, "init_part_assignment": 7, "id": 2}, {"graph": null, "nnodes": 6, "nedges": 6, "density": 0.4, "atomics": "[98, 73, 74, 86, 61, 62]", "group_pop": 6, "init_part_assignment": 8, "id": 3}, {"graph": null, "nnodes": 6, "nedges": 7, "density": 0.4666666666666667, "atomics": "[130, 131, 142, 143, 118, 119]", "group_pop": 6, "init_part_assignment": 2, "id": 4}, {"graph": null, "nnodes": 6, "nedges": 7, "density": 0.4666666666666667, "atomics": "[132, 133, 108, 109, 120, 121]", "group_pop": 6, "init_part_assignment": 3, "id": 5}, {"graph": null, "nnodes": 6, "nedges": 6, "density": 0.4, "atomics": "[134, 135, 110, 122, 123, 124]", "group_pop": 6, "init_part_assignment": 5, "id": 6}, {"graph": null, "nnodes": 6, "nedges": 5, "density": 0.3333333333333333, "atomics": "[136, 137, 138, 114, 115, 126]", "group_pop": 6, "init_part_assignment": 5, "id": 7}, {"graph": null, "nnodes": 6, "nedges": 6, "density": 0.4, "atomics": "[99, 100, 111, 112, 113, 125]", "group_pop": 6, "init_part_assignment": 8, "id": 8}, {"graph": null, "nnodes": 6, "nedges": 7, "density": 0.4666666666666667, "atomics": "[128, 129, 139, 140, 141, 127]", "group_pop": 6, "init_part_assignment": 1, "id": 9}, {"graph": null, "nnodes": 6, "nedges": 7, "density": 0.4666666666666667, "atomics": "[104, 105, 116, 117, 92, 93]", "group_pop": 6, "init_part_assignment": 1, "id": 10}, {"graph": null, "nnodes": 6, "nedges": 7, "density": 0.4666666666666667, "atomics": "[0, 1, 12, 13, 24, 25]", "group_pop": 6, "init_part_assignment": 0, "id": 11}, {"graph": null, "nnodes": 6, "nedges": 6, "density": 0.4, "atomics": "[4, 5, 16, 17, 18, 29]", "group_pop": 6, "init_part_assignment": 9, "id": 12}, {"graph": null, "nnodes": 6, "nedges": 6, "density": 0.4, "atomics": "[6, 7, 8, 9, 20, 21]", "group_pop": 6, "init_part_assignment": 6, "id": 13}, {"graph": null, "nnodes": 6, "nedges": 7, "density": 0.4666666666666667, "atomics": "[2, 3, 14, 15, 26, 27]", "group_pop": 6, "init_part_assignment": 0, "id": 14}, {"graph": null, "nnodes": 6, "nedges": 7, "density": 0.4666666666666667, "atomics": "[34, 35, 10, 11, 22, 23]", "group_pop": 6, "init_part_assignment": 6, "id": 15}, {"graph": null, "nnodes": 6, "nedges": 6, "density": 0.4, "atomics": "[32, 33, 43, 44, 19, 31]", "group_pop": 6, "init_part_assignment": 9, "id": 16}, {"graph": null, "nnodes": 6, "nedges": 5, "density": 0.3333333333333333, "atomics": "[39, 40, 41, 42, 28, 30]", "group_pop": 6, "init_part_assignment": 7, "id": 17}, {"graph": null, "nnodes": 6, "nedges": 6, "density": 0.4, "atomics": "[69, 70, 79, 80, 81, 82]", "group_pop": 6, "init_part_assignment": 4, "id": 18}, {"graph": null, "nnodes": 6, "nedges": 7, "density": 0.4666666666666667, "atomics": "[66, 67, 68, 54, 55, 56]", "group_pop": 6, "init_part_assignment": 10, "id": 19}, {"graph": null, "nnodes": 6, "nedges": 7, "density": 0.4666666666666667, "atomics": "[101, 102, 103, 89, 90, 91]", "group_pop": 6, "init_part_assignment": 4, "id": 20}, {"graph": null, "nnodes": 6, "nedges": 6, "density": 0.4, "atomics": "[96, 97, 72, 84, 85, 60]", "group_pop": 6, "init_part_assignment": 3, "id": 21}, {"graph": null, "nnodes": 6, "nedges": 7, "density": 0.4666666666666667, "atomics": "[64, 65, 51, 52, 53, 63]", "group_pop": 6, "init_part_assignment": 11, "id": 22}, {"graph": null, "nnodes": 6, "nedges": 6, "density": 0.4, "atomics": "[75, 76, 77, 78, 87, 88]", "group_pop": 6, "init_part_assignment": 11, "id": 23}], "adjacency": [[{"weight": 1, "random_weight": 0.2597100193406543, "id": 1}, {"weight": 2, "random_weight": 0.9810965672069554, "id": 4}, {"weight": 2, "random_weight": 0.6614397684077626, "id": 10}, {"weight": 3, "random_weight": 0.19372609086990455, "id": 18}], [{"weight": 1, "random_weight": 0.2597100193406543, "id": 0}, {"weight": 2, "random_weight": 0.7859237525161861, "id": 15}, {"weight": 2, "random_weight": 0.4875269233501044, "id": 16}, {"weight": 2, "random_weight": 0.5738241639720737, "id": 18}, {"weight": 1, "random_weight": 0.9148683253972725, "id": 19}], [{"weight": 2, "random_weight": 0.734632843758453, "id": 3}, {"weight": 2, "random_weight": 0.3171539738650402, "id": 11}, {"weight": 1, "random_weight": 0.654749522809919, "id": 14}, {"weight": 1, "random_weight": 0.4308355207847887, "id": 17}, {"weight": 1, "random_weight": 0.9839681439716265, "id": 21}, {"weight": 1, "random_weight": 0.5680122630486054, "id": 22}], [{"weight": 2, "random_weight": 0.734632843758453, "id": 2}, {"weight": 1, "random_weight": 0.8278141783570282, "id": 6}, {"weight": 1, "random_weight": 0.13191371828463738, "id": 8}, {"weight": 5, "random_weight": 0.9616014811809623, "id": 21}, {"weight": 1, "random_weight": 0.37229933148814986, "id": 22}, {"weight": 2, "random_weight": 0.7162271102093237, "id": 23}], [{"weight": 2, "random_weight": 0.9810965672069554, "id": 0}, {"weight": 2, "random_weight": 0.5683520657791606, "id": 9}, {"weight": 1, "random_weight": 0.5733112658171229, "id": 10}], [{"weight": 3, "random_weight": 0.11662855517657367, "id": 6}, {"weight": 2, "random_weight": 0.2994485725878514, "id": 21}], [{"weight": 1, "random_weight": 0.8278141783570282, "id": 3}, {"weight": 3, "random_weight": 0.11662855517657367, "id": 5}, {"weight": 2, "random_weight": 0.05818489282264483, "id": 7}, {"weight": 4, "random_weight": 0.617359726614892, "id": 8}], [{"weight": 2, "random_weight": 0.05818489282264483, "id": 6}, {"weight": 3, "random_weight": 0.9438442693197605, "id": 8}, {"weight": 3, "random_weight": 0.953883611483234, "id": 9}, {"weight": 1, "random_weight": 0.9711059115992455, "id": 10}, {"weight": 2, "random_weight": 0.7247703186147265, "id": 20}], [{"weight": 1, "random_weight": 0.13191371828463738, "id": 3}, {"weight": 4, "random_weight": 0.617359726614892, "id": 6}, {"weight": 3, "random_weight": 0.9438442693197605, "id": 7}, {"weight": 2, "random_weight": 0.9633557662546941, "id": 20}, {"weight": 2, "random_weight": 0.8070486425496519, "id": 23}], [{"weight": 2, "random_weight": 0.5683520657791606, "id": 4}, {"weight": 3, "random_weight": 0.953883611483234, "id": 7}, {"weight": 2, "random_weight": 0.3079880603279971, "id": 10}], [{"weight": 2, "random_weight": 0.6614397684077626, "id": 0}, {"weight": 1, "random_weight": 0.5733112658171229, "id": 4}, {"weight": 1, "random_weight": 0.9711059115992455, "id": 7}, {"weight": 2, "random_weight": 0.3079880603279971, "id": 9}, {"weight": 2, "random_weight": 0.10527894146991901, "id": 18}, {"weight": 2, "random_weight": 0.5688538476336981, "id": 20}], [{"weight": 2, "random_weight": 0.3171539738650402, "id": 2}, {"weight": 3, "random_weight": 0.3163212820527357, "id": 14}], [{"weight": 2, "random_weight": 0.03776039248266816, "id": 13}, {"weight": 2, "random_weight": 0.4318395405211678, "id": 14}, {"weight": 1, "random_weight": 0.08165994757202821, "id": 16}, {"weight": 5, "random_weight": 0.8355706333335503, "id": 17}], [{"weight": 2, "random_weight": 0.03776039248266816, "id": 12}, {"weight": 2, "random_weight": 0.44294183496524264, "id": 15}, {"weight": 4, "random_weight": 0.999992226696348, "id": 16}], [{"weight": 1, "random_weight": 0.654749522809919, "id": 2}, {"weight": 3, "random_weight": 0.3163212820527357, "id": 11}, {"weight": 2, "random_weight": 0.4318395405211678, "id": 12}, {"weight": 2, "random_weight": 0.9905100951000669, "id": 17}], [{"weight": 2, "random_weight": 0.7859237525161861, "id": 1}, {"weight": 2, "random_weight": 0.44294183496524264, "id": 13}, {"weight": 1, "random_weight": 0.7713455475644426, "id": 16}], [{"weight": 2, "random_weight": 0.4875269233501044, "id": 1}, {"weight": 1, "random_weight": 0.08165994757202821, "id": 12}, {"weight": 4, "random_weight": 0.999992226696348, "id": 13}, {"weight": 1, "random_weight": 0.7713455475644426, "id": 15}, {"weight": 2, "random_weight": 0.9116164516273018, "id": 17}, {"weight": 2, "random_weight": 0.404640818480806, "id": 19}], [{"weight": 1, "random_weight": 0.4308355207847887, "id": 2}, {"weight": 5, "random_weight": 0.8355706333335503, "id": 12}, {"weight": 2, "random_weight": 0.9905100951000669, "id": 14}, {"weight": 2, "random_weight": 0.9116164516273018, "id": 16}, {"weight": 1, "random_weight": 0.9839921468610534, "id": 19}, {"weight": 3, "random_weight": 0.9808192336937447, "id": 22}], [{"weight": 3, "random_weight": 0.19372609086990455, "id": 0}, {"weight": 2, "random_weight": 0.5738241639720737, "id": 1}, {"weight": 2, "random_weight": 0.10527894146991901, "id": 10}, {"weight": 3, "random_weight": 0.49542701683211354, "id": 19}, {"weight": 1, "random_weight": 0.44103453488520605, "id": 20}, {"weight": 1, "random_weight": 0.002803049509006783, "id": 23}], [{"weight": 1, "random_weight": 0.9148683253972725, "id": 1}, {"weight": 2, "random_weight": 0.404640818480806, "id": 16}, {"weight": 1, "random_weight": 0.9839921468610534, "id": 17}, {"weight": 3, "random_weight": 0.49542701683211354, "id": 18}, {"weight": 2, "random_weight": 0.8231503403051057, "id": 22}, {"weight": 1, "random_weight": 0.08245328379615968, "id": 23}], [{"weight": 2, "random_weight": 0.7247703186147265, "id": 7}, {"weight": 2, "random_weight": 0.9633557662546941, "id": 8}, {"weight": 2, "random_weight": 0.5688538476336981, "id": 10}, {"weight": 1, "random_weight": 0.44103453488520605, "id": 18}, {"weight": 3, "random_weight": 0.8085408039466517, "id": 23}], [{"weight": 1, "random_weight": 0.9839681439716265, "id": 2}, {"weight": 5, "random_weight": 0.9616014811809623, "id": 3}, {"weight": 2, "random_weight": 0.2994485725878514, "id": 5}], [{"weight": 1, "random_weight": 0.5680122630486054, "id": 2}, {"weight": 1, "random_weight": 0.37229933148814986, "id": 3}, {"weight": 3, "random_weight": 0.9808192336937447, "id": 17}, {"weight": 2, "random_weight": 0.8231503403051057, "id": 19}, {"weight": 3, "random_weight": 0.28159276964137037, "id": 23}], [{"weight": 2, "random_weight": 0.7162271102093237, "id": 3}, {"weight": 2, "random_weight": 0.8070486425496519, "id": 8}, {"weight": 1, "random_weight": 0.002803049509006783, "id": 18}, {"weight": 1, "random_weight": 0.08245328379615968, "id": 19}, {"weight": 3, "random_weight": 0.8085408039466517, "id": 20}, {"weight": 3, "random_weight": 0.28159276964137037, "id": 22}]]}