{"directed": false, "multigraph": false, "graph": [], "nodes": [{"graph": null, "nnodes": 6, "nedges": 5, "density": 0.3333333333333333, "atomics": "[71, 105, 82, 83, 93, 94]", "group_pop": 6, "init_part_assignment": 4, "id": 0}, {"graph": null, "nnodes": 6, "nedges": 5, "density": 0.3333333333333333, "atomics": "[70, 44, 45, 46, 58, 59]", "group_pop": 6, "init_part_assignment": 7, "id": 1}, {"graph": null, "nnodes": 6, "nedges": 5, "density": 0.3333333333333333, "atomics": "[131, 107, 142, 143, 119, 95]", "group_pop": 6, "init_part_assignment": 2, "id": 2}, {"graph": null, "nnodes": 6, "nedges": 5, "density": 0.3333333333333333, "atomics": "[37, 72, 73, 48, 49, 60]", "group_pop": 6, "init_part_assignment": 6, "id": 3}, {"graph": null, "nnodes": 6, "nedges": 6, "density": 0.4, "atomics": "[38, 39, 50, 51, 26, 63]", "group_pop": 6, "init_part_assignment": 10, "id": 4}, {"graph": null, "nnodes": 6, "nedges": 6, "density": 0.4, "atomics": "[74, 75, 86, 87, 61, 62]", "group_pop": 6, "init_part_assignment": 8, "id": 5}, {"graph": null, "nnodes": 6, "nedges": 6, "density": 0.4, "atomics": "[129, 130, 106, 141, 117, 118]", "group_pop": 6, "init_part_assignment": 2, "id": 6}, {"graph": null, "nnodes": 6, "nedges": 7, "density": 0.4666666666666667, "atomics": "[132, 133, 134, 120, 121, 122]", "group_pop": 6, "init_part_assignment": 3, "id": 7}, {"graph": null, "nnodes": 6, "nedges": 6, "density": 0.4, "atomics": "[135, 136, 137, 138, 123, 124]", "group_pop": 6, "init_part_assignment": 3, "id": 8}, {"graph": null, "nnodes": 6, "nedges": 5, "density": 0.3333333333333333, "atomics": "[139, 140, 113, 125, 126, 127]", "group_pop": 6, "init_part_assignment": 11, "id": 9}, {"graph": null, "nnodes": 6, "nedges": 6, "density": 0.4, "atomics": "[0, 36, 12, 13, 24, 25]", "group_pop": 6, "init_part_assignment": 6, "id": 10}, {"graph": null, "nnodes": 6, "nedges": 5, "density": 0.3333333333333333, "atomics": "[4, 40, 16, 17, 52, 28]", "group_pop": 6, "init_part_assignment": 5, "id": 11}, {"graph": null, "nnodes": 6, "nedges": 6, "density": 0.4, "atomics": "[5, 6, 7, 18, 19, 20]", "group_pop": 6, "init_part_assignment": 1, "id": 12}, {"graph": null, "nnodes": 6, "nedges": 6, "density": 0.4, "atomics": "[1, 2, 3, 14, 15, 27]", "group_pop": 6, "init_part_assignment": 5, "id": 13}, {"graph": null, "nnodes": 6, "nedges": 6, "density": 0.4, "atomics": "[34, 35, 11, 47, 22, 23]", "group_pop": 6, "init_part_assignment": 0, "id": 14}, {"graph": null, "nnodes": 6, "nedges": 5, "density": 0.3333333333333333, "atomics": "[32, 33, 8, 9, 10, 21]", "group_pop": 6, "init_part_assignment": 0, "id": 15}, {"graph": null, "nnodes": 6, "nedges": 7, "density": 0.4666666666666667, "atomics": "[41, 42, 43, 29, 30, 31]", "group_pop": 6, "init_part_assignment": 1, "id": 16}, {"graph": null, "nnodes": 6, "nedges": 7, "density": 0.4666666666666667, "atomics": "[98, 99, 100, 110, 111, 112]", "group_pop": 6, "init_part_assignment": 11, "id": 17}, {"graph": null, "nnodes": 6, "nedges": 6, "density": 0.4, "atomics": "[128, 103, 104, 114, 115, 116]", "group_pop": 6, "init_part_assignment": 4, "id": 18}, {"graph": null, "nnodes": 6, "nedges": 7, "density": 0.4666666666666667, "atomics": "[96, 97, 108, 109, 84, 85]", "group_pop": 6, "init_part_assignment": 8, "id": 19}, {"graph": null, "nnodes": 6, "nedges": 7, "density": 0.4666666666666667, "atomics": "[68, 69, 80, 81, 56, 57]", "group_pop": 6, "init_part_assignment": 7, "id": 20}, {"graph": null, "nnodes": 6, "nedges": 6, "density": 0.4, "atomics": "[64, 101, 76, 77, 88, 89]", "group_pop": 6, "init_part_assignment": 10, "id": 21}, {"graph": null, "nnodes": 6, "nedges": 6, "density": 0.4, "atomics": "[102, 78, 79, 90, 91, 92]", "group_pop": 6, "init_part_assignment": 9, "id": 22}, {"graph": null, "nnodes": 6, "nedges": 7, "density": 0.4666666666666667, "atomics": "[65, 66, 67, 53, 54, 55]", "group_pop": 6, "init_part_assignment": 9, "id": 23}], "adjacency": [[{"weight": 3, "random_weight": 0.9470919846798648, "id": 1}, {"weight": 2, "random_weight": 0.06730036760906, "id": 2}, {"weight": 3, "random_weight": 0.9349924190628843, "id": 6}, {"weight": 1, "random_weight": 0.8130545131087766, "id": 18}, {"weight": 2, "random_weight": 0.9929125655710536, "id": 20}, {"weight": 1, "random_weight": 0.876076516285772, "id": 22}], [{"weight": 3, "random_weight": 0.9470919846798648, "id": 0}, {"weight": 3, "random_weight": 0.7245657321510038, "id": 14}, {"weight": 2, "random_weight": 0.9100562032368003, "id": 15}, {"weight": 1, "random_weight": 0.6414156278433795, "id": 16}, {"weight": 4, "random_weight": 0.6364192010133396, "id": 20}], [{"weight": 2, "random_weight": 0.06730036760906, "id": 0}, {"weight": 5, "random_weight": 0.25055330504409246, "id": 6}], [{"weight": 2, "random_weight": 0.650424091130777, "id": 4}, {"weight": 4, "random_weight": 0.802777700285388, "id": 5}, {"weight": 3, "random_weight": 0.1539803545236449, "id": 10}, {"weight": 2, "random_weight": 0.992870502459291, "id": 19}], [{"weight": 2, "random_weight": 0.650424091130777, "id": 3}, {"weight": 3, "random_weight": 0.7867612368227067, "id": 5}, {"weight": 1, "random_weight": 0.06287746936982685, "id": 10}, {"weight": 2, "random_weight": 0.9251599676493917, "id": 11}, {"weight": 3, "random_weight": 0.9197431326241848, "id": 13}, {"weight": 1, "random_weight": 0.42058350397225697, "id": 21}], [{"weight": 4, "random_weight": 0.802777700285388, "id": 3}, {"weight": 3, "random_weight": 0.7867612368227067, "id": 4}, {"weight": 2, "random_weight": 0.0773080406684784, "id": 17}, {"weight": 1, "random_weight": 0.622382879132899, "id": 19}, {"weight": 2, "random_weight": 0.6226642456334315, "id": 21}], [{"weight": 3, "random_weight": 0.9349924190628843, "id": 0}, {"weight": 5, "random_weight": 0.25055330504409246, "id": 2}, {"weight": 1, "random_weight": 0.9718871891336461, "id": 9}, {"weight": 2, "random_weight": 0.7546664878000634, "id": 18}], [{"weight": 2, "random_weight": 0.46257950229565725, "id": 8}, {"weight": 1, "random_weight": 0.7232715875593241, "id": 17}, {"weight": 2, "random_weight": 0.9190663409768481, "id": 19}], [{"weight": 2, "random_weight": 0.46257950229565725, "id": 7}, {"weight": 4, "random_weight": 0.9167423029059955, "id": 9}, {"weight": 2, "random_weight": 0.07106751360686303, "id": 17}], [{"weight": 1, "random_weight": 0.9718871891336461, "id": 6}, {"weight": 4, "random_weight": 0.9167423029059955, "id": 8}, {"weight": 1, "random_weight": 0.046453306219050416, "id": 17}, {"weight": 5, "random_weight": 0.5399410248283238, "id": 18}, {"weight": 1, "random_weight": 0.9657635168893084, "id": 21}], [{"weight": 3, "random_weight": 0.1539803545236449, "id": 3}, {"weight": 1, "random_weight": 0.06287746936982685, "id": 4}, {"weight": 3, "random_weight": 0.7454040389083579, "id": 13}], [{"weight": 2, "random_weight": 0.9251599676493917, "id": 4}, {"weight": 3, "random_weight": 0.3885832242740038, "id": 12}, {"weight": 3, "random_weight": 0.3638789777159773, "id": 13}, {"weight": 3, "random_weight": 0.43702091179345426, "id": 16}, {"weight": 1, "random_weight": 0.5407737431922346, "id": 21}, {"weight": 1, "random_weight": 0.22457743073716907, "id": 23}], [{"weight": 3, "random_weight": 0.3885832242740038, "id": 11}, {"weight": 4, "random_weight": 0.09952936252574951, "id": 15}, {"weight": 2, "random_weight": 0.10488607603739719, "id": 16}], [{"weight": 3, "random_weight": 0.9197431326241848, "id": 4}, {"weight": 3, "random_weight": 0.7454040389083579, "id": 10}, {"weight": 3, "random_weight": 0.3638789777159773, "id": 11}], [{"weight": 3, "random_weight": 0.7245657321510038, "id": 1}, {"weight": 4, "random_weight": 0.2792400316165552, "id": 15}], [{"weight": 2, "random_weight": 0.9100562032368003, "id": 1}, {"weight": 4, "random_weight": 0.09952936252574951, "id": 12}, {"weight": 4, "random_weight": 0.2792400316165552, "id": 14}, {"weight": 1, "random_weight": 0.3797775979362936, "id": 16}], [{"weight": 1, "random_weight": 0.6414156278433795, "id": 1}, {"weight": 3, "random_weight": 0.43702091179345426, "id": 11}, {"weight": 2, "random_weight": 0.10488607603739719, "id": 12}, {"weight": 1, "random_weight": 0.3797775979362936, "id": 15}, {"weight": 3, "random_weight": 0.9557999916414928, "id": 23}], [{"weight": 2, "random_weight": 0.0773080406684784, "id": 5}, {"weight": 1, "random_weight": 0.7232715875593241, "id": 7}, {"weight": 2, "random_weight": 0.07106751360686303, "id": 8}, {"weight": 1, "random_weight": 0.046453306219050416, "id": 9}, {"weight": 2, "random_weight": 0.9990602664814757, "id": 19}, {"weight": 2, "random_weight": 0.4816856533246776, "id": 21}], [{"weight": 1, "random_weight": 0.8130545131087766, "id": 0}, {"weight": 2, "random_weight": 0.7546664878000634, "id": 6}, {"weight": 5, "random_weight": 0.5399410248283238, "id": 9}, {"weight": 4, "random_weight": 0.5879428226549315, "id": 22}], [{"weight": 2, "random_weight": 0.992870502459291, "id": 3}, {"weight": 1, "random_weight": 0.622382879132899, "id": 5}, {"weight": 2, "random_weight": 0.9190663409768481, "id": 7}, {"weight": 2, "random_weight": 0.9990602664814757, "id": 17}], [{"weight": 2, "random_weight": 0.9929125655710536, "id": 0}, {"weight": 4, "random_weight": 0.6364192010133396, "id": 1}, {"weight": 2, "random_weight": 0.8287759458755568, "id": 22}, {"weight": 2, "random_weight": 0.7805179288494162, "id": 23}], [{"weight": 1, "random_weight": 0.42058350397225697, "id": 4}, {"weight": 2, "random_weight": 0.6226642456334315, "id": 5}, {"weight": 1, "random_weight": 0.9657635168893084, "id": 9}, {"weight": 1, "random_weight": 0.5407737431922346, "id": 11}, {"weight": 2, "random_weight": 0.4816856533246776, "id": 17}, {"weight": 3, "random_weight": 0.41273896904689666, "id": 22}, {"weight": 2, "random_weight": 0.9678304481531773, "id": 23}], [{"weight": 1, "random_weight": 0.876076516285772, "id": 0}, {"weight": 4, "random_weight": 0.5879428226549315, "id": 18}, {"weight": 2, "random_weight": 0.8287759458755568, "id": 20}, {"weight": 3, "random_weight": 0.41273896904689666, "id": 21}, {"weight": 2, "random_weight": 0.9324326695196573, "id": 23}], [{"weight": 1, "random_weight": 0.22457743073716907, "id": 11}, {"weight": 3, "random_weight": 0.9557999916414928, "id": 16}, {"weight": 2, "random_weight": 0.7805179288494162, "id": 20}, {"weight": 2, "random_weight": 0.9678304481531773, "id": 21}, {"weight": 2, "random_weight": 0.9324326695196573, "id": 22}]]}