{"directed": false, "multigraph": false, "graph": [], "nodes": [{"graph": null, "nnodes": 6, "nedges": 6, "density": 0.4, "atomics": "[69, 70, 71, 82, 83, 59]", "group_pop": 6, "init_part_assignment": 7, "id": 0}, {"graph": null, "nnodes": 6, "nedges": 5, "density": 0.3333333333333333, "atomics": "[68, 54, 55, 56, 57, 58]", "group_pop": 6, "init_part_assignment": 3, "id": 1}, {"graph": null, "nnodes": 6, "nedges": 7, "density": 0.4666666666666667, "atomics": "[106, 107, 118, 119, 94, 95]", "group_pop": 6, "init_part_assignment": 9, "id": 2}, {"graph": null, "nnodes": 6, "nedges": 6, "density": 0.4, "atomics": "[72, 48, 49, 50, 60, 61]", "group_pop": 6, "init_part_assignment": 6, "id": 3}, {"graph": null, "nnodes": 6, "nedges": 6, "density": 0.4, "atomics": "[38, 39, 51, 26, 27, 28]", "group_pop": 6, "init_part_assignment": 6, "id": 4}, {"graph": null, "nnodes": 6, "nedges": 5, "density": 0.3333333333333333, "atomics": "[99, 73, 74, 75, 87, 62]", "group_pop": 6, "init_part_assignment": 8, "id": 5}, {"graph": null, "nnodes": 6, "nedges": 7, "density": 0.4666666666666667, "atomics": "[129, 130, 131, 141, 142, 143]", "group_pop": 6, "init_part_assignment": 9, "id": 6}, {"graph": null, "nnodes": 6, "nedges": 5, "density": 0.3333333333333333, "atomics": "[132, 133, 134, 135, 136, 137]", "group_pop": 6, "init_part_assignment": 0, "id": 7}, {"graph": null, "nnodes": 6, "nedges": 5, "density": 0.3333333333333333, "atomics": "[100, 112, 122, 123, 124, 125]", "group_pop": 6, "init_part_assignment": 5, "id": 8}, {"graph": null, "nnodes": 6, "nedges": 6, "density": 0.4, "atomics": "[128, 139, 140, 116, 117, 127]", "group_pop": 6, "init_part_assignment": 10, "id": 9}, {"graph": null, "nnodes": 6, "nedges": 7, "density": 0.4666666666666667, "atomics": "[104, 105, 80, 81, 92, 93]", "group_pop": 6, "init_part_assignment": 3, "id": 10}, {"graph": null, "nnodes": 6, "nedges": 6, "density": 0.4, "atomics": "[0, 36, 37, 12, 24, 25]", "group_pop": 6, "init_part_assignment": 4, "id": 11}, {"graph": null, "nnodes": 6, "nedges": 7, "density": 0.4666666666666667, "atomics": "[1, 2, 3, 13, 14, 15]", "group_pop": 6, "init_part_assignment": 4, "id": 12}, {"graph": null, "nnodes": 6, "nedges": 7, "density": 0.4666666666666667, "atomics": "[4, 5, 6, 16, 17, 18]", "group_pop": 6, "init_part_assignment": 2, "id": 13}, {"graph": null, "nnodes": 6, "nedges": 6, "density": 0.4, "atomics": "[34, 35, 11, 47, 22, 23]", "group_pop": 6, "init_part_assignment": 7, "id": 14}, {"graph": null, "nnodes": 6, "nedges": 5, "density": 0.3333333333333333, "atomics": "[33, 9, 10, 45, 46, 21]", "group_pop": 6, "init_part_assignment": 1, "id": 15}, {"graph": null, "nnodes": 6, "nedges": 6, "density": 0.4, "atomics": "[32, 7, 8, 44, 19, 20]", "group_pop": 6, "init_part_assignment": 1, "id": 16}, {"graph": null, "nnodes": 6, "nedges": 7, "density": 0.4666666666666667, "atomics": "[41, 42, 43, 29, 30, 31]", "group_pop": 6, "init_part_assignment": 2, "id": 17}, {"graph": null, "nnodes": 6, "nedges": 6, "density": 0.4, "atomics": "[97, 98, 109, 110, 111, 121]", "group_pop": 6, "init_part_assignment": 5, "id": 18}, {"graph": null, "nnodes": 6, "nedges": 5, "density": 0.3333333333333333, "atomics": "[101, 138, 113, 114, 115, 126]", "group_pop": 6, "init_part_assignment": 10, "id": 19}, {"graph": null, "nnodes": 6, "nedges": 5, "density": 0.3333333333333333, "atomics": "[96, 108, 84, 85, 86, 120]", "group_pop": 6, "init_part_assignment": 0, "id": 20}, {"graph": null, "nnodes": 6, "nedges": 5, "density": 0.3333333333333333, "atomics": "[66, 67, 102, 103, 79, 91]", "group_pop": 6, "init_part_assignment": 11, "id": 21}, {"graph": null, "nnodes": 6, "nedges": 7, "density": 0.4666666666666667, "atomics": "[76, 77, 78, 88, 89, 90]", "group_pop": 6, "init_part_assignment": 11, "id": 22}, {"graph": null, "nnodes": 6, "nedges": 6, "density": 0.4, "atomics": "[64, 65, 40, 52, 53, 63]", "group_pop": 6, "init_part_assignment": 8, "id": 23}], "adjacency": [[{"weight": 4, "random_weight": 0.4295349188377978, "id": 1}, {"weight": 2, "random_weight": 0.8730656941324395, "id": 2}, {"weight": 2, "random_weight": 0.4843198945706685, "id": 10}, {"weight": 1, "random_weight": 0.3646280614235069, "id": 14}], [{"weight": 4, "random_weight": 0.4295349188377978, "id": 0}, {"weight": 1, "random_weight": 0.2904238429056958, "id": 10}, {"weight": 2, "random_weight": 0.17188890917349997, "id": 15}, {"weight": 1, "random_weight": 0.7794959957195478, "id": 16}, {"weight": 2, "random_weight": 0.9805454065488381, "id": 17}, {"weight": 3, "random_weight": 0.5159905253373027, "id": 21}, {"weight": 1, "random_weight": 0.9053820187965872, "id": 23}], [{"weight": 2, "random_weight": 0.8730656941324395, "id": 0}, {"weight": 2, "random_weight": 0.1793535347025259, "id": 6}, {"weight": 1, "random_weight": 0.7008342363614956, "id": 9}, {"weight": 2, "random_weight": 0.5264480695161503, "id": 10}], [{"weight": 2, "random_weight": 0.25651510754662665, "id": 4}, {"weight": 4, "random_weight": 0.1716416981076535, "id": 5}, {"weight": 2, "random_weight": 0.9363437470732493, "id": 11}, {"weight": 1, "random_weight": 0.46952411407346273, "id": 20}], [{"weight": 2, "random_weight": 0.25651510754662665, "id": 3}, {"weight": 2, "random_weight": 0.6953606788637261, "id": 11}, {"weight": 2, "random_weight": 0.6340536785884915, "id": 12}, {"weight": 1, "random_weight": 0.16818765659771395, "id": 13}, {"weight": 1, "random_weight": 0.9372842852689524, "id": 17}, {"weight": 4, "random_weight": 0.7522613740988436, "id": 23}], [{"weight": 4, "random_weight": 0.1716416981076535, "id": 3}, {"weight": 1, "random_weight": 0.7845692856545348, "id": 8}, {"weight": 2, "random_weight": 0.5273975049946628, "id": 18}, {"weight": 3, "random_weight": 0.8316672803180539, "id": 20}, {"weight": 2, "random_weight": 0.630848161833294, "id": 22}, {"weight": 2, "random_weight": 0.384429221766869, "id": 23}], [{"weight": 2, "random_weight": 0.1793535347025259, "id": 2}, {"weight": 3, "random_weight": 0.09468783462578112, "id": 9}], [{"weight": 4, "random_weight": 0.5576987743123017, "id": 8}, {"weight": 1, "random_weight": 0.5174540207587138, "id": 18}, {"weight": 1, "random_weight": 0.19789254504918286, "id": 19}, {"weight": 1, "random_weight": 0.1698755229417226, "id": 20}], [{"weight": 1, "random_weight": 0.7845692856545348, "id": 5}, {"weight": 4, "random_weight": 0.5576987743123017, "id": 7}, {"weight": 4, "random_weight": 0.2838107403285133, "id": 18}, {"weight": 4, "random_weight": 0.8642807005255653, "id": 19}, {"weight": 1, "random_weight": 0.3812296119097395, "id": 22}], [{"weight": 1, "random_weight": 0.7008342363614956, "id": 2}, {"weight": 3, "random_weight": 0.09468783462578112, "id": 6}, {"weight": 2, "random_weight": 0.8709989682007351, "id": 10}, {"weight": 4, "random_weight": 0.35767809972356246, "id": 19}], [{"weight": 2, "random_weight": 0.4843198945706685, "id": 0}, {"weight": 1, "random_weight": 0.2904238429056958, "id": 1}, {"weight": 2, "random_weight": 0.5264480695161503, "id": 2}, {"weight": 2, "random_weight": 0.8709989682007351, "id": 9}, {"weight": 3, "random_weight": 0.8916428323571414, "id": 21}], [{"weight": 2, "random_weight": 0.9363437470732493, "id": 3}, {"weight": 2, "random_weight": 0.6953606788637261, "id": 4}, {"weight": 3, "random_weight": 0.27280956575554993, "id": 12}], [{"weight": 2, "random_weight": 0.6340536785884915, "id": 4}, {"weight": 3, "random_weight": 0.27280956575554993, "id": 11}, {"weight": 2, "random_weight": 0.5126863927260727, "id": 13}], [{"weight": 1, "random_weight": 0.16818765659771395, "id": 4}, {"weight": 2, "random_weight": 0.5126863927260727, "id": 12}, {"weight": 2, "random_weight": 0.7115211439737975, "id": 16}, {"weight": 2, "random_weight": 0.6226141204513256, "id": 17}], [{"weight": 1, "random_weight": 0.3646280614235069, "id": 0}, {"weight": 6, "random_weight": 0.9159767731872089, "id": 15}], [{"weight": 2, "random_weight": 0.17188890917349997, "id": 1}, {"weight": 6, "random_weight": 0.9159767731872089, "id": 14}, {"weight": 4, "random_weight": 0.1197835973690512, "id": 16}], [{"weight": 1, "random_weight": 0.7794959957195478, "id": 1}, {"weight": 2, "random_weight": 0.7115211439737975, "id": 13}, {"weight": 4, "random_weight": 0.1197835973690512, "id": 15}, {"weight": 3, "random_weight": 0.5426759467600152, "id": 17}], [{"weight": 2, "random_weight": 0.9805454065488381, "id": 1}, {"weight": 1, "random_weight": 0.9372842852689524, "id": 4}, {"weight": 2, "random_weight": 0.6226141204513256, "id": 13}, {"weight": 3, "random_weight": 0.5426759467600152, "id": 16}, {"weight": 2, "random_weight": 0.7946347280638939, "id": 23}], [{"weight": 2, "random_weight": 0.5273975049946628, "id": 5}, {"weight": 1, "random_weight": 0.5174540207587138, "id": 7}, {"weight": 4, "random_weight": 0.2838107403285133, "id": 8}, {"weight": 5, "random_weight": 0.47167248675194484, "id": 20}], [{"weight": 1, "random_weight": 0.19789254504918286, "id": 7}, {"weight": 4, "random_weight": 0.8642807005255653, "id": 8}, {"weight": 4, "random_weight": 0.35767809972356246, "id": 9}, {"weight": 3, "random_weight": 0.8790370184400684, "id": 21}, {"weight": 1, "random_weight": 0.43918278192214233, "id": 22}], [{"weight": 1, "random_weight": 0.46952411407346273, "id": 3}, {"weight": 3, "random_weight": 0.8316672803180539, "id": 5}, {"weight": 1, "random_weight": 0.1698755229417226, "id": 7}, {"weight": 5, "random_weight": 0.47167248675194484, "id": 18}], [{"weight": 3, "random_weight": 0.5159905253373027, "id": 1}, {"weight": 3, "random_weight": 0.8916428323571414, "id": 10}, {"weight": 3, "random_weight": 0.8790370184400684, "id": 19}, {"weight": 4, "random_weight": 0.2902354837942288, "id": 22}, {"weight": 1, "random_weight": 0.8798936703146516, "id": 23}], [{"weight": 2, "random_weight": 0.630848161833294, "id": 5}, {"weight": 1, "random_weight": 0.3812296119097395, "id": 8}, {"weight": 1, "random_weight": 0.43918278192214233, "id": 19}, {"weight": 4, "random_weight": 0.2902354837942288, "id": 21}, {"weight": 2, "random_weight": 0.10510034090573206, "id": 23}], [{"weight": 1, "random_weight": 0.9053820187965872, "id": 1}, {"weight": 4, "random_weight": 0.7522613740988436, "id": 4}, {"weight": 2, "random_weight": 0.384429221766869, "id": 5}, {"weight": 2, "random_weight": 0.7946347280638939, "id": 17}, {"weight": 1, "random_weight": 0.8798936703146516, "id": 21}, {"weight": 2, "random_weight": 0.10510034090573206, "id": 22}]]}