{"directed": false, "multigraph": false, "graph": [], "nodes": [{"graph": null, "nnodes": 6, "nedges": 6, "density": 0.4, "atomics": "[70, 81, 82, 83, 93, 94]", "group_pop": 6, "init_part_assignment": 1, "id": 0}, {"graph": null, "nnodes": 6, "nedges": 6, "density": 0.4, "atomics": "[35, 71, 46, 47, 58, 59]", "group_pop": 6, "init_part_assignment": 2, "id": 1}, {"graph": null, "nnodes": 6, "nedges": 5, "density": 0.3333333333333333, "atomics": "[131, 107, 142, 143, 119, 95]", "group_pop": 6, "init_part_assignment": 1, "id": 2}, {"graph": null, "nnodes": 6, "nedges": 6, "density": 0.4, "atomics": "[36, 37, 38, 48, 49, 26]", "group_pop": 6, "init_part_assignment": 8, "id": 3}, {"graph": null, "nnodes": 6, "nedges": 6, "density": 0.4, "atomics": "[64, 50, 51, 61, 62, 63]", "group_pop": 6, "init_part_assignment": 11, "id": 4}, {"graph": null, "nnodes": 6, "nedges": 5, "density": 0.3333333333333333, "atomics": "[130, 103, 104, 105, 106, 118]", "group_pop": 6, "init_part_assignment": 3, "id": 5}, {"graph": null, "nnodes": 6, "nedges": 6, "density": 0.4, "atomics": "[132, 133, 134, 135, 122, 123]", "group_pop": 6, "init_part_assignment": 7, "id": 6}, {"graph": null, "nnodes": 6, "nedges": 6, "density": 0.4, "atomics": "[136, 137, 138, 139, 126, 127]", "group_pop": 6, "init_part_assignment": 7, "id": 7}, {"graph": null, "nnodes": 6, "nedges": 6, "density": 0.4, "atomics": "[112, 113, 114, 115, 124, 125]", "group_pop": 6, "init_part_assignment": 9, "id": 8}, {"graph": null, "nnodes": 6, "nedges": 7, "density": 0.4666666666666667, "atomics": "[128, 129, 140, 141, 116, 117]", "group_pop": 6, "init_part_assignment": 3, "id": 9}, {"graph": null, "nnodes": 6, "nedges": 7, "density": 0.4666666666666667, "atomics": "[0, 1, 12, 13, 24, 25]", "group_pop": 6, "init_part_assignment": 5, "id": 10}, {"graph": null, "nnodes": 6, "nedges": 5, "density": 0.3333333333333333, "atomics": "[5, 16, 17, 18, 19, 31]", "group_pop": 6, "init_part_assignment": 4, "id": 11}, {"graph": null, "nnodes": 6, "nedges": 6, "density": 0.4, "atomics": "[2, 3, 4, 14, 15, 27]", "group_pop": 6, "init_part_assignment": 5, "id": 12}, {"graph": null, "nnodes": 6, "nedges": 5, "density": 0.3333333333333333, "atomics": "[6, 7, 8, 9, 10, 20]", "group_pop": 6, "init_part_assignment": 4, "id": 13}, {"graph": null, "nnodes": 6, "nedges": 6, "density": 0.4, "atomics": "[33, 34, 11, 21, 22, 23]", "group_pop": 6, "init_part_assignment": 2, "id": 14}, {"graph": null, "nnodes": 6, "nedges": 6, "density": 0.4, "atomics": "[42, 43, 54, 55, 29, 30]", "group_pop": 6, "init_part_assignment": 10, "id": 15}, {"graph": null, "nnodes": 6, "nedges": 6, "density": 0.4, "atomics": "[99, 100, 76, 77, 88, 89]", "group_pop": 6, "init_part_assignment": 0, "id": 16}, {"graph": null, "nnodes": 6, "nedges": 6, "density": 0.4, "atomics": "[97, 98, 109, 110, 111, 121]", "group_pop": 6, "init_part_assignment": 0, "id": 17}, {"graph": null, "nnodes": 6, "nedges": 5, "density": 0.3333333333333333, "atomics": "[96, 72, 108, 84, 120, 60]", "group_pop": 6, "init_part_assignment": 6, "id": 18}, {"graph": null, "nnodes": 6, "nedges": 6, "density": 0.4, "atomics": "[32, 69, 44, 45, 56, 57]", "group_pop": 6, "init_part_assignment": 10, "id": 19}, {"graph": null, "nnodes": 6, "nedges": 5, "density": 0.3333333333333333, "atomics": "[65, 66, 67, 68, 80, 92]", "group_pop": 6, "init_part_assignment": 11, "id": 20}, {"graph": null, "nnodes": 6, "nedges": 6, "density": 0.4, "atomics": "[101, 102, 78, 79, 90, 91]", "group_pop": 6, "init_part_assignment": 9, "id": 21}, {"graph": null, "nnodes": 6, "nedges": 6, "density": 0.4, "atomics": "[39, 40, 41, 52, 53, 28]", "group_pop": 6, "init_part_assignment": 8, "id": 22}, {"graph": null, "nnodes": 6, "nedges": 7, "density": 0.4666666666666667, "atomics": "[73, 74, 75, 85, 86, 87]", "group_pop": 6, "init_part_assignment": 6, "id": 23}], "adjacency": [[{"weight": 3, "random_weight": 0.6206311316681744, "id": 1}, {"weight": 2, "random_weight": 0.21668951415995674, "id": 2}, {"weight": 2, "random_weight": 0.7586871081921889, "id": 5}, {"weight": 2, "random_weight": 0.8952287719649437, "id": 19}, {"weight": 2, "random_weight": 0.9306097117849206, "id": 20}], [{"weight": 3, "random_weight": 0.6206311316681744, "id": 0}, {"weight": 3, "random_weight": 0.2584151741133416, "id": 14}, {"weight": 2, "random_weight": 0.48414863298041144, "id": 19}], [{"weight": 2, "random_weight": 0.21668951415995674, "id": 0}, {"weight": 4, "random_weight": 0.7206110502589637, "id": 5}, {"weight": 1, "random_weight": 0.5786780694198013, "id": 9}], [{"weight": 3, "random_weight": 0.23774998311672768, "id": 4}, {"weight": 3, "random_weight": 0.7331210714171829, "id": 10}, {"weight": 2, "random_weight": 0.39763655588059155, "id": 12}, {"weight": 1, "random_weight": 0.6605597435899939, "id": 18}, {"weight": 1, "random_weight": 0.005575730592603745, "id": 22}], [{"weight": 3, "random_weight": 0.23774998311672768, "id": 3}, {"weight": 1, "random_weight": 0.7426940114114408, "id": 16}, {"weight": 1, "random_weight": 0.3721776030469305, "id": 18}, {"weight": 1, "random_weight": 0.853778288748442, "id": 20}, {"weight": 3, "random_weight": 0.06548210360517215, "id": 22}, {"weight": 3, "random_weight": 0.14618319880756148, "id": 23}], [{"weight": 2, "random_weight": 0.7586871081921889, "id": 0}, {"weight": 4, "random_weight": 0.7206110502589637, "id": 2}, {"weight": 1, "random_weight": 0.3018758362999796, "id": 8}, {"weight": 4, "random_weight": 0.3884540494937788, "id": 9}, {"weight": 1, "random_weight": 0.7486590580516054, "id": 20}, {"weight": 2, "random_weight": 0.6844173148208569, "id": 21}], [{"weight": 1, "random_weight": 0.617265750765983, "id": 7}, {"weight": 1, "random_weight": 0.8185884240638428, "id": 8}, {"weight": 4, "random_weight": 0.7235655965476572, "id": 17}, {"weight": 1, "random_weight": 0.7444394756922139, "id": 18}], [{"weight": 1, "random_weight": 0.617265750765983, "id": 6}, {"weight": 5, "random_weight": 0.0516983360354798, "id": 8}, {"weight": 2, "random_weight": 0.4287879684261938, "id": 9}], [{"weight": 1, "random_weight": 0.3018758362999796, "id": 5}, {"weight": 1, "random_weight": 0.8185884240638428, "id": 6}, {"weight": 5, "random_weight": 0.0516983360354798, "id": 7}, {"weight": 1, "random_weight": 0.5033052989025453, "id": 9}, {"weight": 1, "random_weight": 0.8540780197968401, "id": 16}, {"weight": 1, "random_weight": 0.953754520048512, "id": 17}, {"weight": 2, "random_weight": 0.6121179458814656, "id": 21}], [{"weight": 1, "random_weight": 0.5786780694198013, "id": 2}, {"weight": 4, "random_weight": 0.3884540494937788, "id": 5}, {"weight": 2, "random_weight": 0.4287879684261938, "id": 7}, {"weight": 1, "random_weight": 0.5033052989025453, "id": 8}], [{"weight": 3, "random_weight": 0.7331210714171829, "id": 3}, {"weight": 2, "random_weight": 0.6597864005673997, "id": 12}], [{"weight": 3, "random_weight": 0.5820645817682927, "id": 12}, {"weight": 4, "random_weight": 0.17434841466160056, "id": 13}, {"weight": 4, "random_weight": 0.5369866303058409, "id": 15}, {"weight": 1, "random_weight": 0.2200826453171828, "id": 19}, {"weight": 1, "random_weight": 0.6885703731010672, "id": 22}], [{"weight": 2, "random_weight": 0.39763655588059155, "id": 3}, {"weight": 2, "random_weight": 0.6597864005673997, "id": 10}, {"weight": 3, "random_weight": 0.5820645817682927, "id": 11}, {"weight": 2, "random_weight": 0.9715722829917305, "id": 22}], [{"weight": 4, "random_weight": 0.17434841466160056, "id": 11}, {"weight": 4, "random_weight": 0.09796133355047099, "id": 14}, {"weight": 1, "random_weight": 0.4814104471200099, "id": 19}], [{"weight": 3, "random_weight": 0.2584151741133416, "id": 1}, {"weight": 4, "random_weight": 0.09796133355047099, "id": 13}, {"weight": 2, "random_weight": 0.9513463431586366, "id": 19}], [{"weight": 4, "random_weight": 0.5369866303058409, "id": 11}, {"weight": 2, "random_weight": 0.12869491647054843, "id": 19}, {"weight": 2, "random_weight": 0.23462524977795796, "id": 20}, {"weight": 4, "random_weight": 0.9583285745690701, "id": 22}], [{"weight": 1, "random_weight": 0.7426940114114408, "id": 4}, {"weight": 1, "random_weight": 0.8540780197968401, "id": 8}, {"weight": 2, "random_weight": 0.43377815701972366, "id": 17}, {"weight": 1, "random_weight": 0.6339025950817112, "id": 20}, {"weight": 4, "random_weight": 0.7240456050519932, "id": 21}, {"weight": 3, "random_weight": 0.6929061358566501, "id": 23}], [{"weight": 4, "random_weight": 0.7235655965476572, "id": 6}, {"weight": 1, "random_weight": 0.953754520048512, "id": 8}, {"weight": 2, "random_weight": 0.43377815701972366, "id": 16}, {"weight": 3, "random_weight": 0.6015377834827089, "id": 18}, {"weight": 2, "random_weight": 0.4666330767512832, "id": 23}], [{"weight": 1, "random_weight": 0.6605597435899939, "id": 3}, {"weight": 1, "random_weight": 0.3721776030469305, "id": 4}, {"weight": 1, "random_weight": 0.7444394756922139, "id": 6}, {"weight": 3, "random_weight": 0.6015377834827089, "id": 17}, {"weight": 2, "random_weight": 0.33031053718758796, "id": 23}], [{"weight": 2, "random_weight": 0.8952287719649437, "id": 0}, {"weight": 2, "random_weight": 0.48414863298041144, "id": 1}, {"weight": 1, "random_weight": 0.2200826453171828, "id": 11}, {"weight": 1, "random_weight": 0.4814104471200099, "id": 13}, {"weight": 2, "random_weight": 0.9513463431586366, "id": 14}, {"weight": 2, "random_weight": 0.12869491647054843, "id": 15}, {"weight": 2, "random_weight": 0.10509596411727529, "id": 20}], [{"weight": 2, "random_weight": 0.9306097117849206, "id": 0}, {"weight": 1, "random_weight": 0.853778288748442, "id": 4}, {"weight": 1, "random_weight": 0.7486590580516054, "id": 5}, {"weight": 2, "random_weight": 0.23462524977795796, "id": 15}, {"weight": 1, "random_weight": 0.6339025950817112, "id": 16}, {"weight": 2, "random_weight": 0.10509596411727529, "id": 19}, {"weight": 4, "random_weight": 0.05653305840963685, "id": 21}, {"weight": 1, "random_weight": 0.45653636595126723, "id": 22}], [{"weight": 2, "random_weight": 0.6844173148208569, "id": 5}, {"weight": 2, "random_weight": 0.6121179458814656, "id": 8}, {"weight": 4, "random_weight": 0.7240456050519932, "id": 16}, {"weight": 4, "random_weight": 0.05653305840963685, "id": 20}], [{"weight": 1, "random_weight": 0.005575730592603745, "id": 3}, {"weight": 3, "random_weight": 0.06548210360517215, "id": 4}, {"weight": 1, "random_weight": 0.6885703731010672, "id": 11}, {"weight": 2, "random_weight": 0.9715722829917305, "id": 12}, {"weight": 4, "random_weight": 0.9583285745690701, "id": 15}, {"weight": 1, "random_weight": 0.45653636595126723, "id": 20}], [{"weight": 3, "random_weight": 0.14618319880756148, "id": 4}, {"weight": 3, "random_weight": 0.6929061358566501, "id": 16}, {"weight": 2, "random_weight": 0.4666330767512832, "id": 17}, {"weight": 2, "random_weight": 0.33031053718758796, "id": 18}]]}