{"directed": false, "multigraph": false, "graph": [], "nodes": [{"graph": null, "nnodes": 6, "nedges": 6, "density": 0.4, "atomics": "[70, 71, 47, 83, 58, 59]", "group_pop": 6, "init_part_assignment": 6, "id": 0}, {"graph": null, "nnodes": 6, "nedges": 6, "density": 0.4, "atomics": "[131, 106, 107, 119, 94, 95]", "group_pop": 6, "init_part_assignment": 10, "id": 1}, {"graph": null, "nnodes": 6, "nedges": 7, "density": 0.4666666666666667, "atomics": "[36, 37, 48, 49, 24, 25]", "group_pop": 6, "init_part_assignment": 2, "id": 2}, {"graph": null, "nnodes": 6, "nedges": 6, "density": 0.4, "atomics": "[64, 38, 50, 51, 52, 63]", "group_pop": 6, "init_part_assignment": 3, "id": 3}, {"graph": null, "nnodes": 6, "nedges": 6, "density": 0.4, "atomics": "[72, 73, 85, 60, 61, 62]", "group_pop": 6, "init_part_assignment": 2, "id": 4}, {"graph": null, "nnodes": 6, "nedges": 6, "density": 0.4, "atomics": "[129, 130, 142, 143, 117, 118]", "group_pop": 6, "init_part_assignment": 7, "id": 5}, {"graph": null, "nnodes": 6, "nedges": 5, "density": 0.3333333333333333, "atomics": "[133, 134, 135, 136, 137, 124]", "group_pop": 6, "init_part_assignment": 4, "id": 6}, {"graph": null, "nnodes": 6, "nedges": 7, "density": 0.4666666666666667, "atomics": "[101, 102, 113, 114, 125, 126]", "group_pop": 6, "init_part_assignment": 11, "id": 7}, {"graph": null, "nnodes": 6, "nedges": 6, "density": 0.4, "atomics": "[103, 104, 105, 115, 116, 91]", "group_pop": 6, "init_part_assignment": 10, "id": 8}, {"graph": null, "nnodes": 6, "nedges": 6, "density": 0.4, "atomics": "[128, 138, 139, 140, 141, 127]", "group_pop": 6, "init_part_assignment": 7, "id": 9}, {"graph": null, "nnodes": 6, "nedges": 7, "density": 0.4666666666666667, "atomics": "[0, 1, 2, 12, 13, 14]", "group_pop": 6, "init_part_assignment": 0, "id": 10}, {"graph": null, "nnodes": 6, "nedges": 7, "density": 0.4666666666666667, "atomics": "[3, 4, 5, 15, 16, 17]", "group_pop": 6, "init_part_assignment": 8, "id": 11}, {"graph": null, "nnodes": 6, "nedges": 6, "density": 0.4, "atomics": "[6, 7, 18, 19, 20, 31]", "group_pop": 6, "init_part_assignment": 8, "id": 12}, {"graph": null, "nnodes": 6, "nedges": 5, "density": 0.3333333333333333, "atomics": "[32, 33, 34, 35, 46, 21]", "group_pop": 6, "init_part_assignment": 5, "id": 13}, {"graph": null, "nnodes": 6, "nedges": 6, "density": 0.4, "atomics": "[8, 9, 10, 11, 22, 23]", "group_pop": 6, "init_part_assignment": 5, "id": 14}, {"graph": null, "nnodes": 6, "nedges": 6, "density": 0.4, "atomics": "[42, 43, 44, 55, 56, 30]", "group_pop": 6, "init_part_assignment": 9, "id": 15}, {"graph": null, "nnodes": 6, "nedges": 5, "density": 0.3333333333333333, "atomics": "[100, 77, 111, 112, 88, 89]", "group_pop": 6, "init_part_assignment": 4, "id": 16}, {"graph": null, "nnodes": 6, "nedges": 5, "density": 0.3333333333333333, "atomics": "[132, 108, 120, 121, 122, 123]", "group_pop": 6, "init_part_assignment": 1, "id": 17}, {"graph": null, "nnodes": 6, "nedges": 6, "density": 0.4, "atomics": "[96, 97, 98, 109, 110, 84]", "group_pop": 6, "init_part_assignment": 1, "id": 18}, {"graph": null, "nnodes": 6, "nedges": 5, "density": 0.3333333333333333, "atomics": "[68, 69, 45, 81, 82, 57]", "group_pop": 6, "init_part_assignment": 6, "id": 19}, {"graph": null, "nnodes": 6, "nedges": 5, "density": 0.3333333333333333, "atomics": "[78, 79, 80, 90, 92, 93]", "group_pop": 6, "init_part_assignment": 11, "id": 20}, {"graph": null, "nnodes": 6, "nedges": 6, "density": 0.4, "atomics": "[39, 40, 26, 27, 28, 29]", "group_pop": 6, "init_part_assignment": 0, "id": 21}, {"graph": null, "nnodes": 6, "nedges": 6, "density": 0.4, "atomics": "[65, 66, 67, 41, 53, 54]", "group_pop": 6, "init_part_assignment": 9, "id": 22}, {"graph": null, "nnodes": 6, "nedges": 6, "density": 0.4, "atomics": "[99, 74, 75, 76, 86, 87]", "group_pop": 6, "init_part_assignment": 3, "id": 23}], "adjacency": [[{"weight": 1, "random_weight": 0.9451188985100281, "id": 1}, {"weight": 3, "random_weight": 0.806566154753398, "id": 13}, {"weight": 4, "random_weight": 0.6362320857358436, "id": 19}], [{"weight": 1, "random_weight": 0.9451188985100281, "id": 0}, {"weight": 4, "random_weight": 0.8511554178394743, "id": 5}, {"weight": 1, "random_weight": 0.28124868925627466, "id": 8}, {"weight": 1, "random_weight": 0.8596908036939964, "id": 19}, {"weight": 1, "random_weight": 0.9257439469802528, "id": 20}], [{"weight": 2, "random_weight": 0.4536693223071433, "id": 3}, {"weight": 2, "random_weight": 0.5038085408246901, "id": 4}, {"weight": 2, "random_weight": 0.5511056079239646, "id": 10}, {"weight": 1, "random_weight": 0.9298700275771055, "id": 21}], [{"weight": 2, "random_weight": 0.4536693223071433, "id": 2}, {"weight": 2, "random_weight": 0.5490167505295367, "id": 4}, {"weight": 4, "random_weight": 0.9748975005179865, "id": 21}, {"weight": 2, "random_weight": 0.9547316077547984, "id": 22}, {"weight": 2, "random_weight": 0.03136540175538893, "id": 23}], [{"weight": 2, "random_weight": 0.5038085408246901, "id": 2}, {"weight": 2, "random_weight": 0.5490167505295367, "id": 3}, {"weight": 3, "random_weight": 0.550273054309945, "id": 18}, {"weight": 3, "random_weight": 0.7576296604876356, "id": 23}], [{"weight": 4, "random_weight": 0.8511554178394743, "id": 1}, {"weight": 2, "random_weight": 0.41848470416070915, "id": 8}, {"weight": 3, "random_weight": 0.35387210925253254, "id": 9}], [{"weight": 2, "random_weight": 0.9599433996682659, "id": 7}, {"weight": 1, "random_weight": 0.9639408671643898, "id": 9}, {"weight": 1, "random_weight": 0.20467330261996886, "id": 16}, {"weight": 5, "random_weight": 0.9866984263455225, "id": 17}], [{"weight": 2, "random_weight": 0.9599433996682659, "id": 6}, {"weight": 2, "random_weight": 0.9524446695095866, "id": 8}, {"weight": 2, "random_weight": 0.7875669983096306, "id": 9}, {"weight": 3, "random_weight": 0.7611945762429072, "id": 16}, {"weight": 1, "random_weight": 0.005818187044047907, "id": 20}], [{"weight": 1, "random_weight": 0.28124868925627466, "id": 1}, {"weight": 2, "random_weight": 0.41848470416070915, "id": 5}, {"weight": 2, "random_weight": 0.9524446695095866, "id": 7}, {"weight": 2, "random_weight": 0.28008959464854566, "id": 9}, {"weight": 5, "random_weight": 0.041639618776232123, "id": 20}], [{"weight": 3, "random_weight": 0.35387210925253254, "id": 5}, {"weight": 1, "random_weight": 0.9639408671643898, "id": 6}, {"weight": 2, "random_weight": 0.7875669983096306, "id": 7}, {"weight": 2, "random_weight": 0.28008959464854566, "id": 8}], [{"weight": 2, "random_weight": 0.5511056079239646, "id": 2}, {"weight": 2, "random_weight": 0.554732005331712, "id": 11}, {"weight": 1, "random_weight": 0.4755608914922639, "id": 21}], [{"weight": 2, "random_weight": 0.554732005331712, "id": 10}, {"weight": 2, "random_weight": 0.8594050117496441, "id": 12}, {"weight": 3, "random_weight": 0.9090847053343083, "id": 21}], [{"weight": 2, "random_weight": 0.8594050117496441, "id": 11}, {"weight": 3, "random_weight": 0.6206693179752236, "id": 13}, {"weight": 2, "random_weight": 0.9936343292444391, "id": 14}, {"weight": 3, "random_weight": 0.5596824702512022, "id": 15}], [{"weight": 3, "random_weight": 0.806566154753398, "id": 0}, {"weight": 3, "random_weight": 0.6206693179752236, "id": 12}, {"weight": 4, "random_weight": 0.7643050421860189, "id": 14}, {"weight": 1, "random_weight": 0.7873552563701075, "id": 15}, {"weight": 2, "random_weight": 0.03681225056104209, "id": 19}], [{"weight": 2, "random_weight": 0.9936343292444391, "id": 12}, {"weight": 4, "random_weight": 0.7643050421860189, "id": 13}], [{"weight": 3, "random_weight": 0.5596824702512022, "id": 12}, {"weight": 1, "random_weight": 0.7873552563701075, "id": 13}, {"weight": 3, "random_weight": 0.47076124950426435, "id": 19}, {"weight": 1, "random_weight": 0.9419190319134549, "id": 21}, {"weight": 4, "random_weight": 0.33034115769298755, "id": 22}], [{"weight": 1, "random_weight": 0.20467330261996886, "id": 6}, {"weight": 3, "random_weight": 0.7611945762429072, "id": 7}, {"weight": 1, "random_weight": 0.6811602153674093, "id": 17}, {"weight": 1, "random_weight": 0.5064611547968312, "id": 18}, {"weight": 2, "random_weight": 0.17806116035176, "id": 20}, {"weight": 1, "random_weight": 0.9207478644076331, "id": 22}, {"weight": 5, "random_weight": 0.14482545658599477, "id": 23}], [{"weight": 5, "random_weight": 0.9866984263455225, "id": 6}, {"weight": 1, "random_weight": 0.6811602153674093, "id": 16}, {"weight": 4, "random_weight": 0.5914399634088169, "id": 18}], [{"weight": 3, "random_weight": 0.550273054309945, "id": 4}, {"weight": 1, "random_weight": 0.5064611547968312, "id": 16}, {"weight": 4, "random_weight": 0.5914399634088169, "id": 17}, {"weight": 2, "random_weight": 0.8596524963636331, "id": 23}], [{"weight": 4, "random_weight": 0.6362320857358436, "id": 0}, {"weight": 1, "random_weight": 0.8596908036939964, "id": 1}, {"weight": 2, "random_weight": 0.03681225056104209, "id": 13}, {"weight": 3, "random_weight": 0.47076124950426435, "id": 15}, {"weight": 3, "random_weight": 0.11341753169465951, "id": 20}, {"weight": 1, "random_weight": 0.8308939680736219, "id": 22}], [{"weight": 1, "random_weight": 0.9257439469802528, "id": 1}, {"weight": 1, "random_weight": 0.005818187044047907, "id": 7}, {"weight": 5, "random_weight": 0.041639618776232123, "id": 8}, {"weight": 2, "random_weight": 0.17806116035176, "id": 16}, {"weight": 3, "random_weight": 0.11341753169465951, "id": 19}, {"weight": 2, "random_weight": 0.9270259330788815, "id": 22}], [{"weight": 1, "random_weight": 0.9298700275771055, "id": 2}, {"weight": 4, "random_weight": 0.9748975005179865, "id": 3}, {"weight": 1, "random_weight": 0.4755608914922639, "id": 10}, {"weight": 3, "random_weight": 0.9090847053343083, "id": 11}, {"weight": 1, "random_weight": 0.9419190319134549, "id": 15}, {"weight": 2, "random_weight": 0.039873832612326354, "id": 22}], [{"weight": 2, "random_weight": 0.9547316077547984, "id": 3}, {"weight": 4, "random_weight": 0.33034115769298755, "id": 15}, {"weight": 1, "random_weight": 0.9207478644076331, "id": 16}, {"weight": 1, "random_weight": 0.8308939680736219, "id": 19}, {"weight": 2, "random_weight": 0.9270259330788815, "id": 20}, {"weight": 2, "random_weight": 0.039873832612326354, "id": 21}], [{"weight": 2, "random_weight": 0.03136540175538893, "id": 3}, {"weight": 3, "random_weight": 0.7576296604876356, "id": 4}, {"weight": 5, "random_weight": 0.14482545658599477, "id": 16}, {"weight": 2, "random_weight": 0.8596524963636331, "id": 18}]]}