{"directed": false, "multigraph": false, "graph": [], "nodes": [{"graph": null, "nnodes": 6, "nedges": 5, "density": 0.3333333333333333, "atomics": "[131, 71, 107, 83, 119, 95]", "group_pop": 6, "init_part_assignment": 0, "id": 0}, {"graph": null, "nnodes": 6, "nedges": 6, "density": 0.4, "atomics": "[46, 47, 56, 57, 58, 59]", "group_pop": 6, "init_part_assignment": 0, "id": 1}, {"graph": null, "nnodes": 6, "nedges": 6, "density": 0.4, "atomics": "[36, 37, 13, 48, 24, 25]", "group_pop": 6, "init_part_assignment": 4, "id": 2}, {"graph": null, "nnodes": 6, "nedges": 6, "density": 0.4, "atomics": "[38, 49, 50, 60, 61, 62]", "group_pop": 6, "init_part_assignment": 8, "id": 3}, {"graph": null, "nnodes": 6, "nedges": 7, "density": 0.4666666666666667, "atomics": "[129, 130, 105, 106, 117, 118]", "group_pop": 6, "init_part_assignment": 7, "id": 4}, {"graph": null, "nnodes": 6, "nedges": 5, "density": 0.3333333333333333, "atomics": "[128, 139, 140, 141, 142, 143]", "group_pop": 6, "init_part_assignment": 5, "id": 5}, {"graph": null, "nnodes": 6, "nedges": 7, "density": 0.4666666666666667, "atomics": "[132, 133, 108, 109, 120, 121]", "group_pop": 6, "init_part_assignment": 6, "id": 6}, {"graph": null, "nnodes": 6, "nedges": 6, "density": 0.4, "atomics": "[134, 110, 111, 112, 122, 123]", "group_pop": 6, "init_part_assignment": 9, "id": 7}, {"graph": null, "nnodes": 6, "nedges": 6, "density": 0.4, "atomics": "[135, 136, 137, 138, 124, 125]", "group_pop": 6, "init_part_assignment": 5, "id": 8}, {"graph": null, "nnodes": 6, "nedges": 7, "density": 0.4666666666666667, "atomics": "[69, 70, 81, 82, 93, 94]", "group_pop": 6, "init_part_assignment": 7, "id": 9}, {"graph": null, "nnodes": 6, "nedges": 5, "density": 0.3333333333333333, "atomics": "[0, 1, 2, 3, 12, 14]", "group_pop": 6, "init_part_assignment": 4, "id": 10}, {"graph": null, "nnodes": 6, "nedges": 7, "density": 0.4666666666666667, "atomics": "[4, 5, 6, 16, 17, 18]", "group_pop": 6, "init_part_assignment": 3, "id": 11}, {"graph": null, "nnodes": 6, "nedges": 6, "density": 0.4, "atomics": "[39, 40, 15, 26, 27, 28]", "group_pop": 6, "init_part_assignment": 8, "id": 12}, {"graph": null, "nnodes": 6, "nedges": 7, "density": 0.4666666666666667, "atomics": "[34, 35, 10, 11, 22, 23]", "group_pop": 6, "init_part_assignment": 1, "id": 13}, {"graph": null, "nnodes": 6, "nedges": 7, "density": 0.4666666666666667, "atomics": "[7, 8, 9, 19, 20, 21]", "group_pop": 6, "init_part_assignment": 1, "id": 14}, {"graph": null, "nnodes": 6, "nedges": 6, "density": 0.4, "atomics": "[41, 42, 54, 29, 30, 31]", "group_pop": 6, "init_part_assignment": 3, "id": 15}, {"graph": null, "nnodes": 6, "nedges": 5, "density": 0.3333333333333333, "atomics": "[64, 98, 99, 100, 76, 88]", "group_pop": 6, "init_part_assignment": 9, "id": 16}, {"graph": null, "nnodes": 6, "nedges": 6, "density": 0.4, "atomics": "[101, 102, 113, 114, 126, 127]", "group_pop": 6, "init_part_assignment": 11, "id": 17}, {"graph": null, "nnodes": 6, "nedges": 7, "density": 0.4666666666666667, "atomics": "[103, 104, 115, 116, 91, 92]", "group_pop": 6, "init_part_assignment": 11, "id": 18}, {"graph": null, "nnodes": 6, "nedges": 6, "density": 0.4, "atomics": "[32, 33, 43, 44, 45, 55]", "group_pop": 6, "init_part_assignment": 2, "id": 19}, {"graph": null, "nnodes": 6, "nedges": 6, "density": 0.4, "atomics": "[67, 68, 78, 79, 80, 90]", "group_pop": 6, "init_part_assignment": 2, "id": 20}, {"graph": null, "nnodes": 6, "nedges": 5, "density": 0.3333333333333333, "atomics": "[65, 66, 77, 52, 53, 89]", "group_pop": 6, "init_part_assignment": 10, "id": 21}, {"graph": null, "nnodes": 6, "nedges": 7, "density": 0.4666666666666667, "atomics": "[96, 97, 72, 73, 84, 85]", "group_pop": 6, "init_part_assignment": 6, "id": 22}, {"graph": null, "nnodes": 6, "nedges": 6, "density": 0.4, "atomics": "[74, 75, 51, 86, 87, 63]", "group_pop": 6, "init_part_assignment": 10, "id": 23}], "adjacency": [[{"weight": 1, "random_weight": 0.17552356622820042, "id": 1}, {"weight": 3, "random_weight": 0.8368001061034406, "id": 4}, {"weight": 1, "random_weight": 0.5228346309781261, "id": 5}, {"weight": 3, "random_weight": 0.7271684599731483, "id": 9}], [{"weight": 1, "random_weight": 0.17552356622820042, "id": 0}, {"weight": 2, "random_weight": 0.644602623163817, "id": 9}, {"weight": 2, "random_weight": 0.9932101586290648, "id": 13}, {"weight": 4, "random_weight": 0.9419691474207452, "id": 19}, {"weight": 1, "random_weight": 0.021768168590789228, "id": 20}], [{"weight": 4, "random_weight": 0.47623733457191353, "id": 3}, {"weight": 4, "random_weight": 0.004213308290737405, "id": 10}, {"weight": 1, "random_weight": 0.5481694678040039, "id": 12}], [{"weight": 4, "random_weight": 0.47623733457191353, "id": 2}, {"weight": 2, "random_weight": 0.15143003191789228, "id": 12}, {"weight": 2, "random_weight": 0.8335031993878631, "id": 22}, {"weight": 3, "random_weight": 0.40076666627437807, "id": 23}], [{"weight": 3, "random_weight": 0.8368001061034406, "id": 0}, {"weight": 3, "random_weight": 0.9850222605031757, "id": 5}, {"weight": 2, "random_weight": 0.5731949512524291, "id": 9}, {"weight": 2, "random_weight": 0.6367437674974074, "id": 18}], [{"weight": 1, "random_weight": 0.5228346309781261, "id": 0}, {"weight": 3, "random_weight": 0.9850222605031757, "id": 4}, {"weight": 1, "random_weight": 0.5778533115530844, "id": 8}, {"weight": 2, "random_weight": 0.6007454828092824, "id": 17}, {"weight": 1, "random_weight": 0.6655069421833474, "id": 18}], [{"weight": 3, "random_weight": 0.8651434049541502, "id": 7}, {"weight": 2, "random_weight": 0.32563766568232433, "id": 22}], [{"weight": 3, "random_weight": 0.8651434049541502, "id": 6}, {"weight": 4, "random_weight": 0.9682253203440603, "id": 8}, {"weight": 3, "random_weight": 0.5729757944958573, "id": 16}, {"weight": 1, "random_weight": 0.9334064607719617, "id": 17}], [{"weight": 1, "random_weight": 0.5778533115530844, "id": 5}, {"weight": 4, "random_weight": 0.9682253203440603, "id": 7}, {"weight": 3, "random_weight": 0.3596033975212525, "id": 17}], [{"weight": 3, "random_weight": 0.7271684599731483, "id": 0}, {"weight": 2, "random_weight": 0.644602623163817, "id": 1}, {"weight": 2, "random_weight": 0.5731949512524291, "id": 4}, {"weight": 1, "random_weight": 0.7882332191173637, "id": 18}, {"weight": 2, "random_weight": 0.8021792348168504, "id": 20}], [{"weight": 4, "random_weight": 0.004213308290737405, "id": 2}, {"weight": 1, "random_weight": 0.6960308737222554, "id": 11}, {"weight": 3, "random_weight": 0.15733912722553123, "id": 12}], [{"weight": 1, "random_weight": 0.6960308737222554, "id": 10}, {"weight": 2, "random_weight": 0.650679377578495, "id": 12}, {"weight": 2, "random_weight": 0.713289378167964, "id": 14}, {"weight": 2, "random_weight": 0.41497215073404836, "id": 15}], [{"weight": 1, "random_weight": 0.5481694678040039, "id": 2}, {"weight": 2, "random_weight": 0.15143003191789228, "id": 3}, {"weight": 3, "random_weight": 0.15733912722553123, "id": 10}, {"weight": 2, "random_weight": 0.650679377578495, "id": 11}, {"weight": 2, "random_weight": 0.9937350836331239, "id": 15}, {"weight": 1, "random_weight": 0.9047104495612539, "id": 21}, {"weight": 1, "random_weight": 0.8937001555963804, "id": 23}], [{"weight": 2, "random_weight": 0.9932101586290648, "id": 1}, {"weight": 2, "random_weight": 0.358946921142442, "id": 14}, {"weight": 1, "random_weight": 0.7714074604786538, "id": 19}], [{"weight": 2, "random_weight": 0.713289378167964, "id": 11}, {"weight": 2, "random_weight": 0.358946921142442, "id": 13}, {"weight": 1, "random_weight": 0.9414421985693617, "id": 15}, {"weight": 2, "random_weight": 0.2392171088646714, "id": 19}], [{"weight": 2, "random_weight": 0.41497215073404836, "id": 11}, {"weight": 2, "random_weight": 0.9937350836331239, "id": 12}, {"weight": 1, "random_weight": 0.9414421985693617, "id": 14}, {"weight": 4, "random_weight": 0.01961784868656158, "id": 19}, {"weight": 3, "random_weight": 0.8352941057709339, "id": 21}], [{"weight": 3, "random_weight": 0.5729757944958573, "id": 7}, {"weight": 1, "random_weight": 0.7219561113766081, "id": 17}, {"weight": 4, "random_weight": 0.8168203129973538, "id": 21}, {"weight": 1, "random_weight": 0.6536563786680825, "id": 22}, {"weight": 5, "random_weight": 0.8395927393357827, "id": 23}], [{"weight": 2, "random_weight": 0.6007454828092824, "id": 5}, {"weight": 1, "random_weight": 0.9334064607719617, "id": 7}, {"weight": 3, "random_weight": 0.3596033975212525, "id": 8}, {"weight": 1, "random_weight": 0.7219561113766081, "id": 16}, {"weight": 3, "random_weight": 0.31740937203513186, "id": 18}, {"weight": 1, "random_weight": 0.7184911596848502, "id": 20}, {"weight": 1, "random_weight": 0.7539611205117975, "id": 21}], [{"weight": 2, "random_weight": 0.6367437674974074, "id": 4}, {"weight": 1, "random_weight": 0.6655069421833474, "id": 5}, {"weight": 1, "random_weight": 0.7882332191173637, "id": 9}, {"weight": 3, "random_weight": 0.31740937203513186, "id": 17}, {"weight": 3, "random_weight": 0.7575496637672601, "id": 20}], [{"weight": 4, "random_weight": 0.9419691474207452, "id": 1}, {"weight": 1, "random_weight": 0.7714074604786538, "id": 13}, {"weight": 2, "random_weight": 0.2392171088646714, "id": 14}, {"weight": 4, "random_weight": 0.01961784868656158, "id": 15}, {"weight": 1, "random_weight": 0.16778509023301047, "id": 20}], [{"weight": 1, "random_weight": 0.021768168590789228, "id": 1}, {"weight": 2, "random_weight": 0.8021792348168504, "id": 9}, {"weight": 1, "random_weight": 0.7184911596848502, "id": 17}, {"weight": 3, "random_weight": 0.7575496637672601, "id": 18}, {"weight": 1, "random_weight": 0.16778509023301047, "id": 19}, {"weight": 4, "random_weight": 0.8830961378796988, "id": 21}], [{"weight": 1, "random_weight": 0.9047104495612539, "id": 12}, {"weight": 3, "random_weight": 0.8352941057709339, "id": 15}, {"weight": 4, "random_weight": 0.8168203129973538, "id": 16}, {"weight": 1, "random_weight": 0.7539611205117975, "id": 17}, {"weight": 4, "random_weight": 0.8830961378796988, "id": 20}, {"weight": 1, "random_weight": 0.79215327407463, "id": 23}], [{"weight": 2, "random_weight": 0.8335031993878631, "id": 3}, {"weight": 2, "random_weight": 0.32563766568232433, "id": 6}, {"weight": 1, "random_weight": 0.6536563786680825, "id": 16}, {"weight": 2, "random_weight": 0.23189689024725446, "id": 23}], [{"weight": 3, "random_weight": 0.40076666627437807, "id": 3}, {"weight": 1, "random_weight": 0.8937001555963804, "id": 12}, {"weight": 5, "random_weight": 0.8395927393357827, "id": 16}, {"weight": 1, "random_weight": 0.79215327407463, "id": 21}, {"weight": 2, "random_weight": 0.23189689024725446, "id": 22}]]}