{"directed": false, "multigraph": false, "graph": [], "nodes": [{"graph": null, "nnodes": 6, "nedges": 7, "density": 0.4666666666666667, "atomics": "[106, 107, 82, 83, 94, 95]", "group_pop": 6, "init_part_assignment": 8, "id": 0}, {"graph": null, "nnodes": 6, "nedges": 7, "density": 0.4666666666666667, "atomics": "[69, 70, 71, 57, 58, 59]", "group_pop": 6, "init_part_assignment": 5, "id": 1}, {"graph": null, "nnodes": 6, "nedges": 6, "density": 0.4, "atomics": "[36, 37, 38, 39, 48, 49]", "group_pop": 6, "init_part_assignment": 1, "id": 2}, {"graph": null, "nnodes": 6, "nedges": 5, "density": 0.3333333333333333, "atomics": "[64, 50, 51, 52, 53, 54]", "group_pop": 6, "init_part_assignment": 7, "id": 3}, {"graph": null, "nnodes": 6, "nedges": 7, "density": 0.4666666666666667, "atomics": "[72, 73, 84, 85, 60, 61]", "group_pop": 6, "init_part_assignment": 2, "id": 4}, {"graph": null, "nnodes": 6, "nedges": 5, "density": 0.3333333333333333, "atomics": "[98, 74, 110, 86, 62, 63]", "group_pop": 6, "init_part_assignment": 9, "id": 5}, {"graph": null, "nnodes": 6, "nedges": 7, "density": 0.4666666666666667, "atomics": "[129, 130, 131, 141, 142, 143]", "group_pop": 6, "init_part_assignment": 10, "id": 6}, {"graph": null, "nnodes": 6, "nedges": 5, "density": 0.3333333333333333, "atomics": "[105, 116, 117, 118, 119, 93]", "group_pop": 6, "init_part_assignment": 10, "id": 7}, {"graph": null, "nnodes": 6, "nedges": 6, "density": 0.4, "atomics": "[132, 133, 134, 135, 122, 123]", "group_pop": 6, "init_part_assignment": 9, "id": 8}, {"graph": null, "nnodes": 6, "nedges": 5, "density": 0.3333333333333333, "atomics": "[136, 111, 112, 124, 125, 126]", "group_pop": 6, "init_part_assignment": 0, "id": 9}, {"graph": null, "nnodes": 6, "nedges": 6, "density": 0.4, "atomics": "[128, 137, 138, 139, 140, 127]", "group_pop": 6, "init_part_assignment": 0, "id": 10}, {"graph": null, "nnodes": 6, "nedges": 7, "density": 0.4666666666666667, "atomics": "[12, 13, 14, 24, 25, 26]", "group_pop": 6, "init_part_assignment": 1, "id": 11}, {"graph": null, "nnodes": 6, "nedges": 7, "density": 0.4666666666666667, "atomics": "[4, 5, 6, 16, 17, 18]", "group_pop": 6, "init_part_assignment": 3, "id": 12}, {"graph": null, "nnodes": 6, "nedges": 5, "density": 0.3333333333333333, "atomics": "[0, 1, 2, 3, 15, 27]", "group_pop": 6, "init_part_assignment": 3, "id": 13}, {"graph": null, "nnodes": 6, "nedges": 7, "density": 0.4666666666666667, "atomics": "[34, 35, 46, 47, 22, 23]", "group_pop": 6, "init_part_assignment": 5, "id": 14}, {"graph": null, "nnodes": 6, "nedges": 5, "density": 0.3333333333333333, "atomics": "[33, 9, 10, 11, 45, 21]", "group_pop": 6, "init_part_assignment": 4, "id": 15}, {"graph": null, "nnodes": 6, "nedges": 7, "density": 0.4666666666666667, "atomics": "[32, 7, 8, 19, 20, 31]", "group_pop": 6, "init_part_assignment": 4, "id": 16}, {"graph": null, "nnodes": 6, "nedges": 7, "density": 0.4666666666666667, "atomics": "[40, 41, 42, 28, 29, 30]", "group_pop": 6, "init_part_assignment": 7, "id": 17}, {"graph": null, "nnodes": 6, "nedges": 6, "density": 0.4, "atomics": "[99, 100, 101, 75, 87, 88]", "group_pop": 6, "init_part_assignment": 11, "id": 18}, {"graph": null, "nnodes": 6, "nedges": 5, "density": 0.3333333333333333, "atomics": "[102, 113, 114, 115, 89, 90]", "group_pop": 6, "init_part_assignment": 11, "id": 19}, {"graph": null, "nnodes": 6, "nedges": 7, "density": 0.4666666666666667, "atomics": "[96, 97, 108, 109, 120, 121]", "group_pop": 6, "init_part_assignment": 2, "id": 20}, {"graph": null, "nnodes": 6, "nedges": 6, "density": 0.4, "atomics": "[103, 104, 80, 81, 91, 92]", "group_pop": 6, "init_part_assignment": 8, "id": 21}, {"graph": null, "nnodes": 6, "nedges": 7, "density": 0.4666666666666667, "atomics": "[67, 68, 43, 44, 55, 56]", "group_pop": 6, "init_part_assignment": 6, "id": 22}, {"graph": null, "nnodes": 6, "nedges": 6, "density": 0.4, "atomics": "[65, 66, 76, 77, 78, 79]", "group_pop": 6, "init_part_assignment": 6, "id": 23}], "adjacency": [[{"weight": 2, "random_weight": 0.5668368822002673, "id": 1}, {"weight": 4, "random_weight": 0.3621000765454411, "id": 7}, {"weight": 1, "random_weight": 0.12693691308822197, "id": 21}], [{"weight": 2, "random_weight": 0.5668368822002673, "id": 0}, {"weight": 2, "random_weight": 0.6127172439971834, "id": 14}, {"weight": 1, "random_weight": 0.10850920162575795, "id": 15}, {"weight": 1, "random_weight": 0.3316583015760669, "id": 21}, {"weight": 2, "random_weight": 0.7906791274822499, "id": 22}], [{"weight": 3, "random_weight": 0.7563205612323458, "id": 3}, {"weight": 2, "random_weight": 0.2583901555925582, "id": 4}, {"weight": 3, "random_weight": 0.5261689434278571, "id": 11}, {"weight": 1, "random_weight": 0.6062322191910313, "id": 13}, {"weight": 1, "random_weight": 0.8758143638761043, "id": 17}], [{"weight": 3, "random_weight": 0.7563205612323458, "id": 2}, {"weight": 3, "random_weight": 0.367101077229151, "id": 5}, {"weight": 3, "random_weight": 0.4810376091706502, "id": 17}, {"weight": 1, "random_weight": 0.9572200992990404, "id": 22}, {"weight": 4, "random_weight": 0.891112046056187, "id": 23}], [{"weight": 2, "random_weight": 0.2583901555925582, "id": 2}, {"weight": 3, "random_weight": 0.3840255898686957, "id": 5}, {"weight": 2, "random_weight": 0.37235047229982476, "id": 20}], [{"weight": 3, "random_weight": 0.367101077229151, "id": 3}, {"weight": 3, "random_weight": 0.3840255898686957, "id": 4}, {"weight": 1, "random_weight": 0.5152662889337887, "id": 8}, {"weight": 1, "random_weight": 0.8803357962947174, "id": 9}, {"weight": 4, "random_weight": 0.8721537669134635, "id": 18}, {"weight": 2, "random_weight": 0.9162310209023358, "id": 20}], [{"weight": 3, "random_weight": 0.36117052536015704, "id": 7}, {"weight": 2, "random_weight": 0.9261229973667742, "id": 10}], [{"weight": 4, "random_weight": 0.3621000765454411, "id": 0}, {"weight": 3, "random_weight": 0.36117052536015704, "id": 6}, {"weight": 1, "random_weight": 0.1755945895913371, "id": 10}, {"weight": 1, "random_weight": 0.5541893813851652, "id": 19}, {"weight": 4, "random_weight": 0.04455962669901625, "id": 21}], [{"weight": 1, "random_weight": 0.5152662889337887, "id": 5}, {"weight": 3, "random_weight": 0.5870860473912215, "id": 9}, {"weight": 3, "random_weight": 0.9218966243908537, "id": 20}], [{"weight": 1, "random_weight": 0.8803357962947174, "id": 5}, {"weight": 3, "random_weight": 0.5870860473912215, "id": 8}, {"weight": 4, "random_weight": 0.42931474389484947, "id": 10}, {"weight": 2, "random_weight": 0.4297838681284417, "id": 18}, {"weight": 3, "random_weight": 0.7942774009638975, "id": 19}], [{"weight": 2, "random_weight": 0.9261229973667742, "id": 6}, {"weight": 1, "random_weight": 0.1755945895913371, "id": 7}, {"weight": 4, "random_weight": 0.42931474389484947, "id": 9}, {"weight": 1, "random_weight": 0.9566850580286187, "id": 19}], [{"weight": 3, "random_weight": 0.5261689434278571, "id": 2}, {"weight": 5, "random_weight": 0.7038285741446191, "id": 13}], [{"weight": 2, "random_weight": 0.05531983389359563, "id": 13}, {"weight": 2, "random_weight": 0.7434352811620549, "id": 16}, {"weight": 3, "random_weight": 0.276179551701351, "id": 17}], [{"weight": 1, "random_weight": 0.6062322191910313, "id": 2}, {"weight": 5, "random_weight": 0.7038285741446191, "id": 11}, {"weight": 2, "random_weight": 0.05531983389359563, "id": 12}, {"weight": 1, "random_weight": 0.673490099969041, "id": 17}], [{"weight": 2, "random_weight": 0.6127172439971834, "id": 1}, {"weight": 5, "random_weight": 0.5892729204991931, "id": 15}], [{"weight": 1, "random_weight": 0.10850920162575795, "id": 1}, {"weight": 5, "random_weight": 0.5892729204991931, "id": 14}, {"weight": 3, "random_weight": 0.43029181327124144, "id": 16}, {"weight": 1, "random_weight": 0.6025974541526694, "id": 22}], [{"weight": 2, "random_weight": 0.7434352811620549, "id": 12}, {"weight": 3, "random_weight": 0.43029181327124144, "id": 15}, {"weight": 1, "random_weight": 0.8208226124820068, "id": 17}, {"weight": 2, "random_weight": 0.7416142215402234, "id": 22}], [{"weight": 1, "random_weight": 0.8758143638761043, "id": 2}, {"weight": 3, "random_weight": 0.4810376091706502, "id": 3}, {"weight": 3, "random_weight": 0.276179551701351, "id": 12}, {"weight": 1, "random_weight": 0.673490099969041, "id": 13}, {"weight": 1, "random_weight": 0.8208226124820068, "id": 16}, {"weight": 1, "random_weight": 0.8143904469997685, "id": 22}], [{"weight": 4, "random_weight": 0.8721537669134635, "id": 5}, {"weight": 2, "random_weight": 0.4297838681284417, "id": 9}, {"weight": 4, "random_weight": 0.6597692982745129, "id": 19}, {"weight": 2, "random_weight": 0.7935344273892024, "id": 23}], [{"weight": 1, "random_weight": 0.5541893813851652, "id": 7}, {"weight": 3, "random_weight": 0.7942774009638975, "id": 9}, {"weight": 1, "random_weight": 0.9566850580286187, "id": 10}, {"weight": 4, "random_weight": 0.6597692982745129, "id": 18}, {"weight": 3, "random_weight": 0.23862081675877878, "id": 21}, {"weight": 2, "random_weight": 0.13674468327044464, "id": 23}], [{"weight": 2, "random_weight": 0.37235047229982476, "id": 4}, {"weight": 2, "random_weight": 0.9162310209023358, "id": 5}, {"weight": 3, "random_weight": 0.9218966243908537, "id": 8}], [{"weight": 1, "random_weight": 0.12693691308822197, "id": 0}, {"weight": 1, "random_weight": 0.3316583015760669, "id": 1}, {"weight": 4, "random_weight": 0.04455962669901625, "id": 7}, {"weight": 3, "random_weight": 0.23862081675877878, "id": 19}, {"weight": 1, "random_weight": 0.6637833259386304, "id": 22}, {"weight": 2, "random_weight": 0.4759057824733157, "id": 23}], [{"weight": 2, "random_weight": 0.7906791274822499, "id": 1}, {"weight": 1, "random_weight": 0.9572200992990404, "id": 3}, {"weight": 1, "random_weight": 0.6025974541526694, "id": 15}, {"weight": 2, "random_weight": 0.7416142215402234, "id": 16}, {"weight": 1, "random_weight": 0.8143904469997685, "id": 17}, {"weight": 1, "random_weight": 0.6637833259386304, "id": 21}, {"weight": 2, "random_weight": 0.42523040987706096, "id": 23}], [{"weight": 4, "random_weight": 0.891112046056187, "id": 3}, {"weight": 2, "random_weight": 0.7935344273892024, "id": 18}, {"weight": 2, "random_weight": 0.13674468327044464, "id": 19}, {"weight": 2, "random_weight": 0.4759057824733157, "id": 21}, {"weight": 2, "random_weight": 0.42523040987706096, "id": 22}]]}