{"directed": false, "multigraph": false, "graph": [], "nodes": [{"graph": null, "nnodes": 6, "nedges": 5, "density": 0.3333333333333333, "atomics": "[71, 106, 107, 83, 59, 95]", "group_pop": 6, "init_part_assignment": 3, "id": 0}, {"graph": null, "nnodes": 6, "nedges": 6, "density": 0.4, "atomics": "[34, 35, 46, 47, 22, 58]", "group_pop": 6, "init_part_assignment": 1, "id": 1}, {"graph": null, "nnodes": 6, "nedges": 5, "density": 0.3333333333333333, "atomics": "[0, 1, 36, 12, 48, 24]", "group_pop": 6, "init_part_assignment": 0, "id": 2}, {"graph": null, "nnodes": 6, "nedges": 5, "density": 0.3333333333333333, "atomics": "[37, 13, 49, 50, 51, 25]", "group_pop": 6, "init_part_assignment": 6, "id": 3}, {"graph": null, "nnodes": 6, "nedges": 7, "density": 0.4666666666666667, "atomics": "[38, 39, 14, 15, 26, 27]", "group_pop": 6, "init_part_assignment": 4, "id": 4}, {"graph": null, "nnodes": 6, "nedges": 7, "density": 0.4666666666666667, "atomics": "[73, 74, 75, 61, 62, 63]", "group_pop": 6, "init_part_assignment": 6, "id": 5}, {"graph": null, "nnodes": 6, "nedges": 7, "density": 0.4666666666666667, "atomics": "[130, 131, 142, 143, 118, 119]", "group_pop": 6, "init_part_assignment": 2, "id": 6}, {"graph": null, "nnodes": 6, "nedges": 7, "density": 0.4666666666666667, "atomics": "[132, 133, 134, 120, 121, 122]", "group_pop": 6, "init_part_assignment": 5, "id": 7}, {"graph": null, "nnodes": 6, "nedges": 7, "density": 0.4666666666666667, "atomics": "[135, 136, 111, 112, 123, 124]", "group_pop": 6, "init_part_assignment": 9, "id": 8}, {"graph": null, "nnodes": 6, "nedges": 7, "density": 0.4666666666666667, "atomics": "[137, 138, 139, 125, 126, 127]", "group_pop": 6, "init_part_assignment": 8, "id": 9}, {"graph": null, "nnodes": 6, "nedges": 7, "density": 0.4666666666666667, "atomics": "[128, 129, 140, 141, 116, 117]", "group_pop": 6, "init_part_assignment": 2, "id": 10}, {"graph": null, "nnodes": 6, "nedges": 5, "density": 0.3333333333333333, "atomics": "[68, 104, 105, 80, 56, 92]", "group_pop": 6, "init_part_assignment": 10, "id": 11}, {"graph": null, "nnodes": 6, "nedges": 7, "density": 0.4666666666666667, "atomics": "[69, 70, 81, 82, 93, 94]", "group_pop": 6, "init_part_assignment": 3, "id": 12}, {"graph": null, "nnodes": 6, "nedges": 5, "density": 0.3333333333333333, "atomics": "[2, 3, 4, 16, 28, 29]", "group_pop": 6, "init_part_assignment": 4, "id": 13}, {"graph": null, "nnodes": 6, "nedges": 7, "density": 0.4666666666666667, "atomics": "[5, 6, 7, 17, 18, 19]", "group_pop": 6, "init_part_assignment": 7, "id": 14}, {"graph": null, "nnodes": 6, "nedges": 5, "density": 0.3333333333333333, "atomics": "[8, 9, 10, 11, 20, 23]", "group_pop": 6, "init_part_assignment": 7, "id": 15}, {"graph": null, "nnodes": 6, "nedges": 7, "density": 0.4666666666666667, "atomics": "[42, 43, 54, 55, 30, 31]", "group_pop": 6, "init_part_assignment": 11, "id": 16}, {"graph": null, "nnodes": 6, "nedges": 6, "density": 0.4, "atomics": "[99, 100, 76, 77, 88, 89]", "group_pop": 6, "init_part_assignment": 9, "id": 17}, {"graph": null, "nnodes": 6, "nedges": 7, "density": 0.4666666666666667, "atomics": "[101, 102, 103, 113, 114, 115]", "group_pop": 6, "init_part_assignment": 8, "id": 18}, {"graph": null, "nnodes": 6, "nedges": 7, "density": 0.4666666666666667, "atomics": "[96, 97, 98, 108, 109, 110]", "group_pop": 6, "init_part_assignment": 5, "id": 19}, {"graph": null, "nnodes": 6, "nedges": 6, "density": 0.4, "atomics": "[32, 33, 44, 45, 21, 57]", "group_pop": 6, "init_part_assignment": 1, "id": 20}, {"graph": null, "nnodes": 6, "nedges": 7, "density": 0.4666666666666667, "atomics": "[66, 67, 78, 79, 90, 91]", "group_pop": 6, "init_part_assignment": 10, "id": 21}, {"graph": null, "nnodes": 6, "nedges": 7, "density": 0.4666666666666667, "atomics": "[64, 65, 40, 41, 52, 53]", "group_pop": 6, "init_part_assignment": 11, "id": 22}, {"graph": null, "nnodes": 6, "nedges": 5, "density": 0.3333333333333333, "atomics": "[72, 84, 85, 86, 87, 60]", "group_pop": 6, "init_part_assignment": 0, "id": 23}], "adjacency": [[{"weight": 2, "random_weight": 0.7026083046553877, "id": 1}, {"weight": 2, "random_weight": 0.1765289811418771, "id": 6}, {"weight": 1, "random_weight": 0.8371168162790181, "id": 11}, {"weight": 4, "random_weight": 0.4354363107788042, "id": 12}], [{"weight": 2, "random_weight": 0.7026083046553877, "id": 0}, {"weight": 1, "random_weight": 0.9615082155229855, "id": 12}, {"weight": 3, "random_weight": 0.5568403441703993, "id": 15}, {"weight": 4, "random_weight": 0.08758977626782549, "id": 20}], [{"weight": 5, "random_weight": 0.6312893173234245, "id": 3}, {"weight": 1, "random_weight": 0.5453734517658813, "id": 13}, {"weight": 1, "random_weight": 0.4402247184519711, "id": 23}], [{"weight": 5, "random_weight": 0.6312893173234245, "id": 2}, {"weight": 5, "random_weight": 0.0029229384388317348, "id": 4}, {"weight": 3, "random_weight": 0.293549732861621, "id": 5}, {"weight": 1, "random_weight": 0.34480164328771, "id": 22}], [{"weight": 5, "random_weight": 0.0029229384388317348, "id": 3}, {"weight": 4, "random_weight": 0.13854364054669577, "id": 13}, {"weight": 1, "random_weight": 0.47760153272529393, "id": 22}], [{"weight": 3, "random_weight": 0.293549732861621, "id": 3}, {"weight": 1, "random_weight": 0.29744734346703894, "id": 17}, {"weight": 1, "random_weight": 0.22894776025163388, "id": 22}, {"weight": 5, "random_weight": 0.6048730305902861, "id": 23}], [{"weight": 2, "random_weight": 0.1765289811418771, "id": 0}, {"weight": 3, "random_weight": 0.5389932556844532, "id": 10}], [{"weight": 2, "random_weight": 0.15478498965344378, "id": 8}, {"weight": 3, "random_weight": 0.3790059994583391, "id": 19}], [{"weight": 2, "random_weight": 0.15478498965344378, "id": 7}, {"weight": 2, "random_weight": 0.5188602476262257, "id": 9}, {"weight": 2, "random_weight": 0.03764815463020066, "id": 17}, {"weight": 1, "random_weight": 0.6773974188774411, "id": 18}, {"weight": 1, "random_weight": 0.39418690752577057, "id": 19}], [{"weight": 2, "random_weight": 0.5188602476262257, "id": 8}, {"weight": 2, "random_weight": 0.8431351322955221, "id": 10}, {"weight": 3, "random_weight": 0.09854988360612027, "id": 18}], [{"weight": 3, "random_weight": 0.5389932556844532, "id": 6}, {"weight": 2, "random_weight": 0.8431351322955221, "id": 9}, {"weight": 2, "random_weight": 0.746889610159363, "id": 11}, {"weight": 1, "random_weight": 0.8703256512316491, "id": 18}], [{"weight": 1, "random_weight": 0.8371168162790181, "id": 0}, {"weight": 2, "random_weight": 0.746889610159363, "id": 10}, {"weight": 4, "random_weight": 0.8200665362079864, "id": 12}, {"weight": 1, "random_weight": 0.4987698324337372, "id": 16}, {"weight": 1, "random_weight": 0.1384266877664161, "id": 18}, {"weight": 2, "random_weight": 0.2600153961196273, "id": 20}, {"weight": 3, "random_weight": 0.6826082814417925, "id": 21}], [{"weight": 4, "random_weight": 0.4354363107788042, "id": 0}, {"weight": 1, "random_weight": 0.9615082155229855, "id": 1}, {"weight": 4, "random_weight": 0.8200665362079864, "id": 11}, {"weight": 1, "random_weight": 0.8376296403524627, "id": 20}], [{"weight": 1, "random_weight": 0.5453734517658813, "id": 2}, {"weight": 4, "random_weight": 0.13854364054669577, "id": 4}, {"weight": 3, "random_weight": 0.5797020064327937, "id": 14}, {"weight": 1, "random_weight": 0.7741107855914265, "id": 16}, {"weight": 2, "random_weight": 0.65853266633412, "id": 22}], [{"weight": 3, "random_weight": 0.5797020064327937, "id": 13}, {"weight": 2, "random_weight": 0.1174925087042884, "id": 15}, {"weight": 2, "random_weight": 0.8852345666530332, "id": 16}], [{"weight": 3, "random_weight": 0.5568403441703993, "id": 1}, {"weight": 2, "random_weight": 0.1174925087042884, "id": 14}, {"weight": 3, "random_weight": 0.8414536739999756, "id": 20}], [{"weight": 1, "random_weight": 0.4987698324337372, "id": 11}, {"weight": 1, "random_weight": 0.7741107855914265, "id": 13}, {"weight": 2, "random_weight": 0.8852345666530332, "id": 14}, {"weight": 2, "random_weight": 0.9178996756420952, "id": 20}, {"weight": 2, "random_weight": 0.8446896528374059, "id": 21}, {"weight": 2, "random_weight": 0.10475184095266754, "id": 22}], [{"weight": 1, "random_weight": 0.29744734346703894, "id": 5}, {"weight": 2, "random_weight": 0.03764815463020066, "id": 8}, {"weight": 2, "random_weight": 0.49613049321150704, "id": 18}, {"weight": 1, "random_weight": 0.9751159882832607, "id": 19}, {"weight": 2, "random_weight": 0.3261165880978856, "id": 21}, {"weight": 2, "random_weight": 0.4873617146543814, "id": 22}, {"weight": 2, "random_weight": 0.47792804942820644, "id": 23}], [{"weight": 1, "random_weight": 0.6773974188774411, "id": 8}, {"weight": 3, "random_weight": 0.09854988360612027, "id": 9}, {"weight": 1, "random_weight": 0.8703256512316491, "id": 10}, {"weight": 1, "random_weight": 0.1384266877664161, "id": 11}, {"weight": 2, "random_weight": 0.49613049321150704, "id": 17}, {"weight": 2, "random_weight": 0.47799554720827553, "id": 21}], [{"weight": 3, "random_weight": 0.3790059994583391, "id": 7}, {"weight": 1, "random_weight": 0.39418690752577057, "id": 8}, {"weight": 1, "random_weight": 0.9751159882832607, "id": 17}, {"weight": 3, "random_weight": 0.8748782212836866, "id": 23}], [{"weight": 4, "random_weight": 0.08758977626782549, "id": 1}, {"weight": 2, "random_weight": 0.2600153961196273, "id": 11}, {"weight": 1, "random_weight": 0.8376296403524627, "id": 12}, {"weight": 3, "random_weight": 0.8414536739999756, "id": 15}, {"weight": 2, "random_weight": 0.9178996756420952, "id": 16}], [{"weight": 3, "random_weight": 0.6826082814417925, "id": 11}, {"weight": 2, "random_weight": 0.8446896528374059, "id": 16}, {"weight": 2, "random_weight": 0.3261165880978856, "id": 17}, {"weight": 2, "random_weight": 0.47799554720827553, "id": 18}, {"weight": 1, "random_weight": 0.8774654704114134, "id": 22}], [{"weight": 1, "random_weight": 0.34480164328771, "id": 3}, {"weight": 1, "random_weight": 0.47760153272529393, "id": 4}, {"weight": 1, "random_weight": 0.22894776025163388, "id": 5}, {"weight": 2, "random_weight": 0.65853266633412, "id": 13}, {"weight": 2, "random_weight": 0.10475184095266754, "id": 16}, {"weight": 2, "random_weight": 0.4873617146543814, "id": 17}, {"weight": 1, "random_weight": 0.8774654704114134, "id": 21}], [{"weight": 1, "random_weight": 0.4402247184519711, "id": 2}, {"weight": 5, "random_weight": 0.6048730305902861, "id": 5}, {"weight": 2, "random_weight": 0.47792804942820644, "id": 17}, {"weight": 3, "random_weight": 0.8748782212836866, "id": 19}]]}