{"directed": false, "multigraph": false, "graph": [], "nodes": [{"graph": null, "nnodes": 6, "nedges": 6, "density": 0.4, "atomics": "[106, 107, 83, 118, 119, 95]", "group_pop": 6, "init_part_assignment": 1, "id": 0}, {"graph": null, "nnodes": 6, "nedges": 7, "density": 0.4666666666666667, "atomics": "[70, 71, 46, 47, 58, 59]", "group_pop": 6, "init_part_assignment": 5, "id": 1}, {"graph": null, "nnodes": 6, "nedges": 7, "density": 0.4666666666666667, "atomics": "[36, 37, 48, 49, 24, 25]", "group_pop": 6, "init_part_assignment": 0, "id": 2}, {"graph": null, "nnodes": 6, "nedges": 5, "density": 0.3333333333333333, "atomics": "[98, 74, 110, 50, 86, 62]", "group_pop": 6, "init_part_assignment": 11, "id": 3}, {"graph": null, "nnodes": 6, "nedges": 7, "density": 0.4666666666666667, "atomics": "[38, 39, 14, 15, 26, 27]", "group_pop": 6, "init_part_assignment": 11, "id": 4}, {"graph": null, "nnodes": 6, "nedges": 7, "density": 0.4666666666666667, "atomics": "[72, 73, 84, 85, 60, 61]", "group_pop": 6, "init_part_assignment": 0, "id": 5}, {"graph": null, "nnodes": 6, "nedges": 7, "density": 0.4666666666666667, "atomics": "[129, 130, 131, 141, 142, 143]", "group_pop": 6, "init_part_assignment": 2, "id": 6}, {"graph": null, "nnodes": 6, "nedges": 7, "density": 0.4666666666666667, "atomics": "[133, 134, 135, 121, 122, 123]", "group_pop": 6, "init_part_assignment": 7, "id": 7}, {"graph": null, "nnodes": 6, "nedges": 5, "density": 0.3333333333333333, "atomics": "[100, 136, 137, 111, 112, 124]", "group_pop": 6, "init_part_assignment": 9, "id": 8}, {"graph": null, "nnodes": 6, "nedges": 6, "density": 0.4, "atomics": "[101, 102, 113, 114, 90, 125]", "group_pop": 6, "init_part_assignment": 3, "id": 9}, {"graph": null, "nnodes": 6, "nedges": 7, "density": 0.4666666666666667, "atomics": "[103, 104, 105, 115, 116, 117]", "group_pop": 6, "init_part_assignment": 3, "id": 10}, {"graph": null, "nnodes": 6, "nedges": 7, "density": 0.4666666666666667, "atomics": "[80, 81, 82, 92, 93, 94]", "group_pop": 6, "init_part_assignment": 1, "id": 11}, {"graph": null, "nnodes": 6, "nedges": 6, "density": 0.4, "atomics": "[0, 1, 2, 3, 12, 13]", "group_pop": 6, "init_part_assignment": 10, "id": 12}, {"graph": null, "nnodes": 6, "nedges": 6, "density": 0.4, "atomics": "[4, 5, 16, 17, 18, 28]", "group_pop": 6, "init_part_assignment": 10, "id": 13}, {"graph": null, "nnodes": 6, "nedges": 5, "density": 0.3333333333333333, "atomics": "[6, 7, 19, 29, 30, 31]", "group_pop": 6, "init_part_assignment": 8, "id": 14}, {"graph": null, "nnodes": 6, "nedges": 7, "density": 0.4666666666666667, "atomics": "[34, 35, 10, 11, 22, 23]", "group_pop": 6, "init_part_assignment": 5, "id": 15}, {"graph": null, "nnodes": 6, "nedges": 5, "density": 0.3333333333333333, "atomics": "[32, 8, 9, 44, 20, 56]", "group_pop": 6, "init_part_assignment": 6, "id": 16}, {"graph": null, "nnodes": 6, "nedges": 7, "density": 0.4666666666666667, "atomics": "[128, 138, 139, 140, 126, 127]", "group_pop": 6, "init_part_assignment": 2, "id": 17}, {"graph": null, "nnodes": 6, "nedges": 6, "density": 0.4, "atomics": "[96, 97, 132, 108, 109, 120]", "group_pop": 6, "init_part_assignment": 7, "id": 18}, {"graph": null, "nnodes": 6, "nedges": 5, "density": 0.3333333333333333, "atomics": "[33, 68, 69, 45, 21, 57]", "group_pop": 6, "init_part_assignment": 6, "id": 19}, {"graph": null, "nnodes": 6, "nedges": 5, "density": 0.3333333333333333, "atomics": "[76, 77, 78, 79, 89, 91]", "group_pop": 6, "init_part_assignment": 4, "id": 20}, {"graph": null, "nnodes": 6, "nedges": 6, "density": 0.4, "atomics": "[40, 41, 42, 51, 52, 53]", "group_pop": 6, "init_part_assignment": 8, "id": 21}, {"graph": null, "nnodes": 6, "nedges": 6, "density": 0.4, "atomics": "[65, 66, 67, 43, 54, 55]", "group_pop": 6, "init_part_assignment": 4, "id": 22}, {"graph": null, "nnodes": 6, "nedges": 5, "density": 0.3333333333333333, "atomics": "[64, 99, 75, 87, 88, 63]", "group_pop": 6, "init_part_assignment": 9, "id": 23}], "adjacency": [[{"weight": 1, "random_weight": 0.8831954180508139, "id": 1}, {"weight": 2, "random_weight": 0.9140851230560215, "id": 6}, {"weight": 2, "random_weight": 0.4328884077055224, "id": 10}, {"weight": 3, "random_weight": 0.17673628047589596, "id": 11}], [{"weight": 1, "random_weight": 0.8831954180508139, "id": 0}, {"weight": 1, "random_weight": 0.6647477210967554, "id": 11}, {"weight": 2, "random_weight": 0.43133610531763, "id": 15}, {"weight": 3, "random_weight": 0.3695368286113503, "id": 19}], [{"weight": 1, "random_weight": 0.8310117005190584, "id": 3}, {"weight": 2, "random_weight": 0.701100444652816, "id": 4}, {"weight": 2, "random_weight": 0.516037941341952, "id": 5}, {"weight": 2, "random_weight": 0.7789137578297354, "id": 12}], [{"weight": 1, "random_weight": 0.8310117005190584, "id": 2}, {"weight": 1, "random_weight": 0.4506094564288077, "id": 4}, {"weight": 3, "random_weight": 0.5430691078466785, "id": 5}, {"weight": 1, "random_weight": 0.727631241093694, "id": 7}, {"weight": 1, "random_weight": 0.20484984118131566, "id": 8}, {"weight": 2, "random_weight": 0.5150508601536595, "id": 18}, {"weight": 1, "random_weight": 0.4464878236263966, "id": 21}, {"weight": 4, "random_weight": 0.8713519645908467, "id": 23}], [{"weight": 2, "random_weight": 0.701100444652816, "id": 2}, {"weight": 1, "random_weight": 0.4506094564288077, "id": 3}, {"weight": 3, "random_weight": 0.44881608065634626, "id": 12}, {"weight": 2, "random_weight": 0.6324729462990057, "id": 13}, {"weight": 2, "random_weight": 0.9099525038485075, "id": 21}], [{"weight": 2, "random_weight": 0.516037941341952, "id": 2}, {"weight": 3, "random_weight": 0.5430691078466785, "id": 3}, {"weight": 2, "random_weight": 0.6616185629942033, "id": 18}], [{"weight": 2, "random_weight": 0.9140851230560215, "id": 0}, {"weight": 1, "random_weight": 0.9690043988076849, "id": 10}, {"weight": 2, "random_weight": 0.6991070888205763, "id": 17}], [{"weight": 1, "random_weight": 0.727631241093694, "id": 3}, {"weight": 3, "random_weight": 0.9955815881249741, "id": 8}, {"weight": 3, "random_weight": 0.7167821871065218, "id": 18}], [{"weight": 1, "random_weight": 0.20484984118131566, "id": 3}, {"weight": 3, "random_weight": 0.9955815881249741, "id": 7}, {"weight": 4, "random_weight": 0.48090532334504665, "id": 9}, {"weight": 1, "random_weight": 0.1230606607249708, "id": 17}, {"weight": 3, "random_weight": 0.23382098590389633, "id": 23}], [{"weight": 4, "random_weight": 0.48090532334504665, "id": 8}, {"weight": 2, "random_weight": 0.0700430145804547, "id": 10}, {"weight": 2, "random_weight": 0.9563946964266489, "id": 17}, {"weight": 4, "random_weight": 0.623376211234169, "id": 20}], [{"weight": 2, "random_weight": 0.4328884077055224, "id": 0}, {"weight": 1, "random_weight": 0.9690043988076849, "id": 6}, {"weight": 2, "random_weight": 0.0700430145804547, "id": 9}, {"weight": 2, "random_weight": 0.503490653382632, "id": 11}, {"weight": 2, "random_weight": 0.8628611920848226, "id": 17}, {"weight": 1, "random_weight": 0.02164256067897996, "id": 20}], [{"weight": 3, "random_weight": 0.17673628047589596, "id": 0}, {"weight": 1, "random_weight": 0.6647477210967554, "id": 1}, {"weight": 2, "random_weight": 0.503490653382632, "id": 10}, {"weight": 2, "random_weight": 0.19174930754592712, "id": 19}, {"weight": 2, "random_weight": 0.8661814536686313, "id": 20}], [{"weight": 2, "random_weight": 0.7789137578297354, "id": 2}, {"weight": 3, "random_weight": 0.44881608065634626, "id": 4}, {"weight": 1, "random_weight": 0.19273927498941956, "id": 13}], [{"weight": 2, "random_weight": 0.6324729462990057, "id": 4}, {"weight": 1, "random_weight": 0.19273927498941956, "id": 12}, {"weight": 6, "random_weight": 0.6045901320973349, "id": 14}, {"weight": 1, "random_weight": 0.894658174761302, "id": 21}], [{"weight": 6, "random_weight": 0.6045901320973349, "id": 13}, {"weight": 3, "random_weight": 0.8945373070603045, "id": 16}, {"weight": 2, "random_weight": 0.19775994788819418, "id": 21}, {"weight": 1, "random_weight": 0.6765999478681644, "id": 22}], [{"weight": 2, "random_weight": 0.43133610531763, "id": 1}, {"weight": 1, "random_weight": 0.8572200155996968, "id": 16}, {"weight": 2, "random_weight": 0.8354646138744165, "id": 19}], [{"weight": 3, "random_weight": 0.8945373070603045, "id": 14}, {"weight": 1, "random_weight": 0.8572200155996968, "id": 15}, {"weight": 6, "random_weight": 0.8717415846881296, "id": 19}, {"weight": 2, "random_weight": 0.5062859223406366, "id": 22}], [{"weight": 2, "random_weight": 0.6991070888205763, "id": 6}, {"weight": 1, "random_weight": 0.1230606607249708, "id": 8}, {"weight": 2, "random_weight": 0.9563946964266489, "id": 9}, {"weight": 2, "random_weight": 0.8628611920848226, "id": 10}], [{"weight": 2, "random_weight": 0.5150508601536595, "id": 3}, {"weight": 2, "random_weight": 0.6616185629942033, "id": 5}, {"weight": 3, "random_weight": 0.7167821871065218, "id": 7}], [{"weight": 3, "random_weight": 0.3695368286113503, "id": 1}, {"weight": 2, "random_weight": 0.19174930754592712, "id": 11}, {"weight": 2, "random_weight": 0.8354646138744165, "id": 15}, {"weight": 6, "random_weight": 0.8717415846881296, "id": 16}, {"weight": 1, "random_weight": 0.5309975805250658, "id": 22}], [{"weight": 4, "random_weight": 0.623376211234169, "id": 9}, {"weight": 1, "random_weight": 0.02164256067897996, "id": 10}, {"weight": 2, "random_weight": 0.8661814536686313, "id": 11}, {"weight": 3, "random_weight": 0.34128435071778673, "id": 22}, {"weight": 4, "random_weight": 0.732034227185767, "id": 23}], [{"weight": 1, "random_weight": 0.4464878236263966, "id": 3}, {"weight": 2, "random_weight": 0.9099525038485075, "id": 4}, {"weight": 1, "random_weight": 0.894658174761302, "id": 13}, {"weight": 2, "random_weight": 0.19775994788819418, "id": 14}, {"weight": 4, "random_weight": 0.9787343349253943, "id": 22}, {"weight": 2, "random_weight": 0.6650300732686507, "id": 23}], [{"weight": 1, "random_weight": 0.6765999478681644, "id": 14}, {"weight": 2, "random_weight": 0.5062859223406366, "id": 16}, {"weight": 1, "random_weight": 0.5309975805250658, "id": 19}, {"weight": 3, "random_weight": 0.34128435071778673, "id": 20}, {"weight": 4, "random_weight": 0.9787343349253943, "id": 21}, {"weight": 1, "random_weight": 0.7384322124324079, "id": 23}], [{"weight": 4, "random_weight": 0.8713519645908467, "id": 3}, {"weight": 3, "random_weight": 0.23382098590389633, "id": 8}, {"weight": 4, "random_weight": 0.732034227185767, "id": 20}, {"weight": 2, "random_weight": 0.6650300732686507, "id": 21}, {"weight": 1, "random_weight": 0.7384322124324079, "id": 22}]]}