{"directed": false, "multigraph": false, "graph": [], "nodes": [{"graph": null, "nnodes": 6, "nedges": 5, "density": 0.3333333333333333, "atomics": "[70, 71, 47, 83, 59, 95]", "group_pop": 6, "init_part_assignment": 6, "id": 0}, {"graph": null, "nnodes": 6, "nedges": 6, "density": 0.4, "atomics": "[33, 69, 45, 46, 57, 58]", "group_pop": 6, "init_part_assignment": 5, "id": 1}, {"graph": null, "nnodes": 6, "nedges": 5, "density": 0.3333333333333333, "atomics": "[130, 106, 107, 82, 118, 94]", "group_pop": 6, "init_part_assignment": 6, "id": 2}, {"graph": null, "nnodes": 6, "nedges": 7, "density": 0.4666666666666667, "atomics": "[72, 73, 48, 49, 60, 61]", "group_pop": 6, "init_part_assignment": 1, "id": 3}, {"graph": null, "nnodes": 6, "nedges": 6, "density": 0.4, "atomics": "[38, 50, 51, 52, 62, 63]", "group_pop": 6, "init_part_assignment": 2, "id": 4}, {"graph": null, "nnodes": 6, "nedges": 5, "density": 0.3333333333333333, "atomics": "[131, 140, 141, 142, 143, 119]", "group_pop": 6, "init_part_assignment": 4, "id": 5}, {"graph": null, "nnodes": 6, "nedges": 7, "density": 0.4666666666666667, "atomics": "[132, 133, 134, 120, 121, 122]", "group_pop": 6, "init_part_assignment": 7, "id": 6}, {"graph": null, "nnodes": 6, "nedges": 6, "density": 0.4, "atomics": "[135, 136, 137, 111, 123, 124]", "group_pop": 6, "init_part_assignment": 11, "id": 7}, {"graph": null, "nnodes": 6, "nedges": 6, "density": 0.4, "atomics": "[138, 139, 113, 114, 125, 126]", "group_pop": 6, "init_part_assignment": 4, "id": 8}, {"graph": null, "nnodes": 6, "nedges": 5, "density": 0.3333333333333333, "atomics": "[128, 129, 105, 117, 92, 93]", "group_pop": 6, "init_part_assignment": 8, "id": 9}, {"graph": null, "nnodes": 6, "nedges": 6, "density": 0.4, "atomics": "[0, 36, 37, 12, 24, 25]", "group_pop": 6, "init_part_assignment": 1, "id": 10}, {"graph": null, "nnodes": 6, "nedges": 6, "density": 0.4, "atomics": "[1, 2, 3, 4, 13, 14]", "group_pop": 6, "init_part_assignment": 0, "id": 11}, {"graph": null, "nnodes": 6, "nedges": 6, "density": 0.4, "atomics": "[5, 6, 16, 17, 18, 30]", "group_pop": 6, "init_part_assignment": 0, "id": 12}, {"graph": null, "nnodes": 6, "nedges": 6, "density": 0.4, "atomics": "[39, 40, 15, 26, 27, 28]", "group_pop": 6, "init_part_assignment": 2, "id": 13}, {"graph": null, "nnodes": 6, "nedges": 7, "density": 0.4666666666666667, "atomics": "[34, 35, 10, 11, 22, 23]", "group_pop": 6, "init_part_assignment": 5, "id": 14}, {"graph": null, "nnodes": 6, "nedges": 7, "density": 0.4666666666666667, "atomics": "[7, 8, 9, 19, 20, 21]", "group_pop": 6, "init_part_assignment": 3, "id": 15}, {"graph": null, "nnodes": 6, "nedges": 5, "density": 0.3333333333333333, "atomics": "[41, 42, 43, 53, 29, 31]", "group_pop": 6, "init_part_assignment": 3, "id": 16}, {"graph": null, "nnodes": 6, "nedges": 6, "density": 0.4, "atomics": "[99, 100, 101, 112, 88, 89]", "group_pop": 6, "init_part_assignment": 10, "id": 17}, {"graph": null, "nnodes": 6, "nedges": 6, "density": 0.4, "atomics": "[102, 103, 104, 115, 116, 127]", "group_pop": 6, "init_part_assignment": 8, "id": 18}, {"graph": null, "nnodes": 6, "nedges": 7, "density": 0.4666666666666667, "atomics": "[96, 97, 108, 109, 84, 85]", "group_pop": 6, "init_part_assignment": 7, "id": 19}, {"graph": null, "nnodes": 6, "nedges": 6, "density": 0.4, "atomics": "[98, 74, 75, 110, 86, 87]", "group_pop": 6, "init_part_assignment": 11, "id": 20}, {"graph": null, "nnodes": 6, "nedges": 5, "density": 0.3333333333333333, "atomics": "[32, 68, 44, 80, 81, 56]", "group_pop": 6, "init_part_assignment": 9, "id": 21}, {"graph": null, "nnodes": 6, "nedges": 5, "density": 0.3333333333333333, "atomics": "[67, 79, 54, 55, 90, 91]", "group_pop": 6, "init_part_assignment": 9, "id": 22}, {"graph": null, "nnodes": 6, "nedges": 7, "density": 0.4666666666666667, "atomics": "[64, 65, 66, 76, 77, 78]", "group_pop": 6, "init_part_assignment": 10, "id": 23}], "adjacency": [[{"weight": 4, "random_weight": 0.8815782009798627, "id": 1}, {"weight": 4, "random_weight": 0.8904568786676397, "id": 2}, {"weight": 1, "random_weight": 0.38467805930252175, "id": 14}], [{"weight": 4, "random_weight": 0.8815782009798627, "id": 0}, {"weight": 2, "random_weight": 0.15368108182381934, "id": 14}, {"weight": 1, "random_weight": 0.7931823486269137, "id": 15}, {"weight": 5, "random_weight": 0.6694595032895071, "id": 21}], [{"weight": 4, "random_weight": 0.8904568786676397, "id": 0}, {"weight": 4, "random_weight": 0.31521272078454055, "id": 5}, {"weight": 4, "random_weight": 0.12122875955150492, "id": 9}, {"weight": 1, "random_weight": 0.6372787767995424, "id": 21}], [{"weight": 2, "random_weight": 0.32480197372389297, "id": 4}, {"weight": 2, "random_weight": 0.060329858551254834, "id": 10}, {"weight": 2, "random_weight": 0.4081589885508663, "id": 19}, {"weight": 1, "random_weight": 0.329885541230433, "id": 20}], [{"weight": 2, "random_weight": 0.32480197372389297, "id": 3}, {"weight": 1, "random_weight": 0.4291882298067873, "id": 10}, {"weight": 4, "random_weight": 0.07298576241266896, "id": 13}, {"weight": 1, "random_weight": 0.4109667198334179, "id": 16}, {"weight": 2, "random_weight": 0.7816209044004326, "id": 20}, {"weight": 2, "random_weight": 0.6800120039465792, "id": 23}], [{"weight": 4, "random_weight": 0.31521272078454055, "id": 2}, {"weight": 1, "random_weight": 0.11049589933637938, "id": 8}, {"weight": 2, "random_weight": 0.23404335882939775, "id": 9}], [{"weight": 2, "random_weight": 0.8342431759733477, "id": 7}, {"weight": 2, "random_weight": 0.25934384042455727, "id": 19}, {"weight": 1, "random_weight": 0.45612956976900365, "id": 20}], [{"weight": 2, "random_weight": 0.8342431759733477, "id": 6}, {"weight": 3, "random_weight": 0.935901231180902, "id": 8}, {"weight": 3, "random_weight": 0.6966627343504944, "id": 17}, {"weight": 1, "random_weight": 0.07731929555805417, "id": 20}], [{"weight": 1, "random_weight": 0.11049589933637938, "id": 5}, {"weight": 3, "random_weight": 0.935901231180902, "id": 7}, {"weight": 2, "random_weight": 0.49978403799030935, "id": 17}, {"weight": 4, "random_weight": 0.292886563278802, "id": 18}], [{"weight": 4, "random_weight": 0.12122875955150492, "id": 2}, {"weight": 2, "random_weight": 0.23404335882939775, "id": 5}, {"weight": 5, "random_weight": 0.05962291071284054, "id": 18}, {"weight": 2, "random_weight": 0.985637725853567, "id": 21}, {"weight": 1, "random_weight": 0.3853478343991297, "id": 22}], [{"weight": 2, "random_weight": 0.060329858551254834, "id": 3}, {"weight": 1, "random_weight": 0.4291882298067873, "id": 4}, {"weight": 3, "random_weight": 0.6853691669506441, "id": 11}, {"weight": 1, "random_weight": 0.2886272932968995, "id": 13}], [{"weight": 3, "random_weight": 0.6853691669506441, "id": 10}, {"weight": 2, "random_weight": 0.09867093171204933, "id": 12}, {"weight": 3, "random_weight": 0.9937274372995439, "id": 13}], [{"weight": 2, "random_weight": 0.09867093171204933, "id": 11}, {"weight": 2, "random_weight": 0.745431796279944, "id": 13}, {"weight": 2, "random_weight": 0.5469130698385327, "id": 15}, {"weight": 4, "random_weight": 0.25383002482227557, "id": 16}], [{"weight": 4, "random_weight": 0.07298576241266896, "id": 4}, {"weight": 1, "random_weight": 0.2886272932968995, "id": 10}, {"weight": 3, "random_weight": 0.9937274372995439, "id": 11}, {"weight": 2, "random_weight": 0.745431796279944, "id": 12}, {"weight": 2, "random_weight": 0.4758345876486074, "id": 16}], [{"weight": 1, "random_weight": 0.38467805930252175, "id": 0}, {"weight": 2, "random_weight": 0.15368108182381934, "id": 1}, {"weight": 2, "random_weight": 0.9918504011869791, "id": 15}], [{"weight": 1, "random_weight": 0.7931823486269137, "id": 1}, {"weight": 2, "random_weight": 0.5469130698385327, "id": 12}, {"weight": 2, "random_weight": 0.9918504011869791, "id": 14}, {"weight": 1, "random_weight": 0.3549089423714147, "id": 16}, {"weight": 1, "random_weight": 0.7522201634637069, "id": 21}], [{"weight": 1, "random_weight": 0.4109667198334179, "id": 4}, {"weight": 4, "random_weight": 0.25383002482227557, "id": 12}, {"weight": 2, "random_weight": 0.4758345876486074, "id": 13}, {"weight": 1, "random_weight": 0.3549089423714147, "id": 15}, {"weight": 2, "random_weight": 0.4399280356730021, "id": 21}, {"weight": 3, "random_weight": 0.16743926686278499, "id": 22}, {"weight": 1, "random_weight": 0.9832005471630543, "id": 23}], [{"weight": 3, "random_weight": 0.6966627343504944, "id": 7}, {"weight": 2, "random_weight": 0.49978403799030935, "id": 8}, {"weight": 1, "random_weight": 0.8867139648588721, "id": 18}, {"weight": 3, "random_weight": 0.25040209252061274, "id": 20}, {"weight": 1, "random_weight": 0.9020045311727252, "id": 22}, {"weight": 2, "random_weight": 0.22070331495953743, "id": 23}], [{"weight": 4, "random_weight": 0.292886563278802, "id": 8}, {"weight": 5, "random_weight": 0.05962291071284054, "id": 9}, {"weight": 1, "random_weight": 0.8867139648588721, "id": 17}, {"weight": 2, "random_weight": 0.2862140592958935, "id": 22}], [{"weight": 2, "random_weight": 0.4081589885508663, "id": 3}, {"weight": 2, "random_weight": 0.25934384042455727, "id": 6}, {"weight": 3, "random_weight": 0.11429521142153476, "id": 20}], [{"weight": 1, "random_weight": 0.329885541230433, "id": 3}, {"weight": 2, "random_weight": 0.7816209044004326, "id": 4}, {"weight": 1, "random_weight": 0.45612956976900365, "id": 6}, {"weight": 1, "random_weight": 0.07731929555805417, "id": 7}, {"weight": 3, "random_weight": 0.25040209252061274, "id": 17}, {"weight": 3, "random_weight": 0.11429521142153476, "id": 19}, {"weight": 1, "random_weight": 0.8726266394122784, "id": 23}], [{"weight": 5, "random_weight": 0.6694595032895071, "id": 1}, {"weight": 1, "random_weight": 0.6372787767995424, "id": 2}, {"weight": 2, "random_weight": 0.985637725853567, "id": 9}, {"weight": 1, "random_weight": 0.7522201634637069, "id": 15}, {"weight": 2, "random_weight": 0.4399280356730021, "id": 16}, {"weight": 3, "random_weight": 0.8497365594723009, "id": 22}], [{"weight": 1, "random_weight": 0.3853478343991297, "id": 9}, {"weight": 3, "random_weight": 0.16743926686278499, "id": 16}, {"weight": 1, "random_weight": 0.9020045311727252, "id": 17}, {"weight": 2, "random_weight": 0.2862140592958935, "id": 18}, {"weight": 3, "random_weight": 0.8497365594723009, "id": 21}, {"weight": 4, "random_weight": 0.6130458372371838, "id": 23}], [{"weight": 2, "random_weight": 0.6800120039465792, "id": 4}, {"weight": 1, "random_weight": 0.9832005471630543, "id": 16}, {"weight": 2, "random_weight": 0.22070331495953743, "id": 17}, {"weight": 1, "random_weight": 0.8726266394122784, "id": 20}, {"weight": 4, "random_weight": 0.6130458372371838, "id": 22}]]}