{"directed": false, "multigraph": false, "graph": [], "nodes": [{"graph": null, "nnodes": 6, "nedges": 7, "density": 0.4666666666666667, "atomics": "[106, 107, 82, 83, 94, 95]", "group_pop": 6, "init_part_assignment": 3, "id": 0}, {"graph": null, "nnodes": 6, "nedges": 6, "density": 0.4, "atomics": "[35, 70, 71, 47, 58, 59]", "group_pop": 6, "init_part_assignment": 3, "id": 1}, {"graph": null, "nnodes": 6, "nedges": 6, "density": 0.4, "atomics": "[36, 37, 48, 49, 50, 62]", "group_pop": 6, "init_part_assignment": 5, "id": 2}, {"graph": null, "nnodes": 6, "nedges": 6, "density": 0.4, "atomics": "[38, 39, 40, 51, 52, 26]", "group_pop": 6, "init_part_assignment": 2, "id": 3}, {"graph": null, "nnodes": 6, "nedges": 6, "density": 0.4, "atomics": "[72, 73, 85, 86, 60, 61]", "group_pop": 6, "init_part_assignment": 1, "id": 4}, {"graph": null, "nnodes": 6, "nedges": 7, "density": 0.4666666666666667, "atomics": "[130, 131, 142, 143, 118, 119]", "group_pop": 6, "init_part_assignment": 9, "id": 5}, {"graph": null, "nnodes": 6, "nedges": 7, "density": 0.4666666666666667, "atomics": "[133, 134, 109, 110, 121, 122]", "group_pop": 6, "init_part_assignment": 0, "id": 6}, {"graph": null, "nnodes": 6, "nedges": 7, "density": 0.4666666666666667, "atomics": "[135, 136, 137, 123, 124, 125]", "group_pop": 6, "init_part_assignment": 0, "id": 7}, {"graph": null, "nnodes": 6, "nedges": 6, "density": 0.4, "atomics": "[128, 129, 140, 141, 117, 127]", "group_pop": 6, "init_part_assignment": 9, "id": 8}, {"graph": null, "nnodes": 6, "nedges": 7, "density": 0.4666666666666667, "atomics": "[104, 105, 80, 81, 92, 93]", "group_pop": 6, "init_part_assignment": 11, "id": 9}, {"graph": null, "nnodes": 6, "nedges": 7, "density": 0.4666666666666667, "atomics": "[0, 1, 12, 13, 24, 25]", "group_pop": 6, "init_part_assignment": 2, "id": 10}, {"graph": null, "nnodes": 6, "nedges": 7, "density": 0.4666666666666667, "atomics": "[4, 5, 6, 16, 17, 18]", "group_pop": 6, "init_part_assignment": 4, "id": 11}, {"graph": null, "nnodes": 6, "nedges": 6, "density": 0.4, "atomics": "[2, 3, 14, 15, 27, 28]", "group_pop": 6, "init_part_assignment": 4, "id": 12}, {"graph": null, "nnodes": 6, "nedges": 6, "density": 0.4, "atomics": "[34, 10, 11, 46, 22, 23]", "group_pop": 6, "init_part_assignment": 6, "id": 13}, {"graph": null, "nnodes": 6, "nedges": 7, "density": 0.4666666666666667, "atomics": "[7, 8, 9, 19, 20, 21]", "group_pop": 6, "init_part_assignment": 6, "id": 14}, {"graph": null, "nnodes": 6, "nedges": 5, "density": 0.3333333333333333, "atomics": "[32, 41, 53, 29, 30, 31]", "group_pop": 6, "init_part_assignment": 8, "id": 15}, {"graph": null, "nnodes": 6, "nedges": 5, "density": 0.3333333333333333, "atomics": "[64, 100, 76, 112, 88, 63]", "group_pop": 6, "init_part_assignment": 7, "id": 16}, {"graph": null, "nnodes": 6, "nedges": 5, "density": 0.3333333333333333, "atomics": "[98, 99, 74, 75, 111, 87]", "group_pop": 6, "init_part_assignment": 5, "id": 17}, {"graph": null, "nnodes": 6, "nedges": 5, "density": 0.3333333333333333, "atomics": "[138, 139, 114, 115, 116, 126]", "group_pop": 6, "init_part_assignment": 10, "id": 18}, {"graph": null, "nnodes": 6, "nedges": 5, "density": 0.3333333333333333, "atomics": "[96, 97, 132, 108, 84, 120]", "group_pop": 6, "init_part_assignment": 1, "id": 19}, {"graph": null, "nnodes": 6, "nedges": 6, "density": 0.4, "atomics": "[33, 69, 44, 45, 56, 57]", "group_pop": 6, "init_part_assignment": 11, "id": 20}, {"graph": null, "nnodes": 6, "nedges": 5, "density": 0.3333333333333333, "atomics": "[67, 68, 77, 78, 79, 91]", "group_pop": 6, "init_part_assignment": 7, "id": 21}, {"graph": null, "nnodes": 6, "nedges": 6, "density": 0.4, "atomics": "[101, 102, 103, 113, 89, 90]", "group_pop": 6, "init_part_assignment": 10, "id": 22}, {"graph": null, "nnodes": 6, "nedges": 6, "density": 0.4, "atomics": "[65, 66, 42, 43, 54, 55]", "group_pop": 6, "init_part_assignment": 8, "id": 23}], "adjacency": [[{"weight": 2, "random_weight": 0.43675982250366974, "id": 1}, {"weight": 2, "random_weight": 0.6959883007826774, "id": 5}, {"weight": 3, "random_weight": 0.5274221549746778, "id": 9}], [{"weight": 2, "random_weight": 0.43675982250366974, "id": 0}, {"weight": 4, "random_weight": 0.08705313809793835, "id": 13}, {"weight": 2, "random_weight": 0.57329870446232, "id": 20}], [{"weight": 3, "random_weight": 0.6775836136904373, "id": 3}, {"weight": 3, "random_weight": 0.9086909148193879, "id": 4}, {"weight": 2, "random_weight": 0.49229548096032105, "id": 10}, {"weight": 1, "random_weight": 0.8285749516003641, "id": 16}, {"weight": 1, "random_weight": 0.49445383583389624, "id": 17}], [{"weight": 3, "random_weight": 0.6775836136904373, "id": 2}, {"weight": 1, "random_weight": 0.3915402278470217, "id": 10}, {"weight": 4, "random_weight": 0.6314528444344673, "id": 12}, {"weight": 2, "random_weight": 0.6767240899370582, "id": 15}, {"weight": 2, "random_weight": 0.9766349839835534, "id": 16}], [{"weight": 3, "random_weight": 0.9086909148193879, "id": 2}, {"weight": 4, "random_weight": 0.9051038522703915, "id": 17}, {"weight": 3, "random_weight": 0.01894020177913891, "id": 19}], [{"weight": 2, "random_weight": 0.6959883007826774, "id": 0}, {"weight": 3, "random_weight": 0.4182433331494958, "id": 8}], [{"weight": 2, "random_weight": 0.2826808495344142, "id": 7}, {"weight": 2, "random_weight": 0.6921800022622651, "id": 17}, {"weight": 4, "random_weight": 0.5584061646626965, "id": 19}], [{"weight": 2, "random_weight": 0.2826808495344142, "id": 6}, {"weight": 1, "random_weight": 0.4222332738080261, "id": 16}, {"weight": 1, "random_weight": 0.5855173304133459, "id": 17}, {"weight": 2, "random_weight": 0.43215782582137774, "id": 18}, {"weight": 1, "random_weight": 0.8305494015044093, "id": 22}], [{"weight": 3, "random_weight": 0.4182433331494958, "id": 5}, {"weight": 1, "random_weight": 0.3419156823562205, "id": 9}, {"weight": 6, "random_weight": 0.3877471614240995, "id": 18}], [{"weight": 3, "random_weight": 0.5274221549746778, "id": 0}, {"weight": 1, "random_weight": 0.3419156823562205, "id": 8}, {"weight": 1, "random_weight": 0.9955976514514917, "id": 18}, {"weight": 1, "random_weight": 0.8315397046394143, "id": 20}, {"weight": 3, "random_weight": 0.8866227524431716, "id": 21}, {"weight": 1, "random_weight": 0.8553987908077789, "id": 22}], [{"weight": 2, "random_weight": 0.49229548096032105, "id": 2}, {"weight": 1, "random_weight": 0.3915402278470217, "id": 3}, {"weight": 2, "random_weight": 0.6788524928862858, "id": 12}], [{"weight": 3, "random_weight": 0.15537252084593212, "id": 12}, {"weight": 2, "random_weight": 0.48480160717583143, "id": 14}, {"weight": 2, "random_weight": 0.36506782794712045, "id": 15}], [{"weight": 4, "random_weight": 0.6314528444344673, "id": 3}, {"weight": 2, "random_weight": 0.6788524928862858, "id": 10}, {"weight": 3, "random_weight": 0.15537252084593212, "id": 11}, {"weight": 1, "random_weight": 0.602659381751509, "id": 15}], [{"weight": 4, "random_weight": 0.08705313809793835, "id": 1}, {"weight": 2, "random_weight": 0.314652857773002, "id": 14}, {"weight": 2, "random_weight": 0.07069896873644321, "id": 20}], [{"weight": 2, "random_weight": 0.48480160717583143, "id": 11}, {"weight": 2, "random_weight": 0.314652857773002, "id": 13}, {"weight": 2, "random_weight": 0.6094546884805986, "id": 15}, {"weight": 1, "random_weight": 0.4430998060629091, "id": 20}], [{"weight": 2, "random_weight": 0.6767240899370582, "id": 3}, {"weight": 2, "random_weight": 0.36506782794712045, "id": 11}, {"weight": 1, "random_weight": 0.602659381751509, "id": 12}, {"weight": 2, "random_weight": 0.6094546884805986, "id": 14}, {"weight": 2, "random_weight": 0.8064673756257972, "id": 20}, {"weight": 5, "random_weight": 0.2912042789198961, "id": 23}], [{"weight": 1, "random_weight": 0.8285749516003641, "id": 2}, {"weight": 2, "random_weight": 0.9766349839835534, "id": 3}, {"weight": 1, "random_weight": 0.4222332738080261, "id": 7}, {"weight": 5, "random_weight": 0.06072305596640171, "id": 17}, {"weight": 1, "random_weight": 0.2992814887169688, "id": 21}, {"weight": 3, "random_weight": 0.8429901512417051, "id": 22}, {"weight": 1, "random_weight": 0.8791598713955774, "id": 23}], [{"weight": 1, "random_weight": 0.49445383583389624, "id": 2}, {"weight": 4, "random_weight": 0.9051038522703915, "id": 4}, {"weight": 2, "random_weight": 0.6921800022622651, "id": 6}, {"weight": 1, "random_weight": 0.5855173304133459, "id": 7}, {"weight": 5, "random_weight": 0.06072305596640171, "id": 16}, {"weight": 1, "random_weight": 0.8073510026704146, "id": 19}], [{"weight": 2, "random_weight": 0.43215782582137774, "id": 7}, {"weight": 6, "random_weight": 0.3877471614240995, "id": 8}, {"weight": 1, "random_weight": 0.9955976514514917, "id": 9}, {"weight": 3, "random_weight": 0.890669761714576, "id": 22}], [{"weight": 3, "random_weight": 0.01894020177913891, "id": 4}, {"weight": 4, "random_weight": 0.5584061646626965, "id": 6}, {"weight": 1, "random_weight": 0.8073510026704146, "id": 17}], [{"weight": 2, "random_weight": 0.57329870446232, "id": 1}, {"weight": 1, "random_weight": 0.8315397046394143, "id": 9}, {"weight": 2, "random_weight": 0.07069896873644321, "id": 13}, {"weight": 1, "random_weight": 0.4430998060629091, "id": 14}, {"weight": 2, "random_weight": 0.8064673756257972, "id": 15}, {"weight": 2, "random_weight": 0.9969555543401534, "id": 21}, {"weight": 2, "random_weight": 0.07133920453384512, "id": 23}], [{"weight": 3, "random_weight": 0.8866227524431716, "id": 9}, {"weight": 1, "random_weight": 0.2992814887169688, "id": 16}, {"weight": 2, "random_weight": 0.9969555543401534, "id": 20}, {"weight": 4, "random_weight": 0.8502136561686644, "id": 22}, {"weight": 4, "random_weight": 0.9664574408703915, "id": 23}], [{"weight": 1, "random_weight": 0.8305494015044093, "id": 7}, {"weight": 1, "random_weight": 0.8553987908077789, "id": 9}, {"weight": 3, "random_weight": 0.8429901512417051, "id": 16}, {"weight": 3, "random_weight": 0.890669761714576, "id": 18}, {"weight": 4, "random_weight": 0.8502136561686644, "id": 21}], [{"weight": 5, "random_weight": 0.2912042789198961, "id": 15}, {"weight": 1, "random_weight": 0.8791598713955774, "id": 16}, {"weight": 2, "random_weight": 0.07133920453384512, "id": 20}, {"weight": 4, "random_weight": 0.9664574408703915, "id": 21}]]}