{"directed": false, "multigraph": false, "graph": [], "nodes": [{"graph": null, "nnodes": 6, "nedges": 7, "density": 0.4666666666666667, "atomics": "[69, 70, 71, 81, 82, 83]", "group_pop": 6, "init_part_assignment": 2, "id": 0}, {"graph": null, "nnodes": 6, "nedges": 5, "density": 0.3333333333333333, "atomics": "[34, 46, 22, 57, 58, 59]", "group_pop": 6, "init_part_assignment": 2, "id": 1}, {"graph": null, "nnodes": 6, "nedges": 7, "density": 0.4666666666666667, "atomics": "[105, 106, 107, 93, 94, 95]", "group_pop": 6, "init_part_assignment": 0, "id": 2}, {"graph": null, "nnodes": 6, "nedges": 5, "density": 0.3333333333333333, "atomics": "[72, 73, 74, 48, 60, 62]", "group_pop": 6, "init_part_assignment": 9, "id": 3}, {"graph": null, "nnodes": 6, "nedges": 5, "density": 0.3333333333333333, "atomics": "[40, 49, 50, 51, 52, 61]", "group_pop": 6, "init_part_assignment": 8, "id": 4}, {"graph": null, "nnodes": 6, "nedges": 7, "density": 0.4666666666666667, "atomics": "[36, 37, 38, 24, 25, 26]", "group_pop": 6, "init_part_assignment": 6, "id": 5}, {"graph": null, "nnodes": 6, "nedges": 7, "density": 0.4666666666666667, "atomics": "[130, 131, 142, 143, 118, 119]", "group_pop": 6, "init_part_assignment": 1, "id": 6}, {"graph": null, "nnodes": 6, "nedges": 6, "density": 0.4, "atomics": "[133, 134, 135, 122, 123, 124]", "group_pop": 6, "init_part_assignment": 5, "id": 7}, {"graph": null, "nnodes": 6, "nedges": 5, "density": 0.3333333333333333, "atomics": "[136, 137, 138, 139, 140, 141]", "group_pop": 6, "init_part_assignment": 5, "id": 8}, {"graph": null, "nnodes": 6, "nedges": 6, "density": 0.4, "atomics": "[100, 112, 113, 114, 125, 126]", "group_pop": 6, "init_part_assignment": 10, "id": 9}, {"graph": null, "nnodes": 6, "nedges": 6, "density": 0.4, "atomics": "[128, 129, 104, 116, 117, 127]", "group_pop": 6, "init_part_assignment": 1, "id": 10}, {"graph": null, "nnodes": 6, "nedges": 7, "density": 0.4666666666666667, "atomics": "[0, 1, 2, 12, 13, 14]", "group_pop": 6, "init_part_assignment": 6, "id": 11}, {"graph": null, "nnodes": 6, "nedges": 6, "density": 0.4, "atomics": "[3, 39, 15, 16, 27, 28]", "group_pop": 6, "init_part_assignment": 3, "id": 12}, {"graph": null, "nnodes": 6, "nedges": 5, "density": 0.3333333333333333, "atomics": "[4, 5, 6, 7, 8, 17]", "group_pop": 6, "init_part_assignment": 3, "id": 13}, {"graph": null, "nnodes": 6, "nedges": 5, "density": 0.3333333333333333, "atomics": "[41, 18, 53, 54, 29, 30]", "group_pop": 6, "init_part_assignment": 7, "id": 14}, {"graph": null, "nnodes": 6, "nedges": 5, "density": 0.3333333333333333, "atomics": "[35, 9, 10, 11, 47, 23]", "group_pop": 6, "init_part_assignment": 4, "id": 15}, {"graph": null, "nnodes": 6, "nedges": 6, "density": 0.4, "atomics": "[32, 33, 45, 19, 20, 21]", "group_pop": 6, "init_part_assignment": 4, "id": 16}, {"graph": null, "nnodes": 6, "nedges": 6, "density": 0.4, "atomics": "[42, 43, 44, 55, 56, 31]", "group_pop": 6, "init_part_assignment": 7, "id": 17}, {"graph": null, "nnodes": 6, "nedges": 5, "density": 0.3333333333333333, "atomics": "[99, 75, 76, 77, 111, 87]", "group_pop": 6, "init_part_assignment": 11, "id": 18}, {"graph": null, "nnodes": 6, "nedges": 6, "density": 0.4, "atomics": "[103, 79, 80, 115, 91, 92]", "group_pop": 6, "init_part_assignment": 0, "id": 19}, {"graph": null, "nnodes": 6, "nedges": 6, "density": 0.4, "atomics": "[132, 108, 109, 110, 120, 121]", "group_pop": 6, "init_part_assignment": 11, "id": 20}, {"graph": null, "nnodes": 6, "nedges": 5, "density": 0.3333333333333333, "atomics": "[64, 65, 66, 67, 68, 63]", "group_pop": 6, "init_part_assignment": 8, "id": 21}, {"graph": null, "nnodes": 6, "nedges": 6, "density": 0.4, "atomics": "[101, 102, 78, 88, 89, 90]", "group_pop": 6, "init_part_assignment": 10, "id": 22}, {"graph": null, "nnodes": 6, "nedges": 7, "density": 0.4666666666666667, "atomics": "[96, 97, 98, 84, 85, 86]", "group_pop": 6, "init_part_assignment": 9, "id": 23}], "adjacency": [[{"weight": 3, "random_weight": 0.6432925873403025, "id": 1}, {"weight": 3, "random_weight": 0.8365839990214388, "id": 2}, {"weight": 1, "random_weight": 0.8670266833623529, "id": 19}, {"weight": 1, "random_weight": 0.7469801772617014, "id": 21}], [{"weight": 3, "random_weight": 0.6432925873403025, "id": 0}, {"weight": 5, "random_weight": 0.0668281734487689, "id": 15}, {"weight": 4, "random_weight": 0.5102755106772162, "id": 16}, {"weight": 1, "random_weight": 0.6251418639970082, "id": 17}], [{"weight": 3, "random_weight": 0.8365839990214388, "id": 0}, {"weight": 2, "random_weight": 0.5714459173323575, "id": 6}, {"weight": 2, "random_weight": 0.7200984985772796, "id": 10}, {"weight": 1, "random_weight": 0.13048096653050645, "id": 19}], [{"weight": 5, "random_weight": 0.4928299546588254, "id": 4}, {"weight": 1, "random_weight": 0.7502602927173654, "id": 5}, {"weight": 1, "random_weight": 0.7887252729326495, "id": 18}, {"weight": 1, "random_weight": 0.62121710173262, "id": 21}, {"weight": 3, "random_weight": 0.4864230931307434, "id": 23}], [{"weight": 5, "random_weight": 0.4928299546588254, "id": 3}, {"weight": 2, "random_weight": 0.8625347125193349, "id": 5}, {"weight": 3, "random_weight": 0.8685444535472084, "id": 12}, {"weight": 2, "random_weight": 0.8375632263545552, "id": 14}, {"weight": 2, "random_weight": 0.07146255412368463, "id": 21}], [{"weight": 1, "random_weight": 0.7502602927173654, "id": 3}, {"weight": 2, "random_weight": 0.8625347125193349, "id": 4}, {"weight": 3, "random_weight": 0.3017192524737572, "id": 11}, {"weight": 2, "random_weight": 0.9507044157825728, "id": 12}], [{"weight": 2, "random_weight": 0.5714459173323575, "id": 2}, {"weight": 1, "random_weight": 0.6309931242595208, "id": 8}, {"weight": 2, "random_weight": 0.30062369975194403, "id": 10}], [{"weight": 2, "random_weight": 0.08701935650363823, "id": 8}, {"weight": 2, "random_weight": 0.6448905566196628, "id": 9}, {"weight": 1, "random_weight": 0.9370360412614569, "id": 18}, {"weight": 4, "random_weight": 0.470109704301264, "id": 20}], [{"weight": 1, "random_weight": 0.6309931242595208, "id": 6}, {"weight": 2, "random_weight": 0.08701935650363823, "id": 7}, {"weight": 2, "random_weight": 0.9095894950083823, "id": 9}, {"weight": 3, "random_weight": 0.12784407681485477, "id": 10}], [{"weight": 2, "random_weight": 0.6448905566196628, "id": 7}, {"weight": 2, "random_weight": 0.9095894950083823, "id": 8}, {"weight": 1, "random_weight": 0.4418957404118887, "id": 10}, {"weight": 2, "random_weight": 0.60729160024378, "id": 18}, {"weight": 1, "random_weight": 0.9563955522392635, "id": 19}, {"weight": 4, "random_weight": 0.11702975179887787, "id": 22}], [{"weight": 2, "random_weight": 0.7200984985772796, "id": 2}, {"weight": 2, "random_weight": 0.30062369975194403, "id": 6}, {"weight": 3, "random_weight": 0.12784407681485477, "id": 8}, {"weight": 1, "random_weight": 0.4418957404118887, "id": 9}, {"weight": 4, "random_weight": 0.9919847993877581, "id": 19}], [{"weight": 3, "random_weight": 0.3017192524737572, "id": 5}, {"weight": 2, "random_weight": 0.9929377269853036, "id": 12}], [{"weight": 3, "random_weight": 0.8685444535472084, "id": 4}, {"weight": 2, "random_weight": 0.9507044157825728, "id": 5}, {"weight": 2, "random_weight": 0.9929377269853036, "id": 11}, {"weight": 3, "random_weight": 0.3461399193613459, "id": 13}, {"weight": 1, "random_weight": 0.5389447761838992, "id": 14}], [{"weight": 3, "random_weight": 0.3461399193613459, "id": 12}, {"weight": 3, "random_weight": 0.8040145196747519, "id": 14}, {"weight": 1, "random_weight": 0.9202994331066809, "id": 15}, {"weight": 2, "random_weight": 0.8518984837221478, "id": 16}], [{"weight": 2, "random_weight": 0.8375632263545552, "id": 4}, {"weight": 1, "random_weight": 0.5389447761838992, "id": 12}, {"weight": 3, "random_weight": 0.8040145196747519, "id": 13}, {"weight": 1, "random_weight": 0.22304467161534247, "id": 16}, {"weight": 5, "random_weight": 0.1728670129189428, "id": 17}, {"weight": 2, "random_weight": 0.019546505497076483, "id": 21}], [{"weight": 5, "random_weight": 0.0668281734487689, "id": 1}, {"weight": 1, "random_weight": 0.9202994331066809, "id": 13}, {"weight": 1, "random_weight": 0.9873443899855316, "id": 16}], [{"weight": 4, "random_weight": 0.5102755106772162, "id": 1}, {"weight": 2, "random_weight": 0.8518984837221478, "id": 13}, {"weight": 1, "random_weight": 0.22304467161534247, "id": 14}, {"weight": 1, "random_weight": 0.9873443899855316, "id": 15}, {"weight": 4, "random_weight": 0.9377611576935689, "id": 17}], [{"weight": 1, "random_weight": 0.6251418639970082, "id": 1}, {"weight": 5, "random_weight": 0.1728670129189428, "id": 14}, {"weight": 4, "random_weight": 0.9377611576935689, "id": 16}, {"weight": 2, "random_weight": 0.6898874691864313, "id": 21}], [{"weight": 1, "random_weight": 0.7887252729326495, "id": 3}, {"weight": 1, "random_weight": 0.9370360412614569, "id": 7}, {"weight": 2, "random_weight": 0.60729160024378, "id": 9}, {"weight": 1, "random_weight": 0.9972398250160981, "id": 20}, {"weight": 3, "random_weight": 0.3840338242440914, "id": 21}, {"weight": 4, "random_weight": 0.1662862025659213, "id": 22}, {"weight": 2, "random_weight": 0.8140243953519445, "id": 23}], [{"weight": 1, "random_weight": 0.8670266833623529, "id": 0}, {"weight": 1, "random_weight": 0.13048096653050645, "id": 2}, {"weight": 1, "random_weight": 0.9563955522392635, "id": 9}, {"weight": 4, "random_weight": 0.9919847993877581, "id": 10}, {"weight": 2, "random_weight": 0.6175299363767709, "id": 21}, {"weight": 3, "random_weight": 0.15043685857126698, "id": 22}], [{"weight": 4, "random_weight": 0.470109704301264, "id": 7}, {"weight": 1, "random_weight": 0.9972398250160981, "id": 18}, {"weight": 3, "random_weight": 0.9865533862572541, "id": 23}], [{"weight": 1, "random_weight": 0.7469801772617014, "id": 0}, {"weight": 1, "random_weight": 0.62121710173262, "id": 3}, {"weight": 2, "random_weight": 0.07146255412368463, "id": 4}, {"weight": 2, "random_weight": 0.019546505497076483, "id": 14}, {"weight": 2, "random_weight": 0.6898874691864313, "id": 17}, {"weight": 3, "random_weight": 0.3840338242440914, "id": 18}, {"weight": 2, "random_weight": 0.6175299363767709, "id": 19}, {"weight": 1, "random_weight": 0.5391658044129523, "id": 22}], [{"weight": 4, "random_weight": 0.11702975179887787, "id": 9}, {"weight": 4, "random_weight": 0.1662862025659213, "id": 18}, {"weight": 3, "random_weight": 0.15043685857126698, "id": 19}, {"weight": 1, "random_weight": 0.5391658044129523, "id": 21}], [{"weight": 3, "random_weight": 0.4864230931307434, "id": 3}, {"weight": 2, "random_weight": 0.8140243953519445, "id": 18}, {"weight": 3, "random_weight": 0.9865533862572541, "id": 20}]]}