{"directed": false, "multigraph": false, "graph": [], "nodes": [{"graph": null, "nnodes": 6, "nedges": 6, "density": 0.4, "atomics": "[107, 82, 83, 119, 94, 95]", "group_pop": 6, "init_part_assignment": 2, "id": 0}, {"graph": null, "nnodes": 6, "nedges": 6, "density": 0.4, "atomics": "[70, 71, 46, 57, 58, 59]", "group_pop": 6, "init_part_assignment": 1, "id": 1}, {"graph": null, "nnodes": 6, "nedges": 5, "density": 0.3333333333333333, "atomics": "[96, 72, 73, 48, 84, 60]", "group_pop": 6, "init_part_assignment": 11, "id": 2}, {"graph": null, "nnodes": 6, "nedges": 6, "density": 0.4, "atomics": "[36, 37, 38, 49, 50, 24]", "group_pop": 6, "init_part_assignment": 10, "id": 3}, {"graph": null, "nnodes": 6, "nedges": 5, "density": 0.3333333333333333, "atomics": "[39, 74, 51, 61, 62, 63]", "group_pop": 6, "init_part_assignment": 9, "id": 4}, {"graph": null, "nnodes": 6, "nedges": 6, "density": 0.4, "atomics": "[130, 131, 106, 142, 143, 118]", "group_pop": 6, "init_part_assignment": 2, "id": 5}, {"graph": null, "nnodes": 6, "nedges": 6, "density": 0.4, "atomics": "[132, 133, 134, 108, 120, 121]", "group_pop": 6, "init_part_assignment": 0, "id": 6}, {"graph": null, "nnodes": 6, "nedges": 5, "density": 0.3333333333333333, "atomics": "[100, 135, 136, 112, 88, 124]", "group_pop": 6, "init_part_assignment": 0, "id": 7}, {"graph": null, "nnodes": 6, "nedges": 5, "density": 0.3333333333333333, "atomics": "[101, 137, 113, 89, 90, 125]", "group_pop": 6, "init_part_assignment": 5, "id": 8}, {"graph": null, "nnodes": 6, "nedges": 6, "density": 0.4, "atomics": "[129, 104, 105, 141, 116, 117]", "group_pop": 6, "init_part_assignment": 3, "id": 9}, {"graph": null, "nnodes": 6, "nedges": 6, "density": 0.4, "atomics": "[0, 1, 2, 12, 13, 25]", "group_pop": 6, "init_part_assignment": 10, "id": 10}, {"graph": null, "nnodes": 6, "nedges": 6, "density": 0.4, "atomics": "[40, 16, 17, 28, 29, 30]", "group_pop": 6, "init_part_assignment": 7, "id": 11}, {"graph": null, "nnodes": 6, "nedges": 6, "density": 0.4, "atomics": "[5, 6, 7, 18, 19, 20]", "group_pop": 6, "init_part_assignment": 4, "id": 12}, {"graph": null, "nnodes": 6, "nedges": 6, "density": 0.4, "atomics": "[3, 4, 14, 15, 26, 27]", "group_pop": 6, "init_part_assignment": 9, "id": 13}, {"graph": null, "nnodes": 6, "nedges": 6, "density": 0.4, "atomics": "[34, 35, 11, 47, 22, 23]", "group_pop": 6, "init_part_assignment": 1, "id": 14}, {"graph": null, "nnodes": 6, "nedges": 5, "density": 0.3333333333333333, "atomics": "[33, 8, 9, 10, 45, 21]", "group_pop": 6, "init_part_assignment": 4, "id": 15}, {"graph": null, "nnodes": 6, "nedges": 6, "density": 0.4, "atomics": "[32, 67, 43, 44, 55, 31]", "group_pop": 6, "init_part_assignment": 6, "id": 16}, {"graph": null, "nnodes": 6, "nedges": 6, "density": 0.4, "atomics": "[97, 109, 110, 111, 122, 123]", "group_pop": 6, "init_part_assignment": 11, "id": 17}, {"graph": null, "nnodes": 6, "nedges": 6, "density": 0.4, "atomics": "[102, 103, 114, 115, 91, 92]", "group_pop": 6, "init_part_assignment": 5, "id": 18}, {"graph": null, "nnodes": 6, "nedges": 7, "density": 0.4666666666666667, "atomics": "[128, 138, 139, 140, 126, 127]", "group_pop": 6, "init_part_assignment": 3, "id": 19}, {"graph": null, "nnodes": 6, "nedges": 6, "density": 0.4, "atomics": "[68, 69, 80, 81, 56, 93]", "group_pop": 6, "init_part_assignment": 6, "id": 20}, {"graph": null, "nnodes": 6, "nedges": 5, "density": 0.3333333333333333, "atomics": "[66, 41, 42, 78, 79, 54]", "group_pop": 6, "init_part_assignment": 7, "id": 21}, {"graph": null, "nnodes": 6, "nedges": 6, "density": 0.4, "atomics": "[98, 99, 75, 85, 86, 87]", "group_pop": 6, "init_part_assignment": 8, "id": 22}, {"graph": null, "nnodes": 6, "nedges": 7, "density": 0.4666666666666667, "atomics": "[64, 65, 76, 77, 52, 53]", "group_pop": 6, "init_part_assignment": 8, "id": 23}], "adjacency": [[{"weight": 2, "random_weight": 0.5672925290901236, "id": 1}, {"weight": 4, "random_weight": 0.9385602752694587, "id": 5}, {"weight": 2, "random_weight": 0.053362395203574, "id": 20}], [{"weight": 2, "random_weight": 0.5672925290901236, "id": 0}, {"weight": 3, "random_weight": 0.4665526103835387, "id": 14}, {"weight": 2, "random_weight": 0.9740513053969102, "id": 15}, {"weight": 3, "random_weight": 0.7817232432524468, "id": 20}], [{"weight": 2, "random_weight": 0.9123557884973604, "id": 3}, {"weight": 3, "random_weight": 0.9640484220299567, "id": 4}, {"weight": 1, "random_weight": 0.569979757559663, "id": 6}, {"weight": 1, "random_weight": 0.8961857451391018, "id": 17}, {"weight": 2, "random_weight": 0.6335021734487337, "id": 22}], [{"weight": 2, "random_weight": 0.9123557884973604, "id": 2}, {"weight": 4, "random_weight": 0.24297988351284028, "id": 4}, {"weight": 3, "random_weight": 0.25573310019964735, "id": 10}, {"weight": 1, "random_weight": 0.9903547711196138, "id": 13}], [{"weight": 3, "random_weight": 0.9640484220299567, "id": 2}, {"weight": 4, "random_weight": 0.24297988351284028, "id": 3}, {"weight": 1, "random_weight": 0.2919472749991553, "id": 11}, {"weight": 1, "random_weight": 0.21403830330947293, "id": 13}, {"weight": 3, "random_weight": 0.8501567098625543, "id": 22}, {"weight": 2, "random_weight": 0.05335569760601677, "id": 23}], [{"weight": 4, "random_weight": 0.9385602752694587, "id": 0}, {"weight": 4, "random_weight": 0.9498861141433576, "id": 9}], [{"weight": 1, "random_weight": 0.569979757559663, "id": 2}, {"weight": 1, "random_weight": 0.12226822475302812, "id": 7}, {"weight": 4, "random_weight": 0.5964836851587315, "id": 17}], [{"weight": 1, "random_weight": 0.12226822475302812, "id": 6}, {"weight": 5, "random_weight": 0.8055483741405441, "id": 8}, {"weight": 3, "random_weight": 0.7654609254242576, "id": 17}, {"weight": 2, "random_weight": 0.9099856563268182, "id": 22}, {"weight": 1, "random_weight": 0.5873912737245875, "id": 23}], [{"weight": 5, "random_weight": 0.8055483741405441, "id": 7}, {"weight": 4, "random_weight": 0.060557116205983696, "id": 18}, {"weight": 2, "random_weight": 0.18726961942315523, "id": 19}, {"weight": 1, "random_weight": 0.14359521825768407, "id": 21}, {"weight": 1, "random_weight": 0.9629178306599634, "id": 23}], [{"weight": 4, "random_weight": 0.9498861141433576, "id": 5}, {"weight": 3, "random_weight": 0.9597675159714173, "id": 18}, {"weight": 3, "random_weight": 0.47361051418808364, "id": 19}, {"weight": 1, "random_weight": 0.5969443140621472, "id": 20}], [{"weight": 3, "random_weight": 0.25573310019964735, "id": 3}, {"weight": 4, "random_weight": 0.7965818007070963, "id": 13}], [{"weight": 1, "random_weight": 0.2919472749991553, "id": 4}, {"weight": 3, "random_weight": 0.10647974932568904, "id": 12}, {"weight": 3, "random_weight": 0.8335932544836607, "id": 13}, {"weight": 1, "random_weight": 0.6571868664753306, "id": 16}, {"weight": 3, "random_weight": 0.01705865576020016, "id": 21}, {"weight": 1, "random_weight": 0.5244788703017772, "id": 23}], [{"weight": 3, "random_weight": 0.10647974932568904, "id": 11}, {"weight": 1, "random_weight": 0.5389672364570001, "id": 13}, {"weight": 3, "random_weight": 0.436872008238711, "id": 15}, {"weight": 2, "random_weight": 0.4368625840382877, "id": 16}], [{"weight": 1, "random_weight": 0.9903547711196138, "id": 3}, {"weight": 1, "random_weight": 0.21403830330947293, "id": 4}, {"weight": 4, "random_weight": 0.7965818007070963, "id": 10}, {"weight": 3, "random_weight": 0.8335932544836607, "id": 11}, {"weight": 1, "random_weight": 0.5389672364570001, "id": 12}], [{"weight": 3, "random_weight": 0.4665526103835387, "id": 1}, {"weight": 4, "random_weight": 0.3397022047103868, "id": 15}], [{"weight": 2, "random_weight": 0.9740513053969102, "id": 1}, {"weight": 3, "random_weight": 0.436872008238711, "id": 12}, {"weight": 4, "random_weight": 0.3397022047103868, "id": 14}, {"weight": 2, "random_weight": 0.453476250882328, "id": 16}], [{"weight": 1, "random_weight": 0.6571868664753306, "id": 11}, {"weight": 2, "random_weight": 0.4368625840382877, "id": 12}, {"weight": 2, "random_weight": 0.453476250882328, "id": 15}, {"weight": 3, "random_weight": 0.48332209971795226, "id": 20}, {"weight": 4, "random_weight": 0.3964607135545153, "id": 21}], [{"weight": 1, "random_weight": 0.8961857451391018, "id": 2}, {"weight": 4, "random_weight": 0.5964836851587315, "id": 6}, {"weight": 3, "random_weight": 0.7654609254242576, "id": 7}, {"weight": 4, "random_weight": 0.902486049140254, "id": 22}], [{"weight": 4, "random_weight": 0.060557116205983696, "id": 8}, {"weight": 3, "random_weight": 0.9597675159714173, "id": 9}, {"weight": 2, "random_weight": 0.6757371727534865, "id": 19}, {"weight": 2, "random_weight": 0.8494033255480462, "id": 20}, {"weight": 1, "random_weight": 0.9026346505673752, "id": 21}], [{"weight": 2, "random_weight": 0.18726961942315523, "id": 8}, {"weight": 3, "random_weight": 0.47361051418808364, "id": 9}, {"weight": 2, "random_weight": 0.6757371727534865, "id": 18}], [{"weight": 2, "random_weight": 0.053362395203574, "id": 0}, {"weight": 3, "random_weight": 0.7817232432524468, "id": 1}, {"weight": 1, "random_weight": 0.5969443140621472, "id": 9}, {"weight": 3, "random_weight": 0.48332209971795226, "id": 16}, {"weight": 2, "random_weight": 0.8494033255480462, "id": 18}, {"weight": 1, "random_weight": 0.803363910191639, "id": 21}], [{"weight": 1, "random_weight": 0.14359521825768407, "id": 8}, {"weight": 3, "random_weight": 0.01705865576020016, "id": 11}, {"weight": 4, "random_weight": 0.3964607135545153, "id": 16}, {"weight": 1, "random_weight": 0.9026346505673752, "id": 18}, {"weight": 1, "random_weight": 0.803363910191639, "id": 20}, {"weight": 4, "random_weight": 0.8749579049556256, "id": 23}], [{"weight": 2, "random_weight": 0.6335021734487337, "id": 2}, {"weight": 3, "random_weight": 0.8501567098625543, "id": 4}, {"weight": 2, "random_weight": 0.9099856563268182, "id": 7}, {"weight": 4, "random_weight": 0.902486049140254, "id": 17}, {"weight": 1, "random_weight": 0.25512861655320984, "id": 23}], [{"weight": 2, "random_weight": 0.05335569760601677, "id": 4}, {"weight": 1, "random_weight": 0.5873912737245875, "id": 7}, {"weight": 1, "random_weight": 0.9629178306599634, "id": 8}, {"weight": 1, "random_weight": 0.5244788703017772, "id": 11}, {"weight": 4, "random_weight": 0.8749579049556256, "id": 21}, {"weight": 1, "random_weight": 0.25512861655320984, "id": 22}]]}