{"directed": false, "multigraph": false, "graph": [], "nodes": [{"graph": null, "nnodes": 6, "nedges": 6, "density": 0.4, "atomics": "[70, 71, 81, 82, 83, 58]", "group_pop": 6, "init_part_assignment": 2, "id": 0}, {"graph": null, "nnodes": 6, "nedges": 6, "density": 0.4, "atomics": "[33, 34, 35, 46, 47, 59]", "group_pop": 6, "init_part_assignment": 3, "id": 1}, {"graph": null, "nnodes": 6, "nedges": 6, "density": 0.4, "atomics": "[129, 105, 106, 107, 117, 118]", "group_pop": 6, "init_part_assignment": 0, "id": 2}, {"graph": null, "nnodes": 6, "nedges": 5, "density": 0.3333333333333333, "atomics": "[103, 104, 92, 93, 94, 95]", "group_pop": 6, "init_part_assignment": 2, "id": 3}, {"graph": null, "nnodes": 6, "nedges": 5, "density": 0.3333333333333333, "atomics": "[48, 49, 50, 51, 52, 62]", "group_pop": 6, "init_part_assignment": 11, "id": 4}, {"graph": null, "nnodes": 6, "nedges": 7, "density": 0.4666666666666667, "atomics": "[38, 39, 40, 26, 27, 28]", "group_pop": 6, "init_part_assignment": 7, "id": 5}, {"graph": null, "nnodes": 6, "nedges": 7, "density": 0.4666666666666667, "atomics": "[72, 73, 84, 85, 60, 61]", "group_pop": 6, "init_part_assignment": 11, "id": 6}, {"graph": null, "nnodes": 6, "nedges": 6, "density": 0.4, "atomics": "[130, 131, 141, 142, 143, 119]", "group_pop": 6, "init_part_assignment": 0, "id": 7}, {"graph": null, "nnodes": 6, "nedges": 7, "density": 0.4666666666666667, "atomics": "[132, 133, 134, 120, 121, 122]", "group_pop": 6, "init_part_assignment": 8, "id": 8}, {"graph": null, "nnodes": 6, "nedges": 7, "density": 0.4666666666666667, "atomics": "[135, 136, 111, 112, 123, 124]", "group_pop": 6, "init_part_assignment": 8, "id": 9}, {"graph": null, "nnodes": 6, "nedges": 7, "density": 0.4666666666666667, "atomics": "[137, 138, 113, 114, 125, 126]", "group_pop": 6, "init_part_assignment": 6, "id": 10}, {"graph": null, "nnodes": 6, "nedges": 6, "density": 0.4, "atomics": "[0, 36, 37, 12, 24, 25]", "group_pop": 6, "init_part_assignment": 7, "id": 11}, {"graph": null, "nnodes": 6, "nedges": 7, "density": 0.4666666666666667, "atomics": "[1, 2, 3, 13, 14, 15]", "group_pop": 6, "init_part_assignment": 1, "id": 12}, {"graph": null, "nnodes": 6, "nedges": 7, "density": 0.4666666666666667, "atomics": "[4, 5, 6, 16, 17, 18]", "group_pop": 6, "init_part_assignment": 1, "id": 13}, {"graph": null, "nnodes": 6, "nedges": 7, "density": 0.4666666666666667, "atomics": "[9, 10, 11, 21, 22, 23]", "group_pop": 6, "init_part_assignment": 3, "id": 14}, {"graph": null, "nnodes": 6, "nedges": 7, "density": 0.4666666666666667, "atomics": "[32, 7, 8, 19, 20, 31]", "group_pop": 6, "init_part_assignment": 4, "id": 15}, {"graph": null, "nnodes": 6, "nedges": 6, "density": 0.4, "atomics": "[67, 42, 43, 54, 55, 30]", "group_pop": 6, "init_part_assignment": 4, "id": 16}, {"graph": null, "nnodes": 6, "nedges": 7, "density": 0.4666666666666667, "atomics": "[99, 100, 101, 87, 88, 89]", "group_pop": 6, "init_part_assignment": 9, "id": 17}, {"graph": null, "nnodes": 6, "nedges": 7, "density": 0.4666666666666667, "atomics": "[128, 139, 140, 115, 116, 127]", "group_pop": 6, "init_part_assignment": 6, "id": 18}, {"graph": null, "nnodes": 6, "nedges": 7, "density": 0.4666666666666667, "atomics": "[96, 97, 98, 108, 109, 110]", "group_pop": 6, "init_part_assignment": 9, "id": 19}, {"graph": null, "nnodes": 6, "nedges": 7, "density": 0.4666666666666667, "atomics": "[68, 69, 44, 45, 56, 57]", "group_pop": 6, "init_part_assignment": 5, "id": 20}, {"graph": null, "nnodes": 6, "nedges": 6, "density": 0.4, "atomics": "[102, 78, 79, 80, 90, 91]", "group_pop": 6, "init_part_assignment": 5, "id": 21}, {"graph": null, "nnodes": 6, "nedges": 5, "density": 0.3333333333333333, "atomics": "[65, 66, 41, 77, 53, 29]", "group_pop": 6, "init_part_assignment": 10, "id": 22}, {"graph": null, "nnodes": 6, "nedges": 6, "density": 0.4, "atomics": "[64, 74, 75, 76, 86, 63]", "group_pop": 6, "init_part_assignment": 10, "id": 23}], "adjacency": [[{"weight": 3, "random_weight": 0.8312632157075786, "id": 1}, {"weight": 3, "random_weight": 0.02609234457156906, "id": 3}, {"weight": 3, "random_weight": 0.36835131440233104, "id": 20}, {"weight": 1, "random_weight": 0.7007072826467842, "id": 21}], [{"weight": 3, "random_weight": 0.8312632157075786, "id": 0}, {"weight": 3, "random_weight": 0.6817909527516913, "id": 14}, {"weight": 1, "random_weight": 0.6825401432867708, "id": 15}, {"weight": 2, "random_weight": 0.7732793968607672, "id": 20}], [{"weight": 4, "random_weight": 0.5248200972175237, "id": 3}, {"weight": 5, "random_weight": 0.5943956770842623, "id": 7}, {"weight": 2, "random_weight": 0.28007613346081295, "id": 18}], [{"weight": 3, "random_weight": 0.02609234457156906, "id": 0}, {"weight": 4, "random_weight": 0.5248200972175237, "id": 2}, {"weight": 2, "random_weight": 0.8810068000661334, "id": 18}, {"weight": 4, "random_weight": 0.0640858434106445, "id": 21}], [{"weight": 3, "random_weight": 0.9391385858314986, "id": 5}, {"weight": 3, "random_weight": 0.5716573916293831, "id": 6}, {"weight": 2, "random_weight": 0.3562751969919242, "id": 11}, {"weight": 1, "random_weight": 0.3986015264620254, "id": 22}, {"weight": 4, "random_weight": 0.14753728375848074, "id": 23}], [{"weight": 3, "random_weight": 0.9391385858314986, "id": 4}, {"weight": 2, "random_weight": 0.2620765043943528, "id": 11}, {"weight": 2, "random_weight": 0.34098479518556757, "id": 12}, {"weight": 1, "random_weight": 0.5959876745399809, "id": 13}, {"weight": 2, "random_weight": 0.8204746649714316, "id": 22}], [{"weight": 3, "random_weight": 0.5716573916293831, "id": 4}, {"weight": 2, "random_weight": 0.8367531398886056, "id": 19}, {"weight": 2, "random_weight": 0.7062883620251171, "id": 23}], [{"weight": 5, "random_weight": 0.5943956770842623, "id": 2}, {"weight": 1, "random_weight": 0.9002972071935013, "id": 18}], [{"weight": 2, "random_weight": 0.6226125771159986, "id": 9}, {"weight": 3, "random_weight": 0.9207166859986968, "id": 19}], [{"weight": 2, "random_weight": 0.6226125771159986, "id": 8}, {"weight": 3, "random_weight": 0.28988916781265606, "id": 10}, {"weight": 2, "random_weight": 0.8199112718336399, "id": 17}, {"weight": 1, "random_weight": 0.9724023313178265, "id": 19}], [{"weight": 3, "random_weight": 0.28988916781265606, "id": 9}, {"weight": 1, "random_weight": 0.555344165319946, "id": 17}, {"weight": 3, "random_weight": 0.3407774304061755, "id": 18}, {"weight": 1, "random_weight": 0.05610826530928403, "id": 21}], [{"weight": 2, "random_weight": 0.3562751969919242, "id": 4}, {"weight": 2, "random_weight": 0.2620765043943528, "id": 5}, {"weight": 3, "random_weight": 0.467081910708656, "id": 12}], [{"weight": 2, "random_weight": 0.34098479518556757, "id": 5}, {"weight": 3, "random_weight": 0.467081910708656, "id": 11}, {"weight": 2, "random_weight": 0.10868696932809785, "id": 13}], [{"weight": 1, "random_weight": 0.5959876745399809, "id": 5}, {"weight": 2, "random_weight": 0.10868696932809785, "id": 12}, {"weight": 2, "random_weight": 0.6924147508661025, "id": 15}, {"weight": 1, "random_weight": 0.8697961242059593, "id": 16}, {"weight": 1, "random_weight": 0.45298205410161707, "id": 22}], [{"weight": 3, "random_weight": 0.6817909527516913, "id": 1}, {"weight": 2, "random_weight": 0.9159191907413529, "id": 15}], [{"weight": 1, "random_weight": 0.6825401432867708, "id": 1}, {"weight": 2, "random_weight": 0.6924147508661025, "id": 13}, {"weight": 2, "random_weight": 0.9159191907413529, "id": 14}, {"weight": 2, "random_weight": 0.4358261203200763, "id": 16}, {"weight": 1, "random_weight": 0.732326068762559, "id": 20}], [{"weight": 1, "random_weight": 0.8697961242059593, "id": 13}, {"weight": 2, "random_weight": 0.4358261203200763, "id": 15}, {"weight": 3, "random_weight": 0.583194023467536, "id": 20}, {"weight": 1, "random_weight": 0.32327868387245096, "id": 21}, {"weight": 5, "random_weight": 0.9327612488203633, "id": 22}], [{"weight": 2, "random_weight": 0.8199112718336399, "id": 9}, {"weight": 1, "random_weight": 0.555344165319946, "id": 10}, {"weight": 1, "random_weight": 0.397877697400725, "id": 19}, {"weight": 2, "random_weight": 0.11896219973400679, "id": 21}, {"weight": 1, "random_weight": 0.6163878526375668, "id": 22}, {"weight": 3, "random_weight": 0.7976412850811726, "id": 23}], [{"weight": 2, "random_weight": 0.28007613346081295, "id": 2}, {"weight": 2, "random_weight": 0.8810068000661334, "id": 3}, {"weight": 1, "random_weight": 0.9002972071935013, "id": 7}, {"weight": 3, "random_weight": 0.3407774304061755, "id": 10}], [{"weight": 2, "random_weight": 0.8367531398886056, "id": 6}, {"weight": 3, "random_weight": 0.9207166859986968, "id": 8}, {"weight": 1, "random_weight": 0.9724023313178265, "id": 9}, {"weight": 1, "random_weight": 0.397877697400725, "id": 17}, {"weight": 1, "random_weight": 0.9331279521621703, "id": 23}], [{"weight": 3, "random_weight": 0.36835131440233104, "id": 0}, {"weight": 2, "random_weight": 0.7732793968607672, "id": 1}, {"weight": 1, "random_weight": 0.732326068762559, "id": 15}, {"weight": 3, "random_weight": 0.583194023467536, "id": 16}, {"weight": 1, "random_weight": 0.976178579080319, "id": 21}], [{"weight": 1, "random_weight": 0.7007072826467842, "id": 0}, {"weight": 4, "random_weight": 0.0640858434106445, "id": 3}, {"weight": 1, "random_weight": 0.05610826530928403, "id": 10}, {"weight": 1, "random_weight": 0.32327868387245096, "id": 16}, {"weight": 2, "random_weight": 0.11896219973400679, "id": 17}, {"weight": 1, "random_weight": 0.976178579080319, "id": 20}, {"weight": 2, "random_weight": 0.7300273153316622, "id": 22}], [{"weight": 1, "random_weight": 0.3986015264620254, "id": 4}, {"weight": 2, "random_weight": 0.8204746649714316, "id": 5}, {"weight": 1, "random_weight": 0.45298205410161707, "id": 13}, {"weight": 5, "random_weight": 0.9327612488203633, "id": 16}, {"weight": 1, "random_weight": 0.6163878526375668, "id": 17}, {"weight": 2, "random_weight": 0.7300273153316622, "id": 21}, {"weight": 2, "random_weight": 0.05919581876310276, "id": 23}], [{"weight": 4, "random_weight": 0.14753728375848074, "id": 4}, {"weight": 2, "random_weight": 0.7062883620251171, "id": 6}, {"weight": 3, "random_weight": 0.7976412850811726, "id": 17}, {"weight": 1, "random_weight": 0.9331279521621703, "id": 19}, {"weight": 2, "random_weight": 0.05919581876310276, "id": 22}]]}