{"directed": false, "multigraph": false, "graph": [], "nodes": [{"graph": null, "nnodes": 6, "nedges": 6, "density": 0.4, "atomics": "[70, 71, 82, 83, 59, 95]", "group_pop": 6, "init_part_assignment": 5, "id": 0}, {"graph": null, "nnodes": 6, "nedges": 6, "density": 0.4, "atomics": "[33, 34, 35, 46, 47, 58]", "group_pop": 6, "init_part_assignment": 1, "id": 1}, {"graph": null, "nnodes": 6, "nedges": 5, "density": 0.3333333333333333, "atomics": "[131, 107, 141, 142, 143, 119]", "group_pop": 6, "init_part_assignment": 2, "id": 2}, {"graph": null, "nnodes": 6, "nedges": 6, "density": 0.4, "atomics": "[72, 73, 48, 84, 85, 60]", "group_pop": 6, "init_part_assignment": 8, "id": 3}, {"graph": null, "nnodes": 6, "nedges": 7, "density": 0.4666666666666667, "atomics": "[49, 50, 51, 61, 62, 63]", "group_pop": 6, "init_part_assignment": 0, "id": 4}, {"graph": null, "nnodes": 6, "nedges": 6, "density": 0.4, "atomics": "[36, 37, 38, 39, 26, 27]", "group_pop": 6, "init_part_assignment": 4, "id": 5}, {"graph": null, "nnodes": 6, "nedges": 6, "density": 0.4, "atomics": "[129, 130, 115, 116, 117, 118]", "group_pop": 6, "init_part_assignment": 2, "id": 6}, {"graph": null, "nnodes": 6, "nedges": 7, "density": 0.4666666666666667, "atomics": "[132, 133, 134, 120, 121, 122]", "group_pop": 6, "init_part_assignment": 7, "id": 7}, {"graph": null, "nnodes": 6, "nedges": 7, "density": 0.4666666666666667, "atomics": "[135, 136, 137, 123, 124, 125]", "group_pop": 6, "init_part_assignment": 7, "id": 8}, {"graph": null, "nnodes": 6, "nedges": 6, "density": 0.4, "atomics": "[69, 105, 106, 81, 93, 94]", "group_pop": 6, "init_part_assignment": 5, "id": 9}, {"graph": null, "nnodes": 6, "nedges": 7, "density": 0.4666666666666667, "atomics": "[0, 1, 12, 13, 24, 25]", "group_pop": 6, "init_part_assignment": 4, "id": 10}, {"graph": null, "nnodes": 6, "nedges": 7, "density": 0.4666666666666667, "atomics": "[2, 3, 4, 14, 15, 16]", "group_pop": 6, "init_part_assignment": 6, "id": 11}, {"graph": null, "nnodes": 6, "nedges": 7, "density": 0.4666666666666667, "atomics": "[5, 6, 17, 18, 29, 30]", "group_pop": 6, "init_part_assignment": 6, "id": 12}, {"graph": null, "nnodes": 6, "nedges": 7, "density": 0.4666666666666667, "atomics": "[9, 10, 11, 21, 22, 23]", "group_pop": 6, "init_part_assignment": 1, "id": 13}, {"graph": null, "nnodes": 6, "nedges": 7, "density": 0.4666666666666667, "atomics": "[32, 7, 8, 19, 20, 31]", "group_pop": 6, "init_part_assignment": 3, "id": 14}, {"graph": null, "nnodes": 6, "nedges": 5, "density": 0.3333333333333333, "atomics": "[102, 103, 104, 112, 113, 114]", "group_pop": 6, "init_part_assignment": 9, "id": 15}, {"graph": null, "nnodes": 6, "nedges": 6, "density": 0.4, "atomics": "[100, 101, 76, 88, 89, 90]", "group_pop": 6, "init_part_assignment": 10, "id": 16}, {"graph": null, "nnodes": 6, "nedges": 6, "density": 0.4, "atomics": "[96, 97, 108, 109, 110, 111]", "group_pop": 6, "init_part_assignment": 8, "id": 17}, {"graph": null, "nnodes": 6, "nedges": 7, "density": 0.4666666666666667, "atomics": "[128, 138, 139, 140, 126, 127]", "group_pop": 6, "init_part_assignment": 9, "id": 18}, {"graph": null, "nnodes": 6, "nedges": 6, "density": 0.4, "atomics": "[68, 43, 44, 45, 56, 57]", "group_pop": 6, "init_part_assignment": 3, "id": 19}, {"graph": null, "nnodes": 6, "nedges": 6, "density": 0.4, "atomics": "[77, 78, 79, 80, 91, 92]", "group_pop": 6, "init_part_assignment": 10, "id": 20}, {"graph": null, "nnodes": 6, "nedges": 6, "density": 0.4, "atomics": "[40, 41, 42, 52, 53, 28]", "group_pop": 6, "init_part_assignment": 11, "id": 21}, {"graph": null, "nnodes": 6, "nedges": 6, "density": 0.4, "atomics": "[64, 65, 66, 67, 54, 55]", "group_pop": 6, "init_part_assignment": 11, "id": 22}, {"graph": null, "nnodes": 6, "nedges": 7, "density": 0.4666666666666667, "atomics": "[98, 99, 74, 75, 86, 87]", "group_pop": 6, "init_part_assignment": 0, "id": 23}], "adjacency": [[{"weight": 3, "random_weight": 0.8066613430808433, "id": 1}, {"weight": 1, "random_weight": 0.2522144317188366, "id": 2}, {"weight": 4, "random_weight": 0.2500767506610231, "id": 9}], [{"weight": 3, "random_weight": 0.8066613430808433, "id": 0}, {"weight": 3, "random_weight": 0.17630739056323763, "id": 13}, {"weight": 1, "random_weight": 0.1143721107544341, "id": 14}, {"weight": 3, "random_weight": 0.8485052517861444, "id": 19}], [{"weight": 1, "random_weight": 0.2522144317188366, "id": 0}, {"weight": 4, "random_weight": 0.16845031905089003, "id": 6}, {"weight": 1, "random_weight": 0.44556094400832447, "id": 9}, {"weight": 1, "random_weight": 0.5896231792980242, "id": 18}], [{"weight": 3, "random_weight": 0.796785073644773, "id": 4}, {"weight": 1, "random_weight": 0.8952508228381286, "id": 5}, {"weight": 2, "random_weight": 0.9178716908144221, "id": 17}, {"weight": 2, "random_weight": 0.7710544667185193, "id": 23}], [{"weight": 3, "random_weight": 0.796785073644773, "id": 3}, {"weight": 3, "random_weight": 0.8361021404402044, "id": 5}, {"weight": 1, "random_weight": 0.6035917704459459, "id": 21}, {"weight": 1, "random_weight": 0.2924793657813902, "id": 22}, {"weight": 2, "random_weight": 0.501671514145195, "id": 23}], [{"weight": 1, "random_weight": 0.8952508228381286, "id": 3}, {"weight": 3, "random_weight": 0.8361021404402044, "id": 4}, {"weight": 3, "random_weight": 0.5330807305413454, "id": 10}, {"weight": 2, "random_weight": 0.8708304426436734, "id": 11}, {"weight": 2, "random_weight": 0.5161712255695338, "id": 21}], [{"weight": 4, "random_weight": 0.16845031905089003, "id": 2}, {"weight": 2, "random_weight": 0.13120770977697416, "id": 9}, {"weight": 3, "random_weight": 0.5630692525407461, "id": 15}, {"weight": 3, "random_weight": 0.6807180542831769, "id": 18}], [{"weight": 2, "random_weight": 0.42988386953682367, "id": 8}, {"weight": 3, "random_weight": 0.505279248515115, "id": 17}], [{"weight": 2, "random_weight": 0.42988386953682367, "id": 7}, {"weight": 2, "random_weight": 0.39175512331315454, "id": 15}, {"weight": 1, "random_weight": 0.9975824373609341, "id": 17}, {"weight": 2, "random_weight": 0.9375046292102301, "id": 18}], [{"weight": 4, "random_weight": 0.2500767506610231, "id": 0}, {"weight": 1, "random_weight": 0.44556094400832447, "id": 2}, {"weight": 2, "random_weight": 0.13120770977697416, "id": 6}, {"weight": 1, "random_weight": 0.7712088373390376, "id": 15}, {"weight": 2, "random_weight": 0.23711044835586959, "id": 19}, {"weight": 2, "random_weight": 0.4273758563427642, "id": 20}], [{"weight": 3, "random_weight": 0.5330807305413454, "id": 5}, {"weight": 2, "random_weight": 0.6189960815811281, "id": 11}], [{"weight": 2, "random_weight": 0.8708304426436734, "id": 5}, {"weight": 2, "random_weight": 0.6189960815811281, "id": 10}, {"weight": 2, "random_weight": 0.5806758133795, "id": 12}, {"weight": 1, "random_weight": 0.6852959801535761, "id": 21}], [{"weight": 2, "random_weight": 0.5806758133795, "id": 11}, {"weight": 3, "random_weight": 0.8210184359796276, "id": 14}, {"weight": 3, "random_weight": 0.6864250994966618, "id": 21}], [{"weight": 3, "random_weight": 0.17630739056323763, "id": 1}, {"weight": 2, "random_weight": 0.21445700292889325, "id": 14}], [{"weight": 1, "random_weight": 0.1143721107544341, "id": 1}, {"weight": 3, "random_weight": 0.8210184359796276, "id": 12}, {"weight": 2, "random_weight": 0.21445700292889325, "id": 13}, {"weight": 2, "random_weight": 0.4584108890726615, "id": 19}], [{"weight": 3, "random_weight": 0.5630692525407461, "id": 6}, {"weight": 2, "random_weight": 0.39175512331315454, "id": 8}, {"weight": 1, "random_weight": 0.7712088373390376, "id": 9}, {"weight": 4, "random_weight": 0.7961689007322876, "id": 16}, {"weight": 1, "random_weight": 0.9757135631764243, "id": 17}, {"weight": 1, "random_weight": 0.061717398441379245, "id": 18}, {"weight": 2, "random_weight": 0.6867532925925793, "id": 20}], [{"weight": 4, "random_weight": 0.7961689007322876, "id": 15}, {"weight": 4, "random_weight": 0.6002558990118161, "id": 20}, {"weight": 1, "random_weight": 0.2676609896860669, "id": 22}, {"weight": 3, "random_weight": 0.6890834625421404, "id": 23}], [{"weight": 2, "random_weight": 0.9178716908144221, "id": 3}, {"weight": 3, "random_weight": 0.505279248515115, "id": 7}, {"weight": 1, "random_weight": 0.9975824373609341, "id": 8}, {"weight": 1, "random_weight": 0.9757135631764243, "id": 15}, {"weight": 3, "random_weight": 0.5705939810682304, "id": 23}], [{"weight": 1, "random_weight": 0.5896231792980242, "id": 2}, {"weight": 3, "random_weight": 0.6807180542831769, "id": 6}, {"weight": 2, "random_weight": 0.9375046292102301, "id": 8}, {"weight": 1, "random_weight": 0.061717398441379245, "id": 15}], [{"weight": 3, "random_weight": 0.8485052517861444, "id": 1}, {"weight": 2, "random_weight": 0.23711044835586959, "id": 9}, {"weight": 2, "random_weight": 0.4584108890726615, "id": 14}, {"weight": 1, "random_weight": 0.6174923367291738, "id": 20}, {"weight": 1, "random_weight": 0.8895536371812891, "id": 21}, {"weight": 3, "random_weight": 0.9915705072858201, "id": 22}], [{"weight": 2, "random_weight": 0.4273758563427642, "id": 9}, {"weight": 2, "random_weight": 0.6867532925925793, "id": 15}, {"weight": 4, "random_weight": 0.6002558990118161, "id": 16}, {"weight": 1, "random_weight": 0.6174923367291738, "id": 19}, {"weight": 3, "random_weight": 0.937191049652056, "id": 22}], [{"weight": 1, "random_weight": 0.6035917704459459, "id": 4}, {"weight": 2, "random_weight": 0.5161712255695338, "id": 5}, {"weight": 1, "random_weight": 0.6852959801535761, "id": 11}, {"weight": 3, "random_weight": 0.6864250994966618, "id": 12}, {"weight": 1, "random_weight": 0.8895536371812891, "id": 19}, {"weight": 4, "random_weight": 0.40818281944023516, "id": 22}], [{"weight": 1, "random_weight": 0.2924793657813902, "id": 4}, {"weight": 1, "random_weight": 0.2676609896860669, "id": 16}, {"weight": 3, "random_weight": 0.9915705072858201, "id": 19}, {"weight": 3, "random_weight": 0.937191049652056, "id": 20}, {"weight": 4, "random_weight": 0.40818281944023516, "id": 21}], [{"weight": 2, "random_weight": 0.7710544667185193, "id": 3}, {"weight": 2, "random_weight": 0.501671514145195, "id": 4}, {"weight": 3, "random_weight": 0.6890834625421404, "id": 16}, {"weight": 3, "random_weight": 0.5705939810682304, "id": 17}]]}