{"directed": false, "multigraph": false, "graph": [], "nodes": [{"graph": null, "nnodes": 6, "nedges": 5, "density": 0.3333333333333333, "atomics": "[71, 106, 107, 83, 59, 95]", "group_pop": 6, "init_part_assignment": 11, "id": 0}, {"graph": null, "nnodes": 6, "nedges": 7, "density": 0.4666666666666667, "atomics": "[69, 70, 81, 82, 57, 58]", "group_pop": 6, "init_part_assignment": 6, "id": 1}, {"graph": null, "nnodes": 6, "nedges": 6, "density": 0.4, "atomics": "[72, 48, 49, 84, 60, 61]", "group_pop": 6, "init_part_assignment": 4, "id": 2}, {"graph": null, "nnodes": 6, "nedges": 6, "density": 0.4, "atomics": "[73, 74, 50, 51, 62, 63]", "group_pop": 6, "init_part_assignment": 7, "id": 3}, {"graph": null, "nnodes": 6, "nedges": 6, "density": 0.4, "atomics": "[36, 37, 38, 39, 24, 25]", "group_pop": 6, "init_part_assignment": 5, "id": 4}, {"graph": null, "nnodes": 6, "nedges": 7, "density": 0.4666666666666667, "atomics": "[130, 131, 142, 143, 118, 119]", "group_pop": 6, "init_part_assignment": 11, "id": 5}, {"graph": null, "nnodes": 6, "nedges": 6, "density": 0.4, "atomics": "[133, 134, 121, 122, 123, 124]", "group_pop": 6, "init_part_assignment": 0, "id": 6}, {"graph": null, "nnodes": 6, "nedges": 5, "density": 0.3333333333333333, "atomics": "[135, 136, 137, 138, 139, 127]", "group_pop": 6, "init_part_assignment": 8, "id": 7}, {"graph": null, "nnodes": 6, "nedges": 6, "density": 0.4, "atomics": "[112, 113, 114, 115, 125, 126]", "group_pop": 6, "init_part_assignment": 8, "id": 8}, {"graph": null, "nnodes": 6, "nedges": 7, "density": 0.4666666666666667, "atomics": "[128, 129, 140, 141, 116, 117]", "group_pop": 6, "init_part_assignment": 10, "id": 9}, {"graph": null, "nnodes": 6, "nedges": 6, "density": 0.4, "atomics": "[104, 105, 80, 92, 93, 94]", "group_pop": 6, "init_part_assignment": 10, "id": 10}, {"graph": null, "nnodes": 6, "nedges": 6, "density": 0.4, "atomics": "[0, 1, 12, 13, 14, 26]", "group_pop": 6, "init_part_assignment": 2, "id": 11}, {"graph": null, "nnodes": 6, "nedges": 6, "density": 0.4, "atomics": "[2, 3, 4, 5, 15, 16]", "group_pop": 6, "init_part_assignment": 2, "id": 12}, {"graph": null, "nnodes": 6, "nedges": 6, "density": 0.4, "atomics": "[40, 41, 17, 27, 28, 29]", "group_pop": 6, "init_part_assignment": 5, "id": 13}, {"graph": null, "nnodes": 6, "nedges": 7, "density": 0.4666666666666667, "atomics": "[6, 7, 8, 18, 19, 20]", "group_pop": 6, "init_part_assignment": 1, "id": 14}, {"graph": null, "nnodes": 6, "nedges": 7, "density": 0.4666666666666667, "atomics": "[33, 34, 35, 45, 46, 47]", "group_pop": 6, "init_part_assignment": 6, "id": 15}, {"graph": null, "nnodes": 6, "nedges": 7, "density": 0.4666666666666667, "atomics": "[9, 10, 11, 21, 22, 23]", "group_pop": 6, "init_part_assignment": 1, "id": 16}, {"graph": null, "nnodes": 6, "nedges": 7, "density": 0.4666666666666667, "atomics": "[32, 42, 43, 44, 30, 31]", "group_pop": 6, "init_part_assignment": 3, "id": 17}, {"graph": null, "nnodes": 6, "nedges": 5, "density": 0.3333333333333333, "atomics": "[99, 100, 101, 102, 111, 88]", "group_pop": 6, "init_part_assignment": 0, "id": 18}, {"graph": null, "nnodes": 6, "nedges": 6, "density": 0.4, "atomics": "[96, 97, 132, 108, 109, 120]", "group_pop": 6, "init_part_assignment": 4, "id": 19}, {"graph": null, "nnodes": 6, "nedges": 5, "density": 0.3333333333333333, "atomics": "[98, 75, 110, 85, 86, 87]", "group_pop": 6, "init_part_assignment": 7, "id": 20}, {"graph": null, "nnodes": 6, "nedges": 5, "density": 0.3333333333333333, "atomics": "[67, 68, 103, 79, 56, 91]", "group_pop": 6, "init_part_assignment": 9, "id": 21}, {"graph": null, "nnodes": 6, "nedges": 6, "density": 0.4, "atomics": "[64, 76, 77, 78, 89, 90]", "group_pop": 6, "init_part_assignment": 9, "id": 22}, {"graph": null, "nnodes": 6, "nedges": 6, "density": 0.4, "atomics": "[65, 66, 52, 53, 54, 55]", "group_pop": 6, "init_part_assignment": 3, "id": 23}], "adjacency": [[{"weight": 3, "random_weight": 0.18943025729274177, "id": 1}, {"weight": 2, "random_weight": 0.745367362700522, "id": 5}, {"weight": 3, "random_weight": 0.8700783689580648, "id": 10}, {"weight": 1, "random_weight": 0.9774564160249999, "id": 15}], [{"weight": 3, "random_weight": 0.18943025729274177, "id": 0}, {"weight": 3, "random_weight": 0.7524137415811858, "id": 10}, {"weight": 2, "random_weight": 0.4384439833381433, "id": 15}, {"weight": 2, "random_weight": 0.9989640990737308, "id": 21}], [{"weight": 4, "random_weight": 0.6250145264950223, "id": 3}, {"weight": 2, "random_weight": 0.7485362566791997, "id": 4}, {"weight": 1, "random_weight": 0.2283924634919895, "id": 19}, {"weight": 1, "random_weight": 0.38984852826087213, "id": 20}], [{"weight": 4, "random_weight": 0.6250145264950223, "id": 2}, {"weight": 2, "random_weight": 0.8339740488524945, "id": 4}, {"weight": 4, "random_weight": 0.29378807178499555, "id": 20}, {"weight": 1, "random_weight": 0.2539781495990844, "id": 22}, {"weight": 1, "random_weight": 0.5656621316849207, "id": 23}], [{"weight": 2, "random_weight": 0.7485362566791997, "id": 2}, {"weight": 2, "random_weight": 0.8339740488524945, "id": 3}, {"weight": 4, "random_weight": 0.8918323289816257, "id": 11}, {"weight": 2, "random_weight": 0.5295292503360997, "id": 13}], [{"weight": 2, "random_weight": 0.745367362700522, "id": 0}, {"weight": 3, "random_weight": 0.5315562121724454, "id": 9}], [{"weight": 3, "random_weight": 0.17206998957485886, "id": 7}, {"weight": 2, "random_weight": 0.020914598973290954, "id": 8}, {"weight": 1, "random_weight": 0.35139816394270473, "id": 18}, {"weight": 3, "random_weight": 0.8198409181062029, "id": 19}, {"weight": 1, "random_weight": 0.9644833581893154, "id": 20}], [{"weight": 3, "random_weight": 0.17206998957485886, "id": 6}, {"weight": 4, "random_weight": 0.6427138669597928, "id": 8}, {"weight": 2, "random_weight": 0.8391982075710552, "id": 9}], [{"weight": 2, "random_weight": 0.020914598973290954, "id": 6}, {"weight": 4, "random_weight": 0.6427138669597928, "id": 7}, {"weight": 1, "random_weight": 0.17996375027270584, "id": 9}, {"weight": 4, "random_weight": 0.7226141925381215, "id": 18}, {"weight": 1, "random_weight": 0.9870715061145303, "id": 21}], [{"weight": 3, "random_weight": 0.5315562121724454, "id": 5}, {"weight": 2, "random_weight": 0.8391982075710552, "id": 7}, {"weight": 1, "random_weight": 0.17996375027270584, "id": 8}, {"weight": 2, "random_weight": 0.03567756749821205, "id": 10}], [{"weight": 3, "random_weight": 0.8700783689580648, "id": 0}, {"weight": 3, "random_weight": 0.7524137415811858, "id": 1}, {"weight": 2, "random_weight": 0.03567756749821205, "id": 9}, {"weight": 4, "random_weight": 0.5661828020954991, "id": 21}], [{"weight": 4, "random_weight": 0.8918323289816257, "id": 4}, {"weight": 3, "random_weight": 0.026447578316484477, "id": 12}, {"weight": 1, "random_weight": 0.99677769030989, "id": 13}], [{"weight": 3, "random_weight": 0.026447578316484477, "id": 11}, {"weight": 4, "random_weight": 0.8570343905927652, "id": 13}, {"weight": 1, "random_weight": 0.6602387570359786, "id": 14}], [{"weight": 2, "random_weight": 0.5295292503360997, "id": 4}, {"weight": 1, "random_weight": 0.99677769030989, "id": 11}, {"weight": 4, "random_weight": 0.8570343905927652, "id": 12}, {"weight": 1, "random_weight": 0.5314552142999589, "id": 14}, {"weight": 2, "random_weight": 0.6116427439678418, "id": 17}, {"weight": 2, "random_weight": 0.8787425845455256, "id": 23}], [{"weight": 1, "random_weight": 0.6602387570359786, "id": 12}, {"weight": 1, "random_weight": 0.5314552142999589, "id": 13}, {"weight": 2, "random_weight": 0.2639080984103602, "id": 16}, {"weight": 3, "random_weight": 0.20939967027616757, "id": 17}], [{"weight": 1, "random_weight": 0.9774564160249999, "id": 0}, {"weight": 2, "random_weight": 0.4384439833381433, "id": 1}, {"weight": 3, "random_weight": 0.8662226409145737, "id": 16}, {"weight": 2, "random_weight": 0.8178095426814184, "id": 17}], [{"weight": 2, "random_weight": 0.2639080984103602, "id": 14}, {"weight": 3, "random_weight": 0.8662226409145737, "id": 15}], [{"weight": 2, "random_weight": 0.6116427439678418, "id": 13}, {"weight": 3, "random_weight": 0.20939967027616757, "id": 14}, {"weight": 2, "random_weight": 0.8178095426814184, "id": 15}, {"weight": 1, "random_weight": 0.8873291059996136, "id": 21}, {"weight": 2, "random_weight": 0.5029901191772334, "id": 23}], [{"weight": 1, "random_weight": 0.35139816394270473, "id": 6}, {"weight": 4, "random_weight": 0.7226141925381215, "id": 8}, {"weight": 4, "random_weight": 0.5314920301881203, "id": 20}, {"weight": 1, "random_weight": 0.740176675410944, "id": 21}, {"weight": 4, "random_weight": 0.6877699700923094, "id": 22}], [{"weight": 1, "random_weight": 0.2283924634919895, "id": 2}, {"weight": 3, "random_weight": 0.8198409181062029, "id": 6}, {"weight": 3, "random_weight": 0.4642546645671195, "id": 20}], [{"weight": 1, "random_weight": 0.38984852826087213, "id": 2}, {"weight": 4, "random_weight": 0.29378807178499555, "id": 3}, {"weight": 1, "random_weight": 0.9644833581893154, "id": 6}, {"weight": 4, "random_weight": 0.5314920301881203, "id": 18}, {"weight": 3, "random_weight": 0.4642546645671195, "id": 19}, {"weight": 1, "random_weight": 0.6116250286221736, "id": 22}], [{"weight": 2, "random_weight": 0.9989640990737308, "id": 1}, {"weight": 1, "random_weight": 0.9870715061145303, "id": 8}, {"weight": 4, "random_weight": 0.5661828020954991, "id": 10}, {"weight": 1, "random_weight": 0.8873291059996136, "id": 17}, {"weight": 1, "random_weight": 0.740176675410944, "id": 18}, {"weight": 2, "random_weight": 0.04223216387445872, "id": 22}, {"weight": 3, "random_weight": 0.3673177172067251, "id": 23}], [{"weight": 1, "random_weight": 0.2539781495990844, "id": 3}, {"weight": 4, "random_weight": 0.6877699700923094, "id": 18}, {"weight": 1, "random_weight": 0.6116250286221736, "id": 20}, {"weight": 2, "random_weight": 0.04223216387445872, "id": 21}, {"weight": 4, "random_weight": 0.770456240140798, "id": 23}], [{"weight": 1, "random_weight": 0.5656621316849207, "id": 3}, {"weight": 2, "random_weight": 0.8787425845455256, "id": 13}, {"weight": 2, "random_weight": 0.5029901191772334, "id": 17}, {"weight": 3, "random_weight": 0.3673177172067251, "id": 21}, {"weight": 4, "random_weight": 0.770456240140798, "id": 22}]]}