{"directed": false, "multigraph": false, "graph": [], "nodes": [{"graph": null, "nnodes": 6, "nedges": 7, "density": 0.4666666666666667, "atomics": "[70, 71, 82, 83, 94, 95]", "group_pop": 6, "init_part_assignment": 11, "id": 0}, {"graph": null, "nnodes": 6, "nedges": 7, "density": 0.4666666666666667, "atomics": "[34, 35, 46, 47, 58, 59]", "group_pop": 6, "init_part_assignment": 4, "id": 1}, {"graph": null, "nnodes": 6, "nedges": 6, "density": 0.4, "atomics": "[130, 131, 107, 142, 143, 119]", "group_pop": 6, "init_part_assignment": 8, "id": 2}, {"graph": null, "nnodes": 6, "nedges": 5, "density": 0.3333333333333333, "atomics": "[74, 48, 60, 61, 62, 63]", "group_pop": 6, "init_part_assignment": 2, "id": 3}, {"graph": null, "nnodes": 6, "nedges": 7, "density": 0.4666666666666667, "atomics": "[37, 38, 39, 49, 50, 51]", "group_pop": 6, "init_part_assignment": 1, "id": 4}, {"graph": null, "nnodes": 6, "nedges": 6, "density": 0.4, "atomics": "[105, 106, 117, 118, 92, 93]", "group_pop": 6, "init_part_assignment": 10, "id": 5}, {"graph": null, "nnodes": 6, "nedges": 5, "density": 0.3333333333333333, "atomics": "[133, 134, 135, 136, 137, 125]", "group_pop": 6, "init_part_assignment": 5, "id": 6}, {"graph": null, "nnodes": 6, "nedges": 7, "density": 0.4666666666666667, "atomics": "[128, 129, 139, 140, 141, 127]", "group_pop": 6, "init_part_assignment": 8, "id": 7}, {"graph": null, "nnodes": 6, "nedges": 6, "density": 0.4, "atomics": "[0, 1, 36, 12, 13, 24]", "group_pop": 6, "init_part_assignment": 0, "id": 8}, {"graph": null, "nnodes": 6, "nedges": 5, "density": 0.3333333333333333, "atomics": "[40, 52, 25, 26, 27, 28]", "group_pop": 6, "init_part_assignment": 1, "id": 9}, {"graph": null, "nnodes": 6, "nedges": 7, "density": 0.4666666666666667, "atomics": "[2, 3, 4, 14, 15, 16]", "group_pop": 6, "init_part_assignment": 0, "id": 10}, {"graph": null, "nnodes": 6, "nedges": 7, "density": 0.4666666666666667, "atomics": "[5, 6, 7, 17, 18, 19]", "group_pop": 6, "init_part_assignment": 6, "id": 11}, {"graph": null, "nnodes": 6, "nedges": 7, "density": 0.4666666666666667, "atomics": "[9, 10, 11, 21, 22, 23]", "group_pop": 6, "init_part_assignment": 4, "id": 12}, {"graph": null, "nnodes": 6, "nedges": 5, "density": 0.3333333333333333, "atomics": "[32, 33, 8, 45, 20, 31]", "group_pop": 6, "init_part_assignment": 6, "id": 13}, {"graph": null, "nnodes": 6, "nedges": 6, "density": 0.4, "atomics": "[41, 42, 43, 44, 29, 30]", "group_pop": 6, "init_part_assignment": 9, "id": 14}, {"graph": null, "nnodes": 6, "nedges": 5, "density": 0.3333333333333333, "atomics": "[100, 112, 113, 87, 88, 124]", "group_pop": 6, "init_part_assignment": 7, "id": 15}, {"graph": null, "nnodes": 6, "nedges": 5, "density": 0.3333333333333333, "atomics": "[132, 111, 120, 121, 122, 123]", "group_pop": 6, "init_part_assignment": 5, "id": 16}, {"graph": null, "nnodes": 6, "nedges": 5, "density": 0.3333333333333333, "atomics": "[104, 138, 114, 115, 116, 126]", "group_pop": 6, "init_part_assignment": 10, "id": 17}, {"graph": null, "nnodes": 6, "nedges": 6, "density": 0.4, "atomics": "[96, 72, 73, 108, 84, 85]", "group_pop": 6, "init_part_assignment": 3, "id": 18}, {"graph": null, "nnodes": 6, "nedges": 6, "density": 0.4, "atomics": "[97, 98, 99, 109, 110, 86]", "group_pop": 6, "init_part_assignment": 3, "id": 19}, {"graph": null, "nnodes": 6, "nedges": 7, "density": 0.4666666666666667, "atomics": "[68, 69, 80, 81, 56, 57]", "group_pop": 6, "init_part_assignment": 11, "id": 20}, {"graph": null, "nnodes": 6, "nedges": 7, "density": 0.4666666666666667, "atomics": "[101, 102, 103, 89, 90, 91]", "group_pop": 6, "init_part_assignment": 7, "id": 21}, {"graph": null, "nnodes": 6, "nedges": 6, "density": 0.4, "atomics": "[66, 67, 79, 53, 54, 55]", "group_pop": 6, "init_part_assignment": 9, "id": 22}, {"graph": null, "nnodes": 6, "nedges": 6, "density": 0.4, "atomics": "[64, 65, 75, 76, 77, 78]", "group_pop": 6, "init_part_assignment": 2, "id": 23}], "adjacency": [[{"weight": 2, "random_weight": 0.8535760494121003, "id": 1}, {"weight": 1, "random_weight": 0.7621342568892128, "id": 2}, {"weight": 2, "random_weight": 0.6559440286205757, "id": 5}, {"weight": 2, "random_weight": 0.29590494851507976, "id": 20}], [{"weight": 2, "random_weight": 0.8535760494121003, "id": 0}, {"weight": 2, "random_weight": 0.33266160895804386, "id": 12}, {"weight": 2, "random_weight": 0.045674345533159966, "id": 13}, {"weight": 1, "random_weight": 0.8412022993380154, "id": 20}], [{"weight": 1, "random_weight": 0.7621342568892128, "id": 0}, {"weight": 3, "random_weight": 0.9838924567491679, "id": 5}, {"weight": 2, "random_weight": 0.4265170862555382, "id": 7}], [{"weight": 4, "random_weight": 0.30081733415326617, "id": 4}, {"weight": 1, "random_weight": 0.6217060849133373, "id": 8}, {"weight": 3, "random_weight": 0.6432919364962836, "id": 18}, {"weight": 1, "random_weight": 0.7737883397635162, "id": 19}, {"weight": 3, "random_weight": 0.5151640912340246, "id": 23}], [{"weight": 4, "random_weight": 0.30081733415326617, "id": 3}, {"weight": 1, "random_weight": 0.47156934594874556, "id": 8}, {"weight": 5, "random_weight": 0.17519966367617057, "id": 9}], [{"weight": 2, "random_weight": 0.6559440286205757, "id": 0}, {"weight": 3, "random_weight": 0.9838924567491679, "id": 2}, {"weight": 1, "random_weight": 0.6046194031980363, "id": 7}, {"weight": 3, "random_weight": 0.8883245371210573, "id": 17}, {"weight": 2, "random_weight": 0.7644387046110867, "id": 20}, {"weight": 1, "random_weight": 0.6927032151457209, "id": 21}], [{"weight": 3, "random_weight": 0.5731874716570349, "id": 15}, {"weight": 4, "random_weight": 0.03738595584201998, "id": 16}, {"weight": 2, "random_weight": 0.8790644241781332, "id": 17}], [{"weight": 2, "random_weight": 0.4265170862555382, "id": 2}, {"weight": 1, "random_weight": 0.6046194031980363, "id": 5}, {"weight": 4, "random_weight": 0.5008139087224751, "id": 17}], [{"weight": 1, "random_weight": 0.6217060849133373, "id": 3}, {"weight": 1, "random_weight": 0.47156934594874556, "id": 4}, {"weight": 2, "random_weight": 0.9536491536021544, "id": 9}, {"weight": 2, "random_weight": 0.5135453193783839, "id": 10}], [{"weight": 5, "random_weight": 0.17519966367617057, "id": 4}, {"weight": 2, "random_weight": 0.9536491536021544, "id": 8}, {"weight": 3, "random_weight": 0.9370517571795706, "id": 10}, {"weight": 2, "random_weight": 0.319526355677374, "id": 14}, {"weight": 1, "random_weight": 0.7266252198948928, "id": 22}, {"weight": 1, "random_weight": 0.7035838159678321, "id": 23}], [{"weight": 2, "random_weight": 0.5135453193783839, "id": 8}, {"weight": 3, "random_weight": 0.9370517571795706, "id": 9}, {"weight": 2, "random_weight": 0.5341741395265031, "id": 11}], [{"weight": 2, "random_weight": 0.5341741395265031, "id": 10}, {"weight": 3, "random_weight": 0.12977209669401824, "id": 13}, {"weight": 2, "random_weight": 0.9920113821811619, "id": 14}], [{"weight": 2, "random_weight": 0.33266160895804386, "id": 1}, {"weight": 3, "random_weight": 0.35310247873450606, "id": 13}], [{"weight": 2, "random_weight": 0.045674345533159966, "id": 1}, {"weight": 3, "random_weight": 0.12977209669401824, "id": 11}, {"weight": 3, "random_weight": 0.35310247873450606, "id": 12}, {"weight": 4, "random_weight": 0.8827349057288999, "id": 14}, {"weight": 1, "random_weight": 0.2788992429079884, "id": 20}], [{"weight": 2, "random_weight": 0.319526355677374, "id": 9}, {"weight": 2, "random_weight": 0.9920113821811619, "id": 11}, {"weight": 4, "random_weight": 0.8827349057288999, "id": 13}, {"weight": 1, "random_weight": 0.5763702999009266, "id": 20}, {"weight": 3, "random_weight": 0.21178939670682118, "id": 22}], [{"weight": 3, "random_weight": 0.5731874716570349, "id": 6}, {"weight": 2, "random_weight": 0.2559159627110019, "id": 16}, {"weight": 1, "random_weight": 0.6577040282431558, "id": 17}, {"weight": 3, "random_weight": 0.8341296628312304, "id": 19}, {"weight": 3, "random_weight": 0.05036660691323147, "id": 21}, {"weight": 2, "random_weight": 0.47990412367967694, "id": 23}], [{"weight": 4, "random_weight": 0.03738595584201998, "id": 6}, {"weight": 2, "random_weight": 0.2559159627110019, "id": 15}, {"weight": 1, "random_weight": 0.9401450522488495, "id": 18}, {"weight": 4, "random_weight": 0.6185385988780551, "id": 19}], [{"weight": 3, "random_weight": 0.8883245371210573, "id": 5}, {"weight": 2, "random_weight": 0.8790644241781332, "id": 6}, {"weight": 4, "random_weight": 0.5008139087224751, "id": 7}, {"weight": 1, "random_weight": 0.6577040282431558, "id": 15}, {"weight": 3, "random_weight": 0.3305213511423324, "id": 21}], [{"weight": 3, "random_weight": 0.6432919364962836, "id": 3}, {"weight": 1, "random_weight": 0.9401450522488495, "id": 16}, {"weight": 4, "random_weight": 0.5637252378039834, "id": 19}], [{"weight": 1, "random_weight": 0.7737883397635162, "id": 3}, {"weight": 3, "random_weight": 0.8341296628312304, "id": 15}, {"weight": 4, "random_weight": 0.6185385988780551, "id": 16}, {"weight": 4, "random_weight": 0.5637252378039834, "id": 18}], [{"weight": 2, "random_weight": 0.29590494851507976, "id": 0}, {"weight": 1, "random_weight": 0.8412022993380154, "id": 1}, {"weight": 2, "random_weight": 0.7644387046110867, "id": 5}, {"weight": 1, "random_weight": 0.2788992429079884, "id": 13}, {"weight": 1, "random_weight": 0.5763702999009266, "id": 14}, {"weight": 3, "random_weight": 0.4215127485505088, "id": 22}], [{"weight": 1, "random_weight": 0.6927032151457209, "id": 5}, {"weight": 3, "random_weight": 0.05036660691323147, "id": 15}, {"weight": 3, "random_weight": 0.3305213511423324, "id": 17}, {"weight": 1, "random_weight": 0.9011477609493562, "id": 22}, {"weight": 2, "random_weight": 0.38354151064103337, "id": 23}], [{"weight": 1, "random_weight": 0.7266252198948928, "id": 9}, {"weight": 3, "random_weight": 0.21178939670682118, "id": 14}, {"weight": 3, "random_weight": 0.4215127485505088, "id": 20}, {"weight": 1, "random_weight": 0.9011477609493562, "id": 21}, {"weight": 4, "random_weight": 0.5146271902453229, "id": 23}], [{"weight": 3, "random_weight": 0.5151640912340246, "id": 3}, {"weight": 1, "random_weight": 0.7035838159678321, "id": 9}, {"weight": 2, "random_weight": 0.47990412367967694, "id": 15}, {"weight": 2, "random_weight": 0.38354151064103337, "id": 21}, {"weight": 4, "random_weight": 0.5146271902453229, "id": 22}]]}