{"directed": false, "multigraph": false, "graph": [], "nodes": [{"graph": null, "nnodes": 6, "nedges": 6, "density": 0.4, "atomics": "[70, 82, 83, 93, 94, 95]", "group_pop": 6, "init_part_assignment": 7, "id": 0}, {"graph": null, "nnodes": 6, "nedges": 5, "density": 0.3333333333333333, "atomics": "[35, 71, 11, 47, 23, 59]", "group_pop": 6, "init_part_assignment": 5, "id": 1}, {"graph": null, "nnodes": 6, "nedges": 5, "density": 0.3333333333333333, "atomics": "[69, 43, 55, 56, 57, 58]", "group_pop": 6, "init_part_assignment": 10, "id": 2}, {"graph": null, "nnodes": 6, "nedges": 7, "density": 0.4666666666666667, "atomics": "[130, 131, 106, 107, 118, 119]", "group_pop": 6, "init_part_assignment": 7, "id": 3}, {"graph": null, "nnodes": 6, "nedges": 5, "density": 0.3333333333333333, "atomics": "[36, 48, 49, 50, 51, 62]", "group_pop": 6, "init_part_assignment": 8, "id": 4}, {"graph": null, "nnodes": 6, "nedges": 6, "density": 0.4, "atomics": "[37, 38, 39, 24, 25, 26]", "group_pop": 6, "init_part_assignment": 8, "id": 5}, {"graph": null, "nnodes": 6, "nedges": 5, "density": 0.3333333333333333, "atomics": "[98, 73, 74, 86, 87, 61]", "group_pop": 6, "init_part_assignment": 9, "id": 6}, {"graph": null, "nnodes": 6, "nedges": 6, "density": 0.4, "atomics": "[128, 129, 140, 141, 142, 143]", "group_pop": 6, "init_part_assignment": 4, "id": 7}, {"graph": null, "nnodes": 6, "nedges": 7, "density": 0.4666666666666667, "atomics": "[132, 133, 108, 109, 120, 121]", "group_pop": 6, "init_part_assignment": 2, "id": 8}, {"graph": null, "nnodes": 6, "nedges": 7, "density": 0.4666666666666667, "atomics": "[134, 135, 110, 111, 122, 123]", "group_pop": 6, "init_part_assignment": 2, "id": 9}, {"graph": null, "nnodes": 6, "nedges": 6, "density": 0.4, "atomics": "[136, 137, 138, 139, 124, 125]", "group_pop": 6, "init_part_assignment": 4, "id": 10}, {"graph": null, "nnodes": 6, "nedges": 5, "density": 0.3333333333333333, "atomics": "[102, 103, 115, 116, 117, 91]", "group_pop": 6, "init_part_assignment": 0, "id": 11}, {"graph": null, "nnodes": 6, "nedges": 5, "density": 0.3333333333333333, "atomics": "[68, 104, 105, 80, 81, 92]", "group_pop": 6, "init_part_assignment": 10, "id": 12}, {"graph": null, "nnodes": 6, "nedges": 7, "density": 0.4666666666666667, "atomics": "[0, 1, 2, 12, 13, 14]", "group_pop": 6, "init_part_assignment": 6, "id": 13}, {"graph": null, "nnodes": 6, "nedges": 6, "density": 0.4, "atomics": "[3, 4, 5, 15, 16, 27]", "group_pop": 6, "init_part_assignment": 6, "id": 14}, {"graph": null, "nnodes": 6, "nedges": 6, "density": 0.4, "atomics": "[6, 7, 8, 17, 18, 19]", "group_pop": 6, "init_part_assignment": 3, "id": 15}, {"graph": null, "nnodes": 6, "nedges": 6, "density": 0.4, "atomics": "[34, 9, 10, 20, 21, 22]", "group_pop": 6, "init_part_assignment": 5, "id": 16}, {"graph": null, "nnodes": 6, "nedges": 7, "density": 0.4666666666666667, "atomics": "[40, 41, 42, 28, 29, 30]", "group_pop": 6, "init_part_assignment": 1, "id": 17}, {"graph": null, "nnodes": 6, "nedges": 6, "density": 0.4, "atomics": "[32, 33, 44, 45, 46, 31]", "group_pop": 6, "init_part_assignment": 3, "id": 18}, {"graph": null, "nnodes": 6, "nedges": 5, "density": 0.3333333333333333, "atomics": "[101, 112, 113, 114, 126, 127]", "group_pop": 6, "init_part_assignment": 0, "id": 19}, {"graph": null, "nnodes": 6, "nedges": 5, "density": 0.3333333333333333, "atomics": "[99, 100, 76, 88, 89, 90]", "group_pop": 6, "init_part_assignment": 11, "id": 20}, {"graph": null, "nnodes": 6, "nedges": 6, "density": 0.4, "atomics": "[96, 97, 72, 84, 85, 60]", "group_pop": 6, "init_part_assignment": 9, "id": 21}, {"graph": null, "nnodes": 6, "nedges": 5, "density": 0.3333333333333333, "atomics": "[64, 75, 52, 53, 54, 63]", "group_pop": 6, "init_part_assignment": 1, "id": 22}, {"graph": null, "nnodes": 6, "nedges": 7, "density": 0.4666666666666667, "atomics": "[65, 66, 67, 77, 78, 79]", "group_pop": 6, "init_part_assignment": 11, "id": 23}], "adjacency": [[{"weight": 2, "random_weight": 0.8108634170952017, "id": 1}, {"weight": 2, "random_weight": 0.8718485372463448, "id": 2}, {"weight": 2, "random_weight": 0.3773018020496386, "id": 3}, {"weight": 4, "random_weight": 0.03362974796750473, "id": 12}], [{"weight": 2, "random_weight": 0.8108634170952017, "id": 0}, {"weight": 1, "random_weight": 0.5983446363210975, "id": 2}, {"weight": 3, "random_weight": 0.8683308109905117, "id": 16}, {"weight": 1, "random_weight": 0.40916122702386215, "id": 18}], [{"weight": 2, "random_weight": 0.8718485372463448, "id": 0}, {"weight": 1, "random_weight": 0.5983446363210975, "id": 1}, {"weight": 3, "random_weight": 0.7652990067604122, "id": 12}, {"weight": 1, "random_weight": 0.21680236809912212, "id": 17}, {"weight": 5, "random_weight": 0.8011459920773077, "id": 18}, {"weight": 1, "random_weight": 0.9630976384945321, "id": 22}, {"weight": 1, "random_weight": 0.91791705521947, "id": 23}], [{"weight": 2, "random_weight": 0.3773018020496386, "id": 0}, {"weight": 3, "random_weight": 0.6775702213955608, "id": 7}, {"weight": 1, "random_weight": 0.5386803464880545, "id": 11}, {"weight": 1, "random_weight": 0.6017010951873817, "id": 12}], [{"weight": 5, "random_weight": 0.898796260110638, "id": 5}, {"weight": 3, "random_weight": 0.006375066479029745, "id": 6}, {"weight": 1, "random_weight": 0.3579231559563111, "id": 21}, {"weight": 3, "random_weight": 0.5810672292639976, "id": 22}], [{"weight": 5, "random_weight": 0.898796260110638, "id": 4}, {"weight": 3, "random_weight": 0.7490549961623819, "id": 13}, {"weight": 2, "random_weight": 0.9431791469298848, "id": 14}, {"weight": 1, "random_weight": 0.8958884536424515, "id": 17}], [{"weight": 3, "random_weight": 0.006375066479029745, "id": 4}, {"weight": 1, "random_weight": 0.5592886205001291, "id": 9}, {"weight": 3, "random_weight": 0.38946881008444956, "id": 20}, {"weight": 5, "random_weight": 0.22153642081121216, "id": 21}, {"weight": 2, "random_weight": 0.5343108648152196, "id": 22}], [{"weight": 3, "random_weight": 0.6775702213955608, "id": 3}, {"weight": 1, "random_weight": 0.8556161690960963, "id": 10}, {"weight": 2, "random_weight": 0.7826764243377412, "id": 11}, {"weight": 1, "random_weight": 0.6800771615780086, "id": 19}], [{"weight": 3, "random_weight": 0.17799994198686364, "id": 9}, {"weight": 2, "random_weight": 0.9113693227320293, "id": 21}], [{"weight": 1, "random_weight": 0.5592886205001291, "id": 6}, {"weight": 3, "random_weight": 0.17799994198686364, "id": 8}, {"weight": 2, "random_weight": 0.7794606015254572, "id": 10}, {"weight": 1, "random_weight": 0.15051109934690643, "id": 19}, {"weight": 1, "random_weight": 0.20259513165919485, "id": 20}], [{"weight": 1, "random_weight": 0.8556161690960963, "id": 7}, {"weight": 2, "random_weight": 0.7794606015254572, "id": 9}, {"weight": 5, "random_weight": 0.8224153764969337, "id": 19}], [{"weight": 1, "random_weight": 0.5386803464880545, "id": 3}, {"weight": 2, "random_weight": 0.7826764243377412, "id": 7}, {"weight": 4, "random_weight": 0.6819543247518781, "id": 12}, {"weight": 4, "random_weight": 0.28553722704311013, "id": 19}, {"weight": 2, "random_weight": 0.5282580921681519, "id": 20}, {"weight": 1, "random_weight": 0.359898342115193, "id": 23}], [{"weight": 4, "random_weight": 0.03362974796750473, "id": 0}, {"weight": 3, "random_weight": 0.7652990067604122, "id": 2}, {"weight": 1, "random_weight": 0.6017010951873817, "id": 3}, {"weight": 4, "random_weight": 0.6819543247518781, "id": 11}, {"weight": 2, "random_weight": 0.728277450452536, "id": 23}], [{"weight": 3, "random_weight": 0.7490549961623819, "id": 5}, {"weight": 2, "random_weight": 0.27210819174006795, "id": 14}], [{"weight": 2, "random_weight": 0.9431791469298848, "id": 5}, {"weight": 2, "random_weight": 0.27210819174006795, "id": 13}, {"weight": 3, "random_weight": 0.7706685192394968, "id": 15}, {"weight": 2, "random_weight": 0.636655379618515, "id": 17}], [{"weight": 3, "random_weight": 0.7706685192394968, "id": 14}, {"weight": 3, "random_weight": 0.745354425187397, "id": 16}, {"weight": 2, "random_weight": 0.267173447892892, "id": 17}, {"weight": 1, "random_weight": 0.27634554760031904, "id": 18}], [{"weight": 3, "random_weight": 0.8683308109905117, "id": 1}, {"weight": 3, "random_weight": 0.745354425187397, "id": 15}, {"weight": 4, "random_weight": 0.9678983367802282, "id": 18}], [{"weight": 1, "random_weight": 0.21680236809912212, "id": 2}, {"weight": 1, "random_weight": 0.8958884536424515, "id": 5}, {"weight": 2, "random_weight": 0.636655379618515, "id": 14}, {"weight": 2, "random_weight": 0.267173447892892, "id": 15}, {"weight": 1, "random_weight": 0.45706183543286805, "id": 18}, {"weight": 3, "random_weight": 0.4346517955206003, "id": 22}], [{"weight": 1, "random_weight": 0.40916122702386215, "id": 1}, {"weight": 5, "random_weight": 0.8011459920773077, "id": 2}, {"weight": 1, "random_weight": 0.27634554760031904, "id": 15}, {"weight": 4, "random_weight": 0.9678983367802282, "id": 16}, {"weight": 1, "random_weight": 0.45706183543286805, "id": 17}], [{"weight": 1, "random_weight": 0.6800771615780086, "id": 7}, {"weight": 1, "random_weight": 0.15051109934690643, "id": 9}, {"weight": 5, "random_weight": 0.8224153764969337, "id": 10}, {"weight": 4, "random_weight": 0.28553722704311013, "id": 11}, {"weight": 3, "random_weight": 0.9864715847700145, "id": 20}], [{"weight": 3, "random_weight": 0.38946881008444956, "id": 6}, {"weight": 1, "random_weight": 0.20259513165919485, "id": 9}, {"weight": 2, "random_weight": 0.5282580921681519, "id": 11}, {"weight": 3, "random_weight": 0.9864715847700145, "id": 19}, {"weight": 2, "random_weight": 0.7167206039430822, "id": 22}, {"weight": 3, "random_weight": 0.7455507312875377, "id": 23}], [{"weight": 1, "random_weight": 0.3579231559563111, "id": 4}, {"weight": 5, "random_weight": 0.22153642081121216, "id": 6}, {"weight": 2, "random_weight": 0.9113693227320293, "id": 8}], [{"weight": 1, "random_weight": 0.9630976384945321, "id": 2}, {"weight": 3, "random_weight": 0.5810672292639976, "id": 4}, {"weight": 2, "random_weight": 0.5343108648152196, "id": 6}, {"weight": 3, "random_weight": 0.4346517955206003, "id": 17}, {"weight": 2, "random_weight": 0.7167206039430822, "id": 20}, {"weight": 3, "random_weight": 0.7031520180409491, "id": 23}], [{"weight": 1, "random_weight": 0.91791705521947, "id": 2}, {"weight": 1, "random_weight": 0.359898342115193, "id": 11}, {"weight": 2, "random_weight": 0.728277450452536, "id": 12}, {"weight": 3, "random_weight": 0.7455507312875377, "id": 20}, {"weight": 3, "random_weight": 0.7031520180409491, "id": 22}]]}