{"directed": false, "multigraph": false, "graph": [], "nodes": [{"graph": null, "nnodes": 6, "nedges": 6, "density": 0.4, "atomics": "[69, 70, 71, 82, 83, 58]", "group_pop": 6, "init_part_assignment": 1, "id": 0}, {"graph": null, "nnodes": 6, "nedges": 5, "density": 0.3333333333333333, "atomics": "[35, 11, 46, 47, 23, 59]", "group_pop": 6, "init_part_assignment": 1, "id": 1}, {"graph": null, "nnodes": 6, "nedges": 6, "density": 0.4, "atomics": "[106, 107, 92, 93, 94, 95]", "group_pop": 6, "init_part_assignment": 2, "id": 2}, {"graph": null, "nnodes": 6, "nedges": 7, "density": 0.4666666666666667, "atomics": "[36, 37, 38, 48, 49, 50]", "group_pop": 6, "init_part_assignment": 10, "id": 3}, {"graph": null, "nnodes": 6, "nedges": 5, "density": 0.3333333333333333, "atomics": "[39, 51, 52, 61, 62, 63]", "group_pop": 6, "init_part_assignment": 11, "id": 4}, {"graph": null, "nnodes": 6, "nedges": 7, "density": 0.4666666666666667, "atomics": "[130, 131, 142, 143, 118, 119]", "group_pop": 6, "init_part_assignment": 2, "id": 5}, {"graph": null, "nnodes": 6, "nedges": 5, "density": 0.3333333333333333, "atomics": "[133, 134, 135, 136, 111, 123]", "group_pop": 6, "init_part_assignment": 4, "id": 6}, {"graph": null, "nnodes": 6, "nedges": 6, "density": 0.4, "atomics": "[137, 138, 112, 124, 125, 126]", "group_pop": 6, "init_part_assignment": 5, "id": 7}, {"graph": null, "nnodes": 6, "nedges": 7, "density": 0.4666666666666667, "atomics": "[128, 129, 139, 140, 141, 127]", "group_pop": 6, "init_part_assignment": 0, "id": 8}, {"graph": null, "nnodes": 6, "nedges": 7, "density": 0.4666666666666667, "atomics": "[103, 104, 105, 115, 116, 117]", "group_pop": 6, "init_part_assignment": 0, "id": 9}, {"graph": null, "nnodes": 6, "nedges": 7, "density": 0.4666666666666667, "atomics": "[0, 1, 12, 13, 24, 25]", "group_pop": 6, "init_part_assignment": 6, "id": 10}, {"graph": null, "nnodes": 6, "nedges": 6, "density": 0.4, "atomics": "[4, 5, 6, 7, 16, 17]", "group_pop": 6, "init_part_assignment": 8, "id": 11}, {"graph": null, "nnodes": 6, "nedges": 6, "density": 0.4, "atomics": "[40, 41, 18, 28, 29, 30]", "group_pop": 6, "init_part_assignment": 9, "id": 12}, {"graph": null, "nnodes": 6, "nedges": 7, "density": 0.4666666666666667, "atomics": "[2, 3, 14, 15, 26, 27]", "group_pop": 6, "init_part_assignment": 6, "id": 13}, {"graph": null, "nnodes": 6, "nedges": 6, "density": 0.4, "atomics": "[34, 8, 9, 10, 21, 22]", "group_pop": 6, "init_part_assignment": 8, "id": 14}, {"graph": null, "nnodes": 6, "nedges": 6, "density": 0.4, "atomics": "[32, 33, 44, 19, 20, 31]", "group_pop": 6, "init_part_assignment": 9, "id": 15}, {"graph": null, "nnodes": 6, "nedges": 6, "density": 0.4, "atomics": "[100, 75, 76, 77, 87, 88]", "group_pop": 6, "init_part_assignment": 7, "id": 16}, {"graph": null, "nnodes": 6, "nedges": 5, "density": 0.3333333333333333, "atomics": "[96, 132, 108, 120, 121, 122]", "group_pop": 6, "init_part_assignment": 4, "id": 17}, {"graph": null, "nnodes": 6, "nedges": 7, "density": 0.4666666666666667, "atomics": "[101, 102, 113, 114, 89, 90]", "group_pop": 6, "init_part_assignment": 5, "id": 18}, {"graph": null, "nnodes": 6, "nedges": 5, "density": 0.3333333333333333, "atomics": "[98, 99, 74, 109, 110, 86]", "group_pop": 6, "init_part_assignment": 7, "id": 19}, {"graph": null, "nnodes": 6, "nedges": 5, "density": 0.3333333333333333, "atomics": "[68, 78, 79, 80, 81, 91]", "group_pop": 6, "init_part_assignment": 3, "id": 20}, {"graph": null, "nnodes": 6, "nedges": 5, "density": 0.3333333333333333, "atomics": "[67, 43, 45, 55, 56, 57]", "group_pop": 6, "init_part_assignment": 3, "id": 21}, {"graph": null, "nnodes": 6, "nedges": 6, "density": 0.4, "atomics": "[97, 72, 73, 84, 85, 60]", "group_pop": 6, "init_part_assignment": 10, "id": 22}, {"graph": null, "nnodes": 6, "nedges": 6, "density": 0.4, "atomics": "[64, 65, 66, 42, 53, 54]", "group_pop": 6, "init_part_assignment": 11, "id": 23}], "adjacency": [[{"weight": 3, "random_weight": 0.3521614277718733, "id": 1}, {"weight": 2, "random_weight": 0.29869920386364546, "id": 2}, {"weight": 3, "random_weight": 0.8057645077096738, "id": 20}, {"weight": 2, "random_weight": 0.907421819729491, "id": 21}], [{"weight": 3, "random_weight": 0.3521614277718733, "id": 0}, {"weight": 4, "random_weight": 0.9180376828623243, "id": 14}, {"weight": 1, "random_weight": 0.6586141058590133, "id": 21}], [{"weight": 2, "random_weight": 0.29869920386364546, "id": 0}, {"weight": 2, "random_weight": 0.09959420387551554, "id": 5}, {"weight": 3, "random_weight": 0.8814878105658709, "id": 9}, {"weight": 3, "random_weight": 0.5215494048998532, "id": 20}], [{"weight": 4, "random_weight": 0.7127072005806371, "id": 4}, {"weight": 2, "random_weight": 0.5224716199932306, "id": 10}, {"weight": 1, "random_weight": 0.4495724895018057, "id": 13}, {"weight": 1, "random_weight": 0.17765182229650522, "id": 22}], [{"weight": 4, "random_weight": 0.7127072005806371, "id": 3}, {"weight": 2, "random_weight": 0.33595755205574396, "id": 12}, {"weight": 1, "random_weight": 0.8132760624347528, "id": 13}, {"weight": 1, "random_weight": 0.38268516216134585, "id": 16}, {"weight": 1, "random_weight": 0.9954118475763537, "id": 19}, {"weight": 2, "random_weight": 0.9467828687285023, "id": 22}, {"weight": 3, "random_weight": 0.06348487106707246, "id": 23}], [{"weight": 2, "random_weight": 0.09959420387551554, "id": 2}, {"weight": 2, "random_weight": 0.29795502402400653, "id": 8}, {"weight": 1, "random_weight": 0.1035941838537956, "id": 9}], [{"weight": 4, "random_weight": 0.9859412792190966, "id": 7}, {"weight": 4, "random_weight": 0.5414742832461267, "id": 17}, {"weight": 2, "random_weight": 0.7383247353633601, "id": 19}], [{"weight": 4, "random_weight": 0.9859412792190966, "id": 6}, {"weight": 2, "random_weight": 0.6701972668966417, "id": 8}, {"weight": 1, "random_weight": 0.5971778934989498, "id": 16}, {"weight": 3, "random_weight": 0.7170438542780536, "id": 18}], [{"weight": 2, "random_weight": 0.29795502402400653, "id": 5}, {"weight": 2, "random_weight": 0.6701972668966417, "id": 7}, {"weight": 3, "random_weight": 0.040696619380305665, "id": 9}], [{"weight": 3, "random_weight": 0.8814878105658709, "id": 2}, {"weight": 1, "random_weight": 0.1035941838537956, "id": 5}, {"weight": 3, "random_weight": 0.040696619380305665, "id": 8}, {"weight": 2, "random_weight": 0.9096708609630461, "id": 18}, {"weight": 1, "random_weight": 0.7384144825083583, "id": 20}], [{"weight": 2, "random_weight": 0.5224716199932306, "id": 3}, {"weight": 3, "random_weight": 0.4544747970311158, "id": 13}], [{"weight": 4, "random_weight": 0.11170911272021544, "id": 12}, {"weight": 2, "random_weight": 0.9469563183237054, "id": 13}, {"weight": 1, "random_weight": 0.8878595296131658, "id": 14}, {"weight": 1, "random_weight": 0.9727931648311042, "id": 15}], [{"weight": 2, "random_weight": 0.33595755205574396, "id": 4}, {"weight": 4, "random_weight": 0.11170911272021544, "id": 11}, {"weight": 1, "random_weight": 0.14499747860848033, "id": 13}, {"weight": 2, "random_weight": 0.21319887504389567, "id": 15}, {"weight": 3, "random_weight": 0.010557853266380812, "id": 23}], [{"weight": 1, "random_weight": 0.4495724895018057, "id": 3}, {"weight": 1, "random_weight": 0.8132760624347528, "id": 4}, {"weight": 3, "random_weight": 0.4544747970311158, "id": 10}, {"weight": 2, "random_weight": 0.9469563183237054, "id": 11}, {"weight": 1, "random_weight": 0.14499747860848033, "id": 12}], [{"weight": 4, "random_weight": 0.9180376828623243, "id": 1}, {"weight": 1, "random_weight": 0.8878595296131658, "id": 11}, {"weight": 4, "random_weight": 0.9429260603697064, "id": 15}], [{"weight": 1, "random_weight": 0.9727931648311042, "id": 11}, {"weight": 2, "random_weight": 0.21319887504389567, "id": 12}, {"weight": 4, "random_weight": 0.9429260603697064, "id": 14}, {"weight": 5, "random_weight": 0.9659696300987036, "id": 21}], [{"weight": 1, "random_weight": 0.38268516216134585, "id": 4}, {"weight": 1, "random_weight": 0.5971778934989498, "id": 7}, {"weight": 3, "random_weight": 0.8414971628032157, "id": 18}, {"weight": 4, "random_weight": 0.24058517240171262, "id": 19}, {"weight": 1, "random_weight": 0.8042540761842055, "id": 20}, {"weight": 2, "random_weight": 0.6186679192027107, "id": 23}], [{"weight": 4, "random_weight": 0.5414742832461267, "id": 6}, {"weight": 3, "random_weight": 0.1849487949994012, "id": 19}, {"weight": 2, "random_weight": 0.39736380832962026, "id": 22}], [{"weight": 3, "random_weight": 0.7170438542780536, "id": 7}, {"weight": 2, "random_weight": 0.9096708609630461, "id": 9}, {"weight": 3, "random_weight": 0.8414971628032157, "id": 16}, {"weight": 2, "random_weight": 0.7976850301926734, "id": 20}], [{"weight": 1, "random_weight": 0.9954118475763537, "id": 4}, {"weight": 2, "random_weight": 0.7383247353633601, "id": 6}, {"weight": 4, "random_weight": 0.24058517240171262, "id": 16}, {"weight": 3, "random_weight": 0.1849487949994012, "id": 17}, {"weight": 4, "random_weight": 0.4347487274240296, "id": 22}], [{"weight": 3, "random_weight": 0.8057645077096738, "id": 0}, {"weight": 3, "random_weight": 0.5215494048998532, "id": 2}, {"weight": 1, "random_weight": 0.7384144825083583, "id": 9}, {"weight": 1, "random_weight": 0.8042540761842055, "id": 16}, {"weight": 2, "random_weight": 0.7976850301926734, "id": 18}, {"weight": 3, "random_weight": 0.2709994903475832, "id": 21}, {"weight": 1, "random_weight": 0.38102849331173216, "id": 23}], [{"weight": 2, "random_weight": 0.907421819729491, "id": 0}, {"weight": 1, "random_weight": 0.6586141058590133, "id": 1}, {"weight": 5, "random_weight": 0.9659696300987036, "id": 15}, {"weight": 3, "random_weight": 0.2709994903475832, "id": 20}, {"weight": 3, "random_weight": 0.7590176076318008, "id": 23}], [{"weight": 1, "random_weight": 0.17765182229650522, "id": 3}, {"weight": 2, "random_weight": 0.9467828687285023, "id": 4}, {"weight": 2, "random_weight": 0.39736380832962026, "id": 17}, {"weight": 4, "random_weight": 0.4347487274240296, "id": 19}], [{"weight": 3, "random_weight": 0.06348487106707246, "id": 4}, {"weight": 3, "random_weight": 0.010557853266380812, "id": 12}, {"weight": 2, "random_weight": 0.6186679192027107, "id": 16}, {"weight": 1, "random_weight": 0.38102849331173216, "id": 20}, {"weight": 3, "random_weight": 0.7590176076318008, "id": 21}]]}