{"directed": false, "multigraph": false, "graph": [], "nodes": [{"graph": null, "nnodes": 6, "nedges": 7, "density": 0.4666666666666667, "atomics": "[70, 71, 82, 83, 58, 59]", "group_pop": 6, "init_part_assignment": 1, "id": 0}, {"graph": null, "nnodes": 6, "nedges": 5, "density": 0.3333333333333333, "atomics": "[107, 119, 92, 93, 94, 95]", "group_pop": 6, "init_part_assignment": 2, "id": 1}, {"graph": null, "nnodes": 6, "nedges": 5, "density": 0.3333333333333333, "atomics": "[36, 12, 48, 49, 24, 60]", "group_pop": 6, "init_part_assignment": 5, "id": 2}, {"graph": null, "nnodes": 6, "nedges": 5, "density": 0.3333333333333333, "atomics": "[37, 38, 39, 74, 50, 62]", "group_pop": 6, "init_part_assignment": 6, "id": 3}, {"graph": null, "nnodes": 6, "nedges": 6, "density": 0.4, "atomics": "[97, 72, 73, 84, 85, 61]", "group_pop": 6, "init_part_assignment": 5, "id": 4}, {"graph": null, "nnodes": 6, "nedges": 7, "density": 0.4666666666666667, "atomics": "[129, 130, 131, 141, 142, 143]", "group_pop": 6, "init_part_assignment": 9, "id": 5}, {"graph": null, "nnodes": 6, "nedges": 7, "density": 0.4666666666666667, "atomics": "[104, 105, 106, 116, 117, 118]", "group_pop": 6, "init_part_assignment": 2, "id": 6}, {"graph": null, "nnodes": 6, "nedges": 6, "density": 0.4, "atomics": "[132, 133, 134, 135, 120, 121]", "group_pop": 6, "init_part_assignment": 8, "id": 7}, {"graph": null, "nnodes": 6, "nedges": 7, "density": 0.4666666666666667, "atomics": "[136, 137, 138, 124, 125, 126]", "group_pop": 6, "init_part_assignment": 8, "id": 8}, {"graph": null, "nnodes": 6, "nedges": 6, "density": 0.4, "atomics": "[0, 1, 13, 14, 25, 26]", "group_pop": 6, "init_part_assignment": 6, "id": 9}, {"graph": null, "nnodes": 6, "nedges": 6, "density": 0.4, "atomics": "[2, 3, 15, 16, 27, 28]", "group_pop": 6, "init_part_assignment": 3, "id": 10}, {"graph": null, "nnodes": 6, "nedges": 5, "density": 0.3333333333333333, "atomics": "[4, 5, 17, 29, 30, 31]", "group_pop": 6, "init_part_assignment": 3, "id": 11}, {"graph": null, "nnodes": 6, "nedges": 7, "density": 0.4666666666666667, "atomics": "[6, 7, 8, 18, 19, 20]", "group_pop": 6, "init_part_assignment": 0, "id": 12}, {"graph": null, "nnodes": 6, "nedges": 7, "density": 0.4666666666666667, "atomics": "[33, 34, 35, 45, 46, 47]", "group_pop": 6, "init_part_assignment": 1, "id": 13}, {"graph": null, "nnodes": 6, "nedges": 7, "density": 0.4666666666666667, "atomics": "[9, 10, 11, 21, 22, 23]", "group_pop": 6, "init_part_assignment": 0, "id": 14}, {"graph": null, "nnodes": 6, "nedges": 7, "density": 0.4666666666666667, "atomics": "[100, 101, 102, 112, 113, 114]", "group_pop": 6, "init_part_assignment": 4, "id": 15}, {"graph": null, "nnodes": 6, "nedges": 5, "density": 0.3333333333333333, "atomics": "[96, 108, 109, 110, 122, 123]", "group_pop": 6, "init_part_assignment": 7, "id": 16}, {"graph": null, "nnodes": 6, "nedges": 6, "density": 0.4, "atomics": "[98, 99, 75, 111, 86, 87]", "group_pop": 6, "init_part_assignment": 7, "id": 17}, {"graph": null, "nnodes": 6, "nedges": 6, "density": 0.4, "atomics": "[128, 103, 139, 140, 115, 127]", "group_pop": 6, "init_part_assignment": 9, "id": 18}, {"graph": null, "nnodes": 6, "nedges": 6, "density": 0.4, "atomics": "[32, 43, 44, 55, 56, 57]", "group_pop": 6, "init_part_assignment": 10, "id": 19}, {"graph": null, "nnodes": 6, "nedges": 6, "density": 0.4, "atomics": "[78, 79, 80, 81, 90, 91]", "group_pop": 6, "init_part_assignment": 11, "id": 20}, {"graph": null, "nnodes": 6, "nedges": 5, "density": 0.3333333333333333, "atomics": "[66, 67, 68, 69, 53, 54]", "group_pop": 6, "init_part_assignment": 11, "id": 21}, {"graph": null, "nnodes": 6, "nedges": 7, "density": 0.4666666666666667, "atomics": "[64, 65, 76, 77, 88, 89]", "group_pop": 6, "init_part_assignment": 4, "id": 22}, {"graph": null, "nnodes": 6, "nedges": 5, "density": 0.3333333333333333, "atomics": "[40, 41, 42, 51, 52, 63]", "group_pop": 6, "init_part_assignment": 10, "id": 23}], "adjacency": [[{"weight": 2, "random_weight": 0.6701245187498134, "id": 1}, {"weight": 2, "random_weight": 0.5949148678668489, "id": 13}, {"weight": 1, "random_weight": 0.5304977032092194, "id": 19}, {"weight": 1, "random_weight": 0.03195871825130048, "id": 20}, {"weight": 1, "random_weight": 0.8623921199903024, "id": 21}], [{"weight": 2, "random_weight": 0.6701245187498134, "id": 0}, {"weight": 1, "random_weight": 0.7182456608716388, "id": 5}, {"weight": 5, "random_weight": 0.6612582720853974, "id": 6}, {"weight": 3, "random_weight": 0.7981206728262736, "id": 20}], [{"weight": 3, "random_weight": 0.9498909686619325, "id": 3}, {"weight": 3, "random_weight": 0.03915696891951015, "id": 4}, {"weight": 3, "random_weight": 0.3503735436512416, "id": 9}], [{"weight": 3, "random_weight": 0.9498909686619325, "id": 2}, {"weight": 2, "random_weight": 0.6892701717799571, "id": 4}, {"weight": 2, "random_weight": 0.7308884778845436, "id": 9}, {"weight": 1, "random_weight": 0.5232548811023755, "id": 10}, {"weight": 2, "random_weight": 0.6548182205471372, "id": 17}, {"weight": 4, "random_weight": 0.6435210649458541, "id": 23}], [{"weight": 3, "random_weight": 0.03915696891951015, "id": 2}, {"weight": 2, "random_weight": 0.6892701717799571, "id": 3}, {"weight": 3, "random_weight": 0.2781111837557, "id": 16}, {"weight": 2, "random_weight": 0.25352232007986863, "id": 17}], [{"weight": 1, "random_weight": 0.7182456608716388, "id": 1}, {"weight": 2, "random_weight": 0.3808956691307639, "id": 6}, {"weight": 2, "random_weight": 0.5022717548182978, "id": 18}], [{"weight": 5, "random_weight": 0.6612582720853974, "id": 1}, {"weight": 2, "random_weight": 0.3808956691307639, "id": 5}, {"weight": 3, "random_weight": 0.7515090761415577, "id": 18}], [{"weight": 1, "random_weight": 0.8807862658770628, "id": 8}, {"weight": 5, "random_weight": 0.6841967175023881, "id": 16}], [{"weight": 1, "random_weight": 0.8807862658770628, "id": 7}, {"weight": 3, "random_weight": 0.6723156274983874, "id": 15}, {"weight": 1, "random_weight": 0.3649539367789686, "id": 16}, {"weight": 2, "random_weight": 0.5748916162127804, "id": 18}], [{"weight": 3, "random_weight": 0.3503735436512416, "id": 2}, {"weight": 2, "random_weight": 0.7308884778845436, "id": 3}, {"weight": 4, "random_weight": 0.6914066950493821, "id": 10}], [{"weight": 1, "random_weight": 0.5232548811023755, "id": 3}, {"weight": 4, "random_weight": 0.6914066950493821, "id": 9}, {"weight": 4, "random_weight": 0.22639212859688573, "id": 11}, {"weight": 1, "random_weight": 0.13914674735799537, "id": 23}], [{"weight": 4, "random_weight": 0.22639212859688573, "id": 10}, {"weight": 4, "random_weight": 0.5306044319712357, "id": 12}, {"weight": 2, "random_weight": 0.9518676368630566, "id": 19}, {"weight": 2, "random_weight": 0.6520905893155785, "id": 23}], [{"weight": 4, "random_weight": 0.5306044319712357, "id": 11}, {"weight": 2, "random_weight": 0.0726572621559145, "id": 14}, {"weight": 1, "random_weight": 0.8684887058012467, "id": 19}], [{"weight": 2, "random_weight": 0.5949148678668489, "id": 0}, {"weight": 3, "random_weight": 0.2788943139303497, "id": 14}, {"weight": 3, "random_weight": 0.9190601402631439, "id": 19}], [{"weight": 2, "random_weight": 0.0726572621559145, "id": 12}, {"weight": 3, "random_weight": 0.2788943139303497, "id": 13}], [{"weight": 3, "random_weight": 0.6723156274983874, "id": 8}, {"weight": 2, "random_weight": 0.5332346505439065, "id": 17}, {"weight": 2, "random_weight": 0.9673372285436996, "id": 18}, {"weight": 1, "random_weight": 0.11850294840313791, "id": 20}, {"weight": 2, "random_weight": 0.2633589031733108, "id": 22}], [{"weight": 3, "random_weight": 0.2781111837557, "id": 4}, {"weight": 5, "random_weight": 0.6841967175023881, "id": 7}, {"weight": 1, "random_weight": 0.3649539367789686, "id": 8}, {"weight": 3, "random_weight": 0.9633763053252962, "id": 17}], [{"weight": 2, "random_weight": 0.6548182205471372, "id": 3}, {"weight": 2, "random_weight": 0.25352232007986863, "id": 4}, {"weight": 2, "random_weight": 0.5332346505439065, "id": 15}, {"weight": 3, "random_weight": 0.9633763053252962, "id": 16}, {"weight": 2, "random_weight": 0.49705041725650134, "id": 22}, {"weight": 1, "random_weight": 0.9710335460391298, "id": 23}], [{"weight": 2, "random_weight": 0.5022717548182978, "id": 5}, {"weight": 3, "random_weight": 0.7515090761415577, "id": 6}, {"weight": 2, "random_weight": 0.5748916162127804, "id": 8}, {"weight": 2, "random_weight": 0.9673372285436996, "id": 15}, {"weight": 1, "random_weight": 0.962730439952636, "id": 20}], [{"weight": 1, "random_weight": 0.5304977032092194, "id": 0}, {"weight": 2, "random_weight": 0.9518676368630566, "id": 11}, {"weight": 1, "random_weight": 0.8684887058012467, "id": 12}, {"weight": 3, "random_weight": 0.9190601402631439, "id": 13}, {"weight": 4, "random_weight": 0.8161724308608658, "id": 21}, {"weight": 1, "random_weight": 0.496542165482738, "id": 23}], [{"weight": 1, "random_weight": 0.03195871825130048, "id": 0}, {"weight": 3, "random_weight": 0.7981206728262736, "id": 1}, {"weight": 1, "random_weight": 0.11850294840313791, "id": 15}, {"weight": 1, "random_weight": 0.962730439952636, "id": 18}, {"weight": 4, "random_weight": 0.4620250788345507, "id": 21}, {"weight": 2, "random_weight": 0.359419104983388, "id": 22}], [{"weight": 1, "random_weight": 0.8623921199903024, "id": 0}, {"weight": 4, "random_weight": 0.8161724308608658, "id": 19}, {"weight": 4, "random_weight": 0.4620250788345507, "id": 20}, {"weight": 2, "random_weight": 0.7585139811476495, "id": 22}, {"weight": 3, "random_weight": 0.5334681465099037, "id": 23}], [{"weight": 2, "random_weight": 0.2633589031733108, "id": 15}, {"weight": 2, "random_weight": 0.49705041725650134, "id": 17}, {"weight": 2, "random_weight": 0.359419104983388, "id": 20}, {"weight": 2, "random_weight": 0.7585139811476495, "id": 21}, {"weight": 2, "random_weight": 0.9943959936750729, "id": 23}], [{"weight": 4, "random_weight": 0.6435210649458541, "id": 3}, {"weight": 1, "random_weight": 0.13914674735799537, "id": 10}, {"weight": 2, "random_weight": 0.6520905893155785, "id": 11}, {"weight": 1, "random_weight": 0.9710335460391298, "id": 17}, {"weight": 1, "random_weight": 0.496542165482738, "id": 19}, {"weight": 3, "random_weight": 0.5334681465099037, "id": 21}, {"weight": 2, "random_weight": 0.9943959936750729, "id": 22}]]}