{"directed": false, "multigraph": false, "graph": [], "nodes": [{"graph": null, "nnodes": 6, "nedges": 7, "density": 0.4666666666666667, "atomics": "[81, 82, 83, 93, 94, 95]", "group_pop": 6, "init_part_assignment": 9, "id": 0}, {"graph": null, "nnodes": 6, "nedges": 7, "density": 0.4666666666666667, "atomics": "[69, 70, 71, 57, 58, 59]", "group_pop": 6, "init_part_assignment": 7, "id": 1}, {"graph": null, "nnodes": 6, "nedges": 6, "density": 0.4, "atomics": "[131, 106, 107, 143, 118, 119]", "group_pop": 6, "init_part_assignment": 1, "id": 2}, {"graph": null, "nnodes": 6, "nedges": 5, "density": 0.3333333333333333, "atomics": "[36, 12, 48, 24, 25, 60]", "group_pop": 6, "init_part_assignment": 2, "id": 3}, {"graph": null, "nnodes": 6, "nedges": 7, "density": 0.4666666666666667, "atomics": "[37, 38, 49, 50, 61, 62]", "group_pop": 6, "init_part_assignment": 4, "id": 4}, {"graph": null, "nnodes": 6, "nedges": 7, "density": 0.4666666666666667, "atomics": "[128, 129, 130, 140, 141, 142]", "group_pop": 6, "init_part_assignment": 1, "id": 5}, {"graph": null, "nnodes": 6, "nedges": 6, "density": 0.4, "atomics": "[96, 132, 133, 108, 120, 121]", "group_pop": 6, "init_part_assignment": 8, "id": 6}, {"graph": null, "nnodes": 6, "nedges": 6, "density": 0.4, "atomics": "[134, 135, 109, 110, 122, 123]", "group_pop": 6, "init_part_assignment": 0, "id": 7}, {"graph": null, "nnodes": 6, "nedges": 6, "density": 0.4, "atomics": "[136, 137, 138, 139, 126, 127]", "group_pop": 6, "init_part_assignment": 0, "id": 8}, {"graph": null, "nnodes": 6, "nedges": 6, "density": 0.4, "atomics": "[101, 102, 113, 114, 124, 125]", "group_pop": 6, "init_part_assignment": 11, "id": 9}, {"graph": null, "nnodes": 6, "nedges": 7, "density": 0.4666666666666667, "atomics": "[103, 104, 105, 115, 116, 117]", "group_pop": 6, "init_part_assignment": 9, "id": 10}, {"graph": null, "nnodes": 6, "nedges": 6, "density": 0.4, "atomics": "[0, 1, 2, 13, 14, 26]", "group_pop": 6, "init_part_assignment": 2, "id": 11}, {"graph": null, "nnodes": 6, "nedges": 7, "density": 0.4666666666666667, "atomics": "[4, 5, 6, 16, 17, 18]", "group_pop": 6, "init_part_assignment": 3, "id": 12}, {"graph": null, "nnodes": 6, "nedges": 6, "density": 0.4, "atomics": "[3, 39, 40, 15, 27, 28]", "group_pop": 6, "init_part_assignment": 6, "id": 13}, {"graph": null, "nnodes": 6, "nedges": 6, "density": 0.4, "atomics": "[34, 35, 11, 46, 47, 23]", "group_pop": 6, "init_part_assignment": 7, "id": 14}, {"graph": null, "nnodes": 6, "nedges": 6, "density": 0.4, "atomics": "[33, 9, 10, 45, 21, 22]", "group_pop": 6, "init_part_assignment": 5, "id": 15}, {"graph": null, "nnodes": 6, "nedges": 7, "density": 0.4666666666666667, "atomics": "[32, 7, 8, 19, 20, 31]", "group_pop": 6, "init_part_assignment": 5, "id": 16}, {"graph": null, "nnodes": 6, "nedges": 7, "density": 0.4666666666666667, "atomics": "[41, 42, 53, 54, 29, 30]", "group_pop": 6, "init_part_assignment": 3, "id": 17}, {"graph": null, "nnodes": 6, "nedges": 6, "density": 0.4, "atomics": "[97, 98, 99, 100, 111, 112]", "group_pop": 6, "init_part_assignment": 8, "id": 18}, {"graph": null, "nnodes": 6, "nedges": 7, "density": 0.4666666666666667, "atomics": "[67, 68, 43, 44, 55, 56]", "group_pop": 6, "init_part_assignment": 10, "id": 19}, {"graph": null, "nnodes": 6, "nedges": 7, "density": 0.4666666666666667, "atomics": "[75, 76, 77, 87, 88, 89]", "group_pop": 6, "init_part_assignment": 11, "id": 20}, {"graph": null, "nnodes": 6, "nedges": 7, "density": 0.4666666666666667, "atomics": "[78, 79, 80, 90, 91, 92]", "group_pop": 6, "init_part_assignment": 10, "id": 21}, {"graph": null, "nnodes": 6, "nedges": 7, "density": 0.4666666666666667, "atomics": "[72, 73, 74, 84, 85, 86]", "group_pop": 6, "init_part_assignment": 4, "id": 22}, {"graph": null, "nnodes": 6, "nedges": 6, "density": 0.4, "atomics": "[64, 65, 66, 51, 52, 63]", "group_pop": 6, "init_part_assignment": 6, "id": 23}], "adjacency": [[{"weight": 3, "random_weight": 0.7350940466547924, "id": 1}, {"weight": 2, "random_weight": 0.610406028295928, "id": 2}, {"weight": 1, "random_weight": 0.3351838426610254, "id": 10}, {"weight": 2, "random_weight": 0.46472262750953275, "id": 21}], [{"weight": 3, "random_weight": 0.7350940466547924, "id": 0}, {"weight": 2, "random_weight": 0.5580357345314813, "id": 14}, {"weight": 1, "random_weight": 0.021295875977325296, "id": 15}, {"weight": 2, "random_weight": 0.08132138203663564, "id": 19}], [{"weight": 2, "random_weight": 0.610406028295928, "id": 0}, {"weight": 3, "random_weight": 0.5298261855969141, "id": 5}, {"weight": 2, "random_weight": 0.7729881050093265, "id": 10}], [{"weight": 4, "random_weight": 0.7733332862136143, "id": 4}, {"weight": 4, "random_weight": 0.30243423060315167, "id": 11}, {"weight": 1, "random_weight": 0.7122529056997804, "id": 22}], [{"weight": 4, "random_weight": 0.7733332862136143, "id": 3}, {"weight": 1, "random_weight": 0.15207043335965564, "id": 11}, {"weight": 1, "random_weight": 0.6401989469933156, "id": 13}, {"weight": 2, "random_weight": 0.5601263478596867, "id": 22}, {"weight": 2, "random_weight": 0.8727523786858827, "id": 23}], [{"weight": 3, "random_weight": 0.5298261855969141, "id": 2}, {"weight": 2, "random_weight": 0.9427699015839999, "id": 8}, {"weight": 2, "random_weight": 0.3230953381220294, "id": 10}], [{"weight": 4, "random_weight": 0.5140069554966431, "id": 7}, {"weight": 1, "random_weight": 0.27158808288567504, "id": 18}, {"weight": 1, "random_weight": 0.01943638907988343, "id": 22}], [{"weight": 4, "random_weight": 0.5140069554966431, "id": 6}, {"weight": 1, "random_weight": 0.4202506112905603, "id": 8}, {"weight": 1, "random_weight": 0.3654142626211061, "id": 9}, {"weight": 4, "random_weight": 0.7037774150065222, "id": 18}], [{"weight": 2, "random_weight": 0.9427699015839999, "id": 5}, {"weight": 1, "random_weight": 0.4202506112905603, "id": 7}, {"weight": 4, "random_weight": 0.9675689514683874, "id": 9}, {"weight": 1, "random_weight": 0.505999798875866, "id": 10}], [{"weight": 1, "random_weight": 0.3654142626211061, "id": 7}, {"weight": 4, "random_weight": 0.9675689514683874, "id": 8}, {"weight": 2, "random_weight": 0.5739058072729364, "id": 10}, {"weight": 3, "random_weight": 0.4936439966746299, "id": 18}, {"weight": 1, "random_weight": 0.06389205091749295, "id": 20}, {"weight": 1, "random_weight": 0.5793586269762427, "id": 21}], [{"weight": 1, "random_weight": 0.3351838426610254, "id": 0}, {"weight": 2, "random_weight": 0.7729881050093265, "id": 2}, {"weight": 2, "random_weight": 0.3230953381220294, "id": 5}, {"weight": 1, "random_weight": 0.505999798875866, "id": 8}, {"weight": 2, "random_weight": 0.5739058072729364, "id": 9}, {"weight": 2, "random_weight": 0.5154672466767654, "id": 21}], [{"weight": 4, "random_weight": 0.30243423060315167, "id": 3}, {"weight": 1, "random_weight": 0.15207043335965564, "id": 4}, {"weight": 3, "random_weight": 0.3418946403211861, "id": 13}], [{"weight": 3, "random_weight": 0.7987526914190727, "id": 13}, {"weight": 2, "random_weight": 0.9093225984476045, "id": 16}, {"weight": 2, "random_weight": 0.06684368803190499, "id": 17}], [{"weight": 1, "random_weight": 0.6401989469933156, "id": 4}, {"weight": 3, "random_weight": 0.3418946403211861, "id": 11}, {"weight": 3, "random_weight": 0.7987526914190727, "id": 12}, {"weight": 2, "random_weight": 0.03154328004623319, "id": 17}, {"weight": 2, "random_weight": 0.5275795710358031, "id": 23}], [{"weight": 2, "random_weight": 0.5580357345314813, "id": 1}, {"weight": 5, "random_weight": 0.8630512888699371, "id": 15}], [{"weight": 1, "random_weight": 0.021295875977325296, "id": 1}, {"weight": 5, "random_weight": 0.8630512888699371, "id": 14}, {"weight": 3, "random_weight": 0.612503750861199, "id": 16}, {"weight": 1, "random_weight": 0.34214400213091, "id": 19}], [{"weight": 2, "random_weight": 0.9093225984476045, "id": 12}, {"weight": 3, "random_weight": 0.612503750861199, "id": 15}, {"weight": 1, "random_weight": 0.6948865257970096, "id": 17}, {"weight": 2, "random_weight": 0.9908680447430057, "id": 19}], [{"weight": 2, "random_weight": 0.06684368803190499, "id": 12}, {"weight": 2, "random_weight": 0.03154328004623319, "id": 13}, {"weight": 1, "random_weight": 0.6948865257970096, "id": 16}, {"weight": 2, "random_weight": 0.5286964494601963, "id": 19}, {"weight": 3, "random_weight": 0.6720167674595697, "id": 23}], [{"weight": 1, "random_weight": 0.27158808288567504, "id": 6}, {"weight": 4, "random_weight": 0.7037774150065222, "id": 7}, {"weight": 3, "random_weight": 0.4936439966746299, "id": 9}, {"weight": 2, "random_weight": 0.7953430421489412, "id": 20}, {"weight": 2, "random_weight": 0.6394939916048761, "id": 22}], [{"weight": 2, "random_weight": 0.08132138203663564, "id": 1}, {"weight": 1, "random_weight": 0.34214400213091, "id": 15}, {"weight": 2, "random_weight": 0.9908680447430057, "id": 16}, {"weight": 2, "random_weight": 0.5286964494601963, "id": 17}, {"weight": 2, "random_weight": 0.7937112323209872, "id": 21}, {"weight": 1, "random_weight": 0.37545370617894713, "id": 23}], [{"weight": 1, "random_weight": 0.06389205091749295, "id": 9}, {"weight": 2, "random_weight": 0.7953430421489412, "id": 18}, {"weight": 2, "random_weight": 0.7694094774475376, "id": 21}, {"weight": 2, "random_weight": 0.46534559646207296, "id": 22}, {"weight": 3, "random_weight": 0.1102275990888909, "id": 23}], [{"weight": 2, "random_weight": 0.46472262750953275, "id": 0}, {"weight": 1, "random_weight": 0.5793586269762427, "id": 9}, {"weight": 2, "random_weight": 0.5154672466767654, "id": 10}, {"weight": 2, "random_weight": 0.7937112323209872, "id": 19}, {"weight": 2, "random_weight": 0.7694094774475376, "id": 20}, {"weight": 1, "random_weight": 0.3930749262339258, "id": 23}], [{"weight": 1, "random_weight": 0.7122529056997804, "id": 3}, {"weight": 2, "random_weight": 0.5601263478596867, "id": 4}, {"weight": 1, "random_weight": 0.01943638907988343, "id": 6}, {"weight": 2, "random_weight": 0.6394939916048761, "id": 18}, {"weight": 2, "random_weight": 0.46534559646207296, "id": 20}], [{"weight": 2, "random_weight": 0.8727523786858827, "id": 4}, {"weight": 2, "random_weight": 0.5275795710358031, "id": 13}, {"weight": 3, "random_weight": 0.6720167674595697, "id": 17}, {"weight": 1, "random_weight": 0.37545370617894713, "id": 19}, {"weight": 3, "random_weight": 0.1102275990888909, "id": 20}, {"weight": 1, "random_weight": 0.3930749262339258, "id": 21}]]}