{"directed": false, "multigraph": false, "graph": [], "nodes": [{"graph": null, "nnodes": 6, "nedges": 7, "density": 0.4666666666666667, "atomics": "[81, 82, 83, 93, 94, 95]", "group_pop": 6, "init_part_assignment": 9, "id": 0}, {"graph": null, "nnodes": 6, "nedges": 5, "density": 0.3333333333333333, "atomics": "[68, 69, 70, 71, 80, 92]", "group_pop": 6, "init_part_assignment": 4, "id": 1}, {"graph": null, "nnodes": 6, "nedges": 7, "density": 0.4666666666666667, "atomics": "[34, 35, 46, 47, 58, 59]", "group_pop": 6, "init_part_assignment": 4, "id": 2}, {"graph": null, "nnodes": 6, "nedges": 6, "density": 0.4, "atomics": "[131, 105, 106, 107, 118, 119]", "group_pop": 6, "init_part_assignment": 9, "id": 3}, {"graph": null, "nnodes": 6, "nedges": 7, "density": 0.4666666666666667, "atomics": "[36, 37, 38, 48, 49, 50]", "group_pop": 6, "init_part_assignment": 6, "id": 4}, {"graph": null, "nnodes": 6, "nedges": 7, "density": 0.4666666666666667, "atomics": "[72, 73, 74, 60, 61, 62]", "group_pop": 6, "init_part_assignment": 5, "id": 5}, {"graph": null, "nnodes": 6, "nedges": 6, "density": 0.4, "atomics": "[129, 130, 141, 142, 143, 117]", "group_pop": 6, "init_part_assignment": 7, "id": 6}, {"graph": null, "nnodes": 6, "nedges": 7, "density": 0.4666666666666667, "atomics": "[132, 133, 108, 109, 120, 121]", "group_pop": 6, "init_part_assignment": 0, "id": 7}, {"graph": null, "nnodes": 6, "nedges": 5, "density": 0.3333333333333333, "atomics": "[134, 135, 136, 137, 138, 125]", "group_pop": 6, "init_part_assignment": 3, "id": 8}, {"graph": null, "nnodes": 6, "nedges": 5, "density": 0.3333333333333333, "atomics": "[0, 1, 12, 24, 25, 26]", "group_pop": 6, "init_part_assignment": 6, "id": 9}, {"graph": null, "nnodes": 6, "nedges": 6, "density": 0.4, "atomics": "[2, 3, 13, 14, 15, 27]", "group_pop": 6, "init_part_assignment": 2, "id": 10}, {"graph": null, "nnodes": 6, "nedges": 7, "density": 0.4666666666666667, "atomics": "[4, 5, 16, 17, 28, 29]", "group_pop": 6, "init_part_assignment": 2, "id": 11}, {"graph": null, "nnodes": 6, "nedges": 6, "density": 0.4, "atomics": "[32, 6, 7, 18, 19, 20]", "group_pop": 6, "init_part_assignment": 1, "id": 12}, {"graph": null, "nnodes": 6, "nedges": 6, "density": 0.4, "atomics": "[8, 9, 10, 11, 22, 23]", "group_pop": 6, "init_part_assignment": 1, "id": 13}, {"graph": null, "nnodes": 6, "nedges": 7, "density": 0.4666666666666667, "atomics": "[42, 43, 54, 55, 30, 31]", "group_pop": 6, "init_part_assignment": 8, "id": 14}, {"graph": null, "nnodes": 6, "nedges": 7, "density": 0.4666666666666667, "atomics": "[110, 111, 112, 122, 123, 124]", "group_pop": 6, "init_part_assignment": 0, "id": 15}, {"graph": null, "nnodes": 6, "nedges": 6, "density": 0.4, "atomics": "[99, 100, 75, 87, 88, 63]", "group_pop": 6, "init_part_assignment": 11, "id": 16}, {"graph": null, "nnodes": 6, "nedges": 6, "density": 0.4, "atomics": "[101, 102, 113, 114, 89, 126]", "group_pop": 6, "init_part_assignment": 3, "id": 17}, {"graph": null, "nnodes": 6, "nedges": 7, "density": 0.4666666666666667, "atomics": "[128, 139, 140, 115, 116, 127]", "group_pop": 6, "init_part_assignment": 7, "id": 18}, {"graph": null, "nnodes": 6, "nedges": 6, "density": 0.4, "atomics": "[33, 44, 45, 21, 56, 57]", "group_pop": 6, "init_part_assignment": 8, "id": 19}, {"graph": null, "nnodes": 6, "nedges": 5, "density": 0.3333333333333333, "atomics": "[67, 103, 104, 79, 90, 91]", "group_pop": 6, "init_part_assignment": 10, "id": 20}, {"graph": null, "nnodes": 6, "nedges": 7, "density": 0.4666666666666667, "atomics": "[39, 40, 41, 51, 52, 53]", "group_pop": 6, "init_part_assignment": 11, "id": 21}, {"graph": null, "nnodes": 6, "nedges": 7, "density": 0.4666666666666667, "atomics": "[96, 97, 98, 84, 85, 86]", "group_pop": 6, "init_part_assignment": 5, "id": 22}, {"graph": null, "nnodes": 6, "nedges": 7, "density": 0.4666666666666667, "atomics": "[64, 65, 66, 76, 77, 78]", "group_pop": 6, "init_part_assignment": 10, "id": 23}], "adjacency": [[{"weight": 5, "random_weight": 0.7182663748837996, "id": 1}, {"weight": 3, "random_weight": 0.1512100261706073, "id": 3}], [{"weight": 5, "random_weight": 0.7182663748837996, "id": 0}, {"weight": 2, "random_weight": 0.3165870319013846, "id": 2}, {"weight": 2, "random_weight": 0.5766009155512828, "id": 19}, {"weight": 4, "random_weight": 0.8973649447894883, "id": 20}], [{"weight": 2, "random_weight": 0.3165870319013846, "id": 1}, {"weight": 2, "random_weight": 0.8589543339003175, "id": 13}, {"weight": 3, "random_weight": 0.39577588486089366, "id": 19}], [{"weight": 3, "random_weight": 0.1512100261706073, "id": 0}, {"weight": 5, "random_weight": 0.15177296710339927, "id": 6}, {"weight": 1, "random_weight": 0.29814891981276814, "id": 20}], [{"weight": 3, "random_weight": 0.5822912270018963, "id": 5}, {"weight": 3, "random_weight": 0.30667185551406284, "id": 9}, {"weight": 2, "random_weight": 0.5388117423549437, "id": 21}], [{"weight": 3, "random_weight": 0.5822912270018963, "id": 4}, {"weight": 2, "random_weight": 0.513526246846202, "id": 16}, {"weight": 3, "random_weight": 0.024279339443067705, "id": 22}], [{"weight": 5, "random_weight": 0.15177296710339927, "id": 3}, {"weight": 3, "random_weight": 0.3155605236621818, "id": 18}], [{"weight": 1, "random_weight": 0.7527377667147704, "id": 8}, {"weight": 2, "random_weight": 0.04581737436156985, "id": 15}, {"weight": 2, "random_weight": 0.18497671433716567, "id": 22}], [{"weight": 1, "random_weight": 0.7527377667147704, "id": 7}, {"weight": 4, "random_weight": 0.5328102710018907, "id": 15}, {"weight": 3, "random_weight": 0.20601856138294916, "id": 17}, {"weight": 1, "random_weight": 0.1867469744923459, "id": 18}], [{"weight": 3, "random_weight": 0.30667185551406284, "id": 4}, {"weight": 6, "random_weight": 0.47149134364153145, "id": 10}], [{"weight": 6, "random_weight": 0.47149134364153145, "id": 9}, {"weight": 3, "random_weight": 0.38854644672961813, "id": 11}, {"weight": 1, "random_weight": 0.5066335315074497, "id": 21}], [{"weight": 3, "random_weight": 0.38854644672961813, "id": 10}, {"weight": 2, "random_weight": 0.727706165565045, "id": 12}, {"weight": 1, "random_weight": 0.9009905632161002, "id": 14}, {"weight": 2, "random_weight": 0.9036178180397003, "id": 21}], [{"weight": 2, "random_weight": 0.727706165565045, "id": 11}, {"weight": 2, "random_weight": 0.47169573811413, "id": 13}, {"weight": 3, "random_weight": 0.20203991478948535, "id": 14}, {"weight": 3, "random_weight": 0.8916584079390991, "id": 19}], [{"weight": 2, "random_weight": 0.8589543339003175, "id": 2}, {"weight": 2, "random_weight": 0.47169573811413, "id": 12}, {"weight": 2, "random_weight": 0.8123095980815113, "id": 19}], [{"weight": 1, "random_weight": 0.9009905632161002, "id": 11}, {"weight": 3, "random_weight": 0.20203991478948535, "id": 12}, {"weight": 2, "random_weight": 0.30543979928968934, "id": 19}, {"weight": 1, "random_weight": 0.7024621128508999, "id": 20}, {"weight": 2, "random_weight": 0.2848057178868121, "id": 21}, {"weight": 1, "random_weight": 0.6214541906233179, "id": 23}], [{"weight": 2, "random_weight": 0.04581737436156985, "id": 7}, {"weight": 4, "random_weight": 0.5328102710018907, "id": 8}, {"weight": 2, "random_weight": 0.4230280915549355, "id": 16}, {"weight": 1, "random_weight": 0.42068153395340446, "id": 17}, {"weight": 1, "random_weight": 0.28989737848547814, "id": 22}], [{"weight": 2, "random_weight": 0.513526246846202, "id": 5}, {"weight": 2, "random_weight": 0.4230280915549355, "id": 15}, {"weight": 2, "random_weight": 0.607218208354093, "id": 17}, {"weight": 1, "random_weight": 0.12593106116029096, "id": 21}, {"weight": 2, "random_weight": 0.7013400562979863, "id": 22}, {"weight": 3, "random_weight": 0.4074098031695963, "id": 23}], [{"weight": 3, "random_weight": 0.20601856138294916, "id": 8}, {"weight": 1, "random_weight": 0.42068153395340446, "id": 15}, {"weight": 2, "random_weight": 0.607218208354093, "id": 16}, {"weight": 2, "random_weight": 0.44664820758461865, "id": 18}, {"weight": 3, "random_weight": 0.9009276786684606, "id": 20}, {"weight": 1, "random_weight": 0.8504421122516146, "id": 23}], [{"weight": 3, "random_weight": 0.3155605236621818, "id": 6}, {"weight": 1, "random_weight": 0.1867469744923459, "id": 8}, {"weight": 2, "random_weight": 0.44664820758461865, "id": 17}, {"weight": 2, "random_weight": 0.49347530355643665, "id": 20}], [{"weight": 2, "random_weight": 0.5766009155512828, "id": 1}, {"weight": 3, "random_weight": 0.39577588486089366, "id": 2}, {"weight": 3, "random_weight": 0.8916584079390991, "id": 12}, {"weight": 2, "random_weight": 0.8123095980815113, "id": 13}, {"weight": 2, "random_weight": 0.30543979928968934, "id": 14}], [{"weight": 4, "random_weight": 0.8973649447894883, "id": 1}, {"weight": 1, "random_weight": 0.29814891981276814, "id": 3}, {"weight": 1, "random_weight": 0.7024621128508999, "id": 14}, {"weight": 3, "random_weight": 0.9009276786684606, "id": 17}, {"weight": 2, "random_weight": 0.49347530355643665, "id": 18}, {"weight": 3, "random_weight": 0.4780560497204226, "id": 23}], [{"weight": 2, "random_weight": 0.5388117423549437, "id": 4}, {"weight": 1, "random_weight": 0.5066335315074497, "id": 10}, {"weight": 2, "random_weight": 0.9036178180397003, "id": 11}, {"weight": 2, "random_weight": 0.2848057178868121, "id": 14}, {"weight": 1, "random_weight": 0.12593106116029096, "id": 16}, {"weight": 2, "random_weight": 0.6389602121772779, "id": 23}], [{"weight": 3, "random_weight": 0.024279339443067705, "id": 5}, {"weight": 2, "random_weight": 0.18497671433716567, "id": 7}, {"weight": 1, "random_weight": 0.28989737848547814, "id": 15}, {"weight": 2, "random_weight": 0.7013400562979863, "id": 16}], [{"weight": 1, "random_weight": 0.6214541906233179, "id": 14}, {"weight": 3, "random_weight": 0.4074098031695963, "id": 16}, {"weight": 1, "random_weight": 0.8504421122516146, "id": 17}, {"weight": 3, "random_weight": 0.4780560497204226, "id": 20}, {"weight": 2, "random_weight": 0.6389602121772779, "id": 21}]]}