{"directed": false, "multigraph": false, "graph": [], "nodes": [{"graph": null, "nnodes": 6, "nedges": 5, "density": 0.3333333333333333, "atomics": "[71, 46, 47, 82, 83, 59]", "group_pop": 6, "init_part_assignment": 8, "id": 0}, {"graph": null, "nnodes": 6, "nedges": 5, "density": 0.3333333333333333, "atomics": "[33, 9, 45, 21, 57, 58]", "group_pop": 6, "init_part_assignment": 6, "id": 1}, {"graph": null, "nnodes": 6, "nedges": 5, "density": 0.3333333333333333, "atomics": "[131, 107, 142, 143, 119, 95]", "group_pop": 6, "init_part_assignment": 7, "id": 2}, {"graph": null, "nnodes": 6, "nedges": 6, "density": 0.4, "atomics": "[36, 37, 12, 48, 49, 24]", "group_pop": 6, "init_part_assignment": 3, "id": 3}, {"graph": null, "nnodes": 6, "nedges": 7, "density": 0.4666666666666667, "atomics": "[74, 75, 50, 51, 62, 63]", "group_pop": 6, "init_part_assignment": 5, "id": 4}, {"graph": null, "nnodes": 6, "nedges": 5, "density": 0.3333333333333333, "atomics": "[0, 1, 38, 13, 25, 26]", "group_pop": 6, "init_part_assignment": 5, "id": 5}, {"graph": null, "nnodes": 6, "nedges": 7, "density": 0.4666666666666667, "atomics": "[72, 73, 84, 85, 60, 61]", "group_pop": 6, "init_part_assignment": 3, "id": 6}, {"graph": null, "nnodes": 6, "nedges": 6, "density": 0.4, "atomics": "[129, 130, 106, 141, 117, 118]", "group_pop": 6, "init_part_assignment": 0, "id": 7}, {"graph": null, "nnodes": 6, "nedges": 6, "density": 0.4, "atomics": "[132, 133, 134, 135, 122, 123]", "group_pop": 6, "init_part_assignment": 1, "id": 8}, {"graph": null, "nnodes": 6, "nedges": 7, "density": 0.4666666666666667, "atomics": "[136, 137, 112, 113, 124, 125]", "group_pop": 6, "init_part_assignment": 2, "id": 9}, {"graph": null, "nnodes": 6, "nedges": 5, "density": 0.3333333333333333, "atomics": "[104, 105, 81, 116, 93, 94]", "group_pop": 6, "init_part_assignment": 7, "id": 10}, {"graph": null, "nnodes": 6, "nedges": 6, "density": 0.4, "atomics": "[4, 5, 6, 16, 17, 29]", "group_pop": 6, "init_part_assignment": 11, "id": 11}, {"graph": null, "nnodes": 6, "nedges": 7, "density": 0.4666666666666667, "atomics": "[42, 43, 18, 19, 30, 31]", "group_pop": 6, "init_part_assignment": 11, "id": 12}, {"graph": null, "nnodes": 6, "nedges": 6, "density": 0.4, "atomics": "[2, 3, 39, 14, 15, 27]", "group_pop": 6, "init_part_assignment": 10, "id": 13}, {"graph": null, "nnodes": 6, "nedges": 7, "density": 0.4666666666666667, "atomics": "[34, 35, 10, 11, 22, 23]", "group_pop": 6, "init_part_assignment": 6, "id": 14}, {"graph": null, "nnodes": 6, "nedges": 5, "density": 0.3333333333333333, "atomics": "[32, 7, 8, 44, 20, 56]", "group_pop": 6, "init_part_assignment": 9, "id": 15}, {"graph": null, "nnodes": 6, "nedges": 6, "density": 0.4, "atomics": "[65, 100, 76, 77, 88, 89]", "group_pop": 6, "init_part_assignment": 4, "id": 16}, {"graph": null, "nnodes": 6, "nedges": 6, "density": 0.4, "atomics": "[97, 98, 99, 111, 86, 87]", "group_pop": 6, "init_part_assignment": 4, "id": 17}, {"graph": null, "nnodes": 6, "nedges": 6, "density": 0.4, "atomics": "[101, 102, 103, 114, 115, 90]", "group_pop": 6, "init_part_assignment": 2, "id": 18}, {"graph": null, "nnodes": 6, "nedges": 7, "density": 0.4666666666666667, "atomics": "[128, 138, 139, 140, 126, 127]", "group_pop": 6, "init_part_assignment": 0, "id": 19}, {"graph": null, "nnodes": 6, "nedges": 6, "density": 0.4, "atomics": "[96, 108, 109, 110, 120, 121]", "group_pop": 6, "init_part_assignment": 1, "id": 20}, {"graph": null, "nnodes": 6, "nedges": 5, "density": 0.3333333333333333, "atomics": "[68, 69, 70, 80, 91, 92]", "group_pop": 6, "init_part_assignment": 8, "id": 21}, {"graph": null, "nnodes": 6, "nedges": 6, "density": 0.4, "atomics": "[64, 40, 41, 52, 53, 28]", "group_pop": 6, "init_part_assignment": 10, "id": 22}, {"graph": null, "nnodes": 6, "nedges": 7, "density": 0.4666666666666667, "atomics": "[66, 67, 78, 79, 54, 55]", "group_pop": 6, "init_part_assignment": 9, "id": 23}], "adjacency": [[{"weight": 3, "random_weight": 0.5664860983717682, "id": 1}, {"weight": 1, "random_weight": 0.7115112114869674, "id": 2}, {"weight": 2, "random_weight": 0.6491049608174668, "id": 10}, {"weight": 2, "random_weight": 0.9572630438432892, "id": 14}, {"weight": 2, "random_weight": 0.20665647472543525, "id": 21}], [{"weight": 3, "random_weight": 0.5664860983717682, "id": 0}, {"weight": 3, "random_weight": 0.909387093546235, "id": 14}, {"weight": 5, "random_weight": 0.3963770671359561, "id": 15}, {"weight": 2, "random_weight": 0.6743843847285286, "id": 21}], [{"weight": 1, "random_weight": 0.7115112114869674, "id": 0}, {"weight": 5, "random_weight": 0.7885867834877877, "id": 7}, {"weight": 1, "random_weight": 0.02922019273486065, "id": 10}], [{"weight": 1, "random_weight": 0.7789177046885076, "id": 4}, {"weight": 5, "random_weight": 0.6307961893788031, "id": 5}, {"weight": 2, "random_weight": 0.5547316845452707, "id": 6}], [{"weight": 1, "random_weight": 0.7789177046885076, "id": 3}, {"weight": 1, "random_weight": 0.18732891119408668, "id": 5}, {"weight": 2, "random_weight": 0.6749393567307098, "id": 6}, {"weight": 1, "random_weight": 0.020463458849383276, "id": 13}, {"weight": 1, "random_weight": 0.3666736638875193, "id": 16}, {"weight": 2, "random_weight": 0.2124190772254021, "id": 17}, {"weight": 2, "random_weight": 0.34313283709651654, "id": 22}], [{"weight": 5, "random_weight": 0.6307961893788031, "id": 3}, {"weight": 1, "random_weight": 0.18732891119408668, "id": 4}, {"weight": 5, "random_weight": 0.916430798037381, "id": 13}], [{"weight": 2, "random_weight": 0.5547316845452707, "id": 3}, {"weight": 2, "random_weight": 0.6749393567307098, "id": 4}, {"weight": 2, "random_weight": 0.5620454442690749, "id": 17}, {"weight": 1, "random_weight": 0.7178242616409853, "id": 20}], [{"weight": 5, "random_weight": 0.7885867834877877, "id": 2}, {"weight": 4, "random_weight": 0.6802932448347362, "id": 10}, {"weight": 2, "random_weight": 0.45485153869335804, "id": 19}], [{"weight": 2, "random_weight": 0.8340187933789837, "id": 9}, {"weight": 1, "random_weight": 0.5721191687677346, "id": 17}, {"weight": 4, "random_weight": 0.21577366928804653, "id": 20}], [{"weight": 2, "random_weight": 0.8340187933789837, "id": 8}, {"weight": 1, "random_weight": 0.47316257629531033, "id": 16}, {"weight": 1, "random_weight": 0.08611532190152382, "id": 17}, {"weight": 2, "random_weight": 0.03755800922292252, "id": 18}, {"weight": 2, "random_weight": 0.23153691554360123, "id": 19}], [{"weight": 2, "random_weight": 0.6491049608174668, "id": 0}, {"weight": 1, "random_weight": 0.02922019273486065, "id": 2}, {"weight": 4, "random_weight": 0.6802932448347362, "id": 7}, {"weight": 2, "random_weight": 0.7920743609796079, "id": 18}, {"weight": 1, "random_weight": 0.873304176960383, "id": 19}, {"weight": 4, "random_weight": 0.7462582932759306, "id": 21}], [{"weight": 3, "random_weight": 0.40175268226938343, "id": 12}, {"weight": 2, "random_weight": 0.7458600863053473, "id": 13}, {"weight": 1, "random_weight": 0.9590614770060015, "id": 15}, {"weight": 3, "random_weight": 0.16651815727509645, "id": 22}], [{"weight": 3, "random_weight": 0.40175268226938343, "id": 11}, {"weight": 4, "random_weight": 0.7256302126132557, "id": 15}, {"weight": 1, "random_weight": 0.9279535998602454, "id": 22}, {"weight": 2, "random_weight": 0.06663647839960118, "id": 23}], [{"weight": 1, "random_weight": 0.020463458849383276, "id": 4}, {"weight": 5, "random_weight": 0.916430798037381, "id": 5}, {"weight": 2, "random_weight": 0.7458600863053473, "id": 11}, {"weight": 2, "random_weight": 0.37898291386022187, "id": 22}], [{"weight": 2, "random_weight": 0.9572630438432892, "id": 0}, {"weight": 3, "random_weight": 0.909387093546235, "id": 1}], [{"weight": 5, "random_weight": 0.3963770671359561, "id": 1}, {"weight": 1, "random_weight": 0.9590614770060015, "id": 11}, {"weight": 4, "random_weight": 0.7256302126132557, "id": 12}, {"weight": 1, "random_weight": 0.5198924119976671, "id": 21}, {"weight": 1, "random_weight": 0.3895943477447952, "id": 23}], [{"weight": 1, "random_weight": 0.3666736638875193, "id": 4}, {"weight": 1, "random_weight": 0.47316257629531033, "id": 9}, {"weight": 2, "random_weight": 0.20287216554336873, "id": 17}, {"weight": 3, "random_weight": 0.11214749010370995, "id": 18}, {"weight": 3, "random_weight": 0.40520968944585734, "id": 22}, {"weight": 2, "random_weight": 0.5598804150118635, "id": 23}], [{"weight": 2, "random_weight": 0.2124190772254021, "id": 4}, {"weight": 2, "random_weight": 0.5620454442690749, "id": 6}, {"weight": 1, "random_weight": 0.5721191687677346, "id": 8}, {"weight": 1, "random_weight": 0.08611532190152382, "id": 9}, {"weight": 2, "random_weight": 0.20287216554336873, "id": 16}, {"weight": 4, "random_weight": 0.2424769684579554, "id": 20}], [{"weight": 2, "random_weight": 0.03755800922292252, "id": 9}, {"weight": 2, "random_weight": 0.7920743609796079, "id": 10}, {"weight": 3, "random_weight": 0.11214749010370995, "id": 16}, {"weight": 2, "random_weight": 0.60194744714574, "id": 19}, {"weight": 2, "random_weight": 0.49595902064323216, "id": 21}, {"weight": 1, "random_weight": 0.14666465248385496, "id": 23}], [{"weight": 2, "random_weight": 0.45485153869335804, "id": 7}, {"weight": 2, "random_weight": 0.23153691554360123, "id": 9}, {"weight": 1, "random_weight": 0.873304176960383, "id": 10}, {"weight": 2, "random_weight": 0.60194744714574, "id": 18}], [{"weight": 1, "random_weight": 0.7178242616409853, "id": 6}, {"weight": 4, "random_weight": 0.21577366928804653, "id": 8}, {"weight": 4, "random_weight": 0.2424769684579554, "id": 17}], [{"weight": 2, "random_weight": 0.20665647472543525, "id": 0}, {"weight": 2, "random_weight": 0.6743843847285286, "id": 1}, {"weight": 4, "random_weight": 0.7462582932759306, "id": 10}, {"weight": 1, "random_weight": 0.5198924119976671, "id": 15}, {"weight": 2, "random_weight": 0.49595902064323216, "id": 18}, {"weight": 3, "random_weight": 0.0643248137222231, "id": 23}], [{"weight": 2, "random_weight": 0.34313283709651654, "id": 4}, {"weight": 3, "random_weight": 0.16651815727509645, "id": 11}, {"weight": 1, "random_weight": 0.9279535998602454, "id": 12}, {"weight": 2, "random_weight": 0.37898291386022187, "id": 13}, {"weight": 3, "random_weight": 0.40520968944585734, "id": 16}, {"weight": 1, "random_weight": 0.5781421136377738, "id": 23}], [{"weight": 2, "random_weight": 0.06663647839960118, "id": 12}, {"weight": 1, "random_weight": 0.3895943477447952, "id": 15}, {"weight": 2, "random_weight": 0.5598804150118635, "id": 16}, {"weight": 1, "random_weight": 0.14666465248385496, "id": 18}, {"weight": 3, "random_weight": 0.0643248137222231, "id": 21}, {"weight": 1, "random_weight": 0.5781421136377738, "id": 22}]]}