{"directed": false, "multigraph": false, "graph": [], "nodes": [{"graph": null, "nnodes": 6, "nedges": 7, "density": 0.4666666666666667, "atomics": "[69, 70, 71, 81, 82, 83]", "group_pop": 6, "init_part_assignment": 6, "id": 0}, {"graph": null, "nnodes": 6, "nedges": 5, "density": 0.3333333333333333, "atomics": "[35, 11, 47, 23, 58, 59]", "group_pop": 6, "init_part_assignment": 3, "id": 1}, {"graph": null, "nnodes": 6, "nedges": 7, "density": 0.4666666666666667, "atomics": "[105, 106, 107, 93, 94, 95]", "group_pop": 6, "init_part_assignment": 5, "id": 2}, {"graph": null, "nnodes": 6, "nedges": 7, "density": 0.4666666666666667, "atomics": "[36, 37, 48, 49, 24, 25]", "group_pop": 6, "init_part_assignment": 10, "id": 3}, {"graph": null, "nnodes": 6, "nedges": 6, "density": 0.4, "atomics": "[39, 74, 50, 51, 62, 63]", "group_pop": 6, "init_part_assignment": 11, "id": 4}, {"graph": null, "nnodes": 6, "nedges": 5, "density": 0.3333333333333333, "atomics": "[3, 4, 38, 15, 26, 27]", "group_pop": 6, "init_part_assignment": 0, "id": 5}, {"graph": null, "nnodes": 6, "nedges": 7, "density": 0.4666666666666667, "atomics": "[72, 73, 84, 85, 60, 61]", "group_pop": 6, "init_part_assignment": 10, "id": 6}, {"graph": null, "nnodes": 6, "nedges": 7, "density": 0.4666666666666667, "atomics": "[130, 131, 142, 143, 118, 119]", "group_pop": 6, "init_part_assignment": 5, "id": 7}, {"graph": null, "nnodes": 6, "nedges": 5, "density": 0.3333333333333333, "atomics": "[98, 132, 133, 134, 110, 122]", "group_pop": 6, "init_part_assignment": 2, "id": 8}, {"graph": null, "nnodes": 6, "nedges": 6, "density": 0.4, "atomics": "[99, 135, 136, 111, 123, 124]", "group_pop": 6, "init_part_assignment": 7, "id": 9}, {"graph": null, "nnodes": 6, "nedges": 6, "density": 0.4, "atomics": "[137, 138, 112, 113, 125, 126]", "group_pop": 6, "init_part_assignment": 4, "id": 10}, {"graph": null, "nnodes": 6, "nedges": 6, "density": 0.4, "atomics": "[128, 129, 139, 140, 141, 117]", "group_pop": 6, "init_part_assignment": 4, "id": 11}, {"graph": null, "nnodes": 6, "nedges": 7, "density": 0.4666666666666667, "atomics": "[0, 1, 2, 12, 13, 14]", "group_pop": 6, "init_part_assignment": 0, "id": 12}, {"graph": null, "nnodes": 6, "nedges": 6, "density": 0.4, "atomics": "[40, 16, 17, 28, 29, 30]", "group_pop": 6, "init_part_assignment": 9, "id": 13}, {"graph": null, "nnodes": 6, "nedges": 6, "density": 0.4, "atomics": "[5, 6, 7, 18, 19, 31]", "group_pop": 6, "init_part_assignment": 1, "id": 14}, {"graph": null, "nnodes": 6, "nedges": 7, "density": 0.4666666666666667, "atomics": "[8, 9, 10, 20, 21, 22]", "group_pop": 6, "init_part_assignment": 1, "id": 15}, {"graph": null, "nnodes": 6, "nedges": 6, "density": 0.4, "atomics": "[100, 75, 76, 86, 87, 88]", "group_pop": 6, "init_part_assignment": 7, "id": 16}, {"graph": null, "nnodes": 6, "nedges": 6, "density": 0.4, "atomics": "[103, 104, 114, 115, 116, 127]", "group_pop": 6, "init_part_assignment": 8, "id": 17}, {"graph": null, "nnodes": 6, "nedges": 7, "density": 0.4666666666666667, "atomics": "[96, 97, 108, 109, 120, 121]", "group_pop": 6, "init_part_assignment": 2, "id": 18}, {"graph": null, "nnodes": 6, "nedges": 6, "density": 0.4, "atomics": "[32, 33, 34, 45, 46, 57]", "group_pop": 6, "init_part_assignment": 3, "id": 19}, {"graph": null, "nnodes": 6, "nedges": 7, "density": 0.4666666666666667, "atomics": "[67, 68, 43, 44, 55, 56]", "group_pop": 6, "init_part_assignment": 6, "id": 20}, {"graph": null, "nnodes": 6, "nedges": 5, "density": 0.3333333333333333, "atomics": "[64, 65, 101, 77, 78, 89]", "group_pop": 6, "init_part_assignment": 11, "id": 21}, {"graph": null, "nnodes": 6, "nedges": 6, "density": 0.4, "atomics": "[102, 79, 80, 90, 91, 92]", "group_pop": 6, "init_part_assignment": 8, "id": 22}, {"graph": null, "nnodes": 6, "nedges": 6, "density": 0.4, "atomics": "[66, 41, 42, 52, 53, 54]", "group_pop": 6, "init_part_assignment": 9, "id": 23}], "adjacency": [[{"weight": 2, "random_weight": 0.8287867840762954, "id": 1}, {"weight": 3, "random_weight": 0.4687140624948072, "id": 2}, {"weight": 1, "random_weight": 0.33546980940356697, "id": 19}, {"weight": 1, "random_weight": 0.2344097385568612, "id": 20}, {"weight": 1, "random_weight": 0.3915266138913567, "id": 22}], [{"weight": 2, "random_weight": 0.8287867840762954, "id": 0}, {"weight": 2, "random_weight": 0.5447710158423642, "id": 15}, {"weight": 4, "random_weight": 0.2174795278011895, "id": 19}], [{"weight": 3, "random_weight": 0.4687140624948072, "id": 0}, {"weight": 2, "random_weight": 0.1084029845507769, "id": 7}, {"weight": 1, "random_weight": 0.5814131034041038, "id": 11}, {"weight": 1, "random_weight": 0.9912042994772597, "id": 17}, {"weight": 1, "random_weight": 0.8718037604049543, "id": 22}], [{"weight": 1, "random_weight": 0.34519111695353233, "id": 4}, {"weight": 2, "random_weight": 0.7267490021018476, "id": 5}, {"weight": 2, "random_weight": 0.2164723042940262, "id": 6}, {"weight": 2, "random_weight": 0.43705199642981163, "id": 12}], [{"weight": 1, "random_weight": 0.34519111695353233, "id": 3}, {"weight": 3, "random_weight": 0.7815406924538695, "id": 5}, {"weight": 2, "random_weight": 0.6323732078519544, "id": 6}, {"weight": 1, "random_weight": 0.6051741784160446, "id": 13}, {"weight": 3, "random_weight": 0.6400968706032875, "id": 16}, {"weight": 1, "random_weight": 0.4617959680742627, "id": 21}, {"weight": 1, "random_weight": 0.9659933305722422, "id": 23}], [{"weight": 2, "random_weight": 0.7267490021018476, "id": 3}, {"weight": 3, "random_weight": 0.7815406924538695, "id": 4}, {"weight": 3, "random_weight": 0.23320766802396042, "id": 12}, {"weight": 3, "random_weight": 0.11369726963676208, "id": 13}, {"weight": 1, "random_weight": 0.6552875304621684, "id": 14}], [{"weight": 2, "random_weight": 0.2164723042940262, "id": 3}, {"weight": 2, "random_weight": 0.6323732078519544, "id": 4}, {"weight": 1, "random_weight": 0.9635377023286917, "id": 16}, {"weight": 2, "random_weight": 0.7731879381662553, "id": 18}], [{"weight": 2, "random_weight": 0.1084029845507769, "id": 2}, {"weight": 3, "random_weight": 0.1648397337972869, "id": 11}], [{"weight": 4, "random_weight": 0.16918326774791914, "id": 9}, {"weight": 1, "random_weight": 0.6989916476949013, "id": 16}, {"weight": 5, "random_weight": 0.7107590352685048, "id": 18}], [{"weight": 4, "random_weight": 0.16918326774791914, "id": 8}, {"weight": 4, "random_weight": 0.7323845026343668, "id": 10}, {"weight": 2, "random_weight": 0.6032532079272224, "id": 16}], [{"weight": 4, "random_weight": 0.7323845026343668, "id": 9}, {"weight": 1, "random_weight": 0.0018232549083734284, "id": 11}, {"weight": 1, "random_weight": 0.740869422871055, "id": 16}, {"weight": 3, "random_weight": 0.6745020852917288, "id": 17}, {"weight": 1, "random_weight": 0.6740554244982405, "id": 21}], [{"weight": 1, "random_weight": 0.5814131034041038, "id": 2}, {"weight": 3, "random_weight": 0.1648397337972869, "id": 7}, {"weight": 1, "random_weight": 0.0018232549083734284, "id": 10}, {"weight": 4, "random_weight": 0.531732311814709, "id": 17}], [{"weight": 2, "random_weight": 0.43705199642981163, "id": 3}, {"weight": 3, "random_weight": 0.23320766802396042, "id": 5}], [{"weight": 1, "random_weight": 0.6051741784160446, "id": 4}, {"weight": 3, "random_weight": 0.11369726963676208, "id": 5}, {"weight": 4, "random_weight": 0.5108489233576563, "id": 14}, {"weight": 4, "random_weight": 0.1332057720729395, "id": 23}], [{"weight": 1, "random_weight": 0.6552875304621684, "id": 5}, {"weight": 4, "random_weight": 0.5108489233576563, "id": 13}, {"weight": 2, "random_weight": 0.4963235405309333, "id": 15}, {"weight": 1, "random_weight": 0.7910884607793828, "id": 19}, {"weight": 1, "random_weight": 0.8480708454163348, "id": 20}], [{"weight": 2, "random_weight": 0.5447710158423642, "id": 1}, {"weight": 2, "random_weight": 0.4963235405309333, "id": 14}, {"weight": 3, "random_weight": 0.8483790263791393, "id": 19}], [{"weight": 3, "random_weight": 0.6400968706032875, "id": 4}, {"weight": 1, "random_weight": 0.9635377023286917, "id": 6}, {"weight": 1, "random_weight": 0.6989916476949013, "id": 8}, {"weight": 2, "random_weight": 0.6032532079272224, "id": 9}, {"weight": 1, "random_weight": 0.740869422871055, "id": 10}, {"weight": 4, "random_weight": 0.7809926748717868, "id": 21}], [{"weight": 1, "random_weight": 0.9912042994772597, "id": 2}, {"weight": 3, "random_weight": 0.6745020852917288, "id": 10}, {"weight": 4, "random_weight": 0.531732311814709, "id": 11}, {"weight": 4, "random_weight": 0.674400325974254, "id": 22}], [{"weight": 2, "random_weight": 0.7731879381662553, "id": 6}, {"weight": 5, "random_weight": 0.7107590352685048, "id": 8}], [{"weight": 1, "random_weight": 0.33546980940356697, "id": 0}, {"weight": 4, "random_weight": 0.2174795278011895, "id": 1}, {"weight": 1, "random_weight": 0.7910884607793828, "id": 14}, {"weight": 3, "random_weight": 0.8483790263791393, "id": 15}, {"weight": 3, "random_weight": 0.5435151066862735, "id": 20}], [{"weight": 1, "random_weight": 0.2344097385568612, "id": 0}, {"weight": 1, "random_weight": 0.8480708454163348, "id": 14}, {"weight": 3, "random_weight": 0.5435151066862735, "id": 19}, {"weight": 2, "random_weight": 0.9100207461802944, "id": 22}, {"weight": 3, "random_weight": 0.7790176528879689, "id": 23}], [{"weight": 1, "random_weight": 0.4617959680742627, "id": 4}, {"weight": 1, "random_weight": 0.6740554244982405, "id": 10}, {"weight": 4, "random_weight": 0.7809926748717868, "id": 16}, {"weight": 4, "random_weight": 0.1289757825845549, "id": 22}, {"weight": 4, "random_weight": 0.0209987646141504, "id": 23}], [{"weight": 1, "random_weight": 0.3915266138913567, "id": 0}, {"weight": 1, "random_weight": 0.8718037604049543, "id": 2}, {"weight": 4, "random_weight": 0.674400325974254, "id": 17}, {"weight": 2, "random_weight": 0.9100207461802944, "id": 20}, {"weight": 4, "random_weight": 0.1289757825845549, "id": 21}], [{"weight": 1, "random_weight": 0.9659933305722422, "id": 4}, {"weight": 4, "random_weight": 0.1332057720729395, "id": 13}, {"weight": 3, "random_weight": 0.7790176528879689, "id": 20}, {"weight": 4, "random_weight": 0.0209987646141504, "id": 21}]]}