{"directed": false, "multigraph": false, "graph": [], "nodes": [{"graph": null, "nnodes": 6, "nedges": 5, "density": 0.3333333333333333, "atomics": "[80, 81, 82, 83, 93, 95]", "group_pop": 6, "init_part_assignment": 2, "id": 0}, {"graph": null, "nnodes": 6, "nedges": 5, "density": 0.3333333333333333, "atomics": "[67, 68, 69, 70, 71, 57]", "group_pop": 6, "init_part_assignment": 11, "id": 1}, {"graph": null, "nnodes": 6, "nedges": 6, "density": 0.4, "atomics": "[44, 45, 46, 47, 58, 59]", "group_pop": 6, "init_part_assignment": 5, "id": 2}, {"graph": null, "nnodes": 6, "nedges": 5, "density": 0.3333333333333333, "atomics": "[104, 105, 106, 107, 92, 94]", "group_pop": 6, "init_part_assignment": 2, "id": 3}, {"graph": null, "nnodes": 6, "nedges": 5, "density": 0.3333333333333333, "atomics": "[0, 36, 12, 13, 48, 24]", "group_pop": 6, "init_part_assignment": 7, "id": 4}, {"graph": null, "nnodes": 6, "nedges": 6, "density": 0.4, "atomics": "[49, 50, 51, 60, 61, 62]", "group_pop": 6, "init_part_assignment": 9, "id": 5}, {"graph": null, "nnodes": 6, "nedges": 6, "density": 0.4, "atomics": "[37, 38, 39, 40, 27, 28]", "group_pop": 6, "init_part_assignment": 4, "id": 6}, {"graph": null, "nnodes": 6, "nedges": 6, "density": 0.4, "atomics": "[130, 131, 141, 142, 143, 119]", "group_pop": 6, "init_part_assignment": 1, "id": 7}, {"graph": null, "nnodes": 6, "nedges": 6, "density": 0.4, "atomics": "[128, 129, 140, 116, 117, 118]", "group_pop": 6, "init_part_assignment": 1, "id": 8}, {"graph": null, "nnodes": 6, "nedges": 6, "density": 0.4, "atomics": "[132, 133, 134, 135, 120, 121]", "group_pop": 6, "init_part_assignment": 0, "id": 9}, {"graph": null, "nnodes": 6, "nedges": 5, "density": 0.3333333333333333, "atomics": "[99, 136, 111, 123, 124, 125]", "group_pop": 6, "init_part_assignment": 10, "id": 10}, {"graph": null, "nnodes": 6, "nedges": 6, "density": 0.4, "atomics": "[137, 138, 139, 115, 126, 127]", "group_pop": 6, "init_part_assignment": 10, "id": 11}, {"graph": null, "nnodes": 6, "nedges": 5, "density": 0.3333333333333333, "atomics": "[1, 2, 14, 15, 25, 26]", "group_pop": 6, "init_part_assignment": 7, "id": 12}, {"graph": null, "nnodes": 6, "nedges": 6, "density": 0.4, "atomics": "[3, 4, 5, 16, 17, 29]", "group_pop": 6, "init_part_assignment": 4, "id": 13}, {"graph": null, "nnodes": 6, "nedges": 7, "density": 0.4666666666666667, "atomics": "[6, 7, 8, 18, 19, 20]", "group_pop": 6, "init_part_assignment": 3, "id": 14}, {"graph": null, "nnodes": 6, "nedges": 7, "density": 0.4666666666666667, "atomics": "[34, 35, 10, 11, 22, 23]", "group_pop": 6, "init_part_assignment": 5, "id": 15}, {"graph": null, "nnodes": 6, "nedges": 5, "density": 0.3333333333333333, "atomics": "[41, 42, 54, 55, 56, 30]", "group_pop": 6, "init_part_assignment": 6, "id": 16}, {"graph": null, "nnodes": 6, "nedges": 5, "density": 0.3333333333333333, "atomics": "[32, 33, 9, 43, 21, 31]", "group_pop": 6, "init_part_assignment": 3, "id": 17}, {"graph": null, "nnodes": 6, "nedges": 6, "density": 0.4, "atomics": "[100, 101, 112, 113, 114, 89]", "group_pop": 6, "init_part_assignment": 8, "id": 18}, {"graph": null, "nnodes": 6, "nedges": 6, "density": 0.4, "atomics": "[96, 97, 108, 109, 110, 122]", "group_pop": 6, "init_part_assignment": 0, "id": 19}, {"graph": null, "nnodes": 6, "nedges": 7, "density": 0.4666666666666667, "atomics": "[102, 103, 78, 79, 90, 91]", "group_pop": 6, "init_part_assignment": 11, "id": 20}, {"graph": null, "nnodes": 6, "nedges": 6, "density": 0.4, "atomics": "[98, 72, 73, 84, 85, 86]", "group_pop": 6, "init_part_assignment": 9, "id": 21}, {"graph": null, "nnodes": 6, "nedges": 6, "density": 0.4, "atomics": "[64, 65, 66, 77, 52, 53]", "group_pop": 6, "init_part_assignment": 6, "id": 22}, {"graph": null, "nnodes": 6, "nedges": 6, "density": 0.4, "atomics": "[74, 75, 76, 87, 88, 63]", "group_pop": 6, "init_part_assignment": 8, "id": 23}], "adjacency": [[{"weight": 4, "random_weight": 0.31251190873869317, "id": 1}, {"weight": 7, "random_weight": 0.4278472483748694, "id": 3}, {"weight": 1, "random_weight": 0.554189600154399, "id": 20}], [{"weight": 4, "random_weight": 0.31251190873869317, "id": 0}, {"weight": 4, "random_weight": 0.7236609727582097, "id": 2}, {"weight": 3, "random_weight": 0.5641195007468057, "id": 16}, {"weight": 1, "random_weight": 0.6241962664423405, "id": 20}, {"weight": 1, "random_weight": 0.03408716321583383, "id": 22}], [{"weight": 4, "random_weight": 0.7236609727582097, "id": 1}, {"weight": 2, "random_weight": 0.8150961100859089, "id": 15}, {"weight": 1, "random_weight": 0.3063959706447097, "id": 16}, {"weight": 3, "random_weight": 0.23844361613546228, "id": 17}], [{"weight": 7, "random_weight": 0.4278472483748694, "id": 0}, {"weight": 1, "random_weight": 0.8702961238795767, "id": 7}, {"weight": 3, "random_weight": 0.13591842744575988, "id": 8}, {"weight": 2, "random_weight": 0.6107901727406727, "id": 20}], [{"weight": 2, "random_weight": 0.11316057642371413, "id": 5}, {"weight": 1, "random_weight": 0.8711475529712047, "id": 6}, {"weight": 5, "random_weight": 0.21518552427192839, "id": 12}], [{"weight": 2, "random_weight": 0.11316057642371413, "id": 4}, {"weight": 3, "random_weight": 0.4032568728443915, "id": 6}, {"weight": 2, "random_weight": 0.8848619969258941, "id": 21}, {"weight": 1, "random_weight": 0.49278794030843764, "id": 22}, {"weight": 3, "random_weight": 0.5266736182161021, "id": 23}], [{"weight": 1, "random_weight": 0.8711475529712047, "id": 4}, {"weight": 3, "random_weight": 0.4032568728443915, "id": 5}, {"weight": 4, "random_weight": 0.5285314900569298, "id": 12}, {"weight": 2, "random_weight": 0.017940732779444635, "id": 13}, {"weight": 1, "random_weight": 0.8827030030587756, "id": 16}, {"weight": 1, "random_weight": 0.8279838892679978, "id": 22}], [{"weight": 1, "random_weight": 0.8702961238795767, "id": 3}, {"weight": 5, "random_weight": 0.43563381126320644, "id": 8}], [{"weight": 3, "random_weight": 0.13591842744575988, "id": 3}, {"weight": 5, "random_weight": 0.43563381126320644, "id": 7}, {"weight": 3, "random_weight": 0.9387980474151706, "id": 11}], [{"weight": 2, "random_weight": 0.4855599751396378, "id": 10}, {"weight": 4, "random_weight": 0.1944269040945641, "id": 19}], [{"weight": 2, "random_weight": 0.4855599751396378, "id": 9}, {"weight": 3, "random_weight": 0.7388723783574936, "id": 11}, {"weight": 4, "random_weight": 0.3115168005341541, "id": 18}, {"weight": 2, "random_weight": 0.6095101046390698, "id": 19}, {"weight": 1, "random_weight": 0.5032398948609131, "id": 21}, {"weight": 1, "random_weight": 0.3963698787498269, "id": 23}], [{"weight": 3, "random_weight": 0.9387980474151706, "id": 8}, {"weight": 3, "random_weight": 0.7388723783574936, "id": 10}, {"weight": 2, "random_weight": 0.6354490169386999, "id": 18}, {"weight": 1, "random_weight": 0.46928194920420385, "id": 20}], [{"weight": 5, "random_weight": 0.21518552427192839, "id": 4}, {"weight": 4, "random_weight": 0.5285314900569298, "id": 6}, {"weight": 3, "random_weight": 0.140199271412348, "id": 13}], [{"weight": 2, "random_weight": 0.017940732779444635, "id": 6}, {"weight": 3, "random_weight": 0.140199271412348, "id": 12}, {"weight": 2, "random_weight": 0.5950672784019252, "id": 14}, {"weight": 2, "random_weight": 0.7514702911640563, "id": 16}], [{"weight": 2, "random_weight": 0.5950672784019252, "id": 13}, {"weight": 1, "random_weight": 0.5827989749422424, "id": 16}, {"weight": 4, "random_weight": 0.11859768224741363, "id": 17}], [{"weight": 2, "random_weight": 0.8150961100859089, "id": 2}, {"weight": 3, "random_weight": 0.657763778714528, "id": 17}], [{"weight": 3, "random_weight": 0.5641195007468057, "id": 1}, {"weight": 1, "random_weight": 0.3063959706447097, "id": 2}, {"weight": 1, "random_weight": 0.8827030030587756, "id": 6}, {"weight": 2, "random_weight": 0.7514702911640563, "id": 13}, {"weight": 1, "random_weight": 0.5827989749422424, "id": 14}, {"weight": 3, "random_weight": 0.6865423359406372, "id": 17}, {"weight": 3, "random_weight": 0.4571600995625512, "id": 22}], [{"weight": 3, "random_weight": 0.23844361613546228, "id": 2}, {"weight": 4, "random_weight": 0.11859768224741363, "id": 14}, {"weight": 3, "random_weight": 0.657763778714528, "id": 15}, {"weight": 3, "random_weight": 0.6865423359406372, "id": 16}], [{"weight": 4, "random_weight": 0.3115168005341541, "id": 10}, {"weight": 2, "random_weight": 0.6354490169386999, "id": 11}, {"weight": 3, "random_weight": 0.14183996660142884, "id": 20}, {"weight": 1, "random_weight": 0.5288986101130547, "id": 22}, {"weight": 2, "random_weight": 0.265492912562047, "id": 23}], [{"weight": 4, "random_weight": 0.1944269040945641, "id": 9}, {"weight": 2, "random_weight": 0.6095101046390698, "id": 10}, {"weight": 4, "random_weight": 0.13077894887394315, "id": 21}], [{"weight": 1, "random_weight": 0.554189600154399, "id": 0}, {"weight": 1, "random_weight": 0.6241962664423405, "id": 1}, {"weight": 2, "random_weight": 0.6107901727406727, "id": 3}, {"weight": 1, "random_weight": 0.46928194920420385, "id": 11}, {"weight": 3, "random_weight": 0.14183996660142884, "id": 18}, {"weight": 2, "random_weight": 0.618797974959364, "id": 22}], [{"weight": 2, "random_weight": 0.8848619969258941, "id": 5}, {"weight": 1, "random_weight": 0.5032398948609131, "id": 10}, {"weight": 4, "random_weight": 0.13077894887394315, "id": 19}, {"weight": 3, "random_weight": 0.9800000527033215, "id": 23}], [{"weight": 1, "random_weight": 0.03408716321583383, "id": 1}, {"weight": 1, "random_weight": 0.49278794030843764, "id": 5}, {"weight": 1, "random_weight": 0.8279838892679978, "id": 6}, {"weight": 3, "random_weight": 0.4571600995625512, "id": 16}, {"weight": 1, "random_weight": 0.5288986101130547, "id": 18}, {"weight": 2, "random_weight": 0.618797974959364, "id": 20}, {"weight": 3, "random_weight": 0.5059789809896248, "id": 23}], [{"weight": 3, "random_weight": 0.5266736182161021, "id": 5}, {"weight": 1, "random_weight": 0.3963698787498269, "id": 10}, {"weight": 2, "random_weight": 0.265492912562047, "id": 18}, {"weight": 3, "random_weight": 0.9800000527033215, "id": 21}, {"weight": 3, "random_weight": 0.5059789809896248, "id": 22}]]}