{"directed": false, "multigraph": false, "graph": [], "nodes": [{"graph": null, "nnodes": 6, "nedges": 6, "density": 0.4, "atomics": "[70, 71, 82, 83, 58, 95]", "group_pop": 6, "init_part_assignment": 7, "id": 0}, {"graph": null, "nnodes": 6, "nedges": 6, "density": 0.4, "atomics": "[34, 35, 46, 47, 22, 59]", "group_pop": 6, "init_part_assignment": 0, "id": 1}, {"graph": null, "nnodes": 6, "nedges": 7, "density": 0.4666666666666667, "atomics": "[105, 106, 107, 117, 118, 119]", "group_pop": 6, "init_part_assignment": 7, "id": 2}, {"graph": null, "nnodes": 6, "nedges": 7, "density": 0.4666666666666667, "atomics": "[48, 49, 50, 60, 61, 62]", "group_pop": 6, "init_part_assignment": 1, "id": 3}, {"graph": null, "nnodes": 6, "nedges": 6, "density": 0.4, "atomics": "[1, 2, 38, 13, 14, 26]", "group_pop": 6, "init_part_assignment": 2, "id": 4}, {"graph": null, "nnodes": 6, "nedges": 7, "density": 0.4666666666666667, "atomics": "[129, 130, 131, 141, 142, 143]", "group_pop": 6, "init_part_assignment": 5, "id": 5}, {"graph": null, "nnodes": 6, "nedges": 6, "density": 0.4, "atomics": "[132, 133, 134, 109, 120, 121]", "group_pop": 6, "init_part_assignment": 11, "id": 6}, {"graph": null, "nnodes": 6, "nedges": 6, "density": 0.4, "atomics": "[135, 136, 111, 122, 123, 124]", "group_pop": 6, "init_part_assignment": 9, "id": 7}, {"graph": null, "nnodes": 6, "nedges": 6, "density": 0.4, "atomics": "[137, 113, 114, 115, 125, 126]", "group_pop": 6, "init_part_assignment": 9, "id": 8}, {"graph": null, "nnodes": 6, "nedges": 6, "density": 0.4, "atomics": "[103, 104, 91, 92, 93, 94]", "group_pop": 6, "init_part_assignment": 8, "id": 9}, {"graph": null, "nnodes": 6, "nedges": 6, "density": 0.4, "atomics": "[0, 36, 37, 12, 24, 25]", "group_pop": 6, "init_part_assignment": 1, "id": 10}, {"graph": null, "nnodes": 6, "nedges": 6, "density": 0.4, "atomics": "[4, 5, 40, 16, 17, 28]", "group_pop": 6, "init_part_assignment": 6, "id": 11}, {"graph": null, "nnodes": 6, "nedges": 6, "density": 0.4, "atomics": "[6, 18, 19, 29, 30, 31]", "group_pop": 6, "init_part_assignment": 4, "id": 12}, {"graph": null, "nnodes": 6, "nedges": 5, "density": 0.3333333333333333, "atomics": "[3, 39, 15, 51, 27, 63]", "group_pop": 6, "init_part_assignment": 2, "id": 13}, {"graph": null, "nnodes": 6, "nedges": 5, "density": 0.3333333333333333, "atomics": "[7, 8, 9, 10, 11, 23]", "group_pop": 6, "init_part_assignment": 0, "id": 14}, {"graph": null, "nnodes": 6, "nedges": 7, "density": 0.4666666666666667, "atomics": "[32, 33, 44, 45, 20, 21]", "group_pop": 6, "init_part_assignment": 4, "id": 15}, {"graph": null, "nnodes": 6, "nedges": 6, "density": 0.4, "atomics": "[99, 100, 112, 86, 87, 88]", "group_pop": 6, "init_part_assignment": 10, "id": 16}, {"graph": null, "nnodes": 6, "nedges": 6, "density": 0.4, "atomics": "[128, 138, 139, 140, 116, 127]", "group_pop": 6, "init_part_assignment": 5, "id": 17}, {"graph": null, "nnodes": 6, "nedges": 5, "density": 0.3333333333333333, "atomics": "[96, 97, 98, 108, 110, 84]", "group_pop": 6, "init_part_assignment": 11, "id": 18}, {"graph": null, "nnodes": 6, "nedges": 7, "density": 0.4666666666666667, "atomics": "[68, 69, 80, 81, 56, 57]", "group_pop": 6, "init_part_assignment": 3, "id": 19}, {"graph": null, "nnodes": 6, "nedges": 6, "density": 0.4, "atomics": "[101, 102, 78, 79, 89, 90]", "group_pop": 6, "init_part_assignment": 8, "id": 20}, {"graph": null, "nnodes": 6, "nedges": 6, "density": 0.4, "atomics": "[64, 65, 41, 77, 52, 53]", "group_pop": 6, "init_part_assignment": 6, "id": 21}, {"graph": null, "nnodes": 6, "nedges": 7, "density": 0.4666666666666667, "atomics": "[66, 67, 42, 43, 54, 55]", "group_pop": 6, "init_part_assignment": 3, "id": 22}, {"graph": null, "nnodes": 6, "nedges": 5, "density": 0.3333333333333333, "atomics": "[72, 73, 74, 75, 76, 85]", "group_pop": 6, "init_part_assignment": 10, "id": 23}], "adjacency": [[{"weight": 3, "random_weight": 0.6887926174544082, "id": 1}, {"weight": 1, "random_weight": 0.5517223733808029, "id": 2}, {"weight": 2, "random_weight": 0.7205269177866777, "id": 9}, {"weight": 3, "random_weight": 0.45527325657157336, "id": 19}], [{"weight": 3, "random_weight": 0.6887926174544082, "id": 0}, {"weight": 3, "random_weight": 0.6548908425377943, "id": 14}, {"weight": 3, "random_weight": 0.4724862311123421, "id": 15}], [{"weight": 1, "random_weight": 0.5517223733808029, "id": 0}, {"weight": 3, "random_weight": 0.3650903208307581, "id": 5}, {"weight": 3, "random_weight": 0.45517433670384144, "id": 9}, {"weight": 1, "random_weight": 0.8694237516116028, "id": 17}], [{"weight": 1, "random_weight": 0.6766411592635334, "id": 4}, {"weight": 2, "random_weight": 0.6471898228951349, "id": 10}, {"weight": 2, "random_weight": 0.7071152438935778, "id": 13}, {"weight": 3, "random_weight": 0.5391768786641669, "id": 23}], [{"weight": 1, "random_weight": 0.6766411592635334, "id": 3}, {"weight": 5, "random_weight": 0.6964636675021622, "id": 10}, {"weight": 4, "random_weight": 0.0656660643226038, "id": 13}], [{"weight": 3, "random_weight": 0.3650903208307581, "id": 2}, {"weight": 2, "random_weight": 0.3399490029301102, "id": 17}], [{"weight": 3, "random_weight": 0.7606659773600803, "id": 7}, {"weight": 4, "random_weight": 0.7341855226241165, "id": 18}], [{"weight": 3, "random_weight": 0.7606659773600803, "id": 6}, {"weight": 2, "random_weight": 0.21203975394945818, "id": 8}, {"weight": 3, "random_weight": 0.4501580166573066, "id": 16}, {"weight": 2, "random_weight": 0.04107534274751712, "id": 18}], [{"weight": 2, "random_weight": 0.21203975394945818, "id": 7}, {"weight": 1, "random_weight": 0.4412578229000672, "id": 9}, {"weight": 1, "random_weight": 0.8515320166022099, "id": 16}, {"weight": 5, "random_weight": 0.8072469765066927, "id": 17}, {"weight": 2, "random_weight": 0.8517521305590998, "id": 20}], [{"weight": 2, "random_weight": 0.7205269177866777, "id": 0}, {"weight": 3, "random_weight": 0.45517433670384144, "id": 2}, {"weight": 1, "random_weight": 0.4412578229000672, "id": 8}, {"weight": 1, "random_weight": 0.32423006704675605, "id": 17}, {"weight": 2, "random_weight": 0.12054095780392415, "id": 19}, {"weight": 3, "random_weight": 0.33029819998375676, "id": 20}], [{"weight": 2, "random_weight": 0.6471898228951349, "id": 3}, {"weight": 5, "random_weight": 0.6964636675021622, "id": 4}], [{"weight": 4, "random_weight": 0.4544230001384435, "id": 12}, {"weight": 4, "random_weight": 0.7059157830523226, "id": 13}, {"weight": 2, "random_weight": 0.5977719271134263, "id": 21}], [{"weight": 4, "random_weight": 0.4544230001384435, "id": 11}, {"weight": 2, "random_weight": 0.733480883434993, "id": 14}, {"weight": 2, "random_weight": 0.6058624420733894, "id": 15}, {"weight": 1, "random_weight": 0.8504980553645937, "id": 21}, {"weight": 2, "random_weight": 0.530771883599879, "id": 22}], [{"weight": 2, "random_weight": 0.7071152438935778, "id": 3}, {"weight": 4, "random_weight": 0.0656660643226038, "id": 4}, {"weight": 4, "random_weight": 0.7059157830523226, "id": 11}, {"weight": 2, "random_weight": 0.6411756271238176, "id": 21}, {"weight": 1, "random_weight": 0.016143309636537095, "id": 23}], [{"weight": 3, "random_weight": 0.6548908425377943, "id": 1}, {"weight": 2, "random_weight": 0.733480883434993, "id": 12}, {"weight": 2, "random_weight": 0.7514116491110544, "id": 15}], [{"weight": 3, "random_weight": 0.4724862311123421, "id": 1}, {"weight": 2, "random_weight": 0.6058624420733894, "id": 12}, {"weight": 2, "random_weight": 0.7514116491110544, "id": 14}, {"weight": 2, "random_weight": 0.5163375987582592, "id": 19}, {"weight": 1, "random_weight": 0.6428997371072227, "id": 22}], [{"weight": 3, "random_weight": 0.4501580166573066, "id": 7}, {"weight": 1, "random_weight": 0.8515320166022099, "id": 8}, {"weight": 2, "random_weight": 0.7783169871881682, "id": 18}, {"weight": 2, "random_weight": 0.8759759185543512, "id": 20}, {"weight": 4, "random_weight": 0.3745406458160755, "id": 23}], [{"weight": 1, "random_weight": 0.8694237516116028, "id": 2}, {"weight": 2, "random_weight": 0.3399490029301102, "id": 5}, {"weight": 5, "random_weight": 0.8072469765066927, "id": 8}, {"weight": 1, "random_weight": 0.32423006704675605, "id": 9}], [{"weight": 4, "random_weight": 0.7341855226241165, "id": 6}, {"weight": 2, "random_weight": 0.04107534274751712, "id": 7}, {"weight": 2, "random_weight": 0.7783169871881682, "id": 16}, {"weight": 3, "random_weight": 0.3855475896581262, "id": 23}], [{"weight": 3, "random_weight": 0.45527325657157336, "id": 0}, {"weight": 2, "random_weight": 0.12054095780392415, "id": 9}, {"weight": 2, "random_weight": 0.5163375987582592, "id": 15}, {"weight": 1, "random_weight": 0.08251793380113415, "id": 20}, {"weight": 2, "random_weight": 0.16665231302340577, "id": 22}], [{"weight": 2, "random_weight": 0.8517521305590998, "id": 8}, {"weight": 3, "random_weight": 0.33029819998375676, "id": 9}, {"weight": 2, "random_weight": 0.8759759185543512, "id": 16}, {"weight": 1, "random_weight": 0.08251793380113415, "id": 19}, {"weight": 2, "random_weight": 0.5925329338832219, "id": 21}, {"weight": 2, "random_weight": 0.2957396040577791, "id": 22}], [{"weight": 2, "random_weight": 0.5977719271134263, "id": 11}, {"weight": 1, "random_weight": 0.8504980553645937, "id": 12}, {"weight": 2, "random_weight": 0.6411756271238176, "id": 13}, {"weight": 2, "random_weight": 0.5925329338832219, "id": 20}, {"weight": 3, "random_weight": 0.7979396339157886, "id": 22}, {"weight": 2, "random_weight": 0.780843126798193, "id": 23}], [{"weight": 2, "random_weight": 0.530771883599879, "id": 12}, {"weight": 1, "random_weight": 0.6428997371072227, "id": 15}, {"weight": 2, "random_weight": 0.16665231302340577, "id": 19}, {"weight": 2, "random_weight": 0.2957396040577791, "id": 20}, {"weight": 3, "random_weight": 0.7979396339157886, "id": 21}], [{"weight": 3, "random_weight": 0.5391768786641669, "id": 3}, {"weight": 1, "random_weight": 0.016143309636537095, "id": 13}, {"weight": 4, "random_weight": 0.3745406458160755, "id": 16}, {"weight": 3, "random_weight": 0.3855475896581262, "id": 18}, {"weight": 2, "random_weight": 0.780843126798193, "id": 21}]]}