{"directed": false, "multigraph": false, "graph": [], "nodes": [{"graph": null, "nnodes": 6, "nedges": 5, "density": 0.3333333333333333, "atomics": "[71, 106, 82, 83, 59, 94]", "group_pop": 6, "init_part_assignment": 0, "id": 0}, {"graph": null, "nnodes": 6, "nedges": 5, "density": 0.3333333333333333, "atomics": "[33, 68, 45, 56, 57, 58]", "group_pop": 6, "init_part_assignment": 7, "id": 1}, {"graph": null, "nnodes": 6, "nedges": 5, "density": 0.3333333333333333, "atomics": "[131, 107, 143, 118, 119, 95]", "group_pop": 6, "init_part_assignment": 3, "id": 2}, {"graph": null, "nnodes": 6, "nedges": 5, "density": 0.3333333333333333, "atomics": "[96, 72, 108, 48, 84, 60]", "group_pop": 6, "init_part_assignment": 2, "id": 3}, {"graph": null, "nnodes": 6, "nedges": 6, "density": 0.4, "atomics": "[73, 74, 49, 61, 62, 63]", "group_pop": 6, "init_part_assignment": 10, "id": 4}, {"graph": null, "nnodes": 6, "nedges": 6, "density": 0.4, "atomics": "[36, 37, 38, 39, 50, 51]", "group_pop": 6, "init_part_assignment": 10, "id": 5}, {"graph": null, "nnodes": 6, "nedges": 5, "density": 0.3333333333333333, "atomics": "[129, 130, 104, 105, 142, 117]", "group_pop": 6, "init_part_assignment": 3, "id": 6}, {"graph": null, "nnodes": 6, "nedges": 7, "density": 0.4666666666666667, "atomics": "[132, 133, 134, 120, 121, 122]", "group_pop": 6, "init_part_assignment": 2, "id": 7}, {"graph": null, "nnodes": 6, "nedges": 6, "density": 0.4, "atomics": "[135, 136, 137, 138, 125, 126]", "group_pop": 6, "init_part_assignment": 4, "id": 8}, {"graph": null, "nnodes": 6, "nedges": 6, "density": 0.4, "atomics": "[128, 139, 140, 141, 116, 127]", "group_pop": 6, "init_part_assignment": 4, "id": 9}, {"graph": null, "nnodes": 6, "nedges": 7, "density": 0.4666666666666667, "atomics": "[0, 1, 12, 13, 24, 25]", "group_pop": 6, "init_part_assignment": 1, "id": 10}, {"graph": null, "nnodes": 6, "nedges": 6, "density": 0.4, "atomics": "[4, 40, 41, 16, 28, 29]", "group_pop": 6, "init_part_assignment": 8, "id": 11}, {"graph": null, "nnodes": 6, "nedges": 7, "density": 0.4666666666666667, "atomics": "[5, 6, 7, 17, 18, 19]", "group_pop": 6, "init_part_assignment": 8, "id": 12}, {"graph": null, "nnodes": 6, "nedges": 7, "density": 0.4666666666666667, "atomics": "[2, 3, 14, 15, 26, 27]", "group_pop": 6, "init_part_assignment": 1, "id": 13}, {"graph": null, "nnodes": 6, "nedges": 7, "density": 0.4666666666666667, "atomics": "[34, 35, 46, 47, 22, 23]", "group_pop": 6, "init_part_assignment": 6, "id": 14}, {"graph": null, "nnodes": 6, "nedges": 6, "density": 0.4, "atomics": "[8, 9, 10, 11, 20, 21]", "group_pop": 6, "init_part_assignment": 6, "id": 15}, {"graph": null, "nnodes": 6, "nedges": 7, "density": 0.4666666666666667, "atomics": "[32, 42, 43, 44, 30, 31]", "group_pop": 6, "init_part_assignment": 7, "id": 16}, {"graph": null, "nnodes": 6, "nedges": 7, "density": 0.4666666666666667, "atomics": "[99, 100, 111, 112, 123, 124]", "group_pop": 6, "init_part_assignment": 9, "id": 17}, {"graph": null, "nnodes": 6, "nedges": 7, "density": 0.4666666666666667, "atomics": "[101, 102, 103, 113, 114, 115]", "group_pop": 6, "init_part_assignment": 9, "id": 18}, {"graph": null, "nnodes": 6, "nedges": 7, "density": 0.4666666666666667, "atomics": "[97, 98, 109, 110, 85, 86]", "group_pop": 6, "init_part_assignment": 11, "id": 19}, {"graph": null, "nnodes": 6, "nedges": 6, "density": 0.4, "atomics": "[69, 70, 80, 81, 92, 93]", "group_pop": 6, "init_part_assignment": 0, "id": 20}, {"graph": null, "nnodes": 6, "nedges": 7, "density": 0.4666666666666667, "atomics": "[75, 76, 77, 87, 88, 89]", "group_pop": 6, "init_part_assignment": 11, "id": 21}, {"graph": null, "nnodes": 6, "nedges": 7, "density": 0.4666666666666667, "atomics": "[66, 67, 78, 79, 90, 91]", "group_pop": 6, "init_part_assignment": 5, "id": 22}, {"graph": null, "nnodes": 6, "nedges": 6, "density": 0.4, "atomics": "[64, 65, 52, 53, 54, 55]", "group_pop": 6, "init_part_assignment": 5, "id": 23}], "adjacency": [[{"weight": 1, "random_weight": 0.6065131868759912, "id": 1}, {"weight": 4, "random_weight": 0.19893307327113785, "id": 2}, {"weight": 1, "random_weight": 0.8595603226175598, "id": 6}, {"weight": 1, "random_weight": 0.931697459302368, "id": 14}, {"weight": 4, "random_weight": 0.09264569332264616, "id": 20}], [{"weight": 1, "random_weight": 0.6065131868759912, "id": 0}, {"weight": 3, "random_weight": 0.7179686079110184, "id": 14}, {"weight": 1, "random_weight": 0.5911177657857504, "id": 15}, {"weight": 3, "random_weight": 0.8529572475309914, "id": 16}, {"weight": 4, "random_weight": 0.8366891930296615, "id": 20}, {"weight": 1, "random_weight": 0.535946119347876, "id": 22}, {"weight": 1, "random_weight": 0.24196458166019008, "id": 23}], [{"weight": 4, "random_weight": 0.19893307327113785, "id": 0}, {"weight": 4, "random_weight": 0.551254050800339, "id": 6}], [{"weight": 3, "random_weight": 0.6481425489598527, "id": 4}, {"weight": 1, "random_weight": 0.7949303596938734, "id": 5}, {"weight": 1, "random_weight": 0.0005997092612904931, "id": 7}, {"weight": 3, "random_weight": 0.30409341748101815, "id": 19}], [{"weight": 3, "random_weight": 0.6481425489598527, "id": 3}, {"weight": 4, "random_weight": 0.46343678555912593, "id": 5}, {"weight": 2, "random_weight": 0.8042715182804718, "id": 19}, {"weight": 2, "random_weight": 0.4387979848668767, "id": 21}, {"weight": 1, "random_weight": 0.676549482374464, "id": 23}], [{"weight": 1, "random_weight": 0.7949303596938734, "id": 3}, {"weight": 4, "random_weight": 0.46343678555912593, "id": 4}, {"weight": 2, "random_weight": 0.9480344804113937, "id": 10}, {"weight": 1, "random_weight": 0.27113919077077486, "id": 11}, {"weight": 2, "random_weight": 0.22198948113279426, "id": 13}, {"weight": 1, "random_weight": 0.8932812966434842, "id": 23}], [{"weight": 1, "random_weight": 0.8595603226175598, "id": 0}, {"weight": 4, "random_weight": 0.551254050800339, "id": 2}, {"weight": 5, "random_weight": 0.7187878748945319, "id": 9}, {"weight": 1, "random_weight": 0.5261836020146787, "id": 18}, {"weight": 2, "random_weight": 0.7203495800147753, "id": 20}], [{"weight": 1, "random_weight": 0.0005997092612904931, "id": 3}, {"weight": 1, "random_weight": 0.6883572232510806, "id": 8}, {"weight": 1, "random_weight": 0.9060164951347088, "id": 17}, {"weight": 2, "random_weight": 0.43748126743241966, "id": 19}], [{"weight": 1, "random_weight": 0.6883572232510806, "id": 7}, {"weight": 2, "random_weight": 0.5332705422607468, "id": 9}, {"weight": 3, "random_weight": 0.007192567534138883, "id": 17}, {"weight": 2, "random_weight": 0.9321425945930786, "id": 18}], [{"weight": 5, "random_weight": 0.7187878748945319, "id": 6}, {"weight": 2, "random_weight": 0.5332705422607468, "id": 8}, {"weight": 2, "random_weight": 0.7500274902248739, "id": 18}], [{"weight": 2, "random_weight": 0.9480344804113937, "id": 5}, {"weight": 3, "random_weight": 0.16624877830926543, "id": 13}], [{"weight": 1, "random_weight": 0.27113919077077486, "id": 5}, {"weight": 3, "random_weight": 0.4715363336643179, "id": 12}, {"weight": 3, "random_weight": 0.7397989187387937, "id": 13}, {"weight": 2, "random_weight": 0.20765208109938094, "id": 16}, {"weight": 2, "random_weight": 0.9379829482881709, "id": 23}], [{"weight": 3, "random_weight": 0.4715363336643179, "id": 11}, {"weight": 2, "random_weight": 0.9139869120395752, "id": 15}, {"weight": 2, "random_weight": 0.8726542587969784, "id": 16}], [{"weight": 2, "random_weight": 0.22198948113279426, "id": 5}, {"weight": 3, "random_weight": 0.16624877830926543, "id": 10}, {"weight": 3, "random_weight": 0.7397989187387937, "id": 11}], [{"weight": 1, "random_weight": 0.931697459302368, "id": 0}, {"weight": 3, "random_weight": 0.7179686079110184, "id": 1}, {"weight": 3, "random_weight": 0.05900277849620228, "id": 15}], [{"weight": 1, "random_weight": 0.5911177657857504, "id": 1}, {"weight": 2, "random_weight": 0.9139869120395752, "id": 12}, {"weight": 3, "random_weight": 0.05900277849620228, "id": 14}, {"weight": 1, "random_weight": 0.8951773370924583, "id": 16}], [{"weight": 3, "random_weight": 0.8529572475309914, "id": 1}, {"weight": 2, "random_weight": 0.20765208109938094, "id": 11}, {"weight": 2, "random_weight": 0.8726542587969784, "id": 12}, {"weight": 1, "random_weight": 0.8951773370924583, "id": 15}, {"weight": 2, "random_weight": 0.46922271775627644, "id": 23}], [{"weight": 1, "random_weight": 0.9060164951347088, "id": 7}, {"weight": 3, "random_weight": 0.007192567534138883, "id": 8}, {"weight": 2, "random_weight": 0.06157230685456916, "id": 18}, {"weight": 2, "random_weight": 0.7031004636425647, "id": 19}, {"weight": 2, "random_weight": 0.6415253824054411, "id": 21}], [{"weight": 1, "random_weight": 0.5261836020146787, "id": 6}, {"weight": 2, "random_weight": 0.9321425945930786, "id": 8}, {"weight": 2, "random_weight": 0.7500274902248739, "id": 9}, {"weight": 2, "random_weight": 0.06157230685456916, "id": 17}, {"weight": 1, "random_weight": 0.6537500017780533, "id": 21}, {"weight": 2, "random_weight": 0.7165788806891138, "id": 22}], [{"weight": 3, "random_weight": 0.30409341748101815, "id": 3}, {"weight": 2, "random_weight": 0.8042715182804718, "id": 4}, {"weight": 2, "random_weight": 0.43748126743241966, "id": 7}, {"weight": 2, "random_weight": 0.7031004636425647, "id": 17}, {"weight": 1, "random_weight": 0.7075565108580375, "id": 21}], [{"weight": 4, "random_weight": 0.09264569332264616, "id": 0}, {"weight": 4, "random_weight": 0.8366891930296615, "id": 1}, {"weight": 2, "random_weight": 0.7203495800147753, "id": 6}, {"weight": 2, "random_weight": 0.8340902835215865, "id": 22}], [{"weight": 2, "random_weight": 0.4387979848668767, "id": 4}, {"weight": 2, "random_weight": 0.6415253824054411, "id": 17}, {"weight": 1, "random_weight": 0.6537500017780533, "id": 18}, {"weight": 1, "random_weight": 0.7075565108580375, "id": 19}, {"weight": 2, "random_weight": 0.4621642710608579, "id": 22}, {"weight": 2, "random_weight": 0.6068071318590638, "id": 23}], [{"weight": 1, "random_weight": 0.535946119347876, "id": 1}, {"weight": 2, "random_weight": 0.7165788806891138, "id": 18}, {"weight": 2, "random_weight": 0.8340902835215865, "id": 20}, {"weight": 2, "random_weight": 0.4621642710608579, "id": 21}, {"weight": 3, "random_weight": 0.23576596117894522, "id": 23}], [{"weight": 1, "random_weight": 0.24196458166019008, "id": 1}, {"weight": 1, "random_weight": 0.676549482374464, "id": 4}, {"weight": 1, "random_weight": 0.8932812966434842, "id": 5}, {"weight": 2, "random_weight": 0.9379829482881709, "id": 11}, {"weight": 2, "random_weight": 0.46922271775627644, "id": 16}, {"weight": 2, "random_weight": 0.6068071318590638, "id": 21}, {"weight": 3, "random_weight": 0.23576596117894522, "id": 22}]]}