{"directed": false, "multigraph": false, "graph": [], "nodes": [{"graph": null, "nnodes": 6, "nedges": 6, "density": 0.4, "atomics": "[70, 71, 82, 83, 57, 58]", "group_pop": 6, "init_part_assignment": 2, "id": 0}, {"graph": null, "nnodes": 6, "nedges": 6, "density": 0.4, "atomics": "[34, 35, 46, 47, 23, 59]", "group_pop": 6, "init_part_assignment": 2, "id": 1}, {"graph": null, "nnodes": 6, "nedges": 7, "density": 0.4666666666666667, "atomics": "[105, 106, 107, 93, 94, 95]", "group_pop": 6, "init_part_assignment": 7, "id": 2}, {"graph": null, "nnodes": 6, "nedges": 7, "density": 0.4666666666666667, "atomics": "[36, 37, 48, 49, 60, 61]", "group_pop": 6, "init_part_assignment": 3, "id": 3}, {"graph": null, "nnodes": 6, "nedges": 5, "density": 0.3333333333333333, "atomics": "[72, 73, 74, 50, 84, 62]", "group_pop": 6, "init_part_assignment": 6, "id": 4}, {"graph": null, "nnodes": 6, "nedges": 7, "density": 0.4666666666666667, "atomics": "[38, 39, 40, 26, 27, 28]", "group_pop": 6, "init_part_assignment": 3, "id": 5}, {"graph": null, "nnodes": 6, "nedges": 7, "density": 0.4666666666666667, "atomics": "[130, 131, 142, 143, 118, 119]", "group_pop": 6, "init_part_assignment": 0, "id": 6}, {"graph": null, "nnodes": 6, "nedges": 7, "density": 0.4666666666666667, "atomics": "[133, 134, 135, 121, 122, 123]", "group_pop": 6, "init_part_assignment": 1, "id": 7}, {"graph": null, "nnodes": 6, "nedges": 5, "density": 0.3333333333333333, "atomics": "[136, 137, 138, 124, 126, 127]", "group_pop": 6, "init_part_assignment": 1, "id": 8}, {"graph": null, "nnodes": 6, "nedges": 6, "density": 0.4, "atomics": "[99, 100, 111, 112, 113, 125]", "group_pop": 6, "init_part_assignment": 9, "id": 9}, {"graph": null, "nnodes": 6, "nedges": 6, "density": 0.4, "atomics": "[128, 129, 139, 140, 141, 117]", "group_pop": 6, "init_part_assignment": 0, "id": 10}, {"graph": null, "nnodes": 6, "nedges": 7, "density": 0.4666666666666667, "atomics": "[0, 1, 12, 13, 24, 25]", "group_pop": 6, "init_part_assignment": 4, "id": 11}, {"graph": null, "nnodes": 6, "nedges": 7, "density": 0.4666666666666667, "atomics": "[2, 3, 4, 14, 15, 16]", "group_pop": 6, "init_part_assignment": 4, "id": 12}, {"graph": null, "nnodes": 6, "nedges": 6, "density": 0.4, "atomics": "[5, 6, 7, 17, 18, 29]", "group_pop": 6, "init_part_assignment": 5, "id": 13}, {"graph": null, "nnodes": 6, "nedges": 6, "density": 0.4, "atomics": "[8, 9, 10, 11, 21, 22]", "group_pop": 6, "init_part_assignment": 5, "id": 14}, {"graph": null, "nnodes": 6, "nedges": 6, "density": 0.4, "atomics": "[32, 33, 19, 20, 30, 31]", "group_pop": 6, "init_part_assignment": 8, "id": 15}, {"graph": null, "nnodes": 6, "nedges": 7, "density": 0.4666666666666667, "atomics": "[102, 103, 104, 114, 115, 116]", "group_pop": 6, "init_part_assignment": 7, "id": 16}, {"graph": null, "nnodes": 6, "nedges": 6, "density": 0.4, "atomics": "[96, 97, 132, 108, 109, 120]", "group_pop": 6, "init_part_assignment": 6, "id": 17}, {"graph": null, "nnodes": 6, "nedges": 5, "density": 0.3333333333333333, "atomics": "[98, 75, 110, 85, 86, 87]", "group_pop": 6, "init_part_assignment": 9, "id": 18}, {"graph": null, "nnodes": 6, "nedges": 6, "density": 0.4, "atomics": "[79, 80, 81, 90, 91, 92]", "group_pop": 6, "init_part_assignment": 10, "id": 19}, {"graph": null, "nnodes": 6, "nedges": 6, "density": 0.4, "atomics": "[66, 67, 68, 69, 55, 56]", "group_pop": 6, "init_part_assignment": 10, "id": 20}, {"graph": null, "nnodes": 6, "nedges": 5, "density": 0.3333333333333333, "atomics": "[65, 101, 77, 78, 53, 89]", "group_pop": 6, "init_part_assignment": 11, "id": 21}, {"graph": null, "nnodes": 6, "nedges": 5, "density": 0.3333333333333333, "atomics": "[41, 42, 43, 44, 45, 54]", "group_pop": 6, "init_part_assignment": 8, "id": 22}, {"graph": null, "nnodes": 6, "nedges": 6, "density": 0.4, "atomics": "[64, 76, 51, 52, 88, 63]", "group_pop": 6, "init_part_assignment": 11, "id": 23}], "adjacency": [[{"weight": 3, "random_weight": 0.32269212762197697, "id": 1}, {"weight": 2, "random_weight": 0.8791034058592814, "id": 2}, {"weight": 1, "random_weight": 0.8367925579211687, "id": 19}, {"weight": 3, "random_weight": 0.5889714747870921, "id": 20}, {"weight": 1, "random_weight": 0.9883490747765784, "id": 22}], [{"weight": 3, "random_weight": 0.32269212762197697, "id": 0}, {"weight": 3, "random_weight": 0.18900125287754954, "id": 14}, {"weight": 1, "random_weight": 0.942439996064152, "id": 15}, {"weight": 1, "random_weight": 0.6750761884673311, "id": 22}], [{"weight": 2, "random_weight": 0.8791034058592814, "id": 0}, {"weight": 2, "random_weight": 0.853139346197137, "id": 6}, {"weight": 1, "random_weight": 0.5538250804813823, "id": 10}, {"weight": 1, "random_weight": 0.49276356173307767, "id": 16}, {"weight": 2, "random_weight": 0.5651434745806077, "id": 19}], [{"weight": 4, "random_weight": 0.6021258259116237, "id": 4}, {"weight": 1, "random_weight": 0.09838345055599818, "id": 5}, {"weight": 2, "random_weight": 0.3759701306569607, "id": 11}], [{"weight": 4, "random_weight": 0.6021258259116237, "id": 3}, {"weight": 1, "random_weight": 0.5811887661305051, "id": 5}, {"weight": 1, "random_weight": 0.7277770954507957, "id": 17}, {"weight": 4, "random_weight": 0.5654081238116873, "id": 18}, {"weight": 2, "random_weight": 0.7616442139542959, "id": 23}], [{"weight": 1, "random_weight": 0.09838345055599818, "id": 3}, {"weight": 1, "random_weight": 0.5811887661305051, "id": 4}, {"weight": 1, "random_weight": 0.830129797588549, "id": 11}, {"weight": 3, "random_weight": 0.38765740074142996, "id": 12}, {"weight": 1, "random_weight": 0.6611108709358502, "id": 13}, {"weight": 1, "random_weight": 0.14087396021114829, "id": 22}, {"weight": 2, "random_weight": 0.7445781759060676, "id": 23}], [{"weight": 2, "random_weight": 0.853139346197137, "id": 2}, {"weight": 3, "random_weight": 0.8411305650507233, "id": 10}], [{"weight": 2, "random_weight": 0.005263489139819444, "id": 8}, {"weight": 1, "random_weight": 0.03426845659964606, "id": 9}, {"weight": 3, "random_weight": 0.9590061037446677, "id": 17}, {"weight": 1, "random_weight": 0.8432379819933642, "id": 18}], [{"weight": 2, "random_weight": 0.005263489139819444, "id": 7}, {"weight": 4, "random_weight": 0.5799128508716819, "id": 9}, {"weight": 3, "random_weight": 0.9916727580157565, "id": 10}, {"weight": 2, "random_weight": 0.8799879903611459, "id": 16}], [{"weight": 1, "random_weight": 0.03426845659964606, "id": 7}, {"weight": 4, "random_weight": 0.5799128508716819, "id": 8}, {"weight": 1, "random_weight": 0.8803952147111389, "id": 16}, {"weight": 3, "random_weight": 0.030122991204416416, "id": 18}, {"weight": 2, "random_weight": 0.15586514362910386, "id": 21}, {"weight": 1, "random_weight": 0.6271668286267491, "id": 23}], [{"weight": 1, "random_weight": 0.5538250804813823, "id": 2}, {"weight": 3, "random_weight": 0.8411305650507233, "id": 6}, {"weight": 3, "random_weight": 0.9916727580157565, "id": 8}, {"weight": 2, "random_weight": 0.5804937578615451, "id": 16}], [{"weight": 2, "random_weight": 0.3759701306569607, "id": 3}, {"weight": 1, "random_weight": 0.830129797588549, "id": 5}, {"weight": 2, "random_weight": 0.7288232073180532, "id": 12}], [{"weight": 3, "random_weight": 0.38765740074142996, "id": 5}, {"weight": 2, "random_weight": 0.7288232073180532, "id": 11}, {"weight": 2, "random_weight": 0.6493277649090988, "id": 13}], [{"weight": 1, "random_weight": 0.6611108709358502, "id": 5}, {"weight": 2, "random_weight": 0.6493277649090988, "id": 12}, {"weight": 1, "random_weight": 0.5708729831468858, "id": 14}, {"weight": 4, "random_weight": 0.4824062218019306, "id": 15}, {"weight": 1, "random_weight": 0.1615220528541974, "id": 22}], [{"weight": 3, "random_weight": 0.18900125287754954, "id": 1}, {"weight": 1, "random_weight": 0.5708729831468858, "id": 13}, {"weight": 3, "random_weight": 0.7070053924237305, "id": 15}], [{"weight": 1, "random_weight": 0.942439996064152, "id": 1}, {"weight": 4, "random_weight": 0.4824062218019306, "id": 13}, {"weight": 3, "random_weight": 0.7070053924237305, "id": 14}, {"weight": 4, "random_weight": 0.21979797601819073, "id": 22}], [{"weight": 1, "random_weight": 0.49276356173307767, "id": 2}, {"weight": 2, "random_weight": 0.8799879903611459, "id": 8}, {"weight": 1, "random_weight": 0.8803952147111389, "id": 9}, {"weight": 2, "random_weight": 0.5804937578615451, "id": 10}, {"weight": 3, "random_weight": 0.24859005958964076, "id": 19}, {"weight": 1, "random_weight": 0.11208738483478198, "id": 21}], [{"weight": 1, "random_weight": 0.7277770954507957, "id": 4}, {"weight": 3, "random_weight": 0.9590061037446677, "id": 7}, {"weight": 3, "random_weight": 0.8878464366729185, "id": 18}], [{"weight": 4, "random_weight": 0.5654081238116873, "id": 4}, {"weight": 1, "random_weight": 0.8432379819933642, "id": 7}, {"weight": 3, "random_weight": 0.030122991204416416, "id": 9}, {"weight": 3, "random_weight": 0.8878464366729185, "id": 17}, {"weight": 3, "random_weight": 0.5243200955878886, "id": 23}], [{"weight": 1, "random_weight": 0.8367925579211687, "id": 0}, {"weight": 2, "random_weight": 0.5651434745806077, "id": 2}, {"weight": 3, "random_weight": 0.24859005958964076, "id": 16}, {"weight": 3, "random_weight": 0.930507819401527, "id": 20}, {"weight": 3, "random_weight": 0.83354918197404, "id": 21}], [{"weight": 3, "random_weight": 0.5889714747870921, "id": 0}, {"weight": 3, "random_weight": 0.930507819401527, "id": 19}, {"weight": 2, "random_weight": 0.9685304169885384, "id": 21}, {"weight": 4, "random_weight": 0.3552207943791389, "id": 22}], [{"weight": 2, "random_weight": 0.15586514362910386, "id": 9}, {"weight": 1, "random_weight": 0.11208738483478198, "id": 16}, {"weight": 3, "random_weight": 0.83354918197404, "id": 19}, {"weight": 2, "random_weight": 0.9685304169885384, "id": 20}, {"weight": 2, "random_weight": 0.5193371161723571, "id": 22}, {"weight": 4, "random_weight": 0.5378041803925898, "id": 23}], [{"weight": 1, "random_weight": 0.9883490747765784, "id": 0}, {"weight": 1, "random_weight": 0.6750761884673311, "id": 1}, {"weight": 1, "random_weight": 0.14087396021114829, "id": 5}, {"weight": 1, "random_weight": 0.1615220528541974, "id": 13}, {"weight": 4, "random_weight": 0.21979797601819073, "id": 15}, {"weight": 4, "random_weight": 0.3552207943791389, "id": 20}, {"weight": 2, "random_weight": 0.5193371161723571, "id": 21}], [{"weight": 2, "random_weight": 0.7616442139542959, "id": 4}, {"weight": 2, "random_weight": 0.7445781759060676, "id": 5}, {"weight": 1, "random_weight": 0.6271668286267491, "id": 9}, {"weight": 3, "random_weight": 0.5243200955878886, "id": 18}, {"weight": 4, "random_weight": 0.5378041803925898, "id": 21}]]}