{"directed": false, "multigraph": false, "graph": [], "nodes": [{"graph": null, "nnodes": 6, "nedges": 6, "density": 0.4, "atomics": "[71, 46, 47, 83, 58, 59]", "group_pop": 6, "init_part_assignment": 3, "id": 0}, {"graph": null, "nnodes": 6, "nedges": 7, "density": 0.4666666666666667, "atomics": "[106, 107, 118, 119, 94, 95]", "group_pop": 6, "init_part_assignment": 4, "id": 1}, {"graph": null, "nnodes": 6, "nedges": 6, "density": 0.4, "atomics": "[72, 73, 48, 84, 85, 60]", "group_pop": 6, "init_part_assignment": 8, "id": 2}, {"graph": null, "nnodes": 6, "nedges": 6, "density": 0.4, "atomics": "[38, 74, 49, 50, 61, 62]", "group_pop": 6, "init_part_assignment": 6, "id": 3}, {"graph": null, "nnodes": 6, "nedges": 6, "density": 0.4, "atomics": "[130, 131, 140, 141, 142, 143]", "group_pop": 6, "init_part_assignment": 11, "id": 4}, {"graph": null, "nnodes": 6, "nedges": 6, "density": 0.4, "atomics": "[132, 133, 134, 135, 122, 123]", "group_pop": 6, "init_part_assignment": 10, "id": 5}, {"graph": null, "nnodes": 6, "nedges": 6, "density": 0.4, "atomics": "[136, 137, 138, 139, 124, 125]", "group_pop": 6, "init_part_assignment": 11, "id": 6}, {"graph": null, "nnodes": 6, "nedges": 7, "density": 0.4666666666666667, "atomics": "[128, 129, 104, 105, 116, 117]", "group_pop": 6, "init_part_assignment": 4, "id": 7}, {"graph": null, "nnodes": 6, "nedges": 7, "density": 0.4666666666666667, "atomics": "[36, 37, 12, 13, 24, 25]", "group_pop": 6, "init_part_assignment": 0, "id": 8}, {"graph": null, "nnodes": 6, "nedges": 5, "density": 0.3333333333333333, "atomics": "[4, 5, 16, 26, 27, 28]", "group_pop": 6, "init_part_assignment": 6, "id": 9}, {"graph": null, "nnodes": 6, "nedges": 6, "density": 0.4, "atomics": "[6, 41, 17, 18, 29, 30]", "group_pop": 6, "init_part_assignment": 2, "id": 10}, {"graph": null, "nnodes": 6, "nedges": 6, "density": 0.4, "atomics": "[0, 1, 2, 3, 14, 15]", "group_pop": 6, "init_part_assignment": 0, "id": 11}, {"graph": null, "nnodes": 6, "nedges": 7, "density": 0.4666666666666667, "atomics": "[34, 35, 10, 11, 22, 23]", "group_pop": 6, "init_part_assignment": 1, "id": 12}, {"graph": null, "nnodes": 6, "nedges": 7, "density": 0.4666666666666667, "atomics": "[7, 8, 9, 19, 20, 21]", "group_pop": 6, "init_part_assignment": 1, "id": 13}, {"graph": null, "nnodes": 6, "nedges": 7, "density": 0.4666666666666667, "atomics": "[32, 33, 43, 44, 45, 31]", "group_pop": 6, "init_part_assignment": 3, "id": 14}, {"graph": null, "nnodes": 6, "nedges": 6, "density": 0.4, "atomics": "[98, 99, 110, 111, 112, 86]", "group_pop": 6, "init_part_assignment": 10, "id": 15}, {"graph": null, "nnodes": 6, "nedges": 6, "density": 0.4, "atomics": "[100, 101, 102, 89, 90, 91]", "group_pop": 6, "init_part_assignment": 7, "id": 16}, {"graph": null, "nnodes": 6, "nedges": 6, "density": 0.4, "atomics": "[103, 113, 114, 115, 126, 127]", "group_pop": 6, "init_part_assignment": 7, "id": 17}, {"graph": null, "nnodes": 6, "nedges": 7, "density": 0.4666666666666667, "atomics": "[96, 97, 108, 109, 120, 121]", "group_pop": 6, "init_part_assignment": 8, "id": 18}, {"graph": null, "nnodes": 6, "nedges": 6, "density": 0.4, "atomics": "[68, 69, 70, 81, 82, 93]", "group_pop": 6, "init_part_assignment": 5, "id": 19}, {"graph": null, "nnodes": 6, "nedges": 6, "density": 0.4, "atomics": "[66, 67, 78, 79, 80, 92]", "group_pop": 6, "init_part_assignment": 5, "id": 20}, {"graph": null, "nnodes": 6, "nedges": 7, "density": 0.4666666666666667, "atomics": "[64, 39, 40, 51, 52, 63]", "group_pop": 6, "init_part_assignment": 9, "id": 21}, {"graph": null, "nnodes": 6, "nedges": 5, "density": 0.3333333333333333, "atomics": "[42, 53, 54, 55, 56, 57]", "group_pop": 6, "init_part_assignment": 2, "id": 22}, {"graph": null, "nnodes": 6, "nedges": 6, "density": 0.4, "atomics": "[65, 75, 76, 77, 87, 88]", "group_pop": 6, "init_part_assignment": 9, "id": 23}], "adjacency": [[{"weight": 1, "random_weight": 0.10883344633725589, "id": 1}, {"weight": 2, "random_weight": 0.9201938771559345, "id": 12}, {"weight": 1, "random_weight": 0.9172931135823739, "id": 14}, {"weight": 3, "random_weight": 0.9484916913121444, "id": 19}, {"weight": 1, "random_weight": 0.8837519114834507, "id": 22}], [{"weight": 1, "random_weight": 0.10883344633725589, "id": 0}, {"weight": 2, "random_weight": 0.7260600059454416, "id": 4}, {"weight": 2, "random_weight": 0.1558725882583375, "id": 7}, {"weight": 2, "random_weight": 0.8216844296836309, "id": 19}], [{"weight": 4, "random_weight": 0.521899712665371, "id": 3}, {"weight": 1, "random_weight": 0.6008276913210883, "id": 8}, {"weight": 1, "random_weight": 0.7123743670947608, "id": 15}, {"weight": 2, "random_weight": 0.011010504571255963, "id": 18}], [{"weight": 4, "random_weight": 0.521899712665371, "id": 2}, {"weight": 2, "random_weight": 0.8573843675974074, "id": 8}, {"weight": 1, "random_weight": 0.47035844427890305, "id": 9}, {"weight": 1, "random_weight": 0.6573870798651235, "id": 15}, {"weight": 3, "random_weight": 0.7883502944275873, "id": 21}, {"weight": 1, "random_weight": 0.8810559807658281, "id": 23}], [{"weight": 2, "random_weight": 0.7260600059454416, "id": 1}, {"weight": 1, "random_weight": 0.08220317330827032, "id": 6}, {"weight": 3, "random_weight": 0.5268932343194376, "id": 7}], [{"weight": 2, "random_weight": 0.06530385208442901, "id": 6}, {"weight": 2, "random_weight": 0.31888104487916435, "id": 15}, {"weight": 3, "random_weight": 0.5035970124822139, "id": 18}], [{"weight": 1, "random_weight": 0.08220317330827032, "id": 4}, {"weight": 2, "random_weight": 0.06530385208442901, "id": 5}, {"weight": 1, "random_weight": 0.9791629219559347, "id": 15}, {"weight": 4, "random_weight": 0.6402341052802615, "id": 17}], [{"weight": 2, "random_weight": 0.1558725882583375, "id": 1}, {"weight": 3, "random_weight": 0.5268932343194376, "id": 4}, {"weight": 3, "random_weight": 0.4946549317632063, "id": 17}, {"weight": 1, "random_weight": 0.4822288452904119, "id": 19}, {"weight": 1, "random_weight": 0.3321088498135015, "id": 20}], [{"weight": 1, "random_weight": 0.6008276913210883, "id": 2}, {"weight": 2, "random_weight": 0.8573843675974074, "id": 3}, {"weight": 1, "random_weight": 0.7096530566220199, "id": 9}, {"weight": 3, "random_weight": 0.5451290161910426, "id": 11}], [{"weight": 1, "random_weight": 0.47035844427890305, "id": 3}, {"weight": 1, "random_weight": 0.7096530566220199, "id": 8}, {"weight": 4, "random_weight": 0.8439790723289456, "id": 10}, {"weight": 4, "random_weight": 0.1123105064069797, "id": 11}, {"weight": 2, "random_weight": 0.7314365247824207, "id": 21}], [{"weight": 4, "random_weight": 0.8439790723289456, "id": 9}, {"weight": 2, "random_weight": 0.6535576353503952, "id": 13}, {"weight": 1, "random_weight": 0.9528136884185274, "id": 14}, {"weight": 1, "random_weight": 0.7715162730631968, "id": 21}, {"weight": 3, "random_weight": 0.4653162944546946, "id": 22}], [{"weight": 3, "random_weight": 0.5451290161910426, "id": 8}, {"weight": 4, "random_weight": 0.1123105064069797, "id": 9}], [{"weight": 2, "random_weight": 0.9201938771559345, "id": 0}, {"weight": 2, "random_weight": 0.3865363069495984, "id": 13}, {"weight": 1, "random_weight": 0.7778316842309554, "id": 14}], [{"weight": 2, "random_weight": 0.6535576353503952, "id": 10}, {"weight": 2, "random_weight": 0.3865363069495984, "id": 12}, {"weight": 3, "random_weight": 0.3448504975706109, "id": 14}], [{"weight": 1, "random_weight": 0.9172931135823739, "id": 0}, {"weight": 1, "random_weight": 0.9528136884185274, "id": 10}, {"weight": 1, "random_weight": 0.7778316842309554, "id": 12}, {"weight": 3, "random_weight": 0.3448504975706109, "id": 13}, {"weight": 4, "random_weight": 0.9598078113313004, "id": 22}], [{"weight": 1, "random_weight": 0.7123743670947608, "id": 2}, {"weight": 1, "random_weight": 0.6573870798651235, "id": 3}, {"weight": 2, "random_weight": 0.31888104487916435, "id": 5}, {"weight": 1, "random_weight": 0.9791629219559347, "id": 6}, {"weight": 2, "random_weight": 0.6165606042873794, "id": 16}, {"weight": 1, "random_weight": 0.41171260585115244, "id": 17}, {"weight": 2, "random_weight": 0.5350047951525931, "id": 18}, {"weight": 2, "random_weight": 0.8635509929084427, "id": 23}], [{"weight": 2, "random_weight": 0.6165606042873794, "id": 15}, {"weight": 4, "random_weight": 0.5389378602345276, "id": 17}, {"weight": 3, "random_weight": 0.9035635772538331, "id": 20}, {"weight": 3, "random_weight": 0.6504067683019884, "id": 23}], [{"weight": 4, "random_weight": 0.6402341052802615, "id": 6}, {"weight": 3, "random_weight": 0.4946549317632063, "id": 7}, {"weight": 1, "random_weight": 0.41171260585115244, "id": 15}, {"weight": 4, "random_weight": 0.5389378602345276, "id": 16}], [{"weight": 2, "random_weight": 0.011010504571255963, "id": 2}, {"weight": 3, "random_weight": 0.5035970124822139, "id": 5}, {"weight": 2, "random_weight": 0.5350047951525931, "id": 15}], [{"weight": 3, "random_weight": 0.9484916913121444, "id": 0}, {"weight": 2, "random_weight": 0.8216844296836309, "id": 1}, {"weight": 1, "random_weight": 0.4822288452904119, "id": 7}, {"weight": 4, "random_weight": 0.6680934223121913, "id": 20}, {"weight": 2, "random_weight": 0.791918212626838, "id": 22}], [{"weight": 1, "random_weight": 0.3321088498135015, "id": 7}, {"weight": 3, "random_weight": 0.9035635772538331, "id": 16}, {"weight": 4, "random_weight": 0.6680934223121913, "id": 19}, {"weight": 2, "random_weight": 0.9421684367356201, "id": 22}, {"weight": 2, "random_weight": 0.07361158509515442, "id": 23}], [{"weight": 3, "random_weight": 0.7883502944275873, "id": 3}, {"weight": 2, "random_weight": 0.7314365247824207, "id": 9}, {"weight": 1, "random_weight": 0.7715162730631968, "id": 10}, {"weight": 1, "random_weight": 0.0059248738665074185, "id": 22}, {"weight": 3, "random_weight": 0.9716594524626226, "id": 23}], [{"weight": 1, "random_weight": 0.8837519114834507, "id": 0}, {"weight": 3, "random_weight": 0.4653162944546946, "id": 10}, {"weight": 4, "random_weight": 0.9598078113313004, "id": 14}, {"weight": 2, "random_weight": 0.791918212626838, "id": 19}, {"weight": 2, "random_weight": 0.9421684367356201, "id": 20}, {"weight": 1, "random_weight": 0.0059248738665074185, "id": 21}, {"weight": 1, "random_weight": 0.34794617679785456, "id": 23}], [{"weight": 1, "random_weight": 0.8810559807658281, "id": 3}, {"weight": 2, "random_weight": 0.8635509929084427, "id": 15}, {"weight": 3, "random_weight": 0.6504067683019884, "id": 16}, {"weight": 2, "random_weight": 0.07361158509515442, "id": 20}, {"weight": 3, "random_weight": 0.9716594524626226, "id": 21}, {"weight": 1, "random_weight": 0.34794617679785456, "id": 22}]]}