{"directed": false, "multigraph": false, "graph": [], "nodes": [{"graph": null, "nnodes": 6, "nedges": 5, "density": 0.3333333333333333, "atomics": "[70, 80, 81, 82, 83, 95]", "group_pop": 6, "init_part_assignment": 10, "id": 0}, {"graph": null, "nnodes": 6, "nedges": 6, "density": 0.4, "atomics": "[71, 46, 47, 57, 58, 59]", "group_pop": 6, "init_part_assignment": 7, "id": 1}, {"graph": null, "nnodes": 6, "nedges": 6, "density": 0.4, "atomics": "[130, 131, 107, 142, 143, 119]", "group_pop": 6, "init_part_assignment": 5, "id": 2}, {"graph": null, "nnodes": 6, "nedges": 7, "density": 0.4666666666666667, "atomics": "[36, 37, 48, 49, 24, 25]", "group_pop": 6, "init_part_assignment": 0, "id": 3}, {"graph": null, "nnodes": 6, "nedges": 6, "density": 0.4, "atomics": "[38, 39, 50, 51, 52, 27]", "group_pop": 6, "init_part_assignment": 0, "id": 4}, {"graph": null, "nnodes": 6, "nedges": 7, "density": 0.4666666666666667, "atomics": "[72, 73, 84, 85, 60, 61]", "group_pop": 6, "init_part_assignment": 9, "id": 5}, {"graph": null, "nnodes": 6, "nedges": 7, "density": 0.4666666666666667, "atomics": "[64, 74, 75, 76, 62, 63]", "group_pop": 6, "init_part_assignment": 9, "id": 6}, {"graph": null, "nnodes": 6, "nedges": 7, "density": 0.4666666666666667, "atomics": "[105, 106, 117, 118, 93, 94]", "group_pop": 6, "init_part_assignment": 11, "id": 7}, {"graph": null, "nnodes": 6, "nedges": 6, "density": 0.4, "atomics": "[96, 132, 133, 108, 120, 121]", "group_pop": 6, "init_part_assignment": 8, "id": 8}, {"graph": null, "nnodes": 6, "nedges": 6, "density": 0.4, "atomics": "[134, 135, 136, 137, 123, 124]", "group_pop": 6, "init_part_assignment": 1, "id": 9}, {"graph": null, "nnodes": 6, "nedges": 6, "density": 0.4, "atomics": "[99, 100, 111, 112, 113, 125]", "group_pop": 6, "init_part_assignment": 1, "id": 10}, {"graph": null, "nnodes": 6, "nedges": 7, "density": 0.4666666666666667, "atomics": "[128, 129, 139, 140, 141, 127]", "group_pop": 6, "init_part_assignment": 5, "id": 11}, {"graph": null, "nnodes": 6, "nedges": 6, "density": 0.4, "atomics": "[0, 1, 12, 13, 14, 26]", "group_pop": 6, "init_part_assignment": 2, "id": 12}, {"graph": null, "nnodes": 6, "nedges": 5, "density": 0.3333333333333333, "atomics": "[2, 3, 40, 15, 16, 28]", "group_pop": 6, "init_part_assignment": 2, "id": 13}, {"graph": null, "nnodes": 6, "nedges": 6, "density": 0.4, "atomics": "[4, 5, 6, 17, 18, 19]", "group_pop": 6, "init_part_assignment": 6, "id": 14}, {"graph": null, "nnodes": 6, "nedges": 7, "density": 0.4666666666666667, "atomics": "[34, 35, 10, 11, 22, 23]", "group_pop": 6, "init_part_assignment": 4, "id": 15}, {"graph": null, "nnodes": 6, "nedges": 6, "density": 0.4, "atomics": "[33, 7, 8, 9, 20, 21]", "group_pop": 6, "init_part_assignment": 4, "id": 16}, {"graph": null, "nnodes": 6, "nedges": 6, "density": 0.4, "atomics": "[41, 42, 53, 29, 30, 31]", "group_pop": 6, "init_part_assignment": 6, "id": 17}, {"graph": null, "nnodes": 6, "nedges": 6, "density": 0.4, "atomics": "[97, 98, 109, 110, 86, 122]", "group_pop": 6, "init_part_assignment": 8, "id": 18}, {"graph": null, "nnodes": 6, "nedges": 5, "density": 0.3333333333333333, "atomics": "[102, 138, 114, 115, 90, 126]", "group_pop": 6, "init_part_assignment": 3, "id": 19}, {"graph": null, "nnodes": 6, "nedges": 6, "density": 0.4, "atomics": "[32, 43, 44, 45, 55, 56]", "group_pop": 6, "init_part_assignment": 7, "id": 20}, {"graph": null, "nnodes": 6, "nedges": 5, "density": 0.3333333333333333, "atomics": "[65, 66, 67, 68, 69, 54]", "group_pop": 6, "init_part_assignment": 10, "id": 21}, {"graph": null, "nnodes": 6, "nedges": 5, "density": 0.3333333333333333, "atomics": "[101, 77, 78, 87, 88, 89]", "group_pop": 6, "init_part_assignment": 3, "id": 22}, {"graph": null, "nnodes": 6, "nedges": 6, "density": 0.4, "atomics": "[103, 104, 79, 116, 91, 92]", "group_pop": 6, "init_part_assignment": 11, "id": 23}], "adjacency": [[{"weight": 3, "random_weight": 0.03204484752990955, "id": 1}, {"weight": 1, "random_weight": 0.4276491352697924, "id": 2}, {"weight": 3, "random_weight": 0.8979161274743646, "id": 7}, {"weight": 3, "random_weight": 0.3397221696315261, "id": 21}, {"weight": 2, "random_weight": 0.4788097295420899, "id": 23}], [{"weight": 3, "random_weight": 0.03204484752990955, "id": 0}, {"weight": 2, "random_weight": 0.6288631974165108, "id": 15}, {"weight": 3, "random_weight": 0.5204842521073653, "id": 20}, {"weight": 1, "random_weight": 0.3041518120612352, "id": 21}], [{"weight": 1, "random_weight": 0.4276491352697924, "id": 0}, {"weight": 3, "random_weight": 0.827495290123116, "id": 7}, {"weight": 2, "random_weight": 0.20272753371565322, "id": 11}], [{"weight": 2, "random_weight": 0.16692760460966316, "id": 4}, {"weight": 2, "random_weight": 0.4866346607403438, "id": 5}, {"weight": 3, "random_weight": 0.023160900979087518, "id": 12}], [{"weight": 2, "random_weight": 0.16692760460966316, "id": 3}, {"weight": 3, "random_weight": 0.7540235730273942, "id": 6}, {"weight": 2, "random_weight": 0.30302366278751836, "id": 12}, {"weight": 4, "random_weight": 0.6240710935727249, "id": 13}, {"weight": 1, "random_weight": 0.8650498611483748, "id": 17}], [{"weight": 2, "random_weight": 0.4866346607403438, "id": 3}, {"weight": 2, "random_weight": 0.2164696588501276, "id": 6}, {"weight": 1, "random_weight": 0.5727756646877573, "id": 8}, {"weight": 2, "random_weight": 0.7255663505549855, "id": 18}], [{"weight": 3, "random_weight": 0.7540235730273942, "id": 4}, {"weight": 2, "random_weight": 0.2164696588501276, "id": 5}, {"weight": 1, "random_weight": 0.2704484074484623, "id": 18}, {"weight": 1, "random_weight": 0.7234181788061815, "id": 21}, {"weight": 3, "random_weight": 0.08439331052128496, "id": 22}], [{"weight": 3, "random_weight": 0.8979161274743646, "id": 0}, {"weight": 3, "random_weight": 0.827495290123116, "id": 2}, {"weight": 1, "random_weight": 0.6901672716115997, "id": 11}, {"weight": 3, "random_weight": 0.2203973947510255, "id": 23}], [{"weight": 1, "random_weight": 0.5727756646877573, "id": 5}, {"weight": 1, "random_weight": 0.8263205676871433, "id": 9}, {"weight": 4, "random_weight": 0.0899890851978179, "id": 18}], [{"weight": 1, "random_weight": 0.8263205676871433, "id": 8}, {"weight": 4, "random_weight": 0.08742472734206519, "id": 10}, {"weight": 2, "random_weight": 0.8683283625025942, "id": 18}, {"weight": 1, "random_weight": 0.22253403267919014, "id": 19}], [{"weight": 4, "random_weight": 0.08742472734206519, "id": 9}, {"weight": 2, "random_weight": 0.5167034806938287, "id": 18}, {"weight": 2, "random_weight": 0.600921006598403, "id": 19}, {"weight": 4, "random_weight": 0.7509709420704611, "id": 22}], [{"weight": 2, "random_weight": 0.20272753371565322, "id": 2}, {"weight": 1, "random_weight": 0.6901672716115997, "id": 7}, {"weight": 3, "random_weight": 0.4137676608274776, "id": 19}, {"weight": 1, "random_weight": 0.7268740162384986, "id": 23}], [{"weight": 3, "random_weight": 0.023160900979087518, "id": 3}, {"weight": 2, "random_weight": 0.30302366278751836, "id": 4}, {"weight": 3, "random_weight": 0.8285218005309413, "id": 13}], [{"weight": 4, "random_weight": 0.6240710935727249, "id": 4}, {"weight": 3, "random_weight": 0.8285218005309413, "id": 12}, {"weight": 3, "random_weight": 0.4166935006248328, "id": 14}, {"weight": 2, "random_weight": 0.5252696344768083, "id": 17}], [{"weight": 3, "random_weight": 0.4166935006248328, "id": 13}, {"weight": 3, "random_weight": 0.16099662356799094, "id": 16}, {"weight": 3, "random_weight": 0.57779402688119, "id": 17}], [{"weight": 2, "random_weight": 0.6288631974165108, "id": 1}, {"weight": 3, "random_weight": 0.23490481607121727, "id": 16}], [{"weight": 3, "random_weight": 0.16099662356799094, "id": 14}, {"weight": 3, "random_weight": 0.23490481607121727, "id": 15}, {"weight": 3, "random_weight": 0.7674065980851249, "id": 20}], [{"weight": 1, "random_weight": 0.8650498611483748, "id": 4}, {"weight": 2, "random_weight": 0.5252696344768083, "id": 13}, {"weight": 3, "random_weight": 0.57779402688119, "id": 14}, {"weight": 3, "random_weight": 0.46662880580952604, "id": 20}, {"weight": 3, "random_weight": 0.7771952416814327, "id": 21}], [{"weight": 2, "random_weight": 0.7255663505549855, "id": 5}, {"weight": 1, "random_weight": 0.2704484074484623, "id": 6}, {"weight": 4, "random_weight": 0.0899890851978179, "id": 8}, {"weight": 2, "random_weight": 0.8683283625025942, "id": 9}, {"weight": 2, "random_weight": 0.5167034806938287, "id": 10}, {"weight": 1, "random_weight": 0.8385613208232687, "id": 22}], [{"weight": 1, "random_weight": 0.22253403267919014, "id": 9}, {"weight": 2, "random_weight": 0.600921006598403, "id": 10}, {"weight": 3, "random_weight": 0.4137676608274776, "id": 11}, {"weight": 3, "random_weight": 0.36936505254367324, "id": 22}, {"weight": 4, "random_weight": 0.8465353960914264, "id": 23}], [{"weight": 3, "random_weight": 0.5204842521073653, "id": 1}, {"weight": 3, "random_weight": 0.7674065980851249, "id": 16}, {"weight": 3, "random_weight": 0.46662880580952604, "id": 17}, {"weight": 3, "random_weight": 0.6247459016624763, "id": 21}], [{"weight": 3, "random_weight": 0.3397221696315261, "id": 0}, {"weight": 1, "random_weight": 0.3041518120612352, "id": 1}, {"weight": 1, "random_weight": 0.7234181788061815, "id": 6}, {"weight": 3, "random_weight": 0.7771952416814327, "id": 17}, {"weight": 3, "random_weight": 0.6247459016624763, "id": 20}, {"weight": 2, "random_weight": 0.39581855269456223, "id": 22}, {"weight": 1, "random_weight": 0.43580714907260487, "id": 23}], [{"weight": 3, "random_weight": 0.08439331052128496, "id": 6}, {"weight": 4, "random_weight": 0.7509709420704611, "id": 10}, {"weight": 1, "random_weight": 0.8385613208232687, "id": 18}, {"weight": 3, "random_weight": 0.36936505254367324, "id": 19}, {"weight": 2, "random_weight": 0.39581855269456223, "id": 21}, {"weight": 1, "random_weight": 0.515002084380859, "id": 23}], [{"weight": 2, "random_weight": 0.4788097295420899, "id": 0}, {"weight": 3, "random_weight": 0.2203973947510255, "id": 7}, {"weight": 1, "random_weight": 0.7268740162384986, "id": 11}, {"weight": 4, "random_weight": 0.8465353960914264, "id": 19}, {"weight": 1, "random_weight": 0.43580714907260487, "id": 21}, {"weight": 1, "random_weight": 0.515002084380859, "id": 22}]]}