{"directed": false, "multigraph": false, "graph": [], "nodes": [{"graph": null, "nnodes": 6, "nedges": 5, "density": 0.3333333333333333, "atomics": "[71, 107, 47, 83, 59, 95]", "group_pop": 6, "init_part_assignment": 2, "id": 0}, {"graph": null, "nnodes": 6, "nedges": 7, "density": 0.4666666666666667, "atomics": "[69, 70, 81, 82, 57, 58]", "group_pop": 6, "init_part_assignment": 10, "id": 1}, {"graph": null, "nnodes": 6, "nedges": 6, "density": 0.4, "atomics": "[36, 37, 12, 48, 49, 24]", "group_pop": 6, "init_part_assignment": 1, "id": 2}, {"graph": null, "nnodes": 6, "nedges": 6, "density": 0.4, "atomics": "[50, 51, 60, 61, 62, 63]", "group_pop": 6, "init_part_assignment": 1, "id": 3}, {"graph": null, "nnodes": 6, "nedges": 7, "density": 0.4666666666666667, "atomics": "[38, 39, 40, 26, 27, 28]", "group_pop": 6, "init_part_assignment": 9, "id": 4}, {"graph": null, "nnodes": 6, "nedges": 7, "density": 0.4666666666666667, "atomics": "[130, 131, 142, 143, 118, 119]", "group_pop": 6, "init_part_assignment": 2, "id": 5}, {"graph": null, "nnodes": 6, "nedges": 5, "density": 0.3333333333333333, "atomics": "[132, 133, 109, 110, 111, 121]", "group_pop": 6, "init_part_assignment": 3, "id": 6}, {"graph": null, "nnodes": 6, "nedges": 7, "density": 0.4666666666666667, "atomics": "[134, 135, 136, 122, 123, 124]", "group_pop": 6, "init_part_assignment": 0, "id": 7}, {"graph": null, "nnodes": 6, "nedges": 6, "density": 0.4, "atomics": "[101, 137, 138, 113, 125, 126]", "group_pop": 6, "init_part_assignment": 0, "id": 8}, {"graph": null, "nnodes": 6, "nedges": 7, "density": 0.4666666666666667, "atomics": "[128, 129, 139, 140, 141, 127]", "group_pop": 6, "init_part_assignment": 7, "id": 9}, {"graph": null, "nnodes": 6, "nedges": 6, "density": 0.4, "atomics": "[105, 106, 117, 92, 93, 94]", "group_pop": 6, "init_part_assignment": 11, "id": 10}, {"graph": null, "nnodes": 6, "nedges": 6, "density": 0.4, "atomics": "[0, 1, 2, 13, 14, 25]", "group_pop": 6, "init_part_assignment": 6, "id": 11}, {"graph": null, "nnodes": 6, "nedges": 6, "density": 0.4, "atomics": "[3, 4, 5, 6, 15, 16]", "group_pop": 6, "init_part_assignment": 6, "id": 12}, {"graph": null, "nnodes": 6, "nedges": 7, "density": 0.4666666666666667, "atomics": "[17, 18, 19, 29, 30, 31]", "group_pop": 6, "init_part_assignment": 8, "id": 13}, {"graph": null, "nnodes": 6, "nedges": 6, "density": 0.4, "atomics": "[33, 34, 35, 20, 21, 22]", "group_pop": 6, "init_part_assignment": 5, "id": 14}, {"graph": null, "nnodes": 6, "nedges": 5, "density": 0.3333333333333333, "atomics": "[7, 8, 9, 10, 11, 23]", "group_pop": 6, "init_part_assignment": 5, "id": 15}, {"graph": null, "nnodes": 6, "nedges": 5, "density": 0.3333333333333333, "atomics": "[97, 98, 99, 100, 112, 85]", "group_pop": 6, "init_part_assignment": 3, "id": 16}, {"graph": null, "nnodes": 6, "nedges": 7, "density": 0.4666666666666667, "atomics": "[102, 103, 104, 114, 115, 116]", "group_pop": 6, "init_part_assignment": 7, "id": 17}, {"graph": null, "nnodes": 6, "nedges": 5, "density": 0.3333333333333333, "atomics": "[96, 72, 73, 108, 84, 120]", "group_pop": 6, "init_part_assignment": 4, "id": 18}, {"graph": null, "nnodes": 6, "nedges": 5, "density": 0.3333333333333333, "atomics": "[32, 42, 43, 44, 45, 46]", "group_pop": 6, "init_part_assignment": 8, "id": 19}, {"graph": null, "nnodes": 6, "nedges": 7, "density": 0.4666666666666667, "atomics": "[67, 68, 79, 80, 55, 56]", "group_pop": 6, "init_part_assignment": 10, "id": 20}, {"graph": null, "nnodes": 6, "nedges": 6, "density": 0.4, "atomics": "[66, 77, 78, 89, 90, 91]", "group_pop": 6, "init_part_assignment": 11, "id": 21}, {"graph": null, "nnodes": 6, "nedges": 6, "density": 0.4, "atomics": "[64, 65, 41, 52, 53, 54]", "group_pop": 6, "init_part_assignment": 9, "id": 22}, {"graph": null, "nnodes": 6, "nedges": 7, "density": 0.4666666666666667, "atomics": "[74, 75, 76, 86, 87, 88]", "group_pop": 6, "init_part_assignment": 4, "id": 23}], "adjacency": [[{"weight": 3, "random_weight": 0.13817632651832634, "id": 1}, {"weight": 1, "random_weight": 0.0382681118669963, "id": 5}, {"weight": 2, "random_weight": 0.6857556907652558, "id": 10}, {"weight": 1, "random_weight": 0.6102361101226048, "id": 14}, {"weight": 1, "random_weight": 0.2876129822529979, "id": 19}], [{"weight": 3, "random_weight": 0.13817632651832634, "id": 0}, {"weight": 2, "random_weight": 0.10585298770729745, "id": 10}, {"weight": 2, "random_weight": 0.7117631296965503, "id": 19}, {"weight": 3, "random_weight": 0.10254149283632708, "id": 20}], [{"weight": 3, "random_weight": 0.05223375933601693, "id": 3}, {"weight": 1, "random_weight": 0.37794687822723894, "id": 4}, {"weight": 4, "random_weight": 0.977819935254728, "id": 11}], [{"weight": 3, "random_weight": 0.05223375933601693, "id": 2}, {"weight": 2, "random_weight": 0.9559043912129735, "id": 4}, {"weight": 2, "random_weight": 0.698814946888827, "id": 18}, {"weight": 2, "random_weight": 0.921725368966628, "id": 22}, {"weight": 2, "random_weight": 0.6589457876085908, "id": 23}], [{"weight": 1, "random_weight": 0.37794687822723894, "id": 2}, {"weight": 2, "random_weight": 0.9559043912129735, "id": 3}, {"weight": 2, "random_weight": 0.16426356427964373, "id": 11}, {"weight": 2, "random_weight": 0.9806748738107084, "id": 12}, {"weight": 1, "random_weight": 0.9650174773163027, "id": 13}, {"weight": 2, "random_weight": 0.21171229730849472, "id": 22}], [{"weight": 1, "random_weight": 0.0382681118669963, "id": 0}, {"weight": 2, "random_weight": 0.5007800389769702, "id": 9}, {"weight": 2, "random_weight": 0.8493408772167983, "id": 10}], [{"weight": 4, "random_weight": 0.843425786847331, "id": 7}, {"weight": 4, "random_weight": 0.06951811531744889, "id": 16}, {"weight": 3, "random_weight": 0.3476255276910232, "id": 18}], [{"weight": 4, "random_weight": 0.843425786847331, "id": 6}, {"weight": 2, "random_weight": 0.28128359817386894, "id": 8}, {"weight": 1, "random_weight": 0.10990835431541413, "id": 16}], [{"weight": 2, "random_weight": 0.28128359817386894, "id": 7}, {"weight": 2, "random_weight": 0.8463878972398942, "id": 9}, {"weight": 2, "random_weight": 0.546171766072531, "id": 16}, {"weight": 3, "random_weight": 0.6687502315555818, "id": 17}, {"weight": 1, "random_weight": 0.5113754940106761, "id": 21}], [{"weight": 2, "random_weight": 0.5007800389769702, "id": 5}, {"weight": 2, "random_weight": 0.8463878972398942, "id": 8}, {"weight": 1, "random_weight": 0.9946781313510381, "id": 10}, {"weight": 2, "random_weight": 0.03019314845254195, "id": 17}], [{"weight": 2, "random_weight": 0.6857556907652558, "id": 0}, {"weight": 2, "random_weight": 0.10585298770729745, "id": 1}, {"weight": 2, "random_weight": 0.8493408772167983, "id": 5}, {"weight": 1, "random_weight": 0.9946781313510381, "id": 9}, {"weight": 3, "random_weight": 0.8007326100887544, "id": 17}, {"weight": 1, "random_weight": 0.3194162764594686, "id": 20}, {"weight": 1, "random_weight": 0.12185485756020753, "id": 21}], [{"weight": 4, "random_weight": 0.977819935254728, "id": 2}, {"weight": 2, "random_weight": 0.16426356427964373, "id": 4}, {"weight": 2, "random_weight": 0.30193652099459145, "id": 12}], [{"weight": 2, "random_weight": 0.9806748738107084, "id": 4}, {"weight": 2, "random_weight": 0.30193652099459145, "id": 11}, {"weight": 3, "random_weight": 0.8956507149518538, "id": 13}, {"weight": 1, "random_weight": 0.6188969144273292, "id": 15}], [{"weight": 1, "random_weight": 0.9650174773163027, "id": 4}, {"weight": 3, "random_weight": 0.8956507149518538, "id": 12}, {"weight": 1, "random_weight": 0.9329315626691442, "id": 14}, {"weight": 1, "random_weight": 0.37115554447876054, "id": 15}, {"weight": 3, "random_weight": 0.11158904490567101, "id": 19}, {"weight": 1, "random_weight": 0.9742578225155131, "id": 22}], [{"weight": 1, "random_weight": 0.6102361101226048, "id": 0}, {"weight": 1, "random_weight": 0.9329315626691442, "id": 13}, {"weight": 5, "random_weight": 0.07164183065751983, "id": 15}, {"weight": 4, "random_weight": 0.5406415262458324, "id": 19}], [{"weight": 1, "random_weight": 0.6188969144273292, "id": 12}, {"weight": 1, "random_weight": 0.37115554447876054, "id": 13}, {"weight": 5, "random_weight": 0.07164183065751983, "id": 14}], [{"weight": 4, "random_weight": 0.06951811531744889, "id": 6}, {"weight": 1, "random_weight": 0.10990835431541413, "id": 7}, {"weight": 2, "random_weight": 0.546171766072531, "id": 8}, {"weight": 3, "random_weight": 0.237186985280482, "id": 18}, {"weight": 4, "random_weight": 0.8680187612092176, "id": 23}], [{"weight": 3, "random_weight": 0.6687502315555818, "id": 8}, {"weight": 2, "random_weight": 0.03019314845254195, "id": 9}, {"weight": 3, "random_weight": 0.8007326100887544, "id": 10}, {"weight": 2, "random_weight": 0.4596254762480968, "id": 21}], [{"weight": 2, "random_weight": 0.698814946888827, "id": 3}, {"weight": 3, "random_weight": 0.3476255276910232, "id": 6}, {"weight": 3, "random_weight": 0.237186985280482, "id": 16}, {"weight": 1, "random_weight": 0.026028725893300964, "id": 23}], [{"weight": 1, "random_weight": 0.2876129822529979, "id": 0}, {"weight": 2, "random_weight": 0.7117631296965503, "id": 1}, {"weight": 3, "random_weight": 0.11158904490567101, "id": 13}, {"weight": 4, "random_weight": 0.5406415262458324, "id": 14}, {"weight": 2, "random_weight": 0.8918464748093894, "id": 20}, {"weight": 2, "random_weight": 0.623089373415449, "id": 22}], [{"weight": 3, "random_weight": 0.10254149283632708, "id": 1}, {"weight": 1, "random_weight": 0.3194162764594686, "id": 10}, {"weight": 2, "random_weight": 0.8918464748093894, "id": 19}, {"weight": 3, "random_weight": 0.8040000804258043, "id": 21}, {"weight": 1, "random_weight": 0.2105714061335846, "id": 22}], [{"weight": 1, "random_weight": 0.5113754940106761, "id": 8}, {"weight": 1, "random_weight": 0.12185485756020753, "id": 10}, {"weight": 2, "random_weight": 0.4596254762480968, "id": 17}, {"weight": 3, "random_weight": 0.8040000804258043, "id": 20}, {"weight": 3, "random_weight": 0.9029823238064248, "id": 22}, {"weight": 2, "random_weight": 0.5482702583294196, "id": 23}], [{"weight": 2, "random_weight": 0.921725368966628, "id": 3}, {"weight": 2, "random_weight": 0.21171229730849472, "id": 4}, {"weight": 1, "random_weight": 0.9742578225155131, "id": 13}, {"weight": 2, "random_weight": 0.623089373415449, "id": 19}, {"weight": 1, "random_weight": 0.2105714061335846, "id": 20}, {"weight": 3, "random_weight": 0.9029823238064248, "id": 21}, {"weight": 1, "random_weight": 0.39408008110590753, "id": 23}], [{"weight": 2, "random_weight": 0.6589457876085908, "id": 3}, {"weight": 4, "random_weight": 0.8680187612092176, "id": 16}, {"weight": 1, "random_weight": 0.026028725893300964, "id": 18}, {"weight": 2, "random_weight": 0.5482702583294196, "id": 21}, {"weight": 1, "random_weight": 0.39408008110590753, "id": 22}]]}