{"directed": false, "multigraph": false, "graph": [], "nodes": [{"graph": null, "nnodes": 6, "nedges": 6, "density": 0.4, "atomics": "[70, 71, 81, 82, 83, 94]", "group_pop": 6, "init_part_assignment": 5, "id": 0}, {"graph": null, "nnodes": 6, "nedges": 7, "density": 0.4666666666666667, "atomics": "[45, 46, 47, 57, 58, 59]", "group_pop": 6, "init_part_assignment": 8, "id": 1}, {"graph": null, "nnodes": 6, "nedges": 6, "density": 0.4, "atomics": "[106, 107, 117, 118, 119, 95]", "group_pop": 6, "init_part_assignment": 0, "id": 2}, {"graph": null, "nnodes": 6, "nedges": 7, "density": 0.4666666666666667, "atomics": "[36, 37, 48, 49, 24, 25]", "group_pop": 6, "init_part_assignment": 3, "id": 3}, {"graph": null, "nnodes": 6, "nedges": 7, "density": 0.4666666666666667, "atomics": "[38, 39, 50, 51, 26, 27]", "group_pop": 6, "init_part_assignment": 9, "id": 4}, {"graph": null, "nnodes": 6, "nedges": 5, "density": 0.3333333333333333, "atomics": "[97, 98, 74, 86, 61, 62]", "group_pop": 6, "init_part_assignment": 7, "id": 5}, {"graph": null, "nnodes": 6, "nedges": 7, "density": 0.4666666666666667, "atomics": "[129, 130, 131, 141, 142, 143]", "group_pop": 6, "init_part_assignment": 4, "id": 6}, {"graph": null, "nnodes": 6, "nedges": 7, "density": 0.4666666666666667, "atomics": "[132, 133, 108, 109, 120, 121]", "group_pop": 6, "init_part_assignment": 1, "id": 7}, {"graph": null, "nnodes": 6, "nedges": 7, "density": 0.4666666666666667, "atomics": "[134, 135, 110, 111, 122, 123]", "group_pop": 6, "init_part_assignment": 6, "id": 8}, {"graph": null, "nnodes": 6, "nedges": 6, "density": 0.4, "atomics": "[136, 137, 138, 112, 124, 125]", "group_pop": 6, "init_part_assignment": 6, "id": 9}, {"graph": null, "nnodes": 6, "nedges": 6, "density": 0.4, "atomics": "[103, 104, 105, 116, 92, 93]", "group_pop": 6, "init_part_assignment": 0, "id": 10}, {"graph": null, "nnodes": 6, "nedges": 7, "density": 0.4666666666666667, "atomics": "[0, 1, 2, 12, 13, 14]", "group_pop": 6, "init_part_assignment": 3, "id": 11}, {"graph": null, "nnodes": 6, "nedges": 6, "density": 0.4, "atomics": "[3, 4, 5, 6, 15, 16]", "group_pop": 6, "init_part_assignment": 11, "id": 12}, {"graph": null, "nnodes": 6, "nedges": 6, "density": 0.4, "atomics": "[17, 18, 19, 28, 29, 30]", "group_pop": 6, "init_part_assignment": 10, "id": 13}, {"graph": null, "nnodes": 6, "nedges": 7, "density": 0.4666666666666667, "atomics": "[34, 35, 10, 11, 22, 23]", "group_pop": 6, "init_part_assignment": 8, "id": 14}, {"graph": null, "nnodes": 6, "nedges": 6, "density": 0.4, "atomics": "[33, 7, 8, 9, 20, 21]", "group_pop": 6, "init_part_assignment": 11, "id": 15}, {"graph": null, "nnodes": 6, "nedges": 6, "density": 0.4, "atomics": "[32, 42, 43, 44, 56, 31]", "group_pop": 6, "init_part_assignment": 10, "id": 16}, {"graph": null, "nnodes": 6, "nedges": 5, "density": 0.3333333333333333, "atomics": "[99, 100, 101, 113, 114, 88]", "group_pop": 6, "init_part_assignment": 2, "id": 17}, {"graph": null, "nnodes": 6, "nedges": 6, "density": 0.4, "atomics": "[128, 139, 140, 115, 126, 127]", "group_pop": 6, "init_part_assignment": 4, "id": 18}, {"graph": null, "nnodes": 6, "nedges": 6, "density": 0.4, "atomics": "[66, 67, 68, 69, 79, 80]", "group_pop": 6, "init_part_assignment": 5, "id": 19}, {"graph": null, "nnodes": 6, "nedges": 6, "density": 0.4, "atomics": "[102, 77, 78, 89, 90, 91]", "group_pop": 6, "init_part_assignment": 2, "id": 20}, {"graph": null, "nnodes": 6, "nedges": 6, "density": 0.4, "atomics": "[40, 41, 52, 53, 54, 55]", "group_pop": 6, "init_part_assignment": 9, "id": 21}, {"graph": null, "nnodes": 6, "nedges": 6, "density": 0.4, "atomics": "[96, 72, 73, 84, 85, 60]", "group_pop": 6, "init_part_assignment": 1, "id": 22}, {"graph": null, "nnodes": 6, "nedges": 6, "density": 0.4, "atomics": "[64, 65, 75, 76, 87, 63]", "group_pop": 6, "init_part_assignment": 7, "id": 23}], "adjacency": [[{"weight": 2, "random_weight": 0.09064423875730787, "id": 1}, {"weight": 3, "random_weight": 0.6822251840193659, "id": 2}, {"weight": 2, "random_weight": 0.044613347856860774, "id": 10}, {"weight": 3, "random_weight": 0.012531226534444495, "id": 19}], [{"weight": 2, "random_weight": 0.09064423875730787, "id": 0}, {"weight": 2, "random_weight": 0.5979505550612663, "id": 14}, {"weight": 1, "random_weight": 0.8712064761205487, "id": 15}, {"weight": 2, "random_weight": 0.38550608505804185, "id": 16}, {"weight": 1, "random_weight": 0.21097139483897753, "id": 19}], [{"weight": 3, "random_weight": 0.6822251840193659, "id": 0}, {"weight": 3, "random_weight": 0.6443643341019029, "id": 6}, {"weight": 3, "random_weight": 0.38020293948183836, "id": 10}], [{"weight": 3, "random_weight": 0.19576250269159656, "id": 4}, {"weight": 1, "random_weight": 0.9192699672246786, "id": 5}, {"weight": 2, "random_weight": 0.08016675049910904, "id": 11}, {"weight": 1, "random_weight": 0.9711089988268026, "id": 22}], [{"weight": 3, "random_weight": 0.19576250269159656, "id": 3}, {"weight": 1, "random_weight": 0.8420383176818959, "id": 5}, {"weight": 1, "random_weight": 0.7465648897643369, "id": 11}, {"weight": 1, "random_weight": 0.21146520594403007, "id": 12}, {"weight": 1, "random_weight": 0.9966267410278953, "id": 13}, {"weight": 2, "random_weight": 0.26833279768949914, "id": 21}, {"weight": 1, "random_weight": 0.07609829871452367, "id": 23}], [{"weight": 1, "random_weight": 0.9192699672246786, "id": 3}, {"weight": 1, "random_weight": 0.8420383176818959, "id": 4}, {"weight": 1, "random_weight": 0.850989085133807, "id": 7}, {"weight": 1, "random_weight": 0.5921261237756148, "id": 8}, {"weight": 1, "random_weight": 0.44785809009431554, "id": 17}, {"weight": 6, "random_weight": 0.8944524463465228, "id": 22}, {"weight": 3, "random_weight": 0.172495394453259, "id": 23}], [{"weight": 3, "random_weight": 0.6443643341019029, "id": 2}, {"weight": 2, "random_weight": 0.8613654854394199, "id": 18}], [{"weight": 1, "random_weight": 0.850989085133807, "id": 5}, {"weight": 3, "random_weight": 0.3722222600674433, "id": 8}, {"weight": 1, "random_weight": 0.12098358184084057, "id": 22}], [{"weight": 1, "random_weight": 0.5921261237756148, "id": 5}, {"weight": 3, "random_weight": 0.3722222600674433, "id": 7}, {"weight": 3, "random_weight": 0.6614831059792938, "id": 9}, {"weight": 1, "random_weight": 0.8915434318985437, "id": 17}], [{"weight": 3, "random_weight": 0.6614831059792938, "id": 8}, {"weight": 3, "random_weight": 0.8999657431310825, "id": 17}, {"weight": 3, "random_weight": 0.30286452542155995, "id": 18}], [{"weight": 2, "random_weight": 0.044613347856860774, "id": 0}, {"weight": 3, "random_weight": 0.38020293948183836, "id": 2}, {"weight": 3, "random_weight": 0.828590493581534, "id": 18}, {"weight": 1, "random_weight": 0.5871576441933354, "id": 19}, {"weight": 3, "random_weight": 0.368704961174103, "id": 20}], [{"weight": 2, "random_weight": 0.08016675049910904, "id": 3}, {"weight": 1, "random_weight": 0.7465648897643369, "id": 4}, {"weight": 2, "random_weight": 0.4498252299554447, "id": 12}], [{"weight": 1, "random_weight": 0.21146520594403007, "id": 4}, {"weight": 2, "random_weight": 0.4498252299554447, "id": 11}, {"weight": 4, "random_weight": 0.39222645863757244, "id": 13}, {"weight": 1, "random_weight": 0.363972493680106, "id": 15}], [{"weight": 1, "random_weight": 0.9966267410278953, "id": 4}, {"weight": 4, "random_weight": 0.39222645863757244, "id": 12}, {"weight": 2, "random_weight": 0.6106864777623464, "id": 15}, {"weight": 3, "random_weight": 0.5572488329710432, "id": 16}, {"weight": 2, "random_weight": 0.2908004034091374, "id": 21}], [{"weight": 2, "random_weight": 0.5979505550612663, "id": 1}, {"weight": 3, "random_weight": 0.8381030981364979, "id": 15}], [{"weight": 1, "random_weight": 0.8712064761205487, "id": 1}, {"weight": 1, "random_weight": 0.363972493680106, "id": 12}, {"weight": 2, "random_weight": 0.6106864777623464, "id": 13}, {"weight": 3, "random_weight": 0.8381030981364979, "id": 14}, {"weight": 2, "random_weight": 0.6508466675057296, "id": 16}], [{"weight": 2, "random_weight": 0.38550608505804185, "id": 1}, {"weight": 3, "random_weight": 0.5572488329710432, "id": 13}, {"weight": 2, "random_weight": 0.6508466675057296, "id": 15}, {"weight": 1, "random_weight": 0.6673832337464607, "id": 19}, {"weight": 4, "random_weight": 0.7640784396334733, "id": 21}], [{"weight": 1, "random_weight": 0.44785809009431554, "id": 5}, {"weight": 1, "random_weight": 0.8915434318985437, "id": 8}, {"weight": 3, "random_weight": 0.8999657431310825, "id": 9}, {"weight": 2, "random_weight": 0.32727589891312847, "id": 18}, {"weight": 4, "random_weight": 0.1336409351603124, "id": 20}, {"weight": 3, "random_weight": 0.5069646930982571, "id": 23}], [{"weight": 2, "random_weight": 0.8613654854394199, "id": 6}, {"weight": 3, "random_weight": 0.30286452542155995, "id": 9}, {"weight": 3, "random_weight": 0.828590493581534, "id": 10}, {"weight": 2, "random_weight": 0.32727589891312847, "id": 17}], [{"weight": 3, "random_weight": 0.012531226534444495, "id": 0}, {"weight": 1, "random_weight": 0.21097139483897753, "id": 1}, {"weight": 1, "random_weight": 0.5871576441933354, "id": 10}, {"weight": 1, "random_weight": 0.6673832337464607, "id": 16}, {"weight": 3, "random_weight": 0.6325207417075164, "id": 20}, {"weight": 2, "random_weight": 0.5816278731684587, "id": 21}, {"weight": 1, "random_weight": 0.22685749256249976, "id": 23}], [{"weight": 3, "random_weight": 0.368704961174103, "id": 10}, {"weight": 4, "random_weight": 0.1336409351603124, "id": 17}, {"weight": 3, "random_weight": 0.6325207417075164, "id": 19}, {"weight": 2, "random_weight": 0.7355766859600426, "id": 23}], [{"weight": 2, "random_weight": 0.26833279768949914, "id": 4}, {"weight": 2, "random_weight": 0.2908004034091374, "id": 13}, {"weight": 4, "random_weight": 0.7640784396334733, "id": 16}, {"weight": 2, "random_weight": 0.5816278731684587, "id": 19}, {"weight": 2, "random_weight": 0.9226250325451456, "id": 23}], [{"weight": 1, "random_weight": 0.9711089988268026, "id": 3}, {"weight": 6, "random_weight": 0.8944524463465228, "id": 5}, {"weight": 1, "random_weight": 0.12098358184084057, "id": 7}], [{"weight": 1, "random_weight": 0.07609829871452367, "id": 4}, {"weight": 3, "random_weight": 0.172495394453259, "id": 5}, {"weight": 3, "random_weight": 0.5069646930982571, "id": 17}, {"weight": 1, "random_weight": 0.22685749256249976, "id": 19}, {"weight": 2, "random_weight": 0.7355766859600426, "id": 20}, {"weight": 2, "random_weight": 0.9226250325451456, "id": 21}]]}