{"directed": false, "multigraph": false, "graph": [], "nodes": [{"graph": null, "nnodes": 6, "nedges": 5, "density": 0.3333333333333333, "atomics": "[69, 70, 82, 83, 56, 57]", "group_pop": 6, "init_part_assignment": 10, "id": 0}, {"graph": null, "nnodes": 6, "nedges": 6, "density": 0.4, "atomics": "[71, 45, 46, 47, 58, 59]", "group_pop": 6, "init_part_assignment": 10, "id": 1}, {"graph": null, "nnodes": 6, "nedges": 7, "density": 0.4666666666666667, "atomics": "[106, 107, 118, 119, 94, 95]", "group_pop": 6, "init_part_assignment": 11, "id": 2}, {"graph": null, "nnodes": 6, "nedges": 6, "density": 0.4, "atomics": "[73, 74, 48, 49, 60, 61]", "group_pop": 6, "init_part_assignment": 4, "id": 3}, {"graph": null, "nnodes": 6, "nedges": 6, "density": 0.4, "atomics": "[38, 39, 50, 51, 26, 62]", "group_pop": 6, "init_part_assignment": 3, "id": 4}, {"graph": null, "nnodes": 6, "nedges": 7, "density": 0.4666666666666667, "atomics": "[129, 130, 131, 141, 142, 143]", "group_pop": 6, "init_part_assignment": 0, "id": 5}, {"graph": null, "nnodes": 6, "nedges": 6, "density": 0.4, "atomics": "[132, 133, 134, 109, 120, 121]", "group_pop": 6, "init_part_assignment": 6, "id": 6}, {"graph": null, "nnodes": 6, "nedges": 5, "density": 0.3333333333333333, "atomics": "[100, 135, 111, 112, 122, 123]", "group_pop": 6, "init_part_assignment": 6, "id": 7}, {"graph": null, "nnodes": 6, "nedges": 7, "density": 0.4666666666666667, "atomics": "[136, 137, 138, 124, 125, 126]", "group_pop": 6, "init_part_assignment": 5, "id": 8}, {"graph": null, "nnodes": 6, "nedges": 6, "density": 0.4, "atomics": "[128, 139, 140, 116, 117, 127]", "group_pop": 6, "init_part_assignment": 0, "id": 9}, {"graph": null, "nnodes": 6, "nedges": 7, "density": 0.4666666666666667, "atomics": "[104, 105, 80, 81, 92, 93]", "group_pop": 6, "init_part_assignment": 11, "id": 10}, {"graph": null, "nnodes": 6, "nedges": 6, "density": 0.4, "atomics": "[0, 36, 37, 12, 24, 25]", "group_pop": 6, "init_part_assignment": 1, "id": 11}, {"graph": null, "nnodes": 6, "nedges": 6, "density": 0.4, "atomics": "[1, 2, 13, 14, 15, 27]", "group_pop": 6, "init_part_assignment": 1, "id": 12}, {"graph": null, "nnodes": 6, "nedges": 5, "density": 0.3333333333333333, "atomics": "[3, 4, 16, 28, 29, 30]", "group_pop": 6, "init_part_assignment": 2, "id": 13}, {"graph": null, "nnodes": 6, "nedges": 7, "density": 0.4666666666666667, "atomics": "[5, 6, 7, 17, 18, 19]", "group_pop": 6, "init_part_assignment": 2, "id": 14}, {"graph": null, "nnodes": 6, "nedges": 7, "density": 0.4666666666666667, "atomics": "[34, 35, 10, 11, 22, 23]", "group_pop": 6, "init_part_assignment": 7, "id": 15}, {"graph": null, "nnodes": 6, "nedges": 7, "density": 0.4666666666666667, "atomics": "[32, 33, 8, 9, 20, 21]", "group_pop": 6, "init_part_assignment": 7, "id": 16}, {"graph": null, "nnodes": 6, "nedges": 5, "density": 0.3333333333333333, "atomics": "[40, 41, 42, 43, 44, 31]", "group_pop": 6, "init_part_assignment": 3, "id": 17}, {"graph": null, "nnodes": 6, "nedges": 7, "density": 0.4666666666666667, "atomics": "[101, 102, 103, 113, 114, 115]", "group_pop": 6, "init_part_assignment": 5, "id": 18}, {"graph": null, "nnodes": 6, "nedges": 6, "density": 0.4, "atomics": "[96, 97, 72, 108, 84, 85]", "group_pop": 6, "init_part_assignment": 4, "id": 19}, {"graph": null, "nnodes": 6, "nedges": 6, "density": 0.4, "atomics": "[98, 99, 75, 110, 86, 87]", "group_pop": 6, "init_part_assignment": 9, "id": 20}, {"graph": null, "nnodes": 6, "nedges": 6, "density": 0.4, "atomics": "[66, 67, 68, 78, 54, 55]", "group_pop": 6, "init_part_assignment": 8, "id": 21}, {"graph": null, "nnodes": 6, "nedges": 5, "density": 0.3333333333333333, "atomics": "[76, 79, 88, 89, 90, 91]", "group_pop": 6, "init_part_assignment": 9, "id": 22}, {"graph": null, "nnodes": 6, "nedges": 6, "density": 0.4, "atomics": "[64, 65, 77, 52, 53, 63]", "group_pop": 6, "init_part_assignment": 8, "id": 23}], "adjacency": [[{"weight": 5, "random_weight": 0.10188893684700584, "id": 1}, {"weight": 2, "random_weight": 0.2532363472615159, "id": 2}, {"weight": 2, "random_weight": 0.8927078124670046, "id": 10}, {"weight": 1, "random_weight": 0.4343270226428191, "id": 17}, {"weight": 3, "random_weight": 0.7264508872943759, "id": 21}], [{"weight": 5, "random_weight": 0.10188893684700584, "id": 0}, {"weight": 2, "random_weight": 0.9613207138380886, "id": 15}, {"weight": 1, "random_weight": 0.2525220403580317, "id": 16}, {"weight": 1, "random_weight": 0.94837800303037, "id": 17}], [{"weight": 2, "random_weight": 0.2532363472615159, "id": 0}, {"weight": 2, "random_weight": 0.247342443732956, "id": 5}, {"weight": 1, "random_weight": 0.711534592840605, "id": 9}, {"weight": 2, "random_weight": 0.8893977969492264, "id": 10}], [{"weight": 3, "random_weight": 0.7322971295645423, "id": 4}, {"weight": 2, "random_weight": 0.8133639702896707, "id": 11}, {"weight": 3, "random_weight": 0.08549982759143837, "id": 19}, {"weight": 2, "random_weight": 0.19222118010087963, "id": 20}], [{"weight": 3, "random_weight": 0.7322971295645423, "id": 3}, {"weight": 2, "random_weight": 0.7233944395678883, "id": 11}, {"weight": 3, "random_weight": 0.20381631517926668, "id": 12}, {"weight": 1, "random_weight": 0.53293706025536, "id": 17}, {"weight": 3, "random_weight": 0.8289172686909295, "id": 23}], [{"weight": 2, "random_weight": 0.247342443732956, "id": 2}, {"weight": 3, "random_weight": 0.2994285954929622, "id": 9}], [{"weight": 3, "random_weight": 0.5380469897180757, "id": 7}, {"weight": 3, "random_weight": 0.2738309695543908, "id": 19}, {"weight": 1, "random_weight": 0.81822687268683, "id": 20}], [{"weight": 3, "random_weight": 0.5380469897180757, "id": 6}, {"weight": 3, "random_weight": 0.6564043159110354, "id": 8}, {"weight": 2, "random_weight": 0.08328367023362016, "id": 18}, {"weight": 4, "random_weight": 0.12951355979012502, "id": 20}, {"weight": 1, "random_weight": 0.509000342021628, "id": 22}], [{"weight": 3, "random_weight": 0.6564043159110354, "id": 7}, {"weight": 2, "random_weight": 0.6256738222105477, "id": 9}, {"weight": 2, "random_weight": 0.029746531280887, "id": 18}], [{"weight": 1, "random_weight": 0.711534592840605, "id": 2}, {"weight": 3, "random_weight": 0.2994285954929622, "id": 5}, {"weight": 2, "random_weight": 0.6256738222105477, "id": 8}, {"weight": 2, "random_weight": 0.5870294305438937, "id": 10}, {"weight": 2, "random_weight": 0.5405827191066769, "id": 18}], [{"weight": 2, "random_weight": 0.8927078124670046, "id": 0}, {"weight": 2, "random_weight": 0.8893977969492264, "id": 2}, {"weight": 2, "random_weight": 0.5870294305438937, "id": 9}, {"weight": 1, "random_weight": 0.46407990268936117, "id": 18}, {"weight": 1, "random_weight": 0.5748863646094826, "id": 21}, {"weight": 2, "random_weight": 0.9050285659997113, "id": 22}], [{"weight": 2, "random_weight": 0.8133639702896707, "id": 3}, {"weight": 2, "random_weight": 0.7233944395678883, "id": 4}, {"weight": 3, "random_weight": 0.03875913361329808, "id": 12}], [{"weight": 3, "random_weight": 0.20381631517926668, "id": 4}, {"weight": 3, "random_weight": 0.03875913361329808, "id": 11}, {"weight": 4, "random_weight": 0.4659368639220909, "id": 13}], [{"weight": 4, "random_weight": 0.4659368639220909, "id": 12}, {"weight": 4, "random_weight": 0.4251498550598034, "id": 14}, {"weight": 4, "random_weight": 0.7669903050422753, "id": 17}], [{"weight": 4, "random_weight": 0.4251498550598034, "id": 13}, {"weight": 2, "random_weight": 0.6096051150560695, "id": 16}, {"weight": 1, "random_weight": 0.8415801888126763, "id": 17}], [{"weight": 2, "random_weight": 0.9613207138380886, "id": 1}, {"weight": 3, "random_weight": 0.8064631885194004, "id": 16}], [{"weight": 1, "random_weight": 0.2525220403580317, "id": 1}, {"weight": 2, "random_weight": 0.6096051150560695, "id": 14}, {"weight": 3, "random_weight": 0.8064631885194004, "id": 15}, {"weight": 2, "random_weight": 0.8810744799927585, "id": 17}], [{"weight": 1, "random_weight": 0.4343270226428191, "id": 0}, {"weight": 1, "random_weight": 0.94837800303037, "id": 1}, {"weight": 1, "random_weight": 0.53293706025536, "id": 4}, {"weight": 4, "random_weight": 0.7669903050422753, "id": 13}, {"weight": 1, "random_weight": 0.8415801888126763, "id": 14}, {"weight": 2, "random_weight": 0.8810744799927585, "id": 16}, {"weight": 2, "random_weight": 0.3998804599932638, "id": 21}, {"weight": 2, "random_weight": 0.7859980760814361, "id": 23}], [{"weight": 2, "random_weight": 0.08328367023362016, "id": 7}, {"weight": 2, "random_weight": 0.029746531280887, "id": 8}, {"weight": 2, "random_weight": 0.5405827191066769, "id": 9}, {"weight": 1, "random_weight": 0.46407990268936117, "id": 10}, {"weight": 3, "random_weight": 0.6197765965286738, "id": 22}], [{"weight": 3, "random_weight": 0.08549982759143837, "id": 3}, {"weight": 3, "random_weight": 0.2738309695543908, "id": 6}, {"weight": 2, "random_weight": 0.5586173624458196, "id": 20}], [{"weight": 2, "random_weight": 0.19222118010087963, "id": 3}, {"weight": 1, "random_weight": 0.81822687268683, "id": 6}, {"weight": 4, "random_weight": 0.12951355979012502, "id": 7}, {"weight": 2, "random_weight": 0.5586173624458196, "id": 19}, {"weight": 2, "random_weight": 0.6752735437928794, "id": 22}, {"weight": 1, "random_weight": 0.9547567638961407, "id": 23}], [{"weight": 3, "random_weight": 0.7264508872943759, "id": 0}, {"weight": 1, "random_weight": 0.5748863646094826, "id": 10}, {"weight": 2, "random_weight": 0.3998804599932638, "id": 17}, {"weight": 3, "random_weight": 0.33656304417625305, "id": 22}, {"weight": 3, "random_weight": 0.09126469121127834, "id": 23}], [{"weight": 1, "random_weight": 0.509000342021628, "id": 7}, {"weight": 2, "random_weight": 0.9050285659997113, "id": 10}, {"weight": 3, "random_weight": 0.6197765965286738, "id": 18}, {"weight": 2, "random_weight": 0.6752735437928794, "id": 20}, {"weight": 3, "random_weight": 0.33656304417625305, "id": 21}, {"weight": 3, "random_weight": 0.6755140924088239, "id": 23}], [{"weight": 3, "random_weight": 0.8289172686909295, "id": 4}, {"weight": 2, "random_weight": 0.7859980760814361, "id": 17}, {"weight": 1, "random_weight": 0.9547567638961407, "id": 20}, {"weight": 3, "random_weight": 0.09126469121127834, "id": 21}, {"weight": 3, "random_weight": 0.6755140924088239, "id": 22}]]}