{"directed": false, "multigraph": false, "graph": [], "nodes": [{"graph": null, "nnodes": 6, "nedges": 6, "density": 0.4, "atomics": "[105, 106, 83, 93, 94, 95]", "group_pop": 6, "init_part_assignment": 4, "id": 0}, {"graph": null, "nnodes": 6, "nedges": 6, "density": 0.4, "atomics": "[71, 46, 47, 57, 58, 59]", "group_pop": 6, "init_part_assignment": 2, "id": 1}, {"graph": null, "nnodes": 6, "nedges": 6, "density": 0.4, "atomics": "[130, 131, 107, 142, 143, 119]", "group_pop": 6, "init_part_assignment": 4, "id": 2}, {"graph": null, "nnodes": 6, "nedges": 5, "density": 0.3333333333333333, "atomics": "[0, 36, 12, 48, 24, 60]", "group_pop": 6, "init_part_assignment": 3, "id": 3}, {"graph": null, "nnodes": 6, "nedges": 7, "density": 0.4666666666666667, "atomics": "[37, 38, 49, 50, 61, 62]", "group_pop": 6, "init_part_assignment": 8, "id": 4}, {"graph": null, "nnodes": 6, "nedges": 6, "density": 0.4, "atomics": "[128, 129, 140, 141, 117, 118]", "group_pop": 6, "init_part_assignment": 0, "id": 5}, {"graph": null, "nnodes": 6, "nedges": 7, "density": 0.4666666666666667, "atomics": "[132, 133, 108, 109, 120, 121]", "group_pop": 6, "init_part_assignment": 10, "id": 6}, {"graph": null, "nnodes": 6, "nedges": 6, "density": 0.4, "atomics": "[99, 134, 135, 111, 122, 123]", "group_pop": 6, "init_part_assignment": 10, "id": 7}, {"graph": null, "nnodes": 6, "nedges": 6, "density": 0.4, "atomics": "[136, 137, 138, 139, 126, 127]", "group_pop": 6, "init_part_assignment": 7, "id": 8}, {"graph": null, "nnodes": 6, "nedges": 7, "density": 0.4666666666666667, "atomics": "[100, 101, 112, 113, 124, 125]", "group_pop": 6, "init_part_assignment": 7, "id": 9}, {"graph": null, "nnodes": 6, "nedges": 7, "density": 0.4666666666666667, "atomics": "[1, 2, 13, 14, 25, 26]", "group_pop": 6, "init_part_assignment": 8, "id": 10}, {"graph": null, "nnodes": 6, "nedges": 6, "density": 0.4, "atomics": "[3, 4, 5, 16, 17, 18]", "group_pop": 6, "init_part_assignment": 9, "id": 11}, {"graph": null, "nnodes": 6, "nedges": 6, "density": 0.4, "atomics": "[6, 7, 8, 9, 20, 21]", "group_pop": 6, "init_part_assignment": 1, "id": 12}, {"graph": null, "nnodes": 6, "nedges": 5, "density": 0.3333333333333333, "atomics": "[64, 39, 15, 51, 27, 63]", "group_pop": 6, "init_part_assignment": 11, "id": 13}, {"graph": null, "nnodes": 6, "nedges": 7, "density": 0.4666666666666667, "atomics": "[34, 35, 10, 11, 22, 23]", "group_pop": 6, "init_part_assignment": 1, "id": 14}, {"graph": null, "nnodes": 6, "nedges": 6, "density": 0.4, "atomics": "[32, 33, 44, 45, 19, 31]", "group_pop": 6, "init_part_assignment": 6, "id": 15}, {"graph": null, "nnodes": 6, "nedges": 5, "density": 0.3333333333333333, "atomics": "[42, 43, 55, 56, 29, 30]", "group_pop": 6, "init_part_assignment": 6, "id": 16}, {"graph": null, "nnodes": 6, "nedges": 7, "density": 0.4666666666666667, "atomics": "[102, 103, 104, 114, 115, 116]", "group_pop": 6, "init_part_assignment": 0, "id": 17}, {"graph": null, "nnodes": 6, "nedges": 6, "density": 0.4, "atomics": "[98, 74, 75, 110, 86, 87]", "group_pop": 6, "init_part_assignment": 11, "id": 18}, {"graph": null, "nnodes": 6, "nedges": 7, "density": 0.4666666666666667, "atomics": "[68, 69, 70, 80, 81, 82]", "group_pop": 6, "init_part_assignment": 2, "id": 19}, {"graph": null, "nnodes": 6, "nedges": 5, "density": 0.3333333333333333, "atomics": "[76, 88, 89, 90, 91, 92]", "group_pop": 6, "init_part_assignment": 5, "id": 20}, {"graph": null, "nnodes": 6, "nedges": 6, "density": 0.4, "atomics": "[40, 41, 52, 53, 54, 28]", "group_pop": 6, "init_part_assignment": 9, "id": 21}, {"graph": null, "nnodes": 6, "nedges": 7, "density": 0.4666666666666667, "atomics": "[96, 97, 72, 73, 84, 85]", "group_pop": 6, "init_part_assignment": 3, "id": 22}, {"graph": null, "nnodes": 6, "nedges": 7, "density": 0.4666666666666667, "atomics": "[65, 66, 67, 77, 78, 79]", "group_pop": 6, "init_part_assignment": 5, "id": 23}], "adjacency": [[{"weight": 1, "random_weight": 0.6943636386568727, "id": 1}, {"weight": 2, "random_weight": 0.44101395578243296, "id": 2}, {"weight": 2, "random_weight": 0.5461341798426061, "id": 5}, {"weight": 1, "random_weight": 0.991292243398709, "id": 17}, {"weight": 3, "random_weight": 0.4185028930138044, "id": 19}, {"weight": 1, "random_weight": 0.9046828024900663, "id": 20}], [{"weight": 1, "random_weight": 0.6943636386568727, "id": 0}, {"weight": 2, "random_weight": 0.6818071576650228, "id": 14}, {"weight": 2, "random_weight": 0.8150139911492266, "id": 15}, {"weight": 1, "random_weight": 0.37712718693008573, "id": 16}, {"weight": 3, "random_weight": 0.22076778036141798, "id": 19}], [{"weight": 2, "random_weight": 0.44101395578243296, "id": 0}, {"weight": 4, "random_weight": 0.4428047556399789, "id": 5}], [{"weight": 3, "random_weight": 0.3063609284709631, "id": 4}, {"weight": 3, "random_weight": 0.24806005357482652, "id": 10}, {"weight": 1, "random_weight": 0.3881399223361275, "id": 22}], [{"weight": 3, "random_weight": 0.3063609284709631, "id": 3}, {"weight": 2, "random_weight": 0.5065893719343451, "id": 10}, {"weight": 3, "random_weight": 0.34529631595812493, "id": 13}, {"weight": 1, "random_weight": 0.8167927719401564, "id": 18}, {"weight": 1, "random_weight": 0.7973314675723081, "id": 22}], [{"weight": 2, "random_weight": 0.5461341798426061, "id": 0}, {"weight": 4, "random_weight": 0.4428047556399789, "id": 2}, {"weight": 2, "random_weight": 0.5329541843108745, "id": 8}, {"weight": 2, "random_weight": 0.2183354471148895, "id": 17}], [{"weight": 2, "random_weight": 0.7030525235488363, "id": 7}, {"weight": 1, "random_weight": 0.997494812787428, "id": 18}, {"weight": 2, "random_weight": 0.4289833836280954, "id": 22}], [{"weight": 2, "random_weight": 0.7030525235488363, "id": 6}, {"weight": 1, "random_weight": 0.754880728042158, "id": 8}, {"weight": 3, "random_weight": 0.7380165539343412, "id": 9}, {"weight": 4, "random_weight": 0.42725227252484077, "id": 18}], [{"weight": 2, "random_weight": 0.5329541843108745, "id": 5}, {"weight": 1, "random_weight": 0.754880728042158, "id": 7}, {"weight": 3, "random_weight": 0.6815537315590812, "id": 9}, {"weight": 2, "random_weight": 0.09062754634530756, "id": 17}], [{"weight": 3, "random_weight": 0.7380165539343412, "id": 7}, {"weight": 3, "random_weight": 0.6815537315590812, "id": 8}, {"weight": 2, "random_weight": 0.9646051013950211, "id": 17}, {"weight": 2, "random_weight": 0.48191150867017374, "id": 20}], [{"weight": 3, "random_weight": 0.24806005357482652, "id": 3}, {"weight": 2, "random_weight": 0.5065893719343451, "id": 4}, {"weight": 1, "random_weight": 0.8821179563290265, "id": 11}, {"weight": 2, "random_weight": 0.6150948565395711, "id": 13}], [{"weight": 1, "random_weight": 0.8821179563290265, "id": 10}, {"weight": 2, "random_weight": 0.07718358974847395, "id": 12}, {"weight": 2, "random_weight": 0.7041000817641831, "id": 13}, {"weight": 1, "random_weight": 0.7000636233683751, "id": 15}, {"weight": 2, "random_weight": 0.5882819933486939, "id": 16}, {"weight": 1, "random_weight": 0.27830282552926344, "id": 21}], [{"weight": 2, "random_weight": 0.07718358974847395, "id": 11}, {"weight": 2, "random_weight": 0.6259978366242697, "id": 14}, {"weight": 4, "random_weight": 0.9922852887981609, "id": 15}], [{"weight": 3, "random_weight": 0.34529631595812493, "id": 4}, {"weight": 2, "random_weight": 0.6150948565395711, "id": 10}, {"weight": 2, "random_weight": 0.7041000817641831, "id": 11}, {"weight": 1, "random_weight": 0.662235520527251, "id": 18}, {"weight": 1, "random_weight": 0.6954099556941601, "id": 20}, {"weight": 4, "random_weight": 0.9159628091250968, "id": 21}, {"weight": 1, "random_weight": 0.6609827026035346, "id": 23}], [{"weight": 2, "random_weight": 0.6818071576650228, "id": 1}, {"weight": 2, "random_weight": 0.6259978366242697, "id": 12}, {"weight": 1, "random_weight": 0.9845528613748074, "id": 15}], [{"weight": 2, "random_weight": 0.8150139911492266, "id": 1}, {"weight": 1, "random_weight": 0.7000636233683751, "id": 11}, {"weight": 4, "random_weight": 0.9922852887981609, "id": 12}, {"weight": 1, "random_weight": 0.9845528613748074, "id": 14}, {"weight": 4, "random_weight": 0.3032745672927858, "id": 16}], [{"weight": 1, "random_weight": 0.37712718693008573, "id": 1}, {"weight": 2, "random_weight": 0.5882819933486939, "id": 11}, {"weight": 4, "random_weight": 0.3032745672927858, "id": 15}, {"weight": 1, "random_weight": 0.9605683617678915, "id": 19}, {"weight": 5, "random_weight": 0.7158505093208248, "id": 21}, {"weight": 1, "random_weight": 0.7553034107433074, "id": 23}], [{"weight": 1, "random_weight": 0.991292243398709, "id": 0}, {"weight": 2, "random_weight": 0.2183354471148895, "id": 5}, {"weight": 2, "random_weight": 0.09062754634530756, "id": 8}, {"weight": 2, "random_weight": 0.9646051013950211, "id": 9}, {"weight": 3, "random_weight": 0.3916242212555787, "id": 20}], [{"weight": 1, "random_weight": 0.8167927719401564, "id": 4}, {"weight": 1, "random_weight": 0.997494812787428, "id": 6}, {"weight": 4, "random_weight": 0.42725227252484077, "id": 7}, {"weight": 1, "random_weight": 0.662235520527251, "id": 13}, {"weight": 2, "random_weight": 0.6142813913290422, "id": 20}, {"weight": 3, "random_weight": 0.4161172258899789, "id": 22}], [{"weight": 3, "random_weight": 0.4185028930138044, "id": 0}, {"weight": 3, "random_weight": 0.22076778036141798, "id": 1}, {"weight": 1, "random_weight": 0.9605683617678915, "id": 16}, {"weight": 1, "random_weight": 0.8739684864131979, "id": 20}, {"weight": 2, "random_weight": 0.08369021027065793, "id": 23}], [{"weight": 1, "random_weight": 0.9046828024900663, "id": 0}, {"weight": 2, "random_weight": 0.48191150867017374, "id": 9}, {"weight": 1, "random_weight": 0.6954099556941601, "id": 13}, {"weight": 3, "random_weight": 0.3916242212555787, "id": 17}, {"weight": 2, "random_weight": 0.6142813913290422, "id": 18}, {"weight": 1, "random_weight": 0.8739684864131979, "id": 19}, {"weight": 4, "random_weight": 0.3076909977991633, "id": 23}], [{"weight": 1, "random_weight": 0.27830282552926344, "id": 11}, {"weight": 4, "random_weight": 0.9159628091250968, "id": 13}, {"weight": 5, "random_weight": 0.7158505093208248, "id": 16}, {"weight": 2, "random_weight": 0.7249040693682695, "id": 23}], [{"weight": 1, "random_weight": 0.3881399223361275, "id": 3}, {"weight": 1, "random_weight": 0.7973314675723081, "id": 4}, {"weight": 2, "random_weight": 0.4289833836280954, "id": 6}, {"weight": 3, "random_weight": 0.4161172258899789, "id": 18}], [{"weight": 1, "random_weight": 0.6609827026035346, "id": 13}, {"weight": 1, "random_weight": 0.7553034107433074, "id": 16}, {"weight": 2, "random_weight": 0.08369021027065793, "id": 19}, {"weight": 4, "random_weight": 0.3076909977991633, "id": 20}, {"weight": 2, "random_weight": 0.7249040693682695, "id": 21}]]}