{"directed": false, "multigraph": false, "graph": [], "nodes": [{"graph": null, "nnodes": 6, "nedges": 6, "density": 0.4, "atomics": "[70, 71, 81, 82, 83, 59]", "group_pop": 6, "init_part_assignment": 10, "id": 0}, {"graph": null, "nnodes": 6, "nedges": 6, "density": 0.4, "atomics": "[34, 35, 46, 47, 23, 58]", "group_pop": 6, "init_part_assignment": 10, "id": 1}, {"graph": null, "nnodes": 6, "nedges": 7, "density": 0.4666666666666667, "atomics": "[105, 106, 107, 93, 94, 95]", "group_pop": 6, "init_part_assignment": 0, "id": 2}, {"graph": null, "nnodes": 6, "nedges": 5, "density": 0.3333333333333333, "atomics": "[36, 37, 72, 73, 48, 60]", "group_pop": 6, "init_part_assignment": 2, "id": 3}, {"graph": null, "nnodes": 6, "nedges": 6, "density": 0.4, "atomics": "[74, 49, 50, 61, 62, 63]", "group_pop": 6, "init_part_assignment": 4, "id": 4}, {"graph": null, "nnodes": 6, "nedges": 6, "density": 0.4, "atomics": "[38, 39, 40, 51, 52, 53]", "group_pop": 6, "init_part_assignment": 9, "id": 5}, {"graph": null, "nnodes": 6, "nedges": 7, "density": 0.4666666666666667, "atomics": "[130, 131, 142, 143, 118, 119]", "group_pop": 6, "init_part_assignment": 5, "id": 6}, {"graph": null, "nnodes": 6, "nedges": 7, "density": 0.4666666666666667, "atomics": "[132, 133, 108, 109, 120, 121]", "group_pop": 6, "init_part_assignment": 3, "id": 7}, {"graph": null, "nnodes": 6, "nedges": 7, "density": 0.4666666666666667, "atomics": "[134, 135, 110, 111, 122, 123]", "group_pop": 6, "init_part_assignment": 3, "id": 8}, {"graph": null, "nnodes": 6, "nedges": 7, "density": 0.4666666666666667, "atomics": "[136, 137, 112, 113, 124, 125]", "group_pop": 6, "init_part_assignment": 1, "id": 9}, {"graph": null, "nnodes": 6, "nedges": 5, "density": 0.3333333333333333, "atomics": "[129, 103, 141, 115, 116, 117]", "group_pop": 6, "init_part_assignment": 5, "id": 10}, {"graph": null, "nnodes": 6, "nedges": 6, "density": 0.4, "atomics": "[12, 13, 24, 25, 26, 27]", "group_pop": 6, "init_part_assignment": 2, "id": 11}, {"graph": null, "nnodes": 6, "nedges": 6, "density": 0.4, "atomics": "[4, 5, 6, 16, 17, 28]", "group_pop": 6, "init_part_assignment": 6, "id": 12}, {"graph": null, "nnodes": 6, "nedges": 6, "density": 0.4, "atomics": "[7, 8, 9, 18, 19, 20]", "group_pop": 6, "init_part_assignment": 8, "id": 13}, {"graph": null, "nnodes": 6, "nedges": 6, "density": 0.4, "atomics": "[0, 1, 2, 3, 14, 15]", "group_pop": 6, "init_part_assignment": 6, "id": 14}, {"graph": null, "nnodes": 6, "nedges": 5, "density": 0.3333333333333333, "atomics": "[32, 33, 10, 11, 21, 22]", "group_pop": 6, "init_part_assignment": 11, "id": 15}, {"graph": null, "nnodes": 6, "nedges": 7, "density": 0.4666666666666667, "atomics": "[41, 42, 43, 29, 30, 31]", "group_pop": 6, "init_part_assignment": 8, "id": 16}, {"graph": null, "nnodes": 6, "nedges": 5, "density": 0.3333333333333333, "atomics": "[99, 100, 101, 102, 114, 90]", "group_pop": 6, "init_part_assignment": 7, "id": 17}, {"graph": null, "nnodes": 6, "nedges": 7, "density": 0.4666666666666667, "atomics": "[128, 138, 139, 140, 126, 127]", "group_pop": 6, "init_part_assignment": 1, "id": 18}, {"graph": null, "nnodes": 6, "nedges": 5, "density": 0.3333333333333333, "atomics": "[67, 68, 69, 104, 80, 92]", "group_pop": 6, "init_part_assignment": 0, "id": 19}, {"graph": null, "nnodes": 6, "nedges": 6, "density": 0.4, "atomics": "[64, 75, 76, 87, 88, 89]", "group_pop": 6, "init_part_assignment": 9, "id": 20}, {"graph": null, "nnodes": 6, "nedges": 6, "density": 0.4, "atomics": "[65, 66, 77, 78, 79, 91]", "group_pop": 6, "init_part_assignment": 7, "id": 21}, {"graph": null, "nnodes": 6, "nedges": 6, "density": 0.4, "atomics": "[44, 45, 54, 55, 56, 57]", "group_pop": 6, "init_part_assignment": 11, "id": 22}, {"graph": null, "nnodes": 6, "nedges": 7, "density": 0.4666666666666667, "atomics": "[96, 97, 98, 84, 85, 86]", "group_pop": 6, "init_part_assignment": 4, "id": 23}], "adjacency": [[{"weight": 3, "random_weight": 0.9749066578708381, "id": 1}, {"weight": 3, "random_weight": 0.5049684158160245, "id": 2}, {"weight": 3, "random_weight": 0.47345957616399115, "id": 19}], [{"weight": 3, "random_weight": 0.9749066578708381, "id": 0}, {"weight": 4, "random_weight": 0.04580646467759186, "id": 15}, {"weight": 2, "random_weight": 0.8921188070261967, "id": 22}], [{"weight": 3, "random_weight": 0.5049684158160245, "id": 0}, {"weight": 2, "random_weight": 0.9129497112078865, "id": 6}, {"weight": 1, "random_weight": 0.25516138646906716, "id": 10}, {"weight": 2, "random_weight": 0.2324649929495468, "id": 19}], [{"weight": 5, "random_weight": 0.7383840602139212, "id": 4}, {"weight": 1, "random_weight": 0.39442653296592256, "id": 5}, {"weight": 2, "random_weight": 0.11188651027806662, "id": 11}, {"weight": 2, "random_weight": 0.037722794073102306, "id": 23}], [{"weight": 5, "random_weight": 0.7383840602139212, "id": 3}, {"weight": 3, "random_weight": 0.2182234038158425, "id": 5}, {"weight": 3, "random_weight": 0.7092517030884145, "id": 20}, {"weight": 1, "random_weight": 0.42014054388148325, "id": 23}], [{"weight": 1, "random_weight": 0.39442653296592256, "id": 3}, {"weight": 3, "random_weight": 0.2182234038158425, "id": 4}, {"weight": 2, "random_weight": 0.4310532720950132, "id": 11}, {"weight": 1, "random_weight": 0.5681596817583879, "id": 12}, {"weight": 2, "random_weight": 0.5499339716403225, "id": 16}, {"weight": 1, "random_weight": 0.0024347515830408506, "id": 20}, {"weight": 1, "random_weight": 0.9603915103531444, "id": 21}, {"weight": 1, "random_weight": 0.914581460571719, "id": 22}], [{"weight": 2, "random_weight": 0.9129497112078865, "id": 2}, {"weight": 3, "random_weight": 0.9279123837025174, "id": 10}], [{"weight": 3, "random_weight": 0.3425818524270684, "id": 8}, {"weight": 2, "random_weight": 0.8610165285330718, "id": 23}], [{"weight": 3, "random_weight": 0.3425818524270684, "id": 7}, {"weight": 3, "random_weight": 0.6938954772692906, "id": 9}, {"weight": 1, "random_weight": 0.7104468703782509, "id": 17}, {"weight": 1, "random_weight": 0.8887984709343626, "id": 23}], [{"weight": 3, "random_weight": 0.6938954772692906, "id": 8}, {"weight": 3, "random_weight": 0.5717480384976776, "id": 17}, {"weight": 2, "random_weight": 0.18013345648599377, "id": 18}], [{"weight": 1, "random_weight": 0.25516138646906716, "id": 2}, {"weight": 3, "random_weight": 0.9279123837025174, "id": 6}, {"weight": 2, "random_weight": 0.5843823605900317, "id": 17}, {"weight": 4, "random_weight": 0.30186585217434014, "id": 18}, {"weight": 2, "random_weight": 0.8998675976895916, "id": 19}, {"weight": 1, "random_weight": 0.8220683158878577, "id": 21}], [{"weight": 2, "random_weight": 0.11188651027806662, "id": 3}, {"weight": 2, "random_weight": 0.4310532720950132, "id": 5}, {"weight": 1, "random_weight": 0.8183186009918545, "id": 12}, {"weight": 5, "random_weight": 0.9967626113717148, "id": 14}], [{"weight": 1, "random_weight": 0.5681596817583879, "id": 5}, {"weight": 1, "random_weight": 0.8183186009918545, "id": 11}, {"weight": 3, "random_weight": 0.026997031349348943, "id": 13}, {"weight": 2, "random_weight": 0.11904355073611261, "id": 14}, {"weight": 2, "random_weight": 0.3918185360307336, "id": 16}], [{"weight": 3, "random_weight": 0.026997031349348943, "id": 12}, {"weight": 4, "random_weight": 0.9295007975396009, "id": 15}, {"weight": 2, "random_weight": 0.9190588098031107, "id": 16}], [{"weight": 5, "random_weight": 0.9967626113717148, "id": 11}, {"weight": 2, "random_weight": 0.11904355073611261, "id": 12}], [{"weight": 4, "random_weight": 0.04580646467759186, "id": 1}, {"weight": 4, "random_weight": 0.9295007975396009, "id": 13}, {"weight": 1, "random_weight": 0.7497780768914177, "id": 16}, {"weight": 2, "random_weight": 0.30678528484807555, "id": 22}], [{"weight": 2, "random_weight": 0.5499339716403225, "id": 5}, {"weight": 2, "random_weight": 0.3918185360307336, "id": 12}, {"weight": 2, "random_weight": 0.9190588098031107, "id": 13}, {"weight": 1, "random_weight": 0.7497780768914177, "id": 15}, {"weight": 3, "random_weight": 0.8012929064579002, "id": 22}], [{"weight": 1, "random_weight": 0.7104468703782509, "id": 8}, {"weight": 3, "random_weight": 0.5717480384976776, "id": 9}, {"weight": 2, "random_weight": 0.5843823605900317, "id": 10}, {"weight": 1, "random_weight": 0.6231877375909058, "id": 18}, {"weight": 4, "random_weight": 0.7403881351682666, "id": 20}, {"weight": 2, "random_weight": 0.7140125897568125, "id": 21}, {"weight": 1, "random_weight": 0.8792006768078208, "id": 23}], [{"weight": 2, "random_weight": 0.18013345648599377, "id": 9}, {"weight": 4, "random_weight": 0.30186585217434014, "id": 10}, {"weight": 1, "random_weight": 0.6231877375909058, "id": 17}], [{"weight": 3, "random_weight": 0.47345957616399115, "id": 0}, {"weight": 2, "random_weight": 0.2324649929495468, "id": 2}, {"weight": 2, "random_weight": 0.8998675976895916, "id": 10}, {"weight": 4, "random_weight": 0.1773524997283782, "id": 21}, {"weight": 3, "random_weight": 0.09734903010773654, "id": 22}], [{"weight": 3, "random_weight": 0.7092517030884145, "id": 4}, {"weight": 1, "random_weight": 0.0024347515830408506, "id": 5}, {"weight": 4, "random_weight": 0.7403881351682666, "id": 17}, {"weight": 3, "random_weight": 0.6093561235344686, "id": 21}, {"weight": 1, "random_weight": 0.7906279634352575, "id": 23}], [{"weight": 1, "random_weight": 0.9603915103531444, "id": 5}, {"weight": 1, "random_weight": 0.8220683158878577, "id": 10}, {"weight": 2, "random_weight": 0.7140125897568125, "id": 17}, {"weight": 4, "random_weight": 0.1773524997283782, "id": 19}, {"weight": 3, "random_weight": 0.6093561235344686, "id": 20}, {"weight": 1, "random_weight": 0.21275940960840212, "id": 22}], [{"weight": 2, "random_weight": 0.8921188070261967, "id": 1}, {"weight": 1, "random_weight": 0.914581460571719, "id": 5}, {"weight": 2, "random_weight": 0.30678528484807555, "id": 15}, {"weight": 3, "random_weight": 0.8012929064579002, "id": 16}, {"weight": 3, "random_weight": 0.09734903010773654, "id": 19}, {"weight": 1, "random_weight": 0.21275940960840212, "id": 21}], [{"weight": 2, "random_weight": 0.037722794073102306, "id": 3}, {"weight": 1, "random_weight": 0.42014054388148325, "id": 4}, {"weight": 2, "random_weight": 0.8610165285330718, "id": 7}, {"weight": 1, "random_weight": 0.8887984709343626, "id": 8}, {"weight": 1, "random_weight": 0.8792006768078208, "id": 17}, {"weight": 1, "random_weight": 0.7906279634352575, "id": 20}]]}