{"directed": false, "multigraph": false, "graph": [], "nodes": [{"graph": null, "nnodes": 6, "nedges": 7, "density": 0.4666666666666667, "atomics": "[70, 71, 82, 83, 94, 95]", "group_pop": 6, "init_part_assignment": 9, "id": 0}, {"graph": null, "nnodes": 6, "nedges": 7, "density": 0.4666666666666667, "atomics": "[45, 46, 47, 57, 58, 59]", "group_pop": 6, "init_part_assignment": 11, "id": 1}, {"graph": null, "nnodes": 6, "nedges": 6, "density": 0.4, "atomics": "[131, 106, 107, 143, 118, 119]", "group_pop": 6, "init_part_assignment": 9, "id": 2}, {"graph": null, "nnodes": 6, "nedges": 6, "density": 0.4, "atomics": "[36, 37, 72, 48, 49, 60]", "group_pop": 6, "init_part_assignment": 1, "id": 3}, {"graph": null, "nnodes": 6, "nedges": 6, "density": 0.4, "atomics": "[73, 50, 51, 61, 62, 63]", "group_pop": 6, "init_part_assignment": 7, "id": 4}, {"graph": null, "nnodes": 6, "nedges": 7, "density": 0.4666666666666667, "atomics": "[38, 39, 40, 26, 27, 28]", "group_pop": 6, "init_part_assignment": 3, "id": 5}, {"graph": null, "nnodes": 6, "nedges": 7, "density": 0.4666666666666667, "atomics": "[128, 129, 130, 140, 141, 142]", "group_pop": 6, "init_part_assignment": 2, "id": 6}, {"graph": null, "nnodes": 6, "nedges": 7, "density": 0.4666666666666667, "atomics": "[132, 133, 134, 120, 121, 122]", "group_pop": 6, "init_part_assignment": 0, "id": 7}, {"graph": null, "nnodes": 6, "nedges": 7, "density": 0.4666666666666667, "atomics": "[135, 136, 111, 112, 123, 124]", "group_pop": 6, "init_part_assignment": 6, "id": 8}, {"graph": null, "nnodes": 6, "nedges": 7, "density": 0.4666666666666667, "atomics": "[137, 138, 139, 125, 126, 127]", "group_pop": 6, "init_part_assignment": 2, "id": 9}, {"graph": null, "nnodes": 6, "nedges": 5, "density": 0.3333333333333333, "atomics": "[102, 113, 114, 115, 116, 117]", "group_pop": 6, "init_part_assignment": 8, "id": 10}, {"graph": null, "nnodes": 6, "nedges": 7, "density": 0.4666666666666667, "atomics": "[103, 104, 105, 91, 92, 93]", "group_pop": 6, "init_part_assignment": 8, "id": 11}, {"graph": null, "nnodes": 6, "nedges": 7, "density": 0.4666666666666667, "atomics": "[0, 1, 12, 13, 24, 25]", "group_pop": 6, "init_part_assignment": 3, "id": 12}, {"graph": null, "nnodes": 6, "nedges": 7, "density": 0.4666666666666667, "atomics": "[2, 3, 4, 14, 15, 16]", "group_pop": 6, "init_part_assignment": 4, "id": 13}, {"graph": null, "nnodes": 6, "nedges": 7, "density": 0.4666666666666667, "atomics": "[5, 6, 7, 17, 18, 19]", "group_pop": 6, "init_part_assignment": 4, "id": 14}, {"graph": null, "nnodes": 6, "nedges": 7, "density": 0.4666666666666667, "atomics": "[34, 35, 10, 11, 22, 23]", "group_pop": 6, "init_part_assignment": 5, "id": 15}, {"graph": null, "nnodes": 6, "nedges": 7, "density": 0.4666666666666667, "atomics": "[32, 33, 8, 9, 20, 21]", "group_pop": 6, "init_part_assignment": 5, "id": 16}, {"graph": null, "nnodes": 6, "nedges": 6, "density": 0.4, "atomics": "[41, 42, 52, 53, 29, 30]", "group_pop": 6, "init_part_assignment": 7, "id": 17}, {"graph": null, "nnodes": 6, "nedges": 6, "density": 0.4, "atomics": "[43, 44, 54, 55, 56, 31]", "group_pop": 6, "init_part_assignment": 11, "id": 18}, {"graph": null, "nnodes": 6, "nedges": 6, "density": 0.4, "atomics": "[99, 100, 101, 76, 88, 89]", "group_pop": 6, "init_part_assignment": 6, "id": 19}, {"graph": null, "nnodes": 6, "nedges": 7, "density": 0.4666666666666667, "atomics": "[96, 97, 108, 109, 84, 85]", "group_pop": 6, "init_part_assignment": 1, "id": 20}, {"graph": null, "nnodes": 6, "nedges": 6, "density": 0.4, "atomics": "[98, 74, 75, 110, 86, 87]", "group_pop": 6, "init_part_assignment": 0, "id": 21}, {"graph": null, "nnodes": 6, "nedges": 7, "density": 0.4666666666666667, "atomics": "[67, 68, 69, 79, 80, 81]", "group_pop": 6, "init_part_assignment": 10, "id": 22}, {"graph": null, "nnodes": 6, "nedges": 6, "density": 0.4, "atomics": "[64, 65, 66, 77, 78, 90]", "group_pop": 6, "init_part_assignment": 10, "id": 23}], "adjacency": [[{"weight": 2, "random_weight": 0.35266648191955197, "id": 1}, {"weight": 2, "random_weight": 0.3624527587399834, "id": 2}, {"weight": 1, "random_weight": 0.8587588166604747, "id": 11}, {"weight": 2, "random_weight": 0.6357061767766781, "id": 22}], [{"weight": 2, "random_weight": 0.35266648191955197, "id": 0}, {"weight": 2, "random_weight": 0.745062465829441, "id": 15}, {"weight": 1, "random_weight": 0.6448889364068487, "id": 16}, {"weight": 2, "random_weight": 0.5344404956050183, "id": 18}, {"weight": 1, "random_weight": 0.9287231467863558, "id": 22}], [{"weight": 2, "random_weight": 0.3624527587399834, "id": 0}, {"weight": 3, "random_weight": 0.5121115343750211, "id": 6}, {"weight": 1, "random_weight": 0.9128339841259624, "id": 10}, {"weight": 1, "random_weight": 0.9774096220749109, "id": 11}], [{"weight": 4, "random_weight": 0.8618422899964533, "id": 4}, {"weight": 1, "random_weight": 0.9284149369106163, "id": 5}, {"weight": 2, "random_weight": 0.9622241857668546, "id": 12}, {"weight": 1, "random_weight": 0.20144828771152545, "id": 20}], [{"weight": 4, "random_weight": 0.8618422899964533, "id": 3}, {"weight": 2, "random_weight": 0.49616433528043646, "id": 5}, {"weight": 1, "random_weight": 0.3578287522153347, "id": 17}, {"weight": 1, "random_weight": 0.3312624456541051, "id": 20}, {"weight": 3, "random_weight": 0.9849856720423865, "id": 21}, {"weight": 1, "random_weight": 0.9575490765538358, "id": 23}], [{"weight": 1, "random_weight": 0.9284149369106163, "id": 3}, {"weight": 2, "random_weight": 0.49616433528043646, "id": 4}, {"weight": 1, "random_weight": 0.0839120979449074, "id": 12}, {"weight": 3, "random_weight": 0.9816651269106864, "id": 13}, {"weight": 3, "random_weight": 0.09599609623510919, "id": 17}], [{"weight": 3, "random_weight": 0.5121115343750211, "id": 2}, {"weight": 2, "random_weight": 0.412850631818943, "id": 9}, {"weight": 2, "random_weight": 0.770853690699261, "id": 10}], [{"weight": 2, "random_weight": 0.7123226858993713, "id": 8}, {"weight": 2, "random_weight": 0.16077818592276916, "id": 20}, {"weight": 1, "random_weight": 0.30317034863155445, "id": 21}], [{"weight": 2, "random_weight": 0.7123226858993713, "id": 7}, {"weight": 2, "random_weight": 0.09961007596157445, "id": 9}, {"weight": 1, "random_weight": 0.9807829944504626, "id": 10}, {"weight": 2, "random_weight": 0.06380941373610505, "id": 19}, {"weight": 1, "random_weight": 0.7392568008335791, "id": 21}], [{"weight": 2, "random_weight": 0.412850631818943, "id": 6}, {"weight": 2, "random_weight": 0.09961007596157445, "id": 8}, {"weight": 3, "random_weight": 0.4993143924618826, "id": 10}], [{"weight": 1, "random_weight": 0.9128339841259624, "id": 2}, {"weight": 2, "random_weight": 0.770853690699261, "id": 6}, {"weight": 1, "random_weight": 0.9807829944504626, "id": 8}, {"weight": 3, "random_weight": 0.4993143924618826, "id": 9}, {"weight": 4, "random_weight": 0.806250391635052, "id": 11}, {"weight": 2, "random_weight": 0.19916259587536833, "id": 19}, {"weight": 1, "random_weight": 0.9661292570625565, "id": 23}], [{"weight": 1, "random_weight": 0.8587588166604747, "id": 0}, {"weight": 1, "random_weight": 0.9774096220749109, "id": 2}, {"weight": 4, "random_weight": 0.806250391635052, "id": 10}, {"weight": 3, "random_weight": 0.4911543251088182, "id": 22}, {"weight": 1, "random_weight": 0.5671276119354051, "id": 23}], [{"weight": 2, "random_weight": 0.9622241857668546, "id": 3}, {"weight": 1, "random_weight": 0.0839120979449074, "id": 5}, {"weight": 2, "random_weight": 0.9676663824589892, "id": 13}], [{"weight": 3, "random_weight": 0.9816651269106864, "id": 5}, {"weight": 2, "random_weight": 0.9676663824589892, "id": 12}, {"weight": 2, "random_weight": 0.024607807589620223, "id": 14}], [{"weight": 2, "random_weight": 0.024607807589620223, "id": 13}, {"weight": 2, "random_weight": 0.7327313468631605, "id": 16}, {"weight": 2, "random_weight": 0.6570054392570611, "id": 17}, {"weight": 1, "random_weight": 0.806002112277026, "id": 18}], [{"weight": 2, "random_weight": 0.745062465829441, "id": 1}, {"weight": 3, "random_weight": 0.3463628572708052, "id": 16}], [{"weight": 1, "random_weight": 0.6448889364068487, "id": 1}, {"weight": 2, "random_weight": 0.7327313468631605, "id": 14}, {"weight": 3, "random_weight": 0.3463628572708052, "id": 15}, {"weight": 2, "random_weight": 0.2941111973459961, "id": 18}], [{"weight": 1, "random_weight": 0.3578287522153347, "id": 4}, {"weight": 3, "random_weight": 0.09599609623510919, "id": 5}, {"weight": 2, "random_weight": 0.6570054392570611, "id": 14}, {"weight": 4, "random_weight": 0.6255809609998269, "id": 18}, {"weight": 2, "random_weight": 0.8774858513749364, "id": 23}], [{"weight": 2, "random_weight": 0.5344404956050183, "id": 1}, {"weight": 1, "random_weight": 0.806002112277026, "id": 14}, {"weight": 2, "random_weight": 0.2941111973459961, "id": 16}, {"weight": 4, "random_weight": 0.6255809609998269, "id": 17}, {"weight": 2, "random_weight": 0.4072808925958158, "id": 22}, {"weight": 1, "random_weight": 0.5354025177662658, "id": 23}], [{"weight": 2, "random_weight": 0.06380941373610505, "id": 8}, {"weight": 2, "random_weight": 0.19916259587536833, "id": 10}, {"weight": 4, "random_weight": 0.8581383412363754, "id": 21}, {"weight": 4, "random_weight": 0.8828034655659066, "id": 23}], [{"weight": 1, "random_weight": 0.20144828771152545, "id": 3}, {"weight": 1, "random_weight": 0.3312624456541051, "id": 4}, {"weight": 2, "random_weight": 0.16077818592276916, "id": 7}, {"weight": 3, "random_weight": 0.4143702429896252, "id": 21}], [{"weight": 3, "random_weight": 0.9849856720423865, "id": 4}, {"weight": 1, "random_weight": 0.30317034863155445, "id": 7}, {"weight": 1, "random_weight": 0.7392568008335791, "id": 8}, {"weight": 4, "random_weight": 0.8581383412363754, "id": 19}, {"weight": 3, "random_weight": 0.4143702429896252, "id": 20}], [{"weight": 2, "random_weight": 0.6357061767766781, "id": 0}, {"weight": 1, "random_weight": 0.9287231467863558, "id": 1}, {"weight": 3, "random_weight": 0.4911543251088182, "id": 11}, {"weight": 2, "random_weight": 0.4072808925958158, "id": 18}, {"weight": 2, "random_weight": 0.03646641603769518, "id": 23}], [{"weight": 1, "random_weight": 0.9575490765538358, "id": 4}, {"weight": 1, "random_weight": 0.9661292570625565, "id": 10}, {"weight": 1, "random_weight": 0.5671276119354051, "id": 11}, {"weight": 2, "random_weight": 0.8774858513749364, "id": 17}, {"weight": 1, "random_weight": 0.5354025177662658, "id": 18}, {"weight": 4, "random_weight": 0.8828034655659066, "id": 19}, {"weight": 2, "random_weight": 0.03646641603769518, "id": 22}]]}