{"directed": false, "multigraph": false, "graph": [], "nodes": [{"graph": null, "nnodes": 6, "nedges": 6, "density": 0.4, "atomics": "[80, 81, 82, 83, 93, 94]", "group_pop": 6, "init_part_assignment": 5, "id": 0}, {"graph": null, "nnodes": 6, "nedges": 7, "density": 0.4666666666666667, "atomics": "[70, 71, 46, 47, 58, 59]", "group_pop": 6, "init_part_assignment": 3, "id": 1}, {"graph": null, "nnodes": 6, "nedges": 6, "density": 0.4, "atomics": "[106, 107, 117, 118, 119, 95]", "group_pop": 6, "init_part_assignment": 8, "id": 2}, {"graph": null, "nnodes": 6, "nedges": 5, "density": 0.3333333333333333, "atomics": "[0, 36, 12, 48, 24, 60]", "group_pop": 6, "init_part_assignment": 7, "id": 3}, {"graph": null, "nnodes": 6, "nedges": 5, "density": 0.3333333333333333, "atomics": "[37, 72, 73, 49, 61, 62]", "group_pop": 6, "init_part_assignment": 7, "id": 4}, {"graph": null, "nnodes": 6, "nedges": 6, "density": 0.4, "atomics": "[38, 39, 40, 50, 27, 28]", "group_pop": 6, "init_part_assignment": 6, "id": 5}, {"graph": null, "nnodes": 6, "nedges": 6, "density": 0.4, "atomics": "[128, 129, 130, 115, 116, 127]", "group_pop": 6, "init_part_assignment": 9, "id": 6}, {"graph": null, "nnodes": 6, "nedges": 5, "density": 0.3333333333333333, "atomics": "[131, 139, 140, 141, 142, 143]", "group_pop": 6, "init_part_assignment": 8, "id": 7}, {"graph": null, "nnodes": 6, "nedges": 7, "density": 0.4666666666666667, "atomics": "[132, 133, 108, 109, 120, 121]", "group_pop": 6, "init_part_assignment": 0, "id": 8}, {"graph": null, "nnodes": 6, "nedges": 5, "density": 0.3333333333333333, "atomics": "[134, 135, 136, 110, 122, 124]", "group_pop": 6, "init_part_assignment": 10, "id": 9}, {"graph": null, "nnodes": 6, "nedges": 7, "density": 0.4666666666666667, "atomics": "[137, 138, 113, 114, 125, 126]", "group_pop": 6, "init_part_assignment": 9, "id": 10}, {"graph": null, "nnodes": 6, "nedges": 6, "density": 0.4, "atomics": "[103, 104, 105, 90, 91, 92]", "group_pop": 6, "init_part_assignment": 11, "id": 11}, {"graph": null, "nnodes": 6, "nedges": 7, "density": 0.4666666666666667, "atomics": "[1, 2, 13, 14, 25, 26]", "group_pop": 6, "init_part_assignment": 6, "id": 12}, {"graph": null, "nnodes": 6, "nedges": 6, "density": 0.4, "atomics": "[3, 4, 5, 6, 15, 16]", "group_pop": 6, "init_part_assignment": 1, "id": 13}, {"graph": null, "nnodes": 6, "nedges": 5, "density": 0.3333333333333333, "atomics": "[7, 8, 9, 17, 18, 19]", "group_pop": 6, "init_part_assignment": 1, "id": 14}, {"graph": null, "nnodes": 6, "nedges": 6, "density": 0.4, "atomics": "[35, 10, 11, 21, 22, 23]", "group_pop": 6, "init_part_assignment": 3, "id": 15}, {"graph": null, "nnodes": 6, "nedges": 5, "density": 0.3333333333333333, "atomics": "[32, 33, 34, 20, 30, 31]", "group_pop": 6, "init_part_assignment": 4, "id": 16}, {"graph": null, "nnodes": 6, "nedges": 5, "density": 0.3333333333333333, "atomics": "[100, 101, 102, 111, 112, 123]", "group_pop": 6, "init_part_assignment": 10, "id": 17}, {"graph": null, "nnodes": 6, "nedges": 7, "density": 0.4666666666666667, "atomics": "[68, 69, 44, 45, 56, 57]", "group_pop": 6, "init_part_assignment": 5, "id": 18}, {"graph": null, "nnodes": 6, "nedges": 5, "density": 0.3333333333333333, "atomics": "[99, 74, 75, 87, 88, 89]", "group_pop": 6, "init_part_assignment": 11, "id": 19}, {"graph": null, "nnodes": 6, "nedges": 5, "density": 0.3333333333333333, "atomics": "[65, 41, 42, 43, 53, 29]", "group_pop": 6, "init_part_assignment": 4, "id": 20}, {"graph": null, "nnodes": 6, "nedges": 7, "density": 0.4666666666666667, "atomics": "[66, 67, 78, 79, 54, 55]", "group_pop": 6, "init_part_assignment": 2, "id": 21}, {"graph": null, "nnodes": 6, "nedges": 7, "density": 0.4666666666666667, "atomics": "[96, 97, 98, 84, 85, 86]", "group_pop": 6, "init_part_assignment": 0, "id": 22}, {"graph": null, "nnodes": 6, "nedges": 6, "density": 0.4, "atomics": "[64, 76, 77, 51, 52, 63]", "group_pop": 6, "init_part_assignment": 2, "id": 23}], "adjacency": [[{"weight": 2, "random_weight": 0.3514937579006301, "id": 1}, {"weight": 3, "random_weight": 0.4922119449581306, "id": 2}, {"weight": 3, "random_weight": 0.5435725451913777, "id": 11}, {"weight": 2, "random_weight": 0.050345911598629445, "id": 18}, {"weight": 1, "random_weight": 0.3825710352084507, "id": 21}], [{"weight": 2, "random_weight": 0.3514937579006301, "id": 0}, {"weight": 1, "random_weight": 0.5305977844123732, "id": 15}, {"weight": 1, "random_weight": 0.6639414814169762, "id": 16}, {"weight": 3, "random_weight": 0.5840355941358795, "id": 18}], [{"weight": 3, "random_weight": 0.4922119449581306, "id": 0}, {"weight": 3, "random_weight": 0.4095760800785233, "id": 6}, {"weight": 1, "random_weight": 0.00812242167365218, "id": 7}, {"weight": 2, "random_weight": 0.9487116291633103, "id": 11}], [{"weight": 4, "random_weight": 0.30952418205302323, "id": 4}, {"weight": 3, "random_weight": 0.7815498546509159, "id": 12}], [{"weight": 4, "random_weight": 0.30952418205302323, "id": 3}, {"weight": 3, "random_weight": 0.9429780410971305, "id": 5}, {"weight": 1, "random_weight": 0.8037395606337177, "id": 12}, {"weight": 2, "random_weight": 0.3794904907669393, "id": 19}, {"weight": 2, "random_weight": 0.5658429251601738, "id": 22}, {"weight": 1, "random_weight": 0.9435027143329341, "id": 23}], [{"weight": 3, "random_weight": 0.9429780410971305, "id": 4}, {"weight": 2, "random_weight": 0.634009277390847, "id": 12}, {"weight": 2, "random_weight": 0.6368412591937683, "id": 13}, {"weight": 2, "random_weight": 0.9747574451140061, "id": 20}, {"weight": 3, "random_weight": 0.7814116408151754, "id": 23}], [{"weight": 3, "random_weight": 0.4095760800785233, "id": 2}, {"weight": 5, "random_weight": 0.8457063870020651, "id": 7}, {"weight": 2, "random_weight": 0.46912925379572157, "id": 10}, {"weight": 2, "random_weight": 0.7956112692343643, "id": 11}], [{"weight": 1, "random_weight": 0.00812242167365218, "id": 2}, {"weight": 5, "random_weight": 0.8457063870020651, "id": 6}, {"weight": 1, "random_weight": 0.5417634909150553, "id": 10}], [{"weight": 3, "random_weight": 0.985750873498496, "id": 9}, {"weight": 2, "random_weight": 0.6838202298449835, "id": 22}], [{"weight": 3, "random_weight": 0.985750873498496, "id": 8}, {"weight": 2, "random_weight": 0.6861311923273892, "id": 10}, {"weight": 5, "random_weight": 0.5452257696281027, "id": 17}, {"weight": 1, "random_weight": 0.2371832618010089, "id": 22}], [{"weight": 2, "random_weight": 0.46912925379572157, "id": 6}, {"weight": 1, "random_weight": 0.5417634909150553, "id": 7}, {"weight": 2, "random_weight": 0.6861311923273892, "id": 9}, {"weight": 3, "random_weight": 0.22583628078230922, "id": 17}], [{"weight": 3, "random_weight": 0.5435725451913777, "id": 0}, {"weight": 2, "random_weight": 0.9487116291633103, "id": 2}, {"weight": 2, "random_weight": 0.7956112692343643, "id": 6}, {"weight": 2, "random_weight": 0.6527377028461078, "id": 17}, {"weight": 1, "random_weight": 0.03967801200654486, "id": 19}, {"weight": 2, "random_weight": 0.9768441910957354, "id": 21}], [{"weight": 3, "random_weight": 0.7815498546509159, "id": 3}, {"weight": 1, "random_weight": 0.8037395606337177, "id": 4}, {"weight": 2, "random_weight": 0.634009277390847, "id": 5}, {"weight": 2, "random_weight": 0.4457117362968057, "id": 13}], [{"weight": 2, "random_weight": 0.6368412591937683, "id": 5}, {"weight": 2, "random_weight": 0.4457117362968057, "id": 12}, {"weight": 4, "random_weight": 0.35956029646556287, "id": 14}], [{"weight": 4, "random_weight": 0.35956029646556287, "id": 13}, {"weight": 2, "random_weight": 0.13412084665531165, "id": 15}, {"weight": 4, "random_weight": 0.4017024151665832, "id": 16}, {"weight": 1, "random_weight": 0.5004052782671891, "id": 20}], [{"weight": 1, "random_weight": 0.5305977844123732, "id": 1}, {"weight": 2, "random_weight": 0.13412084665531165, "id": 14}, {"weight": 4, "random_weight": 0.5660696255248323, "id": 16}], [{"weight": 1, "random_weight": 0.6639414814169762, "id": 1}, {"weight": 4, "random_weight": 0.4017024151665832, "id": 14}, {"weight": 4, "random_weight": 0.5660696255248323, "id": 15}, {"weight": 2, "random_weight": 0.7902544606093312, "id": 18}, {"weight": 3, "random_weight": 0.4442916143774973, "id": 20}], [{"weight": 5, "random_weight": 0.5452257696281027, "id": 9}, {"weight": 3, "random_weight": 0.22583628078230922, "id": 10}, {"weight": 2, "random_weight": 0.6527377028461078, "id": 11}, {"weight": 4, "random_weight": 0.23127003822748216, "id": 19}], [{"weight": 2, "random_weight": 0.050345911598629445, "id": 0}, {"weight": 3, "random_weight": 0.5840355941358795, "id": 1}, {"weight": 2, "random_weight": 0.7902544606093312, "id": 16}, {"weight": 1, "random_weight": 0.6962144194047456, "id": 20}, {"weight": 2, "random_weight": 0.424718194111008, "id": 21}], [{"weight": 2, "random_weight": 0.3794904907669393, "id": 4}, {"weight": 1, "random_weight": 0.03967801200654486, "id": 11}, {"weight": 4, "random_weight": 0.23127003822748216, "id": 17}, {"weight": 3, "random_weight": 0.5832097625279831, "id": 22}, {"weight": 4, "random_weight": 0.9655381020157465, "id": 23}], [{"weight": 2, "random_weight": 0.9747574451140061, "id": 5}, {"weight": 1, "random_weight": 0.5004052782671891, "id": 14}, {"weight": 3, "random_weight": 0.4442916143774973, "id": 16}, {"weight": 1, "random_weight": 0.6962144194047456, "id": 18}, {"weight": 4, "random_weight": 0.5376419570816877, "id": 21}, {"weight": 3, "random_weight": 0.6958533287905049, "id": 23}], [{"weight": 1, "random_weight": 0.3825710352084507, "id": 0}, {"weight": 2, "random_weight": 0.9768441910957354, "id": 11}, {"weight": 2, "random_weight": 0.424718194111008, "id": 18}, {"weight": 4, "random_weight": 0.5376419570816877, "id": 20}, {"weight": 1, "random_weight": 0.5702863716142138, "id": 23}], [{"weight": 2, "random_weight": 0.5658429251601738, "id": 4}, {"weight": 2, "random_weight": 0.6838202298449835, "id": 8}, {"weight": 1, "random_weight": 0.2371832618010089, "id": 9}, {"weight": 3, "random_weight": 0.5832097625279831, "id": 19}], [{"weight": 1, "random_weight": 0.9435027143329341, "id": 4}, {"weight": 3, "random_weight": 0.7814116408151754, "id": 5}, {"weight": 4, "random_weight": 0.9655381020157465, "id": 19}, {"weight": 3, "random_weight": 0.6958533287905049, "id": 20}, {"weight": 1, "random_weight": 0.5702863716142138, "id": 21}]]}