{"directed": false, "multigraph": false, "graph": [], "nodes": [{"graph": null, "nnodes": 6, "nedges": 7, "density": 0.4666666666666667, "atomics": "[70, 71, 82, 83, 58, 59]", "group_pop": 6, "init_part_assignment": 8, "id": 0}, {"graph": null, "nnodes": 6, "nedges": 6, "density": 0.4, "atomics": "[104, 105, 106, 107, 94, 95]", "group_pop": 6, "init_part_assignment": 0, "id": 1}, {"graph": null, "nnodes": 6, "nedges": 7, "density": 0.4666666666666667, "atomics": "[36, 37, 48, 49, 60, 61]", "group_pop": 6, "init_part_assignment": 3, "id": 2}, {"graph": null, "nnodes": 6, "nedges": 7, "density": 0.4666666666666667, "atomics": "[38, 39, 40, 50, 51, 52]", "group_pop": 6, "init_part_assignment": 11, "id": 3}, {"graph": null, "nnodes": 6, "nedges": 6, "density": 0.4, "atomics": "[72, 73, 74, 84, 85, 62]", "group_pop": 6, "init_part_assignment": 6, "id": 4}, {"graph": null, "nnodes": 6, "nedges": 7, "density": 0.4666666666666667, "atomics": "[128, 129, 130, 140, 141, 142]", "group_pop": 6, "init_part_assignment": 2, "id": 5}, {"graph": null, "nnodes": 6, "nedges": 5, "density": 0.3333333333333333, "atomics": "[131, 143, 116, 117, 118, 119]", "group_pop": 6, "init_part_assignment": 0, "id": 6}, {"graph": null, "nnodes": 6, "nedges": 5, "density": 0.3333333333333333, "atomics": "[133, 134, 135, 136, 137, 122]", "group_pop": 6, "init_part_assignment": 5, "id": 7}, {"graph": null, "nnodes": 6, "nedges": 6, "density": 0.4, "atomics": "[100, 112, 113, 123, 124, 125]", "group_pop": 6, "init_part_assignment": 9, "id": 8}, {"graph": null, "nnodes": 6, "nedges": 7, "density": 0.4666666666666667, "atomics": "[0, 1, 12, 13, 24, 25]", "group_pop": 6, "init_part_assignment": 3, "id": 9}, {"graph": null, "nnodes": 6, "nedges": 7, "density": 0.4666666666666667, "atomics": "[4, 5, 16, 17, 28, 29]", "group_pop": 6, "init_part_assignment": 10, "id": 10}, {"graph": null, "nnodes": 6, "nedges": 7, "density": 0.4666666666666667, "atomics": "[6, 7, 8, 18, 19, 20]", "group_pop": 6, "init_part_assignment": 1, "id": 11}, {"graph": null, "nnodes": 6, "nedges": 7, "density": 0.4666666666666667, "atomics": "[2, 3, 14, 15, 26, 27]", "group_pop": 6, "init_part_assignment": 10, "id": 12}, {"graph": null, "nnodes": 6, "nedges": 6, "density": 0.4, "atomics": "[35, 9, 10, 11, 22, 23]", "group_pop": 6, "init_part_assignment": 1, "id": 13}, {"graph": null, "nnodes": 6, "nedges": 6, "density": 0.4, "atomics": "[33, 34, 45, 46, 47, 21]", "group_pop": 6, "init_part_assignment": 7, "id": 14}, {"graph": null, "nnodes": 6, "nedges": 6, "density": 0.4, "atomics": "[41, 42, 53, 54, 55, 30]", "group_pop": 6, "init_part_assignment": 4, "id": 15}, {"graph": null, "nnodes": 6, "nedges": 6, "density": 0.4, "atomics": "[32, 43, 44, 56, 57, 31]", "group_pop": 6, "init_part_assignment": 7, "id": 16}, {"graph": null, "nnodes": 6, "nedges": 6, "density": 0.4, "atomics": "[97, 98, 99, 110, 111, 86]", "group_pop": 6, "init_part_assignment": 5, "id": 17}, {"graph": null, "nnodes": 6, "nedges": 7, "density": 0.4666666666666667, "atomics": "[138, 139, 114, 115, 126, 127]", "group_pop": 6, "init_part_assignment": 2, "id": 18}, {"graph": null, "nnodes": 6, "nedges": 6, "density": 0.4, "atomics": "[96, 132, 108, 109, 120, 121]", "group_pop": 6, "init_part_assignment": 6, "id": 19}, {"graph": null, "nnodes": 6, "nedges": 7, "density": 0.4666666666666667, "atomics": "[68, 69, 80, 81, 92, 93]", "group_pop": 6, "init_part_assignment": 8, "id": 20}, {"graph": null, "nnodes": 6, "nedges": 7, "density": 0.4666666666666667, "atomics": "[101, 102, 103, 89, 90, 91]", "group_pop": 6, "init_part_assignment": 9, "id": 21}, {"graph": null, "nnodes": 6, "nedges": 7, "density": 0.4666666666666667, "atomics": "[64, 75, 76, 87, 88, 63]", "group_pop": 6, "init_part_assignment": 11, "id": 22}, {"graph": null, "nnodes": 6, "nedges": 7, "density": 0.4666666666666667, "atomics": "[65, 66, 67, 77, 78, 79]", "group_pop": 6, "init_part_assignment": 4, "id": 23}], "adjacency": [[{"weight": 2, "random_weight": 0.574621802492685, "id": 1}, {"weight": 2, "random_weight": 0.9898529709134172, "id": 14}, {"weight": 1, "random_weight": 0.6060250065584918, "id": 16}, {"weight": 2, "random_weight": 0.9628297423797171, "id": 20}], [{"weight": 2, "random_weight": 0.574621802492685, "id": 0}, {"weight": 4, "random_weight": 0.16242248640698476, "id": 6}, {"weight": 3, "random_weight": 0.657030671009937, "id": 20}, {"weight": 1, "random_weight": 0.7450000611532442, "id": 21}], [{"weight": 2, "random_weight": 0.460805821592403, "id": 3}, {"weight": 3, "random_weight": 0.6935692404245435, "id": 4}, {"weight": 2, "random_weight": 0.0670076869841224, "id": 9}], [{"weight": 2, "random_weight": 0.460805821592403, "id": 2}, {"weight": 1, "random_weight": 0.7569955186716504, "id": 4}, {"weight": 1, "random_weight": 0.040108216276466435, "id": 10}, {"weight": 2, "random_weight": 0.43647242246231366, "id": 12}, {"weight": 2, "random_weight": 0.6772499186505685, "id": 15}, {"weight": 2, "random_weight": 0.43887978371253833, "id": 22}], [{"weight": 3, "random_weight": 0.6935692404245435, "id": 2}, {"weight": 1, "random_weight": 0.7569955186716504, "id": 3}, {"weight": 3, "random_weight": 0.7156348395341708, "id": 17}, {"weight": 1, "random_weight": 0.7888038335854505, "id": 19}, {"weight": 2, "random_weight": 0.6226038232075319, "id": 22}], [{"weight": 5, "random_weight": 0.18903822690496586, "id": 6}, {"weight": 2, "random_weight": 0.5309327643291665, "id": 18}], [{"weight": 4, "random_weight": 0.16242248640698476, "id": 1}, {"weight": 5, "random_weight": 0.18903822690496586, "id": 5}, {"weight": 1, "random_weight": 0.45663300616243696, "id": 18}], [{"weight": 4, "random_weight": 0.663809431661417, "id": 8}, {"weight": 1, "random_weight": 0.2966390462754802, "id": 17}, {"weight": 1, "random_weight": 0.09173057393040851, "id": 18}, {"weight": 3, "random_weight": 0.12098382709102917, "id": 19}], [{"weight": 4, "random_weight": 0.663809431661417, "id": 7}, {"weight": 3, "random_weight": 0.878705273498405, "id": 17}, {"weight": 2, "random_weight": 0.7663845865622898, "id": 18}, {"weight": 2, "random_weight": 0.7942091547365391, "id": 21}, {"weight": 1, "random_weight": 0.11253116527292106, "id": 22}], [{"weight": 2, "random_weight": 0.0670076869841224, "id": 2}, {"weight": 3, "random_weight": 0.7727940005073113, "id": 12}], [{"weight": 1, "random_weight": 0.040108216276466435, "id": 3}, {"weight": 2, "random_weight": 0.7619417059925332, "id": 11}, {"weight": 3, "random_weight": 0.18109490279767804, "id": 12}, {"weight": 2, "random_weight": 0.8616685245572518, "id": 15}], [{"weight": 2, "random_weight": 0.7619417059925332, "id": 10}, {"weight": 1, "random_weight": 0.35099517482289844, "id": 13}, {"weight": 1, "random_weight": 0.9244862812917697, "id": 14}, {"weight": 1, "random_weight": 0.6794276957241363, "id": 15}, {"weight": 2, "random_weight": 0.42764497766062526, "id": 16}], [{"weight": 2, "random_weight": 0.43647242246231366, "id": 3}, {"weight": 3, "random_weight": 0.7727940005073113, "id": 9}, {"weight": 3, "random_weight": 0.18109490279767804, "id": 10}], [{"weight": 1, "random_weight": 0.35099517482289844, "id": 11}, {"weight": 5, "random_weight": 0.05592272155825517, "id": 14}], [{"weight": 2, "random_weight": 0.9898529709134172, "id": 0}, {"weight": 1, "random_weight": 0.9244862812917697, "id": 11}, {"weight": 5, "random_weight": 0.05592272155825517, "id": 13}, {"weight": 3, "random_weight": 0.8695269663133185, "id": 16}], [{"weight": 2, "random_weight": 0.6772499186505685, "id": 3}, {"weight": 2, "random_weight": 0.8616685245572518, "id": 10}, {"weight": 1, "random_weight": 0.6794276957241363, "id": 11}, {"weight": 4, "random_weight": 0.2289689499808868, "id": 16}, {"weight": 3, "random_weight": 0.35122413945408615, "id": 23}], [{"weight": 1, "random_weight": 0.6060250065584918, "id": 0}, {"weight": 2, "random_weight": 0.42764497766062526, "id": 11}, {"weight": 3, "random_weight": 0.8695269663133185, "id": 14}, {"weight": 4, "random_weight": 0.2289689499808868, "id": 15}, {"weight": 2, "random_weight": 0.3999661988367633, "id": 20}], [{"weight": 3, "random_weight": 0.7156348395341708, "id": 4}, {"weight": 1, "random_weight": 0.2966390462754802, "id": 7}, {"weight": 3, "random_weight": 0.878705273498405, "id": 8}, {"weight": 3, "random_weight": 0.7795847546341917, "id": 19}, {"weight": 2, "random_weight": 0.5361761364781894, "id": 22}], [{"weight": 2, "random_weight": 0.5309327643291665, "id": 5}, {"weight": 1, "random_weight": 0.45663300616243696, "id": 6}, {"weight": 1, "random_weight": 0.09173057393040851, "id": 7}, {"weight": 2, "random_weight": 0.7663845865622898, "id": 8}, {"weight": 2, "random_weight": 0.85375651673645, "id": 21}], [{"weight": 1, "random_weight": 0.7888038335854505, "id": 4}, {"weight": 3, "random_weight": 0.12098382709102917, "id": 7}, {"weight": 3, "random_weight": 0.7795847546341917, "id": 17}], [{"weight": 2, "random_weight": 0.9628297423797171, "id": 0}, {"weight": 3, "random_weight": 0.657030671009937, "id": 1}, {"weight": 2, "random_weight": 0.3999661988367633, "id": 16}, {"weight": 1, "random_weight": 0.42189664253588455, "id": 21}, {"weight": 2, "random_weight": 0.7680814843740967, "id": 23}], [{"weight": 1, "random_weight": 0.7450000611532442, "id": 1}, {"weight": 2, "random_weight": 0.7942091547365391, "id": 8}, {"weight": 2, "random_weight": 0.85375651673645, "id": 18}, {"weight": 1, "random_weight": 0.42189664253588455, "id": 20}, {"weight": 1, "random_weight": 0.9956418804477839, "id": 22}, {"weight": 3, "random_weight": 0.9363178040692406, "id": 23}], [{"weight": 2, "random_weight": 0.43887978371253833, "id": 3}, {"weight": 2, "random_weight": 0.6226038232075319, "id": 4}, {"weight": 1, "random_weight": 0.11253116527292106, "id": 8}, {"weight": 2, "random_weight": 0.5361761364781894, "id": 17}, {"weight": 1, "random_weight": 0.9956418804477839, "id": 21}, {"weight": 2, "random_weight": 0.49648160500835925, "id": 23}], [{"weight": 3, "random_weight": 0.35122413945408615, "id": 15}, {"weight": 2, "random_weight": 0.7680814843740967, "id": 20}, {"weight": 3, "random_weight": 0.9363178040692406, "id": 21}, {"weight": 2, "random_weight": 0.49648160500835925, "id": 22}]]}