{"directed": false, "multigraph": false, "graph": [], "nodes": [{"graph": null, "nnodes": 6, "nedges": 6, "density": 0.4, "atomics": "[70, 71, 83, 57, 58, 59]", "group_pop": 6, "init_part_assignment": 0, "id": 0}, {"graph": null, "nnodes": 6, "nedges": 5, "density": 0.3333333333333333, "atomics": "[129, 106, 107, 117, 118, 95]", "group_pop": 6, "init_part_assignment": 2, "id": 1}, {"graph": null, "nnodes": 6, "nedges": 7, "density": 0.4666666666666667, "atomics": "[36, 37, 48, 49, 24, 25]", "group_pop": 6, "init_part_assignment": 6, "id": 2}, {"graph": null, "nnodes": 6, "nedges": 7, "density": 0.4666666666666667, "atomics": "[38, 39, 50, 51, 26, 27]", "group_pop": 6, "init_part_assignment": 9, "id": 3}, {"graph": null, "nnodes": 6, "nedges": 7, "density": 0.4666666666666667, "atomics": "[72, 73, 74, 60, 61, 62]", "group_pop": 6, "init_part_assignment": 8, "id": 4}, {"graph": null, "nnodes": 6, "nedges": 6, "density": 0.4, "atomics": "[130, 131, 141, 142, 143, 119]", "group_pop": 6, "init_part_assignment": 5, "id": 5}, {"graph": null, "nnodes": 6, "nedges": 7, "density": 0.4666666666666667, "atomics": "[132, 133, 108, 109, 120, 121]", "group_pop": 6, "init_part_assignment": 4, "id": 6}, {"graph": null, "nnodes": 6, "nedges": 7, "density": 0.4666666666666667, "atomics": "[134, 135, 110, 111, 122, 123]", "group_pop": 6, "init_part_assignment": 4, "id": 7}, {"graph": null, "nnodes": 6, "nedges": 6, "density": 0.4, "atomics": "[136, 137, 138, 139, 124, 125]", "group_pop": 6, "init_part_assignment": 1, "id": 8}, {"graph": null, "nnodes": 6, "nedges": 5, "density": 0.3333333333333333, "atomics": "[128, 104, 105, 140, 116, 92]", "group_pop": 6, "init_part_assignment": 5, "id": 9}, {"graph": null, "nnodes": 6, "nedges": 6, "density": 0.4, "atomics": "[69, 80, 81, 82, 93, 94]", "group_pop": 6, "init_part_assignment": 2, "id": 10}, {"graph": null, "nnodes": 6, "nedges": 6, "density": 0.4, "atomics": "[0, 1, 12, 13, 14, 15]", "group_pop": 6, "init_part_assignment": 6, "id": 11}, {"graph": null, "nnodes": 6, "nedges": 6, "density": 0.4, "atomics": "[2, 3, 4, 5, 16, 17]", "group_pop": 6, "init_part_assignment": 7, "id": 12}, {"graph": null, "nnodes": 6, "nedges": 6, "density": 0.4, "atomics": "[6, 7, 8, 9, 18, 19]", "group_pop": 6, "init_part_assignment": 7, "id": 13}, {"graph": null, "nnodes": 6, "nedges": 7, "density": 0.4666666666666667, "atomics": "[33, 34, 35, 45, 46, 47]", "group_pop": 6, "init_part_assignment": 0, "id": 14}, {"graph": null, "nnodes": 6, "nedges": 6, "density": 0.4, "atomics": "[10, 11, 20, 21, 22, 23]", "group_pop": 6, "init_part_assignment": 3, "id": 15}, {"graph": null, "nnodes": 6, "nedges": 7, "density": 0.4666666666666667, "atomics": "[42, 43, 54, 55, 30, 31]", "group_pop": 6, "init_part_assignment": 10, "id": 16}, {"graph": null, "nnodes": 6, "nedges": 6, "density": 0.4, "atomics": "[112, 113, 114, 115, 126, 127]", "group_pop": 6, "init_part_assignment": 1, "id": 17}, {"graph": null, "nnodes": 6, "nedges": 6, "density": 0.4, "atomics": "[99, 100, 75, 87, 88, 63]", "group_pop": 6, "init_part_assignment": 11, "id": 18}, {"graph": null, "nnodes": 6, "nedges": 5, "density": 0.3333333333333333, "atomics": "[32, 67, 68, 44, 79, 56]", "group_pop": 6, "init_part_assignment": 3, "id": 19}, {"graph": null, "nnodes": 6, "nedges": 7, "density": 0.4666666666666667, "atomics": "[101, 102, 103, 89, 90, 91]", "group_pop": 6, "init_part_assignment": 11, "id": 20}, {"graph": null, "nnodes": 6, "nedges": 7, "density": 0.4666666666666667, "atomics": "[40, 41, 52, 53, 28, 29]", "group_pop": 6, "init_part_assignment": 9, "id": 21}, {"graph": null, "nnodes": 6, "nedges": 7, "density": 0.4666666666666667, "atomics": "[96, 97, 98, 84, 85, 86]", "group_pop": 6, "init_part_assignment": 8, "id": 22}, {"graph": null, "nnodes": 6, "nedges": 7, "density": 0.4666666666666667, "atomics": "[64, 65, 66, 76, 77, 78]", "group_pop": 6, "init_part_assignment": 10, "id": 23}], "adjacency": [[{"weight": 1, "random_weight": 0.23975208088606637, "id": 1}, {"weight": 4, "random_weight": 0.3914979792483897, "id": 10}, {"weight": 3, "random_weight": 0.024416110906230082, "id": 14}, {"weight": 1, "random_weight": 0.5635924880395049, "id": 19}], [{"weight": 1, "random_weight": 0.23975208088606637, "id": 0}, {"weight": 5, "random_weight": 0.9257340920404488, "id": 5}, {"weight": 4, "random_weight": 0.3089175550519304, "id": 9}, {"weight": 2, "random_weight": 0.05169768230461391, "id": 10}], [{"weight": 3, "random_weight": 0.567587151002984, "id": 3}, {"weight": 2, "random_weight": 0.7434955633958739, "id": 4}, {"weight": 2, "random_weight": 0.3006328942852141, "id": 11}], [{"weight": 3, "random_weight": 0.567587151002984, "id": 2}, {"weight": 1, "random_weight": 0.32524860759699126, "id": 4}, {"weight": 2, "random_weight": 0.6765676618508236, "id": 11}, {"weight": 1, "random_weight": 0.03275621830916886, "id": 18}, {"weight": 3, "random_weight": 0.09670692484135734, "id": 21}], [{"weight": 2, "random_weight": 0.7434955633958739, "id": 2}, {"weight": 1, "random_weight": 0.32524860759699126, "id": 3}, {"weight": 2, "random_weight": 0.9367676112181637, "id": 18}, {"weight": 3, "random_weight": 0.1244902805614364, "id": 22}], [{"weight": 5, "random_weight": 0.9257340920404488, "id": 1}, {"weight": 1, "random_weight": 0.5216669285532695, "id": 9}], [{"weight": 3, "random_weight": 0.3152254532448717, "id": 7}, {"weight": 2, "random_weight": 0.049264620232995604, "id": 22}], [{"weight": 3, "random_weight": 0.3152254532448717, "id": 6}, {"weight": 2, "random_weight": 0.07022989933145851, "id": 8}, {"weight": 1, "random_weight": 0.32599366300333077, "id": 17}, {"weight": 1, "random_weight": 0.8976259843001181, "id": 18}, {"weight": 1, "random_weight": 0.32868841897840295, "id": 22}], [{"weight": 2, "random_weight": 0.07022989933145851, "id": 7}, {"weight": 1, "random_weight": 0.5438554350919186, "id": 9}, {"weight": 5, "random_weight": 0.09487038490445021, "id": 17}], [{"weight": 4, "random_weight": 0.3089175550519304, "id": 1}, {"weight": 1, "random_weight": 0.5216669285532695, "id": 5}, {"weight": 1, "random_weight": 0.5438554350919186, "id": 8}, {"weight": 3, "random_weight": 0.05297046712899245, "id": 10}, {"weight": 2, "random_weight": 0.7686326536698763, "id": 17}, {"weight": 2, "random_weight": 0.7662171569537019, "id": 20}], [{"weight": 4, "random_weight": 0.3914979792483897, "id": 0}, {"weight": 2, "random_weight": 0.05169768230461391, "id": 1}, {"weight": 3, "random_weight": 0.05297046712899245, "id": 9}, {"weight": 3, "random_weight": 0.809062681532848, "id": 19}], [{"weight": 2, "random_weight": 0.3006328942852141, "id": 2}, {"weight": 2, "random_weight": 0.6765676618508236, "id": 3}, {"weight": 4, "random_weight": 0.9572211030221535, "id": 12}], [{"weight": 4, "random_weight": 0.9572211030221535, "id": 11}, {"weight": 2, "random_weight": 0.24450577942446938, "id": 13}, {"weight": 2, "random_weight": 0.4122987601670651, "id": 21}], [{"weight": 2, "random_weight": 0.24450577942446938, "id": 12}, {"weight": 4, "random_weight": 0.33165428960051857, "id": 15}, {"weight": 2, "random_weight": 0.6622516420625625, "id": 16}], [{"weight": 3, "random_weight": 0.024416110906230082, "id": 0}, {"weight": 3, "random_weight": 0.7370131791576803, "id": 15}, {"weight": 2, "random_weight": 0.6217362098075079, "id": 19}], [{"weight": 4, "random_weight": 0.33165428960051857, "id": 13}, {"weight": 3, "random_weight": 0.7370131791576803, "id": 14}, {"weight": 1, "random_weight": 0.1719758127485691, "id": 19}], [{"weight": 2, "random_weight": 0.6622516420625625, "id": 13}, {"weight": 4, "random_weight": 0.6121078965075694, "id": 19}, {"weight": 3, "random_weight": 0.8900877688607493, "id": 21}, {"weight": 1, "random_weight": 0.6561113618937678, "id": 23}], [{"weight": 1, "random_weight": 0.32599366300333077, "id": 7}, {"weight": 5, "random_weight": 0.09487038490445021, "id": 8}, {"weight": 2, "random_weight": 0.7686326536698763, "id": 9}, {"weight": 1, "random_weight": 0.6401387581560176, "id": 18}, {"weight": 3, "random_weight": 0.6005882576687268, "id": 20}], [{"weight": 1, "random_weight": 0.03275621830916886, "id": 3}, {"weight": 2, "random_weight": 0.9367676112181637, "id": 4}, {"weight": 1, "random_weight": 0.8976259843001181, "id": 7}, {"weight": 1, "random_weight": 0.6401387581560176, "id": 17}, {"weight": 2, "random_weight": 0.6954519006875859, "id": 20}, {"weight": 2, "random_weight": 0.9746912691465164, "id": 22}, {"weight": 3, "random_weight": 0.9376702875435187, "id": 23}], [{"weight": 1, "random_weight": 0.5635924880395049, "id": 0}, {"weight": 3, "random_weight": 0.809062681532848, "id": 10}, {"weight": 2, "random_weight": 0.6217362098075079, "id": 14}, {"weight": 1, "random_weight": 0.1719758127485691, "id": 15}, {"weight": 4, "random_weight": 0.6121078965075694, "id": 16}, {"weight": 1, "random_weight": 0.8900171897057795, "id": 20}, {"weight": 2, "random_weight": 0.41546500908168604, "id": 23}], [{"weight": 2, "random_weight": 0.7662171569537019, "id": 9}, {"weight": 3, "random_weight": 0.6005882576687268, "id": 17}, {"weight": 2, "random_weight": 0.6954519006875859, "id": 18}, {"weight": 1, "random_weight": 0.8900171897057795, "id": 19}, {"weight": 2, "random_weight": 0.2231691204174736, "id": 23}], [{"weight": 3, "random_weight": 0.09670692484135734, "id": 3}, {"weight": 2, "random_weight": 0.4122987601670651, "id": 12}, {"weight": 3, "random_weight": 0.8900877688607493, "id": 16}, {"weight": 2, "random_weight": 0.2664935427485472, "id": 23}], [{"weight": 3, "random_weight": 0.1244902805614364, "id": 4}, {"weight": 2, "random_weight": 0.049264620232995604, "id": 6}, {"weight": 1, "random_weight": 0.32868841897840295, "id": 7}, {"weight": 2, "random_weight": 0.9746912691465164, "id": 18}], [{"weight": 1, "random_weight": 0.6561113618937678, "id": 16}, {"weight": 3, "random_weight": 0.9376702875435187, "id": 18}, {"weight": 2, "random_weight": 0.41546500908168604, "id": 19}, {"weight": 2, "random_weight": 0.2231691204174736, "id": 20}, {"weight": 2, "random_weight": 0.2664935427485472, "id": 21}]]}