{"directed": false, "multigraph": false, "graph": [], "nodes": [{"graph": null, "nnodes": 6, "nedges": 7, "density": 0.4666666666666667, "atomics": "[106, 107, 82, 83, 94, 95]", "group_pop": 6, "init_part_assignment": 0, "id": 0}, {"graph": null, "nnodes": 6, "nedges": 7, "density": 0.4666666666666667, "atomics": "[69, 70, 71, 57, 58, 59]", "group_pop": 6, "init_part_assignment": 2, "id": 1}, {"graph": null, "nnodes": 6, "nedges": 7, "density": 0.4666666666666667, "atomics": "[48, 49, 50, 60, 61, 62]", "group_pop": 6, "init_part_assignment": 10, "id": 2}, {"graph": null, "nnodes": 6, "nedges": 7, "density": 0.4666666666666667, "atomics": "[36, 37, 38, 24, 25, 26]", "group_pop": 6, "init_part_assignment": 8, "id": 3}, {"graph": null, "nnodes": 6, "nedges": 7, "density": 0.4666666666666667, "atomics": "[130, 131, 142, 143, 118, 119]", "group_pop": 6, "init_part_assignment": 0, "id": 4}, {"graph": null, "nnodes": 6, "nedges": 7, "density": 0.4666666666666667, "atomics": "[132, 133, 108, 109, 120, 121]", "group_pop": 6, "init_part_assignment": 7, "id": 5}, {"graph": null, "nnodes": 6, "nedges": 7, "density": 0.4666666666666667, "atomics": "[134, 135, 110, 111, 122, 123]", "group_pop": 6, "init_part_assignment": 7, "id": 6}, {"graph": null, "nnodes": 6, "nedges": 6, "density": 0.4, "atomics": "[136, 112, 113, 124, 125, 126]", "group_pop": 6, "init_part_assignment": 4, "id": 7}, {"graph": null, "nnodes": 6, "nedges": 5, "density": 0.3333333333333333, "atomics": "[137, 138, 139, 114, 115, 127]", "group_pop": 6, "init_part_assignment": 4, "id": 8}, {"graph": null, "nnodes": 6, "nedges": 7, "density": 0.4666666666666667, "atomics": "[128, 129, 140, 141, 116, 117]", "group_pop": 6, "init_part_assignment": 1, "id": 9}, {"graph": null, "nnodes": 6, "nedges": 7, "density": 0.4666666666666667, "atomics": "[104, 105, 80, 81, 92, 93]", "group_pop": 6, "init_part_assignment": 1, "id": 10}, {"graph": null, "nnodes": 6, "nedges": 7, "density": 0.4666666666666667, "atomics": "[0, 1, 2, 12, 13, 14]", "group_pop": 6, "init_part_assignment": 3, "id": 11}, {"graph": null, "nnodes": 6, "nedges": 7, "density": 0.4666666666666667, "atomics": "[3, 4, 5, 15, 16, 17]", "group_pop": 6, "init_part_assignment": 3, "id": 12}, {"graph": null, "nnodes": 6, "nedges": 7, "density": 0.4666666666666667, "atomics": "[6, 7, 18, 19, 30, 31]", "group_pop": 6, "init_part_assignment": 9, "id": 13}, {"graph": null, "nnodes": 6, "nedges": 6, "density": 0.4, "atomics": "[32, 33, 34, 35, 22, 23]", "group_pop": 6, "init_part_assignment": 6, "id": 14}, {"graph": null, "nnodes": 6, "nedges": 6, "density": 0.4, "atomics": "[8, 9, 10, 11, 20, 21]", "group_pop": 6, "init_part_assignment": 6, "id": 15}, {"graph": null, "nnodes": 6, "nedges": 5, "density": 0.3333333333333333, "atomics": "[68, 44, 45, 46, 47, 56]", "group_pop": 6, "init_part_assignment": 2, "id": 16}, {"graph": null, "nnodes": 6, "nedges": 5, "density": 0.3333333333333333, "atomics": "[96, 97, 98, 99, 100, 101]", "group_pop": 6, "init_part_assignment": 11, "id": 17}, {"graph": null, "nnodes": 6, "nedges": 6, "density": 0.4, "atomics": "[67, 102, 103, 79, 90, 91]", "group_pop": 6, "init_part_assignment": 5, "id": 18}, {"graph": null, "nnodes": 6, "nedges": 7, "density": 0.4666666666666667, "atomics": "[75, 76, 77, 87, 88, 89]", "group_pop": 6, "init_part_assignment": 5, "id": 19}, {"graph": null, "nnodes": 6, "nedges": 7, "density": 0.4666666666666667, "atomics": "[39, 40, 41, 27, 28, 29]", "group_pop": 6, "init_part_assignment": 8, "id": 20}, {"graph": null, "nnodes": 6, "nedges": 6, "density": 0.4, "atomics": "[66, 42, 43, 78, 54, 55]", "group_pop": 6, "init_part_assignment": 9, "id": 21}, {"graph": null, "nnodes": 6, "nedges": 7, "density": 0.4666666666666667, "atomics": "[72, 73, 74, 84, 85, 86]", "group_pop": 6, "init_part_assignment": 11, "id": 22}, {"graph": null, "nnodes": 6, "nedges": 7, "density": 0.4666666666666667, "atomics": "[64, 65, 51, 52, 53, 63]", "group_pop": 6, "init_part_assignment": 10, "id": 23}], "adjacency": [[{"weight": 2, "random_weight": 0.6486023472696036, "id": 1}, {"weight": 2, "random_weight": 0.77467426986628, "id": 4}, {"weight": 3, "random_weight": 0.46821232125809364, "id": 10}], [{"weight": 2, "random_weight": 0.6486023472696036, "id": 0}, {"weight": 1, "random_weight": 0.08210033661275495, "id": 10}, {"weight": 5, "random_weight": 0.9295682893051397, "id": 16}], [{"weight": 3, "random_weight": 0.8267927124683622, "id": 3}, {"weight": 3, "random_weight": 0.8998121528123993, "id": 22}, {"weight": 2, "random_weight": 0.24397202305522392, "id": 23}], [{"weight": 3, "random_weight": 0.8267927124683622, "id": 2}, {"weight": 3, "random_weight": 0.43818860785044456, "id": 11}, {"weight": 2, "random_weight": 0.007120225163081417, "id": 20}], [{"weight": 2, "random_weight": 0.77467426986628, "id": 0}, {"weight": 3, "random_weight": 0.8939167207043418, "id": 9}], [{"weight": 3, "random_weight": 0.289888521110643, "id": 6}, {"weight": 2, "random_weight": 0.38506213405039413, "id": 17}], [{"weight": 3, "random_weight": 0.289888521110643, "id": 5}, {"weight": 3, "random_weight": 0.9925681233743733, "id": 7}, {"weight": 2, "random_weight": 0.7688312672234421, "id": 17}], [{"weight": 3, "random_weight": 0.9925681233743733, "id": 6}, {"weight": 6, "random_weight": 0.3909550454714227, "id": 8}, {"weight": 2, "random_weight": 0.5933702044034497, "id": 17}], [{"weight": 6, "random_weight": 0.3909550454714227, "id": 7}, {"weight": 3, "random_weight": 0.9365035331021295, "id": 9}, {"weight": 2, "random_weight": 0.7921664210678527, "id": 18}], [{"weight": 3, "random_weight": 0.8939167207043418, "id": 4}, {"weight": 3, "random_weight": 0.9365035331021295, "id": 8}, {"weight": 2, "random_weight": 0.5337482386045387, "id": 10}], [{"weight": 3, "random_weight": 0.46821232125809364, "id": 0}, {"weight": 1, "random_weight": 0.08210033661275495, "id": 1}, {"weight": 2, "random_weight": 0.5337482386045387, "id": 9}, {"weight": 1, "random_weight": 0.7533030203958538, "id": 16}, {"weight": 3, "random_weight": 0.8441442046695733, "id": 18}], [{"weight": 3, "random_weight": 0.43818860785044456, "id": 3}, {"weight": 2, "random_weight": 0.3464061841096465, "id": 12}], [{"weight": 2, "random_weight": 0.3464061841096465, "id": 11}, {"weight": 2, "random_weight": 0.8674312784753693, "id": 13}, {"weight": 3, "random_weight": 0.4215506340874713, "id": 20}], [{"weight": 2, "random_weight": 0.8674312784753693, "id": 12}, {"weight": 1, "random_weight": 0.07877960828259867, "id": 14}, {"weight": 2, "random_weight": 0.6225627308224039, "id": 15}, {"weight": 1, "random_weight": 0.4403277040240151, "id": 20}, {"weight": 2, "random_weight": 0.3908805648100099, "id": 21}], [{"weight": 1, "random_weight": 0.07877960828259867, "id": 13}, {"weight": 5, "random_weight": 0.06210520063013747, "id": 15}, {"weight": 4, "random_weight": 0.8954321806816319, "id": 16}], [{"weight": 2, "random_weight": 0.6225627308224039, "id": 13}, {"weight": 5, "random_weight": 0.06210520063013747, "id": 14}], [{"weight": 5, "random_weight": 0.9295682893051397, "id": 1}, {"weight": 1, "random_weight": 0.7533030203958538, "id": 10}, {"weight": 4, "random_weight": 0.8954321806816319, "id": 14}, {"weight": 1, "random_weight": 0.2617804143478911, "id": 18}, {"weight": 2, "random_weight": 0.9892539098870995, "id": 21}], [{"weight": 2, "random_weight": 0.38506213405039413, "id": 5}, {"weight": 2, "random_weight": 0.7688312672234421, "id": 6}, {"weight": 2, "random_weight": 0.5933702044034497, "id": 7}, {"weight": 1, "random_weight": 0.4517421662381337, "id": 18}, {"weight": 3, "random_weight": 0.4278694569675303, "id": 19}, {"weight": 3, "random_weight": 0.4183937424919957, "id": 22}], [{"weight": 2, "random_weight": 0.7921664210678527, "id": 8}, {"weight": 3, "random_weight": 0.8441442046695733, "id": 10}, {"weight": 1, "random_weight": 0.2617804143478911, "id": 16}, {"weight": 1, "random_weight": 0.4517421662381337, "id": 17}, {"weight": 1, "random_weight": 0.4332924250563649, "id": 19}, {"weight": 4, "random_weight": 0.8487937964295421, "id": 21}], [{"weight": 3, "random_weight": 0.4278694569675303, "id": 17}, {"weight": 1, "random_weight": 0.4332924250563649, "id": 18}, {"weight": 1, "random_weight": 0.828932826805689, "id": 21}, {"weight": 2, "random_weight": 0.7084204507582065, "id": 22}, {"weight": 3, "random_weight": 0.7626162218267145, "id": 23}], [{"weight": 2, "random_weight": 0.007120225163081417, "id": 3}, {"weight": 3, "random_weight": 0.4215506340874713, "id": 12}, {"weight": 1, "random_weight": 0.4403277040240151, "id": 13}, {"weight": 1, "random_weight": 0.6215445233846759, "id": 21}, {"weight": 3, "random_weight": 0.9099591712133352, "id": 23}], [{"weight": 2, "random_weight": 0.3908805648100099, "id": 13}, {"weight": 2, "random_weight": 0.9892539098870995, "id": 16}, {"weight": 4, "random_weight": 0.8487937964295421, "id": 18}, {"weight": 1, "random_weight": 0.828932826805689, "id": 19}, {"weight": 1, "random_weight": 0.6215445233846759, "id": 20}, {"weight": 2, "random_weight": 0.6295522746944303, "id": 23}], [{"weight": 3, "random_weight": 0.8998121528123993, "id": 2}, {"weight": 3, "random_weight": 0.4183937424919957, "id": 17}, {"weight": 2, "random_weight": 0.7084204507582065, "id": 19}], [{"weight": 2, "random_weight": 0.24397202305522392, "id": 2}, {"weight": 3, "random_weight": 0.7626162218267145, "id": 19}, {"weight": 3, "random_weight": 0.9099591712133352, "id": 20}, {"weight": 2, "random_weight": 0.6295522746944303, "id": 21}]]}