{"directed": false, "multigraph": false, "graph": [], "nodes": [{"graph": null, "nnodes": 6, "nedges": 6, "density": 0.4, "atomics": "[106, 107, 83, 93, 94, 95]", "group_pop": 6, "init_part_assignment": 1, "id": 0}, {"graph": null, "nnodes": 6, "nedges": 6, "density": 0.4, "atomics": "[69, 70, 71, 81, 82, 59]", "group_pop": 6, "init_part_assignment": 11, "id": 1}, {"graph": null, "nnodes": 6, "nedges": 6, "density": 0.4, "atomics": "[44, 45, 46, 47, 57, 58]", "group_pop": 6, "init_part_assignment": 11, "id": 2}, {"graph": null, "nnodes": 6, "nedges": 6, "density": 0.4, "atomics": "[72, 48, 49, 60, 61, 62]", "group_pop": 6, "init_part_assignment": 3, "id": 3}, {"graph": null, "nnodes": 6, "nedges": 7, "density": 0.4666666666666667, "atomics": "[38, 39, 50, 51, 26, 27]", "group_pop": 6, "init_part_assignment": 2, "id": 4}, {"graph": null, "nnodes": 6, "nedges": 7, "density": 0.4666666666666667, "atomics": "[130, 131, 142, 143, 118, 119]", "group_pop": 6, "init_part_assignment": 1, "id": 5}, {"graph": null, "nnodes": 6, "nedges": 5, "density": 0.3333333333333333, "atomics": "[97, 132, 133, 134, 109, 121]", "group_pop": 6, "init_part_assignment": 7, "id": 6}, {"graph": null, "nnodes": 6, "nedges": 6, "density": 0.4, "atomics": "[100, 135, 111, 112, 123, 124]", "group_pop": 6, "init_part_assignment": 7, "id": 7}, {"graph": null, "nnodes": 6, "nedges": 6, "density": 0.4, "atomics": "[136, 137, 138, 139, 125, 126]", "group_pop": 6, "init_part_assignment": 4, "id": 8}, {"graph": null, "nnodes": 6, "nedges": 6, "density": 0.4, "atomics": "[128, 129, 105, 140, 141, 117]", "group_pop": 6, "init_part_assignment": 4, "id": 9}, {"graph": null, "nnodes": 6, "nedges": 7, "density": 0.4666666666666667, "atomics": "[36, 37, 12, 13, 24, 25]", "group_pop": 6, "init_part_assignment": 3, "id": 10}, {"graph": null, "nnodes": 6, "nedges": 7, "density": 0.4666666666666667, "atomics": "[4, 5, 6, 16, 17, 18]", "group_pop": 6, "init_part_assignment": 6, "id": 11}, {"graph": null, "nnodes": 6, "nedges": 6, "density": 0.4, "atomics": "[0, 1, 2, 3, 14, 15]", "group_pop": 6, "init_part_assignment": 2, "id": 12}, {"graph": null, "nnodes": 6, "nedges": 6, "density": 0.4, "atomics": "[35, 9, 10, 11, 22, 23]", "group_pop": 6, "init_part_assignment": 0, "id": 13}, {"graph": null, "nnodes": 6, "nedges": 6, "density": 0.4, "atomics": "[7, 42, 43, 19, 30, 31]", "group_pop": 6, "init_part_assignment": 10, "id": 14}, {"graph": null, "nnodes": 6, "nedges": 6, "density": 0.4, "atomics": "[32, 33, 34, 8, 20, 21]", "group_pop": 6, "init_part_assignment": 0, "id": 15}, {"graph": null, "nnodes": 6, "nedges": 6, "density": 0.4, "atomics": "[98, 99, 110, 86, 87, 122]", "group_pop": 6, "init_part_assignment": 8, "id": 16}, {"graph": null, "nnodes": 6, "nedges": 6, "density": 0.4, "atomics": "[101, 102, 113, 114, 115, 127]", "group_pop": 6, "init_part_assignment": 5, "id": 17}, {"graph": null, "nnodes": 6, "nedges": 5, "density": 0.3333333333333333, "atomics": "[96, 73, 108, 84, 85, 120]", "group_pop": 6, "init_part_assignment": 8, "id": 18}, {"graph": null, "nnodes": 6, "nedges": 7, "density": 0.4666666666666667, "atomics": "[67, 68, 79, 80, 55, 56]", "group_pop": 6, "init_part_assignment": 10, "id": 19}, {"graph": null, "nnodes": 6, "nedges": 6, "density": 0.4, "atomics": "[103, 104, 116, 90, 91, 92]", "group_pop": 6, "init_part_assignment": 5, "id": 20}, {"graph": null, "nnodes": 6, "nedges": 6, "density": 0.4, "atomics": "[65, 66, 77, 78, 54, 89]", "group_pop": 6, "init_part_assignment": 9, "id": 21}, {"graph": null, "nnodes": 6, "nedges": 7, "density": 0.4666666666666667, "atomics": "[40, 41, 52, 53, 28, 29]", "group_pop": 6, "init_part_assignment": 6, "id": 22}, {"graph": null, "nnodes": 6, "nedges": 6, "density": 0.4, "atomics": "[64, 74, 75, 76, 88, 63]", "group_pop": 6, "init_part_assignment": 9, "id": 23}], "adjacency": [[{"weight": 4, "random_weight": 0.19926779705534503, "id": 1}, {"weight": 2, "random_weight": 0.13061665209040763, "id": 5}, {"weight": 2, "random_weight": 0.9596604831750276, "id": 9}, {"weight": 1, "random_weight": 0.7192046701991702, "id": 20}], [{"weight": 4, "random_weight": 0.19926779705534503, "id": 0}, {"weight": 4, "random_weight": 0.21263489601397567, "id": 2}, {"weight": 2, "random_weight": 0.053122439068145955, "id": 19}], [{"weight": 4, "random_weight": 0.21263489601397567, "id": 1}, {"weight": 1, "random_weight": 0.8275256619869458, "id": 13}, {"weight": 1, "random_weight": 0.7846230610313496, "id": 14}, {"weight": 3, "random_weight": 0.4316988065365295, "id": 15}, {"weight": 2, "random_weight": 0.9136416450479834, "id": 19}], [{"weight": 2, "random_weight": 0.5557404771286316, "id": 4}, {"weight": 2, "random_weight": 0.32149743537265096, "id": 10}, {"weight": 3, "random_weight": 0.9822378612901939, "id": 18}, {"weight": 2, "random_weight": 0.48344328359760647, "id": 23}], [{"weight": 2, "random_weight": 0.5557404771286316, "id": 3}, {"weight": 2, "random_weight": 0.22958871214032917, "id": 10}, {"weight": 2, "random_weight": 0.4702367916115201, "id": 12}, {"weight": 3, "random_weight": 0.9814498581458896, "id": 22}, {"weight": 1, "random_weight": 0.9591459194489488, "id": 23}], [{"weight": 2, "random_weight": 0.13061665209040763, "id": 0}, {"weight": 3, "random_weight": 0.7551329998154235, "id": 9}], [{"weight": 1, "random_weight": 0.1739600461222497, "id": 7}, {"weight": 4, "random_weight": 0.09096009851151932, "id": 16}, {"weight": 5, "random_weight": 0.7822157978908465, "id": 18}], [{"weight": 1, "random_weight": 0.1739600461222497, "id": 6}, {"weight": 3, "random_weight": 0.17742367856549934, "id": 8}, {"weight": 4, "random_weight": 0.9931111193826856, "id": 16}, {"weight": 2, "random_weight": 0.7344188171407435, "id": 17}, {"weight": 1, "random_weight": 0.45648109744469756, "id": 23}], [{"weight": 3, "random_weight": 0.17742367856549934, "id": 7}, {"weight": 1, "random_weight": 0.09219979418484836, "id": 9}, {"weight": 4, "random_weight": 0.19869666187189672, "id": 17}], [{"weight": 2, "random_weight": 0.9596604831750276, "id": 0}, {"weight": 3, "random_weight": 0.7551329998154235, "id": 5}, {"weight": 1, "random_weight": 0.09219979418484836, "id": 8}, {"weight": 1, "random_weight": 0.7626052235462637, "id": 17}, {"weight": 3, "random_weight": 0.3481965769157004, "id": 20}], [{"weight": 2, "random_weight": 0.32149743537265096, "id": 3}, {"weight": 2, "random_weight": 0.22958871214032917, "id": 4}, {"weight": 3, "random_weight": 0.7894878517815107, "id": 12}], [{"weight": 2, "random_weight": 0.7291796662288351, "id": 12}, {"weight": 3, "random_weight": 0.5910308497608886, "id": 14}, {"weight": 2, "random_weight": 0.041071761747404456, "id": 22}], [{"weight": 2, "random_weight": 0.4702367916115201, "id": 4}, {"weight": 3, "random_weight": 0.7894878517815107, "id": 10}, {"weight": 2, "random_weight": 0.7291796662288351, "id": 11}], [{"weight": 1, "random_weight": 0.8275256619869458, "id": 2}, {"weight": 5, "random_weight": 0.4340451566744301, "id": 15}], [{"weight": 1, "random_weight": 0.7846230610313496, "id": 2}, {"weight": 3, "random_weight": 0.5910308497608886, "id": 11}, {"weight": 3, "random_weight": 0.9941865624794282, "id": 15}, {"weight": 1, "random_weight": 0.3883379241875011, "id": 19}, {"weight": 1, "random_weight": 0.30050503162340125, "id": 21}, {"weight": 2, "random_weight": 0.203716755349853, "id": 22}], [{"weight": 3, "random_weight": 0.4316988065365295, "id": 2}, {"weight": 5, "random_weight": 0.4340451566744301, "id": 13}, {"weight": 3, "random_weight": 0.9941865624794282, "id": 14}], [{"weight": 4, "random_weight": 0.09096009851151932, "id": 6}, {"weight": 4, "random_weight": 0.9931111193826856, "id": 7}, {"weight": 1, "random_weight": 0.23849337780934776, "id": 18}, {"weight": 3, "random_weight": 0.03694433299611766, "id": 23}], [{"weight": 2, "random_weight": 0.7344188171407435, "id": 7}, {"weight": 4, "random_weight": 0.19869666187189672, "id": 8}, {"weight": 1, "random_weight": 0.7626052235462637, "id": 9}, {"weight": 4, "random_weight": 0.3310595136963006, "id": 20}, {"weight": 1, "random_weight": 0.015137234111058051, "id": 21}], [{"weight": 3, "random_weight": 0.9822378612901939, "id": 3}, {"weight": 5, "random_weight": 0.7822157978908465, "id": 6}, {"weight": 1, "random_weight": 0.23849337780934776, "id": 16}, {"weight": 1, "random_weight": 0.9271448958977184, "id": 23}], [{"weight": 2, "random_weight": 0.053122439068145955, "id": 1}, {"weight": 2, "random_weight": 0.9136416450479834, "id": 2}, {"weight": 1, "random_weight": 0.3883379241875011, "id": 14}, {"weight": 2, "random_weight": 0.9677269075453105, "id": 20}, {"weight": 3, "random_weight": 0.7529204441455976, "id": 21}], [{"weight": 1, "random_weight": 0.7192046701991702, "id": 0}, {"weight": 3, "random_weight": 0.3481965769157004, "id": 9}, {"weight": 4, "random_weight": 0.3310595136963006, "id": 17}, {"weight": 2, "random_weight": 0.9677269075453105, "id": 19}, {"weight": 2, "random_weight": 0.4256372548474411, "id": 21}], [{"weight": 1, "random_weight": 0.30050503162340125, "id": 14}, {"weight": 1, "random_weight": 0.015137234111058051, "id": 17}, {"weight": 3, "random_weight": 0.7529204441455976, "id": 19}, {"weight": 2, "random_weight": 0.4256372548474411, "id": 20}, {"weight": 2, "random_weight": 0.6293730831106383, "id": 22}, {"weight": 3, "random_weight": 0.35838030632066264, "id": 23}], [{"weight": 3, "random_weight": 0.9814498581458896, "id": 4}, {"weight": 2, "random_weight": 0.041071761747404456, "id": 11}, {"weight": 2, "random_weight": 0.203716755349853, "id": 14}, {"weight": 2, "random_weight": 0.6293730831106383, "id": 21}, {"weight": 1, "random_weight": 0.8732982698607874, "id": 23}], [{"weight": 2, "random_weight": 0.48344328359760647, "id": 3}, {"weight": 1, "random_weight": 0.9591459194489488, "id": 4}, {"weight": 1, "random_weight": 0.45648109744469756, "id": 7}, {"weight": 3, "random_weight": 0.03694433299611766, "id": 16}, {"weight": 1, "random_weight": 0.9271448958977184, "id": 18}, {"weight": 3, "random_weight": 0.35838030632066264, "id": 21}, {"weight": 1, "random_weight": 0.8732982698607874, "id": 22}]]}