{"directed": false, "multigraph": false, "graph": [], "nodes": [{"graph": null, "nnodes": 6, "nedges": 6, "density": 0.4, "atomics": "[106, 107, 83, 118, 94, 95]", "group_pop": 6, "init_part_assignment": 4, "id": 0}, {"graph": null, "nnodes": 6, "nedges": 6, "density": 0.4, "atomics": "[70, 71, 47, 82, 58, 59]", "group_pop": 6, "init_part_assignment": 2, "id": 1}, {"graph": null, "nnodes": 6, "nedges": 7, "density": 0.4666666666666667, "atomics": "[36, 37, 38, 48, 49, 50]", "group_pop": 6, "init_part_assignment": 6, "id": 2}, {"graph": null, "nnodes": 6, "nedges": 6, "density": 0.4, "atomics": "[73, 74, 51, 61, 62, 63]", "group_pop": 6, "init_part_assignment": 5, "id": 3}, {"graph": null, "nnodes": 6, "nedges": 6, "density": 0.4, "atomics": "[130, 131, 141, 142, 143, 119]", "group_pop": 6, "init_part_assignment": 7, "id": 4}, {"graph": null, "nnodes": 6, "nedges": 5, "density": 0.3333333333333333, "atomics": "[97, 98, 132, 133, 109, 121]", "group_pop": 6, "init_part_assignment": 11, "id": 5}, {"graph": null, "nnodes": 6, "nedges": 7, "density": 0.4666666666666667, "atomics": "[134, 135, 110, 111, 122, 123]", "group_pop": 6, "init_part_assignment": 3, "id": 6}, {"graph": null, "nnodes": 6, "nedges": 5, "density": 0.3333333333333333, "atomics": "[128, 136, 137, 138, 139, 140]", "group_pop": 6, "init_part_assignment": 3, "id": 7}, {"graph": null, "nnodes": 6, "nedges": 7, "density": 0.4666666666666667, "atomics": "[113, 114, 115, 125, 126, 127]", "group_pop": 6, "init_part_assignment": 9, "id": 8}, {"graph": null, "nnodes": 6, "nedges": 6, "density": 0.4, "atomics": "[129, 104, 105, 116, 117, 92]", "group_pop": 6, "init_part_assignment": 7, "id": 9}, {"graph": null, "nnodes": 6, "nedges": 7, "density": 0.4666666666666667, "atomics": "[0, 1, 12, 13, 24, 25]", "group_pop": 6, "init_part_assignment": 6, "id": 10}, {"graph": null, "nnodes": 6, "nedges": 6, "density": 0.4, "atomics": "[5, 6, 7, 16, 17, 18]", "group_pop": 6, "init_part_assignment": 0, "id": 11}, {"graph": null, "nnodes": 6, "nedges": 6, "density": 0.4, "atomics": "[2, 3, 4, 14, 15, 26]", "group_pop": 6, "init_part_assignment": 0, "id": 12}, {"graph": null, "nnodes": 6, "nedges": 6, "density": 0.4, "atomics": "[33, 34, 35, 44, 45, 46]", "group_pop": 6, "init_part_assignment": 8, "id": 13}, {"graph": null, "nnodes": 6, "nedges": 7, "density": 0.4666666666666667, "atomics": "[9, 10, 11, 21, 22, 23]", "group_pop": 6, "init_part_assignment": 1, "id": 14}, {"graph": null, "nnodes": 6, "nedges": 6, "density": 0.4, "atomics": "[32, 8, 19, 20, 30, 31]", "group_pop": 6, "init_part_assignment": 1, "id": 15}, {"graph": null, "nnodes": 6, "nedges": 5, "density": 0.3333333333333333, "atomics": "[99, 100, 101, 112, 88, 124]", "group_pop": 6, "init_part_assignment": 10, "id": 16}, {"graph": null, "nnodes": 6, "nedges": 5, "density": 0.3333333333333333, "atomics": "[96, 72, 108, 84, 120, 60]", "group_pop": 6, "init_part_assignment": 11, "id": 17}, {"graph": null, "nnodes": 6, "nedges": 5, "density": 0.3333333333333333, "atomics": "[66, 78, 79, 80, 81, 93]", "group_pop": 6, "init_part_assignment": 4, "id": 18}, {"graph": null, "nnodes": 6, "nedges": 7, "density": 0.4666666666666667, "atomics": "[67, 68, 69, 55, 56, 57]", "group_pop": 6, "init_part_assignment": 2, "id": 19}, {"graph": null, "nnodes": 6, "nedges": 6, "density": 0.4, "atomics": "[102, 103, 77, 89, 90, 91]", "group_pop": 6, "init_part_assignment": 9, "id": 20}, {"graph": null, "nnodes": 6, "nedges": 6, "density": 0.4, "atomics": "[39, 40, 52, 27, 28, 29]", "group_pop": 6, "init_part_assignment": 5, "id": 21}, {"graph": null, "nnodes": 6, "nedges": 6, "density": 0.4, "atomics": "[65, 41, 42, 43, 53, 54]", "group_pop": 6, "init_part_assignment": 8, "id": 22}, {"graph": null, "nnodes": 6, "nedges": 5, "density": 0.3333333333333333, "atomics": "[64, 75, 76, 85, 86, 87]", "group_pop": 6, "init_part_assignment": 10, "id": 23}], "adjacency": [[{"weight": 3, "random_weight": 0.6121190135407149, "id": 1}, {"weight": 3, "random_weight": 0.45321491367828104, "id": 4}, {"weight": 2, "random_weight": 0.5196705698891649, "id": 9}, {"weight": 1, "random_weight": 0.24367301719021683, "id": 18}], [{"weight": 3, "random_weight": 0.6121190135407149, "id": 0}, {"weight": 3, "random_weight": 0.9454462941829771, "id": 13}, {"weight": 1, "random_weight": 0.3442169325915345, "id": 18}, {"weight": 2, "random_weight": 0.1269765407120389, "id": 19}], [{"weight": 3, "random_weight": 0.7733759372425218, "id": 3}, {"weight": 2, "random_weight": 0.25865514995508854, "id": 10}, {"weight": 1, "random_weight": 0.5507088628193811, "id": 12}, {"weight": 1, "random_weight": 0.8267356993894192, "id": 17}, {"weight": 1, "random_weight": 0.4961587378418102, "id": 21}], [{"weight": 3, "random_weight": 0.7733759372425218, "id": 2}, {"weight": 2, "random_weight": 0.17566332948062202, "id": 17}, {"weight": 2, "random_weight": 0.15649067461730404, "id": 21}, {"weight": 5, "random_weight": 0.11124147650621707, "id": 23}], [{"weight": 3, "random_weight": 0.45321491367828104, "id": 0}, {"weight": 1, "random_weight": 0.9171641860792082, "id": 7}, {"weight": 2, "random_weight": 0.20850568129287528, "id": 9}], [{"weight": 4, "random_weight": 0.6855225450086438, "id": 6}, {"weight": 1, "random_weight": 0.42930317631436454, "id": 16}, {"weight": 4, "random_weight": 0.012919059949318634, "id": 17}, {"weight": 2, "random_weight": 0.0760215189234954, "id": 23}], [{"weight": 4, "random_weight": 0.6855225450086438, "id": 5}, {"weight": 1, "random_weight": 0.29402567412618996, "id": 7}, {"weight": 3, "random_weight": 0.45236885868737897, "id": 16}], [{"weight": 1, "random_weight": 0.9171641860792082, "id": 4}, {"weight": 1, "random_weight": 0.29402567412618996, "id": 6}, {"weight": 4, "random_weight": 0.7086542056296794, "id": 8}, {"weight": 2, "random_weight": 0.4288100984145632, "id": 9}, {"weight": 1, "random_weight": 0.9627979683616043, "id": 16}], [{"weight": 4, "random_weight": 0.7086542056296794, "id": 7}, {"weight": 1, "random_weight": 0.6631064967596102, "id": 9}, {"weight": 3, "random_weight": 0.7306875662257056, "id": 16}, {"weight": 2, "random_weight": 0.55861742299183, "id": 20}], [{"weight": 2, "random_weight": 0.5196705698891649, "id": 0}, {"weight": 2, "random_weight": 0.20850568129287528, "id": 4}, {"weight": 2, "random_weight": 0.4288100984145632, "id": 7}, {"weight": 1, "random_weight": 0.6631064967596102, "id": 8}, {"weight": 3, "random_weight": 0.45922161771513725, "id": 18}, {"weight": 2, "random_weight": 0.939162189233384, "id": 20}], [{"weight": 2, "random_weight": 0.25865514995508854, "id": 2}, {"weight": 3, "random_weight": 0.711708076159001, "id": 12}], [{"weight": 3, "random_weight": 0.18269417148881406, "id": 12}, {"weight": 4, "random_weight": 0.7767042386248448, "id": 15}, {"weight": 2, "random_weight": 0.8481918777095222, "id": 21}], [{"weight": 1, "random_weight": 0.5507088628193811, "id": 2}, {"weight": 3, "random_weight": 0.711708076159001, "id": 10}, {"weight": 3, "random_weight": 0.18269417148881406, "id": 11}, {"weight": 2, "random_weight": 0.5876822286814095, "id": 21}], [{"weight": 3, "random_weight": 0.9454462941829771, "id": 1}, {"weight": 3, "random_weight": 0.4644229123795527, "id": 14}, {"weight": 2, "random_weight": 0.9403956892501331, "id": 15}, {"weight": 2, "random_weight": 0.16801517412028555, "id": 19}, {"weight": 1, "random_weight": 0.41096856178373453, "id": 22}], [{"weight": 3, "random_weight": 0.4644229123795527, "id": 13}, {"weight": 2, "random_weight": 0.17546279025379385, "id": 15}], [{"weight": 4, "random_weight": 0.7767042386248448, "id": 11}, {"weight": 2, "random_weight": 0.9403956892501331, "id": 13}, {"weight": 2, "random_weight": 0.17546279025379385, "id": 14}, {"weight": 1, "random_weight": 0.18897984349683983, "id": 21}, {"weight": 2, "random_weight": 0.6144818647399599, "id": 22}], [{"weight": 1, "random_weight": 0.42930317631436454, "id": 5}, {"weight": 3, "random_weight": 0.45236885868737897, "id": 6}, {"weight": 1, "random_weight": 0.9627979683616043, "id": 7}, {"weight": 3, "random_weight": 0.7306875662257056, "id": 8}, {"weight": 3, "random_weight": 0.9544113813831894, "id": 20}, {"weight": 3, "random_weight": 0.23369551086981433, "id": 23}], [{"weight": 1, "random_weight": 0.8267356993894192, "id": 2}, {"weight": 2, "random_weight": 0.17566332948062202, "id": 3}, {"weight": 4, "random_weight": 0.012919059949318634, "id": 5}, {"weight": 1, "random_weight": 0.47752445948268984, "id": 23}], [{"weight": 1, "random_weight": 0.24367301719021683, "id": 0}, {"weight": 1, "random_weight": 0.3442169325915345, "id": 1}, {"weight": 3, "random_weight": 0.45922161771513725, "id": 9}, {"weight": 4, "random_weight": 0.393095099040091, "id": 19}, {"weight": 3, "random_weight": 0.015304335734853569, "id": 20}, {"weight": 2, "random_weight": 0.9895895489814245, "id": 22}], [{"weight": 2, "random_weight": 0.1269765407120389, "id": 1}, {"weight": 2, "random_weight": 0.16801517412028555, "id": 13}, {"weight": 4, "random_weight": 0.393095099040091, "id": 18}, {"weight": 2, "random_weight": 0.7186645920734633, "id": 22}], [{"weight": 2, "random_weight": 0.55861742299183, "id": 8}, {"weight": 2, "random_weight": 0.939162189233384, "id": 9}, {"weight": 3, "random_weight": 0.9544113813831894, "id": 16}, {"weight": 3, "random_weight": 0.015304335734853569, "id": 18}, {"weight": 1, "random_weight": 0.893750265334998, "id": 22}, {"weight": 1, "random_weight": 0.9998802474613638, "id": 23}], [{"weight": 1, "random_weight": 0.4961587378418102, "id": 2}, {"weight": 2, "random_weight": 0.15649067461730404, "id": 3}, {"weight": 2, "random_weight": 0.8481918777095222, "id": 11}, {"weight": 2, "random_weight": 0.5876822286814095, "id": 12}, {"weight": 1, "random_weight": 0.18897984349683983, "id": 15}, {"weight": 3, "random_weight": 0.6588076749562402, "id": 22}, {"weight": 1, "random_weight": 0.3872857460076554, "id": 23}], [{"weight": 1, "random_weight": 0.41096856178373453, "id": 13}, {"weight": 2, "random_weight": 0.6144818647399599, "id": 15}, {"weight": 2, "random_weight": 0.9895895489814245, "id": 18}, {"weight": 2, "random_weight": 0.7186645920734633, "id": 19}, {"weight": 1, "random_weight": 0.893750265334998, "id": 20}, {"weight": 3, "random_weight": 0.6588076749562402, "id": 21}, {"weight": 1, "random_weight": 0.32068667840894416, "id": 23}], [{"weight": 5, "random_weight": 0.11124147650621707, "id": 3}, {"weight": 2, "random_weight": 0.0760215189234954, "id": 5}, {"weight": 3, "random_weight": 0.23369551086981433, "id": 16}, {"weight": 1, "random_weight": 0.47752445948268984, "id": 17}, {"weight": 1, "random_weight": 0.9998802474613638, "id": 20}, {"weight": 1, "random_weight": 0.3872857460076554, "id": 21}, {"weight": 1, "random_weight": 0.32068667840894416, "id": 22}]]}