{"directed": false, "multigraph": false, "graph": [], "nodes": [{"graph": null, "nnodes": 6, "nedges": 7, "density": 0.4666666666666667, "atomics": "[70, 71, 82, 83, 94, 95]", "group_pop": 6, "init_part_assignment": 3, "id": 0}, {"graph": null, "nnodes": 6, "nedges": 6, "density": 0.4, "atomics": "[35, 46, 47, 23, 58, 59]", "group_pop": 6, "init_part_assignment": 6, "id": 1}, {"graph": null, "nnodes": 6, "nedges": 7, "density": 0.4666666666666667, "atomics": "[130, 131, 106, 107, 118, 119]", "group_pop": 6, "init_part_assignment": 2, "id": 2}, {"graph": null, "nnodes": 6, "nedges": 6, "density": 0.4, "atomics": "[36, 72, 73, 48, 60, 61]", "group_pop": 6, "init_part_assignment": 11, "id": 3}, {"graph": null, "nnodes": 6, "nedges": 5, "density": 0.3333333333333333, "atomics": "[37, 74, 49, 50, 25, 62]", "group_pop": 6, "init_part_assignment": 8, "id": 4}, {"graph": null, "nnodes": 6, "nedges": 6, "density": 0.4, "atomics": "[38, 39, 14, 51, 26, 27]", "group_pop": 6, "init_part_assignment": 8, "id": 5}, {"graph": null, "nnodes": 6, "nedges": 6, "density": 0.4, "atomics": "[128, 129, 140, 141, 142, 143]", "group_pop": 6, "init_part_assignment": 5, "id": 6}, {"graph": null, "nnodes": 6, "nedges": 5, "density": 0.3333333333333333, "atomics": "[132, 133, 134, 135, 136, 137]", "group_pop": 6, "init_part_assignment": 10, "id": 7}, {"graph": null, "nnodes": 6, "nedges": 7, "density": 0.4666666666666667, "atomics": "[111, 112, 113, 123, 124, 125]", "group_pop": 6, "init_part_assignment": 9, "id": 8}, {"graph": null, "nnodes": 6, "nedges": 7, "density": 0.4666666666666667, "atomics": "[103, 104, 105, 115, 116, 117]", "group_pop": 6, "init_part_assignment": 2, "id": 9}, {"graph": null, "nnodes": 6, "nedges": 6, "density": 0.4, "atomics": "[0, 1, 2, 12, 13, 24]", "group_pop": 6, "init_part_assignment": 1, "id": 10}, {"graph": null, "nnodes": 6, "nedges": 7, "density": 0.4666666666666667, "atomics": "[3, 4, 5, 15, 16, 17]", "group_pop": 6, "init_part_assignment": 1, "id": 11}, {"graph": null, "nnodes": 6, "nedges": 6, "density": 0.4, "atomics": "[6, 7, 42, 18, 19, 30]", "group_pop": 6, "init_part_assignment": 0, "id": 12}, {"graph": null, "nnodes": 6, "nedges": 5, "density": 0.3333333333333333, "atomics": "[34, 8, 9, 10, 11, 22]", "group_pop": 6, "init_part_assignment": 4, "id": 13}, {"graph": null, "nnodes": 6, "nedges": 7, "density": 0.4666666666666667, "atomics": "[32, 33, 44, 45, 20, 21]", "group_pop": 6, "init_part_assignment": 4, "id": 14}, {"graph": null, "nnodes": 6, "nedges": 6, "density": 0.4, "atomics": "[66, 67, 43, 54, 55, 31]", "group_pop": 6, "init_part_assignment": 7, "id": 15}, {"graph": null, "nnodes": 6, "nedges": 7, "density": 0.4666666666666667, "atomics": "[99, 100, 101, 87, 88, 89]", "group_pop": 6, "init_part_assignment": 9, "id": 16}, {"graph": null, "nnodes": 6, "nedges": 7, "density": 0.4666666666666667, "atomics": "[108, 109, 110, 120, 121, 122]", "group_pop": 6, "init_part_assignment": 10, "id": 17}, {"graph": null, "nnodes": 6, "nedges": 6, "density": 0.4, "atomics": "[102, 138, 139, 114, 126, 127]", "group_pop": 6, "init_part_assignment": 5, "id": 18}, {"graph": null, "nnodes": 6, "nedges": 7, "density": 0.4666666666666667, "atomics": "[68, 69, 80, 81, 56, 57]", "group_pop": 6, "init_part_assignment": 6, "id": 19}, {"graph": null, "nnodes": 6, "nedges": 6, "density": 0.4, "atomics": "[78, 79, 90, 91, 92, 93]", "group_pop": 6, "init_part_assignment": 3, "id": 20}, {"graph": null, "nnodes": 6, "nedges": 7, "density": 0.4666666666666667, "atomics": "[40, 41, 52, 53, 28, 29]", "group_pop": 6, "init_part_assignment": 0, "id": 21}, {"graph": null, "nnodes": 6, "nedges": 7, "density": 0.4666666666666667, "atomics": "[96, 97, 98, 84, 85, 86]", "group_pop": 6, "init_part_assignment": 11, "id": 22}, {"graph": null, "nnodes": 6, "nedges": 7, "density": 0.4666666666666667, "atomics": "[64, 65, 75, 76, 77, 63]", "group_pop": 6, "init_part_assignment": 7, "id": 23}], "adjacency": [[{"weight": 2, "random_weight": 0.8786806306425962, "id": 1}, {"weight": 2, "random_weight": 0.025586371150675524, "id": 2}, {"weight": 2, "random_weight": 0.45028217561715655, "id": 19}, {"weight": 1, "random_weight": 0.4194994386404558, "id": 20}], [{"weight": 2, "random_weight": 0.8786806306425962, "id": 0}, {"weight": 4, "random_weight": 0.557840347092188, "id": 13}, {"weight": 1, "random_weight": 0.4780349700103578, "id": 14}, {"weight": 1, "random_weight": 0.7592158747414904, "id": 19}], [{"weight": 2, "random_weight": 0.025586371150675524, "id": 0}, {"weight": 3, "random_weight": 0.714243436142619, "id": 6}, {"weight": 2, "random_weight": 0.4043508344703628, "id": 9}], [{"weight": 5, "random_weight": 0.3514312178967517, "id": 4}, {"weight": 1, "random_weight": 0.06719625760559489, "id": 10}, {"weight": 2, "random_weight": 0.2519626021907154, "id": 22}], [{"weight": 5, "random_weight": 0.3514312178967517, "id": 3}, {"weight": 4, "random_weight": 0.07580530766122195, "id": 5}, {"weight": 2, "random_weight": 0.7997918301542942, "id": 10}, {"weight": 1, "random_weight": 0.5025992122113719, "id": 22}, {"weight": 2, "random_weight": 0.853915096785529, "id": 23}], [{"weight": 4, "random_weight": 0.07580530766122195, "id": 4}, {"weight": 2, "random_weight": 0.9795769026577251, "id": 10}, {"weight": 2, "random_weight": 0.976892327354261, "id": 11}, {"weight": 3, "random_weight": 0.7423520204874718, "id": 21}, {"weight": 1, "random_weight": 0.3447101384596277, "id": 23}], [{"weight": 3, "random_weight": 0.714243436142619, "id": 2}, {"weight": 2, "random_weight": 0.732673138717343, "id": 9}, {"weight": 2, "random_weight": 0.5096770874218414, "id": 18}], [{"weight": 3, "random_weight": 0.957834419787255, "id": 8}, {"weight": 3, "random_weight": 0.6688679213711668, "id": 17}, {"weight": 1, "random_weight": 0.62968898589271, "id": 18}], [{"weight": 3, "random_weight": 0.957834419787255, "id": 7}, {"weight": 3, "random_weight": 0.7241397417385769, "id": 16}, {"weight": 2, "random_weight": 0.6891514109946254, "id": 17}, {"weight": 2, "random_weight": 0.4274030575841705, "id": 18}], [{"weight": 2, "random_weight": 0.4043508344703628, "id": 2}, {"weight": 2, "random_weight": 0.732673138717343, "id": 6}, {"weight": 3, "random_weight": 0.9837204534949323, "id": 18}, {"weight": 3, "random_weight": 0.7715038428272252, "id": 20}], [{"weight": 1, "random_weight": 0.06719625760559489, "id": 3}, {"weight": 2, "random_weight": 0.7997918301542942, "id": 4}, {"weight": 2, "random_weight": 0.9795769026577251, "id": 5}, {"weight": 1, "random_weight": 0.2449456903224133, "id": 11}], [{"weight": 2, "random_weight": 0.976892327354261, "id": 5}, {"weight": 1, "random_weight": 0.2449456903224133, "id": 10}, {"weight": 2, "random_weight": 0.7244163378772598, "id": 12}, {"weight": 2, "random_weight": 0.46055544029547946, "id": 21}], [{"weight": 2, "random_weight": 0.7244163378772598, "id": 11}, {"weight": 1, "random_weight": 0.8967686495162134, "id": 13}, {"weight": 1, "random_weight": 0.6672355813523637, "id": 14}, {"weight": 4, "random_weight": 0.8942877473446885, "id": 15}, {"weight": 2, "random_weight": 0.3070005467703488, "id": 21}], [{"weight": 4, "random_weight": 0.557840347092188, "id": 1}, {"weight": 1, "random_weight": 0.8967686495162134, "id": 12}, {"weight": 4, "random_weight": 0.0725127885502066, "id": 14}], [{"weight": 1, "random_weight": 0.4780349700103578, "id": 1}, {"weight": 1, "random_weight": 0.6672355813523637, "id": 12}, {"weight": 4, "random_weight": 0.0725127885502066, "id": 13}, {"weight": 2, "random_weight": 0.8937636000926672, "id": 15}, {"weight": 2, "random_weight": 0.2834309845855153, "id": 19}], [{"weight": 4, "random_weight": 0.8942877473446885, "id": 12}, {"weight": 2, "random_weight": 0.8937636000926672, "id": 14}, {"weight": 2, "random_weight": 0.776151070926074, "id": 19}, {"weight": 2, "random_weight": 0.9741370804918743, "id": 20}, {"weight": 1, "random_weight": 0.7201443789766614, "id": 21}, {"weight": 1, "random_weight": 0.6173841191770102, "id": 23}], [{"weight": 3, "random_weight": 0.7241397417385769, "id": 8}, {"weight": 1, "random_weight": 0.8734672778085453, "id": 18}, {"weight": 1, "random_weight": 0.4132216695555171, "id": 20}, {"weight": 2, "random_weight": 0.9065032844876167, "id": 22}, {"weight": 3, "random_weight": 0.7980011485389238, "id": 23}], [{"weight": 3, "random_weight": 0.6688679213711668, "id": 7}, {"weight": 2, "random_weight": 0.6891514109946254, "id": 8}, {"weight": 3, "random_weight": 0.1303847765373013, "id": 22}], [{"weight": 2, "random_weight": 0.5096770874218414, "id": 6}, {"weight": 1, "random_weight": 0.62968898589271, "id": 7}, {"weight": 2, "random_weight": 0.4274030575841705, "id": 8}, {"weight": 3, "random_weight": 0.9837204534949323, "id": 9}, {"weight": 1, "random_weight": 0.8734672778085453, "id": 16}, {"weight": 1, "random_weight": 0.7714822129677025, "id": 20}], [{"weight": 2, "random_weight": 0.45028217561715655, "id": 0}, {"weight": 1, "random_weight": 0.7592158747414904, "id": 1}, {"weight": 2, "random_weight": 0.2834309845855153, "id": 14}, {"weight": 2, "random_weight": 0.776151070926074, "id": 15}, {"weight": 3, "random_weight": 0.5567714748097553, "id": 20}], [{"weight": 1, "random_weight": 0.4194994386404558, "id": 0}, {"weight": 3, "random_weight": 0.7715038428272252, "id": 9}, {"weight": 2, "random_weight": 0.9741370804918743, "id": 15}, {"weight": 1, "random_weight": 0.4132216695555171, "id": 16}, {"weight": 1, "random_weight": 0.7714822129677025, "id": 18}, {"weight": 3, "random_weight": 0.5567714748097553, "id": 19}, {"weight": 1, "random_weight": 0.329051612706886, "id": 23}], [{"weight": 3, "random_weight": 0.7423520204874718, "id": 5}, {"weight": 2, "random_weight": 0.46055544029547946, "id": 11}, {"weight": 2, "random_weight": 0.3070005467703488, "id": 12}, {"weight": 1, "random_weight": 0.7201443789766614, "id": 15}, {"weight": 2, "random_weight": 0.754699503040452, "id": 23}], [{"weight": 2, "random_weight": 0.2519626021907154, "id": 3}, {"weight": 1, "random_weight": 0.5025992122113719, "id": 4}, {"weight": 2, "random_weight": 0.9065032844876167, "id": 16}, {"weight": 3, "random_weight": 0.1303847765373013, "id": 17}], [{"weight": 2, "random_weight": 0.853915096785529, "id": 4}, {"weight": 1, "random_weight": 0.3447101384596277, "id": 5}, {"weight": 1, "random_weight": 0.6173841191770102, "id": 15}, {"weight": 3, "random_weight": 0.7980011485389238, "id": 16}, {"weight": 1, "random_weight": 0.329051612706886, "id": 20}, {"weight": 2, "random_weight": 0.754699503040452, "id": 21}]]}