{"directed": false, "multigraph": false, "graph": [], "nodes": [{"graph": null, "nnodes": 6, "nedges": 7, "density": 0.4666666666666667, "atomics": "[70, 71, 82, 83, 94, 95]", "group_pop": 6, "init_part_assignment": 9, "id": 0}, {"graph": null, "nnodes": 6, "nedges": 7, "density": 0.4666666666666667, "atomics": "[34, 35, 46, 47, 58, 59]", "group_pop": 6, "init_part_assignment": 8, "id": 1}, {"graph": null, "nnodes": 6, "nedges": 6, "density": 0.4, "atomics": "[104, 105, 106, 107, 92, 93]", "group_pop": 6, "init_part_assignment": 9, "id": 2}, {"graph": null, "nnodes": 6, "nedges": 7, "density": 0.4666666666666667, "atomics": "[36, 37, 38, 48, 49, 50]", "group_pop": 6, "init_part_assignment": 2, "id": 3}, {"graph": null, "nnodes": 6, "nedges": 6, "density": 0.4, "atomics": "[73, 74, 85, 60, 61, 62]", "group_pop": 6, "init_part_assignment": 10, "id": 4}, {"graph": null, "nnodes": 6, "nedges": 6, "density": 0.4, "atomics": "[130, 131, 141, 142, 143, 119]", "group_pop": 6, "init_part_assignment": 1, "id": 5}, {"graph": null, "nnodes": 6, "nedges": 6, "density": 0.4, "atomics": "[128, 129, 140, 116, 117, 118]", "group_pop": 6, "init_part_assignment": 1, "id": 6}, {"graph": null, "nnodes": 6, "nedges": 6, "density": 0.4, "atomics": "[132, 133, 134, 135, 120, 121]", "group_pop": 6, "init_part_assignment": 3, "id": 7}, {"graph": null, "nnodes": 6, "nedges": 6, "density": 0.4, "atomics": "[136, 137, 122, 123, 124, 125]", "group_pop": 6, "init_part_assignment": 0, "id": 8}, {"graph": null, "nnodes": 6, "nedges": 7, "density": 0.4666666666666667, "atomics": "[0, 1, 12, 13, 24, 25]", "group_pop": 6, "init_part_assignment": 2, "id": 9}, {"graph": null, "nnodes": 6, "nedges": 5, "density": 0.3333333333333333, "atomics": "[5, 40, 16, 17, 27, 28]", "group_pop": 6, "init_part_assignment": 5, "id": 10}, {"graph": null, "nnodes": 6, "nedges": 7, "density": 0.4666666666666667, "atomics": "[6, 7, 8, 18, 19, 20]", "group_pop": 6, "init_part_assignment": 6, "id": 11}, {"graph": null, "nnodes": 6, "nedges": 6, "density": 0.4, "atomics": "[2, 3, 4, 14, 15, 26]", "group_pop": 6, "init_part_assignment": 5, "id": 12}, {"graph": null, "nnodes": 6, "nedges": 7, "density": 0.4666666666666667, "atomics": "[9, 10, 11, 21, 22, 23]", "group_pop": 6, "init_part_assignment": 6, "id": 13}, {"graph": null, "nnodes": 6, "nedges": 6, "density": 0.4, "atomics": "[32, 41, 42, 29, 30, 31]", "group_pop": 6, "init_part_assignment": 4, "id": 14}, {"graph": null, "nnodes": 6, "nedges": 5, "density": 0.3333333333333333, "atomics": "[102, 112, 113, 114, 90, 126]", "group_pop": 6, "init_part_assignment": 7, "id": 15}, {"graph": null, "nnodes": 6, "nedges": 6, "density": 0.4, "atomics": "[98, 99, 100, 101, 110, 111]", "group_pop": 6, "init_part_assignment": 7, "id": 16}, {"graph": null, "nnodes": 6, "nedges": 5, "density": 0.3333333333333333, "atomics": "[103, 138, 139, 115, 91, 127]", "group_pop": 6, "init_part_assignment": 0, "id": 17}, {"graph": null, "nnodes": 6, "nedges": 6, "density": 0.4, "atomics": "[96, 97, 72, 108, 109, 84]", "group_pop": 6, "init_part_assignment": 3, "id": 18}, {"graph": null, "nnodes": 6, "nedges": 6, "density": 0.4, "atomics": "[33, 43, 44, 45, 56, 57]", "group_pop": 6, "init_part_assignment": 8, "id": 19}, {"graph": null, "nnodes": 6, "nedges": 5, "density": 0.3333333333333333, "atomics": "[69, 77, 78, 79, 80, 81]", "group_pop": 6, "init_part_assignment": 11, "id": 20}, {"graph": null, "nnodes": 6, "nedges": 6, "density": 0.4, "atomics": "[65, 66, 67, 68, 54, 55]", "group_pop": 6, "init_part_assignment": 4, "id": 21}, {"graph": null, "nnodes": 6, "nedges": 6, "density": 0.4, "atomics": "[75, 76, 86, 87, 88, 89]", "group_pop": 6, "init_part_assignment": 11, "id": 22}, {"graph": null, "nnodes": 6, "nedges": 6, "density": 0.4, "atomics": "[64, 39, 51, 52, 53, 63]", "group_pop": 6, "init_part_assignment": 10, "id": 23}], "adjacency": [[{"weight": 2, "random_weight": 0.6066095447119276, "id": 1}, {"weight": 3, "random_weight": 0.24900723825965732, "id": 2}, {"weight": 2, "random_weight": 0.9462882465827086, "id": 20}], [{"weight": 2, "random_weight": 0.6066095447119276, "id": 0}, {"weight": 2, "random_weight": 0.03520491345173904, "id": 13}, {"weight": 3, "random_weight": 0.06930498560401432, "id": 19}], [{"weight": 3, "random_weight": 0.24900723825965732, "id": 0}, {"weight": 1, "random_weight": 0.005640252364361942, "id": 5}, {"weight": 3, "random_weight": 0.5356558715488894, "id": 6}, {"weight": 2, "random_weight": 0.9064005597442006, "id": 17}, {"weight": 2, "random_weight": 0.3467838475400674, "id": 20}], [{"weight": 3, "random_weight": 0.9751143097335981, "id": 4}, {"weight": 2, "random_weight": 0.46007091903345176, "id": 9}, {"weight": 1, "random_weight": 0.9392228889570061, "id": 12}, {"weight": 2, "random_weight": 0.475745871124299, "id": 23}], [{"weight": 3, "random_weight": 0.9751143097335981, "id": 3}, {"weight": 4, "random_weight": 0.0866403362887963, "id": 18}, {"weight": 3, "random_weight": 0.6767056961287988, "id": 22}, {"weight": 1, "random_weight": 0.6337780709561944, "id": 23}], [{"weight": 1, "random_weight": 0.005640252364361942, "id": 2}, {"weight": 5, "random_weight": 0.2963476268657198, "id": 6}], [{"weight": 3, "random_weight": 0.5356558715488894, "id": 2}, {"weight": 5, "random_weight": 0.2963476268657198, "id": 5}, {"weight": 3, "random_weight": 0.9800862483041145, "id": 17}], [{"weight": 4, "random_weight": 0.6470124231290948, "id": 8}, {"weight": 2, "random_weight": 0.30271477779159006, "id": 18}], [{"weight": 4, "random_weight": 0.6470124231290948, "id": 7}, {"weight": 3, "random_weight": 0.4502428788578826, "id": 15}, {"weight": 2, "random_weight": 0.9736528759495084, "id": 16}, {"weight": 1, "random_weight": 0.44464604529750684, "id": 17}], [{"weight": 2, "random_weight": 0.46007091903345176, "id": 3}, {"weight": 3, "random_weight": 0.8426867249333694, "id": 12}], [{"weight": 2, "random_weight": 0.8630811276839321, "id": 11}, {"weight": 5, "random_weight": 0.0004994675597224107, "id": 12}, {"weight": 3, "random_weight": 0.9535826597890416, "id": 14}, {"weight": 3, "random_weight": 0.9926824292681202, "id": 23}], [{"weight": 2, "random_weight": 0.8630811276839321, "id": 10}, {"weight": 2, "random_weight": 0.5084823357965296, "id": 13}, {"weight": 3, "random_weight": 0.7469629563775247, "id": 14}], [{"weight": 1, "random_weight": 0.9392228889570061, "id": 3}, {"weight": 3, "random_weight": 0.8426867249333694, "id": 9}, {"weight": 5, "random_weight": 0.0004994675597224107, "id": 10}], [{"weight": 2, "random_weight": 0.03520491345173904, "id": 1}, {"weight": 2, "random_weight": 0.5084823357965296, "id": 11}, {"weight": 1, "random_weight": 0.28551609207234896, "id": 19}], [{"weight": 3, "random_weight": 0.9535826597890416, "id": 10}, {"weight": 3, "random_weight": 0.7469629563775247, "id": 11}, {"weight": 4, "random_weight": 0.6310099824322425, "id": 19}, {"weight": 1, "random_weight": 0.40556453181963037, "id": 21}, {"weight": 1, "random_weight": 0.8736884672813781, "id": 23}], [{"weight": 3, "random_weight": 0.4502428788578826, "id": 8}, {"weight": 4, "random_weight": 0.34363516657550575, "id": 16}, {"weight": 5, "random_weight": 0.12376495542735044, "id": 17}, {"weight": 1, "random_weight": 0.8214128600634026, "id": 20}, {"weight": 1, "random_weight": 0.39229275527300767, "id": 22}], [{"weight": 2, "random_weight": 0.9736528759495084, "id": 8}, {"weight": 4, "random_weight": 0.34363516657550575, "id": 15}, {"weight": 2, "random_weight": 0.8054998385138255, "id": 18}, {"weight": 4, "random_weight": 0.6703933240223663, "id": 22}], [{"weight": 2, "random_weight": 0.9064005597442006, "id": 2}, {"weight": 3, "random_weight": 0.9800862483041145, "id": 6}, {"weight": 1, "random_weight": 0.44464604529750684, "id": 8}, {"weight": 5, "random_weight": 0.12376495542735044, "id": 15}, {"weight": 1, "random_weight": 0.2690777832291088, "id": 20}], [{"weight": 4, "random_weight": 0.0866403362887963, "id": 4}, {"weight": 2, "random_weight": 0.30271477779159006, "id": 7}, {"weight": 2, "random_weight": 0.8054998385138255, "id": 16}], [{"weight": 3, "random_weight": 0.06930498560401432, "id": 1}, {"weight": 1, "random_weight": 0.28551609207234896, "id": 13}, {"weight": 4, "random_weight": 0.6310099824322425, "id": 14}, {"weight": 1, "random_weight": 0.14329135292449446, "id": 20}, {"weight": 3, "random_weight": 0.34388889835031, "id": 21}], [{"weight": 2, "random_weight": 0.9462882465827086, "id": 0}, {"weight": 2, "random_weight": 0.3467838475400674, "id": 2}, {"weight": 1, "random_weight": 0.8214128600634026, "id": 15}, {"weight": 1, "random_weight": 0.2690777832291088, "id": 17}, {"weight": 1, "random_weight": 0.14329135292449446, "id": 19}, {"weight": 5, "random_weight": 0.5033183294986905, "id": 21}, {"weight": 2, "random_weight": 0.6121344885057128, "id": 22}], [{"weight": 1, "random_weight": 0.40556453181963037, "id": 14}, {"weight": 3, "random_weight": 0.34388889835031, "id": 19}, {"weight": 5, "random_weight": 0.5033183294986905, "id": 20}, {"weight": 3, "random_weight": 0.5334131798386003, "id": 23}], [{"weight": 3, "random_weight": 0.6767056961287988, "id": 4}, {"weight": 1, "random_weight": 0.39229275527300767, "id": 15}, {"weight": 4, "random_weight": 0.6703933240223663, "id": 16}, {"weight": 2, "random_weight": 0.6121344885057128, "id": 20}, {"weight": 2, "random_weight": 0.6921591841405509, "id": 23}], [{"weight": 2, "random_weight": 0.475745871124299, "id": 3}, {"weight": 1, "random_weight": 0.6337780709561944, "id": 4}, {"weight": 3, "random_weight": 0.9926824292681202, "id": 10}, {"weight": 1, "random_weight": 0.8736884672813781, "id": 14}, {"weight": 3, "random_weight": 0.5334131798386003, "id": 21}, {"weight": 2, "random_weight": 0.6921591841405509, "id": 22}]]}