{"directed": false, "multigraph": false, "graph": [], "nodes": [{"graph": null, "nnodes": 6, "nedges": 6, "density": 0.4, "atomics": "[71, 82, 83, 59, 94, 95]", "group_pop": 6, "init_part_assignment": 1, "id": 0}, {"graph": null, "nnodes": 6, "nedges": 5, "density": 0.3333333333333333, "atomics": "[68, 46, 47, 56, 57, 58]", "group_pop": 6, "init_part_assignment": 5, "id": 1}, {"graph": null, "nnodes": 6, "nedges": 6, "density": 0.4, "atomics": "[129, 105, 106, 107, 117, 118]", "group_pop": 6, "init_part_assignment": 1, "id": 2}, {"graph": null, "nnodes": 6, "nedges": 6, "density": 0.4, "atomics": "[36, 73, 48, 49, 60, 61]", "group_pop": 6, "init_part_assignment": 8, "id": 3}, {"graph": null, "nnodes": 6, "nedges": 6, "density": 0.4, "atomics": "[37, 38, 39, 50, 51, 52]", "group_pop": 6, "init_part_assignment": 9, "id": 4}, {"graph": null, "nnodes": 6, "nedges": 6, "density": 0.4, "atomics": "[98, 74, 75, 86, 62, 63]", "group_pop": 6, "init_part_assignment": 8, "id": 5}, {"graph": null, "nnodes": 6, "nedges": 6, "density": 0.4, "atomics": "[130, 131, 141, 142, 143, 119]", "group_pop": 6, "init_part_assignment": 2, "id": 6}, {"graph": null, "nnodes": 6, "nedges": 6, "density": 0.4, "atomics": "[132, 133, 134, 108, 120, 121]", "group_pop": 6, "init_part_assignment": 7, "id": 7}, {"graph": null, "nnodes": 6, "nedges": 6, "density": 0.4, "atomics": "[135, 110, 111, 112, 122, 123]", "group_pop": 6, "init_part_assignment": 6, "id": 8}, {"graph": null, "nnodes": 6, "nedges": 6, "density": 0.4, "atomics": "[136, 137, 138, 113, 124, 125]", "group_pop": 6, "init_part_assignment": 6, "id": 9}, {"graph": null, "nnodes": 6, "nedges": 7, "density": 0.4666666666666667, "atomics": "[0, 1, 12, 13, 24, 25]", "group_pop": 6, "init_part_assignment": 9, "id": 10}, {"graph": null, "nnodes": 6, "nedges": 7, "density": 0.4666666666666667, "atomics": "[2, 3, 4, 14, 15, 16]", "group_pop": 6, "init_part_assignment": 11, "id": 11}, {"graph": null, "nnodes": 6, "nedges": 6, "density": 0.4, "atomics": "[5, 6, 42, 17, 18, 30]", "group_pop": 6, "init_part_assignment": 10, "id": 12}, {"graph": null, "nnodes": 6, "nedges": 7, "density": 0.4666666666666667, "atomics": "[34, 35, 10, 11, 22, 23]", "group_pop": 6, "init_part_assignment": 0, "id": 13}, {"graph": null, "nnodes": 6, "nedges": 5, "density": 0.3333333333333333, "atomics": "[7, 43, 44, 45, 19, 31]", "group_pop": 6, "init_part_assignment": 5, "id": 14}, {"graph": null, "nnodes": 6, "nedges": 7, "density": 0.4666666666666667, "atomics": "[32, 33, 8, 9, 20, 21]", "group_pop": 6, "init_part_assignment": 0, "id": 15}, {"graph": null, "nnodes": 6, "nedges": 6, "density": 0.4, "atomics": "[64, 99, 100, 76, 87, 88]", "group_pop": 6, "init_part_assignment": 3, "id": 16}, {"graph": null, "nnodes": 6, "nedges": 5, "density": 0.3333333333333333, "atomics": "[101, 102, 103, 114, 89, 126]", "group_pop": 6, "init_part_assignment": 4, "id": 17}, {"graph": null, "nnodes": 6, "nedges": 7, "density": 0.4666666666666667, "atomics": "[128, 139, 140, 115, 116, 127]", "group_pop": 6, "init_part_assignment": 2, "id": 18}, {"graph": null, "nnodes": 6, "nedges": 6, "density": 0.4, "atomics": "[96, 97, 72, 109, 84, 85]", "group_pop": 6, "init_part_assignment": 7, "id": 19}, {"graph": null, "nnodes": 6, "nedges": 5, "density": 0.3333333333333333, "atomics": "[69, 70, 104, 81, 92, 93]", "group_pop": 6, "init_part_assignment": 4, "id": 20}, {"graph": null, "nnodes": 6, "nedges": 6, "density": 0.4, "atomics": "[77, 78, 79, 80, 90, 91]", "group_pop": 6, "init_part_assignment": 3, "id": 21}, {"graph": null, "nnodes": 6, "nedges": 6, "density": 0.4, "atomics": "[40, 41, 26, 27, 28, 29]", "group_pop": 6, "init_part_assignment": 11, "id": 22}, {"graph": null, "nnodes": 6, "nedges": 7, "density": 0.4666666666666667, "atomics": "[65, 66, 67, 53, 54, 55]", "group_pop": 6, "init_part_assignment": 10, "id": 23}], "adjacency": [[{"weight": 2, "random_weight": 0.7830824870785134, "id": 1}, {"weight": 2, "random_weight": 0.10752736487912684, "id": 2}, {"weight": 4, "random_weight": 0.6897014987179411, "id": 20}], [{"weight": 2, "random_weight": 0.7830824870785134, "id": 0}, {"weight": 2, "random_weight": 0.20988314549907794, "id": 13}, {"weight": 3, "random_weight": 0.14159331515476048, "id": 14}, {"weight": 3, "random_weight": 0.1762467964688591, "id": 20}, {"weight": 1, "random_weight": 0.5208991052919878, "id": 21}, {"weight": 2, "random_weight": 0.9206226804770851, "id": 23}], [{"weight": 2, "random_weight": 0.10752736487912684, "id": 0}, {"weight": 5, "random_weight": 0.9949118024100402, "id": 6}, {"weight": 2, "random_weight": 0.27266081938077735, "id": 18}, {"weight": 2, "random_weight": 0.7236591428720826, "id": 20}], [{"weight": 3, "random_weight": 0.36247734129062636, "id": 4}, {"weight": 2, "random_weight": 0.3055505238435081, "id": 5}, {"weight": 1, "random_weight": 0.5295092426028514, "id": 10}, {"weight": 3, "random_weight": 0.4098899309084123, "id": 19}], [{"weight": 3, "random_weight": 0.36247734129062636, "id": 3}, {"weight": 2, "random_weight": 0.9381448966320293, "id": 5}, {"weight": 1, "random_weight": 0.32023749356291986, "id": 10}, {"weight": 1, "random_weight": 0.7048301346983, "id": 16}, {"weight": 4, "random_weight": 0.4473507524766577, "id": 22}, {"weight": 1, "random_weight": 0.28560732739243655, "id": 23}], [{"weight": 2, "random_weight": 0.3055505238435081, "id": 3}, {"weight": 2, "random_weight": 0.9381448966320293, "id": 4}, {"weight": 1, "random_weight": 0.913633586120331, "id": 8}, {"weight": 5, "random_weight": 0.71377170320653, "id": 16}, {"weight": 2, "random_weight": 0.7142915498715371, "id": 19}], [{"weight": 5, "random_weight": 0.9949118024100402, "id": 2}, {"weight": 1, "random_weight": 0.13809393544218618, "id": 18}], [{"weight": 3, "random_weight": 0.0992431338758134, "id": 8}, {"weight": 3, "random_weight": 0.6226865054417471, "id": 19}], [{"weight": 1, "random_weight": 0.913633586120331, "id": 5}, {"weight": 3, "random_weight": 0.0992431338758134, "id": 7}, {"weight": 4, "random_weight": 0.4827603258867139, "id": 9}, {"weight": 2, "random_weight": 0.3701191494875221, "id": 16}, {"weight": 1, "random_weight": 0.9345448792976045, "id": 19}], [{"weight": 4, "random_weight": 0.4827603258867139, "id": 8}, {"weight": 4, "random_weight": 0.8284472460143778, "id": 17}, {"weight": 1, "random_weight": 0.5197987767533443, "id": 18}], [{"weight": 1, "random_weight": 0.5295092426028514, "id": 3}, {"weight": 1, "random_weight": 0.32023749356291986, "id": 4}, {"weight": 2, "random_weight": 0.7746951019773192, "id": 11}, {"weight": 1, "random_weight": 0.6199389149552778, "id": 22}], [{"weight": 2, "random_weight": 0.7746951019773192, "id": 10}, {"weight": 2, "random_weight": 0.11418751595982968, "id": 12}, {"weight": 3, "random_weight": 0.2144573931759769, "id": 22}], [{"weight": 2, "random_weight": 0.11418751595982968, "id": 11}, {"weight": 4, "random_weight": 0.7385607026902063, "id": 14}, {"weight": 3, "random_weight": 0.8217215935158799, "id": 22}, {"weight": 1, "random_weight": 0.8121868524990712, "id": 23}], [{"weight": 2, "random_weight": 0.20988314549907794, "id": 1}, {"weight": 3, "random_weight": 0.14863308870872982, "id": 15}], [{"weight": 3, "random_weight": 0.14159331515476048, "id": 1}, {"weight": 4, "random_weight": 0.7385607026902063, "id": 12}, {"weight": 5, "random_weight": 0.6603732589068779, "id": 15}, {"weight": 1, "random_weight": 0.8041050397988196, "id": 23}], [{"weight": 3, "random_weight": 0.14863308870872982, "id": 13}, {"weight": 5, "random_weight": 0.6603732589068779, "id": 14}], [{"weight": 1, "random_weight": 0.7048301346983, "id": 4}, {"weight": 5, "random_weight": 0.71377170320653, "id": 5}, {"weight": 2, "random_weight": 0.3701191494875221, "id": 8}, {"weight": 2, "random_weight": 0.3023844741323103, "id": 17}, {"weight": 1, "random_weight": 0.47273602748971466, "id": 21}, {"weight": 1, "random_weight": 0.7776570545938616, "id": 23}], [{"weight": 4, "random_weight": 0.8284472460143778, "id": 9}, {"weight": 2, "random_weight": 0.3023844741323103, "id": 16}, {"weight": 3, "random_weight": 0.287531118898563, "id": 18}, {"weight": 1, "random_weight": 0.21779774785884798, "id": 20}, {"weight": 4, "random_weight": 0.633072796852421, "id": 21}], [{"weight": 2, "random_weight": 0.27266081938077735, "id": 2}, {"weight": 1, "random_weight": 0.13809393544218618, "id": 6}, {"weight": 1, "random_weight": 0.5197987767533443, "id": 9}, {"weight": 3, "random_weight": 0.287531118898563, "id": 17}, {"weight": 1, "random_weight": 0.7739097926960202, "id": 20}], [{"weight": 3, "random_weight": 0.4098899309084123, "id": 3}, {"weight": 2, "random_weight": 0.7142915498715371, "id": 5}, {"weight": 3, "random_weight": 0.6226865054417471, "id": 7}, {"weight": 1, "random_weight": 0.9345448792976045, "id": 8}], [{"weight": 4, "random_weight": 0.6897014987179411, "id": 0}, {"weight": 3, "random_weight": 0.1762467964688591, "id": 1}, {"weight": 2, "random_weight": 0.7236591428720826, "id": 2}, {"weight": 1, "random_weight": 0.21779774785884798, "id": 17}, {"weight": 1, "random_weight": 0.7739097926960202, "id": 18}, {"weight": 3, "random_weight": 0.5822166130660963, "id": 21}], [{"weight": 1, "random_weight": 0.5208991052919878, "id": 1}, {"weight": 1, "random_weight": 0.47273602748971466, "id": 16}, {"weight": 4, "random_weight": 0.633072796852421, "id": 17}, {"weight": 3, "random_weight": 0.5822166130660963, "id": 20}, {"weight": 3, "random_weight": 0.9110519196179245, "id": 23}], [{"weight": 4, "random_weight": 0.4473507524766577, "id": 4}, {"weight": 1, "random_weight": 0.6199389149552778, "id": 10}, {"weight": 3, "random_weight": 0.2144573931759769, "id": 11}, {"weight": 3, "random_weight": 0.8217215935158799, "id": 12}, {"weight": 1, "random_weight": 0.8388609906655173, "id": 23}], [{"weight": 2, "random_weight": 0.9206226804770851, "id": 1}, {"weight": 1, "random_weight": 0.28560732739243655, "id": 4}, {"weight": 1, "random_weight": 0.8121868524990712, "id": 12}, {"weight": 1, "random_weight": 0.8041050397988196, "id": 14}, {"weight": 1, "random_weight": 0.7776570545938616, "id": 16}, {"weight": 3, "random_weight": 0.9110519196179245, "id": 21}, {"weight": 1, "random_weight": 0.8388609906655173, "id": 22}]]}