{"directed": false, "multigraph": false, "graph": [], "nodes": [{"graph": null, "nnodes": 6, "nedges": 6, "density": 0.4, "atomics": "[71, 46, 47, 83, 58, 59]", "group_pop": 6, "init_part_assignment": 5, "id": 0}, {"graph": null, "nnodes": 6, "nedges": 6, "density": 0.4, "atomics": "[106, 107, 82, 118, 94, 95]", "group_pop": 6, "init_part_assignment": 4, "id": 1}, {"graph": null, "nnodes": 6, "nedges": 7, "density": 0.4666666666666667, "atomics": "[36, 37, 48, 49, 60, 61]", "group_pop": 6, "init_part_assignment": 0, "id": 2}, {"graph": null, "nnodes": 6, "nedges": 6, "density": 0.4, "atomics": "[75, 50, 51, 87, 62, 63]", "group_pop": 6, "init_part_assignment": 7, "id": 3}, {"graph": null, "nnodes": 6, "nedges": 6, "density": 0.4, "atomics": "[2, 38, 39, 14, 26, 27]", "group_pop": 6, "init_part_assignment": 7, "id": 4}, {"graph": null, "nnodes": 6, "nedges": 6, "density": 0.4, "atomics": "[130, 131, 141, 142, 143, 119]", "group_pop": 6, "init_part_assignment": 1, "id": 5}, {"graph": null, "nnodes": 6, "nedges": 7, "density": 0.4666666666666667, "atomics": "[132, 133, 134, 120, 121, 122]", "group_pop": 6, "init_part_assignment": 6, "id": 6}, {"graph": null, "nnodes": 6, "nedges": 7, "density": 0.4666666666666667, "atomics": "[135, 136, 137, 123, 124, 125]", "group_pop": 6, "init_part_assignment": 6, "id": 7}, {"graph": null, "nnodes": 6, "nedges": 6, "density": 0.4, "atomics": "[129, 104, 105, 116, 117, 93]", "group_pop": 6, "init_part_assignment": 1, "id": 8}, {"graph": null, "nnodes": 6, "nedges": 7, "density": 0.4666666666666667, "atomics": "[0, 1, 12, 13, 24, 25]", "group_pop": 6, "init_part_assignment": 0, "id": 9}, {"graph": null, "nnodes": 6, "nedges": 6, "density": 0.4, "atomics": "[3, 4, 5, 15, 16, 28]", "group_pop": 6, "init_part_assignment": 8, "id": 10}, {"graph": null, "nnodes": 6, "nedges": 6, "density": 0.4, "atomics": "[6, 7, 17, 18, 19, 31]", "group_pop": 6, "init_part_assignment": 3, "id": 11}, {"graph": null, "nnodes": 6, "nedges": 5, "density": 0.3333333333333333, "atomics": "[35, 8, 9, 10, 11, 23]", "group_pop": 6, "init_part_assignment": 3, "id": 12}, {"graph": null, "nnodes": 6, "nedges": 7, "density": 0.4666666666666667, "atomics": "[32, 33, 34, 20, 21, 22]", "group_pop": 6, "init_part_assignment": 5, "id": 13}, {"graph": null, "nnodes": 6, "nedges": 5, "density": 0.3333333333333333, "atomics": "[64, 40, 41, 52, 29, 30]", "group_pop": 6, "init_part_assignment": 8, "id": 14}, {"graph": null, "nnodes": 6, "nedges": 7, "density": 0.4666666666666667, "atomics": "[99, 100, 101, 111, 112, 113]", "group_pop": 6, "init_part_assignment": 10, "id": 15}, {"graph": null, "nnodes": 6, "nedges": 7, "density": 0.4666666666666667, "atomics": "[102, 103, 114, 115, 90, 91]", "group_pop": 6, "init_part_assignment": 11, "id": 16}, {"graph": null, "nnodes": 6, "nedges": 7, "density": 0.4666666666666667, "atomics": "[128, 138, 139, 140, 126, 127]", "group_pop": 6, "init_part_assignment": 11, "id": 17}, {"graph": null, "nnodes": 6, "nedges": 5, "density": 0.3333333333333333, "atomics": "[96, 72, 73, 108, 109, 84]", "group_pop": 6, "init_part_assignment": 2, "id": 18}, {"graph": null, "nnodes": 6, "nedges": 6, "density": 0.4, "atomics": "[97, 98, 74, 110, 85, 86]", "group_pop": 6, "init_part_assignment": 2, "id": 19}, {"graph": null, "nnodes": 6, "nedges": 5, "density": 0.3333333333333333, "atomics": "[69, 70, 80, 81, 57, 92]", "group_pop": 6, "init_part_assignment": 4, "id": 20}, {"graph": null, "nnodes": 6, "nedges": 6, "density": 0.4, "atomics": "[66, 67, 68, 78, 79, 56]", "group_pop": 6, "init_part_assignment": 9, "id": 21}, {"graph": null, "nnodes": 6, "nedges": 6, "density": 0.4, "atomics": "[65, 76, 77, 53, 88, 89]", "group_pop": 6, "init_part_assignment": 10, "id": 22}, {"graph": null, "nnodes": 6, "nedges": 6, "density": 0.4, "atomics": "[42, 43, 44, 45, 54, 55]", "group_pop": 6, "init_part_assignment": 9, "id": 23}], "adjacency": [[{"weight": 2, "random_weight": 0.6242840310756511, "id": 1}, {"weight": 1, "random_weight": 0.5532458262266485, "id": 12}, {"weight": 1, "random_weight": 0.050761308283927, "id": 13}, {"weight": 3, "random_weight": 0.5030667455153573, "id": 20}, {"weight": 1, "random_weight": 0.5929204330235106, "id": 23}], [{"weight": 2, "random_weight": 0.6242840310756511, "id": 0}, {"weight": 3, "random_weight": 0.15936522250185425, "id": 5}, {"weight": 3, "random_weight": 0.7997319013482779, "id": 8}, {"weight": 2, "random_weight": 0.3637067638101321, "id": 20}], [{"weight": 2, "random_weight": 0.3583331060944617, "id": 3}, {"weight": 1, "random_weight": 0.9121450875882553, "id": 4}, {"weight": 2, "random_weight": 0.07018049601130505, "id": 9}, {"weight": 2, "random_weight": 0.7993364234542856, "id": 18}], [{"weight": 2, "random_weight": 0.3583331060944617, "id": 2}, {"weight": 2, "random_weight": 0.038934468213787654, "id": 4}, {"weight": 2, "random_weight": 0.6090134806860691, "id": 14}, {"weight": 1, "random_weight": 0.779180424799838, "id": 15}, {"weight": 3, "random_weight": 0.8586604171420081, "id": 19}, {"weight": 2, "random_weight": 0.9411750874991477, "id": 22}], [{"weight": 1, "random_weight": 0.9121450875882553, "id": 2}, {"weight": 2, "random_weight": 0.038934468213787654, "id": 3}, {"weight": 3, "random_weight": 0.3247550676702643, "id": 9}, {"weight": 4, "random_weight": 0.6933631884438295, "id": 10}, {"weight": 1, "random_weight": 0.8278443914218173, "id": 14}], [{"weight": 3, "random_weight": 0.15936522250185425, "id": 1}, {"weight": 2, "random_weight": 0.4251644627430462, "id": 8}, {"weight": 1, "random_weight": 0.684845459406727, "id": 17}], [{"weight": 2, "random_weight": 0.8809608772621199, "id": 7}, {"weight": 2, "random_weight": 0.43513500603263755, "id": 18}, {"weight": 1, "random_weight": 0.04712682117593869, "id": 19}], [{"weight": 2, "random_weight": 0.8809608772621199, "id": 6}, {"weight": 3, "random_weight": 0.6921437158998575, "id": 15}, {"weight": 2, "random_weight": 0.3136503235799827, "id": 17}], [{"weight": 3, "random_weight": 0.7997319013482779, "id": 1}, {"weight": 2, "random_weight": 0.4251644627430462, "id": 5}, {"weight": 2, "random_weight": 0.9794747763871839, "id": 16}, {"weight": 2, "random_weight": 0.5334519065788398, "id": 17}, {"weight": 3, "random_weight": 0.57952691050272, "id": 20}], [{"weight": 2, "random_weight": 0.07018049601130505, "id": 2}, {"weight": 3, "random_weight": 0.3247550676702643, "id": 4}], [{"weight": 4, "random_weight": 0.6933631884438295, "id": 4}, {"weight": 3, "random_weight": 0.33868255427227445, "id": 11}, {"weight": 2, "random_weight": 0.659385412969574, "id": 14}], [{"weight": 3, "random_weight": 0.33868255427227445, "id": 10}, {"weight": 1, "random_weight": 0.24355657695140986, "id": 12}, {"weight": 2, "random_weight": 0.8970751680342552, "id": 13}, {"weight": 3, "random_weight": 0.4734508508888289, "id": 14}, {"weight": 1, "random_weight": 0.26611587967339534, "id": 23}], [{"weight": 1, "random_weight": 0.5532458262266485, "id": 0}, {"weight": 1, "random_weight": 0.24355657695140986, "id": 11}, {"weight": 5, "random_weight": 0.8850239652325179, "id": 13}], [{"weight": 1, "random_weight": 0.050761308283927, "id": 0}, {"weight": 2, "random_weight": 0.8970751680342552, "id": 11}, {"weight": 5, "random_weight": 0.8850239652325179, "id": 12}, {"weight": 2, "random_weight": 0.1043161769907941, "id": 23}], [{"weight": 2, "random_weight": 0.6090134806860691, "id": 3}, {"weight": 1, "random_weight": 0.8278443914218173, "id": 4}, {"weight": 2, "random_weight": 0.659385412969574, "id": 10}, {"weight": 3, "random_weight": 0.4734508508888289, "id": 11}, {"weight": 4, "random_weight": 0.7615268264883257, "id": 22}, {"weight": 2, "random_weight": 0.5005950162845251, "id": 23}], [{"weight": 1, "random_weight": 0.779180424799838, "id": 3}, {"weight": 3, "random_weight": 0.6921437158998575, "id": 7}, {"weight": 2, "random_weight": 0.15797813685507622, "id": 16}, {"weight": 2, "random_weight": 0.9348315758855159, "id": 19}, {"weight": 2, "random_weight": 0.72389324556624, "id": 22}], [{"weight": 2, "random_weight": 0.9794747763871839, "id": 8}, {"weight": 2, "random_weight": 0.15797813685507622, "id": 15}, {"weight": 2, "random_weight": 0.22122679246147037, "id": 17}, {"weight": 1, "random_weight": 0.587783638054721, "id": 20}, {"weight": 2, "random_weight": 0.3828100593736955, "id": 21}, {"weight": 1, "random_weight": 0.9320706272244174, "id": 22}], [{"weight": 1, "random_weight": 0.684845459406727, "id": 5}, {"weight": 2, "random_weight": 0.3136503235799827, "id": 7}, {"weight": 2, "random_weight": 0.5334519065788398, "id": 8}, {"weight": 2, "random_weight": 0.22122679246147037, "id": 16}], [{"weight": 2, "random_weight": 0.7993364234542856, "id": 2}, {"weight": 2, "random_weight": 0.43513500603263755, "id": 6}, {"weight": 6, "random_weight": 0.1372634301676703, "id": 19}], [{"weight": 3, "random_weight": 0.8586604171420081, "id": 3}, {"weight": 1, "random_weight": 0.04712682117593869, "id": 6}, {"weight": 2, "random_weight": 0.9348315758855159, "id": 15}, {"weight": 6, "random_weight": 0.1372634301676703, "id": 18}], [{"weight": 3, "random_weight": 0.5030667455153573, "id": 0}, {"weight": 2, "random_weight": 0.3637067638101321, "id": 1}, {"weight": 3, "random_weight": 0.57952691050272, "id": 8}, {"weight": 1, "random_weight": 0.587783638054721, "id": 16}, {"weight": 4, "random_weight": 0.6908792047244482, "id": 21}, {"weight": 1, "random_weight": 0.9883344642423282, "id": 23}], [{"weight": 2, "random_weight": 0.3828100593736955, "id": 16}, {"weight": 4, "random_weight": 0.6908792047244482, "id": 20}, {"weight": 2, "random_weight": 0.24492424017169334, "id": 22}, {"weight": 4, "random_weight": 0.5253067400880403, "id": 23}], [{"weight": 2, "random_weight": 0.9411750874991477, "id": 3}, {"weight": 4, "random_weight": 0.7615268264883257, "id": 14}, {"weight": 2, "random_weight": 0.72389324556624, "id": 15}, {"weight": 1, "random_weight": 0.9320706272244174, "id": 16}, {"weight": 2, "random_weight": 0.24492424017169334, "id": 21}, {"weight": 1, "random_weight": 0.53479380090817, "id": 23}], [{"weight": 1, "random_weight": 0.5929204330235106, "id": 0}, {"weight": 1, "random_weight": 0.26611587967339534, "id": 11}, {"weight": 2, "random_weight": 0.1043161769907941, "id": 13}, {"weight": 2, "random_weight": 0.5005950162845251, "id": 14}, {"weight": 1, "random_weight": 0.9883344642423282, "id": 20}, {"weight": 4, "random_weight": 0.5253067400880403, "id": 21}, {"weight": 1, "random_weight": 0.53479380090817, "id": 22}]]}