{"directed": false, "multigraph": false, "graph": [], "nodes": [{"graph": null, "nnodes": 6, "nedges": 6, "density": 0.4, "atomics": "[70, 71, 82, 83, 59, 94]", "group_pop": 6, "init_part_assignment": 10, "id": 0}, {"graph": null, "nnodes": 6, "nedges": 5, "density": 0.3333333333333333, "atomics": "[32, 44, 56, 57, 58, 31]", "group_pop": 6, "init_part_assignment": 7, "id": 1}, {"graph": null, "nnodes": 6, "nedges": 6, "density": 0.4, "atomics": "[106, 107, 117, 118, 119, 95]", "group_pop": 6, "init_part_assignment": 4, "id": 2}, {"graph": null, "nnodes": 6, "nedges": 7, "density": 0.4666666666666667, "atomics": "[36, 37, 48, 49, 60, 61]", "group_pop": 6, "init_part_assignment": 1, "id": 3}, {"graph": null, "nnodes": 6, "nedges": 7, "density": 0.4666666666666667, "atomics": "[38, 39, 50, 51, 62, 63]", "group_pop": 6, "init_part_assignment": 1, "id": 4}, {"graph": null, "nnodes": 6, "nedges": 7, "density": 0.4666666666666667, "atomics": "[129, 130, 131, 141, 142, 143]", "group_pop": 6, "init_part_assignment": 4, "id": 5}, {"graph": null, "nnodes": 6, "nedges": 7, "density": 0.4666666666666667, "atomics": "[132, 133, 108, 109, 120, 121]", "group_pop": 6, "init_part_assignment": 0, "id": 6}, {"graph": null, "nnodes": 6, "nedges": 6, "density": 0.4, "atomics": "[134, 135, 136, 111, 123, 124]", "group_pop": 6, "init_part_assignment": 0, "id": 7}, {"graph": null, "nnodes": 6, "nedges": 6, "density": 0.4, "atomics": "[100, 101, 137, 112, 113, 125]", "group_pop": 6, "init_part_assignment": 9, "id": 8}, {"graph": null, "nnodes": 6, "nedges": 5, "density": 0.3333333333333333, "atomics": "[105, 78, 90, 91, 92, 93]", "group_pop": 6, "init_part_assignment": 10, "id": 9}, {"graph": null, "nnodes": 6, "nedges": 5, "density": 0.3333333333333333, "atomics": "[40, 24, 25, 26, 27, 28]", "group_pop": 6, "init_part_assignment": 5, "id": 10}, {"graph": null, "nnodes": 6, "nedges": 7, "density": 0.4666666666666667, "atomics": "[0, 1, 2, 12, 13, 14]", "group_pop": 6, "init_part_assignment": 2, "id": 11}, {"graph": null, "nnodes": 6, "nedges": 6, "density": 0.4, "atomics": "[3, 4, 15, 16, 17, 18]", "group_pop": 6, "init_part_assignment": 2, "id": 12}, {"graph": null, "nnodes": 6, "nedges": 6, "density": 0.4, "atomics": "[5, 6, 7, 8, 19, 20]", "group_pop": 6, "init_part_assignment": 6, "id": 13}, {"graph": null, "nnodes": 6, "nedges": 6, "density": 0.4, "atomics": "[34, 35, 45, 46, 47, 23]", "group_pop": 6, "init_part_assignment": 7, "id": 14}, {"graph": null, "nnodes": 6, "nedges": 6, "density": 0.4, "atomics": "[33, 9, 10, 11, 21, 22]", "group_pop": 6, "init_part_assignment": 6, "id": 15}, {"graph": null, "nnodes": 6, "nedges": 6, "density": 0.4, "atomics": "[41, 42, 43, 55, 29, 30]", "group_pop": 6, "init_part_assignment": 8, "id": 16}, {"graph": null, "nnodes": 6, "nedges": 5, "density": 0.3333333333333333, "atomics": "[96, 97, 98, 99, 110, 122]", "group_pop": 6, "init_part_assignment": 9, "id": 17}, {"graph": null, "nnodes": 6, "nedges": 7, "density": 0.4666666666666667, "atomics": "[102, 103, 104, 114, 115, 116]", "group_pop": 6, "init_part_assignment": 11, "id": 18}, {"graph": null, "nnodes": 6, "nedges": 7, "density": 0.4666666666666667, "atomics": "[128, 138, 139, 140, 126, 127]", "group_pop": 6, "init_part_assignment": 11, "id": 19}, {"graph": null, "nnodes": 6, "nedges": 7, "density": 0.4666666666666667, "atomics": "[67, 68, 69, 79, 80, 81]", "group_pop": 6, "init_part_assignment": 8, "id": 20}, {"graph": null, "nnodes": 6, "nedges": 7, "density": 0.4666666666666667, "atomics": "[75, 76, 77, 87, 88, 89]", "group_pop": 6, "init_part_assignment": 3, "id": 21}, {"graph": null, "nnodes": 6, "nedges": 7, "density": 0.4666666666666667, "atomics": "[72, 73, 74, 84, 85, 86]", "group_pop": 6, "init_part_assignment": 3, "id": 22}, {"graph": null, "nnodes": 6, "nedges": 7, "density": 0.4666666666666667, "atomics": "[64, 65, 66, 52, 53, 54]", "group_pop": 6, "init_part_assignment": 5, "id": 23}], "adjacency": [[{"weight": 2, "random_weight": 0.10671470422202634, "id": 1}, {"weight": 3, "random_weight": 0.18291798218188016, "id": 2}, {"weight": 1, "random_weight": 0.6814244703590301, "id": 9}, {"weight": 1, "random_weight": 0.6631600265522513, "id": 14}, {"weight": 2, "random_weight": 0.669773842853269, "id": 20}], [{"weight": 2, "random_weight": 0.10671470422202634, "id": 0}, {"weight": 2, "random_weight": 0.3249816834790765, "id": 13}, {"weight": 3, "random_weight": 0.13102130339923945, "id": 14}, {"weight": 1, "random_weight": 0.370170084594473, "id": 15}, {"weight": 4, "random_weight": 0.8565697649846578, "id": 16}, {"weight": 2, "random_weight": 0.4832957872193582, "id": 20}], [{"weight": 3, "random_weight": 0.18291798218188016, "id": 0}, {"weight": 3, "random_weight": 0.12295905870684809, "id": 5}, {"weight": 2, "random_weight": 0.9620503436091253, "id": 9}, {"weight": 1, "random_weight": 0.6551242781694983, "id": 18}], [{"weight": 3, "random_weight": 0.06478247634505829, "id": 4}, {"weight": 2, "random_weight": 0.9961747311161449, "id": 10}, {"weight": 2, "random_weight": 0.8361531595821483, "id": 22}], [{"weight": 3, "random_weight": 0.06478247634505829, "id": 3}, {"weight": 3, "random_weight": 0.22236860591729501, "id": 10}, {"weight": 1, "random_weight": 0.6771243082247032, "id": 21}, {"weight": 1, "random_weight": 0.5804732940842751, "id": 22}, {"weight": 2, "random_weight": 0.5105962692685876, "id": 23}], [{"weight": 3, "random_weight": 0.12295905870684809, "id": 2}, {"weight": 2, "random_weight": 0.652883992292321, "id": 19}], [{"weight": 1, "random_weight": 0.7217821217598176, "id": 7}, {"weight": 4, "random_weight": 0.7665167885609714, "id": 17}], [{"weight": 1, "random_weight": 0.7217821217598176, "id": 6}, {"weight": 4, "random_weight": 0.7153309109395306, "id": 8}, {"weight": 4, "random_weight": 0.09929816433115746, "id": 17}], [{"weight": 4, "random_weight": 0.7153309109395306, "id": 7}, {"weight": 1, "random_weight": 0.9627469014651298, "id": 17}, {"weight": 2, "random_weight": 0.7960616254101898, "id": 18}, {"weight": 2, "random_weight": 0.020867637337147138, "id": 19}, {"weight": 2, "random_weight": 0.8018646265682867, "id": 21}], [{"weight": 1, "random_weight": 0.6814244703590301, "id": 0}, {"weight": 2, "random_weight": 0.9620503436091253, "id": 2}, {"weight": 4, "random_weight": 0.6210440665028121, "id": 18}, {"weight": 4, "random_weight": 0.28859380946833524, "id": 20}, {"weight": 2, "random_weight": 0.6145878860535107, "id": 21}, {"weight": 1, "random_weight": 0.7631767297840456, "id": 23}], [{"weight": 2, "random_weight": 0.9961747311161449, "id": 3}, {"weight": 3, "random_weight": 0.22236860591729501, "id": 4}, {"weight": 3, "random_weight": 0.887239777176057, "id": 11}, {"weight": 2, "random_weight": 0.16833935681940582, "id": 12}, {"weight": 2, "random_weight": 0.7855042245281418, "id": 16}, {"weight": 1, "random_weight": 0.5531716373298108, "id": 23}], [{"weight": 3, "random_weight": 0.887239777176057, "id": 10}, {"weight": 2, "random_weight": 0.8833831944296199, "id": 12}], [{"weight": 2, "random_weight": 0.16833935681940582, "id": 10}, {"weight": 2, "random_weight": 0.8833831944296199, "id": 11}, {"weight": 4, "random_weight": 0.5279083412537527, "id": 13}, {"weight": 2, "random_weight": 0.5212037451434905, "id": 16}], [{"weight": 2, "random_weight": 0.3249816834790765, "id": 1}, {"weight": 4, "random_weight": 0.5279083412537527, "id": 12}, {"weight": 2, "random_weight": 0.335878166566942, "id": 15}], [{"weight": 1, "random_weight": 0.6631600265522513, "id": 0}, {"weight": 3, "random_weight": 0.13102130339923945, "id": 1}, {"weight": 5, "random_weight": 0.7739748173822443, "id": 15}], [{"weight": 1, "random_weight": 0.370170084594473, "id": 1}, {"weight": 2, "random_weight": 0.335878166566942, "id": 13}, {"weight": 5, "random_weight": 0.7739748173822443, "id": 14}], [{"weight": 4, "random_weight": 0.8565697649846578, "id": 1}, {"weight": 2, "random_weight": 0.7855042245281418, "id": 10}, {"weight": 2, "random_weight": 0.5212037451434905, "id": 12}, {"weight": 1, "random_weight": 0.1701566708289124, "id": 20}, {"weight": 3, "random_weight": 0.596936152014594, "id": 23}], [{"weight": 4, "random_weight": 0.7665167885609714, "id": 6}, {"weight": 4, "random_weight": 0.09929816433115746, "id": 7}, {"weight": 1, "random_weight": 0.9627469014651298, "id": 8}, {"weight": 1, "random_weight": 0.9388824861208197, "id": 21}, {"weight": 3, "random_weight": 0.4359610219877974, "id": 22}], [{"weight": 1, "random_weight": 0.6551242781694983, "id": 2}, {"weight": 2, "random_weight": 0.7960616254101898, "id": 8}, {"weight": 4, "random_weight": 0.6210440665028121, "id": 9}, {"weight": 3, "random_weight": 0.5998102164156968, "id": 19}], [{"weight": 2, "random_weight": 0.652883992292321, "id": 5}, {"weight": 2, "random_weight": 0.020867637337147138, "id": 8}, {"weight": 3, "random_weight": 0.5998102164156968, "id": 18}], [{"weight": 2, "random_weight": 0.669773842853269, "id": 0}, {"weight": 2, "random_weight": 0.4832957872193582, "id": 1}, {"weight": 4, "random_weight": 0.28859380946833524, "id": 9}, {"weight": 1, "random_weight": 0.1701566708289124, "id": 16}, {"weight": 1, "random_weight": 0.7947883423967492, "id": 23}], [{"weight": 1, "random_weight": 0.6771243082247032, "id": 4}, {"weight": 2, "random_weight": 0.8018646265682867, "id": 8}, {"weight": 2, "random_weight": 0.6145878860535107, "id": 9}, {"weight": 1, "random_weight": 0.9388824861208197, "id": 17}, {"weight": 2, "random_weight": 0.2705931942749056, "id": 22}, {"weight": 2, "random_weight": 0.08420924115476236, "id": 23}], [{"weight": 2, "random_weight": 0.8361531595821483, "id": 3}, {"weight": 1, "random_weight": 0.5804732940842751, "id": 4}, {"weight": 3, "random_weight": 0.4359610219877974, "id": 17}, {"weight": 2, "random_weight": 0.2705931942749056, "id": 21}], [{"weight": 2, "random_weight": 0.5105962692685876, "id": 4}, {"weight": 1, "random_weight": 0.7631767297840456, "id": 9}, {"weight": 1, "random_weight": 0.5531716373298108, "id": 10}, {"weight": 3, "random_weight": 0.596936152014594, "id": 16}, {"weight": 1, "random_weight": 0.7947883423967492, "id": 20}, {"weight": 2, "random_weight": 0.08420924115476236, "id": 21}]]}