{"directed": false, "multigraph": false, "graph": [], "nodes": [{"graph": null, "nnodes": 6, "nedges": 7, "density": 0.4666666666666667, "atomics": "[70, 71, 82, 83, 94, 95]", "group_pop": 6, "init_part_assignment": 10, "id": 0}, {"graph": null, "nnodes": 6, "nedges": 6, "density": 0.4, "atomics": "[68, 69, 56, 57, 58, 59]", "group_pop": 6, "init_part_assignment": 11, "id": 1}, {"graph": null, "nnodes": 6, "nedges": 6, "density": 0.4, "atomics": "[104, 105, 106, 107, 118, 119]", "group_pop": 6, "init_part_assignment": 6, "id": 2}, {"graph": null, "nnodes": 6, "nedges": 7, "density": 0.4666666666666667, "atomics": "[36, 37, 48, 49, 60, 61]", "group_pop": 6, "init_part_assignment": 2, "id": 3}, {"graph": null, "nnodes": 6, "nedges": 7, "density": 0.4666666666666667, "atomics": "[38, 39, 50, 51, 62, 63]", "group_pop": 6, "init_part_assignment": 8, "id": 4}, {"graph": null, "nnodes": 6, "nedges": 6, "density": 0.4, "atomics": "[129, 130, 131, 142, 143, 117]", "group_pop": 6, "init_part_assignment": 7, "id": 5}, {"graph": null, "nnodes": 6, "nedges": 6, "density": 0.4, "atomics": "[133, 134, 135, 110, 121, 122]", "group_pop": 6, "init_part_assignment": 5, "id": 6}, {"graph": null, "nnodes": 6, "nedges": 6, "density": 0.4, "atomics": "[136, 137, 111, 123, 124, 125]", "group_pop": 6, "init_part_assignment": 5, "id": 7}, {"graph": null, "nnodes": 6, "nedges": 5, "density": 0.3333333333333333, "atomics": "[138, 139, 140, 141, 114, 126]", "group_pop": 6, "init_part_assignment": 7, "id": 8}, {"graph": null, "nnodes": 6, "nedges": 7, "density": 0.4666666666666667, "atomics": "[0, 1, 12, 13, 24, 25]", "group_pop": 6, "init_part_assignment": 2, "id": 9}, {"graph": null, "nnodes": 6, "nedges": 6, "density": 0.4, "atomics": "[16, 17, 26, 27, 28, 29]", "group_pop": 6, "init_part_assignment": 3, "id": 10}, {"graph": null, "nnodes": 6, "nedges": 6, "density": 0.4, "atomics": "[43, 18, 19, 55, 30, 31]", "group_pop": 6, "init_part_assignment": 1, "id": 11}, {"graph": null, "nnodes": 6, "nedges": 6, "density": 0.4, "atomics": "[2, 3, 4, 5, 14, 15]", "group_pop": 6, "init_part_assignment": 3, "id": 12}, {"graph": null, "nnodes": 6, "nedges": 6, "density": 0.4, "atomics": "[6, 7, 8, 9, 20, 21]", "group_pop": 6, "init_part_assignment": 0, "id": 13}, {"graph": null, "nnodes": 6, "nedges": 6, "density": 0.4, "atomics": "[35, 10, 11, 47, 22, 23]", "group_pop": 6, "init_part_assignment": 0, "id": 14}, {"graph": null, "nnodes": 6, "nedges": 5, "density": 0.3333333333333333, "atomics": "[99, 100, 74, 75, 112, 87]", "group_pop": 6, "init_part_assignment": 8, "id": 15}, {"graph": null, "nnodes": 6, "nedges": 6, "density": 0.4, "atomics": "[128, 102, 103, 115, 116, 127]", "group_pop": 6, "init_part_assignment": 6, "id": 16}, {"graph": null, "nnodes": 6, "nedges": 6, "density": 0.4, "atomics": "[96, 97, 132, 108, 109, 120]", "group_pop": 6, "init_part_assignment": 4, "id": 17}, {"graph": null, "nnodes": 6, "nedges": 7, "density": 0.4666666666666667, "atomics": "[32, 33, 34, 44, 45, 46]", "group_pop": 6, "init_part_assignment": 11, "id": 18}, {"graph": null, "nnodes": 6, "nedges": 6, "density": 0.4, "atomics": "[80, 81, 90, 91, 92, 93]", "group_pop": 6, "init_part_assignment": 10, "id": 19}, {"graph": null, "nnodes": 6, "nedges": 6, "density": 0.4, "atomics": "[101, 76, 77, 113, 88, 89]", "group_pop": 6, "init_part_assignment": 9, "id": 20}, {"graph": null, "nnodes": 6, "nedges": 7, "density": 0.4666666666666667, "atomics": "[64, 65, 40, 41, 52, 53]", "group_pop": 6, "init_part_assignment": 9, "id": 21}, {"graph": null, "nnodes": 6, "nedges": 6, "density": 0.4, "atomics": "[98, 72, 73, 84, 85, 86]", "group_pop": 6, "init_part_assignment": 4, "id": 22}, {"graph": null, "nnodes": 6, "nedges": 6, "density": 0.4, "atomics": "[66, 67, 42, 78, 79, 54]", "group_pop": 6, "init_part_assignment": 1, "id": 23}], "adjacency": [[{"weight": 3, "random_weight": 0.5718675143634044, "id": 1}, {"weight": 2, "random_weight": 0.4023124859077899, "id": 2}, {"weight": 2, "random_weight": 0.49389583824022665, "id": 19}], [{"weight": 3, "random_weight": 0.5718675143634044, "id": 0}, {"weight": 1, "random_weight": 0.8870179873163841, "id": 11}, {"weight": 1, "random_weight": 0.7761339699645365, "id": 14}, {"weight": 3, "random_weight": 0.827876659960198, "id": 18}, {"weight": 2, "random_weight": 0.440393895623562, "id": 19}, {"weight": 1, "random_weight": 0.02184821264033099, "id": 23}], [{"weight": 2, "random_weight": 0.4023124859077899, "id": 0}, {"weight": 4, "random_weight": 0.41527491311278253, "id": 5}, {"weight": 2, "random_weight": 0.1289634844271743, "id": 16}, {"weight": 2, "random_weight": 0.23086309975586017, "id": 19}], [{"weight": 3, "random_weight": 0.40629252916772984, "id": 4}, {"weight": 2, "random_weight": 0.11544078566955351, "id": 9}, {"weight": 2, "random_weight": 0.577563667951246, "id": 22}], [{"weight": 3, "random_weight": 0.40629252916772984, "id": 3}, {"weight": 2, "random_weight": 0.7836533973524236, "id": 10}, {"weight": 2, "random_weight": 0.648210201593335, "id": 15}, {"weight": 3, "random_weight": 0.6670065073176237, "id": 21}], [{"weight": 4, "random_weight": 0.41527491311278253, "id": 2}, {"weight": 2, "random_weight": 0.6297455572474518, "id": 8}, {"weight": 2, "random_weight": 0.3602957318225265, "id": 16}], [{"weight": 4, "random_weight": 0.437832861005198, "id": 7}, {"weight": 4, "random_weight": 0.8419548519725285, "id": 17}, {"weight": 1, "random_weight": 0.6780840756194402, "id": 22}], [{"weight": 4, "random_weight": 0.437832861005198, "id": 6}, {"weight": 2, "random_weight": 0.9700044346374208, "id": 8}, {"weight": 3, "random_weight": 0.1654742386090613, "id": 15}, {"weight": 1, "random_weight": 0.43963700936281425, "id": 20}], [{"weight": 2, "random_weight": 0.6297455572474518, "id": 5}, {"weight": 2, "random_weight": 0.9700044346374208, "id": 7}, {"weight": 5, "random_weight": 0.5964424523710804, "id": 16}, {"weight": 1, "random_weight": 0.9049903754944497, "id": 20}], [{"weight": 2, "random_weight": 0.11544078566955351, "id": 3}, {"weight": 1, "random_weight": 0.311186373376625, "id": 10}, {"weight": 2, "random_weight": 0.665588241461878, "id": 12}], [{"weight": 2, "random_weight": 0.7836533973524236, "id": 4}, {"weight": 1, "random_weight": 0.311186373376625, "id": 9}, {"weight": 2, "random_weight": 0.990266701331917, "id": 11}, {"weight": 5, "random_weight": 0.04688550222903909, "id": 12}, {"weight": 2, "random_weight": 0.499605571448939, "id": 21}], [{"weight": 1, "random_weight": 0.8870179873163841, "id": 1}, {"weight": 2, "random_weight": 0.990266701331917, "id": 10}, {"weight": 3, "random_weight": 0.1621649935229943, "id": 13}, {"weight": 2, "random_weight": 0.8522737591826421, "id": 18}, {"weight": 4, "random_weight": 0.27871977195317266, "id": 23}], [{"weight": 2, "random_weight": 0.665588241461878, "id": 9}, {"weight": 5, "random_weight": 0.04688550222903909, "id": 10}, {"weight": 1, "random_weight": 0.827554225261547, "id": 13}], [{"weight": 3, "random_weight": 0.1621649935229943, "id": 11}, {"weight": 1, "random_weight": 0.827554225261547, "id": 12}, {"weight": 2, "random_weight": 0.11336679027614782, "id": 14}, {"weight": 2, "random_weight": 0.743086931342282, "id": 18}], [{"weight": 1, "random_weight": 0.7761339699645365, "id": 1}, {"weight": 2, "random_weight": 0.11336679027614782, "id": 13}, {"weight": 3, "random_weight": 0.3773955544996591, "id": 18}], [{"weight": 2, "random_weight": 0.648210201593335, "id": 4}, {"weight": 3, "random_weight": 0.1654742386090613, "id": 7}, {"weight": 5, "random_weight": 0.7714816625192173, "id": 20}, {"weight": 4, "random_weight": 0.3143677492076291, "id": 22}], [{"weight": 2, "random_weight": 0.1289634844271743, "id": 2}, {"weight": 2, "random_weight": 0.3602957318225265, "id": 5}, {"weight": 5, "random_weight": 0.5964424523710804, "id": 8}, {"weight": 2, "random_weight": 0.7698517582700093, "id": 19}, {"weight": 1, "random_weight": 0.41429206367561666, "id": 20}], [{"weight": 4, "random_weight": 0.8419548519725285, "id": 6}, {"weight": 3, "random_weight": 0.43082879534150276, "id": 22}], [{"weight": 3, "random_weight": 0.827876659960198, "id": 1}, {"weight": 2, "random_weight": 0.8522737591826421, "id": 11}, {"weight": 2, "random_weight": 0.743086931342282, "id": 13}, {"weight": 3, "random_weight": 0.3773955544996591, "id": 14}], [{"weight": 2, "random_weight": 0.49389583824022665, "id": 0}, {"weight": 2, "random_weight": 0.440393895623562, "id": 1}, {"weight": 2, "random_weight": 0.23086309975586017, "id": 2}, {"weight": 2, "random_weight": 0.7698517582700093, "id": 16}, {"weight": 1, "random_weight": 0.33201959190216446, "id": 20}, {"weight": 3, "random_weight": 0.932190790510443, "id": 23}], [{"weight": 1, "random_weight": 0.43963700936281425, "id": 7}, {"weight": 1, "random_weight": 0.9049903754944497, "id": 8}, {"weight": 5, "random_weight": 0.7714816625192173, "id": 15}, {"weight": 1, "random_weight": 0.41429206367561666, "id": 16}, {"weight": 1, "random_weight": 0.33201959190216446, "id": 19}, {"weight": 2, "random_weight": 0.7669419465226622, "id": 21}, {"weight": 1, "random_weight": 0.3733614406515957, "id": 23}], [{"weight": 3, "random_weight": 0.6670065073176237, "id": 4}, {"weight": 2, "random_weight": 0.499605571448939, "id": 10}, {"weight": 2, "random_weight": 0.7669419465226622, "id": 20}, {"weight": 3, "random_weight": 0.47846458442126183, "id": 23}], [{"weight": 2, "random_weight": 0.577563667951246, "id": 3}, {"weight": 1, "random_weight": 0.6780840756194402, "id": 6}, {"weight": 4, "random_weight": 0.3143677492076291, "id": 15}, {"weight": 3, "random_weight": 0.43082879534150276, "id": 17}], [{"weight": 1, "random_weight": 0.02184821264033099, "id": 1}, {"weight": 4, "random_weight": 0.27871977195317266, "id": 11}, {"weight": 3, "random_weight": 0.932190790510443, "id": 19}, {"weight": 1, "random_weight": 0.3733614406515957, "id": 20}, {"weight": 3, "random_weight": 0.47846458442126183, "id": 21}]]}