{"directed": false, "multigraph": false, "graph": [], "nodes": [{"graph": null, "nnodes": 3, "nedges": 2, "density": 0.6666666666666666, "atomics": "[138, 126, 127]", "group_pop": 3, "init_part_assignment": 7, "id": 0}, {"graph": null, "nnodes": 3, "nedges": 2, "density": 0.6666666666666666, "atomics": "[128, 139, 140]", "group_pop": 3, "init_part_assignment": 7, "id": 1}, {"graph": null, "nnodes": 3, "nedges": 2, "density": 0.6666666666666666, "atomics": "[9, 10, 21]", "group_pop": 3, "init_part_assignment": 4, "id": 2}, {"graph": null, "nnodes": 3, "nedges": 2, "density": 0.6666666666666666, "atomics": "[11, 22, 23]", "group_pop": 3, "init_part_assignment": 4, "id": 3}, {"graph": null, "nnodes": 3, "nedges": 2, "density": 0.6666666666666666, "atomics": "[89, 101, 113]", "group_pop": 3, "init_part_assignment": 3, "id": 4}, {"graph": null, "nnodes": 3, "nedges": 2, "density": 0.6666666666666666, "atomics": "[131, 119, 143]", "group_pop": 3, "init_part_assignment": 8, "id": 5}, {"graph": null, "nnodes": 3, "nedges": 2, "density": 0.6666666666666666, "atomics": "[129, 117, 118]", "group_pop": 3, "init_part_assignment": 7, "id": 6}, {"graph": null, "nnodes": 3, "nedges": 2, "density": 0.6666666666666666, "atomics": "[130, 141, 142]", "group_pop": 3, "init_part_assignment": 7, "id": 7}, {"graph": null, "nnodes": 3, "nedges": 2, "density": 0.6666666666666666, "atomics": "[65, 66, 53]", "group_pop": 3, "init_part_assignment": 1, "id": 8}, {"graph": null, "nnodes": 3, "nedges": 2, "density": 0.6666666666666666, "atomics": "[67, 54, 55]", "group_pop": 3, "init_part_assignment": 9, "id": 9}, {"graph": null, "nnodes": 3, "nedges": 2, "density": 0.6666666666666666, "atomics": "[0, 1, 2]", "group_pop": 3, "init_part_assignment": 5, "id": 10}, {"graph": null, "nnodes": 3, "nedges": 2, "density": 0.6666666666666666, "atomics": "[33, 34, 35]", "group_pop": 3, "init_part_assignment": 4, "id": 11}, {"graph": null, "nnodes": 3, "nedges": 2, "density": 0.6666666666666666, "atomics": "[59, 47, 71]", "group_pop": 3, "init_part_assignment": 4, "id": 12}, {"graph": null, "nnodes": 3, "nedges": 2, "density": 0.6666666666666666, "atomics": "[115, 91, 103]", "group_pop": 3, "init_part_assignment": 1, "id": 13}, {"graph": null, "nnodes": 3, "nedges": 2, "density": 0.6666666666666666, "atomics": "[120, 121, 132]", "group_pop": 3, "init_part_assignment": 0, "id": 14}, {"graph": null, "nnodes": 3, "nedges": 2, "density": 0.6666666666666666, "atomics": "[133, 134, 135]", "group_pop": 3, "init_part_assignment": 0, "id": 15}, {"graph": null, "nnodes": 3, "nedges": 2, "density": 0.6666666666666666, "atomics": "[104, 105, 116]", "group_pop": 3, "init_part_assignment": 8, "id": 16}, {"graph": null, "nnodes": 3, "nedges": 2, "density": 0.6666666666666666, "atomics": "[80, 92, 93]", "group_pop": 3, "init_part_assignment": 10, "id": 17}, {"graph": null, "nnodes": 3, "nedges": 2, "density": 0.6666666666666666, "atomics": "[77, 78, 79]", "group_pop": 3, "init_part_assignment": 1, "id": 18}, {"graph": null, "nnodes": 3, "nedges": 2, "density": 0.6666666666666666, "atomics": "[136, 137, 125]", "group_pop": 3, "init_part_assignment": 0, "id": 19}, {"graph": null, "nnodes": 3, "nedges": 2, "density": 0.6666666666666666, "atomics": "[72, 60, 84]", "group_pop": 3, "init_part_assignment": 2, "id": 20}, {"graph": null, "nnodes": 3, "nedges": 2, "density": 0.6666666666666666, "atomics": "[48, 49, 50]", "group_pop": 3, "init_part_assignment": 6, "id": 21}, {"graph": null, "nnodes": 3, "nedges": 2, "density": 0.6666666666666666, "atomics": "[106, 107, 94]", "group_pop": 3, "init_part_assignment": 8, "id": 22}, {"graph": null, "nnodes": 3, "nedges": 2, "density": 0.6666666666666666, "atomics": "[114, 90, 102]", "group_pop": 3, "init_part_assignment": 1, "id": 23}, {"graph": null, "nnodes": 3, "nedges": 2, "density": 0.6666666666666666, "atomics": "[16, 28, 29]", "group_pop": 3, "init_part_assignment": 5, "id": 24}, {"graph": null, "nnodes": 3, "nedges": 2, "density": 0.6666666666666666, "atomics": "[17, 4, 5]", "group_pop": 3, "init_part_assignment": 11, "id": 25}, {"graph": null, "nnodes": 3, "nedges": 2, "density": 0.6666666666666666, "atomics": "[81, 69, 70]", "group_pop": 3, "init_part_assignment": 10, "id": 26}, {"graph": null, "nnodes": 3, "nedges": 2, "density": 0.6666666666666666, "atomics": "[3, 27, 15]", "group_pop": 3, "init_part_assignment": 5, "id": 27}, {"graph": null, "nnodes": 3, "nedges": 2, "density": 0.6666666666666666, "atomics": "[25, 13, 14]", "group_pop": 3, "init_part_assignment": 6, "id": 28}, {"graph": null, "nnodes": 3, "nedges": 2, "density": 0.6666666666666666, "atomics": "[96, 108, 109]", "group_pop": 3, "init_part_assignment": 2, "id": 29}, {"graph": null, "nnodes": 3, "nedges": 2, "density": 0.6666666666666666, "atomics": "[18, 19, 20]", "group_pop": 3, "init_part_assignment": 11, "id": 30}, {"graph": null, "nnodes": 3, "nedges": 2, "density": 0.6666666666666666, "atomics": "[8, 6, 7]", "group_pop": 3, "init_part_assignment": 11, "id": 31}, {"graph": null, "nnodes": 3, "nedges": 2, "density": 0.6666666666666666, "atomics": "[40, 41, 39]", "group_pop": 3, "init_part_assignment": 9, "id": 32}, {"graph": null, "nnodes": 3, "nedges": 2, "density": 0.6666666666666666, "atomics": "[82, 83, 95]", "group_pop": 3, "init_part_assignment": 8, "id": 33}, {"graph": null, "nnodes": 3, "nedges": 2, "density": 0.6666666666666666, "atomics": "[73, 74, 61]", "group_pop": 3, "init_part_assignment": 6, "id": 34}, {"graph": null, "nnodes": 3, "nedges": 2, "density": 0.6666666666666666, "atomics": "[56, 57, 68]", "group_pop": 3, "init_part_assignment": 10, "id": 35}, {"graph": null, "nnodes": 3, "nedges": 2, "density": 0.6666666666666666, "atomics": "[58, 45, 46]", "group_pop": 3, "init_part_assignment": 10, "id": 36}, {"graph": null, "nnodes": 3, "nedges": 2, "density": 0.6666666666666666, "atomics": "[24, 36, 12]", "group_pop": 3, "init_part_assignment": 5, "id": 37}, {"graph": null, "nnodes": 3, "nedges": 2, "density": 0.6666666666666666, "atomics": "[26, 37, 38]", "group_pop": 3, "init_part_assignment": 6, "id": 38}, {"graph": null, "nnodes": 3, "nedges": 2, "density": 0.6666666666666666, "atomics": "[42, 43, 30]", "group_pop": 3, "init_part_assignment": 9, "id": 39}, {"graph": null, "nnodes": 3, "nedges": 2, "density": 0.6666666666666666, "atomics": "[32, 44, 31]", "group_pop": 3, "init_part_assignment": 11, "id": 40}, {"graph": null, "nnodes": 3, "nedges": 2, "density": 0.6666666666666666, "atomics": "[75, 99, 87]", "group_pop": 3, "init_part_assignment": 3, "id": 41}, {"graph": null, "nnodes": 3, "nedges": 2, "density": 0.6666666666666666, "atomics": "[97, 85, 86]", "group_pop": 3, "init_part_assignment": 2, "id": 42}, {"graph": null, "nnodes": 3, "nedges": 2, "density": 0.6666666666666666, "atomics": "[122, 123, 124]", "group_pop": 3, "init_part_assignment": 0, "id": 43}, {"graph": null, "nnodes": 3, "nedges": 2, "density": 0.6666666666666666, "atomics": "[98, 110, 111]", "group_pop": 3, "init_part_assignment": 2, "id": 44}, {"graph": null, "nnodes": 3, "nedges": 2, "density": 0.6666666666666666, "atomics": "[112, 88, 100]", "group_pop": 3, "init_part_assignment": 3, "id": 45}, {"graph": null, "nnodes": 3, "nedges": 2, "density": 0.6666666666666666, "atomics": "[51, 62, 63]", "group_pop": 3, "init_part_assignment": 9, "id": 46}, {"graph": null, "nnodes": 3, "nedges": 2, "density": 0.6666666666666666, "atomics": "[64, 76, 52]", "group_pop": 3, "init_part_assignment": 3, "id": 47}], "adjacency": [[{"weight": 3, "random_weight": 0.6783349898622694, "id": 1}, {"weight": 1, "random_weight": 0.5618948943714631, "id": 13}, {"weight": 2, "random_weight": 0.19216224157938255, "id": 19}, {"weight": 1, "random_weight": 0.8876187338700791, "id": 23}], [{"weight": 3, "random_weight": 0.6783349898622694, "id": 0}, {"weight": 1, "random_weight": 0.6900561396326711, "id": 6}, {"weight": 1, "random_weight": 0.5343463668684366, "id": 7}, {"weight": 1, "random_weight": 0.27279501298489095, "id": 16}], [{"weight": 3, "random_weight": 0.5018438751635135, "id": 3}, {"weight": 1, "random_weight": 0.2460111220564296, "id": 11}, {"weight": 1, "random_weight": 0.2912098241318545, "id": 30}, {"weight": 1, "random_weight": 0.5839570926159543, "id": 31}], [{"weight": 3, "random_weight": 0.5018438751635135, "id": 2}, {"weight": 2, "random_weight": 0.03466180853475087, "id": 11}], [{"weight": 1, "random_weight": 0.60275531809145, "id": 18}, {"weight": 1, "random_weight": 0.9948358173606702, "id": 19}, {"weight": 3, "random_weight": 0.028209437107158064, "id": 23}, {"weight": 3, "random_weight": 0.20010860721723156, "id": 45}], [{"weight": 1, "random_weight": 0.9564841043532792, "id": 6}, {"weight": 2, "random_weight": 0.6314008726522761, "id": 7}, {"weight": 1, "random_weight": 0.17863220894321452, "id": 22}], [{"weight": 1, "random_weight": 0.6900561396326711, "id": 1}, {"weight": 1, "random_weight": 0.9564841043532792, "id": 5}, {"weight": 3, "random_weight": 0.8152203113005412, "id": 7}, {"weight": 2, "random_weight": 0.9394510180692339, "id": 16}, {"weight": 1, "random_weight": 0.8798881165017001, "id": 22}], [{"weight": 1, "random_weight": 0.5343463668684366, "id": 1}, {"weight": 2, "random_weight": 0.6314008726522761, "id": 5}, {"weight": 3, "random_weight": 0.8152203113005412, "id": 6}], [{"weight": 3, "random_weight": 0.5839100127049037, "id": 9}, {"weight": 2, "random_weight": 0.3115414046016274, "id": 18}, {"weight": 1, "random_weight": 0.814148036603595, "id": 32}, {"weight": 2, "random_weight": 0.7634567397380017, "id": 47}], [{"weight": 3, "random_weight": 0.5839100127049037, "id": 8}, {"weight": 1, "random_weight": 0.5147038685555325, "id": 18}, {"weight": 2, "random_weight": 0.8195616081091082, "id": 35}, {"weight": 2, "random_weight": 0.1861806792416587, "id": 39}], [{"weight": 1, "random_weight": 0.10991544026221922, "id": 27}, {"weight": 2, "random_weight": 0.768245089202064, "id": 28}, {"weight": 1, "random_weight": 0.0150815310695126, "id": 37}], [{"weight": 1, "random_weight": 0.2460111220564296, "id": 2}, {"weight": 2, "random_weight": 0.03466180853475087, "id": 3}, {"weight": 1, "random_weight": 0.17478183371851308, "id": 12}, {"weight": 2, "random_weight": 0.6649383733941635, "id": 36}, {"weight": 1, "random_weight": 0.12626075008641957, "id": 40}], [{"weight": 1, "random_weight": 0.17478183371851308, "id": 11}, {"weight": 1, "random_weight": 0.8879803036577215, "id": 26}, {"weight": 1, "random_weight": 0.8824082120749263, "id": 33}, {"weight": 2, "random_weight": 0.6323565300264731, "id": 36}], [{"weight": 1, "random_weight": 0.5618948943714631, "id": 0}, {"weight": 2, "random_weight": 0.4783046412458175, "id": 16}, {"weight": 1, "random_weight": 0.7262863636890738, "id": 17}, {"weight": 1, "random_weight": 0.1902018598457038, "id": 18}, {"weight": 3, "random_weight": 0.25890519437741777, "id": 23}], [{"weight": 2, "random_weight": 0.8010064531801834, "id": 15}, {"weight": 2, "random_weight": 0.7111234936281253, "id": 29}, {"weight": 1, "random_weight": 0.05127113234751668, "id": 43}], [{"weight": 2, "random_weight": 0.8010064531801834, "id": 14}, {"weight": 1, "random_weight": 0.43757818161539774, "id": 19}, {"weight": 2, "random_weight": 0.0808312389668917, "id": 43}], [{"weight": 1, "random_weight": 0.27279501298489095, "id": 1}, {"weight": 2, "random_weight": 0.9394510180692339, "id": 6}, {"weight": 2, "random_weight": 0.4783046412458175, "id": 13}, {"weight": 2, "random_weight": 0.6191857061225783, "id": 17}, {"weight": 1, "random_weight": 0.43115152075399765, "id": 22}], [{"weight": 1, "random_weight": 0.7262863636890738, "id": 13}, {"weight": 2, "random_weight": 0.6191857061225783, "id": 16}, {"weight": 1, "random_weight": 0.867236047975203, "id": 18}, {"weight": 1, "random_weight": 0.9649709568017243, "id": 22}, {"weight": 2, "random_weight": 0.13778494205371372, "id": 26}, {"weight": 1, "random_weight": 0.11515890803772899, "id": 35}], [{"weight": 1, "random_weight": 0.60275531809145, "id": 4}, {"weight": 2, "random_weight": 0.3115414046016274, "id": 8}, {"weight": 1, "random_weight": 0.5147038685555325, "id": 9}, {"weight": 1, "random_weight": 0.1902018598457038, "id": 13}, {"weight": 1, "random_weight": 0.867236047975203, "id": 17}, {"weight": 1, "random_weight": 0.8847321654454003, "id": 23}, {"weight": 1, "random_weight": 0.6197293690058334, "id": 47}], [{"weight": 2, "random_weight": 0.19216224157938255, "id": 0}, {"weight": 1, "random_weight": 0.9948358173606702, "id": 4}, {"weight": 1, "random_weight": 0.43757818161539774, "id": 15}, {"weight": 2, "random_weight": 0.5281328251035161, "id": 43}], [{"weight": 1, "random_weight": 0.28492518728602223, "id": 21}, {"weight": 1, "random_weight": 0.33844881988760944, "id": 29}, {"weight": 2, "random_weight": 0.29254760939818947, "id": 34}, {"weight": 1, "random_weight": 0.2576808714000598, "id": 42}], [{"weight": 1, "random_weight": 0.28492518728602223, "id": 20}, {"weight": 1, "random_weight": 0.2908864838852657, "id": 34}, {"weight": 1, "random_weight": 0.8332003938255729, "id": 37}, {"weight": 2, "random_weight": 0.2658625484435859, "id": 38}, {"weight": 2, "random_weight": 0.6748707569980181, "id": 46}], [{"weight": 1, "random_weight": 0.17863220894321452, "id": 5}, {"weight": 1, "random_weight": 0.8798881165017001, "id": 6}, {"weight": 1, "random_weight": 0.43115152075399765, "id": 16}, {"weight": 1, "random_weight": 0.9649709568017243, "id": 17}, {"weight": 3, "random_weight": 0.30923568384682365, "id": 33}], [{"weight": 1, "random_weight": 0.8876187338700791, "id": 0}, {"weight": 3, "random_weight": 0.028209437107158064, "id": 4}, {"weight": 3, "random_weight": 0.25890519437741777, "id": 13}, {"weight": 1, "random_weight": 0.8847321654454003, "id": 18}], [{"weight": 3, "random_weight": 0.7867122300365039, "id": 25}, {"weight": 2, "random_weight": 0.08435723561143649, "id": 27}, {"weight": 2, "random_weight": 0.43670087067776986, "id": 32}, {"weight": 1, "random_weight": 0.690968468910699, "id": 39}], [{"weight": 3, "random_weight": 0.7867122300365039, "id": 24}, {"weight": 1, "random_weight": 0.9957316625717294, "id": 27}, {"weight": 1, "random_weight": 0.810477013622757, "id": 30}, {"weight": 1, "random_weight": 0.9799503363622568, "id": 31}], [{"weight": 1, "random_weight": 0.8879803036577215, "id": 12}, {"weight": 2, "random_weight": 0.13778494205371372, "id": 17}, {"weight": 2, "random_weight": 0.8892067073041342, "id": 33}, {"weight": 2, "random_weight": 0.9538992507160643, "id": 35}, {"weight": 1, "random_weight": 0.8168112122919258, "id": 36}], [{"weight": 1, "random_weight": 0.10991544026221922, "id": 10}, {"weight": 2, "random_weight": 0.08435723561143649, "id": 24}, {"weight": 1, "random_weight": 0.9957316625717294, "id": 25}, {"weight": 1, "random_weight": 0.8763536008559827, "id": 28}, {"weight": 1, "random_weight": 0.8724572249579055, "id": 32}, {"weight": 1, "random_weight": 0.16314730490580032, "id": 38}], [{"weight": 2, "random_weight": 0.768245089202064, "id": 10}, {"weight": 1, "random_weight": 0.8763536008559827, "id": 27}, {"weight": 2, "random_weight": 0.3725551833177183, "id": 37}, {"weight": 3, "random_weight": 0.5197614614884443, "id": 38}], [{"weight": 2, "random_weight": 0.7111234936281253, "id": 14}, {"weight": 1, "random_weight": 0.33844881988760944, "id": 20}, {"weight": 2, "random_weight": 0.726732445281609, "id": 42}, {"weight": 1, "random_weight": 0.5486096448585409, "id": 44}], [{"weight": 1, "random_weight": 0.2912098241318545, "id": 2}, {"weight": 1, "random_weight": 0.810477013622757, "id": 25}, {"weight": 3, "random_weight": 0.4699435039579427, "id": 31}, {"weight": 1, "random_weight": 0.8912504703438336, "id": 39}, {"weight": 2, "random_weight": 0.7744416918944128, "id": 40}], [{"weight": 1, "random_weight": 0.5839570926159543, "id": 2}, {"weight": 1, "random_weight": 0.9799503363622568, "id": 25}, {"weight": 3, "random_weight": 0.4699435039579427, "id": 30}], [{"weight": 1, "random_weight": 0.814148036603595, "id": 8}, {"weight": 2, "random_weight": 0.43670087067776986, "id": 24}, {"weight": 1, "random_weight": 0.8724572249579055, "id": 27}, {"weight": 1, "random_weight": 0.5073306815893397, "id": 38}, {"weight": 1, "random_weight": 0.6349490590951902, "id": 39}, {"weight": 1, "random_weight": 0.9911082187763254, "id": 46}, {"weight": 1, "random_weight": 0.6856574972589775, "id": 47}], [{"weight": 1, "random_weight": 0.8824082120749263, "id": 12}, {"weight": 3, "random_weight": 0.30923568384682365, "id": 22}, {"weight": 2, "random_weight": 0.8892067073041342, "id": 26}], [{"weight": 2, "random_weight": 0.29254760939818947, "id": 20}, {"weight": 1, "random_weight": 0.2908864838852657, "id": 21}, {"weight": 1, "random_weight": 0.511451431411939, "id": 41}, {"weight": 2, "random_weight": 0.5806492970083783, "id": 42}, {"weight": 2, "random_weight": 0.7616749669884869, "id": 46}], [{"weight": 2, "random_weight": 0.8195616081091082, "id": 9}, {"weight": 1, "random_weight": 0.11515890803772899, "id": 17}, {"weight": 2, "random_weight": 0.9538992507160643, "id": 26}, {"weight": 2, "random_weight": 0.35322715341258126, "id": 36}, {"weight": 1, "random_weight": 0.7125606499486079, "id": 40}], [{"weight": 2, "random_weight": 0.6649383733941635, "id": 11}, {"weight": 2, "random_weight": 0.6323565300264731, "id": 12}, {"weight": 1, "random_weight": 0.8168112122919258, "id": 26}, {"weight": 2, "random_weight": 0.35322715341258126, "id": 35}, {"weight": 1, "random_weight": 0.13014794797681561, "id": 40}], [{"weight": 1, "random_weight": 0.0150815310695126, "id": 10}, {"weight": 1, "random_weight": 0.8332003938255729, "id": 21}, {"weight": 2, "random_weight": 0.3725551833177183, "id": 28}, {"weight": 1, "random_weight": 0.5848077586119779, "id": 38}], [{"weight": 2, "random_weight": 0.2658625484435859, "id": 21}, {"weight": 1, "random_weight": 0.16314730490580032, "id": 27}, {"weight": 3, "random_weight": 0.5197614614884443, "id": 28}, {"weight": 1, "random_weight": 0.5073306815893397, "id": 32}, {"weight": 1, "random_weight": 0.5848077586119779, "id": 37}], [{"weight": 2, "random_weight": 0.1861806792416587, "id": 9}, {"weight": 1, "random_weight": 0.690968468910699, "id": 24}, {"weight": 1, "random_weight": 0.8912504703438336, "id": 30}, {"weight": 1, "random_weight": 0.6349490590951902, "id": 32}, {"weight": 3, "random_weight": 0.415502971220884, "id": 40}], [{"weight": 1, "random_weight": 0.12626075008641957, "id": 11}, {"weight": 2, "random_weight": 0.7744416918944128, "id": 30}, {"weight": 1, "random_weight": 0.7125606499486079, "id": 35}, {"weight": 1, "random_weight": 0.13014794797681561, "id": 36}, {"weight": 3, "random_weight": 0.415502971220884, "id": 39}], [{"weight": 1, "random_weight": 0.511451431411939, "id": 34}, {"weight": 1, "random_weight": 0.6797784962494535, "id": 42}, {"weight": 2, "random_weight": 0.8574215333541827, "id": 44}, {"weight": 2, "random_weight": 0.031921934527812, "id": 45}, {"weight": 1, "random_weight": 0.8921918290450128, "id": 46}, {"weight": 1, "random_weight": 0.6671330908438053, "id": 47}], [{"weight": 1, "random_weight": 0.2576808714000598, "id": 20}, {"weight": 2, "random_weight": 0.726732445281609, "id": 29}, {"weight": 2, "random_weight": 0.5806492970083783, "id": 34}, {"weight": 1, "random_weight": 0.6797784962494535, "id": 41}, {"weight": 2, "random_weight": 0.2623323378694703, "id": 44}], [{"weight": 1, "random_weight": 0.05127113234751668, "id": 14}, {"weight": 2, "random_weight": 0.0808312389668917, "id": 15}, {"weight": 2, "random_weight": 0.5281328251035161, "id": 19}, {"weight": 2, "random_weight": 0.6087164380631637, "id": 44}, {"weight": 1, "random_weight": 0.8747127520044634, "id": 45}], [{"weight": 1, "random_weight": 0.5486096448585409, "id": 29}, {"weight": 2, "random_weight": 0.8574215333541827, "id": 41}, {"weight": 2, "random_weight": 0.2623323378694703, "id": 42}, {"weight": 2, "random_weight": 0.6087164380631637, "id": 43}, {"weight": 1, "random_weight": 0.5331538217383156, "id": 45}], [{"weight": 3, "random_weight": 0.20010860721723156, "id": 4}, {"weight": 2, "random_weight": 0.031921934527812, "id": 41}, {"weight": 1, "random_weight": 0.8747127520044634, "id": 43}, {"weight": 1, "random_weight": 0.5331538217383156, "id": 44}, {"weight": 1, "random_weight": 0.7358177849792578, "id": 47}], [{"weight": 2, "random_weight": 0.6748707569980181, "id": 21}, {"weight": 1, "random_weight": 0.9911082187763254, "id": 32}, {"weight": 2, "random_weight": 0.7616749669884869, "id": 34}, {"weight": 1, "random_weight": 0.8921918290450128, "id": 41}, {"weight": 2, "random_weight": 0.8552390573841699, "id": 47}], [{"weight": 2, "random_weight": 0.7634567397380017, "id": 8}, {"weight": 1, "random_weight": 0.6197293690058334, "id": 18}, {"weight": 1, "random_weight": 0.6856574972589775, "id": 32}, {"weight": 1, "random_weight": 0.6671330908438053, "id": 41}, {"weight": 1, "random_weight": 0.7358177849792578, "id": 45}, {"weight": 2, "random_weight": 0.8552390573841699, "id": 46}]]}