{"directed": false, "multigraph": false, "graph": [], "nodes": [{"graph": null, "nnodes": 3, "nedges": 2, "density": 0.6666666666666666, "atomics": "[138, 139, 140]", "group_pop": 3, "init_part_assignment": 3, "id": 0}, {"graph": null, "nnodes": 3, "nedges": 2, "density": 0.6666666666666666, "atomics": "[9, 10, 22]", "group_pop": 3, "init_part_assignment": 2, "id": 1}, {"graph": null, "nnodes": 3, "nedges": 2, "density": 0.6666666666666666, "atomics": "[11, 35, 23]", "group_pop": 3, "init_part_assignment": 7, "id": 2}, {"graph": null, "nnodes": 3, "nedges": 2, "density": 0.6666666666666666, "atomics": "[89, 90, 77]", "group_pop": 3, "init_part_assignment": 10, "id": 3}, {"graph": null, "nnodes": 3, "nedges": 2, "density": 0.6666666666666666, "atomics": "[112, 113, 101]", "group_pop": 3, "init_part_assignment": 6, "id": 4}, {"graph": null, "nnodes": 3, "nedges": 2, "density": 0.6666666666666666, "atomics": "[131, 142, 143]", "group_pop": 3, "init_part_assignment": 3, "id": 5}, {"graph": null, "nnodes": 3, "nedges": 2, "density": 0.6666666666666666, "atomics": "[106, 107, 119]", "group_pop": 3, "init_part_assignment": 1, "id": 6}, {"graph": null, "nnodes": 3, "nedges": 2, "density": 0.6666666666666666, "atomics": "[129, 130, 141]", "group_pop": 3, "init_part_assignment": 3, "id": 7}, {"graph": null, "nnodes": 3, "nedges": 2, "density": 0.6666666666666666, "atomics": "[66, 67, 68]", "group_pop": 3, "init_part_assignment": 11, "id": 8}, {"graph": null, "nnodes": 3, "nedges": 2, "density": 0.6666666666666666, "atomics": "[53, 54, 55]", "group_pop": 3, "init_part_assignment": 11, "id": 9}, {"graph": null, "nnodes": 3, "nedges": 2, "density": 0.6666666666666666, "atomics": "[0, 1, 2]", "group_pop": 3, "init_part_assignment": 5, "id": 10}, {"graph": null, "nnodes": 3, "nedges": 2, "density": 0.6666666666666666, "atomics": "[33, 34, 45]", "group_pop": 3, "init_part_assignment": 7, "id": 11}, {"graph": null, "nnodes": 3, "nedges": 2, "density": 0.6666666666666666, "atomics": "[58, 46, 47]", "group_pop": 3, "init_part_assignment": 7, "id": 12}, {"graph": null, "nnodes": 3, "nedges": 2, "density": 0.6666666666666666, "atomics": "[128, 116, 104]", "group_pop": 3, "init_part_assignment": 3, "id": 13}, {"graph": null, "nnodes": 3, "nedges": 2, "density": 0.6666666666666666, "atomics": "[115, 102, 103]", "group_pop": 3, "init_part_assignment": 6, "id": 14}, {"graph": null, "nnodes": 3, "nedges": 2, "density": 0.6666666666666666, "atomics": "[114, 126, 127]", "group_pop": 3, "init_part_assignment": 6, "id": 15}, {"graph": null, "nnodes": 3, "nedges": 2, "density": 0.6666666666666666, "atomics": "[132, 133, 134]", "group_pop": 3, "init_part_assignment": 0, "id": 16}, {"graph": null, "nnodes": 3, "nedges": 2, "density": 0.6666666666666666, "atomics": "[91, 78, 79]", "group_pop": 3, "init_part_assignment": 10, "id": 17}, {"graph": null, "nnodes": 3, "nedges": 2, "density": 0.6666666666666666, "atomics": "[80, 92, 93]", "group_pop": 3, "init_part_assignment": 11, "id": 18}, {"graph": null, "nnodes": 3, "nedges": 2, "density": 0.6666666666666666, "atomics": "[136, 137, 135]", "group_pop": 3, "init_part_assignment": 0, "id": 19}, {"graph": null, "nnodes": 3, "nedges": 2, "density": 0.6666666666666666, "atomics": "[105, 117, 118]", "group_pop": 3, "init_part_assignment": 1, "id": 20}, {"graph": null, "nnodes": 3, "nedges": 2, "density": 0.6666666666666666, "atomics": "[72, 73, 61]", "group_pop": 3, "init_part_assignment": 4, "id": 21}, {"graph": null, "nnodes": 3, "nedges": 2, "density": 0.6666666666666666, "atomics": "[48, 49, 60]", "group_pop": 3, "init_part_assignment": 4, "id": 22}, {"graph": null, "nnodes": 3, "nedges": 2, "density": 0.6666666666666666, "atomics": "[123, 124, 125]", "group_pop": 3, "init_part_assignment": 6, "id": 23}, {"graph": null, "nnodes": 3, "nedges": 2, "density": 0.6666666666666666, "atomics": "[16, 17, 4]", "group_pop": 3, "init_part_assignment": 8, "id": 24}, {"graph": null, "nnodes": 3, "nedges": 2, "density": 0.6666666666666666, "atomics": "[18, 5, 6]", "group_pop": 3, "init_part_assignment": 8, "id": 25}, {"graph": null, "nnodes": 3, "nedges": 2, "density": 0.6666666666666666, "atomics": "[81, 69, 70]", "group_pop": 3, "init_part_assignment": 7, "id": 26}, {"graph": null, "nnodes": 3, "nedges": 2, "density": 0.6666666666666666, "atomics": "[3, 14, 15]", "group_pop": 3, "init_part_assignment": 8, "id": 27}, {"graph": null, "nnodes": 3, "nedges": 2, "density": 0.6666666666666666, "atomics": "[120, 121, 108]", "group_pop": 3, "init_part_assignment": 0, "id": 28}, {"graph": null, "nnodes": 3, "nedges": 2, "density": 0.6666666666666666, "atomics": "[96, 97, 109]", "group_pop": 3, "init_part_assignment": 4, "id": 29}, {"graph": null, "nnodes": 3, "nedges": 2, "density": 0.6666666666666666, "atomics": "[8, 19, 7]", "group_pop": 3, "init_part_assignment": 2, "id": 30}, {"graph": null, "nnodes": 3, "nedges": 2, "density": 0.6666666666666666, "atomics": "[28, 29, 30]", "group_pop": 3, "init_part_assignment": 9, "id": 31}, {"graph": null, "nnodes": 3, "nedges": 2, "density": 0.6666666666666666, "atomics": "[27, 51, 39]", "group_pop": 3, "init_part_assignment": 8, "id": 32}, {"graph": null, "nnodes": 3, "nedges": 2, "density": 0.6666666666666666, "atomics": "[82, 94, 95]", "group_pop": 3, "init_part_assignment": 1, "id": 33}, {"graph": null, "nnodes": 3, "nedges": 2, "density": 0.6666666666666666, "atomics": "[56, 57, 44]", "group_pop": 3, "init_part_assignment": 11, "id": 34}, {"graph": null, "nnodes": 3, "nedges": 2, "density": 0.6666666666666666, "atomics": "[83, 59, 71]", "group_pop": 3, "init_part_assignment": 1, "id": 35}, {"graph": null, "nnodes": 3, "nedges": 2, "density": 0.6666666666666666, "atomics": "[24, 12, 13]", "group_pop": 3, "init_part_assignment": 5, "id": 36}, {"graph": null, "nnodes": 3, "nedges": 2, "density": 0.6666666666666666, "atomics": "[25, 36, 37]", "group_pop": 3, "init_part_assignment": 5, "id": 37}, {"graph": null, "nnodes": 3, "nedges": 2, "density": 0.6666666666666666, "atomics": "[42, 43, 31]", "group_pop": 3, "init_part_assignment": 2, "id": 38}, {"graph": null, "nnodes": 3, "nedges": 2, "density": 0.6666666666666666, "atomics": "[74, 75, 62]", "group_pop": 3, "init_part_assignment": 9, "id": 39}, {"graph": null, "nnodes": 3, "nedges": 2, "density": 0.6666666666666666, "atomics": "[84, 85, 86]", "group_pop": 3, "init_part_assignment": 4, "id": 40}, {"graph": null, "nnodes": 3, "nedges": 2, "density": 0.6666666666666666, "atomics": "[122, 110, 98]", "group_pop": 3, "init_part_assignment": 0, "id": 41}, {"graph": null, "nnodes": 3, "nedges": 2, "density": 0.6666666666666666, "atomics": "[32, 20, 21]", "group_pop": 3, "init_part_assignment": 2, "id": 42}, {"graph": null, "nnodes": 3, "nedges": 2, "density": 0.6666666666666666, "atomics": "[64, 65, 63]", "group_pop": 3, "init_part_assignment": 9, "id": 43}, {"graph": null, "nnodes": 3, "nedges": 2, "density": 0.6666666666666666, "atomics": "[50, 26, 38]", "group_pop": 3, "init_part_assignment": 5, "id": 44}, {"graph": null, "nnodes": 3, "nedges": 2, "density": 0.6666666666666666, "atomics": "[99, 100, 111]", "group_pop": 3, "init_part_assignment": 10, "id": 45}, {"graph": null, "nnodes": 3, "nedges": 2, "density": 0.6666666666666666, "atomics": "[88, 76, 87]", "group_pop": 3, "init_part_assignment": 10, "id": 46}, {"graph": null, "nnodes": 3, "nedges": 2, "density": 0.6666666666666666, "atomics": "[40, 41, 52]", "group_pop": 3, "init_part_assignment": 9, "id": 47}], "adjacency": [[{"weight": 1, "random_weight": 0.8456350750888743, "id": 7}, {"weight": 1, "random_weight": 0.20809456153074668, "id": 13}, {"weight": 2, "random_weight": 0.9702065776072929, "id": 15}, {"weight": 1, "random_weight": 0.6003176587259711, "id": 19}], [{"weight": 2, "random_weight": 0.9318773422398244, "id": 2}, {"weight": 1, "random_weight": 0.5220094727691238, "id": 11}, {"weight": 1, "random_weight": 0.8364703052923336, "id": 30}, {"weight": 2, "random_weight": 0.15740709081701487, "id": 42}], [{"weight": 2, "random_weight": 0.9318773422398244, "id": 1}, {"weight": 1, "random_weight": 0.5672331617024005, "id": 11}, {"weight": 1, "random_weight": 0.21454452259022583, "id": 12}], [{"weight": 1, "random_weight": 0.46686155564903076, "id": 4}, {"weight": 1, "random_weight": 0.9865253708406015, "id": 14}, {"weight": 3, "random_weight": 0.6245272443227606, "id": 17}, {"weight": 1, "random_weight": 0.15384395691164665, "id": 43}, {"weight": 2, "random_weight": 0.8921454381121984, "id": 46}], [{"weight": 1, "random_weight": 0.46686155564903076, "id": 3}, {"weight": 1, "random_weight": 0.4876409845609384, "id": 14}, {"weight": 1, "random_weight": 0.8758306500802069, "id": 15}, {"weight": 2, "random_weight": 0.8868660432649957, "id": 23}, {"weight": 3, "random_weight": 0.6290843620486719, "id": 45}], [{"weight": 1, "random_weight": 0.669085025407089, "id": 6}, {"weight": 3, "random_weight": 0.44924120348399477, "id": 7}], [{"weight": 1, "random_weight": 0.669085025407089, "id": 5}, {"weight": 3, "random_weight": 0.17998351193571693, "id": 20}, {"weight": 2, "random_weight": 0.1669143266183386, "id": 33}], [{"weight": 1, "random_weight": 0.8456350750888743, "id": 0}, {"weight": 3, "random_weight": 0.44924120348399477, "id": 5}, {"weight": 1, "random_weight": 0.8044846875960386, "id": 13}, {"weight": 2, "random_weight": 0.19567718304404214, "id": 20}], [{"weight": 2, "random_weight": 0.29330784912803776, "id": 9}, {"weight": 2, "random_weight": 0.9437876149859616, "id": 17}, {"weight": 1, "random_weight": 0.43181454553556753, "id": 18}, {"weight": 1, "random_weight": 0.9566527077899085, "id": 26}, {"weight": 1, "random_weight": 0.2664519429815242, "id": 34}, {"weight": 1, "random_weight": 0.6861556333617397, "id": 43}], [{"weight": 2, "random_weight": 0.29330784912803776, "id": 8}, {"weight": 1, "random_weight": 0.3480174250447584, "id": 34}, {"weight": 2, "random_weight": 0.788913751951301, "id": 38}, {"weight": 1, "random_weight": 0.8360310063255721, "id": 43}, {"weight": 2, "random_weight": 0.5775322025937287, "id": 47}], [{"weight": 2, "random_weight": 0.9247587921481184, "id": 27}, {"weight": 2, "random_weight": 0.20186187083273743, "id": 36}], [{"weight": 1, "random_weight": 0.5220094727691238, "id": 1}, {"weight": 1, "random_weight": 0.5672331617024005, "id": 2}, {"weight": 2, "random_weight": 0.5233499187763344, "id": 12}, {"weight": 2, "random_weight": 0.07945413344764662, "id": 34}, {"weight": 2, "random_weight": 0.5007044954254963, "id": 42}], [{"weight": 1, "random_weight": 0.21454452259022583, "id": 2}, {"weight": 2, "random_weight": 0.5233499187763344, "id": 11}, {"weight": 1, "random_weight": 0.30531172307113974, "id": 26}, {"weight": 1, "random_weight": 0.5622152196173128, "id": 34}, {"weight": 2, "random_weight": 0.8756211156432112, "id": 35}], [{"weight": 1, "random_weight": 0.20809456153074668, "id": 0}, {"weight": 1, "random_weight": 0.8044846875960386, "id": 7}, {"weight": 2, "random_weight": 0.9813783639968942, "id": 14}, {"weight": 1, "random_weight": 0.7300652461353092, "id": 15}, {"weight": 1, "random_weight": 0.6893458717156564, "id": 18}, {"weight": 2, "random_weight": 0.9957586763717956, "id": 20}], [{"weight": 1, "random_weight": 0.9865253708406015, "id": 3}, {"weight": 1, "random_weight": 0.4876409845609384, "id": 4}, {"weight": 2, "random_weight": 0.9813783639968942, "id": 13}, {"weight": 3, "random_weight": 0.22587790100359184, "id": 15}, {"weight": 1, "random_weight": 0.8283345939540482, "id": 17}], [{"weight": 2, "random_weight": 0.9702065776072929, "id": 0}, {"weight": 1, "random_weight": 0.8758306500802069, "id": 4}, {"weight": 1, "random_weight": 0.7300652461353092, "id": 13}, {"weight": 3, "random_weight": 0.22587790100359184, "id": 14}, {"weight": 1, "random_weight": 0.6805297931243199, "id": 23}], [{"weight": 1, "random_weight": 0.534349765811905, "id": 19}, {"weight": 2, "random_weight": 0.5810146758155647, "id": 28}, {"weight": 1, "random_weight": 0.10784310283144882, "id": 41}], [{"weight": 3, "random_weight": 0.6245272443227606, "id": 3}, {"weight": 2, "random_weight": 0.9437876149859616, "id": 8}, {"weight": 1, "random_weight": 0.8283345939540482, "id": 14}, {"weight": 2, "random_weight": 0.30776727454384667, "id": 18}], [{"weight": 1, "random_weight": 0.43181454553556753, "id": 8}, {"weight": 1, "random_weight": 0.6893458717156564, "id": 13}, {"weight": 2, "random_weight": 0.30776727454384667, "id": 17}, {"weight": 1, "random_weight": 0.9160990365732408, "id": 20}, {"weight": 2, "random_weight": 0.8201784818368729, "id": 26}, {"weight": 1, "random_weight": 0.9428321292826058, "id": 33}], [{"weight": 1, "random_weight": 0.6003176587259711, "id": 0}, {"weight": 1, "random_weight": 0.534349765811905, "id": 16}, {"weight": 3, "random_weight": 0.6141900673764217, "id": 23}], [{"weight": 3, "random_weight": 0.17998351193571693, "id": 6}, {"weight": 2, "random_weight": 0.19567718304404214, "id": 7}, {"weight": 2, "random_weight": 0.9957586763717956, "id": 13}, {"weight": 1, "random_weight": 0.9160990365732408, "id": 18}], [{"weight": 3, "random_weight": 0.13119405181089483, "id": 22}, {"weight": 2, "random_weight": 0.3410600944284723, "id": 39}, {"weight": 2, "random_weight": 0.17374595765961764, "id": 40}], [{"weight": 3, "random_weight": 0.13119405181089483, "id": 21}, {"weight": 2, "random_weight": 0.7715579134903253, "id": 37}, {"weight": 1, "random_weight": 0.8883490514397702, "id": 44}], [{"weight": 2, "random_weight": 0.8868660432649957, "id": 4}, {"weight": 1, "random_weight": 0.6805297931243199, "id": 15}, {"weight": 3, "random_weight": 0.6141900673764217, "id": 19}, {"weight": 1, "random_weight": 0.8931260747872883, "id": 41}, {"weight": 1, "random_weight": 0.8820260658519677, "id": 45}], [{"weight": 3, "random_weight": 0.6816818261588004, "id": 25}, {"weight": 2, "random_weight": 0.3395481913769982, "id": 27}, {"weight": 2, "random_weight": 0.9901900981038494, "id": 31}], [{"weight": 3, "random_weight": 0.6816818261588004, "id": 24}, {"weight": 2, "random_weight": 0.19540785789139548, "id": 30}, {"weight": 1, "random_weight": 0.929973670541655, "id": 31}], [{"weight": 1, "random_weight": 0.9566527077899085, "id": 8}, {"weight": 1, "random_weight": 0.30531172307113974, "id": 12}, {"weight": 2, "random_weight": 0.8201784818368729, "id": 18}, {"weight": 2, "random_weight": 0.5261066730150195, "id": 33}, {"weight": 1, "random_weight": 0.8442287734352553, "id": 34}, {"weight": 1, "random_weight": 0.4593343647574779, "id": 35}], [{"weight": 2, "random_weight": 0.9247587921481184, "id": 10}, {"weight": 2, "random_weight": 0.3395481913769982, "id": 24}, {"weight": 1, "random_weight": 0.8017080187508006, "id": 32}, {"weight": 1, "random_weight": 0.5415739855218178, "id": 36}, {"weight": 1, "random_weight": 0.2542189448832183, "id": 44}], [{"weight": 2, "random_weight": 0.5810146758155647, "id": 16}, {"weight": 3, "random_weight": 0.42849949678533006, "id": 29}, {"weight": 1, "random_weight": 0.0075168696883591846, "id": 41}], [{"weight": 3, "random_weight": 0.42849949678533006, "id": 28}, {"weight": 2, "random_weight": 0.4113045463896232, "id": 40}, {"weight": 2, "random_weight": 0.26888359006707296, "id": 41}], [{"weight": 1, "random_weight": 0.8364703052923336, "id": 1}, {"weight": 2, "random_weight": 0.19540785789139548, "id": 25}, {"weight": 1, "random_weight": 0.9952009167087961, "id": 38}, {"weight": 2, "random_weight": 0.18459981133842895, "id": 42}], [{"weight": 2, "random_weight": 0.9901900981038494, "id": 24}, {"weight": 1, "random_weight": 0.929973670541655, "id": 25}, {"weight": 1, "random_weight": 0.5332953188382834, "id": 32}, {"weight": 2, "random_weight": 0.6112198691298645, "id": 38}, {"weight": 2, "random_weight": 0.18945872758271776, "id": 47}], [{"weight": 1, "random_weight": 0.8017080187508006, "id": 27}, {"weight": 1, "random_weight": 0.5332953188382834, "id": 31}, {"weight": 1, "random_weight": 0.31753431108581287, "id": 43}, {"weight": 3, "random_weight": 0.5580319589351985, "id": 44}, {"weight": 2, "random_weight": 0.36217432589221454, "id": 47}], [{"weight": 2, "random_weight": 0.1669143266183386, "id": 6}, {"weight": 1, "random_weight": 0.9428321292826058, "id": 18}, {"weight": 2, "random_weight": 0.5261066730150195, "id": 26}, {"weight": 2, "random_weight": 0.26798470649925, "id": 35}], [{"weight": 1, "random_weight": 0.2664519429815242, "id": 8}, {"weight": 1, "random_weight": 0.3480174250447584, "id": 9}, {"weight": 2, "random_weight": 0.07945413344764662, "id": 11}, {"weight": 1, "random_weight": 0.5622152196173128, "id": 12}, {"weight": 1, "random_weight": 0.8442287734352553, "id": 26}, {"weight": 1, "random_weight": 0.8191389839832856, "id": 38}, {"weight": 1, "random_weight": 0.7120939244370335, "id": 42}], [{"weight": 2, "random_weight": 0.8756211156432112, "id": 12}, {"weight": 1, "random_weight": 0.4593343647574779, "id": 26}, {"weight": 2, "random_weight": 0.26798470649925, "id": 33}], [{"weight": 2, "random_weight": 0.20186187083273743, "id": 10}, {"weight": 1, "random_weight": 0.5415739855218178, "id": 27}, {"weight": 3, "random_weight": 0.40747050949591856, "id": 37}], [{"weight": 2, "random_weight": 0.7715579134903253, "id": 22}, {"weight": 3, "random_weight": 0.40747050949591856, "id": 36}, {"weight": 2, "random_weight": 0.17118962337907617, "id": 44}], [{"weight": 2, "random_weight": 0.788913751951301, "id": 9}, {"weight": 1, "random_weight": 0.9952009167087961, "id": 30}, {"weight": 2, "random_weight": 0.6112198691298645, "id": 31}, {"weight": 1, "random_weight": 0.8191389839832856, "id": 34}, {"weight": 1, "random_weight": 0.06777872389255968, "id": 42}, {"weight": 1, "random_weight": 0.19175100286155378, "id": 47}], [{"weight": 2, "random_weight": 0.3410600944284723, "id": 21}, {"weight": 1, "random_weight": 0.3883819535405443, "id": 40}, {"weight": 2, "random_weight": 0.4840228140148739, "id": 43}, {"weight": 1, "random_weight": 0.5918041310688815, "id": 44}, {"weight": 2, "random_weight": 0.6136949419620528, "id": 46}], [{"weight": 2, "random_weight": 0.17374595765961764, "id": 21}, {"weight": 2, "random_weight": 0.4113045463896232, "id": 29}, {"weight": 1, "random_weight": 0.3883819535405443, "id": 39}, {"weight": 1, "random_weight": 0.6308854145874163, "id": 41}, {"weight": 1, "random_weight": 0.7605392664608255, "id": 46}], [{"weight": 1, "random_weight": 0.10784310283144882, "id": 16}, {"weight": 1, "random_weight": 0.8931260747872883, "id": 23}, {"weight": 1, "random_weight": 0.0075168696883591846, "id": 28}, {"weight": 2, "random_weight": 0.26888359006707296, "id": 29}, {"weight": 1, "random_weight": 0.6308854145874163, "id": 40}, {"weight": 2, "random_weight": 0.788734441148455, "id": 45}], [{"weight": 2, "random_weight": 0.15740709081701487, "id": 1}, {"weight": 2, "random_weight": 0.5007044954254963, "id": 11}, {"weight": 2, "random_weight": 0.18459981133842895, "id": 30}, {"weight": 1, "random_weight": 0.7120939244370335, "id": 34}, {"weight": 1, "random_weight": 0.06777872389255968, "id": 38}], [{"weight": 1, "random_weight": 0.15384395691164665, "id": 3}, {"weight": 1, "random_weight": 0.6861556333617397, "id": 8}, {"weight": 1, "random_weight": 0.8360310063255721, "id": 9}, {"weight": 1, "random_weight": 0.31753431108581287, "id": 32}, {"weight": 2, "random_weight": 0.4840228140148739, "id": 39}, {"weight": 1, "random_weight": 0.6402330293606315, "id": 46}, {"weight": 1, "random_weight": 0.2970894115162275, "id": 47}], [{"weight": 1, "random_weight": 0.8883490514397702, "id": 22}, {"weight": 1, "random_weight": 0.2542189448832183, "id": 27}, {"weight": 3, "random_weight": 0.5580319589351985, "id": 32}, {"weight": 2, "random_weight": 0.17118962337907617, "id": 37}, {"weight": 1, "random_weight": 0.5918041310688815, "id": 39}], [{"weight": 3, "random_weight": 0.6290843620486719, "id": 4}, {"weight": 1, "random_weight": 0.8820260658519677, "id": 23}, {"weight": 2, "random_weight": 0.788734441148455, "id": 41}, {"weight": 2, "random_weight": 0.6218643741099261, "id": 46}], [{"weight": 2, "random_weight": 0.8921454381121984, "id": 3}, {"weight": 2, "random_weight": 0.6136949419620528, "id": 39}, {"weight": 1, "random_weight": 0.7605392664608255, "id": 40}, {"weight": 1, "random_weight": 0.6402330293606315, "id": 43}, {"weight": 2, "random_weight": 0.6218643741099261, "id": 45}], [{"weight": 2, "random_weight": 0.5775322025937287, "id": 9}, {"weight": 2, "random_weight": 0.18945872758271776, "id": 31}, {"weight": 2, "random_weight": 0.36217432589221454, "id": 32}, {"weight": 1, "random_weight": 0.19175100286155378, "id": 38}, {"weight": 1, "random_weight": 0.2970894115162275, "id": 43}]]}