{"directed": false, "multigraph": false, "graph": [], "nodes": [{"graph": null, "nnodes": 3, "nedges": 2, "density": 0.6666666666666666, "atomics": "[137, 138, 126]", "group_pop": 3, "init_part_assignment": 6, "id": 0}, {"graph": null, "nnodes": 3, "nedges": 2, "density": 0.6666666666666666, "atomics": "[115, 139, 127]", "group_pop": 3, "init_part_assignment": 6, "id": 1}, {"graph": null, "nnodes": 3, "nedges": 2, "density": 0.6666666666666666, "atomics": "[128, 140, 141]", "group_pop": 3, "init_part_assignment": 6, "id": 2}, {"graph": null, "nnodes": 3, "nedges": 2, "density": 0.6666666666666666, "atomics": "[8, 9, 10]", "group_pop": 3, "init_part_assignment": 0, "id": 3}, {"graph": null, "nnodes": 3, "nedges": 2, "density": 0.6666666666666666, "atomics": "[11, 22, 23]", "group_pop": 3, "init_part_assignment": 0, "id": 4}, {"graph": null, "nnodes": 3, "nedges": 2, "density": 0.6666666666666666, "atomics": "[89, 90, 101]", "group_pop": 3, "init_part_assignment": 11, "id": 5}, {"graph": null, "nnodes": 3, "nedges": 2, "density": 0.6666666666666666, "atomics": "[112, 113, 100]", "group_pop": 3, "init_part_assignment": 7, "id": 6}, {"graph": null, "nnodes": 3, "nedges": 2, "density": 0.6666666666666666, "atomics": "[131, 142, 143]", "group_pop": 3, "init_part_assignment": 9, "id": 7}, {"graph": null, "nnodes": 3, "nedges": 2, "density": 0.6666666666666666, "atomics": "[107, 119, 95]", "group_pop": 3, "init_part_assignment": 9, "id": 8}, {"graph": null, "nnodes": 3, "nedges": 2, "density": 0.6666666666666666, "atomics": "[129, 116, 117]", "group_pop": 3, "init_part_assignment": 6, "id": 9}, {"graph": null, "nnodes": 3, "nedges": 2, "density": 0.6666666666666666, "atomics": "[66, 78, 79]", "group_pop": 3, "init_part_assignment": 11, "id": 10}, {"graph": null, "nnodes": 3, "nedges": 2, "density": 0.6666666666666666, "atomics": "[56, 67, 55]", "group_pop": 3, "init_part_assignment": 10, "id": 11}, {"graph": null, "nnodes": 3, "nedges": 2, "density": 0.6666666666666666, "atomics": "[42, 43, 54]", "group_pop": 3, "init_part_assignment": 10, "id": 12}, {"graph": null, "nnodes": 3, "nedges": 2, "density": 0.6666666666666666, "atomics": "[0, 24, 12]", "group_pop": 3, "init_part_assignment": 5, "id": 13}, {"graph": null, "nnodes": 3, "nedges": 2, "density": 0.6666666666666666, "atomics": "[1, 13, 25]", "group_pop": 3, "init_part_assignment": 5, "id": 14}, {"graph": null, "nnodes": 3, "nedges": 2, "density": 0.6666666666666666, "atomics": "[2, 26, 14]", "group_pop": 3, "init_part_assignment": 5, "id": 15}, {"graph": null, "nnodes": 3, "nedges": 2, "density": 0.6666666666666666, "atomics": "[34, 35, 47]", "group_pop": 3, "init_part_assignment": 0, "id": 16}, {"graph": null, "nnodes": 3, "nedges": 2, "density": 0.6666666666666666, "atomics": "[120, 132, 108]", "group_pop": 3, "init_part_assignment": 3, "id": 17}, {"graph": null, "nnodes": 3, "nedges": 2, "density": 0.6666666666666666, "atomics": "[133, 134, 135]", "group_pop": 3, "init_part_assignment": 3, "id": 18}, {"graph": null, "nnodes": 3, "nedges": 2, "density": 0.6666666666666666, "atomics": "[104, 91, 92]", "group_pop": 3, "init_part_assignment": 11, "id": 19}, {"graph": null, "nnodes": 3, "nedges": 2, "density": 0.6666666666666666, "atomics": "[114, 102, 103]", "group_pop": 3, "init_part_assignment": 7, "id": 20}, {"graph": null, "nnodes": 3, "nedges": 2, "density": 0.6666666666666666, "atomics": "[136, 124, 125]", "group_pop": 3, "init_part_assignment": 7, "id": 21}, {"graph": null, "nnodes": 3, "nedges": 2, "density": 0.6666666666666666, "atomics": "[130, 118, 106]", "group_pop": 3, "init_part_assignment": 9, "id": 22}, {"graph": null, "nnodes": 3, "nedges": 2, "density": 0.6666666666666666, "atomics": "[72, 96, 84]", "group_pop": 3, "init_part_assignment": 4, "id": 23}, {"graph": null, "nnodes": 3, "nedges": 2, "density": 0.6666666666666666, "atomics": "[48, 36, 37]", "group_pop": 3, "init_part_assignment": 5, "id": 24}, {"graph": null, "nnodes": 3, "nedges": 2, "density": 0.6666666666666666, "atomics": "[60, 61, 62]", "group_pop": 3, "init_part_assignment": 4, "id": 25}, {"graph": null, "nnodes": 3, "nedges": 2, "density": 0.6666666666666666, "atomics": "[105, 93, 94]", "group_pop": 3, "init_part_assignment": 11, "id": 26}, {"graph": null, "nnodes": 3, "nedges": 2, "density": 0.6666666666666666, "atomics": "[16, 17, 5]", "group_pop": 3, "init_part_assignment": 8, "id": 27}, {"graph": null, "nnodes": 3, "nedges": 2, "density": 0.6666666666666666, "atomics": "[3, 4, 15]", "group_pop": 3, "init_part_assignment": 8, "id": 28}, {"graph": null, "nnodes": 3, "nedges": 2, "density": 0.6666666666666666, "atomics": "[80, 81, 68]", "group_pop": 3, "init_part_assignment": 10, "id": 29}, {"graph": null, "nnodes": 3, "nedges": 2, "density": 0.6666666666666666, "atomics": "[121, 122, 110]", "group_pop": 3, "init_part_assignment": 3, "id": 30}, {"graph": null, "nnodes": 3, "nedges": 2, "density": 0.6666666666666666, "atomics": "[97, 98, 109]", "group_pop": 3, "init_part_assignment": 3, "id": 31}, {"graph": null, "nnodes": 3, "nedges": 2, "density": 0.6666666666666666, "atomics": "[19, 6, 7]", "group_pop": 3, "init_part_assignment": 0, "id": 32}, {"graph": null, "nnodes": 3, "nedges": 2, "density": 0.6666666666666666, "atomics": "[18, 30, 31]", "group_pop": 3, "init_part_assignment": 8, "id": 33}, {"graph": null, "nnodes": 3, "nedges": 2, "density": 0.6666666666666666, "atomics": "[27, 28, 29]", "group_pop": 3, "init_part_assignment": 8, "id": 34}, {"graph": null, "nnodes": 3, "nedges": 2, "density": 0.6666666666666666, "atomics": "[51, 39, 63]", "group_pop": 3, "init_part_assignment": 4, "id": 35}, {"graph": null, "nnodes": 3, "nedges": 2, "density": 0.6666666666666666, "atomics": "[82, 83, 71]", "group_pop": 3, "init_part_assignment": 9, "id": 36}, {"graph": null, "nnodes": 3, "nedges": 2, "density": 0.6666666666666666, "atomics": "[57, 69, 70]", "group_pop": 3, "init_part_assignment": 2, "id": 37}, {"graph": null, "nnodes": 3, "nedges": 2, "density": 0.6666666666666666, "atomics": "[73, 85, 86]", "group_pop": 3, "init_part_assignment": 1, "id": 38}, {"graph": null, "nnodes": 3, "nedges": 2, "density": 0.6666666666666666, "atomics": "[49, 50, 38]", "group_pop": 3, "init_part_assignment": 4, "id": 39}, {"graph": null, "nnodes": 3, "nedges": 2, "density": 0.6666666666666666, "atomics": "[58, 59, 46]", "group_pop": 3, "init_part_assignment": 2, "id": 40}, {"graph": null, "nnodes": 3, "nedges": 2, "density": 0.6666666666666666, "atomics": "[33, 20, 21]", "group_pop": 3, "init_part_assignment": 2, "id": 41}, {"graph": null, "nnodes": 3, "nedges": 2, "density": 0.6666666666666666, "atomics": "[32, 44, 45]", "group_pop": 3, "init_part_assignment": 2, "id": 42}, {"graph": null, "nnodes": 3, "nedges": 2, "density": 0.6666666666666666, "atomics": "[74, 75, 87]", "group_pop": 3, "init_part_assignment": 1, "id": 43}, {"graph": null, "nnodes": 3, "nedges": 2, "density": 0.6666666666666666, "atomics": "[123, 99, 111]", "group_pop": 3, "init_part_assignment": 7, "id": 44}, {"graph": null, "nnodes": 3, "nedges": 2, "density": 0.6666666666666666, "atomics": "[64, 65, 52]", "group_pop": 3, "init_part_assignment": 1, "id": 45}, {"graph": null, "nnodes": 3, "nedges": 2, "density": 0.6666666666666666, "atomics": "[40, 41, 53]", "group_pop": 3, "init_part_assignment": 10, "id": 46}, {"graph": null, "nnodes": 3, "nedges": 2, "density": 0.6666666666666666, "atomics": "[88, 76, 77]", "group_pop": 3, "init_part_assignment": 1, "id": 47}], "adjacency": [[{"weight": 2, "random_weight": 0.31114775048073673, "id": 1}, {"weight": 1, "random_weight": 0.616006223021986, "id": 20}, {"weight": 3, "random_weight": 0.7361002550458651, "id": 21}], [{"weight": 2, "random_weight": 0.31114775048073673, "id": 0}, {"weight": 2, "random_weight": 0.28840254098540175, "id": 2}, {"weight": 1, "random_weight": 0.4233013987104578, "id": 9}, {"weight": 2, "random_weight": 0.919637307184558, "id": 20}], [{"weight": 2, "random_weight": 0.28840254098540175, "id": 1}, {"weight": 1, "random_weight": 0.5316737626494258, "id": 7}, {"weight": 3, "random_weight": 0.7335916570749396, "id": 9}], [{"weight": 2, "random_weight": 0.3725431194979003, "id": 4}, {"weight": 1, "random_weight": 0.1103162489499584, "id": 32}, {"weight": 2, "random_weight": 0.20422245978820386, "id": 41}], [{"weight": 2, "random_weight": 0.3725431194979003, "id": 3}, {"weight": 2, "random_weight": 0.3625791732914472, "id": 16}, {"weight": 1, "random_weight": 0.7835765637167463, "id": 41}], [{"weight": 2, "random_weight": 0.9169588803248323, "id": 6}, {"weight": 1, "random_weight": 0.8670185379866198, "id": 10}, {"weight": 1, "random_weight": 0.6041070256539355, "id": 19}, {"weight": 2, "random_weight": 0.39853521042773843, "id": 20}, {"weight": 2, "random_weight": 0.44866524221939397, "id": 47}], [{"weight": 2, "random_weight": 0.9169588803248323, "id": 5}, {"weight": 1, "random_weight": 0.6873987233596321, "id": 20}, {"weight": 2, "random_weight": 0.35979376991214007, "id": 21}, {"weight": 2, "random_weight": 0.7139255743856495, "id": 44}, {"weight": 1, "random_weight": 0.03192447246927821, "id": 47}], [{"weight": 1, "random_weight": 0.5316737626494258, "id": 2}, {"weight": 1, "random_weight": 0.033923992687332594, "id": 8}, {"weight": 2, "random_weight": 0.4329245602138133, "id": 22}], [{"weight": 1, "random_weight": 0.033923992687332594, "id": 7}, {"weight": 2, "random_weight": 0.7178283456385494, "id": 22}, {"weight": 1, "random_weight": 0.30225237013851247, "id": 26}, {"weight": 1, "random_weight": 0.2531947066658933, "id": 36}], [{"weight": 1, "random_weight": 0.4233013987104578, "id": 1}, {"weight": 3, "random_weight": 0.7335916570749396, "id": 2}, {"weight": 1, "random_weight": 0.8806700975588921, "id": 19}, {"weight": 2, "random_weight": 0.7102932394569406, "id": 22}, {"weight": 1, "random_weight": 0.9202976864052774, "id": 26}], [{"weight": 1, "random_weight": 0.8670185379866198, "id": 5}, {"weight": 2, "random_weight": 0.8763618313993395, "id": 11}, {"weight": 1, "random_weight": 0.5255522626139285, "id": 12}, {"weight": 1, "random_weight": 0.1391987500368077, "id": 19}, {"weight": 1, "random_weight": 0.6726296544282887, "id": 29}, {"weight": 1, "random_weight": 0.8531069854906231, "id": 45}, {"weight": 1, "random_weight": 0.7398844284972843, "id": 47}], [{"weight": 2, "random_weight": 0.8763618313993395, "id": 10}, {"weight": 2, "random_weight": 0.38976742790487406, "id": 12}, {"weight": 2, "random_weight": 0.4905624491276609, "id": 29}, {"weight": 1, "random_weight": 0.8218177921206019, "id": 37}, {"weight": 1, "random_weight": 0.6879305059795504, "id": 42}], [{"weight": 1, "random_weight": 0.5255522626139285, "id": 10}, {"weight": 2, "random_weight": 0.38976742790487406, "id": 11}, {"weight": 2, "random_weight": 0.6880674491904964, "id": 33}, {"weight": 1, "random_weight": 0.8102503783528034, "id": 42}, {"weight": 2, "random_weight": 0.6148379062165509, "id": 46}], [{"weight": 3, "random_weight": 0.330823662316747, "id": 14}, {"weight": 1, "random_weight": 0.21451261925791532, "id": 24}], [{"weight": 3, "random_weight": 0.330823662316747, "id": 13}, {"weight": 3, "random_weight": 0.2558811626940295, "id": 15}, {"weight": 1, "random_weight": 0.966291325565525, "id": 24}], [{"weight": 3, "random_weight": 0.2558811626940295, "id": 14}, {"weight": 2, "random_weight": 0.14463236762831555, "id": 28}, {"weight": 1, "random_weight": 0.8822588571762494, "id": 34}, {"weight": 1, "random_weight": 0.629381591790434, "id": 39}], [{"weight": 2, "random_weight": 0.3625791732914472, "id": 4}, {"weight": 3, "random_weight": 0.7311483766207773, "id": 40}, {"weight": 1, "random_weight": 0.5310940779621461, "id": 41}], [{"weight": 1, "random_weight": 0.6733768099543693, "id": 18}, {"weight": 1, "random_weight": 0.7783109069410598, "id": 23}, {"weight": 1, "random_weight": 0.2870470136388711, "id": 30}, {"weight": 1, "random_weight": 0.013886494275868966, "id": 31}], [{"weight": 1, "random_weight": 0.6733768099543693, "id": 17}, {"weight": 1, "random_weight": 0.6417326026320321, "id": 21}, {"weight": 2, "random_weight": 0.004827684915917896, "id": 30}, {"weight": 1, "random_weight": 0.9974564536652851, "id": 44}], [{"weight": 1, "random_weight": 0.6041070256539355, "id": 5}, {"weight": 1, "random_weight": 0.8806700975588921, "id": 9}, {"weight": 1, "random_weight": 0.1391987500368077, "id": 10}, {"weight": 2, "random_weight": 0.043585679956235523, "id": 20}, {"weight": 2, "random_weight": 0.07365998967955678, "id": 26}, {"weight": 1, "random_weight": 0.21755606575423436, "id": 29}], [{"weight": 1, "random_weight": 0.616006223021986, "id": 0}, {"weight": 2, "random_weight": 0.919637307184558, "id": 1}, {"weight": 2, "random_weight": 0.39853521042773843, "id": 5}, {"weight": 1, "random_weight": 0.6873987233596321, "id": 6}, {"weight": 2, "random_weight": 0.043585679956235523, "id": 19}], [{"weight": 3, "random_weight": 0.7361002550458651, "id": 0}, {"weight": 2, "random_weight": 0.35979376991214007, "id": 6}, {"weight": 1, "random_weight": 0.6417326026320321, "id": 18}, {"weight": 1, "random_weight": 0.324299191528966, "id": 44}], [{"weight": 2, "random_weight": 0.4329245602138133, "id": 7}, {"weight": 2, "random_weight": 0.7178283456385494, "id": 8}, {"weight": 2, "random_weight": 0.7102932394569406, "id": 9}, {"weight": 2, "random_weight": 0.8548691124492981, "id": 26}], [{"weight": 1, "random_weight": 0.7783109069410598, "id": 17}, {"weight": 1, "random_weight": 0.2438663502669145, "id": 25}, {"weight": 1, "random_weight": 0.7596138217192108, "id": 31}, {"weight": 2, "random_weight": 0.7133215289288675, "id": 38}], [{"weight": 1, "random_weight": 0.21451261925791532, "id": 13}, {"weight": 1, "random_weight": 0.966291325565525, "id": 14}, {"weight": 1, "random_weight": 0.7473568692339247, "id": 25}, {"weight": 3, "random_weight": 0.8296893052567751, "id": 39}], [{"weight": 1, "random_weight": 0.2438663502669145, "id": 23}, {"weight": 1, "random_weight": 0.7473568692339247, "id": 24}, {"weight": 1, "random_weight": 0.3866565068762957, "id": 35}, {"weight": 1, "random_weight": 0.8870904697981651, "id": 38}, {"weight": 2, "random_weight": 0.09832705358367233, "id": 39}, {"weight": 1, "random_weight": 0.8692908094513678, "id": 43}], [{"weight": 1, "random_weight": 0.30225237013851247, "id": 8}, {"weight": 1, "random_weight": 0.9202976864052774, "id": 9}, {"weight": 2, "random_weight": 0.07365998967955678, "id": 19}, {"weight": 2, "random_weight": 0.8548691124492981, "id": 22}, {"weight": 1, "random_weight": 0.21453730969668194, "id": 29}, {"weight": 1, "random_weight": 0.5970901568599885, "id": 36}], [{"weight": 3, "random_weight": 0.4646667234666738, "id": 28}, {"weight": 1, "random_weight": 0.5395826088635509, "id": 32}, {"weight": 1, "random_weight": 0.18893922038457267, "id": 33}, {"weight": 2, "random_weight": 0.37925362225279446, "id": 34}], [{"weight": 2, "random_weight": 0.14463236762831555, "id": 15}, {"weight": 3, "random_weight": 0.4646667234666738, "id": 27}, {"weight": 1, "random_weight": 0.07551748377806711, "id": 34}], [{"weight": 1, "random_weight": 0.6726296544282887, "id": 10}, {"weight": 2, "random_weight": 0.4905624491276609, "id": 11}, {"weight": 1, "random_weight": 0.21755606575423436, "id": 19}, {"weight": 1, "random_weight": 0.21453730969668194, "id": 26}, {"weight": 1, "random_weight": 0.44176780038927455, "id": 36}, {"weight": 2, "random_weight": 0.6349201234799254, "id": 37}], [{"weight": 1, "random_weight": 0.2870470136388711, "id": 17}, {"weight": 2, "random_weight": 0.004827684915917896, "id": 18}, {"weight": 3, "random_weight": 0.2310723969948003, "id": 31}, {"weight": 2, "random_weight": 0.367090026356798, "id": 44}], [{"weight": 1, "random_weight": 0.013886494275868966, "id": 17}, {"weight": 1, "random_weight": 0.7596138217192108, "id": 23}, {"weight": 3, "random_weight": 0.2310723969948003, "id": 30}, {"weight": 2, "random_weight": 0.5870943317245265, "id": 38}, {"weight": 1, "random_weight": 0.8314757308297119, "id": 44}], [{"weight": 1, "random_weight": 0.1103162489499584, "id": 3}, {"weight": 1, "random_weight": 0.5395826088635509, "id": 27}, {"weight": 3, "random_weight": 0.9760639685496214, "id": 33}, {"weight": 1, "random_weight": 0.050892084726035236, "id": 41}], [{"weight": 2, "random_weight": 0.6880674491904964, "id": 12}, {"weight": 1, "random_weight": 0.18893922038457267, "id": 27}, {"weight": 3, "random_weight": 0.9760639685496214, "id": 32}, {"weight": 1, "random_weight": 0.2874776151449262, "id": 34}, {"weight": 1, "random_weight": 0.754256474097137, "id": 42}], [{"weight": 1, "random_weight": 0.8822588571762494, "id": 15}, {"weight": 2, "random_weight": 0.37925362225279446, "id": 27}, {"weight": 1, "random_weight": 0.07551748377806711, "id": 28}, {"weight": 1, "random_weight": 0.2874776151449262, "id": 33}, {"weight": 1, "random_weight": 0.5759067482761859, "id": 35}, {"weight": 2, "random_weight": 0.32029885793105206, "id": 46}], [{"weight": 1, "random_weight": 0.3866565068762957, "id": 25}, {"weight": 1, "random_weight": 0.5759067482761859, "id": 34}, {"weight": 2, "random_weight": 0.6746458070118445, "id": 39}, {"weight": 1, "random_weight": 0.9466266275900247, "id": 43}, {"weight": 2, "random_weight": 0.8259606131094284, "id": 45}, {"weight": 1, "random_weight": 0.44685589861678543, "id": 46}], [{"weight": 1, "random_weight": 0.2531947066658933, "id": 8}, {"weight": 1, "random_weight": 0.5970901568599885, "id": 26}, {"weight": 1, "random_weight": 0.44176780038927455, "id": 29}, {"weight": 2, "random_weight": 0.7976187117757554, "id": 37}, {"weight": 1, "random_weight": 0.4013942384859429, "id": 40}], [{"weight": 1, "random_weight": 0.8218177921206019, "id": 11}, {"weight": 2, "random_weight": 0.6349201234799254, "id": 29}, {"weight": 2, "random_weight": 0.7976187117757554, "id": 36}, {"weight": 2, "random_weight": 0.462454369224953, "id": 40}, {"weight": 1, "random_weight": 0.1892156420653418, "id": 42}], [{"weight": 2, "random_weight": 0.7133215289288675, "id": 23}, {"weight": 1, "random_weight": 0.8870904697981651, "id": 25}, {"weight": 2, "random_weight": 0.5870943317245265, "id": 31}, {"weight": 3, "random_weight": 0.20682733421796418, "id": 43}], [{"weight": 1, "random_weight": 0.629381591790434, "id": 15}, {"weight": 3, "random_weight": 0.8296893052567751, "id": 24}, {"weight": 2, "random_weight": 0.09832705358367233, "id": 25}, {"weight": 2, "random_weight": 0.6746458070118445, "id": 35}], [{"weight": 3, "random_weight": 0.7311483766207773, "id": 16}, {"weight": 1, "random_weight": 0.4013942384859429, "id": 36}, {"weight": 2, "random_weight": 0.462454369224953, "id": 37}, {"weight": 1, "random_weight": 0.654558405293114, "id": 42}], [{"weight": 2, "random_weight": 0.20422245978820386, "id": 3}, {"weight": 1, "random_weight": 0.7835765637167463, "id": 4}, {"weight": 1, "random_weight": 0.5310940779621461, "id": 16}, {"weight": 1, "random_weight": 0.050892084726035236, "id": 32}, {"weight": 3, "random_weight": 0.5443660964915639, "id": 42}], [{"weight": 1, "random_weight": 0.6879305059795504, "id": 11}, {"weight": 1, "random_weight": 0.8102503783528034, "id": 12}, {"weight": 1, "random_weight": 0.754256474097137, "id": 33}, {"weight": 1, "random_weight": 0.1892156420653418, "id": 37}, {"weight": 1, "random_weight": 0.654558405293114, "id": 40}, {"weight": 3, "random_weight": 0.5443660964915639, "id": 41}], [{"weight": 1, "random_weight": 0.8692908094513678, "id": 25}, {"weight": 1, "random_weight": 0.9466266275900247, "id": 35}, {"weight": 3, "random_weight": 0.20682733421796418, "id": 38}, {"weight": 1, "random_weight": 0.6877858507231132, "id": 44}, {"weight": 2, "random_weight": 0.06259131590041012, "id": 47}], [{"weight": 2, "random_weight": 0.7139255743856495, "id": 6}, {"weight": 1, "random_weight": 0.9974564536652851, "id": 18}, {"weight": 1, "random_weight": 0.324299191528966, "id": 21}, {"weight": 2, "random_weight": 0.367090026356798, "id": 30}, {"weight": 1, "random_weight": 0.8314757308297119, "id": 31}, {"weight": 1, "random_weight": 0.6877858507231132, "id": 43}], [{"weight": 1, "random_weight": 0.8531069854906231, "id": 10}, {"weight": 2, "random_weight": 0.8259606131094284, "id": 35}, {"weight": 3, "random_weight": 0.8145908874676979, "id": 46}, {"weight": 2, "random_weight": 0.25289262418949043, "id": 47}], [{"weight": 2, "random_weight": 0.6148379062165509, "id": 12}, {"weight": 2, "random_weight": 0.32029885793105206, "id": 34}, {"weight": 1, "random_weight": 0.44685589861678543, "id": 35}, {"weight": 3, "random_weight": 0.8145908874676979, "id": 45}], [{"weight": 2, "random_weight": 0.44866524221939397, "id": 5}, {"weight": 1, "random_weight": 0.03192447246927821, "id": 6}, {"weight": 1, "random_weight": 0.7398844284972843, "id": 10}, {"weight": 2, "random_weight": 0.06259131590041012, "id": 43}, {"weight": 2, "random_weight": 0.25289262418949043, "id": 45}]]}