{"directed": false, "multigraph": false, "graph": [], "nodes": [{"graph": null, "nnodes": 3, "nedges": 2, "density": 0.6666666666666666, "atomics": "[138, 126, 127]", "group_pop": 3, "init_part_assignment": 2, "id": 0}, {"graph": null, "nnodes": 3, "nedges": 2, "density": 0.6666666666666666, "atomics": "[128, 139, 140]", "group_pop": 3, "init_part_assignment": 2, "id": 1}, {"graph": null, "nnodes": 3, "nedges": 2, "density": 0.6666666666666666, "atomics": "[8, 9, 10]", "group_pop": 3, "init_part_assignment": 9, "id": 2}, {"graph": null, "nnodes": 3, "nedges": 2, "density": 0.6666666666666666, "atomics": "[11, 35, 23]", "group_pop": 3, "init_part_assignment": 9, "id": 3}, {"graph": null, "nnodes": 3, "nedges": 2, "density": 0.6666666666666666, "atomics": "[89, 90, 101]", "group_pop": 3, "init_part_assignment": 10, "id": 4}, {"graph": null, "nnodes": 3, "nedges": 2, "density": 0.6666666666666666, "atomics": "[113, 114, 115]", "group_pop": 3, "init_part_assignment": 4, "id": 5}, {"graph": null, "nnodes": 3, "nedges": 2, "density": 0.6666666666666666, "atomics": "[131, 142, 143]", "group_pop": 3, "init_part_assignment": 3, "id": 6}, {"graph": null, "nnodes": 3, "nedges": 2, "density": 0.6666666666666666, "atomics": "[107, 118, 119]", "group_pop": 3, "init_part_assignment": 3, "id": 7}, {"graph": null, "nnodes": 3, "nedges": 2, "density": 0.6666666666666666, "atomics": "[129, 130, 141]", "group_pop": 3, "init_part_assignment": 2, "id": 8}, {"graph": null, "nnodes": 3, "nedges": 2, "density": 0.6666666666666666, "atomics": "[65, 66, 53]", "group_pop": 3, "init_part_assignment": 10, "id": 9}, {"graph": null, "nnodes": 3, "nedges": 2, "density": 0.6666666666666666, "atomics": "[67, 68, 69]", "group_pop": 3, "init_part_assignment": 10, "id": 10}, {"graph": null, "nnodes": 3, "nedges": 2, "density": 0.6666666666666666, "atomics": "[56, 54, 55]", "group_pop": 3, "init_part_assignment": 1, "id": 11}, {"graph": null, "nnodes": 3, "nedges": 2, "density": 0.6666666666666666, "atomics": "[0, 24, 12]", "group_pop": 3, "init_part_assignment": 6, "id": 12}, {"graph": null, "nnodes": 3, "nedges": 2, "density": 0.6666666666666666, "atomics": "[1, 2, 14]", "group_pop": 3, "init_part_assignment": 6, "id": 13}, {"graph": null, "nnodes": 3, "nedges": 2, "density": 0.6666666666666666, "atomics": "[34, 21, 22]", "group_pop": 3, "init_part_assignment": 1, "id": 14}, {"graph": null, "nnodes": 3, "nedges": 2, "density": 0.6666666666666666, "atomics": "[59, 46, 47]", "group_pop": 3, "init_part_assignment": 9, "id": 15}, {"graph": null, "nnodes": 3, "nedges": 2, "density": 0.6666666666666666, "atomics": "[121, 132, 133]", "group_pop": 3, "init_part_assignment": 0, "id": 16}, {"graph": null, "nnodes": 3, "nedges": 2, "density": 0.6666666666666666, "atomics": "[136, 134, 135]", "group_pop": 3, "init_part_assignment": 0, "id": 17}, {"graph": null, "nnodes": 3, "nedges": 2, "density": 0.6666666666666666, "atomics": "[104, 116, 117]", "group_pop": 3, "init_part_assignment": 3, "id": 18}, {"graph": null, "nnodes": 3, "nedges": 2, "density": 0.6666666666666666, "atomics": "[91, 102, 103]", "group_pop": 3, "init_part_assignment": 7, "id": 19}, {"graph": null, "nnodes": 3, "nedges": 2, "density": 0.6666666666666666, "atomics": "[80, 81, 92]", "group_pop": 3, "init_part_assignment": 7, "id": 20}, {"graph": null, "nnodes": 3, "nedges": 2, "density": 0.6666666666666666, "atomics": "[77, 78, 79]", "group_pop": 3, "init_part_assignment": 10, "id": 21}, {"graph": null, "nnodes": 3, "nedges": 2, "density": 0.6666666666666666, "atomics": "[137, 124, 125]", "group_pop": 3, "init_part_assignment": 2, "id": 22}, {"graph": null, "nnodes": 3, "nedges": 2, "density": 0.6666666666666666, "atomics": "[72, 73, 74]", "group_pop": 3, "init_part_assignment": 8, "id": 23}, {"graph": null, "nnodes": 3, "nedges": 2, "density": 0.6666666666666666, "atomics": "[48, 49, 50]", "group_pop": 3, "init_part_assignment": 8, "id": 24}, {"graph": null, "nnodes": 3, "nedges": 2, "density": 0.6666666666666666, "atomics": "[60, 61, 62]", "group_pop": 3, "init_part_assignment": 8, "id": 25}, {"graph": null, "nnodes": 3, "nedges": 2, "density": 0.6666666666666666, "atomics": "[105, 106, 93]", "group_pop": 3, "init_part_assignment": 3, "id": 26}, {"graph": null, "nnodes": 3, "nedges": 2, "density": 0.6666666666666666, "atomics": "[16, 3, 4]", "group_pop": 3, "init_part_assignment": 11, "id": 27}, {"graph": null, "nnodes": 3, "nedges": 2, "density": 0.6666666666666666, "atomics": "[17, 5, 6]", "group_pop": 3, "init_part_assignment": 5, "id": 28}, {"graph": null, "nnodes": 3, "nedges": 2, "density": 0.6666666666666666, "atomics": "[27, 15, 39]", "group_pop": 3, "init_part_assignment": 11, "id": 29}, {"graph": null, "nnodes": 3, "nedges": 2, "density": 0.6666666666666666, "atomics": "[120, 108, 109]", "group_pop": 3, "init_part_assignment": 0, "id": 30}, {"graph": null, "nnodes": 3, "nedges": 2, "density": 0.6666666666666666, "atomics": "[19, 20, 7]", "group_pop": 3, "init_part_assignment": 5, "id": 31}, {"graph": null, "nnodes": 3, "nedges": 2, "density": 0.6666666666666666, "atomics": "[18, 30, 31]", "group_pop": 3, "init_part_assignment": 5, "id": 32}, {"graph": null, "nnodes": 3, "nedges": 2, "density": 0.6666666666666666, "atomics": "[40, 28, 29]", "group_pop": 3, "init_part_assignment": 5, "id": 33}, {"graph": null, "nnodes": 3, "nedges": 2, "density": 0.6666666666666666, "atomics": "[94, 82, 70]", "group_pop": 3, "init_part_assignment": 7, "id": 34}, {"graph": null, "nnodes": 3, "nedges": 2, "density": 0.6666666666666666, "atomics": "[83, 71, 95]", "group_pop": 3, "init_part_assignment": 7, "id": 35}, {"graph": null, "nnodes": 3, "nedges": 2, "density": 0.6666666666666666, "atomics": "[57, 58, 45]", "group_pop": 3, "init_part_assignment": 9, "id": 36}, {"graph": null, "nnodes": 3, "nedges": 2, "density": 0.6666666666666666, "atomics": "[36, 37, 38]", "group_pop": 3, "init_part_assignment": 6, "id": 37}, {"graph": null, "nnodes": 3, "nedges": 2, "density": 0.6666666666666666, "atomics": "[32, 33, 44]", "group_pop": 3, "init_part_assignment": 1, "id": 38}, {"graph": null, "nnodes": 3, "nedges": 2, "density": 0.6666666666666666, "atomics": "[41, 42, 43]", "group_pop": 3, "init_part_assignment": 1, "id": 39}, {"graph": null, "nnodes": 3, "nedges": 2, "density": 0.6666666666666666, "atomics": "[75, 51, 63]", "group_pop": 3, "init_part_assignment": 11, "id": 40}, {"graph": null, "nnodes": 3, "nedges": 2, "density": 0.6666666666666666, "atomics": "[85, 86, 87]", "group_pop": 3, "init_part_assignment": 8, "id": 41}, {"graph": null, "nnodes": 3, "nedges": 2, "density": 0.6666666666666666, "atomics": "[122, 123, 110]", "group_pop": 3, "init_part_assignment": 0, "id": 42}, {"graph": null, "nnodes": 3, "nedges": 2, "density": 0.6666666666666666, "atomics": "[96, 97, 84]", "group_pop": 3, "init_part_assignment": 4, "id": 43}, {"graph": null, "nnodes": 3, "nedges": 2, "density": 0.6666666666666666, "atomics": "[98, 99, 111]", "group_pop": 3, "init_part_assignment": 4, "id": 44}, {"graph": null, "nnodes": 3, "nedges": 2, "density": 0.6666666666666666, "atomics": "[25, 26, 13]", "group_pop": 3, "init_part_assignment": 6, "id": 45}, {"graph": null, "nnodes": 3, "nedges": 2, "density": 0.6666666666666666, "atomics": "[112, 88, 100]", "group_pop": 3, "init_part_assignment": 4, "id": 46}, {"graph": null, "nnodes": 3, "nedges": 2, "density": 0.6666666666666666, "atomics": "[64, 76, 52]", "group_pop": 3, "init_part_assignment": 11, "id": 47}], "adjacency": [[{"weight": 3, "random_weight": 0.5740177686423368, "id": 1}, {"weight": 2, "random_weight": 0.28962418620371866, "id": 5}, {"weight": 2, "random_weight": 0.209399268428882, "id": 22}], [{"weight": 3, "random_weight": 0.5740177686423368, "id": 0}, {"weight": 2, "random_weight": 0.36511117606764987, "id": 8}, {"weight": 1, "random_weight": 0.883647380407274, "id": 18}], [{"weight": 1, "random_weight": 0.8166788447232759, "id": 3}, {"weight": 2, "random_weight": 0.9634067913289491, "id": 14}, {"weight": 2, "random_weight": 0.8505731814472431, "id": 31}], [{"weight": 1, "random_weight": 0.8166788447232759, "id": 2}, {"weight": 2, "random_weight": 0.49839680692296984, "id": 14}, {"weight": 1, "random_weight": 0.013412783899488967, "id": 15}], [{"weight": 1, "random_weight": 0.43706907632358283, "id": 5}, {"weight": 3, "random_weight": 0.911415305166012, "id": 19}, {"weight": 2, "random_weight": 0.6370830747085721, "id": 21}, {"weight": 2, "random_weight": 0.84884308474462, "id": 46}], [{"weight": 2, "random_weight": 0.28962418620371866, "id": 0}, {"weight": 1, "random_weight": 0.43706907632358283, "id": 4}, {"weight": 1, "random_weight": 0.7593410029237553, "id": 18}, {"weight": 2, "random_weight": 0.7885181679304231, "id": 19}, {"weight": 1, "random_weight": 0.12255923253065582, "id": 22}, {"weight": 1, "random_weight": 0.08845204858083477, "id": 46}], [{"weight": 1, "random_weight": 0.4762912911875067, "id": 7}, {"weight": 3, "random_weight": 0.951892521898507, "id": 8}], [{"weight": 1, "random_weight": 0.4762912911875067, "id": 6}, {"weight": 1, "random_weight": 0.8830343300587985, "id": 8}, {"weight": 1, "random_weight": 0.39315374766381594, "id": 18}, {"weight": 2, "random_weight": 0.28885564169500244, "id": 26}, {"weight": 1, "random_weight": 0.9833885848412001, "id": 35}], [{"weight": 2, "random_weight": 0.36511117606764987, "id": 1}, {"weight": 3, "random_weight": 0.951892521898507, "id": 6}, {"weight": 1, "random_weight": 0.8830343300587985, "id": 7}, {"weight": 1, "random_weight": 0.9379399729127043, "id": 18}], [{"weight": 1, "random_weight": 0.7196051573163252, "id": 10}, {"weight": 2, "random_weight": 0.9514043645469721, "id": 11}, {"weight": 2, "random_weight": 0.7026606021517553, "id": 21}, {"weight": 1, "random_weight": 0.6127710486317923, "id": 39}, {"weight": 2, "random_weight": 0.7213515011133231, "id": 47}], [{"weight": 1, "random_weight": 0.7196051573163252, "id": 9}, {"weight": 2, "random_weight": 0.7128482515539387, "id": 11}, {"weight": 2, "random_weight": 0.5871871673881464, "id": 20}, {"weight": 1, "random_weight": 0.5637421385954575, "id": 21}, {"weight": 1, "random_weight": 0.4481645640569033, "id": 34}, {"weight": 1, "random_weight": 0.9523854601000072, "id": 36}], [{"weight": 2, "random_weight": 0.9514043645469721, "id": 9}, {"weight": 2, "random_weight": 0.7128482515539387, "id": 10}, {"weight": 1, "random_weight": 0.7192803396248919, "id": 36}, {"weight": 1, "random_weight": 0.5848848212234657, "id": 38}, {"weight": 2, "random_weight": 0.806565270059428, "id": 39}], [{"weight": 1, "random_weight": 0.3835215621636152, "id": 13}, {"weight": 1, "random_weight": 0.8222962409481209, "id": 37}, {"weight": 2, "random_weight": 0.03384910697410792, "id": 45}], [{"weight": 1, "random_weight": 0.3835215621636152, "id": 12}, {"weight": 1, "random_weight": 0.6526219295631449, "id": 27}, {"weight": 1, "random_weight": 0.3102035194570032, "id": 29}, {"weight": 3, "random_weight": 0.7340627617523117, "id": 45}], [{"weight": 2, "random_weight": 0.9634067913289491, "id": 2}, {"weight": 2, "random_weight": 0.49839680692296984, "id": 3}, {"weight": 1, "random_weight": 0.9530223089178496, "id": 15}, {"weight": 1, "random_weight": 0.8993377184381928, "id": 31}, {"weight": 2, "random_weight": 0.13768779268439357, "id": 38}], [{"weight": 1, "random_weight": 0.013412783899488967, "id": 3}, {"weight": 1, "random_weight": 0.9530223089178496, "id": 14}, {"weight": 1, "random_weight": 0.7579553939915656, "id": 35}, {"weight": 3, "random_weight": 0.33225144396181205, "id": 36}], [{"weight": 1, "random_weight": 0.7057131219731759, "id": 17}, {"weight": 3, "random_weight": 0.07114801438266072, "id": 30}, {"weight": 1, "random_weight": 0.0863918068958236, "id": 42}], [{"weight": 1, "random_weight": 0.7057131219731759, "id": 16}, {"weight": 2, "random_weight": 0.040603785027850114, "id": 22}, {"weight": 2, "random_weight": 0.13988379794185823, "id": 42}], [{"weight": 1, "random_weight": 0.883647380407274, "id": 1}, {"weight": 1, "random_weight": 0.7593410029237553, "id": 5}, {"weight": 1, "random_weight": 0.39315374766381594, "id": 7}, {"weight": 1, "random_weight": 0.9379399729127043, "id": 8}, {"weight": 1, "random_weight": 0.777592769049036, "id": 19}, {"weight": 1, "random_weight": 0.505320550573303, "id": 20}, {"weight": 2, "random_weight": 0.7641074037014971, "id": 26}], [{"weight": 3, "random_weight": 0.911415305166012, "id": 4}, {"weight": 2, "random_weight": 0.7885181679304231, "id": 5}, {"weight": 1, "random_weight": 0.777592769049036, "id": 18}, {"weight": 1, "random_weight": 0.028360568453823953, "id": 20}, {"weight": 1, "random_weight": 0.3375629851538715, "id": 21}], [{"weight": 2, "random_weight": 0.5871871673881464, "id": 10}, {"weight": 1, "random_weight": 0.505320550573303, "id": 18}, {"weight": 1, "random_weight": 0.028360568453823953, "id": 19}, {"weight": 1, "random_weight": 0.7847493061172096, "id": 21}, {"weight": 2, "random_weight": 0.01068190170815897, "id": 26}, {"weight": 1, "random_weight": 0.17180910670973704, "id": 34}], [{"weight": 2, "random_weight": 0.6370830747085721, "id": 4}, {"weight": 2, "random_weight": 0.7026606021517553, "id": 9}, {"weight": 1, "random_weight": 0.5637421385954575, "id": 10}, {"weight": 1, "random_weight": 0.3375629851538715, "id": 19}, {"weight": 1, "random_weight": 0.7847493061172096, "id": 20}, {"weight": 1, "random_weight": 0.7731393012686867, "id": 47}], [{"weight": 2, "random_weight": 0.209399268428882, "id": 0}, {"weight": 1, "random_weight": 0.12255923253065582, "id": 5}, {"weight": 2, "random_weight": 0.040603785027850114, "id": 17}, {"weight": 1, "random_weight": 0.3323928808422807, "id": 42}, {"weight": 1, "random_weight": 0.030567285545205714, "id": 46}], [{"weight": 3, "random_weight": 0.02329496097937367, "id": 25}, {"weight": 1, "random_weight": 0.7581511359712314, "id": 40}, {"weight": 2, "random_weight": 0.21320846452608444, "id": 41}, {"weight": 1, "random_weight": 0.8969194669524098, "id": 43}], [{"weight": 3, "random_weight": 0.474565892609341, "id": 25}, {"weight": 3, "random_weight": 0.8931245882897421, "id": 37}, {"weight": 1, "random_weight": 0.7547493413101535, "id": 40}], [{"weight": 3, "random_weight": 0.02329496097937367, "id": 23}, {"weight": 3, "random_weight": 0.474565892609341, "id": 24}, {"weight": 1, "random_weight": 0.8469236002172762, "id": 40}], [{"weight": 2, "random_weight": 0.28885564169500244, "id": 7}, {"weight": 2, "random_weight": 0.7641074037014971, "id": 18}, {"weight": 2, "random_weight": 0.01068190170815897, "id": 20}, {"weight": 2, "random_weight": 0.8473211610794283, "id": 34}], [{"weight": 1, "random_weight": 0.6526219295631449, "id": 13}, {"weight": 2, "random_weight": 0.48831341724651334, "id": 28}, {"weight": 2, "random_weight": 0.5264514108231494, "id": 29}, {"weight": 1, "random_weight": 0.7549817459053445, "id": 33}], [{"weight": 2, "random_weight": 0.48831341724651334, "id": 27}, {"weight": 1, "random_weight": 0.37054032734019904, "id": 31}, {"weight": 2, "random_weight": 0.48570712322493315, "id": 32}, {"weight": 1, "random_weight": 0.43727445225530315, "id": 33}], [{"weight": 1, "random_weight": 0.3102035194570032, "id": 13}, {"weight": 2, "random_weight": 0.5264514108231494, "id": 27}, {"weight": 2, "random_weight": 0.616930615667436, "id": 33}, {"weight": 1, "random_weight": 0.9933347780339028, "id": 37}, {"weight": 1, "random_weight": 0.29244956564178537, "id": 40}, {"weight": 1, "random_weight": 0.8474411814941322, "id": 45}], [{"weight": 3, "random_weight": 0.07114801438266072, "id": 16}, {"weight": 1, "random_weight": 0.8887065134426646, "id": 42}, {"weight": 2, "random_weight": 0.9624139536736731, "id": 43}], [{"weight": 2, "random_weight": 0.8505731814472431, "id": 2}, {"weight": 1, "random_weight": 0.8993377184381928, "id": 14}, {"weight": 1, "random_weight": 0.37054032734019904, "id": 28}, {"weight": 2, "random_weight": 0.457046814567433, "id": 32}, {"weight": 1, "random_weight": 0.581531882786909, "id": 38}], [{"weight": 2, "random_weight": 0.48570712322493315, "id": 28}, {"weight": 2, "random_weight": 0.457046814567433, "id": 31}, {"weight": 1, "random_weight": 0.02899548829446097, "id": 33}, {"weight": 1, "random_weight": 0.9402097791950905, "id": 38}, {"weight": 2, "random_weight": 0.8485809119001515, "id": 39}], [{"weight": 1, "random_weight": 0.7549817459053445, "id": 27}, {"weight": 1, "random_weight": 0.43727445225530315, "id": 28}, {"weight": 2, "random_weight": 0.616930615667436, "id": 29}, {"weight": 1, "random_weight": 0.02899548829446097, "id": 32}, {"weight": 2, "random_weight": 0.7866839598311327, "id": 39}, {"weight": 1, "random_weight": 0.9501903930551504, "id": 47}], [{"weight": 1, "random_weight": 0.4481645640569033, "id": 10}, {"weight": 1, "random_weight": 0.17180910670973704, "id": 20}, {"weight": 2, "random_weight": 0.8473211610794283, "id": 26}, {"weight": 3, "random_weight": 0.11516965041950322, "id": 35}, {"weight": 1, "random_weight": 0.20457071329599663, "id": 36}], [{"weight": 1, "random_weight": 0.9833885848412001, "id": 7}, {"weight": 1, "random_weight": 0.7579553939915656, "id": 15}, {"weight": 3, "random_weight": 0.11516965041950322, "id": 34}], [{"weight": 1, "random_weight": 0.9523854601000072, "id": 10}, {"weight": 1, "random_weight": 0.7192803396248919, "id": 11}, {"weight": 3, "random_weight": 0.33225144396181205, "id": 15}, {"weight": 1, "random_weight": 0.20457071329599663, "id": 34}, {"weight": 2, "random_weight": 0.8988997461610608, "id": 38}], [{"weight": 1, "random_weight": 0.8222962409481209, "id": 12}, {"weight": 3, "random_weight": 0.8931245882897421, "id": 24}, {"weight": 1, "random_weight": 0.9933347780339028, "id": 29}, {"weight": 2, "random_weight": 0.3027661976388749, "id": 45}], [{"weight": 1, "random_weight": 0.5848848212234657, "id": 11}, {"weight": 2, "random_weight": 0.13768779268439357, "id": 14}, {"weight": 1, "random_weight": 0.581531882786909, "id": 31}, {"weight": 1, "random_weight": 0.9402097791950905, "id": 32}, {"weight": 2, "random_weight": 0.8988997461610608, "id": 36}, {"weight": 1, "random_weight": 0.07105541684967809, "id": 39}], [{"weight": 1, "random_weight": 0.6127710486317923, "id": 9}, {"weight": 2, "random_weight": 0.806565270059428, "id": 11}, {"weight": 2, "random_weight": 0.8485809119001515, "id": 32}, {"weight": 2, "random_weight": 0.7866839598311327, "id": 33}, {"weight": 1, "random_weight": 0.07105541684967809, "id": 38}], [{"weight": 1, "random_weight": 0.7581511359712314, "id": 23}, {"weight": 1, "random_weight": 0.7547493413101535, "id": 24}, {"weight": 1, "random_weight": 0.8469236002172762, "id": 25}, {"weight": 1, "random_weight": 0.29244956564178537, "id": 29}, {"weight": 1, "random_weight": 0.5354602784828102, "id": 41}, {"weight": 3, "random_weight": 0.8278144139256013, "id": 47}], [{"weight": 2, "random_weight": 0.21320846452608444, "id": 23}, {"weight": 1, "random_weight": 0.5354602784828102, "id": 40}, {"weight": 2, "random_weight": 0.5954691804805523, "id": 43}, {"weight": 2, "random_weight": 0.7884786739846447, "id": 44}, {"weight": 1, "random_weight": 0.398638058811669, "id": 46}], [{"weight": 1, "random_weight": 0.0863918068958236, "id": 16}, {"weight": 2, "random_weight": 0.13988379794185823, "id": 17}, {"weight": 1, "random_weight": 0.3323928808422807, "id": 22}, {"weight": 1, "random_weight": 0.8887065134426646, "id": 30}, {"weight": 3, "random_weight": 0.5771768575210723, "id": 44}], [{"weight": 1, "random_weight": 0.8969194669524098, "id": 23}, {"weight": 2, "random_weight": 0.9624139536736731, "id": 30}, {"weight": 2, "random_weight": 0.5954691804805523, "id": 41}, {"weight": 1, "random_weight": 0.017975653196559915, "id": 44}], [{"weight": 2, "random_weight": 0.7884786739846447, "id": 41}, {"weight": 3, "random_weight": 0.5771768575210723, "id": 42}, {"weight": 1, "random_weight": 0.017975653196559915, "id": 43}, {"weight": 2, "random_weight": 0.3043041126767886, "id": 46}], [{"weight": 2, "random_weight": 0.03384910697410792, "id": 12}, {"weight": 3, "random_weight": 0.7340627617523117, "id": 13}, {"weight": 1, "random_weight": 0.8474411814941322, "id": 29}, {"weight": 2, "random_weight": 0.3027661976388749, "id": 37}], [{"weight": 2, "random_weight": 0.84884308474462, "id": 4}, {"weight": 1, "random_weight": 0.08845204858083477, "id": 5}, {"weight": 1, "random_weight": 0.030567285545205714, "id": 22}, {"weight": 1, "random_weight": 0.398638058811669, "id": 41}, {"weight": 2, "random_weight": 0.3043041126767886, "id": 44}, {"weight": 1, "random_weight": 0.786810881130667, "id": 47}], [{"weight": 2, "random_weight": 0.7213515011133231, "id": 9}, {"weight": 1, "random_weight": 0.7731393012686867, "id": 21}, {"weight": 1, "random_weight": 0.9501903930551504, "id": 33}, {"weight": 3, "random_weight": 0.8278144139256013, "id": 40}, {"weight": 1, "random_weight": 0.786810881130667, "id": 46}]]}