{"directed": false, "multigraph": false, "graph": [], "nodes": [{"graph": null, "nnodes": 3, "nedges": 2, "density": 0.6666666666666666, "atomics": "[138, 139, 140]", "group_pop": 3, "init_part_assignment": 11, "id": 0}, {"graph": null, "nnodes": 3, "nedges": 2, "density": 0.6666666666666666, "atomics": "[9, 10, 11]", "group_pop": 3, "init_part_assignment": 6, "id": 1}, {"graph": null, "nnodes": 3, "nedges": 2, "density": 0.6666666666666666, "atomics": "[35, 22, 23]", "group_pop": 3, "init_part_assignment": 6, "id": 2}, {"graph": null, "nnodes": 3, "nedges": 2, "density": 0.6666666666666666, "atomics": "[89, 90, 101]", "group_pop": 3, "init_part_assignment": 10, "id": 3}, {"graph": null, "nnodes": 3, "nedges": 2, "density": 0.6666666666666666, "atomics": "[113, 137, 125]", "group_pop": 3, "init_part_assignment": 10, "id": 4}, {"graph": null, "nnodes": 3, "nedges": 2, "density": 0.6666666666666666, "atomics": "[131, 142, 143]", "group_pop": 3, "init_part_assignment": 0, "id": 5}, {"graph": null, "nnodes": 3, "nedges": 2, "density": 0.6666666666666666, "atomics": "[107, 119, 95]", "group_pop": 3, "init_part_assignment": 0, "id": 6}, {"graph": null, "nnodes": 3, "nedges": 2, "density": 0.6666666666666666, "atomics": "[129, 130, 141]", "group_pop": 3, "init_part_assignment": 1, "id": 7}, {"graph": null, "nnodes": 3, "nedges": 2, "density": 0.6666666666666666, "atomics": "[66, 67, 78]", "group_pop": 3, "init_part_assignment": 9, "id": 8}, {"graph": null, "nnodes": 3, "nedges": 2, "density": 0.6666666666666666, "atomics": "[42, 54, 55]", "group_pop": 3, "init_part_assignment": 8, "id": 9}, {"graph": null, "nnodes": 3, "nedges": 2, "density": 0.6666666666666666, "atomics": "[0, 1, 13]", "group_pop": 3, "init_part_assignment": 2, "id": 10}, {"graph": null, "nnodes": 3, "nedges": 2, "density": 0.6666666666666666, "atomics": "[2, 14, 15]", "group_pop": 3, "init_part_assignment": 2, "id": 11}, {"graph": null, "nnodes": 3, "nedges": 2, "density": 0.6666666666666666, "atomics": "[34, 46, 47]", "group_pop": 3, "init_part_assignment": 6, "id": 12}, {"graph": null, "nnodes": 3, "nedges": 2, "density": 0.6666666666666666, "atomics": "[128, 126, 127]", "group_pop": 3, "init_part_assignment": 11, "id": 13}, {"graph": null, "nnodes": 3, "nedges": 2, "density": 0.6666666666666666, "atomics": "[114, 115, 102]", "group_pop": 3, "init_part_assignment": 11, "id": 14}, {"graph": null, "nnodes": 3, "nedges": 2, "density": 0.6666666666666666, "atomics": "[120, 121, 132]", "group_pop": 3, "init_part_assignment": 4, "id": 15}, {"graph": null, "nnodes": 3, "nedges": 2, "density": 0.6666666666666666, "atomics": "[133, 134, 135]", "group_pop": 3, "init_part_assignment": 4, "id": 16}, {"graph": null, "nnodes": 3, "nedges": 2, "density": 0.6666666666666666, "atomics": "[104, 116, 103]", "group_pop": 3, "init_part_assignment": 11, "id": 17}, {"graph": null, "nnodes": 3, "nedges": 2, "density": 0.6666666666666666, "atomics": "[91, 92, 79]", "group_pop": 3, "init_part_assignment": 1, "id": 18}, {"graph": null, "nnodes": 3, "nedges": 2, "density": 0.6666666666666666, "atomics": "[136, 123, 124]", "group_pop": 3, "init_part_assignment": 10, "id": 19}, {"graph": null, "nnodes": 3, "nedges": 2, "density": 0.6666666666666666, "atomics": "[105, 117, 93]", "group_pop": 3, "init_part_assignment": 1, "id": 20}, {"graph": null, "nnodes": 3, "nedges": 2, "density": 0.6666666666666666, "atomics": "[106, 118, 94]", "group_pop": 3, "init_part_assignment": 0, "id": 21}, {"graph": null, "nnodes": 3, "nedges": 2, "density": 0.6666666666666666, "atomics": "[72, 73, 60]", "group_pop": 3, "init_part_assignment": 3, "id": 22}, {"graph": null, "nnodes": 3, "nedges": 2, "density": 0.6666666666666666, "atomics": "[48, 49, 61]", "group_pop": 3, "init_part_assignment": 3, "id": 23}, {"graph": null, "nnodes": 3, "nedges": 2, "density": 0.6666666666666666, "atomics": "[16, 3, 4]", "group_pop": 3, "init_part_assignment": 7, "id": 24}, {"graph": null, "nnodes": 3, "nedges": 2, "density": 0.6666666666666666, "atomics": "[5, 6, 7]", "group_pop": 3, "init_part_assignment": 8, "id": 25}, {"graph": null, "nnodes": 3, "nedges": 2, "density": 0.6666666666666666, "atomics": "[80, 81, 69]", "group_pop": 3, "init_part_assignment": 1, "id": 26}, {"graph": null, "nnodes": 3, "nedges": 2, "density": 0.6666666666666666, "atomics": "[97, 108, 109]", "group_pop": 3, "init_part_assignment": 4, "id": 27}, {"graph": null, "nnodes": 3, "nedges": 2, "density": 0.6666666666666666, "atomics": "[8, 19, 20]", "group_pop": 3, "init_part_assignment": 8, "id": 28}, {"graph": null, "nnodes": 3, "nedges": 2, "density": 0.6666666666666666, "atomics": "[17, 29, 41]", "group_pop": 3, "init_part_assignment": 7, "id": 29}, {"graph": null, "nnodes": 3, "nedges": 2, "density": 0.6666666666666666, "atomics": "[18, 30, 31]", "group_pop": 3, "init_part_assignment": 8, "id": 30}, {"graph": null, "nnodes": 3, "nedges": 2, "density": 0.6666666666666666, "atomics": "[27, 38, 39]", "group_pop": 3, "init_part_assignment": 3, "id": 31}, {"graph": null, "nnodes": 3, "nedges": 2, "density": 0.6666666666666666, "atomics": "[40, 28, 52]", "group_pop": 3, "init_part_assignment": 7, "id": 32}, {"graph": null, "nnodes": 3, "nedges": 2, "density": 0.6666666666666666, "atomics": "[82, 83, 70]", "group_pop": 3, "init_part_assignment": 0, "id": 33}, {"graph": null, "nnodes": 3, "nedges": 2, "density": 0.6666666666666666, "atomics": "[56, 57, 68]", "group_pop": 3, "init_part_assignment": 9, "id": 34}, {"graph": null, "nnodes": 3, "nedges": 2, "density": 0.6666666666666666, "atomics": "[58, 59, 71]", "group_pop": 3, "init_part_assignment": 9, "id": 35}, {"graph": null, "nnodes": 3, "nedges": 2, "density": 0.6666666666666666, "atomics": "[24, 36, 12]", "group_pop": 3, "init_part_assignment": 2, "id": 36}, {"graph": null, "nnodes": 3, "nedges": 2, "density": 0.6666666666666666, "atomics": "[25, 26, 37]", "group_pop": 3, "init_part_assignment": 2, "id": 37}, {"graph": null, "nnodes": 3, "nedges": 2, "density": 0.6666666666666666, "atomics": "[33, 45, 21]", "group_pop": 3, "init_part_assignment": 6, "id": 38}, {"graph": null, "nnodes": 3, "nedges": 2, "density": 0.6666666666666666, "atomics": "[32, 43, 44]", "group_pop": 3, "init_part_assignment": 9, "id": 39}, {"graph": null, "nnodes": 3, "nedges": 2, "density": 0.6666666666666666, "atomics": "[74, 86, 87]", "group_pop": 3, "init_part_assignment": 5, "id": 40}, {"graph": null, "nnodes": 3, "nedges": 2, "density": 0.6666666666666666, "atomics": "[64, 75, 63]", "group_pop": 3, "init_part_assignment": 5, "id": 41}, {"graph": null, "nnodes": 3, "nedges": 2, "density": 0.6666666666666666, "atomics": "[122, 110, 98]", "group_pop": 3, "init_part_assignment": 4, "id": 42}, {"graph": null, "nnodes": 3, "nedges": 2, "density": 0.6666666666666666, "atomics": "[96, 84, 85]", "group_pop": 3, "init_part_assignment": 5, "id": 43}, {"graph": null, "nnodes": 3, "nedges": 2, "density": 0.6666666666666666, "atomics": "[65, 53, 77]", "group_pop": 3, "init_part_assignment": 7, "id": 44}, {"graph": null, "nnodes": 3, "nedges": 2, "density": 0.6666666666666666, "atomics": "[50, 51, 62]", "group_pop": 3, "init_part_assignment": 3, "id": 45}, {"graph": null, "nnodes": 3, "nedges": 2, "density": 0.6666666666666666, "atomics": "[112, 99, 111]", "group_pop": 3, "init_part_assignment": 10, "id": 46}, {"graph": null, "nnodes": 3, "nedges": 2, "density": 0.6666666666666666, "atomics": "[88, 100, 76]", "group_pop": 3, "init_part_assignment": 5, "id": 47}], "adjacency": [[{"weight": 1, "random_weight": 0.6372741805891289, "id": 4}, {"weight": 1, "random_weight": 0.0652341646378346, "id": 7}, {"weight": 3, "random_weight": 0.4790807917385922, "id": 13}], [{"weight": 2, "random_weight": 0.2295389495118827, "id": 2}, {"weight": 1, "random_weight": 0.5198621754425476, "id": 28}, {"weight": 1, "random_weight": 0.6710687132142177, "id": 38}], [{"weight": 2, "random_weight": 0.2295389495118827, "id": 1}, {"weight": 3, "random_weight": 0.16661117315294605, "id": 12}, {"weight": 1, "random_weight": 0.6168885969912624, "id": 38}], [{"weight": 1, "random_weight": 0.6658903341120426, "id": 4}, {"weight": 1, "random_weight": 0.8120754593930611, "id": 8}, {"weight": 2, "random_weight": 0.9355616719443822, "id": 14}, {"weight": 1, "random_weight": 0.9251370514676965, "id": 18}, {"weight": 1, "random_weight": 0.6860962372940096, "id": 44}, {"weight": 2, "random_weight": 0.4068105550090835, "id": 47}], [{"weight": 1, "random_weight": 0.6372741805891289, "id": 0}, {"weight": 1, "random_weight": 0.6658903341120426, "id": 3}, {"weight": 1, "random_weight": 0.9258954002825784, "id": 13}, {"weight": 1, "random_weight": 0.3842984697422359, "id": 14}, {"weight": 2, "random_weight": 0.3158990670117221, "id": 19}, {"weight": 1, "random_weight": 0.9091272684764735, "id": 46}], [{"weight": 1, "random_weight": 0.5455359928354002, "id": 6}, {"weight": 3, "random_weight": 0.7037506745692702, "id": 7}], [{"weight": 1, "random_weight": 0.5455359928354002, "id": 5}, {"weight": 3, "random_weight": 0.25568599185098284, "id": 21}, {"weight": 1, "random_weight": 0.45881290155110144, "id": 33}], [{"weight": 1, "random_weight": 0.0652341646378346, "id": 0}, {"weight": 3, "random_weight": 0.7037506745692702, "id": 5}, {"weight": 1, "random_weight": 0.5875482609451463, "id": 13}, {"weight": 1, "random_weight": 0.33786705038689446, "id": 20}, {"weight": 1, "random_weight": 0.6256597268031843, "id": 21}], [{"weight": 1, "random_weight": 0.8120754593930611, "id": 3}, {"weight": 2, "random_weight": 0.9372223734513752, "id": 9}, {"weight": 2, "random_weight": 0.8069933362701252, "id": 18}, {"weight": 1, "random_weight": 0.10202156025634357, "id": 34}, {"weight": 2, "random_weight": 0.9186125600007989, "id": 44}], [{"weight": 2, "random_weight": 0.9372223734513752, "id": 8}, {"weight": 1, "random_weight": 0.042860219352134576, "id": 29}, {"weight": 1, "random_weight": 0.7382719529110122, "id": 30}, {"weight": 1, "random_weight": 0.8722499618777202, "id": 34}, {"weight": 2, "random_weight": 0.9648039381821816, "id": 39}, {"weight": 1, "random_weight": 0.6071473974636148, "id": 44}], [{"weight": 2, "random_weight": 0.3595516780239203, "id": 11}, {"weight": 2, "random_weight": 0.7795660903547335, "id": 36}, {"weight": 1, "random_weight": 0.0034516732999541055, "id": 37}], [{"weight": 2, "random_weight": 0.3595516780239203, "id": 10}, {"weight": 3, "random_weight": 0.6386920488748721, "id": 24}, {"weight": 1, "random_weight": 0.5744646138228333, "id": 31}, {"weight": 1, "random_weight": 0.1770081520493576, "id": 37}], [{"weight": 3, "random_weight": 0.16661117315294605, "id": 2}, {"weight": 2, "random_weight": 0.5765595598765019, "id": 35}, {"weight": 2, "random_weight": 0.13207016661503634, "id": 38}], [{"weight": 3, "random_weight": 0.4790807917385922, "id": 0}, {"weight": 1, "random_weight": 0.9258954002825784, "id": 4}, {"weight": 1, "random_weight": 0.5875482609451463, "id": 7}, {"weight": 2, "random_weight": 0.12418903576687368, "id": 14}, {"weight": 1, "random_weight": 0.4653069166532494, "id": 17}], [{"weight": 2, "random_weight": 0.9355616719443822, "id": 3}, {"weight": 1, "random_weight": 0.3842984697422359, "id": 4}, {"weight": 2, "random_weight": 0.12418903576687368, "id": 13}, {"weight": 3, "random_weight": 0.8112690697666374, "id": 17}], [{"weight": 2, "random_weight": 0.43827890923995994, "id": 16}, {"weight": 2, "random_weight": 0.1458801707340378, "id": 27}, {"weight": 1, "random_weight": 0.33658398195344896, "id": 42}], [{"weight": 2, "random_weight": 0.43827890923995994, "id": 15}, {"weight": 2, "random_weight": 0.6741741863935538, "id": 19}, {"weight": 1, "random_weight": 0.37896979352313664, "id": 42}], [{"weight": 1, "random_weight": 0.4653069166532494, "id": 13}, {"weight": 3, "random_weight": 0.8112690697666374, "id": 14}, {"weight": 2, "random_weight": 0.628414163043175, "id": 18}, {"weight": 2, "random_weight": 0.7828055118267401, "id": 20}], [{"weight": 1, "random_weight": 0.9251370514676965, "id": 3}, {"weight": 2, "random_weight": 0.8069933362701252, "id": 8}, {"weight": 2, "random_weight": 0.628414163043175, "id": 17}, {"weight": 1, "random_weight": 0.39173466948573277, "id": 20}, {"weight": 2, "random_weight": 0.6058822318880009, "id": 26}], [{"weight": 2, "random_weight": 0.3158990670117221, "id": 4}, {"weight": 2, "random_weight": 0.6741741863935538, "id": 16}, {"weight": 1, "random_weight": 0.6168334792587189, "id": 42}, {"weight": 2, "random_weight": 0.27489896955726045, "id": 46}], [{"weight": 1, "random_weight": 0.33786705038689446, "id": 7}, {"weight": 2, "random_weight": 0.7828055118267401, "id": 17}, {"weight": 1, "random_weight": 0.39173466948573277, "id": 18}, {"weight": 3, "random_weight": 0.4353494592698598, "id": 21}, {"weight": 1, "random_weight": 0.9319619200659324, "id": 26}], [{"weight": 3, "random_weight": 0.25568599185098284, "id": 6}, {"weight": 1, "random_weight": 0.6256597268031843, "id": 7}, {"weight": 3, "random_weight": 0.4353494592698598, "id": 20}, {"weight": 1, "random_weight": 0.02058864647904346, "id": 33}], [{"weight": 3, "random_weight": 0.01919854364369844, "id": 23}, {"weight": 1, "random_weight": 0.21405464055322065, "id": 40}, {"weight": 2, "random_weight": 0.940491945325132, "id": 43}], [{"weight": 3, "random_weight": 0.01919854364369844, "id": 22}, {"weight": 1, "random_weight": 0.3558805955902993, "id": 36}, {"weight": 1, "random_weight": 0.7274653879159371, "id": 37}, {"weight": 2, "random_weight": 0.06573044672885264, "id": 45}], [{"weight": 3, "random_weight": 0.6386920488748721, "id": 11}, {"weight": 1, "random_weight": 0.46165860020170624, "id": 25}, {"weight": 1, "random_weight": 0.03213146517628762, "id": 29}, {"weight": 1, "random_weight": 0.922836222522234, "id": 32}], [{"weight": 1, "random_weight": 0.46165860020170624, "id": 24}, {"weight": 2, "random_weight": 0.1977248029741966, "id": 28}, {"weight": 1, "random_weight": 0.5867607829446256, "id": 29}, {"weight": 1, "random_weight": 0.5902445170814041, "id": 30}], [{"weight": 2, "random_weight": 0.6058822318880009, "id": 18}, {"weight": 1, "random_weight": 0.9319619200659324, "id": 20}, {"weight": 2, "random_weight": 0.24911529264734322, "id": 33}, {"weight": 3, "random_weight": 0.6488402762256288, "id": 34}], [{"weight": 2, "random_weight": 0.1458801707340378, "id": 15}, {"weight": 2, "random_weight": 0.47865321202437816, "id": 42}, {"weight": 3, "random_weight": 0.8942872378928054, "id": 43}], [{"weight": 1, "random_weight": 0.5198621754425476, "id": 1}, {"weight": 2, "random_weight": 0.1977248029741966, "id": 25}, {"weight": 2, "random_weight": 0.6523637855043096, "id": 30}, {"weight": 1, "random_weight": 0.7020066740599417, "id": 38}, {"weight": 1, "random_weight": 0.6837626377686631, "id": 39}], [{"weight": 1, "random_weight": 0.042860219352134576, "id": 9}, {"weight": 1, "random_weight": 0.03213146517628762, "id": 24}, {"weight": 1, "random_weight": 0.5867607829446256, "id": 25}, {"weight": 2, "random_weight": 0.009587626102715685, "id": 30}, {"weight": 2, "random_weight": 0.42321331400304685, "id": 32}, {"weight": 1, "random_weight": 0.9279912488389981, "id": 44}], [{"weight": 1, "random_weight": 0.7382719529110122, "id": 9}, {"weight": 1, "random_weight": 0.5902445170814041, "id": 25}, {"weight": 2, "random_weight": 0.6523637855043096, "id": 28}, {"weight": 2, "random_weight": 0.009587626102715685, "id": 29}, {"weight": 2, "random_weight": 0.21643092469530623, "id": 39}], [{"weight": 1, "random_weight": 0.5744646138228333, "id": 11}, {"weight": 2, "random_weight": 0.7696279145998509, "id": 32}, {"weight": 3, "random_weight": 0.5302684910802878, "id": 37}, {"weight": 2, "random_weight": 0.00471707457664583, "id": 45}], [{"weight": 1, "random_weight": 0.922836222522234, "id": 24}, {"weight": 2, "random_weight": 0.42321331400304685, "id": 29}, {"weight": 2, "random_weight": 0.7696279145998509, "id": 31}, {"weight": 1, "random_weight": 0.44418950331625295, "id": 41}, {"weight": 1, "random_weight": 0.4492709548324263, "id": 44}, {"weight": 1, "random_weight": 0.31948184258413426, "id": 45}], [{"weight": 1, "random_weight": 0.45881290155110144, "id": 6}, {"weight": 1, "random_weight": 0.02058864647904346, "id": 21}, {"weight": 2, "random_weight": 0.24911529264734322, "id": 26}, {"weight": 3, "random_weight": 0.3359045562250992, "id": 35}], [{"weight": 1, "random_weight": 0.10202156025634357, "id": 8}, {"weight": 1, "random_weight": 0.8722499618777202, "id": 9}, {"weight": 3, "random_weight": 0.6488402762256288, "id": 26}, {"weight": 1, "random_weight": 0.19081348722065938, "id": 35}, {"weight": 1, "random_weight": 0.9607950598371837, "id": 38}, {"weight": 1, "random_weight": 0.14031811139987171, "id": 39}], [{"weight": 2, "random_weight": 0.5765595598765019, "id": 12}, {"weight": 3, "random_weight": 0.3359045562250992, "id": 33}, {"weight": 1, "random_weight": 0.19081348722065938, "id": 34}], [{"weight": 2, "random_weight": 0.7795660903547335, "id": 10}, {"weight": 1, "random_weight": 0.3558805955902993, "id": 23}, {"weight": 2, "random_weight": 0.43352432484959225, "id": 37}], [{"weight": 1, "random_weight": 0.0034516732999541055, "id": 10}, {"weight": 1, "random_weight": 0.1770081520493576, "id": 11}, {"weight": 1, "random_weight": 0.7274653879159371, "id": 23}, {"weight": 3, "random_weight": 0.5302684910802878, "id": 31}, {"weight": 2, "random_weight": 0.43352432484959225, "id": 36}], [{"weight": 1, "random_weight": 0.6710687132142177, "id": 1}, {"weight": 1, "random_weight": 0.6168885969912624, "id": 2}, {"weight": 2, "random_weight": 0.13207016661503634, "id": 12}, {"weight": 1, "random_weight": 0.7020066740599417, "id": 28}, {"weight": 1, "random_weight": 0.9607950598371837, "id": 34}, {"weight": 2, "random_weight": 0.7696234524454597, "id": 39}], [{"weight": 2, "random_weight": 0.9648039381821816, "id": 9}, {"weight": 1, "random_weight": 0.6837626377686631, "id": 28}, {"weight": 2, "random_weight": 0.21643092469530623, "id": 30}, {"weight": 1, "random_weight": 0.14031811139987171, "id": 34}, {"weight": 2, "random_weight": 0.7696234524454597, "id": 38}], [{"weight": 1, "random_weight": 0.21405464055322065, "id": 22}, {"weight": 2, "random_weight": 0.6848126600098677, "id": 41}, {"weight": 1, "random_weight": 0.6408443622943892, "id": 42}, {"weight": 1, "random_weight": 0.16386835703042524, "id": 43}, {"weight": 1, "random_weight": 0.08711749292917803, "id": 45}, {"weight": 1, "random_weight": 0.7483235967540949, "id": 46}, {"weight": 1, "random_weight": 0.32347109346564573, "id": 47}], [{"weight": 1, "random_weight": 0.44418950331625295, "id": 32}, {"weight": 2, "random_weight": 0.6848126600098677, "id": 40}, {"weight": 1, "random_weight": 0.7524332417261407, "id": 44}, {"weight": 2, "random_weight": 0.5135725375714062, "id": 45}, {"weight": 2, "random_weight": 0.43617996281200644, "id": 47}], [{"weight": 1, "random_weight": 0.33658398195344896, "id": 15}, {"weight": 1, "random_weight": 0.37896979352313664, "id": 16}, {"weight": 1, "random_weight": 0.6168334792587189, "id": 19}, {"weight": 2, "random_weight": 0.47865321202437816, "id": 27}, {"weight": 1, "random_weight": 0.6408443622943892, "id": 40}, {"weight": 2, "random_weight": 0.23645631874099127, "id": 46}], [{"weight": 2, "random_weight": 0.940491945325132, "id": 22}, {"weight": 3, "random_weight": 0.8942872378928054, "id": 27}, {"weight": 1, "random_weight": 0.16386835703042524, "id": 40}], [{"weight": 1, "random_weight": 0.6860962372940096, "id": 3}, {"weight": 2, "random_weight": 0.9186125600007989, "id": 8}, {"weight": 1, "random_weight": 0.6071473974636148, "id": 9}, {"weight": 1, "random_weight": 0.9279912488389981, "id": 29}, {"weight": 1, "random_weight": 0.4492709548324263, "id": 32}, {"weight": 1, "random_weight": 0.7524332417261407, "id": 41}, {"weight": 1, "random_weight": 0.9032117856702824, "id": 47}], [{"weight": 2, "random_weight": 0.06573044672885264, "id": 23}, {"weight": 2, "random_weight": 0.00471707457664583, "id": 31}, {"weight": 1, "random_weight": 0.31948184258413426, "id": 32}, {"weight": 1, "random_weight": 0.08711749292917803, "id": 40}, {"weight": 2, "random_weight": 0.5135725375714062, "id": 41}], [{"weight": 1, "random_weight": 0.9091272684764735, "id": 4}, {"weight": 2, "random_weight": 0.27489896955726045, "id": 19}, {"weight": 1, "random_weight": 0.7483235967540949, "id": 40}, {"weight": 2, "random_weight": 0.23645631874099127, "id": 42}, {"weight": 2, "random_weight": 0.8894799802123787, "id": 47}], [{"weight": 2, "random_weight": 0.4068105550090835, "id": 3}, {"weight": 1, "random_weight": 0.32347109346564573, "id": 40}, {"weight": 2, "random_weight": 0.43617996281200644, "id": 41}, {"weight": 1, "random_weight": 0.9032117856702824, "id": 44}, {"weight": 2, "random_weight": 0.8894799802123787, "id": 46}]]}