{"directed": false, "multigraph": false, "graph": [], "nodes": [{"graph": null, "nnodes": 3, "nedges": 2, "density": 0.6666666666666666, "atomics": "[138, 125, 126]", "group_pop": 3, "init_part_assignment": 7, "id": 0}, {"graph": null, "nnodes": 3, "nedges": 2, "density": 0.6666666666666666, "atomics": "[139, 140, 127]", "group_pop": 3, "init_part_assignment": 7, "id": 1}, {"graph": null, "nnodes": 3, "nedges": 2, "density": 0.6666666666666666, "atomics": "[9, 10, 22]", "group_pop": 3, "init_part_assignment": 4, "id": 2}, {"graph": null, "nnodes": 3, "nedges": 2, "density": 0.6666666666666666, "atomics": "[11, 35, 23]", "group_pop": 3, "init_part_assignment": 10, "id": 3}, {"graph": null, "nnodes": 3, "nedges": 2, "density": 0.6666666666666666, "atomics": "[89, 90, 101]", "group_pop": 3, "init_part_assignment": 9, "id": 4}, {"graph": null, "nnodes": 3, "nedges": 2, "density": 0.6666666666666666, "atomics": "[112, 113, 124]", "group_pop": 3, "init_part_assignment": 9, "id": 5}, {"graph": null, "nnodes": 3, "nedges": 2, "density": 0.6666666666666666, "atomics": "[131, 118, 119]", "group_pop": 3, "init_part_assignment": 8, "id": 6}, {"graph": null, "nnodes": 3, "nedges": 2, "density": 0.6666666666666666, "atomics": "[130, 142, 143]", "group_pop": 3, "init_part_assignment": 8, "id": 7}, {"graph": null, "nnodes": 3, "nedges": 2, "density": 0.6666666666666666, "atomics": "[129, 117, 141]", "group_pop": 3, "init_part_assignment": 7, "id": 8}, {"graph": null, "nnodes": 3, "nedges": 2, "density": 0.6666666666666666, "atomics": "[66, 78, 79]", "group_pop": 3, "init_part_assignment": 5, "id": 9}, {"graph": null, "nnodes": 3, "nedges": 2, "density": 0.6666666666666666, "atomics": "[67, 43, 55]", "group_pop": 3, "init_part_assignment": 5, "id": 10}, {"graph": null, "nnodes": 3, "nedges": 2, "density": 0.6666666666666666, "atomics": "[42, 53, 54]", "group_pop": 3, "init_part_assignment": 5, "id": 11}, {"graph": null, "nnodes": 3, "nedges": 2, "density": 0.6666666666666666, "atomics": "[0, 1, 13]", "group_pop": 3, "init_part_assignment": 0, "id": 12}, {"graph": null, "nnodes": 3, "nedges": 2, "density": 0.6666666666666666, "atomics": "[2, 3, 14]", "group_pop": 3, "init_part_assignment": 0, "id": 13}, {"graph": null, "nnodes": 3, "nedges": 2, "density": 0.6666666666666666, "atomics": "[34, 46, 47]", "group_pop": 3, "init_part_assignment": 10, "id": 14}, {"graph": null, "nnodes": 3, "nedges": 2, "density": 0.6666666666666666, "atomics": "[128, 115, 116]", "group_pop": 3, "init_part_assignment": 7, "id": 15}, {"graph": null, "nnodes": 3, "nedges": 2, "density": 0.6666666666666666, "atomics": "[132, 133, 134]", "group_pop": 3, "init_part_assignment": 6, "id": 16}, {"graph": null, "nnodes": 3, "nedges": 2, "density": 0.6666666666666666, "atomics": "[104, 91, 92]", "group_pop": 3, "init_part_assignment": 11, "id": 17}, {"graph": null, "nnodes": 3, "nedges": 2, "density": 0.6666666666666666, "atomics": "[114, 102, 103]", "group_pop": 3, "init_part_assignment": 9, "id": 18}, {"graph": null, "nnodes": 3, "nedges": 2, "density": 0.6666666666666666, "atomics": "[136, 137, 135]", "group_pop": 3, "init_part_assignment": 9, "id": 19}, {"graph": null, "nnodes": 3, "nedges": 2, "density": 0.6666666666666666, "atomics": "[72, 60, 61]", "group_pop": 3, "init_part_assignment": 3, "id": 20}, {"graph": null, "nnodes": 3, "nedges": 2, "density": 0.6666666666666666, "atomics": "[48, 49, 36]", "group_pop": 3, "init_part_assignment": 1, "id": 21}, {"graph": null, "nnodes": 3, "nedges": 2, "density": 0.6666666666666666, "atomics": "[105, 106, 107]", "group_pop": 3, "init_part_assignment": 8, "id": 22}, {"graph": null, "nnodes": 3, "nedges": 2, "density": 0.6666666666666666, "atomics": "[16, 4, 5]", "group_pop": 3, "init_part_assignment": 0, "id": 23}, {"graph": null, "nnodes": 3, "nedges": 2, "density": 0.6666666666666666, "atomics": "[80, 81, 68]", "group_pop": 3, "init_part_assignment": 11, "id": 24}, {"graph": null, "nnodes": 3, "nedges": 2, "density": 0.6666666666666666, "atomics": "[93, 94, 95]", "group_pop": 3, "init_part_assignment": 8, "id": 25}, {"graph": null, "nnodes": 3, "nedges": 2, "density": 0.6666666666666666, "atomics": "[26, 27, 15]", "group_pop": 3, "init_part_assignment": 1, "id": 26}, {"graph": null, "nnodes": 3, "nedges": 2, "density": 0.6666666666666666, "atomics": "[120, 121, 108]", "group_pop": 3, "init_part_assignment": 6, "id": 27}, {"graph": null, "nnodes": 3, "nedges": 2, "density": 0.6666666666666666, "atomics": "[96, 97, 109]", "group_pop": 3, "init_part_assignment": 2, "id": 28}, {"graph": null, "nnodes": 3, "nedges": 2, "density": 0.6666666666666666, "atomics": "[19, 30, 31]", "group_pop": 3, "init_part_assignment": 5, "id": 29}, {"graph": null, "nnodes": 3, "nedges": 2, "density": 0.6666666666666666, "atomics": "[8, 6, 7]", "group_pop": 3, "init_part_assignment": 4, "id": 30}, {"graph": null, "nnodes": 3, "nedges": 2, "density": 0.6666666666666666, "atomics": "[17, 18, 29]", "group_pop": 3, "init_part_assignment": 4, "id": 31}, {"graph": null, "nnodes": 3, "nedges": 2, "density": 0.6666666666666666, "atomics": "[40, 41, 28]", "group_pop": 3, "init_part_assignment": 0, "id": 32}, {"graph": null, "nnodes": 3, "nedges": 2, "density": 0.6666666666666666, "atomics": "[51, 52, 39]", "group_pop": 3, "init_part_assignment": 3, "id": 33}, {"graph": null, "nnodes": 3, "nedges": 2, "density": 0.6666666666666666, "atomics": "[82, 58, 70]", "group_pop": 3, "init_part_assignment": 11, "id": 34}, {"graph": null, "nnodes": 3, "nedges": 2, "density": 0.6666666666666666, "atomics": "[73, 84, 85]", "group_pop": 3, "init_part_assignment": 2, "id": 35}, {"graph": null, "nnodes": 3, "nedges": 2, "density": 0.6666666666666666, "atomics": "[56, 57, 69]", "group_pop": 3, "init_part_assignment": 11, "id": 36}, {"graph": null, "nnodes": 3, "nedges": 2, "density": 0.6666666666666666, "atomics": "[83, 59, 71]", "group_pop": 3, "init_part_assignment": 10, "id": 37}, {"graph": null, "nnodes": 3, "nedges": 2, "density": 0.6666666666666666, "atomics": "[24, 25, 12]", "group_pop": 3, "init_part_assignment": 1, "id": 38}, {"graph": null, "nnodes": 3, "nedges": 2, "density": 0.6666666666666666, "atomics": "[50, 37, 38]", "group_pop": 3, "init_part_assignment": 1, "id": 39}, {"graph": null, "nnodes": 3, "nedges": 2, "density": 0.6666666666666666, "atomics": "[33, 20, 21]", "group_pop": 3, "init_part_assignment": 4, "id": 40}, {"graph": null, "nnodes": 3, "nedges": 2, "density": 0.6666666666666666, "atomics": "[32, 44, 45]", "group_pop": 3, "init_part_assignment": 10, "id": 41}, {"graph": null, "nnodes": 3, "nedges": 2, "density": 0.6666666666666666, "atomics": "[74, 86, 98]", "group_pop": 3, "init_part_assignment": 2, "id": 42}, {"graph": null, "nnodes": 3, "nedges": 2, "density": 0.6666666666666666, "atomics": "[88, 75, 87]", "group_pop": 3, "init_part_assignment": 2, "id": 43}, {"graph": null, "nnodes": 3, "nedges": 2, "density": 0.6666666666666666, "atomics": "[122, 123, 110]", "group_pop": 3, "init_part_assignment": 6, "id": 44}, {"graph": null, "nnodes": 3, "nedges": 2, "density": 0.6666666666666666, "atomics": "[65, 76, 77]", "group_pop": 3, "init_part_assignment": 3, "id": 45}, {"graph": null, "nnodes": 3, "nedges": 2, "density": 0.6666666666666666, "atomics": "[99, 100, 111]", "group_pop": 3, "init_part_assignment": 6, "id": 46}, {"graph": null, "nnodes": 3, "nedges": 2, "density": 0.6666666666666666, "atomics": "[64, 62, 63]", "group_pop": 3, "init_part_assignment": 3, "id": 47}], "adjacency": [[{"weight": 2, "random_weight": 0.2671106646226187, "id": 1}, {"weight": 2, "random_weight": 0.8184417568618433, "id": 5}, {"weight": 1, "random_weight": 0.8502934665915377, "id": 18}, {"weight": 2, "random_weight": 0.9448378269732031, "id": 19}], [{"weight": 2, "random_weight": 0.2671106646226187, "id": 0}, {"weight": 1, "random_weight": 0.09927936747087496, "id": 8}, {"weight": 3, "random_weight": 0.963666888959275, "id": 15}], [{"weight": 2, "random_weight": 0.43561654762793955, "id": 3}, {"weight": 1, "random_weight": 0.44827454926678534, "id": 14}, {"weight": 1, "random_weight": 0.2533605646887247, "id": 30}, {"weight": 2, "random_weight": 0.7213392554403709, "id": 40}], [{"weight": 2, "random_weight": 0.43561654762793955, "id": 2}, {"weight": 2, "random_weight": 0.3712051272297038, "id": 14}], [{"weight": 1, "random_weight": 0.6182949465150651, "id": 5}, {"weight": 1, "random_weight": 0.9315137419274768, "id": 9}, {"weight": 1, "random_weight": 0.6492866455648225, "id": 17}, {"weight": 2, "random_weight": 0.3670326100381923, "id": 18}, {"weight": 1, "random_weight": 0.35996488752566236, "id": 43}, {"weight": 1, "random_weight": 0.5105403461390652, "id": 45}, {"weight": 1, "random_weight": 0.9481931532755832, "id": 46}], [{"weight": 2, "random_weight": 0.8184417568618433, "id": 0}, {"weight": 1, "random_weight": 0.6182949465150651, "id": 4}, {"weight": 1, "random_weight": 0.9435452035199617, "id": 18}, {"weight": 1, "random_weight": 0.6703776508467061, "id": 19}, {"weight": 1, "random_weight": 0.6246632604827115, "id": 44}, {"weight": 2, "random_weight": 0.8987495473396491, "id": 46}], [{"weight": 3, "random_weight": 0.6888902426068989, "id": 7}, {"weight": 1, "random_weight": 0.8850931950683668, "id": 8}, {"weight": 2, "random_weight": 0.08475603240013108, "id": 22}], [{"weight": 3, "random_weight": 0.6888902426068989, "id": 6}, {"weight": 2, "random_weight": 0.7890997116582759, "id": 8}], [{"weight": 1, "random_weight": 0.09927936747087496, "id": 1}, {"weight": 1, "random_weight": 0.8850931950683668, "id": 6}, {"weight": 2, "random_weight": 0.7890997116582759, "id": 7}, {"weight": 2, "random_weight": 0.4709957985994755, "id": 15}, {"weight": 1, "random_weight": 0.8512178099387424, "id": 22}], [{"weight": 1, "random_weight": 0.9315137419274768, "id": 4}, {"weight": 2, "random_weight": 0.13677367336424495, "id": 10}, {"weight": 1, "random_weight": 0.3839629516573151, "id": 11}, {"weight": 1, "random_weight": 0.6334308079397339, "id": 17}, {"weight": 1, "random_weight": 0.6158167861657634, "id": 24}, {"weight": 2, "random_weight": 0.03993837345763218, "id": 45}], [{"weight": 2, "random_weight": 0.13677367336424495, "id": 9}, {"weight": 2, "random_weight": 0.3329962186210662, "id": 11}, {"weight": 1, "random_weight": 0.7038462775305552, "id": 24}, {"weight": 1, "random_weight": 0.21461161633680625, "id": 29}, {"weight": 1, "random_weight": 0.3517671803015472, "id": 36}, {"weight": 1, "random_weight": 0.2800141402215375, "id": 41}], [{"weight": 1, "random_weight": 0.3839629516573151, "id": 9}, {"weight": 2, "random_weight": 0.3329962186210662, "id": 10}, {"weight": 1, "random_weight": 0.39565335290318393, "id": 29}, {"weight": 2, "random_weight": 0.8269294512027429, "id": 32}, {"weight": 1, "random_weight": 0.6443760562153675, "id": 33}, {"weight": 1, "random_weight": 0.8989905639459101, "id": 45}], [{"weight": 2, "random_weight": 0.4606970173700553, "id": 13}, {"weight": 3, "random_weight": 0.6894049872607031, "id": 38}], [{"weight": 2, "random_weight": 0.4606970173700553, "id": 12}, {"weight": 1, "random_weight": 0.21782623468072293, "id": 23}, {"weight": 3, "random_weight": 0.4762550799261921, "id": 26}], [{"weight": 1, "random_weight": 0.44827454926678534, "id": 2}, {"weight": 2, "random_weight": 0.3712051272297038, "id": 3}, {"weight": 1, "random_weight": 0.2769173919371324, "id": 34}, {"weight": 1, "random_weight": 0.1464985289531201, "id": 37}, {"weight": 1, "random_weight": 0.7910427737573078, "id": 40}, {"weight": 1, "random_weight": 0.05797049349082006, "id": 41}], [{"weight": 3, "random_weight": 0.963666888959275, "id": 1}, {"weight": 2, "random_weight": 0.4709957985994755, "id": 8}, {"weight": 1, "random_weight": 0.9437684351643311, "id": 17}, {"weight": 2, "random_weight": 0.9734411530540753, "id": 18}], [{"weight": 1, "random_weight": 0.2078071193723312, "id": 19}, {"weight": 2, "random_weight": 0.5038799974377162, "id": 27}, {"weight": 1, "random_weight": 0.008238329813466505, "id": 44}], [{"weight": 1, "random_weight": 0.6492866455648225, "id": 4}, {"weight": 1, "random_weight": 0.6334308079397339, "id": 9}, {"weight": 1, "random_weight": 0.9437684351643311, "id": 15}, {"weight": 2, "random_weight": 0.14207825089260662, "id": 18}, {"weight": 1, "random_weight": 0.9732051758584778, "id": 22}, {"weight": 1, "random_weight": 0.35708087533330424, "id": 24}, {"weight": 1, "random_weight": 0.17923091271881797, "id": 25}], [{"weight": 1, "random_weight": 0.8502934665915377, "id": 0}, {"weight": 2, "random_weight": 0.3670326100381923, "id": 4}, {"weight": 1, "random_weight": 0.9435452035199617, "id": 5}, {"weight": 2, "random_weight": 0.9734411530540753, "id": 15}, {"weight": 2, "random_weight": 0.14207825089260662, "id": 17}], [{"weight": 2, "random_weight": 0.9448378269732031, "id": 0}, {"weight": 1, "random_weight": 0.6703776508467061, "id": 5}, {"weight": 1, "random_weight": 0.2078071193723312, "id": 16}, {"weight": 1, "random_weight": 0.5139267874946601, "id": 44}], [{"weight": 2, "random_weight": 0.8102549603993577, "id": 21}, {"weight": 3, "random_weight": 0.898965921826255, "id": 35}, {"weight": 1, "random_weight": 0.6786419795866503, "id": 47}], [{"weight": 2, "random_weight": 0.8102549603993577, "id": 20}, {"weight": 1, "random_weight": 0.6646227459215963, "id": 38}, {"weight": 3, "random_weight": 0.525746135701107, "id": 39}], [{"weight": 2, "random_weight": 0.08475603240013108, "id": 6}, {"weight": 1, "random_weight": 0.8512178099387424, "id": 8}, {"weight": 1, "random_weight": 0.9732051758584778, "id": 17}, {"weight": 3, "random_weight": 0.2747521598613043, "id": 25}], [{"weight": 1, "random_weight": 0.21782623468072293, "id": 13}, {"weight": 1, "random_weight": 0.9230124822232681, "id": 26}, {"weight": 1, "random_weight": 0.4077096091460758, "id": 30}, {"weight": 2, "random_weight": 0.04770036914688314, "id": 31}, {"weight": 1, "random_weight": 0.3278772048482701, "id": 32}], [{"weight": 1, "random_weight": 0.6158167861657634, "id": 9}, {"weight": 1, "random_weight": 0.7038462775305552, "id": 10}, {"weight": 1, "random_weight": 0.35708087533330424, "id": 17}, {"weight": 1, "random_weight": 0.5070082256980516, "id": 25}, {"weight": 1, "random_weight": 0.46279813900831135, "id": 34}, {"weight": 3, "random_weight": 0.7430363334371951, "id": 36}], [{"weight": 1, "random_weight": 0.17923091271881797, "id": 17}, {"weight": 3, "random_weight": 0.2747521598613043, "id": 22}, {"weight": 1, "random_weight": 0.5070082256980516, "id": 24}, {"weight": 1, "random_weight": 0.7293102371234746, "id": 34}, {"weight": 1, "random_weight": 0.8033151475170661, "id": 37}], [{"weight": 3, "random_weight": 0.4762550799261921, "id": 13}, {"weight": 1, "random_weight": 0.9230124822232681, "id": 23}, {"weight": 1, "random_weight": 0.8013171843216976, "id": 32}, {"weight": 1, "random_weight": 0.5722533925448036, "id": 33}, {"weight": 1, "random_weight": 0.04392328908917942, "id": 38}, {"weight": 1, "random_weight": 0.36556618287902554, "id": 39}], [{"weight": 2, "random_weight": 0.5038799974377162, "id": 16}, {"weight": 3, "random_weight": 0.6859548284371695, "id": 28}, {"weight": 1, "random_weight": 0.07047429696618901, "id": 44}], [{"weight": 3, "random_weight": 0.6859548284371695, "id": 27}, {"weight": 2, "random_weight": 0.7716451835065298, "id": 35}, {"weight": 1, "random_weight": 0.24599501175281901, "id": 42}, {"weight": 1, "random_weight": 0.7291838739182146, "id": 44}], [{"weight": 1, "random_weight": 0.21461161633680625, "id": 10}, {"weight": 1, "random_weight": 0.39565335290318393, "id": 11}, {"weight": 1, "random_weight": 0.540734721236641, "id": 30}, {"weight": 3, "random_weight": 0.9205790430297435, "id": 31}, {"weight": 1, "random_weight": 0.7570085031924892, "id": 40}, {"weight": 1, "random_weight": 0.8233911346189152, "id": 41}], [{"weight": 1, "random_weight": 0.2533605646887247, "id": 2}, {"weight": 1, "random_weight": 0.4077096091460758, "id": 23}, {"weight": 1, "random_weight": 0.540734721236641, "id": 29}, {"weight": 1, "random_weight": 0.14870736555573827, "id": 31}, {"weight": 1, "random_weight": 0.5158390574332758, "id": 40}], [{"weight": 2, "random_weight": 0.04770036914688314, "id": 23}, {"weight": 3, "random_weight": 0.9205790430297435, "id": 29}, {"weight": 1, "random_weight": 0.14870736555573827, "id": 30}, {"weight": 2, "random_weight": 0.7903601715522105, "id": 32}], [{"weight": 2, "random_weight": 0.8269294512027429, "id": 11}, {"weight": 1, "random_weight": 0.3278772048482701, "id": 23}, {"weight": 1, "random_weight": 0.8013171843216976, "id": 26}, {"weight": 2, "random_weight": 0.7903601715522105, "id": 31}, {"weight": 2, "random_weight": 0.6182507342952107, "id": 33}], [{"weight": 1, "random_weight": 0.6443760562153675, "id": 11}, {"weight": 1, "random_weight": 0.5722533925448036, "id": 26}, {"weight": 2, "random_weight": 0.6182507342952107, "id": 32}, {"weight": 2, "random_weight": 0.9110072251372834, "id": 39}, {"weight": 2, "random_weight": 0.1133976489389521, "id": 47}], [{"weight": 1, "random_weight": 0.2769173919371324, "id": 14}, {"weight": 1, "random_weight": 0.46279813900831135, "id": 24}, {"weight": 1, "random_weight": 0.7293102371234746, "id": 25}, {"weight": 2, "random_weight": 0.10160397642339258, "id": 36}, {"weight": 3, "random_weight": 0.6991527566623114, "id": 37}], [{"weight": 3, "random_weight": 0.898965921826255, "id": 20}, {"weight": 2, "random_weight": 0.7716451835065298, "id": 28}, {"weight": 2, "random_weight": 0.604868800844967, "id": 42}], [{"weight": 1, "random_weight": 0.3517671803015472, "id": 10}, {"weight": 3, "random_weight": 0.7430363334371951, "id": 24}, {"weight": 2, "random_weight": 0.10160397642339258, "id": 34}, {"weight": 2, "random_weight": 0.3337948996622935, "id": 41}], [{"weight": 1, "random_weight": 0.1464985289531201, "id": 14}, {"weight": 1, "random_weight": 0.8033151475170661, "id": 25}, {"weight": 3, "random_weight": 0.6991527566623114, "id": 34}], [{"weight": 3, "random_weight": 0.6894049872607031, "id": 12}, {"weight": 1, "random_weight": 0.6646227459215963, "id": 21}, {"weight": 1, "random_weight": 0.04392328908917942, "id": 26}, {"weight": 1, "random_weight": 0.4051065872884, "id": 39}], [{"weight": 3, "random_weight": 0.525746135701107, "id": 21}, {"weight": 1, "random_weight": 0.36556618287902554, "id": 26}, {"weight": 2, "random_weight": 0.9110072251372834, "id": 33}, {"weight": 1, "random_weight": 0.4051065872884, "id": 38}, {"weight": 1, "random_weight": 0.6288933596295393, "id": 47}], [{"weight": 2, "random_weight": 0.7213392554403709, "id": 2}, {"weight": 1, "random_weight": 0.7910427737573078, "id": 14}, {"weight": 1, "random_weight": 0.7570085031924892, "id": 29}, {"weight": 1, "random_weight": 0.5158390574332758, "id": 30}, {"weight": 3, "random_weight": 0.6733960628981772, "id": 41}], [{"weight": 1, "random_weight": 0.2800141402215375, "id": 10}, {"weight": 1, "random_weight": 0.05797049349082006, "id": 14}, {"weight": 1, "random_weight": 0.8233911346189152, "id": 29}, {"weight": 2, "random_weight": 0.3337948996622935, "id": 36}, {"weight": 3, "random_weight": 0.6733960628981772, "id": 40}], [{"weight": 1, "random_weight": 0.24599501175281901, "id": 28}, {"weight": 2, "random_weight": 0.604868800844967, "id": 35}, {"weight": 2, "random_weight": 0.30164545817007393, "id": 43}, {"weight": 1, "random_weight": 0.9159367798361109, "id": 44}, {"weight": 1, "random_weight": 0.4106801459564261, "id": 46}, {"weight": 1, "random_weight": 0.32505295367000664, "id": 47}], [{"weight": 1, "random_weight": 0.35996488752566236, "id": 4}, {"weight": 2, "random_weight": 0.30164545817007393, "id": 42}, {"weight": 2, "random_weight": 0.05429411949208196, "id": 45}, {"weight": 2, "random_weight": 0.5661935958944163, "id": 46}, {"weight": 1, "random_weight": 0.5143499455221325, "id": 47}], [{"weight": 1, "random_weight": 0.6246632604827115, "id": 5}, {"weight": 1, "random_weight": 0.008238329813466505, "id": 16}, {"weight": 1, "random_weight": 0.5139267874946601, "id": 19}, {"weight": 1, "random_weight": 0.07047429696618901, "id": 27}, {"weight": 1, "random_weight": 0.7291838739182146, "id": 28}, {"weight": 1, "random_weight": 0.9159367798361109, "id": 42}, {"weight": 2, "random_weight": 0.10071347618048354, "id": 46}], [{"weight": 1, "random_weight": 0.5105403461390652, "id": 4}, {"weight": 2, "random_weight": 0.03993837345763218, "id": 9}, {"weight": 1, "random_weight": 0.8989905639459101, "id": 11}, {"weight": 2, "random_weight": 0.05429411949208196, "id": 43}, {"weight": 2, "random_weight": 0.22724254760567708, "id": 47}], [{"weight": 1, "random_weight": 0.9481931532755832, "id": 4}, {"weight": 2, "random_weight": 0.8987495473396491, "id": 5}, {"weight": 1, "random_weight": 0.4106801459564261, "id": 42}, {"weight": 2, "random_weight": 0.5661935958944163, "id": 43}, {"weight": 2, "random_weight": 0.10071347618048354, "id": 44}], [{"weight": 1, "random_weight": 0.6786419795866503, "id": 20}, {"weight": 2, "random_weight": 0.1133976489389521, "id": 33}, {"weight": 1, "random_weight": 0.6288933596295393, "id": 39}, {"weight": 1, "random_weight": 0.32505295367000664, "id": 42}, {"weight": 1, "random_weight": 0.5143499455221325, "id": 43}, {"weight": 2, "random_weight": 0.22724254760567708, "id": 45}]]}