{"directed": false, "multigraph": false, "graph": [], "nodes": [{"graph": null, "nnodes": 3, "nedges": 2, "density": 0.6666666666666666, "atomics": "[138, 126, 114]", "group_pop": 3, "init_part_assignment": 11, "id": 0}, {"graph": null, "nnodes": 3, "nedges": 2, "density": 0.6666666666666666, "atomics": "[128, 139, 140]", "group_pop": 3, "init_part_assignment": 11, "id": 1}, {"graph": null, "nnodes": 3, "nedges": 2, "density": 0.6666666666666666, "atomics": "[10, 11, 23]", "group_pop": 3, "init_part_assignment": 3, "id": 2}, {"graph": null, "nnodes": 3, "nedges": 2, "density": 0.6666666666666666, "atomics": "[89, 90, 91]", "group_pop": 3, "init_part_assignment": 6, "id": 3}, {"graph": null, "nnodes": 3, "nedges": 2, "density": 0.6666666666666666, "atomics": "[100, 101, 102]", "group_pop": 3, "init_part_assignment": 9, "id": 4}, {"graph": null, "nnodes": 3, "nedges": 2, "density": 0.6666666666666666, "atomics": "[112, 113, 125]", "group_pop": 3, "init_part_assignment": 9, "id": 5}, {"graph": null, "nnodes": 3, "nedges": 2, "density": 0.6666666666666666, "atomics": "[131, 142, 143]", "group_pop": 3, "init_part_assignment": 10, "id": 6}, {"graph": null, "nnodes": 3, "nedges": 2, "density": 0.6666666666666666, "atomics": "[107, 119, 95]", "group_pop": 3, "init_part_assignment": 10, "id": 7}, {"graph": null, "nnodes": 3, "nedges": 2, "density": 0.6666666666666666, "atomics": "[129, 130, 141]", "group_pop": 3, "init_part_assignment": 10, "id": 8}, {"graph": null, "nnodes": 3, "nedges": 2, "density": 0.6666666666666666, "atomics": "[66, 67, 54]", "group_pop": 3, "init_part_assignment": 6, "id": 9}, {"graph": null, "nnodes": 3, "nedges": 2, "density": 0.6666666666666666, "atomics": "[0, 1, 2]", "group_pop": 3, "init_part_assignment": 7, "id": 10}, {"graph": null, "nnodes": 3, "nedges": 2, "density": 0.6666666666666666, "atomics": "[34, 35, 47]", "group_pop": 3, "init_part_assignment": 0, "id": 11}, {"graph": null, "nnodes": 3, "nedges": 2, "density": 0.6666666666666666, "atomics": "[115, 127, 103]", "group_pop": 3, "init_part_assignment": 11, "id": 12}, {"graph": null, "nnodes": 3, "nedges": 2, "density": 0.6666666666666666, "atomics": "[120, 132, 133]", "group_pop": 3, "init_part_assignment": 2, "id": 13}, {"graph": null, "nnodes": 3, "nedges": 2, "density": 0.6666666666666666, "atomics": "[122, 134, 110]", "group_pop": 3, "init_part_assignment": 2, "id": 14}, {"graph": null, "nnodes": 3, "nedges": 2, "density": 0.6666666666666666, "atomics": "[104, 105, 106]", "group_pop": 3, "init_part_assignment": 6, "id": 15}, {"graph": null, "nnodes": 3, "nedges": 2, "density": 0.6666666666666666, "atomics": "[116, 117, 118]", "group_pop": 3, "init_part_assignment": 11, "id": 16}, {"graph": null, "nnodes": 3, "nedges": 2, "density": 0.6666666666666666, "atomics": "[80, 92, 79]", "group_pop": 3, "init_part_assignment": 6, "id": 17}, {"graph": null, "nnodes": 3, "nedges": 2, "density": 0.6666666666666666, "atomics": "[136, 137, 135]", "group_pop": 3, "init_part_assignment": 2, "id": 18}, {"graph": null, "nnodes": 3, "nedges": 2, "density": 0.6666666666666666, "atomics": "[72, 73, 60]", "group_pop": 3, "init_part_assignment": 1, "id": 19}, {"graph": null, "nnodes": 3, "nedges": 2, "density": 0.6666666666666666, "atomics": "[48, 49, 61]", "group_pop": 3, "init_part_assignment": 4, "id": 20}, {"graph": null, "nnodes": 3, "nedges": 2, "density": 0.6666666666666666, "atomics": "[65, 77, 78]", "group_pop": 3, "init_part_assignment": 8, "id": 21}, {"graph": null, "nnodes": 3, "nedges": 2, "density": 0.6666666666666666, "atomics": "[16, 3, 4]", "group_pop": 3, "init_part_assignment": 7, "id": 22}, {"graph": null, "nnodes": 3, "nedges": 2, "density": 0.6666666666666666, "atomics": "[17, 5, 6]", "group_pop": 3, "init_part_assignment": 7, "id": 23}, {"graph": null, "nnodes": 3, "nedges": 2, "density": 0.6666666666666666, "atomics": "[81, 93, 94]", "group_pop": 3, "init_part_assignment": 10, "id": 24}, {"graph": null, "nnodes": 3, "nedges": 2, "density": 0.6666666666666666, "atomics": "[26, 14, 15]", "group_pop": 3, "init_part_assignment": 5, "id": 25}, {"graph": null, "nnodes": 3, "nedges": 2, "density": 0.6666666666666666, "atomics": "[121, 108, 109]", "group_pop": 3, "init_part_assignment": 1, "id": 26}, {"graph": null, "nnodes": 3, "nedges": 2, "density": 0.6666666666666666, "atomics": "[8, 19, 7]", "group_pop": 3, "init_part_assignment": 7, "id": 27}, {"graph": null, "nnodes": 3, "nedges": 2, "density": 0.6666666666666666, "atomics": "[18, 30, 31]", "group_pop": 3, "init_part_assignment": 8, "id": 28}, {"graph": null, "nnodes": 3, "nedges": 2, "density": 0.6666666666666666, "atomics": "[27, 28, 29]", "group_pop": 3, "init_part_assignment": 5, "id": 29}, {"graph": null, "nnodes": 3, "nedges": 2, "density": 0.6666666666666666, "atomics": "[40, 52, 39]", "group_pop": 3, "init_part_assignment": 4, "id": 30}, {"graph": null, "nnodes": 3, "nedges": 2, "density": 0.6666666666666666, "atomics": "[82, 83, 70]", "group_pop": 3, "init_part_assignment": 0, "id": 31}, {"graph": null, "nnodes": 3, "nedges": 2, "density": 0.6666666666666666, "atomics": "[56, 43, 55]", "group_pop": 3, "init_part_assignment": 8, "id": 32}, {"graph": null, "nnodes": 3, "nedges": 2, "density": 0.6666666666666666, "atomics": "[57, 68, 69]", "group_pop": 3, "init_part_assignment": 0, "id": 33}, {"graph": null, "nnodes": 3, "nedges": 2, "density": 0.6666666666666666, "atomics": "[58, 59, 71]", "group_pop": 3, "init_part_assignment": 0, "id": 34}, {"graph": null, "nnodes": 3, "nedges": 2, "density": 0.6666666666666666, "atomics": "[24, 36, 12]", "group_pop": 3, "init_part_assignment": 5, "id": 35}, {"graph": null, "nnodes": 3, "nedges": 2, "density": 0.6666666666666666, "atomics": "[25, 37, 13]", "group_pop": 3, "init_part_assignment": 5, "id": 36}, {"graph": null, "nnodes": 3, "nedges": 2, "density": 0.6666666666666666, "atomics": "[33, 45, 46]", "group_pop": 3, "init_part_assignment": 3, "id": 37}, {"graph": null, "nnodes": 3, "nedges": 2, "density": 0.6666666666666666, "atomics": "[32, 44, 20]", "group_pop": 3, "init_part_assignment": 3, "id": 38}, {"graph": null, "nnodes": 3, "nedges": 2, "density": 0.6666666666666666, "atomics": "[74, 75, 86]", "group_pop": 3, "init_part_assignment": 1, "id": 39}, {"graph": null, "nnodes": 3, "nedges": 2, "density": 0.6666666666666666, "atomics": "[123, 124, 111]", "group_pop": 3, "init_part_assignment": 2, "id": 40}, {"graph": null, "nnodes": 3, "nedges": 2, "density": 0.6666666666666666, "atomics": "[96, 84, 85]", "group_pop": 3, "init_part_assignment": 1, "id": 41}, {"graph": null, "nnodes": 3, "nedges": 2, "density": 0.6666666666666666, "atomics": "[97, 98, 99]", "group_pop": 3, "init_part_assignment": 9, "id": 42}, {"graph": null, "nnodes": 3, "nedges": 2, "density": 0.6666666666666666, "atomics": "[9, 21, 22]", "group_pop": 3, "init_part_assignment": 3, "id": 43}, {"graph": null, "nnodes": 3, "nedges": 2, "density": 0.6666666666666666, "atomics": "[41, 42, 53]", "group_pop": 3, "init_part_assignment": 8, "id": 44}, {"graph": null, "nnodes": 3, "nedges": 2, "density": 0.6666666666666666, "atomics": "[50, 51, 38]", "group_pop": 3, "init_part_assignment": 4, "id": 45}, {"graph": null, "nnodes": 3, "nedges": 2, "density": 0.6666666666666666, "atomics": "[88, 76, 87]", "group_pop": 3, "init_part_assignment": 9, "id": 46}, {"graph": null, "nnodes": 3, "nedges": 2, "density": 0.6666666666666666, "atomics": "[64, 62, 63]", "group_pop": 3, "init_part_assignment": 4, "id": 47}], "adjacency": [[{"weight": 1, "random_weight": 0.29047736547527625, "id": 1}, {"weight": 1, "random_weight": 0.8844766785575591, "id": 4}, {"weight": 2, "random_weight": 0.7593936257639446, "id": 5}, {"weight": 2, "random_weight": 0.9742887751195355, "id": 12}, {"weight": 1, "random_weight": 0.5911695198636941, "id": 18}], [{"weight": 1, "random_weight": 0.29047736547527625, "id": 0}, {"weight": 2, "random_weight": 0.4153433485711657, "id": 8}, {"weight": 2, "random_weight": 0.4002314551903058, "id": 12}, {"weight": 1, "random_weight": 0.9996453774424982, "id": 16}], [{"weight": 1, "random_weight": 0.7091035691771013, "id": 11}, {"weight": 3, "random_weight": 0.9725077638654883, "id": 43}], [{"weight": 2, "random_weight": 0.8906696502239674, "id": 4}, {"weight": 1, "random_weight": 0.9935064214186097, "id": 12}, {"weight": 2, "random_weight": 0.38167500101287877, "id": 17}, {"weight": 2, "random_weight": 0.9529531982186445, "id": 21}, {"weight": 1, "random_weight": 0.6863537978219582, "id": 46}], [{"weight": 1, "random_weight": 0.8844766785575591, "id": 0}, {"weight": 2, "random_weight": 0.8906696502239674, "id": 3}, {"weight": 2, "random_weight": 0.6619035591869858, "id": 5}, {"weight": 1, "random_weight": 0.2726975527312958, "id": 12}, {"weight": 1, "random_weight": 0.08989966446528452, "id": 42}, {"weight": 1, "random_weight": 0.2967365332253853, "id": 46}], [{"weight": 2, "random_weight": 0.7593936257639446, "id": 0}, {"weight": 2, "random_weight": 0.6619035591869858, "id": 4}, {"weight": 1, "random_weight": 0.4998606695620921, "id": 18}, {"weight": 3, "random_weight": 0.8739194176185422, "id": 40}], [{"weight": 1, "random_weight": 0.8161015130441955, "id": 7}, {"weight": 3, "random_weight": 0.6986460524415632, "id": 8}], [{"weight": 1, "random_weight": 0.8161015130441955, "id": 6}, {"weight": 1, "random_weight": 0.6728133324839395, "id": 15}, {"weight": 1, "random_weight": 0.9409078689666537, "id": 16}, {"weight": 1, "random_weight": 0.2077921492898841, "id": 24}, {"weight": 1, "random_weight": 0.9019946576090334, "id": 31}], [{"weight": 2, "random_weight": 0.4153433485711657, "id": 1}, {"weight": 3, "random_weight": 0.6986460524415632, "id": 6}, {"weight": 2, "random_weight": 0.8999814858856069, "id": 16}], [{"weight": 1, "random_weight": 0.34551708801629366, "id": 17}, {"weight": 2, "random_weight": 0.8066867534083118, "id": 21}, {"weight": 2, "random_weight": 0.8150819397176033, "id": 32}, {"weight": 1, "random_weight": 0.22368609928700356, "id": 33}, {"weight": 2, "random_weight": 0.8954574733685576, "id": 44}], [{"weight": 1, "random_weight": 0.5712152834306734, "id": 22}, {"weight": 1, "random_weight": 0.7268103186463235, "id": 25}, {"weight": 1, "random_weight": 0.8642740066817483, "id": 35}, {"weight": 1, "random_weight": 0.5868316202131608, "id": 36}], [{"weight": 1, "random_weight": 0.7091035691771013, "id": 2}, {"weight": 1, "random_weight": 0.3504168107316744, "id": 34}, {"weight": 3, "random_weight": 0.5629665113516371, "id": 37}, {"weight": 1, "random_weight": 0.837105702973876, "id": 43}], [{"weight": 2, "random_weight": 0.9742887751195355, "id": 0}, {"weight": 2, "random_weight": 0.4002314551903058, "id": 1}, {"weight": 1, "random_weight": 0.9935064214186097, "id": 3}, {"weight": 1, "random_weight": 0.2726975527312958, "id": 4}, {"weight": 1, "random_weight": 0.5973005444696294, "id": 15}, {"weight": 1, "random_weight": 0.21939973175192073, "id": 16}], [{"weight": 1, "random_weight": 0.6622975127491322, "id": 14}, {"weight": 3, "random_weight": 0.9012785419685287, "id": 26}], [{"weight": 1, "random_weight": 0.6622975127491322, "id": 13}, {"weight": 1, "random_weight": 0.0653735310627429, "id": 18}, {"weight": 2, "random_weight": 0.6582184430992215, "id": 26}, {"weight": 2, "random_weight": 0.6063777638577093, "id": 40}, {"weight": 1, "random_weight": 0.9235883914227961, "id": 42}], [{"weight": 1, "random_weight": 0.6728133324839395, "id": 7}, {"weight": 1, "random_weight": 0.5973005444696294, "id": 12}, {"weight": 3, "random_weight": 0.7728761376492528, "id": 16}, {"weight": 1, "random_weight": 0.5045776636073501, "id": 17}, {"weight": 2, "random_weight": 0.350702487064694, "id": 24}], [{"weight": 1, "random_weight": 0.9996453774424982, "id": 1}, {"weight": 1, "random_weight": 0.9409078689666537, "id": 7}, {"weight": 2, "random_weight": 0.8999814858856069, "id": 8}, {"weight": 1, "random_weight": 0.21939973175192073, "id": 12}, {"weight": 3, "random_weight": 0.7728761376492528, "id": 15}], [{"weight": 2, "random_weight": 0.38167500101287877, "id": 3}, {"weight": 1, "random_weight": 0.34551708801629366, "id": 9}, {"weight": 1, "random_weight": 0.5045776636073501, "id": 15}, {"weight": 1, "random_weight": 0.9494307919636215, "id": 21}, {"weight": 2, "random_weight": 0.719438357520187, "id": 24}, {"weight": 1, "random_weight": 0.7414002784457915, "id": 33}], [{"weight": 1, "random_weight": 0.5911695198636941, "id": 0}, {"weight": 1, "random_weight": 0.4998606695620921, "id": 5}, {"weight": 1, "random_weight": 0.0653735310627429, "id": 14}, {"weight": 2, "random_weight": 0.4546221357546387, "id": 40}], [{"weight": 3, "random_weight": 0.5382728496297849, "id": 20}, {"weight": 1, "random_weight": 0.16562120032093264, "id": 39}, {"weight": 2, "random_weight": 0.24707660198137127, "id": 41}], [{"weight": 3, "random_weight": 0.5382728496297849, "id": 19}, {"weight": 1, "random_weight": 0.6372394218866797, "id": 35}, {"weight": 1, "random_weight": 0.9399680928922077, "id": 36}, {"weight": 1, "random_weight": 0.5192873369672285, "id": 45}, {"weight": 1, "random_weight": 0.5240239349853733, "id": 47}], [{"weight": 2, "random_weight": 0.9529531982186445, "id": 3}, {"weight": 2, "random_weight": 0.8066867534083118, "id": 9}, {"weight": 1, "random_weight": 0.9494307919636215, "id": 17}, {"weight": 1, "random_weight": 0.5756922061155423, "id": 44}, {"weight": 1, "random_weight": 0.4311115061401338, "id": 46}, {"weight": 1, "random_weight": 0.5538635730551982, "id": 47}], [{"weight": 1, "random_weight": 0.5712152834306734, "id": 10}, {"weight": 2, "random_weight": 0.6621710836181486, "id": 23}, {"weight": 2, "random_weight": 0.32724530391440365, "id": 25}, {"weight": 1, "random_weight": 0.38512216573170566, "id": 29}], [{"weight": 2, "random_weight": 0.6621710836181486, "id": 22}, {"weight": 1, "random_weight": 0.09675324250975981, "id": 27}, {"weight": 2, "random_weight": 0.9901774115370916, "id": 28}, {"weight": 1, "random_weight": 0.5023232890416318, "id": 29}], [{"weight": 1, "random_weight": 0.2077921492898841, "id": 7}, {"weight": 2, "random_weight": 0.350702487064694, "id": 15}, {"weight": 2, "random_weight": 0.719438357520187, "id": 17}, {"weight": 2, "random_weight": 0.5908265443008799, "id": 31}, {"weight": 1, "random_weight": 0.6431922714022124, "id": 33}], [{"weight": 1, "random_weight": 0.7268103186463235, "id": 10}, {"weight": 2, "random_weight": 0.32724530391440365, "id": 22}, {"weight": 2, "random_weight": 0.14254666107862246, "id": 29}, {"weight": 2, "random_weight": 0.502281590665563, "id": 36}, {"weight": 1, "random_weight": 0.9591879906249943, "id": 45}], [{"weight": 3, "random_weight": 0.9012785419685287, "id": 13}, {"weight": 2, "random_weight": 0.6582184430992215, "id": 14}, {"weight": 1, "random_weight": 0.13844792341049128, "id": 41}, {"weight": 1, "random_weight": 0.9028111247915409, "id": 42}], [{"weight": 1, "random_weight": 0.09675324250975981, "id": 23}, {"weight": 2, "random_weight": 0.6080379375042466, "id": 28}, {"weight": 2, "random_weight": 0.5884153189988326, "id": 38}, {"weight": 1, "random_weight": 0.9570758630633697, "id": 43}], [{"weight": 2, "random_weight": 0.9901774115370916, "id": 23}, {"weight": 2, "random_weight": 0.6080379375042466, "id": 27}, {"weight": 1, "random_weight": 0.911548865675555, "id": 29}, {"weight": 1, "random_weight": 0.6252286493676165, "id": 32}, {"weight": 1, "random_weight": 0.6633333971083644, "id": 38}, {"weight": 1, "random_weight": 0.8191581504724448, "id": 44}], [{"weight": 1, "random_weight": 0.38512216573170566, "id": 22}, {"weight": 1, "random_weight": 0.5023232890416318, "id": 23}, {"weight": 2, "random_weight": 0.14254666107862246, "id": 25}, {"weight": 1, "random_weight": 0.911548865675555, "id": 28}, {"weight": 2, "random_weight": 0.843466221962386, "id": 30}, {"weight": 1, "random_weight": 0.8695545700232341, "id": 44}], [{"weight": 2, "random_weight": 0.843466221962386, "id": 29}, {"weight": 2, "random_weight": 0.5184994832091435, "id": 44}, {"weight": 3, "random_weight": 0.21774296009302507, "id": 45}, {"weight": 1, "random_weight": 0.6445166663609296, "id": 47}], [{"weight": 1, "random_weight": 0.9019946576090334, "id": 7}, {"weight": 2, "random_weight": 0.5908265443008799, "id": 24}, {"weight": 1, "random_weight": 0.12787722530037526, "id": 33}, {"weight": 3, "random_weight": 0.4230546756094631, "id": 34}], [{"weight": 2, "random_weight": 0.8150819397176033, "id": 9}, {"weight": 1, "random_weight": 0.6252286493676165, "id": 28}, {"weight": 2, "random_weight": 0.4614995284357848, "id": 33}, {"weight": 2, "random_weight": 0.23711299556916376, "id": 38}, {"weight": 1, "random_weight": 0.2881156455339504, "id": 44}], [{"weight": 1, "random_weight": 0.22368609928700356, "id": 9}, {"weight": 1, "random_weight": 0.7414002784457915, "id": 17}, {"weight": 1, "random_weight": 0.6431922714022124, "id": 24}, {"weight": 1, "random_weight": 0.12787722530037526, "id": 31}, {"weight": 2, "random_weight": 0.4614995284357848, "id": 32}, {"weight": 1, "random_weight": 0.3118047445686788, "id": 34}, {"weight": 1, "random_weight": 0.6983234259737924, "id": 37}], [{"weight": 1, "random_weight": 0.3504168107316744, "id": 11}, {"weight": 3, "random_weight": 0.4230546756094631, "id": 31}, {"weight": 1, "random_weight": 0.3118047445686788, "id": 33}, {"weight": 1, "random_weight": 0.7694277169143343, "id": 37}], [{"weight": 1, "random_weight": 0.8642740066817483, "id": 10}, {"weight": 1, "random_weight": 0.6372394218866797, "id": 20}, {"weight": 3, "random_weight": 0.3677639189516292, "id": 36}], [{"weight": 1, "random_weight": 0.5868316202131608, "id": 10}, {"weight": 1, "random_weight": 0.9399680928922077, "id": 20}, {"weight": 2, "random_weight": 0.502281590665563, "id": 25}, {"weight": 3, "random_weight": 0.3677639189516292, "id": 35}, {"weight": 1, "random_weight": 0.9563580536792357, "id": 45}], [{"weight": 3, "random_weight": 0.5629665113516371, "id": 11}, {"weight": 1, "random_weight": 0.6983234259737924, "id": 33}, {"weight": 1, "random_weight": 0.7694277169143343, "id": 34}, {"weight": 2, "random_weight": 0.612360385454263, "id": 38}, {"weight": 1, "random_weight": 0.8447534451827795, "id": 43}], [{"weight": 2, "random_weight": 0.5884153189988326, "id": 27}, {"weight": 1, "random_weight": 0.6633333971083644, "id": 28}, {"weight": 2, "random_weight": 0.23711299556916376, "id": 32}, {"weight": 2, "random_weight": 0.612360385454263, "id": 37}, {"weight": 1, "random_weight": 0.28772643270872567, "id": 43}], [{"weight": 1, "random_weight": 0.16562120032093264, "id": 19}, {"weight": 1, "random_weight": 0.11641836514508874, "id": 41}, {"weight": 1, "random_weight": 0.15036068980246942, "id": 42}, {"weight": 3, "random_weight": 0.8783596056091807, "id": 46}, {"weight": 2, "random_weight": 0.5519860865757107, "id": 47}], [{"weight": 3, "random_weight": 0.8739194176185422, "id": 5}, {"weight": 2, "random_weight": 0.6063777638577093, "id": 14}, {"weight": 2, "random_weight": 0.4546221357546387, "id": 18}, {"weight": 1, "random_weight": 0.5987043576253874, "id": 42}], [{"weight": 2, "random_weight": 0.24707660198137127, "id": 19}, {"weight": 1, "random_weight": 0.13844792341049128, "id": 26}, {"weight": 1, "random_weight": 0.11641836514508874, "id": 39}, {"weight": 2, "random_weight": 0.14393755561067267, "id": 42}], [{"weight": 1, "random_weight": 0.08989966446528452, "id": 4}, {"weight": 1, "random_weight": 0.9235883914227961, "id": 14}, {"weight": 1, "random_weight": 0.9028111247915409, "id": 26}, {"weight": 1, "random_weight": 0.15036068980246942, "id": 39}, {"weight": 1, "random_weight": 0.5987043576253874, "id": 40}, {"weight": 2, "random_weight": 0.14393755561067267, "id": 41}, {"weight": 1, "random_weight": 0.36113960584198446, "id": 46}], [{"weight": 3, "random_weight": 0.9725077638654883, "id": 2}, {"weight": 1, "random_weight": 0.837105702973876, "id": 11}, {"weight": 1, "random_weight": 0.9570758630633697, "id": 27}, {"weight": 1, "random_weight": 0.8447534451827795, "id": 37}, {"weight": 1, "random_weight": 0.28772643270872567, "id": 38}], [{"weight": 2, "random_weight": 0.8954574733685576, "id": 9}, {"weight": 1, "random_weight": 0.5756922061155423, "id": 21}, {"weight": 1, "random_weight": 0.8191581504724448, "id": 28}, {"weight": 1, "random_weight": 0.8695545700232341, "id": 29}, {"weight": 2, "random_weight": 0.5184994832091435, "id": 30}, {"weight": 1, "random_weight": 0.2881156455339504, "id": 32}], [{"weight": 1, "random_weight": 0.5192873369672285, "id": 20}, {"weight": 1, "random_weight": 0.9591879906249943, "id": 25}, {"weight": 3, "random_weight": 0.21774296009302507, "id": 30}, {"weight": 1, "random_weight": 0.9563580536792357, "id": 36}, {"weight": 2, "random_weight": 0.3659567991648752, "id": 47}], [{"weight": 1, "random_weight": 0.6863537978219582, "id": 3}, {"weight": 1, "random_weight": 0.2967365332253853, "id": 4}, {"weight": 1, "random_weight": 0.4311115061401338, "id": 21}, {"weight": 3, "random_weight": 0.8783596056091807, "id": 39}, {"weight": 1, "random_weight": 0.36113960584198446, "id": 42}, {"weight": 1, "random_weight": 0.4375365066142869, "id": 47}], [{"weight": 1, "random_weight": 0.5240239349853733, "id": 20}, {"weight": 1, "random_weight": 0.5538635730551982, "id": 21}, {"weight": 1, "random_weight": 0.6445166663609296, "id": 30}, {"weight": 2, "random_weight": 0.5519860865757107, "id": 39}, {"weight": 2, "random_weight": 0.3659567991648752, "id": 45}, {"weight": 1, "random_weight": 0.4375365066142869, "id": 46}]]}