{"directed": false, "multigraph": false, "graph": [], "nodes": [{"graph": null, "nnodes": 3, "nedges": 2, "density": 0.6666666666666666, "atomics": "[138, 139, 127]", "group_pop": 3, "init_part_assignment": 2, "id": 0}, {"graph": null, "nnodes": 3, "nedges": 2, "density": 0.6666666666666666, "atomics": "[129, 140, 141]", "group_pop": 3, "init_part_assignment": 5, "id": 1}, {"graph": null, "nnodes": 3, "nedges": 2, "density": 0.6666666666666666, "atomics": "[9, 10, 11]", "group_pop": 3, "init_part_assignment": 7, "id": 2}, {"graph": null, "nnodes": 3, "nedges": 2, "density": 0.6666666666666666, "atomics": "[35, 23, 47]", "group_pop": 3, "init_part_assignment": 7, "id": 3}, {"graph": null, "nnodes": 3, "nedges": 2, "density": 0.6666666666666666, "atomics": "[88, 89, 100]", "group_pop": 3, "init_part_assignment": 8, "id": 4}, {"graph": null, "nnodes": 3, "nedges": 2, "density": 0.6666666666666666, "atomics": "[113, 114, 101]", "group_pop": 3, "init_part_assignment": 8, "id": 5}, {"graph": null, "nnodes": 3, "nedges": 2, "density": 0.6666666666666666, "atomics": "[131, 119, 143]", "group_pop": 3, "init_part_assignment": 5, "id": 6}, {"graph": null, "nnodes": 3, "nedges": 2, "density": 0.6666666666666666, "atomics": "[130, 142, 118]", "group_pop": 3, "init_part_assignment": 5, "id": 7}, {"graph": null, "nnodes": 3, "nedges": 2, "density": 0.6666666666666666, "atomics": "[66, 67, 54]", "group_pop": 3, "init_part_assignment": 6, "id": 8}, {"graph": null, "nnodes": 3, "nedges": 2, "density": 0.6666666666666666, "atomics": "[0, 12, 13]", "group_pop": 3, "init_part_assignment": 1, "id": 9}, {"graph": null, "nnodes": 3, "nedges": 2, "density": 0.6666666666666666, "atomics": "[1, 2, 3]", "group_pop": 3, "init_part_assignment": 1, "id": 10}, {"graph": null, "nnodes": 3, "nedges": 2, "density": 0.6666666666666666, "atomics": "[33, 34, 45]", "group_pop": 3, "init_part_assignment": 9, "id": 11}, {"graph": null, "nnodes": 3, "nedges": 2, "density": 0.6666666666666666, "atomics": "[128, 116, 117]", "group_pop": 3, "init_part_assignment": 2, "id": 12}, {"graph": null, "nnodes": 3, "nedges": 2, "density": 0.6666666666666666, "atomics": "[115, 102, 103]", "group_pop": 3, "init_part_assignment": 2, "id": 13}, {"graph": null, "nnodes": 3, "nedges": 2, "density": 0.6666666666666666, "atomics": "[120, 132, 133]", "group_pop": 3, "init_part_assignment": 3, "id": 14}, {"graph": null, "nnodes": 3, "nedges": 2, "density": 0.6666666666666666, "atomics": "[121, 122, 134]", "group_pop": 3, "init_part_assignment": 3, "id": 15}, {"graph": null, "nnodes": 3, "nedges": 2, "density": 0.6666666666666666, "atomics": "[104, 91, 92]", "group_pop": 3, "init_part_assignment": 6, "id": 16}, {"graph": null, "nnodes": 3, "nedges": 2, "density": 0.6666666666666666, "atomics": "[90, 78, 79]", "group_pop": 3, "init_part_assignment": 6, "id": 17}, {"graph": null, "nnodes": 3, "nedges": 2, "density": 0.6666666666666666, "atomics": "[136, 124, 112]", "group_pop": 3, "init_part_assignment": 8, "id": 18}, {"graph": null, "nnodes": 3, "nedges": 2, "density": 0.6666666666666666, "atomics": "[137, 125, 126]", "group_pop": 3, "init_part_assignment": 2, "id": 19}, {"graph": null, "nnodes": 3, "nedges": 2, "density": 0.6666666666666666, "atomics": "[135, 123, 111]", "group_pop": 3, "init_part_assignment": 3, "id": 20}, {"graph": null, "nnodes": 3, "nedges": 2, "density": 0.6666666666666666, "atomics": "[72, 96, 84]", "group_pop": 3, "init_part_assignment": 0, "id": 21}, {"graph": null, "nnodes": 3, "nedges": 2, "density": 0.6666666666666666, "atomics": "[48, 24, 36]", "group_pop": 3, "init_part_assignment": 1, "id": 22}, {"graph": null, "nnodes": 3, "nedges": 2, "density": 0.6666666666666666, "atomics": "[73, 60, 61]", "group_pop": 3, "init_part_assignment": 0, "id": 23}, {"graph": null, "nnodes": 3, "nedges": 2, "density": 0.6666666666666666, "atomics": "[105, 106, 107]", "group_pop": 3, "init_part_assignment": 5, "id": 24}, {"graph": null, "nnodes": 3, "nedges": 2, "density": 0.6666666666666666, "atomics": "[16, 4, 28]", "group_pop": 3, "init_part_assignment": 10, "id": 25}, {"graph": null, "nnodes": 3, "nedges": 2, "density": 0.6666666666666666, "atomics": "[17, 5, 29]", "group_pop": 3, "init_part_assignment": 10, "id": 26}, {"graph": null, "nnodes": 3, "nedges": 2, "density": 0.6666666666666666, "atomics": "[80, 81, 68]", "group_pop": 3, "init_part_assignment": 4, "id": 27}, {"graph": null, "nnodes": 3, "nedges": 2, "density": 0.6666666666666666, "atomics": "[82, 93, 94]", "group_pop": 3, "init_part_assignment": 4, "id": 28}, {"graph": null, "nnodes": 3, "nedges": 2, "density": 0.6666666666666666, "atomics": "[26, 14, 15]", "group_pop": 3, "init_part_assignment": 11, "id": 29}, {"graph": null, "nnodes": 3, "nedges": 2, "density": 0.6666666666666666, "atomics": "[108, 109, 110]", "group_pop": 3, "init_part_assignment": 3, "id": 30}, {"graph": null, "nnodes": 3, "nedges": 2, "density": 0.6666666666666666, "atomics": "[18, 19, 30]", "group_pop": 3, "init_part_assignment": 9, "id": 31}, {"graph": null, "nnodes": 3, "nedges": 2, "density": 0.6666666666666666, "atomics": "[8, 6, 7]", "group_pop": 3, "init_part_assignment": 10, "id": 32}, {"graph": null, "nnodes": 3, "nedges": 2, "density": 0.6666666666666666, "atomics": "[27, 51, 39]", "group_pop": 3, "init_part_assignment": 11, "id": 33}, {"graph": null, "nnodes": 3, "nedges": 2, "density": 0.6666666666666666, "atomics": "[57, 69, 70]", "group_pop": 3, "init_part_assignment": 4, "id": 34}, {"graph": null, "nnodes": 3, "nedges": 2, "density": 0.6666666666666666, "atomics": "[49, 50, 62]", "group_pop": 3, "init_part_assignment": 0, "id": 35}, {"graph": null, "nnodes": 3, "nedges": 2, "density": 0.6666666666666666, "atomics": "[56, 43, 55]", "group_pop": 3, "init_part_assignment": 4, "id": 36}, {"graph": null, "nnodes": 3, "nedges": 2, "density": 0.6666666666666666, "atomics": "[83, 71, 95]", "group_pop": 3, "init_part_assignment": 7, "id": 37}, {"graph": null, "nnodes": 3, "nedges": 2, "density": 0.6666666666666666, "atomics": "[58, 59, 46]", "group_pop": 3, "init_part_assignment": 7, "id": 38}, {"graph": null, "nnodes": 3, "nedges": 2, "density": 0.6666666666666666, "atomics": "[25, 37, 38]", "group_pop": 3, "init_part_assignment": 1, "id": 39}, {"graph": null, "nnodes": 3, "nedges": 2, "density": 0.6666666666666666, "atomics": "[32, 44, 31]", "group_pop": 3, "init_part_assignment": 9, "id": 40}, {"graph": null, "nnodes": 3, "nedges": 2, "density": 0.6666666666666666, "atomics": "[74, 85, 86]", "group_pop": 3, "init_part_assignment": 0, "id": 41}, {"graph": null, "nnodes": 3, "nedges": 2, "density": 0.6666666666666666, "atomics": "[75, 87, 63]", "group_pop": 3, "init_part_assignment": 11, "id": 42}, {"graph": null, "nnodes": 3, "nedges": 2, "density": 0.6666666666666666, "atomics": "[97, 98, 99]", "group_pop": 3, "init_part_assignment": 8, "id": 43}, {"graph": null, "nnodes": 3, "nedges": 2, "density": 0.6666666666666666, "atomics": "[20, 21, 22]", "group_pop": 3, "init_part_assignment": 9, "id": 44}, {"graph": null, "nnodes": 3, "nedges": 2, "density": 0.6666666666666666, "atomics": "[40, 41, 42]", "group_pop": 3, "init_part_assignment": 10, "id": 45}, {"graph": null, "nnodes": 3, "nedges": 2, "density": 0.6666666666666666, "atomics": "[65, 52, 53]", "group_pop": 3, "init_part_assignment": 6, "id": 46}, {"graph": null, "nnodes": 3, "nedges": 2, "density": 0.6666666666666666, "atomics": "[64, 76, 77]", "group_pop": 3, "init_part_assignment": 11, "id": 47}], "adjacency": [[{"weight": 1, "random_weight": 0.7304326350410699, "id": 1}, {"weight": 1, "random_weight": 0.049359283685561306, "id": 12}, {"weight": 1, "random_weight": 0.1668865988789764, "id": 13}, {"weight": 3, "random_weight": 0.10399706906935946, "id": 19}], [{"weight": 1, "random_weight": 0.7304326350410699, "id": 0}, {"weight": 2, "random_weight": 0.4335766692547701, "id": 7}, {"weight": 3, "random_weight": 0.593511758185704, "id": 12}], [{"weight": 1, "random_weight": 0.2278645504279091, "id": 3}, {"weight": 1, "random_weight": 0.4292333184248588, "id": 32}, {"weight": 2, "random_weight": 0.7981851156920602, "id": 44}], [{"weight": 1, "random_weight": 0.2278645504279091, "id": 2}, {"weight": 1, "random_weight": 0.710447770008224, "id": 11}, {"weight": 2, "random_weight": 0.7121232395203745, "id": 38}, {"weight": 1, "random_weight": 0.9205739683608538, "id": 44}], [{"weight": 2, "random_weight": 0.5424956479372539, "id": 5}, {"weight": 1, "random_weight": 0.9259229176486168, "id": 17}, {"weight": 1, "random_weight": 0.6273216014534818, "id": 18}, {"weight": 1, "random_weight": 0.6788049872995572, "id": 42}, {"weight": 1, "random_weight": 0.4014428678547246, "id": 43}, {"weight": 2, "random_weight": 0.8568060680439525, "id": 47}], [{"weight": 2, "random_weight": 0.5424956479372539, "id": 4}, {"weight": 3, "random_weight": 0.6891961302403923, "id": 13}, {"weight": 1, "random_weight": 0.8102683777036623, "id": 18}, {"weight": 2, "random_weight": 0.7549861335375184, "id": 19}], [{"weight": 3, "random_weight": 0.4949343631909031, "id": 7}, {"weight": 1, "random_weight": 0.42685767404777974, "id": 24}], [{"weight": 2, "random_weight": 0.4335766692547701, "id": 1}, {"weight": 3, "random_weight": 0.4949343631909031, "id": 6}, {"weight": 1, "random_weight": 0.6707591118761932, "id": 12}, {"weight": 1, "random_weight": 0.6530133529054708, "id": 24}], [{"weight": 2, "random_weight": 0.9001340877349726, "id": 17}, {"weight": 1, "random_weight": 0.0726799555147043, "id": 27}, {"weight": 2, "random_weight": 0.9730978507875464, "id": 36}, {"weight": 1, "random_weight": 0.7994133143317341, "id": 45}, {"weight": 2, "random_weight": 0.7633622806223057, "id": 46}], [{"weight": 2, "random_weight": 0.4160024646117788, "id": 10}, {"weight": 1, "random_weight": 0.6384708216788771, "id": 22}, {"weight": 1, "random_weight": 0.7369184203348264, "id": 29}, {"weight": 1, "random_weight": 0.39289407442019775, "id": 39}], [{"weight": 2, "random_weight": 0.4160024646117788, "id": 9}, {"weight": 1, "random_weight": 0.650725004025698, "id": 25}, {"weight": 2, "random_weight": 0.8238192031242497, "id": 29}], [{"weight": 1, "random_weight": 0.710447770008224, "id": 3}, {"weight": 1, "random_weight": 0.8187295219318557, "id": 34}, {"weight": 2, "random_weight": 0.88081628132781, "id": 38}, {"weight": 2, "random_weight": 0.8941323115552194, "id": 40}, {"weight": 2, "random_weight": 0.9678184996484224, "id": 44}], [{"weight": 1, "random_weight": 0.049359283685561306, "id": 0}, {"weight": 3, "random_weight": 0.593511758185704, "id": 1}, {"weight": 1, "random_weight": 0.6707591118761932, "id": 7}, {"weight": 1, "random_weight": 0.4938034166270503, "id": 13}, {"weight": 1, "random_weight": 0.19048892166328257, "id": 16}, {"weight": 1, "random_weight": 0.6016760755985506, "id": 24}], [{"weight": 1, "random_weight": 0.1668865988789764, "id": 0}, {"weight": 3, "random_weight": 0.6891961302403923, "id": 5}, {"weight": 1, "random_weight": 0.4938034166270503, "id": 12}, {"weight": 2, "random_weight": 0.9862953544701362, "id": 16}, {"weight": 1, "random_weight": 0.5456248246332167, "id": 17}], [{"weight": 3, "random_weight": 0.8079713206518186, "id": 15}, {"weight": 1, "random_weight": 0.06184461051709289, "id": 30}], [{"weight": 3, "random_weight": 0.8079713206518186, "id": 14}, {"weight": 2, "random_weight": 0.6280665449602718, "id": 20}, {"weight": 2, "random_weight": 0.43387646568994676, "id": 30}], [{"weight": 1, "random_weight": 0.19048892166328257, "id": 12}, {"weight": 2, "random_weight": 0.9862953544701362, "id": 13}, {"weight": 2, "random_weight": 0.7451764675695768, "id": 17}, {"weight": 1, "random_weight": 0.3173571070629325, "id": 24}, {"weight": 1, "random_weight": 0.30355095960034384, "id": 27}, {"weight": 1, "random_weight": 0.7872834866190681, "id": 28}], [{"weight": 1, "random_weight": 0.9259229176486168, "id": 4}, {"weight": 2, "random_weight": 0.9001340877349726, "id": 8}, {"weight": 1, "random_weight": 0.5456248246332167, "id": 13}, {"weight": 2, "random_weight": 0.7451764675695768, "id": 16}, {"weight": 1, "random_weight": 0.9415118238276482, "id": 27}, {"weight": 1, "random_weight": 0.9165319100538741, "id": 47}], [{"weight": 1, "random_weight": 0.6273216014534818, "id": 4}, {"weight": 1, "random_weight": 0.8102683777036623, "id": 5}, {"weight": 2, "random_weight": 0.5832308057817359, "id": 19}, {"weight": 3, "random_weight": 0.9594552239810382, "id": 20}], [{"weight": 3, "random_weight": 0.10399706906935946, "id": 0}, {"weight": 2, "random_weight": 0.7549861335375184, "id": 5}, {"weight": 2, "random_weight": 0.5832308057817359, "id": 18}], [{"weight": 2, "random_weight": 0.6280665449602718, "id": 15}, {"weight": 3, "random_weight": 0.9594552239810382, "id": 18}, {"weight": 1, "random_weight": 0.3060952137640358, "id": 30}, {"weight": 1, "random_weight": 0.2817912447909684, "id": 43}], [{"weight": 2, "random_weight": 0.6212661995775453, "id": 23}, {"weight": 1, "random_weight": 0.24879138306900328, "id": 30}, {"weight": 1, "random_weight": 0.09069731544755044, "id": 41}, {"weight": 1, "random_weight": 0.6023333483082963, "id": 43}], [{"weight": 1, "random_weight": 0.6384708216788771, "id": 9}, {"weight": 1, "random_weight": 0.9119059467532995, "id": 23}, {"weight": 1, "random_weight": 0.7269971412928478, "id": 35}, {"weight": 2, "random_weight": 0.23470605008206968, "id": 39}], [{"weight": 2, "random_weight": 0.6212661995775453, "id": 21}, {"weight": 1, "random_weight": 0.9119059467532995, "id": 22}, {"weight": 2, "random_weight": 0.9598471800023203, "id": 35}, {"weight": 2, "random_weight": 0.3116266151862538, "id": 41}], [{"weight": 1, "random_weight": 0.42685767404777974, "id": 6}, {"weight": 1, "random_weight": 0.6530133529054708, "id": 7}, {"weight": 1, "random_weight": 0.6016760755985506, "id": 12}, {"weight": 1, "random_weight": 0.3173571070629325, "id": 16}, {"weight": 2, "random_weight": 0.879199328406268, "id": 28}, {"weight": 1, "random_weight": 0.7864242320988497, "id": 37}], [{"weight": 1, "random_weight": 0.650725004025698, "id": 10}, {"weight": 3, "random_weight": 0.9452243130069338, "id": 26}, {"weight": 1, "random_weight": 0.13566275280928453, "id": 29}, {"weight": 1, "random_weight": 0.7799749619184265, "id": 33}, {"weight": 1, "random_weight": 0.875131871362388, "id": 45}], [{"weight": 3, "random_weight": 0.9452243130069338, "id": 25}, {"weight": 2, "random_weight": 0.5585863559917698, "id": 31}, {"weight": 1, "random_weight": 0.743556178242015, "id": 32}, {"weight": 1, "random_weight": 0.5183019403984797, "id": 45}], [{"weight": 1, "random_weight": 0.0726799555147043, "id": 8}, {"weight": 1, "random_weight": 0.30355095960034384, "id": 16}, {"weight": 1, "random_weight": 0.9415118238276482, "id": 17}, {"weight": 2, "random_weight": 0.5973092407512895, "id": 28}, {"weight": 2, "random_weight": 0.26265381616357397, "id": 34}, {"weight": 1, "random_weight": 0.056070175208013495, "id": 36}], [{"weight": 1, "random_weight": 0.7872834866190681, "id": 16}, {"weight": 2, "random_weight": 0.879199328406268, "id": 24}, {"weight": 2, "random_weight": 0.5973092407512895, "id": 27}, {"weight": 1, "random_weight": 0.31474131321403753, "id": 34}, {"weight": 2, "random_weight": 0.7612126473802292, "id": 37}], [{"weight": 1, "random_weight": 0.7369184203348264, "id": 9}, {"weight": 2, "random_weight": 0.8238192031242497, "id": 10}, {"weight": 1, "random_weight": 0.13566275280928453, "id": 25}, {"weight": 2, "random_weight": 0.7663401398171927, "id": 33}, {"weight": 2, "random_weight": 0.7922926574185791, "id": 39}], [{"weight": 1, "random_weight": 0.06184461051709289, "id": 14}, {"weight": 2, "random_weight": 0.43387646568994676, "id": 15}, {"weight": 1, "random_weight": 0.3060952137640358, "id": 20}, {"weight": 1, "random_weight": 0.24879138306900328, "id": 21}, {"weight": 2, "random_weight": 0.696462198809048, "id": 43}], [{"weight": 2, "random_weight": 0.5585863559917698, "id": 26}, {"weight": 2, "random_weight": 0.9255505069302477, "id": 32}, {"weight": 2, "random_weight": 0.8307401059316675, "id": 40}, {"weight": 1, "random_weight": 0.02936913139066466, "id": 44}, {"weight": 1, "random_weight": 0.5685476109598104, "id": 45}], [{"weight": 1, "random_weight": 0.4292333184248588, "id": 2}, {"weight": 1, "random_weight": 0.743556178242015, "id": 26}, {"weight": 2, "random_weight": 0.9255505069302477, "id": 31}, {"weight": 1, "random_weight": 0.6223180884683673, "id": 44}], [{"weight": 1, "random_weight": 0.7799749619184265, "id": 25}, {"weight": 2, "random_weight": 0.7663401398171927, "id": 29}, {"weight": 1, "random_weight": 0.7441989438738638, "id": 35}, {"weight": 1, "random_weight": 0.10139638256414585, "id": 39}, {"weight": 1, "random_weight": 0.4942414681130496, "id": 42}, {"weight": 1, "random_weight": 0.9401054112737275, "id": 45}, {"weight": 1, "random_weight": 0.42760191145373827, "id": 46}], [{"weight": 1, "random_weight": 0.8187295219318557, "id": 11}, {"weight": 2, "random_weight": 0.26265381616357397, "id": 27}, {"weight": 1, "random_weight": 0.31474131321403753, "id": 28}, {"weight": 1, "random_weight": 0.5404445440163731, "id": 36}, {"weight": 1, "random_weight": 0.49696996891584666, "id": 37}, {"weight": 2, "random_weight": 0.8711880642501171, "id": 38}], [{"weight": 1, "random_weight": 0.7269971412928478, "id": 22}, {"weight": 2, "random_weight": 0.9598471800023203, "id": 23}, {"weight": 1, "random_weight": 0.7441989438738638, "id": 33}, {"weight": 2, "random_weight": 0.878822480816786, "id": 39}, {"weight": 1, "random_weight": 0.6293295030014711, "id": 41}, {"weight": 1, "random_weight": 0.9459464450980514, "id": 42}], [{"weight": 2, "random_weight": 0.9730978507875464, "id": 8}, {"weight": 1, "random_weight": 0.056070175208013495, "id": 27}, {"weight": 1, "random_weight": 0.5404445440163731, "id": 34}, {"weight": 3, "random_weight": 0.5049275623329835, "id": 40}, {"weight": 1, "random_weight": 0.6821803446604898, "id": 45}], [{"weight": 1, "random_weight": 0.7864242320988497, "id": 24}, {"weight": 2, "random_weight": 0.7612126473802292, "id": 28}, {"weight": 1, "random_weight": 0.49696996891584666, "id": 34}, {"weight": 1, "random_weight": 0.41256007139435324, "id": 38}], [{"weight": 2, "random_weight": 0.7121232395203745, "id": 3}, {"weight": 2, "random_weight": 0.88081628132781, "id": 11}, {"weight": 2, "random_weight": 0.8711880642501171, "id": 34}, {"weight": 1, "random_weight": 0.41256007139435324, "id": 37}], [{"weight": 1, "random_weight": 0.39289407442019775, "id": 9}, {"weight": 2, "random_weight": 0.23470605008206968, "id": 22}, {"weight": 2, "random_weight": 0.7922926574185791, "id": 29}, {"weight": 1, "random_weight": 0.10139638256414585, "id": 33}, {"weight": 2, "random_weight": 0.878822480816786, "id": 35}], [{"weight": 2, "random_weight": 0.8941323115552194, "id": 11}, {"weight": 2, "random_weight": 0.8307401059316675, "id": 31}, {"weight": 3, "random_weight": 0.5049275623329835, "id": 36}, {"weight": 1, "random_weight": 0.6217446323550073, "id": 44}], [{"weight": 1, "random_weight": 0.09069731544755044, "id": 21}, {"weight": 2, "random_weight": 0.3116266151862538, "id": 23}, {"weight": 1, "random_weight": 0.6293295030014711, "id": 35}, {"weight": 2, "random_weight": 0.579679677330082, "id": 42}, {"weight": 2, "random_weight": 0.19035044696305592, "id": 43}], [{"weight": 1, "random_weight": 0.6788049872995572, "id": 4}, {"weight": 1, "random_weight": 0.4942414681130496, "id": 33}, {"weight": 1, "random_weight": 0.9459464450980514, "id": 35}, {"weight": 2, "random_weight": 0.579679677330082, "id": 41}, {"weight": 1, "random_weight": 0.16762551895501077, "id": 43}, {"weight": 2, "random_weight": 0.3998102433784416, "id": 47}], [{"weight": 1, "random_weight": 0.4014428678547246, "id": 4}, {"weight": 1, "random_weight": 0.2817912447909684, "id": 20}, {"weight": 1, "random_weight": 0.6023333483082963, "id": 21}, {"weight": 2, "random_weight": 0.696462198809048, "id": 30}, {"weight": 2, "random_weight": 0.19035044696305592, "id": 41}, {"weight": 1, "random_weight": 0.16762551895501077, "id": 42}], [{"weight": 2, "random_weight": 0.7981851156920602, "id": 2}, {"weight": 1, "random_weight": 0.9205739683608538, "id": 3}, {"weight": 2, "random_weight": 0.9678184996484224, "id": 11}, {"weight": 1, "random_weight": 0.02936913139066466, "id": 31}, {"weight": 1, "random_weight": 0.6223180884683673, "id": 32}, {"weight": 1, "random_weight": 0.6217446323550073, "id": 40}], [{"weight": 1, "random_weight": 0.7994133143317341, "id": 8}, {"weight": 1, "random_weight": 0.875131871362388, "id": 25}, {"weight": 1, "random_weight": 0.5183019403984797, "id": 26}, {"weight": 1, "random_weight": 0.5685476109598104, "id": 31}, {"weight": 1, "random_weight": 0.9401054112737275, "id": 33}, {"weight": 1, "random_weight": 0.6821803446604898, "id": 36}, {"weight": 2, "random_weight": 0.794836661632458, "id": 46}], [{"weight": 2, "random_weight": 0.7633622806223057, "id": 8}, {"weight": 1, "random_weight": 0.42760191145373827, "id": 33}, {"weight": 2, "random_weight": 0.794836661632458, "id": 45}, {"weight": 3, "random_weight": 0.7508500687493095, "id": 47}], [{"weight": 2, "random_weight": 0.8568060680439525, "id": 4}, {"weight": 1, "random_weight": 0.9165319100538741, "id": 17}, {"weight": 2, "random_weight": 0.3998102433784416, "id": 42}, {"weight": 3, "random_weight": 0.7508500687493095, "id": 46}]]}