{"directed": false, "multigraph": false, "graph": [], "nodes": [{"graph": null, "nnodes": 3, "nedges": 2, "density": 0.6666666666666666, "atomics": "[138, 139, 140]", "group_pop": 3, "init_part_assignment": 0, "id": 0}, {"graph": null, "nnodes": 3, "nedges": 2, "density": 0.6666666666666666, "atomics": "[10, 11, 22]", "group_pop": 3, "init_part_assignment": 9, "id": 1}, {"graph": null, "nnodes": 3, "nedges": 2, "density": 0.6666666666666666, "atomics": "[35, 23, 47]", "group_pop": 3, "init_part_assignment": 9, "id": 2}, {"graph": null, "nnodes": 3, "nedges": 2, "density": 0.6666666666666666, "atomics": "[88, 89, 101]", "group_pop": 3, "init_part_assignment": 6, "id": 3}, {"graph": null, "nnodes": 3, "nedges": 2, "density": 0.6666666666666666, "atomics": "[113, 137, 125]", "group_pop": 3, "init_part_assignment": 0, "id": 4}, {"graph": null, "nnodes": 3, "nedges": 2, "density": 0.6666666666666666, "atomics": "[130, 131, 143]", "group_pop": 3, "init_part_assignment": 1, "id": 5}, {"graph": null, "nnodes": 3, "nedges": 2, "density": 0.6666666666666666, "atomics": "[107, 118, 119]", "group_pop": 3, "init_part_assignment": 1, "id": 6}, {"graph": null, "nnodes": 3, "nedges": 2, "density": 0.6666666666666666, "atomics": "[129, 141, 142]", "group_pop": 3, "init_part_assignment": 4, "id": 7}, {"graph": null, "nnodes": 3, "nedges": 2, "density": 0.6666666666666666, "atomics": "[65, 66, 67]", "group_pop": 3, "init_part_assignment": 10, "id": 8}, {"graph": null, "nnodes": 3, "nedges": 2, "density": 0.6666666666666666, "atomics": "[42, 54, 30]", "group_pop": 3, "init_part_assignment": 7, "id": 9}, {"graph": null, "nnodes": 3, "nedges": 2, "density": 0.6666666666666666, "atomics": "[0, 24, 12]", "group_pop": 3, "init_part_assignment": 3, "id": 10}, {"graph": null, "nnodes": 3, "nedges": 2, "density": 0.6666666666666666, "atomics": "[1, 13, 25]", "group_pop": 3, "init_part_assignment": 2, "id": 11}, {"graph": null, "nnodes": 3, "nedges": 2, "density": 0.6666666666666666, "atomics": "[2, 3, 15]", "group_pop": 3, "init_part_assignment": 2, "id": 12}, {"graph": null, "nnodes": 3, "nedges": 2, "density": 0.6666666666666666, "atomics": "[33, 34, 45]", "group_pop": 3, "init_part_assignment": 11, "id": 13}, {"graph": null, "nnodes": 3, "nedges": 2, "density": 0.6666666666666666, "atomics": "[128, 126, 127]", "group_pop": 3, "init_part_assignment": 4, "id": 14}, {"graph": null, "nnodes": 3, "nedges": 2, "density": 0.6666666666666666, "atomics": "[115, 91, 103]", "group_pop": 3, "init_part_assignment": 4, "id": 15}, {"graph": null, "nnodes": 3, "nedges": 2, "density": 0.6666666666666666, "atomics": "[120, 132, 108]", "group_pop": 3, "init_part_assignment": 5, "id": 16}, {"graph": null, "nnodes": 3, "nedges": 2, "density": 0.6666666666666666, "atomics": "[121, 122, 133]", "group_pop": 3, "init_part_assignment": 5, "id": 17}, {"graph": null, "nnodes": 3, "nedges": 2, "density": 0.6666666666666666, "atomics": "[136, 134, 135]", "group_pop": 3, "init_part_assignment": 0, "id": 18}, {"graph": null, "nnodes": 3, "nedges": 2, "density": 0.6666666666666666, "atomics": "[104, 116, 117]", "group_pop": 3, "init_part_assignment": 4, "id": 19}, {"graph": null, "nnodes": 3, "nedges": 2, "density": 0.6666666666666666, "atomics": "[80, 92, 68]", "group_pop": 3, "init_part_assignment": 10, "id": 20}, {"graph": null, "nnodes": 3, "nedges": 2, "density": 0.6666666666666666, "atomics": "[77, 78, 79]", "group_pop": 3, "init_part_assignment": 8, "id": 21}, {"graph": null, "nnodes": 3, "nedges": 2, "density": 0.6666666666666666, "atomics": "[72, 60, 61]", "group_pop": 3, "init_part_assignment": 3, "id": 22}, {"graph": null, "nnodes": 3, "nedges": 2, "density": 0.6666666666666666, "atomics": "[48, 49, 36]", "group_pop": 3, "init_part_assignment": 3, "id": 23}, {"graph": null, "nnodes": 3, "nedges": 2, "density": 0.6666666666666666, "atomics": "[81, 93, 105]", "group_pop": 3, "init_part_assignment": 11, "id": 24}, {"graph": null, "nnodes": 3, "nedges": 2, "density": 0.6666666666666666, "atomics": "[106, 82, 94]", "group_pop": 3, "init_part_assignment": 1, "id": 25}, {"graph": null, "nnodes": 3, "nedges": 2, "density": 0.6666666666666666, "atomics": "[114, 90, 102]", "group_pop": 3, "init_part_assignment": 0, "id": 26}, {"graph": null, "nnodes": 3, "nedges": 2, "density": 0.6666666666666666, "atomics": "[16, 17, 4]", "group_pop": 3, "init_part_assignment": 7, "id": 27}, {"graph": null, "nnodes": 3, "nedges": 2, "density": 0.6666666666666666, "atomics": "[18, 5, 6]", "group_pop": 3, "init_part_assignment": 7, "id": 28}, {"graph": null, "nnodes": 3, "nedges": 2, "density": 0.6666666666666666, "atomics": "[26, 27, 14]", "group_pop": 3, "init_part_assignment": 2, "id": 29}, {"graph": null, "nnodes": 3, "nedges": 2, "density": 0.6666666666666666, "atomics": "[97, 109, 110]", "group_pop": 3, "init_part_assignment": 5, "id": 30}, {"graph": null, "nnodes": 3, "nedges": 2, "density": 0.6666666666666666, "atomics": "[19, 20, 7]", "group_pop": 3, "init_part_assignment": 9, "id": 31}, {"graph": null, "nnodes": 3, "nedges": 2, "density": 0.6666666666666666, "atomics": "[41, 29, 53]", "group_pop": 3, "init_part_assignment": 7, "id": 32}, {"graph": null, "nnodes": 3, "nedges": 2, "density": 0.6666666666666666, "atomics": "[40, 28, 52]", "group_pop": 3, "init_part_assignment": 2, "id": 33}, {"graph": null, "nnodes": 3, "nedges": 2, "density": 0.6666666666666666, "atomics": "[51, 39, 63]", "group_pop": 3, "init_part_assignment": 8, "id": 34}, {"graph": null, "nnodes": 3, "nedges": 2, "density": 0.6666666666666666, "atomics": "[57, 69, 70]", "group_pop": 3, "init_part_assignment": 11, "id": 35}, {"graph": null, "nnodes": 3, "nedges": 2, "density": 0.6666666666666666, "atomics": "[73, 74, 62]", "group_pop": 3, "init_part_assignment": 3, "id": 36}, {"graph": null, "nnodes": 3, "nedges": 2, "density": 0.6666666666666666, "atomics": "[56, 43, 55]", "group_pop": 3, "init_part_assignment": 10, "id": 37}, {"graph": null, "nnodes": 3, "nedges": 2, "density": 0.6666666666666666, "atomics": "[83, 71, 95]", "group_pop": 3, "init_part_assignment": 1, "id": 38}, {"graph": null, "nnodes": 3, "nedges": 2, "density": 0.6666666666666666, "atomics": "[58, 59, 46]", "group_pop": 3, "init_part_assignment": 11, "id": 39}, {"graph": null, "nnodes": 3, "nedges": 2, "density": 0.6666666666666666, "atomics": "[50, 37, 38]", "group_pop": 3, "init_part_assignment": 8, "id": 40}, {"graph": null, "nnodes": 3, "nedges": 2, "density": 0.6666666666666666, "atomics": "[32, 44, 31]", "group_pop": 3, "init_part_assignment": 10, "id": 41}, {"graph": null, "nnodes": 3, "nedges": 2, "density": 0.6666666666666666, "atomics": "[64, 75, 76]", "group_pop": 3, "init_part_assignment": 8, "id": 42}, {"graph": null, "nnodes": 3, "nedges": 2, "density": 0.6666666666666666, "atomics": "[98, 86, 87]", "group_pop": 3, "init_part_assignment": 6, "id": 43}, {"graph": null, "nnodes": 3, "nedges": 2, "density": 0.6666666666666666, "atomics": "[123, 124, 111]", "group_pop": 3, "init_part_assignment": 5, "id": 44}, {"graph": null, "nnodes": 3, "nedges": 2, "density": 0.6666666666666666, "atomics": "[96, 84, 85]", "group_pop": 3, "init_part_assignment": 6, "id": 45}, {"graph": null, "nnodes": 3, "nedges": 2, "density": 0.6666666666666666, "atomics": "[8, 9, 21]", "group_pop": 3, "init_part_assignment": 9, "id": 46}, {"graph": null, "nnodes": 3, "nedges": 2, "density": 0.6666666666666666, "atomics": "[112, 99, 100]", "group_pop": 3, "init_part_assignment": 6, "id": 47}], "adjacency": [[{"weight": 1, "random_weight": 0.5648587818774186, "id": 4}, {"weight": 1, "random_weight": 0.8200671069565805, "id": 7}, {"weight": 3, "random_weight": 0.8496350554949514, "id": 14}], [{"weight": 2, "random_weight": 0.4385403204677444, "id": 2}, {"weight": 1, "random_weight": 0.9380946529062152, "id": 13}, {"weight": 2, "random_weight": 0.39757250931430954, "id": 46}], [{"weight": 2, "random_weight": 0.4385403204677444, "id": 1}, {"weight": 1, "random_weight": 0.8446164515831396, "id": 13}, {"weight": 2, "random_weight": 0.77380803642825, "id": 39}], [{"weight": 1, "random_weight": 0.9855402600049943, "id": 4}, {"weight": 1, "random_weight": 0.21044296868539192, "id": 21}, {"weight": 2, "random_weight": 0.4115955692408385, "id": 26}, {"weight": 1, "random_weight": 0.9642820428382192, "id": 42}, {"weight": 1, "random_weight": 0.2573194017343491, "id": 43}, {"weight": 2, "random_weight": 0.020226949359840263, "id": 47}], [{"weight": 1, "random_weight": 0.5648587818774186, "id": 0}, {"weight": 1, "random_weight": 0.9855402600049943, "id": 3}, {"weight": 1, "random_weight": 0.6643375038544124, "id": 14}, {"weight": 1, "random_weight": 0.011927531819027837, "id": 18}, {"weight": 1, "random_weight": 0.3808918620043976, "id": 26}, {"weight": 1, "random_weight": 0.6938600933101909, "id": 44}, {"weight": 1, "random_weight": 0.4197020177563364, "id": 47}], [{"weight": 2, "random_weight": 0.13741170674907244, "id": 6}, {"weight": 3, "random_weight": 0.8221210328858922, "id": 7}], [{"weight": 2, "random_weight": 0.13741170674907244, "id": 5}, {"weight": 1, "random_weight": 0.7913514024844205, "id": 19}, {"weight": 2, "random_weight": 0.564568180686168, "id": 25}, {"weight": 1, "random_weight": 0.05930106284935288, "id": 38}], [{"weight": 1, "random_weight": 0.8200671069565805, "id": 0}, {"weight": 3, "random_weight": 0.8221210328858922, "id": 5}, {"weight": 1, "random_weight": 0.1248307366332353, "id": 14}, {"weight": 1, "random_weight": 0.2763248929777852, "id": 19}], [{"weight": 1, "random_weight": 0.34720958293169824, "id": 9}, {"weight": 1, "random_weight": 0.514990235464199, "id": 20}, {"weight": 3, "random_weight": 0.928916117869972, "id": 21}, {"weight": 1, "random_weight": 0.8653727875352125, "id": 32}, {"weight": 1, "random_weight": 0.11198089422100488, "id": 37}, {"weight": 1, "random_weight": 0.6983880435083537, "id": 42}], [{"weight": 1, "random_weight": 0.34720958293169824, "id": 8}, {"weight": 1, "random_weight": 0.5506454455786007, "id": 28}, {"weight": 3, "random_weight": 0.3179983880740028, "id": 32}, {"weight": 2, "random_weight": 0.09470945628220728, "id": 37}, {"weight": 1, "random_weight": 0.38631471480908497, "id": 41}], [{"weight": 3, "random_weight": 0.6426548579386839, "id": 11}, {"weight": 1, "random_weight": 0.14218516291971228, "id": 23}], [{"weight": 3, "random_weight": 0.6426548579386839, "id": 10}, {"weight": 1, "random_weight": 0.16642039166381972, "id": 12}, {"weight": 2, "random_weight": 0.11932221220324812, "id": 29}, {"weight": 1, "random_weight": 0.9937001364906641, "id": 40}], [{"weight": 1, "random_weight": 0.16642039166381972, "id": 11}, {"weight": 2, "random_weight": 0.6791041620930366, "id": 27}, {"weight": 3, "random_weight": 0.6000860762269259, "id": 29}], [{"weight": 1, "random_weight": 0.9380946529062152, "id": 1}, {"weight": 1, "random_weight": 0.8446164515831396, "id": 2}, {"weight": 1, "random_weight": 0.0004496146288237579, "id": 35}, {"weight": 2, "random_weight": 0.848746953437462, "id": 39}, {"weight": 2, "random_weight": 0.9809014949280025, "id": 41}, {"weight": 1, "random_weight": 0.9816445347956704, "id": 46}], [{"weight": 3, "random_weight": 0.8496350554949514, "id": 0}, {"weight": 1, "random_weight": 0.6643375038544124, "id": 4}, {"weight": 1, "random_weight": 0.1248307366332353, "id": 7}, {"weight": 1, "random_weight": 0.05425743419168083, "id": 15}, {"weight": 1, "random_weight": 0.48804808079568307, "id": 19}, {"weight": 1, "random_weight": 0.673135140836289, "id": 26}], [{"weight": 1, "random_weight": 0.05425743419168083, "id": 14}, {"weight": 2, "random_weight": 0.5757181066574811, "id": 19}, {"weight": 1, "random_weight": 0.7494076042363933, "id": 20}, {"weight": 1, "random_weight": 0.8052876289031959, "id": 21}, {"weight": 3, "random_weight": 0.8085337135289908, "id": 26}], [{"weight": 2, "random_weight": 0.8846582820546411, "id": 17}, {"weight": 1, "random_weight": 0.03107424921015911, "id": 30}, {"weight": 1, "random_weight": 0.7822427028850212, "id": 45}], [{"weight": 2, "random_weight": 0.8846582820546411, "id": 16}, {"weight": 2, "random_weight": 0.7199012508448571, "id": 18}, {"weight": 2, "random_weight": 0.3070691687805801, "id": 30}, {"weight": 1, "random_weight": 0.14220320227176597, "id": 44}], [{"weight": 1, "random_weight": 0.011927531819027837, "id": 4}, {"weight": 2, "random_weight": 0.7199012508448571, "id": 17}, {"weight": 2, "random_weight": 0.7707994381728137, "id": 44}], [{"weight": 1, "random_weight": 0.7913514024844205, "id": 6}, {"weight": 1, "random_weight": 0.2763248929777852, "id": 7}, {"weight": 1, "random_weight": 0.48804808079568307, "id": 14}, {"weight": 2, "random_weight": 0.5757181066574811, "id": 15}, {"weight": 1, "random_weight": 0.930203895463804, "id": 20}, {"weight": 2, "random_weight": 0.6636281211851583, "id": 24}], [{"weight": 1, "random_weight": 0.514990235464199, "id": 8}, {"weight": 1, "random_weight": 0.7494076042363933, "id": 15}, {"weight": 1, "random_weight": 0.930203895463804, "id": 19}, {"weight": 1, "random_weight": 0.3614134569778453, "id": 21}, {"weight": 2, "random_weight": 0.50136782229854, "id": 24}, {"weight": 1, "random_weight": 0.24928404719807784, "id": 35}, {"weight": 1, "random_weight": 0.301402995151684, "id": 37}], [{"weight": 1, "random_weight": 0.21044296868539192, "id": 3}, {"weight": 3, "random_weight": 0.928916117869972, "id": 8}, {"weight": 1, "random_weight": 0.8052876289031959, "id": 15}, {"weight": 1, "random_weight": 0.3614134569778453, "id": 20}, {"weight": 1, "random_weight": 0.42094407137276135, "id": 26}, {"weight": 1, "random_weight": 0.2639940287932927, "id": 42}], [{"weight": 2, "random_weight": 0.05024957778390127, "id": 23}, {"weight": 3, "random_weight": 0.5003805500445262, "id": 36}, {"weight": 1, "random_weight": 0.9411234762944868, "id": 45}], [{"weight": 1, "random_weight": 0.14218516291971228, "id": 10}, {"weight": 2, "random_weight": 0.05024957778390127, "id": 22}, {"weight": 3, "random_weight": 0.7709370659306728, "id": 40}], [{"weight": 2, "random_weight": 0.6636281211851583, "id": 19}, {"weight": 2, "random_weight": 0.50136782229854, "id": 20}, {"weight": 3, "random_weight": 0.37728985319702324, "id": 25}, {"weight": 1, "random_weight": 0.2066663456610821, "id": 35}], [{"weight": 2, "random_weight": 0.564568180686168, "id": 6}, {"weight": 3, "random_weight": 0.37728985319702324, "id": 24}, {"weight": 1, "random_weight": 0.34467241106593705, "id": 35}, {"weight": 2, "random_weight": 0.03581851928258395, "id": 38}], [{"weight": 2, "random_weight": 0.4115955692408385, "id": 3}, {"weight": 1, "random_weight": 0.3808918620043976, "id": 4}, {"weight": 1, "random_weight": 0.673135140836289, "id": 14}, {"weight": 3, "random_weight": 0.8085337135289908, "id": 15}, {"weight": 1, "random_weight": 0.42094407137276135, "id": 21}], [{"weight": 2, "random_weight": 0.6791041620930366, "id": 12}, {"weight": 3, "random_weight": 0.36669355878686083, "id": 28}, {"weight": 1, "random_weight": 0.9760914227455787, "id": 32}, {"weight": 1, "random_weight": 0.8328617949778808, "id": 33}], [{"weight": 1, "random_weight": 0.5506454455786007, "id": 9}, {"weight": 3, "random_weight": 0.36669355878686083, "id": 27}, {"weight": 2, "random_weight": 0.9826320393449228, "id": 31}], [{"weight": 2, "random_weight": 0.11932221220324812, "id": 11}, {"weight": 3, "random_weight": 0.6000860762269259, "id": 12}, {"weight": 1, "random_weight": 0.3077847300203749, "id": 33}, {"weight": 1, "random_weight": 0.8788606032270758, "id": 34}, {"weight": 1, "random_weight": 0.7744117746234561, "id": 40}], [{"weight": 1, "random_weight": 0.03107424921015911, "id": 16}, {"weight": 2, "random_weight": 0.3070691687805801, "id": 17}, {"weight": 2, "random_weight": 0.6370810726973031, "id": 43}, {"weight": 1, "random_weight": 0.6557221123515959, "id": 44}, {"weight": 2, "random_weight": 0.9862547859691586, "id": 45}], [{"weight": 2, "random_weight": 0.9826320393449228, "id": 28}, {"weight": 2, "random_weight": 0.07291750931066976, "id": 41}, {"weight": 3, "random_weight": 0.5683507517637995, "id": 46}], [{"weight": 1, "random_weight": 0.8653727875352125, "id": 8}, {"weight": 3, "random_weight": 0.3179983880740028, "id": 9}, {"weight": 1, "random_weight": 0.9760914227455787, "id": 27}, {"weight": 3, "random_weight": 0.6659065583573701, "id": 33}], [{"weight": 1, "random_weight": 0.8328617949778808, "id": 27}, {"weight": 1, "random_weight": 0.3077847300203749, "id": 29}, {"weight": 3, "random_weight": 0.6659065583573701, "id": 32}, {"weight": 2, "random_weight": 0.8383372380361707, "id": 34}, {"weight": 1, "random_weight": 0.9259546518491919, "id": 42}], [{"weight": 1, "random_weight": 0.8788606032270758, "id": 29}, {"weight": 2, "random_weight": 0.8383372380361707, "id": 33}, {"weight": 1, "random_weight": 0.6300634688584306, "id": 36}, {"weight": 2, "random_weight": 0.21899608666312187, "id": 40}, {"weight": 2, "random_weight": 0.25581771948047116, "id": 42}], [{"weight": 1, "random_weight": 0.0004496146288237579, "id": 13}, {"weight": 1, "random_weight": 0.24928404719807784, "id": 20}, {"weight": 1, "random_weight": 0.2066663456610821, "id": 24}, {"weight": 1, "random_weight": 0.34467241106593705, "id": 25}, {"weight": 1, "random_weight": 0.9205551147765164, "id": 37}, {"weight": 1, "random_weight": 0.20387850284561715, "id": 38}, {"weight": 2, "random_weight": 0.3728376692354808, "id": 39}], [{"weight": 3, "random_weight": 0.5003805500445262, "id": 22}, {"weight": 1, "random_weight": 0.6300634688584306, "id": 34}, {"weight": 1, "random_weight": 0.815450982728828, "id": 40}, {"weight": 1, "random_weight": 0.4695962377405891, "id": 42}, {"weight": 1, "random_weight": 0.9712951563291689, "id": 43}, {"weight": 1, "random_weight": 0.016671943521892385, "id": 45}], [{"weight": 1, "random_weight": 0.11198089422100488, "id": 8}, {"weight": 2, "random_weight": 0.09470945628220728, "id": 9}, {"weight": 1, "random_weight": 0.301402995151684, "id": 20}, {"weight": 1, "random_weight": 0.9205551147765164, "id": 35}, {"weight": 3, "random_weight": 0.02565326825828207, "id": 41}], [{"weight": 1, "random_weight": 0.05930106284935288, "id": 6}, {"weight": 2, "random_weight": 0.03581851928258395, "id": 25}, {"weight": 1, "random_weight": 0.20387850284561715, "id": 35}, {"weight": 1, "random_weight": 0.7092927989394007, "id": 39}], [{"weight": 2, "random_weight": 0.77380803642825, "id": 2}, {"weight": 2, "random_weight": 0.848746953437462, "id": 13}, {"weight": 2, "random_weight": 0.3728376692354808, "id": 35}, {"weight": 1, "random_weight": 0.7092927989394007, "id": 38}], [{"weight": 1, "random_weight": 0.9937001364906641, "id": 11}, {"weight": 3, "random_weight": 0.7709370659306728, "id": 23}, {"weight": 1, "random_weight": 0.7744117746234561, "id": 29}, {"weight": 2, "random_weight": 0.21899608666312187, "id": 34}, {"weight": 1, "random_weight": 0.815450982728828, "id": 36}], [{"weight": 1, "random_weight": 0.38631471480908497, "id": 9}, {"weight": 2, "random_weight": 0.9809014949280025, "id": 13}, {"weight": 2, "random_weight": 0.07291750931066976, "id": 31}, {"weight": 3, "random_weight": 0.02565326825828207, "id": 37}], [{"weight": 1, "random_weight": 0.9642820428382192, "id": 3}, {"weight": 1, "random_weight": 0.6983880435083537, "id": 8}, {"weight": 1, "random_weight": 0.2639940287932927, "id": 21}, {"weight": 1, "random_weight": 0.9259546518491919, "id": 33}, {"weight": 2, "random_weight": 0.25581771948047116, "id": 34}, {"weight": 1, "random_weight": 0.4695962377405891, "id": 36}, {"weight": 1, "random_weight": 0.5906653947956859, "id": 43}], [{"weight": 1, "random_weight": 0.2573194017343491, "id": 3}, {"weight": 2, "random_weight": 0.6370810726973031, "id": 30}, {"weight": 1, "random_weight": 0.9712951563291689, "id": 36}, {"weight": 1, "random_weight": 0.5906653947956859, "id": 42}, {"weight": 1, "random_weight": 0.5851957080382792, "id": 45}, {"weight": 2, "random_weight": 0.23159858910251652, "id": 47}], [{"weight": 1, "random_weight": 0.6938600933101909, "id": 4}, {"weight": 1, "random_weight": 0.14220320227176597, "id": 17}, {"weight": 2, "random_weight": 0.7707994381728137, "id": 18}, {"weight": 1, "random_weight": 0.6557221123515959, "id": 30}, {"weight": 3, "random_weight": 0.38323705410241415, "id": 47}], [{"weight": 1, "random_weight": 0.7822427028850212, "id": 16}, {"weight": 1, "random_weight": 0.9411234762944868, "id": 22}, {"weight": 2, "random_weight": 0.9862547859691586, "id": 30}, {"weight": 1, "random_weight": 0.016671943521892385, "id": 36}, {"weight": 1, "random_weight": 0.5851957080382792, "id": 43}], [{"weight": 2, "random_weight": 0.39757250931430954, "id": 1}, {"weight": 1, "random_weight": 0.9816445347956704, "id": 13}, {"weight": 3, "random_weight": 0.5683507517637995, "id": 31}], [{"weight": 2, "random_weight": 0.020226949359840263, "id": 3}, {"weight": 1, "random_weight": 0.4197020177563364, "id": 4}, {"weight": 2, "random_weight": 0.23159858910251652, "id": 43}, {"weight": 3, "random_weight": 0.38323705410241415, "id": 44}]]}