{"directed": false, "multigraph": false, "graph": [], "nodes": [{"graph": null, "nnodes": 3, "nedges": 2, "density": 0.6666666666666666, "atomics": "[137, 138, 125]", "group_pop": 3, "init_part_assignment": 0, "id": 0}, {"graph": null, "nnodes": 3, "nedges": 2, "density": 0.6666666666666666, "atomics": "[139, 126, 127]", "group_pop": 3, "init_part_assignment": 0, "id": 1}, {"graph": null, "nnodes": 3, "nedges": 2, "density": 0.6666666666666666, "atomics": "[129, 140, 141]", "group_pop": 3, "init_part_assignment": 1, "id": 2}, {"graph": null, "nnodes": 3, "nedges": 2, "density": 0.6666666666666666, "atomics": "[10, 11, 22]", "group_pop": 3, "init_part_assignment": 11, "id": 3}, {"graph": null, "nnodes": 3, "nedges": 2, "density": 0.6666666666666666, "atomics": "[35, 23, 47]", "group_pop": 3, "init_part_assignment": 6, "id": 4}, {"graph": null, "nnodes": 3, "nedges": 2, "density": 0.6666666666666666, "atomics": "[89, 65, 77]", "group_pop": 3, "init_part_assignment": 8, "id": 5}, {"graph": null, "nnodes": 3, "nedges": 2, "density": 0.6666666666666666, "atomics": "[88, 100, 101]", "group_pop": 3, "init_part_assignment": 8, "id": 6}, {"graph": null, "nnodes": 3, "nedges": 2, "density": 0.6666666666666666, "atomics": "[112, 113, 114]", "group_pop": 3, "init_part_assignment": 0, "id": 7}, {"graph": null, "nnodes": 3, "nedges": 2, "density": 0.6666666666666666, "atomics": "[131, 119, 143]", "group_pop": 3, "init_part_assignment": 1, "id": 8}, {"graph": null, "nnodes": 3, "nedges": 2, "density": 0.6666666666666666, "atomics": "[130, 142, 118]", "group_pop": 3, "init_part_assignment": 1, "id": 9}, {"graph": null, "nnodes": 3, "nedges": 2, "density": 0.6666666666666666, "atomics": "[66, 53, 54]", "group_pop": 3, "init_part_assignment": 8, "id": 10}, {"graph": null, "nnodes": 3, "nedges": 2, "density": 0.6666666666666666, "atomics": "[56, 67, 55]", "group_pop": 3, "init_part_assignment": 6, "id": 11}, {"graph": null, "nnodes": 3, "nedges": 2, "density": 0.6666666666666666, "atomics": "[0, 1, 13]", "group_pop": 3, "init_part_assignment": 9, "id": 12}, {"graph": null, "nnodes": 3, "nedges": 2, "density": 0.6666666666666666, "atomics": "[2, 3, 4]", "group_pop": 3, "init_part_assignment": 9, "id": 13}, {"graph": null, "nnodes": 3, "nedges": 2, "density": 0.6666666666666666, "atomics": "[32, 33, 34]", "group_pop": 3, "init_part_assignment": 11, "id": 14}, {"graph": null, "nnodes": 3, "nedges": 2, "density": 0.6666666666666666, "atomics": "[128, 116, 117]", "group_pop": 3, "init_part_assignment": 2, "id": 15}, {"graph": null, "nnodes": 3, "nedges": 2, "density": 0.6666666666666666, "atomics": "[115, 102, 103]", "group_pop": 3, "init_part_assignment": 2, "id": 16}, {"graph": null, "nnodes": 3, "nedges": 2, "density": 0.6666666666666666, "atomics": "[120, 132, 133]", "group_pop": 3, "init_part_assignment": 5, "id": 17}, {"graph": null, "nnodes": 3, "nedges": 2, "density": 0.6666666666666666, "atomics": "[121, 122, 134]", "group_pop": 3, "init_part_assignment": 7, "id": 18}, {"graph": null, "nnodes": 3, "nedges": 2, "density": 0.6666666666666666, "atomics": "[104, 91, 92]", "group_pop": 3, "init_part_assignment": 2, "id": 19}, {"graph": null, "nnodes": 3, "nedges": 2, "density": 0.6666666666666666, "atomics": "[90, 78, 79]", "group_pop": 3, "init_part_assignment": 2, "id": 20}, {"graph": null, "nnodes": 3, "nedges": 2, "density": 0.6666666666666666, "atomics": "[136, 124, 135]", "group_pop": 3, "init_part_assignment": 0, "id": 21}, {"graph": null, "nnodes": 3, "nedges": 2, "density": 0.6666666666666666, "atomics": "[72, 96, 84]", "group_pop": 3, "init_part_assignment": 5, "id": 22}, {"graph": null, "nnodes": 3, "nedges": 2, "density": 0.6666666666666666, "atomics": "[48, 60, 36]", "group_pop": 3, "init_part_assignment": 4, "id": 23}, {"graph": null, "nnodes": 3, "nedges": 2, "density": 0.6666666666666666, "atomics": "[105, 106, 93]", "group_pop": 3, "init_part_assignment": 1, "id": 24}, {"graph": null, "nnodes": 3, "nedges": 2, "density": 0.6666666666666666, "atomics": "[107, 94, 95]", "group_pop": 3, "init_part_assignment": 3, "id": 25}, {"graph": null, "nnodes": 3, "nedges": 2, "density": 0.6666666666666666, "atomics": "[16, 14, 15]", "group_pop": 3, "init_part_assignment": 9, "id": 26}, {"graph": null, "nnodes": 3, "nedges": 2, "density": 0.6666666666666666, "atomics": "[17, 5, 6]", "group_pop": 3, "init_part_assignment": 9, "id": 27}, {"graph": null, "nnodes": 3, "nedges": 2, "density": 0.6666666666666666, "atomics": "[80, 81, 68]", "group_pop": 3, "init_part_assignment": 3, "id": 28}, {"graph": null, "nnodes": 3, "nedges": 2, "density": 0.6666666666666666, "atomics": "[108, 109, 110]", "group_pop": 3, "init_part_assignment": 5, "id": 29}, {"graph": null, "nnodes": 3, "nedges": 2, "density": 0.6666666666666666, "atomics": "[8, 19, 7]", "group_pop": 3, "init_part_assignment": 11, "id": 30}, {"graph": null, "nnodes": 3, "nedges": 2, "density": 0.6666666666666666, "atomics": "[18, 30, 31]", "group_pop": 3, "init_part_assignment": 10, "id": 31}, {"graph": null, "nnodes": 3, "nedges": 2, "density": 0.6666666666666666, "atomics": "[41, 42, 29]", "group_pop": 3, "init_part_assignment": 10, "id": 32}, {"graph": null, "nnodes": 3, "nedges": 2, "density": 0.6666666666666666, "atomics": "[26, 27, 39]", "group_pop": 3, "init_part_assignment": 10, "id": 33}, {"graph": null, "nnodes": 3, "nedges": 2, "density": 0.6666666666666666, "atomics": "[40, 28, 52]", "group_pop": 3, "init_part_assignment": 10, "id": 34}, {"graph": null, "nnodes": 3, "nedges": 2, "density": 0.6666666666666666, "atomics": "[82, 83, 71]", "group_pop": 3, "init_part_assignment": 3, "id": 35}, {"graph": null, "nnodes": 3, "nedges": 2, "density": 0.6666666666666666, "atomics": "[57, 69, 70]", "group_pop": 3, "init_part_assignment": 3, "id": 36}, {"graph": null, "nnodes": 3, "nedges": 2, "density": 0.6666666666666666, "atomics": "[73, 85, 97]", "group_pop": 3, "init_part_assignment": 5, "id": 37}, {"graph": null, "nnodes": 3, "nedges": 2, "density": 0.6666666666666666, "atomics": "[50, 61, 62]", "group_pop": 3, "init_part_assignment": 4, "id": 38}, {"graph": null, "nnodes": 3, "nedges": 2, "density": 0.6666666666666666, "atomics": "[49, 37, 38]", "group_pop": 3, "init_part_assignment": 4, "id": 39}, {"graph": null, "nnodes": 3, "nedges": 2, "density": 0.6666666666666666, "atomics": "[58, 59, 46]", "group_pop": 3, "init_part_assignment": 6, "id": 40}, {"graph": null, "nnodes": 3, "nedges": 2, "density": 0.6666666666666666, "atomics": "[24, 25, 12]", "group_pop": 3, "init_part_assignment": 4, "id": 41}, {"graph": null, "nnodes": 3, "nedges": 2, "density": 0.6666666666666666, "atomics": "[43, 44, 45]", "group_pop": 3, "init_part_assignment": 6, "id": 42}, {"graph": null, "nnodes": 3, "nedges": 2, "density": 0.6666666666666666, "atomics": "[74, 86, 98]", "group_pop": 3, "init_part_assignment": 7, "id": 43}, {"graph": null, "nnodes": 3, "nedges": 2, "density": 0.6666666666666666, "atomics": "[75, 76, 87]", "group_pop": 3, "init_part_assignment": 7, "id": 44}, {"graph": null, "nnodes": 3, "nedges": 2, "density": 0.6666666666666666, "atomics": "[123, 99, 111]", "group_pop": 3, "init_part_assignment": 7, "id": 45}, {"graph": null, "nnodes": 3, "nedges": 2, "density": 0.6666666666666666, "atomics": "[9, 20, 21]", "group_pop": 3, "init_part_assignment": 11, "id": 46}, {"graph": null, "nnodes": 3, "nedges": 2, "density": 0.6666666666666666, "atomics": "[64, 51, 63]", "group_pop": 3, "init_part_assignment": 8, "id": 47}], "adjacency": [[{"weight": 3, "random_weight": 0.42921304981366326, "id": 1}, {"weight": 1, "random_weight": 0.9137819643537313, "id": 7}, {"weight": 2, "random_weight": 0.387632082593221, "id": 21}], [{"weight": 3, "random_weight": 0.42921304981366326, "id": 0}, {"weight": 1, "random_weight": 0.793145213534288, "id": 2}, {"weight": 1, "random_weight": 0.2644805901339389, "id": 7}, {"weight": 1, "random_weight": 0.7119958465802368, "id": 15}, {"weight": 1, "random_weight": 0.8068187746188352, "id": 16}], [{"weight": 1, "random_weight": 0.793145213534288, "id": 1}, {"weight": 2, "random_weight": 0.6939004350429983, "id": 9}, {"weight": 3, "random_weight": 0.8795404417590019, "id": 15}], [{"weight": 2, "random_weight": 0.6860872120365796, "id": 4}, {"weight": 1, "random_weight": 0.3227421657289684, "id": 14}, {"weight": 2, "random_weight": 0.05385508806652706, "id": 46}], [{"weight": 2, "random_weight": 0.6860872120365796, "id": 3}, {"weight": 1, "random_weight": 0.52737279418248, "id": 14}, {"weight": 2, "random_weight": 0.26192794555531396, "id": 40}], [{"weight": 2, "random_weight": 0.43157875520060307, "id": 6}, {"weight": 2, "random_weight": 0.33841582247239665, "id": 10}, {"weight": 2, "random_weight": 0.9050702320840287, "id": 20}, {"weight": 1, "random_weight": 0.886293445920862, "id": 44}, {"weight": 1, "random_weight": 0.5071679708370956, "id": 47}], [{"weight": 2, "random_weight": 0.43157875520060307, "id": 5}, {"weight": 2, "random_weight": 0.9399180478094581, "id": 7}, {"weight": 1, "random_weight": 0.836832499930879, "id": 16}, {"weight": 2, "random_weight": 0.5637172297042145, "id": 44}, {"weight": 1, "random_weight": 0.9435430169808259, "id": 45}], [{"weight": 1, "random_weight": 0.9137819643537313, "id": 0}, {"weight": 1, "random_weight": 0.2644805901339389, "id": 1}, {"weight": 2, "random_weight": 0.9399180478094581, "id": 6}, {"weight": 2, "random_weight": 0.2647159038325607, "id": 16}, {"weight": 1, "random_weight": 0.6094237404090018, "id": 21}, {"weight": 1, "random_weight": 0.8066631221313298, "id": 45}], [{"weight": 3, "random_weight": 0.7700133537048502, "id": 9}, {"weight": 1, "random_weight": 0.9415534933043719, "id": 25}], [{"weight": 2, "random_weight": 0.6939004350429983, "id": 2}, {"weight": 3, "random_weight": 0.7700133537048502, "id": 8}, {"weight": 1, "random_weight": 0.9255304806701186, "id": 15}, {"weight": 1, "random_weight": 0.35264191308074366, "id": 24}], [{"weight": 2, "random_weight": 0.33841582247239665, "id": 5}, {"weight": 2, "random_weight": 0.399400411137235, "id": 11}, {"weight": 1, "random_weight": 0.34434861374993686, "id": 20}, {"weight": 2, "random_weight": 0.30952666691037245, "id": 32}, {"weight": 1, "random_weight": 0.5652877695277836, "id": 34}], [{"weight": 2, "random_weight": 0.399400411137235, "id": 10}, {"weight": 1, "random_weight": 0.5706917727964446, "id": 20}, {"weight": 2, "random_weight": 0.42657300999611303, "id": 28}, {"weight": 1, "random_weight": 0.4489213929262871, "id": 36}, {"weight": 2, "random_weight": 0.07595653156398896, "id": 42}], [{"weight": 1, "random_weight": 0.9986806090066963, "id": 13}, {"weight": 1, "random_weight": 0.8551371316622411, "id": 26}, {"weight": 3, "random_weight": 0.6695415506030681, "id": 41}], [{"weight": 1, "random_weight": 0.9986806090066963, "id": 12}, {"weight": 3, "random_weight": 0.23883320339500846, "id": 26}, {"weight": 1, "random_weight": 0.36833194920526424, "id": 27}], [{"weight": 1, "random_weight": 0.3227421657289684, "id": 3}, {"weight": 1, "random_weight": 0.52737279418248, "id": 4}, {"weight": 1, "random_weight": 0.8896922250053223, "id": 31}, {"weight": 1, "random_weight": 0.6112295663090167, "id": 40}, {"weight": 2, "random_weight": 0.6117826663950838, "id": 42}, {"weight": 2, "random_weight": 0.555381263038133, "id": 46}], [{"weight": 1, "random_weight": 0.7119958465802368, "id": 1}, {"weight": 3, "random_weight": 0.8795404417590019, "id": 2}, {"weight": 1, "random_weight": 0.9255304806701186, "id": 9}, {"weight": 1, "random_weight": 0.003575306750748908, "id": 16}, {"weight": 1, "random_weight": 0.3093161155425669, "id": 19}, {"weight": 1, "random_weight": 0.552366706377807, "id": 24}], [{"weight": 1, "random_weight": 0.8068187746188352, "id": 1}, {"weight": 1, "random_weight": 0.836832499930879, "id": 6}, {"weight": 2, "random_weight": 0.2647159038325607, "id": 7}, {"weight": 1, "random_weight": 0.003575306750748908, "id": 15}, {"weight": 2, "random_weight": 0.5775775077262867, "id": 19}, {"weight": 1, "random_weight": 0.5316602988657227, "id": 20}], [{"weight": 3, "random_weight": 0.45971986053999814, "id": 18}, {"weight": 1, "random_weight": 0.1585457895838165, "id": 29}], [{"weight": 3, "random_weight": 0.45971986053999814, "id": 17}, {"weight": 1, "random_weight": 0.5921083413032026, "id": 21}, {"weight": 2, "random_weight": 0.0753267761131704, "id": 29}, {"weight": 1, "random_weight": 0.43372701167648275, "id": 45}], [{"weight": 1, "random_weight": 0.3093161155425669, "id": 15}, {"weight": 2, "random_weight": 0.5775775077262867, "id": 16}, {"weight": 2, "random_weight": 0.34897741302169727, "id": 20}, {"weight": 2, "random_weight": 0.8330779027409486, "id": 24}, {"weight": 1, "random_weight": 0.906222226803196, "id": 28}], [{"weight": 2, "random_weight": 0.9050702320840287, "id": 5}, {"weight": 1, "random_weight": 0.34434861374993686, "id": 10}, {"weight": 1, "random_weight": 0.5706917727964446, "id": 11}, {"weight": 1, "random_weight": 0.5316602988657227, "id": 16}, {"weight": 2, "random_weight": 0.34897741302169727, "id": 19}, {"weight": 1, "random_weight": 0.8926465539524631, "id": 28}], [{"weight": 2, "random_weight": 0.387632082593221, "id": 0}, {"weight": 1, "random_weight": 0.6094237404090018, "id": 7}, {"weight": 1, "random_weight": 0.5921083413032026, "id": 18}, {"weight": 2, "random_weight": 0.9729232663700368, "id": 45}], [{"weight": 1, "random_weight": 0.8979111027073733, "id": 23}, {"weight": 1, "random_weight": 0.28837440702949213, "id": 29}, {"weight": 3, "random_weight": 0.9498418803347976, "id": 37}], [{"weight": 1, "random_weight": 0.8979111027073733, "id": 22}, {"weight": 1, "random_weight": 0.36243995422972297, "id": 38}, {"weight": 2, "random_weight": 0.18671796523071116, "id": 39}, {"weight": 1, "random_weight": 0.047139368160509676, "id": 41}], [{"weight": 1, "random_weight": 0.35264191308074366, "id": 9}, {"weight": 1, "random_weight": 0.552366706377807, "id": 15}, {"weight": 2, "random_weight": 0.8330779027409486, "id": 19}, {"weight": 3, "random_weight": 0.4670440787059975, "id": 25}, {"weight": 1, "random_weight": 0.3382675979553429, "id": 28}], [{"weight": 1, "random_weight": 0.9415534933043719, "id": 8}, {"weight": 3, "random_weight": 0.4670440787059975, "id": 24}, {"weight": 2, "random_weight": 0.5419805639425257, "id": 35}], [{"weight": 1, "random_weight": 0.8551371316622411, "id": 12}, {"weight": 3, "random_weight": 0.23883320339500846, "id": 13}, {"weight": 1, "random_weight": 0.6664134120126816, "id": 27}, {"weight": 2, "random_weight": 0.978467214475204, "id": 33}, {"weight": 1, "random_weight": 0.9792235757798192, "id": 34}], [{"weight": 1, "random_weight": 0.36833194920526424, "id": 13}, {"weight": 1, "random_weight": 0.6664134120126816, "id": 26}, {"weight": 1, "random_weight": 0.8584932592584953, "id": 30}, {"weight": 2, "random_weight": 0.7011439624659804, "id": 31}, {"weight": 1, "random_weight": 0.8993995010455736, "id": 32}], [{"weight": 2, "random_weight": 0.42657300999611303, "id": 11}, {"weight": 1, "random_weight": 0.906222226803196, "id": 19}, {"weight": 1, "random_weight": 0.8926465539524631, "id": 20}, {"weight": 1, "random_weight": 0.3382675979553429, "id": 24}, {"weight": 1, "random_weight": 0.07670466697905687, "id": 35}, {"weight": 2, "random_weight": 0.3241810355524728, "id": 36}], [{"weight": 1, "random_weight": 0.1585457895838165, "id": 17}, {"weight": 2, "random_weight": 0.0753267761131704, "id": 18}, {"weight": 1, "random_weight": 0.28837440702949213, "id": 22}, {"weight": 1, "random_weight": 0.2304881401572746, "id": 37}, {"weight": 1, "random_weight": 0.7766379533349989, "id": 43}, {"weight": 1, "random_weight": 0.9441824689858311, "id": 45}], [{"weight": 1, "random_weight": 0.8584932592584953, "id": 27}, {"weight": 2, "random_weight": 0.3739675217127233, "id": 31}, {"weight": 3, "random_weight": 0.4343114850453096, "id": 46}], [{"weight": 1, "random_weight": 0.8896922250053223, "id": 14}, {"weight": 2, "random_weight": 0.7011439624659804, "id": 27}, {"weight": 2, "random_weight": 0.3739675217127233, "id": 30}, {"weight": 2, "random_weight": 0.875291549433004, "id": 32}, {"weight": 1, "random_weight": 0.50741819949077, "id": 42}], [{"weight": 2, "random_weight": 0.30952666691037245, "id": 10}, {"weight": 1, "random_weight": 0.8993995010455736, "id": 27}, {"weight": 2, "random_weight": 0.875291549433004, "id": 31}, {"weight": 2, "random_weight": 0.8847591613224612, "id": 34}, {"weight": 1, "random_weight": 0.016896403042160446, "id": 42}], [{"weight": 2, "random_weight": 0.978467214475204, "id": 26}, {"weight": 2, "random_weight": 0.3846601874932072, "id": 34}, {"weight": 2, "random_weight": 0.6105843502171817, "id": 39}, {"weight": 1, "random_weight": 0.5769497640323378, "id": 41}, {"weight": 1, "random_weight": 0.6996255520866483, "id": 47}], [{"weight": 1, "random_weight": 0.5652877695277836, "id": 10}, {"weight": 1, "random_weight": 0.9792235757798192, "id": 26}, {"weight": 2, "random_weight": 0.8847591613224612, "id": 32}, {"weight": 2, "random_weight": 0.3846601874932072, "id": 33}, {"weight": 2, "random_weight": 0.5304035578763101, "id": 47}], [{"weight": 2, "random_weight": 0.5419805639425257, "id": 25}, {"weight": 1, "random_weight": 0.07670466697905687, "id": 28}, {"weight": 2, "random_weight": 0.933528558358729, "id": 36}, {"weight": 1, "random_weight": 0.5320794784168039, "id": 40}], [{"weight": 1, "random_weight": 0.4489213929262871, "id": 11}, {"weight": 2, "random_weight": 0.3241810355524728, "id": 28}, {"weight": 2, "random_weight": 0.933528558358729, "id": 35}, {"weight": 2, "random_weight": 0.305976479693422, "id": 40}, {"weight": 1, "random_weight": 0.8192005164815118, "id": 42}], [{"weight": 3, "random_weight": 0.9498418803347976, "id": 22}, {"weight": 1, "random_weight": 0.2304881401572746, "id": 29}, {"weight": 1, "random_weight": 0.9411542266046494, "id": 38}, {"weight": 3, "random_weight": 0.6179532335713714, "id": 43}], [{"weight": 1, "random_weight": 0.36243995422972297, "id": 23}, {"weight": 1, "random_weight": 0.9411542266046494, "id": 37}, {"weight": 3, "random_weight": 0.021662580305958468, "id": 39}, {"weight": 1, "random_weight": 0.9793945019823153, "id": 43}, {"weight": 2, "random_weight": 0.28969133446533857, "id": 47}], [{"weight": 2, "random_weight": 0.18671796523071116, "id": 23}, {"weight": 2, "random_weight": 0.6105843502171817, "id": 33}, {"weight": 3, "random_weight": 0.021662580305958468, "id": 38}, {"weight": 1, "random_weight": 0.20412182670539003, "id": 41}], [{"weight": 2, "random_weight": 0.26192794555531396, "id": 4}, {"weight": 1, "random_weight": 0.6112295663090167, "id": 14}, {"weight": 1, "random_weight": 0.5320794784168039, "id": 35}, {"weight": 2, "random_weight": 0.305976479693422, "id": 36}, {"weight": 1, "random_weight": 0.33132085526886335, "id": 42}], [{"weight": 3, "random_weight": 0.6695415506030681, "id": 12}, {"weight": 1, "random_weight": 0.047139368160509676, "id": 23}, {"weight": 1, "random_weight": 0.5769497640323378, "id": 33}, {"weight": 1, "random_weight": 0.20412182670539003, "id": 39}], [{"weight": 2, "random_weight": 0.07595653156398896, "id": 11}, {"weight": 2, "random_weight": 0.6117826663950838, "id": 14}, {"weight": 1, "random_weight": 0.50741819949077, "id": 31}, {"weight": 1, "random_weight": 0.016896403042160446, "id": 32}, {"weight": 1, "random_weight": 0.8192005164815118, "id": 36}, {"weight": 1, "random_weight": 0.33132085526886335, "id": 40}], [{"weight": 1, "random_weight": 0.7766379533349989, "id": 29}, {"weight": 3, "random_weight": 0.6179532335713714, "id": 37}, {"weight": 1, "random_weight": 0.9793945019823153, "id": 38}, {"weight": 2, "random_weight": 0.8477390846634735, "id": 44}, {"weight": 1, "random_weight": 0.19986574353456266, "id": 45}], [{"weight": 1, "random_weight": 0.886293445920862, "id": 5}, {"weight": 2, "random_weight": 0.5637172297042145, "id": 6}, {"weight": 2, "random_weight": 0.8477390846634735, "id": 43}, {"weight": 1, "random_weight": 0.1747872217702685, "id": 45}, {"weight": 2, "random_weight": 0.3440576714652046, "id": 47}], [{"weight": 1, "random_weight": 0.9435430169808259, "id": 6}, {"weight": 1, "random_weight": 0.8066631221313298, "id": 7}, {"weight": 1, "random_weight": 0.43372701167648275, "id": 18}, {"weight": 2, "random_weight": 0.9729232663700368, "id": 21}, {"weight": 1, "random_weight": 0.9441824689858311, "id": 29}, {"weight": 1, "random_weight": 0.19986574353456266, "id": 43}, {"weight": 1, "random_weight": 0.1747872217702685, "id": 44}], [{"weight": 2, "random_weight": 0.05385508806652706, "id": 3}, {"weight": 2, "random_weight": 0.555381263038133, "id": 14}, {"weight": 3, "random_weight": 0.4343114850453096, "id": 30}], [{"weight": 1, "random_weight": 0.5071679708370956, "id": 5}, {"weight": 1, "random_weight": 0.6996255520866483, "id": 33}, {"weight": 2, "random_weight": 0.5304035578763101, "id": 34}, {"weight": 2, "random_weight": 0.28969133446533857, "id": 38}, {"weight": 2, "random_weight": 0.3440576714652046, "id": 44}]]}