{"directed": false, "multigraph": false, "graph": [], "nodes": [{"graph": null, "nnodes": 3, "nedges": 2, "density": 0.6666666666666666, "atomics": "[138, 139, 126]", "group_pop": 3, "init_part_assignment": 6, "id": 0}, {"graph": null, "nnodes": 3, "nedges": 2, "density": 0.6666666666666666, "atomics": "[128, 140, 127]", "group_pop": 3, "init_part_assignment": 2, "id": 1}, {"graph": null, "nnodes": 3, "nedges": 2, "density": 0.6666666666666666, "atomics": "[10, 11, 22]", "group_pop": 3, "init_part_assignment": 0, "id": 2}, {"graph": null, "nnodes": 3, "nedges": 2, "density": 0.6666666666666666, "atomics": "[35, 23, 47]", "group_pop": 3, "init_part_assignment": 0, "id": 3}, {"graph": null, "nnodes": 3, "nedges": 2, "density": 0.6666666666666666, "atomics": "[89, 101, 113]", "group_pop": 3, "init_part_assignment": 6, "id": 4}, {"graph": null, "nnodes": 3, "nedges": 2, "density": 0.6666666666666666, "atomics": "[131, 118, 119]", "group_pop": 3, "init_part_assignment": 4, "id": 5}, {"graph": null, "nnodes": 3, "nedges": 2, "density": 0.6666666666666666, "atomics": "[130, 142, 143]", "group_pop": 3, "init_part_assignment": 2, "id": 6}, {"graph": null, "nnodes": 3, "nedges": 2, "density": 0.6666666666666666, "atomics": "[129, 117, 141]", "group_pop": 3, "init_part_assignment": 2, "id": 7}, {"graph": null, "nnodes": 3, "nedges": 2, "density": 0.6666666666666666, "atomics": "[66, 77, 78]", "group_pop": 3, "init_part_assignment": 11, "id": 8}, {"graph": null, "nnodes": 3, "nedges": 2, "density": 0.6666666666666666, "atomics": "[67, 68, 55]", "group_pop": 3, "init_part_assignment": 10, "id": 9}, {"graph": null, "nnodes": 3, "nedges": 2, "density": 0.6666666666666666, "atomics": "[42, 43, 54]", "group_pop": 3, "init_part_assignment": 9, "id": 10}, {"graph": null, "nnodes": 3, "nedges": 2, "density": 0.6666666666666666, "atomics": "[0, 12, 13]", "group_pop": 3, "init_part_assignment": 5, "id": 11}, {"graph": null, "nnodes": 3, "nedges": 2, "density": 0.6666666666666666, "atomics": "[1, 2, 14]", "group_pop": 3, "init_part_assignment": 5, "id": 12}, {"graph": null, "nnodes": 3, "nedges": 2, "density": 0.6666666666666666, "atomics": "[33, 34, 45]", "group_pop": 3, "init_part_assignment": 10, "id": 13}, {"graph": null, "nnodes": 3, "nedges": 2, "density": 0.6666666666666666, "atomics": "[104, 115, 116]", "group_pop": 3, "init_part_assignment": 2, "id": 14}, {"graph": null, "nnodes": 3, "nedges": 2, "density": 0.6666666666666666, "atomics": "[120, 121, 132]", "group_pop": 3, "init_part_assignment": 3, "id": 15}, {"graph": null, "nnodes": 3, "nedges": 2, "density": 0.6666666666666666, "atomics": "[133, 134, 135]", "group_pop": 3, "init_part_assignment": 3, "id": 16}, {"graph": null, "nnodes": 3, "nedges": 2, "density": 0.6666666666666666, "atomics": "[114, 102, 103]", "group_pop": 3, "init_part_assignment": 11, "id": 17}, {"graph": null, "nnodes": 3, "nedges": 2, "density": 0.6666666666666666, "atomics": "[90, 91, 92]", "group_pop": 3, "init_part_assignment": 11, "id": 18}, {"graph": null, "nnodes": 3, "nedges": 2, "density": 0.6666666666666666, "atomics": "[80, 81, 79]", "group_pop": 3, "init_part_assignment": 11, "id": 19}, {"graph": null, "nnodes": 3, "nedges": 2, "density": 0.6666666666666666, "atomics": "[136, 137, 125]", "group_pop": 3, "init_part_assignment": 6, "id": 20}, {"graph": null, "nnodes": 3, "nedges": 2, "density": 0.6666666666666666, "atomics": "[72, 48, 60]", "group_pop": 3, "init_part_assignment": 1, "id": 21}, {"graph": null, "nnodes": 3, "nedges": 2, "density": 0.6666666666666666, "atomics": "[105, 93, 94]", "group_pop": 3, "init_part_assignment": 4, "id": 22}, {"graph": null, "nnodes": 3, "nedges": 2, "density": 0.6666666666666666, "atomics": "[106, 107, 95]", "group_pop": 3, "init_part_assignment": 4, "id": 23}, {"graph": null, "nnodes": 3, "nedges": 2, "density": 0.6666666666666666, "atomics": "[16, 17, 29]", "group_pop": 3, "init_part_assignment": 7, "id": 24}, {"graph": null, "nnodes": 3, "nedges": 2, "density": 0.6666666666666666, "atomics": "[4, 5, 6]", "group_pop": 3, "init_part_assignment": 7, "id": 25}, {"graph": null, "nnodes": 3, "nedges": 2, "density": 0.6666666666666666, "atomics": "[3, 27, 15]", "group_pop": 3, "init_part_assignment": 5, "id": 26}, {"graph": null, "nnodes": 3, "nedges": 2, "density": 0.6666666666666666, "atomics": "[122, 109, 110]", "group_pop": 3, "init_part_assignment": 8, "id": 27}, {"graph": null, "nnodes": 3, "nedges": 2, "density": 0.6666666666666666, "atomics": "[19, 20, 21]", "group_pop": 3, "init_part_assignment": 0, "id": 28}, {"graph": null, "nnodes": 3, "nedges": 2, "density": 0.6666666666666666, "atomics": "[8, 9, 7]", "group_pop": 3, "init_part_assignment": 0, "id": 29}, {"graph": null, "nnodes": 3, "nedges": 2, "density": 0.6666666666666666, "atomics": "[18, 30, 31]", "group_pop": 3, "init_part_assignment": 7, "id": 30}, {"graph": null, "nnodes": 3, "nedges": 2, "density": 0.6666666666666666, "atomics": "[40, 41, 28]", "group_pop": 3, "init_part_assignment": 9, "id": 31}, {"graph": null, "nnodes": 3, "nedges": 2, "density": 0.6666666666666666, "atomics": "[50, 38, 39]", "group_pop": 3, "init_part_assignment": 1, "id": 32}, {"graph": null, "nnodes": 3, "nedges": 2, "density": 0.6666666666666666, "atomics": "[82, 83, 71]", "group_pop": 3, "init_part_assignment": 4, "id": 33}, {"graph": null, "nnodes": 3, "nedges": 2, "density": 0.6666666666666666, "atomics": "[57, 69, 70]", "group_pop": 3, "init_part_assignment": 10, "id": 34}, {"graph": null, "nnodes": 3, "nedges": 2, "density": 0.6666666666666666, "atomics": "[73, 74, 61]", "group_pop": 3, "init_part_assignment": 1, "id": 35}, {"graph": null, "nnodes": 3, "nedges": 2, "density": 0.6666666666666666, "atomics": "[49, 36, 37]", "group_pop": 3, "init_part_assignment": 1, "id": 36}, {"graph": null, "nnodes": 3, "nedges": 2, "density": 0.6666666666666666, "atomics": "[56, 32, 44]", "group_pop": 3, "init_part_assignment": 7, "id": 37}, {"graph": null, "nnodes": 3, "nedges": 2, "density": 0.6666666666666666, "atomics": "[58, 59, 46]", "group_pop": 3, "init_part_assignment": 10, "id": 38}, {"graph": null, "nnodes": 3, "nedges": 2, "density": 0.6666666666666666, "atomics": "[24, 25, 26]", "group_pop": 3, "init_part_assignment": 5, "id": 39}, {"graph": null, "nnodes": 3, "nedges": 2, "density": 0.6666666666666666, "atomics": "[75, 62, 63]", "group_pop": 3, "init_part_assignment": 8, "id": 40}, {"graph": null, "nnodes": 3, "nedges": 2, "density": 0.6666666666666666, "atomics": "[97, 85, 86]", "group_pop": 3, "init_part_assignment": 3, "id": 41}, {"graph": null, "nnodes": 3, "nedges": 2, "density": 0.6666666666666666, "atomics": "[123, 124, 111]", "group_pop": 3, "init_part_assignment": 8, "id": 42}, {"graph": null, "nnodes": 3, "nedges": 2, "density": 0.6666666666666666, "atomics": "[96, 108, 84]", "group_pop": 3, "init_part_assignment": 3, "id": 43}, {"graph": null, "nnodes": 3, "nedges": 2, "density": 0.6666666666666666, "atomics": "[98, 99, 87]", "group_pop": 3, "init_part_assignment": 8, "id": 44}, {"graph": null, "nnodes": 3, "nedges": 2, "density": 0.6666666666666666, "atomics": "[64, 65, 76]", "group_pop": 3, "init_part_assignment": 9, "id": 45}, {"graph": null, "nnodes": 3, "nedges": 2, "density": 0.6666666666666666, "atomics": "[51, 52, 53]", "group_pop": 3, "init_part_assignment": 9, "id": 46}, {"graph": null, "nnodes": 3, "nedges": 2, "density": 0.6666666666666666, "atomics": "[112, 88, 100]", "group_pop": 3, "init_part_assignment": 6, "id": 47}], "adjacency": [[{"weight": 3, "random_weight": 0.9109934803831684, "id": 1}, {"weight": 1, "random_weight": 0.9401005480348469, "id": 17}, {"weight": 2, "random_weight": 0.851910153352462, "id": 20}], [{"weight": 3, "random_weight": 0.9109934803831684, "id": 0}, {"weight": 2, "random_weight": 0.04980017695949901, "id": 7}, {"weight": 2, "random_weight": 0.7249995707026221, "id": 14}], [{"weight": 2, "random_weight": 0.2739364912291615, "id": 3}, {"weight": 1, "random_weight": 0.36769745316504465, "id": 13}, {"weight": 1, "random_weight": 0.39367215077251183, "id": 28}, {"weight": 1, "random_weight": 0.88816993151237, "id": 29}], [{"weight": 2, "random_weight": 0.2739364912291615, "id": 2}, {"weight": 1, "random_weight": 0.49549518521910274, "id": 13}, {"weight": 2, "random_weight": 0.11633249147237368, "id": 38}], [{"weight": 1, "random_weight": 0.5464656556565197, "id": 8}, {"weight": 2, "random_weight": 0.9620322863345214, "id": 17}, {"weight": 1, "random_weight": 0.6325024792151654, "id": 18}, {"weight": 1, "random_weight": 0.6953276658857085, "id": 20}, {"weight": 3, "random_weight": 0.18297948119234764, "id": 47}], [{"weight": 3, "random_weight": 0.5693498100628656, "id": 6}, {"weight": 1, "random_weight": 0.5614507953259623, "id": 7}, {"weight": 2, "random_weight": 0.48508430551667414, "id": 23}], [{"weight": 3, "random_weight": 0.5693498100628656, "id": 5}, {"weight": 2, "random_weight": 0.2842644146271893, "id": 7}], [{"weight": 2, "random_weight": 0.04980017695949901, "id": 1}, {"weight": 1, "random_weight": 0.5614507953259623, "id": 5}, {"weight": 2, "random_weight": 0.2842644146271893, "id": 6}, {"weight": 1, "random_weight": 0.26567466579855026, "id": 14}, {"weight": 1, "random_weight": 0.23418633538195854, "id": 22}], [{"weight": 1, "random_weight": 0.5464656556565197, "id": 4}, {"weight": 1, "random_weight": 0.8965607118153125, "id": 9}, {"weight": 1, "random_weight": 0.8839722835336322, "id": 10}, {"weight": 1, "random_weight": 0.16583222853248614, "id": 18}, {"weight": 1, "random_weight": 0.5651962778230117, "id": 19}, {"weight": 3, "random_weight": 0.8720550323229901, "id": 45}], [{"weight": 1, "random_weight": 0.8965607118153125, "id": 8}, {"weight": 2, "random_weight": 0.9207321878995176, "id": 10}, {"weight": 2, "random_weight": 0.5325524433528273, "id": 19}, {"weight": 1, "random_weight": 0.5020386803188398, "id": 34}, {"weight": 2, "random_weight": 0.5683134886345674, "id": 37}], [{"weight": 1, "random_weight": 0.8839722835336322, "id": 8}, {"weight": 2, "random_weight": 0.9207321878995176, "id": 9}, {"weight": 2, "random_weight": 0.6813136100588821, "id": 30}, {"weight": 1, "random_weight": 0.035273099168160016, "id": 31}, {"weight": 1, "random_weight": 0.8651092575687541, "id": 37}, {"weight": 1, "random_weight": 0.4753149943096847, "id": 46}], [{"weight": 3, "random_weight": 0.48841833588787475, "id": 12}, {"weight": 2, "random_weight": 0.3507427950234191, "id": 39}], [{"weight": 3, "random_weight": 0.48841833588787475, "id": 11}, {"weight": 2, "random_weight": 0.35467150151946514, "id": 26}, {"weight": 1, "random_weight": 0.05783509226243888, "id": 39}], [{"weight": 1, "random_weight": 0.36769745316504465, "id": 2}, {"weight": 1, "random_weight": 0.49549518521910274, "id": 3}, {"weight": 1, "random_weight": 0.9853790290546107, "id": 28}, {"weight": 1, "random_weight": 0.6850751132440492, "id": 34}, {"weight": 2, "random_weight": 0.6412789261127737, "id": 37}, {"weight": 2, "random_weight": 0.26160171515397546, "id": 38}], [{"weight": 2, "random_weight": 0.7249995707026221, "id": 1}, {"weight": 1, "random_weight": 0.26567466579855026, "id": 7}, {"weight": 3, "random_weight": 0.818233179339079, "id": 17}, {"weight": 1, "random_weight": 0.46095119982898036, "id": 18}, {"weight": 1, "random_weight": 0.46467695686709776, "id": 22}], [{"weight": 2, "random_weight": 0.6418862183976358, "id": 16}, {"weight": 2, "random_weight": 0.06467383472790444, "id": 27}, {"weight": 1, "random_weight": 0.3298118938229393, "id": 43}], [{"weight": 2, "random_weight": 0.6418862183976358, "id": 15}, {"weight": 1, "random_weight": 0.8960996925902935, "id": 20}, {"weight": 1, "random_weight": 0.9016091423270506, "id": 27}, {"weight": 1, "random_weight": 0.8816295941651723, "id": 42}], [{"weight": 1, "random_weight": 0.9401005480348469, "id": 0}, {"weight": 2, "random_weight": 0.9620322863345214, "id": 4}, {"weight": 3, "random_weight": 0.818233179339079, "id": 14}, {"weight": 2, "random_weight": 0.4709430634991565, "id": 18}], [{"weight": 1, "random_weight": 0.6325024792151654, "id": 4}, {"weight": 1, "random_weight": 0.16583222853248614, "id": 8}, {"weight": 1, "random_weight": 0.46095119982898036, "id": 14}, {"weight": 2, "random_weight": 0.4709430634991565, "id": 17}, {"weight": 2, "random_weight": 0.5303408010107226, "id": 19}, {"weight": 1, "random_weight": 0.6850611800234471, "id": 22}], [{"weight": 1, "random_weight": 0.5651962778230117, "id": 8}, {"weight": 2, "random_weight": 0.5325524433528273, "id": 9}, {"weight": 2, "random_weight": 0.5303408010107226, "id": 18}, {"weight": 1, "random_weight": 0.5220208697097736, "id": 22}, {"weight": 1, "random_weight": 0.48129574990960655, "id": 33}, {"weight": 1, "random_weight": 0.2829737510354763, "id": 34}], [{"weight": 2, "random_weight": 0.851910153352462, "id": 0}, {"weight": 1, "random_weight": 0.6953276658857085, "id": 4}, {"weight": 1, "random_weight": 0.8960996925902935, "id": 16}, {"weight": 2, "random_weight": 0.773924511695301, "id": 42}], [{"weight": 2, "random_weight": 0.24291471363863892, "id": 35}, {"weight": 2, "random_weight": 0.984710143188753, "id": 36}, {"weight": 1, "random_weight": 0.9435219354254998, "id": 43}], [{"weight": 1, "random_weight": 0.23418633538195854, "id": 7}, {"weight": 1, "random_weight": 0.46467695686709776, "id": 14}, {"weight": 1, "random_weight": 0.6850611800234471, "id": 18}, {"weight": 1, "random_weight": 0.5220208697097736, "id": 19}, {"weight": 3, "random_weight": 0.6869680697450613, "id": 23}, {"weight": 1, "random_weight": 0.36512508725304804, "id": 33}], [{"weight": 2, "random_weight": 0.48508430551667414, "id": 5}, {"weight": 3, "random_weight": 0.6869680697450613, "id": 22}, {"weight": 1, "random_weight": 0.37976968315217063, "id": 33}], [{"weight": 2, "random_weight": 0.2608041736734533, "id": 25}, {"weight": 1, "random_weight": 0.3799466082767613, "id": 26}, {"weight": 2, "random_weight": 0.7237225725071159, "id": 30}, {"weight": 3, "random_weight": 0.7445065887109592, "id": 31}], [{"weight": 2, "random_weight": 0.2608041736734533, "id": 24}, {"weight": 1, "random_weight": 0.48065539019820924, "id": 26}, {"weight": 1, "random_weight": 0.9924395641806191, "id": 29}, {"weight": 1, "random_weight": 0.6951485863071717, "id": 30}], [{"weight": 2, "random_weight": 0.35467150151946514, "id": 12}, {"weight": 1, "random_weight": 0.3799466082767613, "id": 24}, {"weight": 1, "random_weight": 0.48065539019820924, "id": 25}, {"weight": 1, "random_weight": 0.6377983549068499, "id": 31}, {"weight": 1, "random_weight": 0.8158355142820655, "id": 32}, {"weight": 1, "random_weight": 0.37803931204980035, "id": 39}], [{"weight": 2, "random_weight": 0.06467383472790444, "id": 15}, {"weight": 1, "random_weight": 0.9016091423270506, "id": 16}, {"weight": 1, "random_weight": 0.5589356578942329, "id": 41}, {"weight": 2, "random_weight": 0.29537990073108533, "id": 42}, {"weight": 1, "random_weight": 0.7642603919678477, "id": 43}, {"weight": 1, "random_weight": 0.8083113834725245, "id": 44}], [{"weight": 1, "random_weight": 0.39367215077251183, "id": 2}, {"weight": 1, "random_weight": 0.9853790290546107, "id": 13}, {"weight": 3, "random_weight": 0.9002400335757949, "id": 29}, {"weight": 2, "random_weight": 0.8518383511547488, "id": 30}, {"weight": 1, "random_weight": 0.4133089332115446, "id": 37}], [{"weight": 1, "random_weight": 0.88816993151237, "id": 2}, {"weight": 1, "random_weight": 0.9924395641806191, "id": 25}, {"weight": 3, "random_weight": 0.9002400335757949, "id": 28}], [{"weight": 2, "random_weight": 0.6813136100588821, "id": 10}, {"weight": 2, "random_weight": 0.7237225725071159, "id": 24}, {"weight": 1, "random_weight": 0.6951485863071717, "id": 25}, {"weight": 2, "random_weight": 0.8518383511547488, "id": 28}, {"weight": 1, "random_weight": 0.5318073581609224, "id": 37}], [{"weight": 1, "random_weight": 0.035273099168160016, "id": 10}, {"weight": 3, "random_weight": 0.7445065887109592, "id": 24}, {"weight": 1, "random_weight": 0.6377983549068499, "id": 26}, {"weight": 1, "random_weight": 0.42208530813778533, "id": 32}, {"weight": 2, "random_weight": 0.5659928810635416, "id": 46}], [{"weight": 1, "random_weight": 0.8158355142820655, "id": 26}, {"weight": 1, "random_weight": 0.42208530813778533, "id": 31}, {"weight": 2, "random_weight": 0.03404369067669144, "id": 36}, {"weight": 1, "random_weight": 0.8320182233216877, "id": 39}, {"weight": 1, "random_weight": 0.6106566484224797, "id": 40}, {"weight": 2, "random_weight": 0.8688673655006107, "id": 46}], [{"weight": 1, "random_weight": 0.48129574990960655, "id": 19}, {"weight": 1, "random_weight": 0.36512508725304804, "id": 22}, {"weight": 1, "random_weight": 0.37976968315217063, "id": 23}, {"weight": 2, "random_weight": 0.9329462088852644, "id": 34}, {"weight": 1, "random_weight": 0.9745748040621064, "id": 38}], [{"weight": 1, "random_weight": 0.5020386803188398, "id": 9}, {"weight": 1, "random_weight": 0.6850751132440492, "id": 13}, {"weight": 1, "random_weight": 0.2829737510354763, "id": 19}, {"weight": 2, "random_weight": 0.9329462088852644, "id": 33}, {"weight": 1, "random_weight": 0.20593710763047668, "id": 37}, {"weight": 2, "random_weight": 0.9187431417049965, "id": 38}], [{"weight": 2, "random_weight": 0.24291471363863892, "id": 21}, {"weight": 1, "random_weight": 0.27218466449691814, "id": 36}, {"weight": 3, "random_weight": 0.09950823373165407, "id": 40}, {"weight": 2, "random_weight": 0.6817613741392486, "id": 41}], [{"weight": 2, "random_weight": 0.984710143188753, "id": 21}, {"weight": 2, "random_weight": 0.03404369067669144, "id": 32}, {"weight": 1, "random_weight": 0.27218466449691814, "id": 35}, {"weight": 2, "random_weight": 0.9056253947777246, "id": 39}], [{"weight": 2, "random_weight": 0.5683134886345674, "id": 9}, {"weight": 1, "random_weight": 0.8651092575687541, "id": 10}, {"weight": 2, "random_weight": 0.6412789261127737, "id": 13}, {"weight": 1, "random_weight": 0.4133089332115446, "id": 28}, {"weight": 1, "random_weight": 0.5318073581609224, "id": 30}, {"weight": 1, "random_weight": 0.20593710763047668, "id": 34}], [{"weight": 2, "random_weight": 0.11633249147237368, "id": 3}, {"weight": 2, "random_weight": 0.26160171515397546, "id": 13}, {"weight": 1, "random_weight": 0.9745748040621064, "id": 33}, {"weight": 2, "random_weight": 0.9187431417049965, "id": 34}], [{"weight": 2, "random_weight": 0.3507427950234191, "id": 11}, {"weight": 1, "random_weight": 0.05783509226243888, "id": 12}, {"weight": 1, "random_weight": 0.37803931204980035, "id": 26}, {"weight": 1, "random_weight": 0.8320182233216877, "id": 32}, {"weight": 2, "random_weight": 0.9056253947777246, "id": 36}], [{"weight": 1, "random_weight": 0.6106566484224797, "id": 32}, {"weight": 3, "random_weight": 0.09950823373165407, "id": 35}, {"weight": 1, "random_weight": 0.9232886380643421, "id": 44}, {"weight": 2, "random_weight": 0.7225353088429027, "id": 45}, {"weight": 1, "random_weight": 0.3280409150911392, "id": 46}], [{"weight": 1, "random_weight": 0.5589356578942329, "id": 27}, {"weight": 2, "random_weight": 0.6817613741392486, "id": 35}, {"weight": 2, "random_weight": 0.0035150594025469273, "id": 43}, {"weight": 3, "random_weight": 0.877718441702945, "id": 44}], [{"weight": 1, "random_weight": 0.8816295941651723, "id": 16}, {"weight": 2, "random_weight": 0.773924511695301, "id": 20}, {"weight": 2, "random_weight": 0.29537990073108533, "id": 27}, {"weight": 1, "random_weight": 0.19628449560642436, "id": 44}, {"weight": 2, "random_weight": 0.8052224317297686, "id": 47}], [{"weight": 1, "random_weight": 0.3298118938229393, "id": 15}, {"weight": 1, "random_weight": 0.9435219354254998, "id": 21}, {"weight": 1, "random_weight": 0.7642603919678477, "id": 27}, {"weight": 2, "random_weight": 0.0035150594025469273, "id": 41}], [{"weight": 1, "random_weight": 0.8083113834725245, "id": 27}, {"weight": 1, "random_weight": 0.9232886380643421, "id": 40}, {"weight": 3, "random_weight": 0.877718441702945, "id": 41}, {"weight": 1, "random_weight": 0.19628449560642436, "id": 42}, {"weight": 2, "random_weight": 0.712443533797191, "id": 47}], [{"weight": 3, "random_weight": 0.8720550323229901, "id": 8}, {"weight": 2, "random_weight": 0.7225353088429027, "id": 40}, {"weight": 2, "random_weight": 0.5505474639081482, "id": 46}, {"weight": 1, "random_weight": 0.4624594137962895, "id": 47}], [{"weight": 1, "random_weight": 0.4753149943096847, "id": 10}, {"weight": 2, "random_weight": 0.5659928810635416, "id": 31}, {"weight": 2, "random_weight": 0.8688673655006107, "id": 32}, {"weight": 1, "random_weight": 0.3280409150911392, "id": 40}, {"weight": 2, "random_weight": 0.5505474639081482, "id": 45}], [{"weight": 3, "random_weight": 0.18297948119234764, "id": 4}, {"weight": 2, "random_weight": 0.8052224317297686, "id": 42}, {"weight": 2, "random_weight": 0.712443533797191, "id": 44}, {"weight": 1, "random_weight": 0.4624594137962895, "id": 45}]]}