{"directed": false, "multigraph": false, "graph": [], "nodes": [{"graph": null, "nnodes": 3, "nedges": 2, "density": 0.6666666666666666, "atomics": "[138, 125, 126]", "group_pop": 3, "init_part_assignment": 6, "id": 0}, {"graph": null, "nnodes": 3, "nedges": 2, "density": 0.6666666666666666, "atomics": "[139, 140, 127]", "group_pop": 3, "init_part_assignment": 6, "id": 1}, {"graph": null, "nnodes": 3, "nedges": 2, "density": 0.6666666666666666, "atomics": "[9, 10, 11]", "group_pop": 3, "init_part_assignment": 2, "id": 2}, {"graph": null, "nnodes": 3, "nedges": 2, "density": 0.6666666666666666, "atomics": "[35, 23, 47]", "group_pop": 3, "init_part_assignment": 2, "id": 3}, {"graph": null, "nnodes": 3, "nedges": 2, "density": 0.6666666666666666, "atomics": "[89, 90, 101]", "group_pop": 3, "init_part_assignment": 0, "id": 4}, {"graph": null, "nnodes": 3, "nedges": 2, "density": 0.6666666666666666, "atomics": "[112, 113, 124]", "group_pop": 3, "init_part_assignment": 6, "id": 5}, {"graph": null, "nnodes": 3, "nedges": 2, "density": 0.6666666666666666, "atomics": "[130, 131, 143]", "group_pop": 3, "init_part_assignment": 10, "id": 6}, {"graph": null, "nnodes": 3, "nedges": 2, "density": 0.6666666666666666, "atomics": "[106, 118, 119]", "group_pop": 3, "init_part_assignment": 10, "id": 7}, {"graph": null, "nnodes": 3, "nedges": 2, "density": 0.6666666666666666, "atomics": "[129, 141, 142]", "group_pop": 3, "init_part_assignment": 4, "id": 8}, {"graph": null, "nnodes": 3, "nedges": 2, "density": 0.6666666666666666, "atomics": "[66, 67, 55]", "group_pop": 3, "init_part_assignment": 11, "id": 9}, {"graph": null, "nnodes": 3, "nedges": 2, "density": 0.6666666666666666, "atomics": "[42, 53, 54]", "group_pop": 3, "init_part_assignment": 9, "id": 10}, {"graph": null, "nnodes": 3, "nedges": 2, "density": 0.6666666666666666, "atomics": "[0, 24, 12]", "group_pop": 3, "init_part_assignment": 3, "id": 11}, {"graph": null, "nnodes": 3, "nedges": 2, "density": 0.6666666666666666, "atomics": "[1, 2, 3]", "group_pop": 3, "init_part_assignment": 3, "id": 12}, {"graph": null, "nnodes": 3, "nedges": 2, "density": 0.6666666666666666, "atomics": "[34, 21, 22]", "group_pop": 3, "init_part_assignment": 2, "id": 13}, {"graph": null, "nnodes": 3, "nedges": 2, "density": 0.6666666666666666, "atomics": "[128, 115, 116]", "group_pop": 3, "init_part_assignment": 0, "id": 14}, {"graph": null, "nnodes": 3, "nedges": 2, "density": 0.6666666666666666, "atomics": "[132, 133, 134]", "group_pop": 3, "init_part_assignment": 7, "id": 15}, {"graph": null, "nnodes": 3, "nedges": 2, "density": 0.6666666666666666, "atomics": "[104, 105, 117]", "group_pop": 3, "init_part_assignment": 4, "id": 16}, {"graph": null, "nnodes": 3, "nedges": 2, "density": 0.6666666666666666, "atomics": "[114, 102, 103]", "group_pop": 3, "init_part_assignment": 0, "id": 17}, {"graph": null, "nnodes": 3, "nedges": 2, "density": 0.6666666666666666, "atomics": "[91, 78, 79]", "group_pop": 3, "init_part_assignment": 0, "id": 18}, {"graph": null, "nnodes": 3, "nedges": 2, "density": 0.6666666666666666, "atomics": "[80, 81, 92]", "group_pop": 3, "init_part_assignment": 4, "id": 19}, {"graph": null, "nnodes": 3, "nedges": 2, "density": 0.6666666666666666, "atomics": "[136, 137, 135]", "group_pop": 3, "init_part_assignment": 6, "id": 20}, {"graph": null, "nnodes": 3, "nedges": 2, "density": 0.6666666666666666, "atomics": "[72, 96, 84]", "group_pop": 3, "init_part_assignment": 8, "id": 21}, {"graph": null, "nnodes": 3, "nedges": 2, "density": 0.6666666666666666, "atomics": "[48, 49, 36]", "group_pop": 3, "init_part_assignment": 5, "id": 22}, {"graph": null, "nnodes": 3, "nedges": 2, "density": 0.6666666666666666, "atomics": "[73, 60, 61]", "group_pop": 3, "init_part_assignment": 5, "id": 23}, {"graph": null, "nnodes": 3, "nedges": 2, "density": 0.6666666666666666, "atomics": "[107, 83, 95]", "group_pop": 3, "init_part_assignment": 10, "id": 24}, {"graph": null, "nnodes": 3, "nedges": 2, "density": 0.6666666666666666, "atomics": "[16, 4, 5]", "group_pop": 3, "init_part_assignment": 1, "id": 25}, {"graph": null, "nnodes": 3, "nedges": 2, "density": 0.6666666666666666, "atomics": "[82, 93, 94]", "group_pop": 3, "init_part_assignment": 4, "id": 26}, {"graph": null, "nnodes": 3, "nedges": 2, "density": 0.6666666666666666, "atomics": "[26, 13, 14]", "group_pop": 3, "init_part_assignment": 3, "id": 27}, {"graph": null, "nnodes": 3, "nedges": 2, "density": 0.6666666666666666, "atomics": "[27, 28, 15]", "group_pop": 3, "init_part_assignment": 3, "id": 28}, {"graph": null, "nnodes": 3, "nedges": 2, "density": 0.6666666666666666, "atomics": "[120, 121, 108]", "group_pop": 3, "init_part_assignment": 7, "id": 29}, {"graph": null, "nnodes": 3, "nedges": 2, "density": 0.6666666666666666, "atomics": "[97, 109, 85]", "group_pop": 3, "init_part_assignment": 8, "id": 30}, {"graph": null, "nnodes": 3, "nedges": 2, "density": 0.6666666666666666, "atomics": "[8, 19, 20]", "group_pop": 3, "init_part_assignment": 2, "id": 31}, {"graph": null, "nnodes": 3, "nedges": 2, "density": 0.6666666666666666, "atomics": "[18, 6, 7]", "group_pop": 3, "init_part_assignment": 1, "id": 32}, {"graph": null, "nnodes": 3, "nedges": 2, "density": 0.6666666666666666, "atomics": "[17, 29, 30]", "group_pop": 3, "init_part_assignment": 1, "id": 33}, {"graph": null, "nnodes": 3, "nedges": 2, "density": 0.6666666666666666, "atomics": "[50, 51, 39]", "group_pop": 3, "init_part_assignment": 5, "id": 34}, {"graph": null, "nnodes": 3, "nedges": 2, "density": 0.6666666666666666, "atomics": "[68, 69, 70]", "group_pop": 3, "init_part_assignment": 11, "id": 35}, {"graph": null, "nnodes": 3, "nedges": 2, "density": 0.6666666666666666, "atomics": "[56, 57, 44]", "group_pop": 3, "init_part_assignment": 11, "id": 36}, {"graph": null, "nnodes": 3, "nedges": 2, "density": 0.6666666666666666, "atomics": "[58, 59, 71]", "group_pop": 3, "init_part_assignment": 10, "id": 37}, {"graph": null, "nnodes": 3, "nedges": 2, "density": 0.6666666666666666, "atomics": "[25, 37, 38]", "group_pop": 3, "init_part_assignment": 5, "id": 38}, {"graph": null, "nnodes": 3, "nedges": 2, "density": 0.6666666666666666, "atomics": "[33, 45, 46]", "group_pop": 3, "init_part_assignment": 11, "id": 39}, {"graph": null, "nnodes": 3, "nedges": 2, "density": 0.6666666666666666, "atomics": "[32, 43, 31]", "group_pop": 3, "init_part_assignment": 9, "id": 40}, {"graph": null, "nnodes": 3, "nedges": 2, "density": 0.6666666666666666, "atomics": "[74, 86, 98]", "group_pop": 3, "init_part_assignment": 8, "id": 41}, {"graph": null, "nnodes": 3, "nedges": 2, "density": 0.6666666666666666, "atomics": "[88, 75, 87]", "group_pop": 3, "init_part_assignment": 8, "id": 42}, {"graph": null, "nnodes": 3, "nedges": 2, "density": 0.6666666666666666, "atomics": "[122, 123, 110]", "group_pop": 3, "init_part_assignment": 7, "id": 43}, {"graph": null, "nnodes": 3, "nedges": 2, "density": 0.6666666666666666, "atomics": "[65, 76, 77]", "group_pop": 3, "init_part_assignment": 9, "id": 44}, {"graph": null, "nnodes": 3, "nedges": 2, "density": 0.6666666666666666, "atomics": "[99, 100, 111]", "group_pop": 3, "init_part_assignment": 7, "id": 45}, {"graph": null, "nnodes": 3, "nedges": 2, "density": 0.6666666666666666, "atomics": "[64, 62, 63]", "group_pop": 3, "init_part_assignment": 9, "id": 46}, {"graph": null, "nnodes": 3, "nedges": 2, "density": 0.6666666666666666, "atomics": "[40, 41, 52]", "group_pop": 3, "init_part_assignment": 1, "id": 47}], "adjacency": [[{"weight": 2, "random_weight": 0.19390737622412957, "id": 1}, {"weight": 2, "random_weight": 0.39574407647979204, "id": 5}, {"weight": 1, "random_weight": 0.9163658158909865, "id": 17}, {"weight": 2, "random_weight": 0.3865689166603218, "id": 20}], [{"weight": 2, "random_weight": 0.19390737622412957, "id": 0}, {"weight": 1, "random_weight": 0.734465651635067, "id": 8}, {"weight": 3, "random_weight": 0.7261991041125505, "id": 14}], [{"weight": 1, "random_weight": 0.46999433995267137, "id": 3}, {"weight": 2, "random_weight": 0.7540590132027868, "id": 13}, {"weight": 1, "random_weight": 0.33033248409833904, "id": 31}], [{"weight": 1, "random_weight": 0.46999433995267137, "id": 2}, {"weight": 2, "random_weight": 0.6329147213022256, "id": 13}, {"weight": 1, "random_weight": 0.628962845517597, "id": 37}, {"weight": 1, "random_weight": 0.7086125661800782, "id": 39}], [{"weight": 1, "random_weight": 0.2624054250711949, "id": 5}, {"weight": 2, "random_weight": 0.3562597403602997, "id": 17}, {"weight": 2, "random_weight": 0.6987925767270916, "id": 18}, {"weight": 1, "random_weight": 0.8779984667433959, "id": 42}, {"weight": 1, "random_weight": 0.7317765550255938, "id": 44}, {"weight": 1, "random_weight": 0.6375540112949877, "id": 45}], [{"weight": 2, "random_weight": 0.39574407647979204, "id": 0}, {"weight": 1, "random_weight": 0.2624054250711949, "id": 4}, {"weight": 1, "random_weight": 0.9232669984304467, "id": 17}, {"weight": 1, "random_weight": 0.9725993868490537, "id": 20}, {"weight": 1, "random_weight": 0.8040747969781318, "id": 43}, {"weight": 2, "random_weight": 0.5577150408899049, "id": 45}], [{"weight": 2, "random_weight": 0.7564432687438432, "id": 7}, {"weight": 3, "random_weight": 0.9521727203289215, "id": 8}], [{"weight": 2, "random_weight": 0.7564432687438432, "id": 6}, {"weight": 2, "random_weight": 0.7091393872506118, "id": 16}, {"weight": 2, "random_weight": 0.3642724895551356, "id": 24}, {"weight": 1, "random_weight": 0.8735509705186035, "id": 26}], [{"weight": 1, "random_weight": 0.734465651635067, "id": 1}, {"weight": 3, "random_weight": 0.9521727203289215, "id": 6}, {"weight": 1, "random_weight": 0.7488530276254594, "id": 14}, {"weight": 1, "random_weight": 0.595102462552478, "id": 16}], [{"weight": 2, "random_weight": 0.8861657349199943, "id": 10}, {"weight": 2, "random_weight": 0.47816846335661745, "id": 18}, {"weight": 1, "random_weight": 0.35576790732387487, "id": 35}, {"weight": 1, "random_weight": 0.40065854774587106, "id": 36}, {"weight": 1, "random_weight": 0.2651181788471014, "id": 40}, {"weight": 1, "random_weight": 0.6416289429034566, "id": 44}], [{"weight": 2, "random_weight": 0.8861657349199943, "id": 9}, {"weight": 1, "random_weight": 0.459728469630576, "id": 33}, {"weight": 1, "random_weight": 0.037410695483439116, "id": 40}, {"weight": 1, "random_weight": 0.4776452695957505, "id": 44}, {"weight": 3, "random_weight": 0.7996384912274718, "id": 47}], [{"weight": 1, "random_weight": 0.45513243385220503, "id": 12}, {"weight": 1, "random_weight": 0.8112065099110585, "id": 22}, {"weight": 1, "random_weight": 0.32034442996560253, "id": 27}, {"weight": 1, "random_weight": 0.6502491752213585, "id": 38}], [{"weight": 1, "random_weight": 0.45513243385220503, "id": 11}, {"weight": 1, "random_weight": 0.8388299896005955, "id": 25}, {"weight": 2, "random_weight": 0.7634098064687806, "id": 27}, {"weight": 1, "random_weight": 0.27870803856158144, "id": 28}], [{"weight": 2, "random_weight": 0.7540590132027868, "id": 2}, {"weight": 2, "random_weight": 0.6329147213022256, "id": 3}, {"weight": 1, "random_weight": 0.5115095404447833, "id": 31}, {"weight": 3, "random_weight": 0.7001848759836493, "id": 39}], [{"weight": 3, "random_weight": 0.7261991041125505, "id": 1}, {"weight": 1, "random_weight": 0.7488530276254594, "id": 8}, {"weight": 2, "random_weight": 0.5176944939440631, "id": 16}, {"weight": 2, "random_weight": 0.2286470305293795, "id": 17}], [{"weight": 1, "random_weight": 0.27219609733765915, "id": 20}, {"weight": 2, "random_weight": 0.011384769204007994, "id": 29}, {"weight": 1, "random_weight": 0.44284735456743707, "id": 43}], [{"weight": 2, "random_weight": 0.7091393872506118, "id": 7}, {"weight": 1, "random_weight": 0.595102462552478, "id": 8}, {"weight": 2, "random_weight": 0.5176944939440631, "id": 14}, {"weight": 1, "random_weight": 0.8843708532875654, "id": 17}, {"weight": 1, "random_weight": 0.38147581745375625, "id": 19}, {"weight": 1, "random_weight": 0.4617722664498015, "id": 26}], [{"weight": 1, "random_weight": 0.9163658158909865, "id": 0}, {"weight": 2, "random_weight": 0.3562597403602997, "id": 4}, {"weight": 1, "random_weight": 0.9232669984304467, "id": 5}, {"weight": 2, "random_weight": 0.2286470305293795, "id": 14}, {"weight": 1, "random_weight": 0.8843708532875654, "id": 16}, {"weight": 1, "random_weight": 0.35148676304910387, "id": 18}], [{"weight": 2, "random_weight": 0.6987925767270916, "id": 4}, {"weight": 2, "random_weight": 0.47816846335661745, "id": 9}, {"weight": 1, "random_weight": 0.35148676304910387, "id": 17}, {"weight": 2, "random_weight": 0.6679986494868665, "id": 19}, {"weight": 1, "random_weight": 0.6423833169346644, "id": 44}], [{"weight": 1, "random_weight": 0.38147581745375625, "id": 16}, {"weight": 2, "random_weight": 0.6679986494868665, "id": 18}, {"weight": 3, "random_weight": 0.3482390769502355, "id": 26}, {"weight": 2, "random_weight": 0.5591805674190807, "id": 35}], [{"weight": 2, "random_weight": 0.3865689166603218, "id": 0}, {"weight": 1, "random_weight": 0.9725993868490537, "id": 5}, {"weight": 1, "random_weight": 0.27219609733765915, "id": 15}, {"weight": 1, "random_weight": 0.7373057018656793, "id": 43}], [{"weight": 2, "random_weight": 0.7697277890750114, "id": 23}, {"weight": 1, "random_weight": 0.9614137793306082, "id": 29}, {"weight": 2, "random_weight": 0.24561691637729144, "id": 30}], [{"weight": 1, "random_weight": 0.8112065099110585, "id": 11}, {"weight": 2, "random_weight": 0.07068327489682213, "id": 23}, {"weight": 1, "random_weight": 0.8272348091578227, "id": 34}, {"weight": 2, "random_weight": 0.03300920273506225, "id": 38}], [{"weight": 2, "random_weight": 0.7697277890750114, "id": 21}, {"weight": 2, "random_weight": 0.07068327489682213, "id": 22}, {"weight": 1, "random_weight": 0.12450327062598043, "id": 30}, {"weight": 1, "random_weight": 0.6938950438608961, "id": 41}, {"weight": 1, "random_weight": 0.9628515578434091, "id": 46}], [{"weight": 2, "random_weight": 0.3642724895551356, "id": 7}, {"weight": 2, "random_weight": 0.8995195287382607, "id": 26}, {"weight": 1, "random_weight": 0.7363000606801885, "id": 37}], [{"weight": 1, "random_weight": 0.8388299896005955, "id": 12}, {"weight": 2, "random_weight": 0.884111829918854, "id": 28}, {"weight": 1, "random_weight": 0.5113680794286374, "id": 32}, {"weight": 2, "random_weight": 0.4414025771986443, "id": 33}], [{"weight": 1, "random_weight": 0.8735509705186035, "id": 7}, {"weight": 1, "random_weight": 0.4617722664498015, "id": 16}, {"weight": 3, "random_weight": 0.3482390769502355, "id": 19}, {"weight": 2, "random_weight": 0.8995195287382607, "id": 24}, {"weight": 1, "random_weight": 0.8219241638187175, "id": 35}], [{"weight": 1, "random_weight": 0.32034442996560253, "id": 11}, {"weight": 2, "random_weight": 0.7634098064687806, "id": 12}, {"weight": 2, "random_weight": 0.7608366194278972, "id": 28}, {"weight": 3, "random_weight": 0.3910569371913576, "id": 38}], [{"weight": 1, "random_weight": 0.27870803856158144, "id": 12}, {"weight": 2, "random_weight": 0.884111829918854, "id": 25}, {"weight": 2, "random_weight": 0.7608366194278972, "id": 27}, {"weight": 1, "random_weight": 0.2812746847716743, "id": 33}, {"weight": 1, "random_weight": 0.9552092564504084, "id": 34}, {"weight": 1, "random_weight": 0.9463486367350111, "id": 47}], [{"weight": 2, "random_weight": 0.011384769204007994, "id": 15}, {"weight": 1, "random_weight": 0.9614137793306082, "id": 21}, {"weight": 2, "random_weight": 0.9714931904219578, "id": 30}, {"weight": 1, "random_weight": 0.505075769678467, "id": 43}], [{"weight": 2, "random_weight": 0.24561691637729144, "id": 21}, {"weight": 1, "random_weight": 0.12450327062598043, "id": 23}, {"weight": 2, "random_weight": 0.9714931904219578, "id": 29}, {"weight": 2, "random_weight": 0.34158858098460465, "id": 41}, {"weight": 1, "random_weight": 0.6006404242483302, "id": 43}], [{"weight": 1, "random_weight": 0.33033248409833904, "id": 2}, {"weight": 1, "random_weight": 0.5115095404447833, "id": 13}, {"weight": 3, "random_weight": 0.9125009671430458, "id": 32}, {"weight": 2, "random_weight": 0.1945453319947259, "id": 40}], [{"weight": 1, "random_weight": 0.5113680794286374, "id": 25}, {"weight": 3, "random_weight": 0.9125009671430458, "id": 31}, {"weight": 2, "random_weight": 0.08703264891896978, "id": 33}], [{"weight": 1, "random_weight": 0.459728469630576, "id": 10}, {"weight": 2, "random_weight": 0.4414025771986443, "id": 25}, {"weight": 1, "random_weight": 0.2812746847716743, "id": 28}, {"weight": 2, "random_weight": 0.08703264891896978, "id": 32}, {"weight": 1, "random_weight": 0.6427503700363749, "id": 40}, {"weight": 1, "random_weight": 0.06816959322246352, "id": 47}], [{"weight": 1, "random_weight": 0.8272348091578227, "id": 22}, {"weight": 1, "random_weight": 0.9552092564504084, "id": 28}, {"weight": 2, "random_weight": 0.8017977493626678, "id": 38}, {"weight": 2, "random_weight": 0.9926781570725774, "id": 46}, {"weight": 2, "random_weight": 0.34374707484502076, "id": 47}], [{"weight": 1, "random_weight": 0.35576790732387487, "id": 9}, {"weight": 2, "random_weight": 0.5591805674190807, "id": 19}, {"weight": 1, "random_weight": 0.8219241638187175, "id": 26}, {"weight": 2, "random_weight": 0.4128173480276749, "id": 36}, {"weight": 2, "random_weight": 0.9375811841326304, "id": 37}], [{"weight": 1, "random_weight": 0.40065854774587106, "id": 9}, {"weight": 2, "random_weight": 0.4128173480276749, "id": 35}, {"weight": 1, "random_weight": 0.29156315030109703, "id": 37}, {"weight": 2, "random_weight": 0.17677003299284688, "id": 39}, {"weight": 2, "random_weight": 0.7357705677792717, "id": 40}], [{"weight": 1, "random_weight": 0.628962845517597, "id": 3}, {"weight": 1, "random_weight": 0.7363000606801885, "id": 24}, {"weight": 2, "random_weight": 0.9375811841326304, "id": 35}, {"weight": 1, "random_weight": 0.29156315030109703, "id": 36}, {"weight": 1, "random_weight": 0.37428865285129054, "id": 39}], [{"weight": 1, "random_weight": 0.6502491752213585, "id": 11}, {"weight": 2, "random_weight": 0.03300920273506225, "id": 22}, {"weight": 3, "random_weight": 0.3910569371913576, "id": 27}, {"weight": 2, "random_weight": 0.8017977493626678, "id": 34}], [{"weight": 1, "random_weight": 0.7086125661800782, "id": 3}, {"weight": 3, "random_weight": 0.7001848759836493, "id": 13}, {"weight": 2, "random_weight": 0.17677003299284688, "id": 36}, {"weight": 1, "random_weight": 0.37428865285129054, "id": 37}, {"weight": 1, "random_weight": 0.8176464343940377, "id": 40}], [{"weight": 1, "random_weight": 0.2651181788471014, "id": 9}, {"weight": 1, "random_weight": 0.037410695483439116, "id": 10}, {"weight": 2, "random_weight": 0.1945453319947259, "id": 31}, {"weight": 1, "random_weight": 0.6427503700363749, "id": 33}, {"weight": 2, "random_weight": 0.7357705677792717, "id": 36}, {"weight": 1, "random_weight": 0.8176464343940377, "id": 39}], [{"weight": 1, "random_weight": 0.6938950438608961, "id": 23}, {"weight": 2, "random_weight": 0.34158858098460465, "id": 30}, {"weight": 2, "random_weight": 0.39102442119189973, "id": 42}, {"weight": 1, "random_weight": 0.9605573237035451, "id": 43}, {"weight": 1, "random_weight": 0.4413322192739021, "id": 45}, {"weight": 1, "random_weight": 0.6611556845474081, "id": 46}], [{"weight": 1, "random_weight": 0.8779984667433959, "id": 4}, {"weight": 2, "random_weight": 0.39102442119189973, "id": 41}, {"weight": 2, "random_weight": 0.25619278825208047, "id": 44}, {"weight": 2, "random_weight": 0.8050855850457985, "id": 45}, {"weight": 1, "random_weight": 0.6708197827841318, "id": 46}], [{"weight": 1, "random_weight": 0.8040747969781318, "id": 5}, {"weight": 1, "random_weight": 0.44284735456743707, "id": 15}, {"weight": 1, "random_weight": 0.7373057018656793, "id": 20}, {"weight": 1, "random_weight": 0.505075769678467, "id": 29}, {"weight": 1, "random_weight": 0.6006404242483302, "id": 30}, {"weight": 1, "random_weight": 0.9605573237035451, "id": 41}, {"weight": 2, "random_weight": 0.14320036626890142, "id": 45}], [{"weight": 1, "random_weight": 0.7317765550255938, "id": 4}, {"weight": 1, "random_weight": 0.6416289429034566, "id": 9}, {"weight": 1, "random_weight": 0.4776452695957505, "id": 10}, {"weight": 1, "random_weight": 0.6423833169346644, "id": 18}, {"weight": 2, "random_weight": 0.25619278825208047, "id": 42}, {"weight": 2, "random_weight": 0.2852127645550653, "id": 46}], [{"weight": 1, "random_weight": 0.6375540112949877, "id": 4}, {"weight": 2, "random_weight": 0.5577150408899049, "id": 5}, {"weight": 1, "random_weight": 0.4413322192739021, "id": 41}, {"weight": 2, "random_weight": 0.8050855850457985, "id": 42}, {"weight": 2, "random_weight": 0.14320036626890142, "id": 43}], [{"weight": 1, "random_weight": 0.9628515578434091, "id": 23}, {"weight": 2, "random_weight": 0.9926781570725774, "id": 34}, {"weight": 1, "random_weight": 0.6611556845474081, "id": 41}, {"weight": 1, "random_weight": 0.6708197827841318, "id": 42}, {"weight": 2, "random_weight": 0.2852127645550653, "id": 44}, {"weight": 1, "random_weight": 0.390602766356403, "id": 47}], [{"weight": 3, "random_weight": 0.7996384912274718, "id": 10}, {"weight": 1, "random_weight": 0.9463486367350111, "id": 28}, {"weight": 1, "random_weight": 0.06816959322246352, "id": 33}, {"weight": 2, "random_weight": 0.34374707484502076, "id": 34}, {"weight": 1, "random_weight": 0.390602766356403, "id": 46}]]}