{"directed": false, "multigraph": false, "graph": [], "nodes": [{"graph": null, "nnodes": 3, "nedges": 2, "density": 0.6666666666666666, "atomics": "[138, 139, 140]", "group_pop": 3, "init_part_assignment": 8, "id": 0}, {"graph": null, "nnodes": 3, "nedges": 2, "density": 0.6666666666666666, "atomics": "[9, 10, 11]", "group_pop": 3, "init_part_assignment": 2, "id": 1}, {"graph": null, "nnodes": 3, "nedges": 2, "density": 0.6666666666666666, "atomics": "[35, 22, 23]", "group_pop": 3, "init_part_assignment": 2, "id": 2}, {"graph": null, "nnodes": 3, "nedges": 2, "density": 0.6666666666666666, "atomics": "[89, 77, 78]", "group_pop": 3, "init_part_assignment": 10, "id": 3}, {"graph": null, "nnodes": 3, "nedges": 2, "density": 0.6666666666666666, "atomics": "[88, 100, 101]", "group_pop": 3, "init_part_assignment": 0, "id": 4}, {"graph": null, "nnodes": 3, "nedges": 2, "density": 0.6666666666666666, "atomics": "[112, 113, 114]", "group_pop": 3, "init_part_assignment": 11, "id": 5}, {"graph": null, "nnodes": 3, "nedges": 2, "density": 0.6666666666666666, "atomics": "[131, 142, 143]", "group_pop": 3, "init_part_assignment": 4, "id": 6}, {"graph": null, "nnodes": 3, "nedges": 2, "density": 0.6666666666666666, "atomics": "[106, 107, 119]", "group_pop": 3, "init_part_assignment": 4, "id": 7}, {"graph": null, "nnodes": 3, "nedges": 2, "density": 0.6666666666666666, "atomics": "[129, 130, 141]", "group_pop": 3, "init_part_assignment": 8, "id": 8}, {"graph": null, "nnodes": 3, "nedges": 2, "density": 0.6666666666666666, "atomics": "[65, 66, 67]", "group_pop": 3, "init_part_assignment": 10, "id": 9}, {"graph": null, "nnodes": 3, "nedges": 2, "density": 0.6666666666666666, "atomics": "[52, 53, 54]", "group_pop": 3, "init_part_assignment": 10, "id": 10}, {"graph": null, "nnodes": 3, "nedges": 2, "density": 0.6666666666666666, "atomics": "[0, 24, 12]", "group_pop": 3, "init_part_assignment": 5, "id": 11}, {"graph": null, "nnodes": 3, "nedges": 2, "density": 0.6666666666666666, "atomics": "[1, 2, 13]", "group_pop": 3, "init_part_assignment": 5, "id": 12}, {"graph": null, "nnodes": 3, "nedges": 2, "density": 0.6666666666666666, "atomics": "[33, 34, 21]", "group_pop": 3, "init_part_assignment": 2, "id": 13}, {"graph": null, "nnodes": 3, "nedges": 2, "density": 0.6666666666666666, "atomics": "[59, 46, 47]", "group_pop": 3, "init_part_assignment": 2, "id": 14}, {"graph": null, "nnodes": 3, "nedges": 2, "density": 0.6666666666666666, "atomics": "[128, 126, 127]", "group_pop": 3, "init_part_assignment": 8, "id": 15}, {"graph": null, "nnodes": 3, "nedges": 2, "density": 0.6666666666666666, "atomics": "[104, 115, 116]", "group_pop": 3, "init_part_assignment": 11, "id": 16}, {"graph": null, "nnodes": 3, "nedges": 2, "density": 0.6666666666666666, "atomics": "[120, 132, 133]", "group_pop": 3, "init_part_assignment": 9, "id": 17}, {"graph": null, "nnodes": 3, "nedges": 2, "density": 0.6666666666666666, "atomics": "[121, 122, 134]", "group_pop": 3, "init_part_assignment": 9, "id": 18}, {"graph": null, "nnodes": 3, "nedges": 2, "density": 0.6666666666666666, "atomics": "[90, 102, 103]", "group_pop": 3, "init_part_assignment": 11, "id": 19}, {"graph": null, "nnodes": 3, "nedges": 2, "density": 0.6666666666666666, "atomics": "[91, 92, 79]", "group_pop": 3, "init_part_assignment": 10, "id": 20}, {"graph": null, "nnodes": 3, "nedges": 2, "density": 0.6666666666666666, "atomics": "[136, 137, 125]", "group_pop": 3, "init_part_assignment": 8, "id": 21}, {"graph": null, "nnodes": 3, "nedges": 2, "density": 0.6666666666666666, "atomics": "[123, 124, 135]", "group_pop": 3, "init_part_assignment": 9, "id": 22}, {"graph": null, "nnodes": 3, "nedges": 2, "density": 0.6666666666666666, "atomics": "[105, 117, 118]", "group_pop": 3, "init_part_assignment": 4, "id": 23}, {"graph": null, "nnodes": 3, "nedges": 2, "density": 0.6666666666666666, "atomics": "[72, 48, 60]", "group_pop": 3, "init_part_assignment": 3, "id": 24}, {"graph": null, "nnodes": 3, "nedges": 2, "density": 0.6666666666666666, "atomics": "[16, 40, 28]", "group_pop": 3, "init_part_assignment": 7, "id": 25}, {"graph": null, "nnodes": 3, "nedges": 2, "density": 0.6666666666666666, "atomics": "[4, 5, 6]", "group_pop": 3, "init_part_assignment": 7, "id": 26}, {"graph": null, "nnodes": 3, "nedges": 2, "density": 0.6666666666666666, "atomics": "[80, 56, 68]", "group_pop": 3, "init_part_assignment": 1, "id": 27}, {"graph": null, "nnodes": 3, "nedges": 2, "density": 0.6666666666666666, "atomics": "[81, 82, 69]", "group_pop": 3, "init_part_assignment": 1, "id": 28}, {"graph": null, "nnodes": 3, "nedges": 2, "density": 0.6666666666666666, "atomics": "[93, 94, 95]", "group_pop": 3, "init_part_assignment": 4, "id": 29}, {"graph": null, "nnodes": 3, "nedges": 2, "density": 0.6666666666666666, "atomics": "[3, 14, 15]", "group_pop": 3, "init_part_assignment": 7, "id": 30}, {"graph": null, "nnodes": 3, "nedges": 2, "density": 0.6666666666666666, "atomics": "[108, 109, 110]", "group_pop": 3, "init_part_assignment": 9, "id": 31}, {"graph": null, "nnodes": 3, "nedges": 2, "density": 0.6666666666666666, "atomics": "[17, 18, 19]", "group_pop": 3, "init_part_assignment": 7, "id": 32}, {"graph": null, "nnodes": 3, "nedges": 2, "density": 0.6666666666666666, "atomics": "[8, 20, 7]", "group_pop": 3, "init_part_assignment": 6, "id": 33}, {"graph": null, "nnodes": 3, "nedges": 2, "density": 0.6666666666666666, "atomics": "[41, 42, 29]", "group_pop": 3, "init_part_assignment": 6, "id": 34}, {"graph": null, "nnodes": 3, "nedges": 2, "density": 0.6666666666666666, "atomics": "[25, 26, 27]", "group_pop": 3, "init_part_assignment": 5, "id": 35}, {"graph": null, "nnodes": 3, "nedges": 2, "density": 0.6666666666666666, "atomics": "[50, 38, 39]", "group_pop": 3, "init_part_assignment": 3, "id": 36}, {"graph": null, "nnodes": 3, "nedges": 2, "density": 0.6666666666666666, "atomics": "[83, 70, 71]", "group_pop": 3, "init_part_assignment": 1, "id": 37}, {"graph": null, "nnodes": 3, "nedges": 2, "density": 0.6666666666666666, "atomics": "[73, 61, 62]", "group_pop": 3, "init_part_assignment": 3, "id": 38}, {"graph": null, "nnodes": 3, "nedges": 2, "density": 0.6666666666666666, "atomics": "[49, 36, 37]", "group_pop": 3, "init_part_assignment": 5, "id": 39}, {"graph": null, "nnodes": 3, "nedges": 2, "density": 0.6666666666666666, "atomics": "[57, 58, 45]", "group_pop": 3, "init_part_assignment": 1, "id": 40}, {"graph": null, "nnodes": 3, "nedges": 2, "density": 0.6666666666666666, "atomics": "[43, 44, 55]", "group_pop": 3, "init_part_assignment": 6, "id": 41}, {"graph": null, "nnodes": 3, "nedges": 2, "density": 0.6666666666666666, "atomics": "[74, 75, 76]", "group_pop": 3, "init_part_assignment": 0, "id": 42}, {"graph": null, "nnodes": 3, "nedges": 2, "density": 0.6666666666666666, "atomics": "[98, 85, 86]", "group_pop": 3, "init_part_assignment": 0, "id": 43}, {"graph": null, "nnodes": 3, "nedges": 2, "density": 0.6666666666666666, "atomics": "[96, 97, 84]", "group_pop": 3, "init_part_assignment": 3, "id": 44}, {"graph": null, "nnodes": 3, "nedges": 2, "density": 0.6666666666666666, "atomics": "[32, 30, 31]", "group_pop": 3, "init_part_assignment": 6, "id": 45}, {"graph": null, "nnodes": 3, "nedges": 2, "density": 0.6666666666666666, "atomics": "[99, 111, 87]", "group_pop": 3, "init_part_assignment": 11, "id": 46}, {"graph": null, "nnodes": 3, "nedges": 2, "density": 0.6666666666666666, "atomics": "[64, 51, 63]", "group_pop": 3, "init_part_assignment": 0, "id": 47}], "adjacency": [[{"weight": 1, "random_weight": 0.963486949352031, "id": 8}, {"weight": 3, "random_weight": 0.357395109708079, "id": 15}, {"weight": 1, "random_weight": 0.2942292805525676, "id": 21}], [{"weight": 2, "random_weight": 0.36530774780534436, "id": 2}, {"weight": 1, "random_weight": 0.1288500416845455, "id": 13}, {"weight": 1, "random_weight": 0.11451087094924617, "id": 33}], [{"weight": 2, "random_weight": 0.36530774780534436, "id": 1}, {"weight": 3, "random_weight": 0.2690451794382641, "id": 13}, {"weight": 1, "random_weight": 0.04133776925451493, "id": 14}], [{"weight": 2, "random_weight": 0.8811926708514285, "id": 4}, {"weight": 2, "random_weight": 0.2941432804905081, "id": 9}, {"weight": 2, "random_weight": 0.805301904166337, "id": 19}, {"weight": 1, "random_weight": 0.20978343943024202, "id": 20}, {"weight": 1, "random_weight": 0.6658283677379845, "id": 42}], [{"weight": 2, "random_weight": 0.8811926708514285, "id": 3}, {"weight": 2, "random_weight": 0.82037790082465, "id": 5}, {"weight": 1, "random_weight": 0.9124574645720782, "id": 19}, {"weight": 1, "random_weight": 0.06272344504967753, "id": 42}, {"weight": 2, "random_weight": 0.832019306431468, "id": 46}], [{"weight": 2, "random_weight": 0.82037790082465, "id": 4}, {"weight": 1, "random_weight": 0.9428884540740361, "id": 15}, {"weight": 1, "random_weight": 0.2113809496091097, "id": 16}, {"weight": 1, "random_weight": 0.9034720815467805, "id": 19}, {"weight": 1, "random_weight": 0.8017988190284883, "id": 21}, {"weight": 1, "random_weight": 0.8405593244308277, "id": 22}, {"weight": 1, "random_weight": 0.24706474884380414, "id": 46}], [{"weight": 1, "random_weight": 0.8220121429559287, "id": 7}, {"weight": 3, "random_weight": 0.9672410374831583, "id": 8}], [{"weight": 1, "random_weight": 0.8220121429559287, "id": 6}, {"weight": 3, "random_weight": 0.24423957134661478, "id": 23}, {"weight": 2, "random_weight": 0.18580381452899586, "id": 29}], [{"weight": 1, "random_weight": 0.963486949352031, "id": 0}, {"weight": 3, "random_weight": 0.9672410374831583, "id": 6}, {"weight": 1, "random_weight": 0.2593538583554533, "id": 15}, {"weight": 2, "random_weight": 0.2733073878169433, "id": 23}], [{"weight": 2, "random_weight": 0.2941432804905081, "id": 3}, {"weight": 2, "random_weight": 0.504822787182558, "id": 10}, {"weight": 1, "random_weight": 0.2200825145327857, "id": 20}, {"weight": 1, "random_weight": 0.8271497851225681, "id": 27}, {"weight": 1, "random_weight": 0.7972005903507026, "id": 41}, {"weight": 1, "random_weight": 0.6164153848643076, "id": 47}], [{"weight": 2, "random_weight": 0.504822787182558, "id": 9}, {"weight": 1, "random_weight": 0.4840179420585635, "id": 25}, {"weight": 2, "random_weight": 0.8297284297888151, "id": 34}, {"weight": 1, "random_weight": 0.8013601925218833, "id": 41}, {"weight": 2, "random_weight": 0.8167007058885385, "id": 47}], [{"weight": 2, "random_weight": 0.46139014638589415, "id": 12}, {"weight": 1, "random_weight": 0.43368468921639436, "id": 35}, {"weight": 1, "random_weight": 0.927852578452088, "id": 39}], [{"weight": 2, "random_weight": 0.46139014638589415, "id": 11}, {"weight": 3, "random_weight": 0.36960424069841513, "id": 30}, {"weight": 1, "random_weight": 0.4571951004328876, "id": 35}], [{"weight": 1, "random_weight": 0.1288500416845455, "id": 1}, {"weight": 3, "random_weight": 0.2690451794382641, "id": 2}, {"weight": 1, "random_weight": 0.9415742047946171, "id": 14}, {"weight": 1, "random_weight": 0.8064375501660032, "id": 33}, {"weight": 1, "random_weight": 0.6365706431428075, "id": 40}, {"weight": 1, "random_weight": 0.6153799974311555, "id": 45}], [{"weight": 1, "random_weight": 0.04133776925451493, "id": 2}, {"weight": 1, "random_weight": 0.9415742047946171, "id": 13}, {"weight": 1, "random_weight": 0.704401128016857, "id": 37}, {"weight": 3, "random_weight": 0.8992093950105144, "id": 40}], [{"weight": 3, "random_weight": 0.357395109708079, "id": 0}, {"weight": 1, "random_weight": 0.9428884540740361, "id": 5}, {"weight": 1, "random_weight": 0.2593538583554533, "id": 8}, {"weight": 2, "random_weight": 0.7647062314840161, "id": 16}, {"weight": 1, "random_weight": 0.7095083728162577, "id": 21}], [{"weight": 1, "random_weight": 0.2113809496091097, "id": 5}, {"weight": 2, "random_weight": 0.7647062314840161, "id": 15}, {"weight": 2, "random_weight": 0.3106088849947962, "id": 19}, {"weight": 1, "random_weight": 0.5225405409786468, "id": 20}, {"weight": 2, "random_weight": 0.4388567436023827, "id": 23}], [{"weight": 3, "random_weight": 0.7563359782780985, "id": 18}, {"weight": 1, "random_weight": 0.04002261649878891, "id": 31}], [{"weight": 3, "random_weight": 0.7563359782780985, "id": 17}, {"weight": 2, "random_weight": 0.29152044630222984, "id": 22}, {"weight": 2, "random_weight": 0.3817630265670119, "id": 31}], [{"weight": 2, "random_weight": 0.805301904166337, "id": 3}, {"weight": 1, "random_weight": 0.9124574645720782, "id": 4}, {"weight": 1, "random_weight": 0.9034720815467805, "id": 5}, {"weight": 2, "random_weight": 0.3106088849947962, "id": 16}, {"weight": 2, "random_weight": 0.6126254463434228, "id": 20}], [{"weight": 1, "random_weight": 0.20978343943024202, "id": 3}, {"weight": 1, "random_weight": 0.2200825145327857, "id": 9}, {"weight": 1, "random_weight": 0.5225405409786468, "id": 16}, {"weight": 2, "random_weight": 0.6126254463434228, "id": 19}, {"weight": 2, "random_weight": 0.5896101818182624, "id": 27}, {"weight": 1, "random_weight": 0.6821334816048298, "id": 29}], [{"weight": 1, "random_weight": 0.2942292805525676, "id": 0}, {"weight": 1, "random_weight": 0.8017988190284883, "id": 5}, {"weight": 1, "random_weight": 0.7095083728162577, "id": 15}, {"weight": 3, "random_weight": 0.3793952718839604, "id": 22}], [{"weight": 1, "random_weight": 0.8405593244308277, "id": 5}, {"weight": 2, "random_weight": 0.29152044630222984, "id": 18}, {"weight": 3, "random_weight": 0.3793952718839604, "id": 21}, {"weight": 1, "random_weight": 0.9305843958412905, "id": 46}], [{"weight": 3, "random_weight": 0.24423957134661478, "id": 7}, {"weight": 2, "random_weight": 0.2733073878169433, "id": 8}, {"weight": 2, "random_weight": 0.4388567436023827, "id": 16}, {"weight": 1, "random_weight": 0.9717458564744688, "id": 29}], [{"weight": 2, "random_weight": 0.1882721483018549, "id": 38}, {"weight": 2, "random_weight": 0.17208367345557707, "id": 39}, {"weight": 1, "random_weight": 0.519398629832735, "id": 44}], [{"weight": 1, "random_weight": 0.4840179420585635, "id": 10}, {"weight": 1, "random_weight": 0.546893352233182, "id": 26}, {"weight": 1, "random_weight": 0.8167191379036449, "id": 30}, {"weight": 1, "random_weight": 0.0020880831653272702, "id": 32}, {"weight": 2, "random_weight": 0.47977963239404664, "id": 34}, {"weight": 1, "random_weight": 0.9411301149482304, "id": 35}, {"weight": 1, "random_weight": 0.4622558940491629, "id": 36}], [{"weight": 1, "random_weight": 0.546893352233182, "id": 25}, {"weight": 1, "random_weight": 0.9757691619749118, "id": 30}, {"weight": 2, "random_weight": 0.6147492545262888, "id": 32}, {"weight": 1, "random_weight": 0.8495985725167949, "id": 33}], [{"weight": 1, "random_weight": 0.8271497851225681, "id": 9}, {"weight": 2, "random_weight": 0.5896101818182624, "id": 20}, {"weight": 2, "random_weight": 0.6631346217590401, "id": 28}, {"weight": 1, "random_weight": 0.15911077214253377, "id": 40}, {"weight": 2, "random_weight": 0.4111712112509289, "id": 41}], [{"weight": 2, "random_weight": 0.6631346217590401, "id": 27}, {"weight": 2, "random_weight": 0.2981260172114564, "id": 29}, {"weight": 3, "random_weight": 0.3793375124338241, "id": 37}, {"weight": 1, "random_weight": 0.09681739912520004, "id": 40}], [{"weight": 2, "random_weight": 0.18580381452899586, "id": 7}, {"weight": 1, "random_weight": 0.6821334816048298, "id": 20}, {"weight": 1, "random_weight": 0.9717458564744688, "id": 23}, {"weight": 2, "random_weight": 0.2981260172114564, "id": 28}, {"weight": 1, "random_weight": 0.32243326722873833, "id": 37}], [{"weight": 3, "random_weight": 0.36960424069841513, "id": 12}, {"weight": 1, "random_weight": 0.8167191379036449, "id": 25}, {"weight": 1, "random_weight": 0.9757691619749118, "id": 26}, {"weight": 2, "random_weight": 0.8109947248936901, "id": 35}], [{"weight": 1, "random_weight": 0.04002261649878891, "id": 17}, {"weight": 2, "random_weight": 0.3817630265670119, "id": 18}, {"weight": 1, "random_weight": 0.6168861434013575, "id": 43}, {"weight": 2, "random_weight": 0.8904208726050377, "id": 44}, {"weight": 1, "random_weight": 0.2990250726164527, "id": 46}], [{"weight": 1, "random_weight": 0.0020880831653272702, "id": 25}, {"weight": 2, "random_weight": 0.6147492545262888, "id": 26}, {"weight": 2, "random_weight": 0.6014085465174337, "id": 33}, {"weight": 1, "random_weight": 0.9884106483767658, "id": 34}, {"weight": 2, "random_weight": 0.25821986823262744, "id": 45}], [{"weight": 1, "random_weight": 0.11451087094924617, "id": 1}, {"weight": 1, "random_weight": 0.8064375501660032, "id": 13}, {"weight": 1, "random_weight": 0.8495985725167949, "id": 26}, {"weight": 2, "random_weight": 0.6014085465174337, "id": 32}, {"weight": 1, "random_weight": 0.5896249185418707, "id": 45}], [{"weight": 2, "random_weight": 0.8297284297888151, "id": 10}, {"weight": 2, "random_weight": 0.47977963239404664, "id": 25}, {"weight": 1, "random_weight": 0.9884106483767658, "id": 32}, {"weight": 1, "random_weight": 0.7171889612133823, "id": 41}, {"weight": 2, "random_weight": 0.23944844557483347, "id": 45}], [{"weight": 1, "random_weight": 0.43368468921639436, "id": 11}, {"weight": 1, "random_weight": 0.4571951004328876, "id": 12}, {"weight": 1, "random_weight": 0.9411301149482304, "id": 25}, {"weight": 2, "random_weight": 0.8109947248936901, "id": 30}, {"weight": 2, "random_weight": 0.6473102753953939, "id": 36}, {"weight": 1, "random_weight": 0.6736297232613364, "id": 39}], [{"weight": 1, "random_weight": 0.4622558940491629, "id": 25}, {"weight": 2, "random_weight": 0.6473102753953939, "id": 35}, {"weight": 1, "random_weight": 0.197736968249401, "id": 38}, {"weight": 2, "random_weight": 0.9210584514261927, "id": 39}, {"weight": 2, "random_weight": 0.8531422003102387, "id": 47}], [{"weight": 1, "random_weight": 0.704401128016857, "id": 14}, {"weight": 3, "random_weight": 0.3793375124338241, "id": 28}, {"weight": 1, "random_weight": 0.32243326722873833, "id": 29}, {"weight": 1, "random_weight": 0.19576004607781983, "id": 40}], [{"weight": 2, "random_weight": 0.1882721483018549, "id": 24}, {"weight": 1, "random_weight": 0.197736968249401, "id": 36}, {"weight": 1, "random_weight": 0.23981529838588933, "id": 39}, {"weight": 2, "random_weight": 0.7122816543219391, "id": 42}, {"weight": 1, "random_weight": 0.9001113977882643, "id": 43}, {"weight": 1, "random_weight": 0.6916163680754411, "id": 47}], [{"weight": 1, "random_weight": 0.927852578452088, "id": 11}, {"weight": 2, "random_weight": 0.17208367345557707, "id": 24}, {"weight": 1, "random_weight": 0.6736297232613364, "id": 35}, {"weight": 2, "random_weight": 0.9210584514261927, "id": 36}, {"weight": 1, "random_weight": 0.23981529838588933, "id": 38}], [{"weight": 1, "random_weight": 0.6365706431428075, "id": 13}, {"weight": 3, "random_weight": 0.8992093950105144, "id": 14}, {"weight": 1, "random_weight": 0.15911077214253377, "id": 27}, {"weight": 1, "random_weight": 0.09681739912520004, "id": 28}, {"weight": 1, "random_weight": 0.19576004607781983, "id": 37}, {"weight": 1, "random_weight": 0.004315771728563678, "id": 41}], [{"weight": 1, "random_weight": 0.7972005903507026, "id": 9}, {"weight": 1, "random_weight": 0.8013601925218833, "id": 10}, {"weight": 2, "random_weight": 0.4111712112509289, "id": 27}, {"weight": 1, "random_weight": 0.7171889612133823, "id": 34}, {"weight": 1, "random_weight": 0.004315771728563678, "id": 40}, {"weight": 2, "random_weight": 0.49025266317470384, "id": 45}], [{"weight": 1, "random_weight": 0.6658283677379845, "id": 3}, {"weight": 1, "random_weight": 0.06272344504967753, "id": 4}, {"weight": 2, "random_weight": 0.7122816543219391, "id": 38}, {"weight": 1, "random_weight": 0.4217037984437929, "id": 43}, {"weight": 1, "random_weight": 0.6610510417799363, "id": 46}, {"weight": 2, "random_weight": 0.20086031594949616, "id": 47}], [{"weight": 1, "random_weight": 0.6168861434013575, "id": 31}, {"weight": 1, "random_weight": 0.9001113977882643, "id": 38}, {"weight": 1, "random_weight": 0.4217037984437929, "id": 42}, {"weight": 3, "random_weight": 0.927741327403638, "id": 44}, {"weight": 2, "random_weight": 0.9243053205112916, "id": 46}], [{"weight": 1, "random_weight": 0.519398629832735, "id": 24}, {"weight": 2, "random_weight": 0.8904208726050377, "id": 31}, {"weight": 3, "random_weight": 0.927741327403638, "id": 43}], [{"weight": 1, "random_weight": 0.6153799974311555, "id": 13}, {"weight": 2, "random_weight": 0.25821986823262744, "id": 32}, {"weight": 1, "random_weight": 0.5896249185418707, "id": 33}, {"weight": 2, "random_weight": 0.23944844557483347, "id": 34}, {"weight": 2, "random_weight": 0.49025266317470384, "id": 41}], [{"weight": 2, "random_weight": 0.832019306431468, "id": 4}, {"weight": 1, "random_weight": 0.24706474884380414, "id": 5}, {"weight": 1, "random_weight": 0.9305843958412905, "id": 22}, {"weight": 1, "random_weight": 0.2990250726164527, "id": 31}, {"weight": 1, "random_weight": 0.6610510417799363, "id": 42}, {"weight": 2, "random_weight": 0.9243053205112916, "id": 43}], [{"weight": 1, "random_weight": 0.6164153848643076, "id": 9}, {"weight": 2, "random_weight": 0.8167007058885385, "id": 10}, {"weight": 2, "random_weight": 0.8531422003102387, "id": 36}, {"weight": 1, "random_weight": 0.6916163680754411, "id": 38}, {"weight": 2, "random_weight": 0.20086031594949616, "id": 42}]]}