{"directed": false, "multigraph": false, "graph": [], "nodes": [{"graph": null, "nnodes": 3, "nedges": 2, "density": 0.6666666666666666, "atomics": "[138, 126, 127]", "group_pop": 3, "init_part_assignment": 2, "id": 0}, {"graph": null, "nnodes": 3, "nedges": 2, "density": 0.6666666666666666, "atomics": "[128, 139, 140]", "group_pop": 3, "init_part_assignment": 2, "id": 1}, {"graph": null, "nnodes": 3, "nedges": 2, "density": 0.6666666666666666, "atomics": "[10, 11, 22]", "group_pop": 3, "init_part_assignment": 7, "id": 2}, {"graph": null, "nnodes": 3, "nedges": 2, "density": 0.6666666666666666, "atomics": "[35, 23, 47]", "group_pop": 3, "init_part_assignment": 7, "id": 3}, {"graph": null, "nnodes": 3, "nedges": 2, "density": 0.6666666666666666, "atomics": "[88, 89, 100]", "group_pop": 3, "init_part_assignment": 0, "id": 4}, {"graph": null, "nnodes": 3, "nedges": 2, "density": 0.6666666666666666, "atomics": "[113, 114, 101]", "group_pop": 3, "init_part_assignment": 0, "id": 5}, {"graph": null, "nnodes": 3, "nedges": 2, "density": 0.6666666666666666, "atomics": "[130, 131, 143]", "group_pop": 3, "init_part_assignment": 3, "id": 6}, {"graph": null, "nnodes": 3, "nedges": 2, "density": 0.6666666666666666, "atomics": "[117, 118, 119]", "group_pop": 3, "init_part_assignment": 3, "id": 7}, {"graph": null, "nnodes": 3, "nedges": 2, "density": 0.6666666666666666, "atomics": "[129, 141, 142]", "group_pop": 3, "init_part_assignment": 3, "id": 8}, {"graph": null, "nnodes": 3, "nedges": 2, "density": 0.6666666666666666, "atomics": "[65, 66, 67]", "group_pop": 3, "init_part_assignment": 10, "id": 9}, {"graph": null, "nnodes": 3, "nedges": 2, "density": 0.6666666666666666, "atomics": "[42, 53, 54]", "group_pop": 3, "init_part_assignment": 5, "id": 10}, {"graph": null, "nnodes": 3, "nedges": 2, "density": 0.6666666666666666, "atomics": "[0, 1, 12]", "group_pop": 3, "init_part_assignment": 6, "id": 11}, {"graph": null, "nnodes": 3, "nedges": 2, "density": 0.6666666666666666, "atomics": "[2, 13, 14]", "group_pop": 3, "init_part_assignment": 6, "id": 12}, {"graph": null, "nnodes": 3, "nedges": 2, "density": 0.6666666666666666, "atomics": "[32, 33, 34]", "group_pop": 3, "init_part_assignment": 7, "id": 13}, {"graph": null, "nnodes": 3, "nedges": 2, "density": 0.6666666666666666, "atomics": "[104, 115, 116]", "group_pop": 3, "init_part_assignment": 9, "id": 14}, {"graph": null, "nnodes": 3, "nedges": 2, "density": 0.6666666666666666, "atomics": "[120, 132, 108]", "group_pop": 3, "init_part_assignment": 4, "id": 15}, {"graph": null, "nnodes": 3, "nedges": 2, "density": 0.6666666666666666, "atomics": "[121, 122, 133]", "group_pop": 3, "init_part_assignment": 0, "id": 16}, {"graph": null, "nnodes": 3, "nedges": 2, "density": 0.6666666666666666, "atomics": "[136, 134, 135]", "group_pop": 3, "init_part_assignment": 2, "id": 17}, {"graph": null, "nnodes": 3, "nedges": 2, "density": 0.6666666666666666, "atomics": "[91, 102, 103]", "group_pop": 3, "init_part_assignment": 9, "id": 18}, {"graph": null, "nnodes": 3, "nedges": 2, "density": 0.6666666666666666, "atomics": "[80, 81, 92]", "group_pop": 3, "init_part_assignment": 9, "id": 19}, {"graph": null, "nnodes": 3, "nedges": 2, "density": 0.6666666666666666, "atomics": "[90, 78, 79]", "group_pop": 3, "init_part_assignment": 11, "id": 20}, {"graph": null, "nnodes": 3, "nedges": 2, "density": 0.6666666666666666, "atomics": "[137, 124, 125]", "group_pop": 3, "init_part_assignment": 2, "id": 21}, {"graph": null, "nnodes": 3, "nedges": 2, "density": 0.6666666666666666, "atomics": "[72, 60, 84]", "group_pop": 3, "init_part_assignment": 4, "id": 22}, {"graph": null, "nnodes": 3, "nedges": 2, "density": 0.6666666666666666, "atomics": "[48, 24, 36]", "group_pop": 3, "init_part_assignment": 6, "id": 23}, {"graph": null, "nnodes": 3, "nedges": 2, "density": 0.6666666666666666, "atomics": "[105, 106, 107]", "group_pop": 3, "init_part_assignment": 3, "id": 24}, {"graph": null, "nnodes": 3, "nedges": 2, "density": 0.6666666666666666, "atomics": "[16, 3, 15]", "group_pop": 3, "init_part_assignment": 1, "id": 25}, {"graph": null, "nnodes": 3, "nedges": 2, "density": 0.6666666666666666, "atomics": "[4, 5, 6]", "group_pop": 3, "init_part_assignment": 1, "id": 26}, {"graph": null, "nnodes": 3, "nedges": 2, "density": 0.6666666666666666, "atomics": "[93, 94, 95]", "group_pop": 3, "init_part_assignment": 9, "id": 27}, {"graph": null, "nnodes": 3, "nedges": 2, "density": 0.6666666666666666, "atomics": "[96, 97, 109]", "group_pop": 3, "init_part_assignment": 4, "id": 28}, {"graph": null, "nnodes": 3, "nedges": 2, "density": 0.6666666666666666, "atomics": "[19, 20, 21]", "group_pop": 3, "init_part_assignment": 1, "id": 29}, {"graph": null, "nnodes": 3, "nedges": 2, "density": 0.6666666666666666, "atomics": "[8, 9, 7]", "group_pop": 3, "init_part_assignment": 1, "id": 30}, {"graph": null, "nnodes": 3, "nedges": 2, "density": 0.6666666666666666, "atomics": "[17, 29, 41]", "group_pop": 3, "init_part_assignment": 5, "id": 31}, {"graph": null, "nnodes": 3, "nedges": 2, "density": 0.6666666666666666, "atomics": "[18, 30, 31]", "group_pop": 3, "init_part_assignment": 5, "id": 32}, {"graph": null, "nnodes": 3, "nedges": 2, "density": 0.6666666666666666, "atomics": "[26, 27, 28]", "group_pop": 3, "init_part_assignment": 6, "id": 33}, {"graph": null, "nnodes": 3, "nedges": 2, "density": 0.6666666666666666, "atomics": "[40, 38, 39]", "group_pop": 3, "init_part_assignment": 8, "id": 34}, {"graph": null, "nnodes": 3, "nedges": 2, "density": 0.6666666666666666, "atomics": "[82, 83, 71]", "group_pop": 3, "init_part_assignment": 10, "id": 35}, {"graph": null, "nnodes": 3, "nedges": 2, "density": 0.6666666666666666, "atomics": "[68, 69, 70]", "group_pop": 3, "init_part_assignment": 10, "id": 36}, {"graph": null, "nnodes": 3, "nedges": 2, "density": 0.6666666666666666, "atomics": "[73, 61, 85]", "group_pop": 3, "init_part_assignment": 8, "id": 37}, {"graph": null, "nnodes": 3, "nedges": 2, "density": 0.6666666666666666, "atomics": "[49, 37, 25]", "group_pop": 3, "init_part_assignment": 8, "id": 38}, {"graph": null, "nnodes": 3, "nedges": 2, "density": 0.6666666666666666, "atomics": "[56, 57, 55]", "group_pop": 3, "init_part_assignment": 10, "id": 39}, {"graph": null, "nnodes": 3, "nedges": 2, "density": 0.6666666666666666, "atomics": "[58, 59, 46]", "group_pop": 3, "init_part_assignment": 7, "id": 40}, {"graph": null, "nnodes": 3, "nedges": 2, "density": 0.6666666666666666, "atomics": "[43, 44, 45]", "group_pop": 3, "init_part_assignment": 5, "id": 41}, {"graph": null, "nnodes": 3, "nedges": 2, "density": 0.6666666666666666, "atomics": "[74, 50, 62]", "group_pop": 3, "init_part_assignment": 11, "id": 42}, {"graph": null, "nnodes": 3, "nedges": 2, "density": 0.6666666666666666, "atomics": "[75, 86, 87]", "group_pop": 3, "init_part_assignment": 8, "id": 43}, {"graph": null, "nnodes": 3, "nedges": 2, "density": 0.6666666666666666, "atomics": "[112, 123, 111]", "group_pop": 3, "init_part_assignment": 0, "id": 44}, {"graph": null, "nnodes": 3, "nedges": 2, "density": 0.6666666666666666, "atomics": "[98, 99, 110]", "group_pop": 3, "init_part_assignment": 4, "id": 45}, {"graph": null, "nnodes": 3, "nedges": 2, "density": 0.6666666666666666, "atomics": "[64, 76, 77]", "group_pop": 3, "init_part_assignment": 11, "id": 46}, {"graph": null, "nnodes": 3, "nedges": 2, "density": 0.6666666666666666, "atomics": "[51, 52, 63]", "group_pop": 3, "init_part_assignment": 11, "id": 47}], "adjacency": [[{"weight": 3, "random_weight": 0.4213730947220097, "id": 1}, {"weight": 1, "random_weight": 0.6198993006061589, "id": 5}, {"weight": 1, "random_weight": 0.44451084112671213, "id": 14}, {"weight": 2, "random_weight": 0.8719635938737055, "id": 21}], [{"weight": 3, "random_weight": 0.4213730947220097, "id": 0}, {"weight": 2, "random_weight": 0.9290262600019901, "id": 8}, {"weight": 1, "random_weight": 0.8417769336840248, "id": 14}], [{"weight": 2, "random_weight": 0.5435935594529768, "id": 3}, {"weight": 1, "random_weight": 0.628870817617377, "id": 13}, {"weight": 1, "random_weight": 0.03735567608531054, "id": 29}, {"weight": 1, "random_weight": 0.8033356164887692, "id": 30}], [{"weight": 2, "random_weight": 0.5435935594529768, "id": 2}, {"weight": 1, "random_weight": 0.7329920730740054, "id": 13}, {"weight": 2, "random_weight": 0.4074815849112815, "id": 40}], [{"weight": 2, "random_weight": 0.1567827135507781, "id": 5}, {"weight": 1, "random_weight": 0.9253205056937386, "id": 20}, {"weight": 1, "random_weight": 0.182246976254957, "id": 43}, {"weight": 1, "random_weight": 0.2304959751926985, "id": 44}, {"weight": 1, "random_weight": 0.3787247244087617, "id": 45}, {"weight": 2, "random_weight": 0.6678522204386147, "id": 46}], [{"weight": 1, "random_weight": 0.6198993006061589, "id": 0}, {"weight": 2, "random_weight": 0.1567827135507781, "id": 4}, {"weight": 1, "random_weight": 0.811375808199696, "id": 14}, {"weight": 2, "random_weight": 0.5040586423179284, "id": 18}, {"weight": 1, "random_weight": 0.38233010004164625, "id": 21}, {"weight": 1, "random_weight": 0.7427000516425608, "id": 44}], [{"weight": 2, "random_weight": 0.5385749521510139, "id": 7}, {"weight": 3, "random_weight": 0.19844736877908908, "id": 8}], [{"weight": 2, "random_weight": 0.5385749521510139, "id": 6}, {"weight": 1, "random_weight": 0.06835076823509456, "id": 8}, {"weight": 1, "random_weight": 0.7279306276401584, "id": 14}, {"weight": 3, "random_weight": 0.14075809695684482, "id": 24}], [{"weight": 2, "random_weight": 0.9290262600019901, "id": 1}, {"weight": 3, "random_weight": 0.19844736877908908, "id": 6}, {"weight": 1, "random_weight": 0.06835076823509456, "id": 7}], [{"weight": 2, "random_weight": 0.4648993309943906, "id": 10}, {"weight": 2, "random_weight": 0.9722948459140478, "id": 20}, {"weight": 1, "random_weight": 0.5850721019481108, "id": 36}, {"weight": 1, "random_weight": 0.7836585464619111, "id": 39}, {"weight": 2, "random_weight": 0.9544444788086078, "id": 46}], [{"weight": 2, "random_weight": 0.4648993309943906, "id": 9}, {"weight": 2, "random_weight": 0.854073927836457, "id": 31}, {"weight": 1, "random_weight": 0.47251099451695067, "id": 32}, {"weight": 1, "random_weight": 0.7870452940334401, "id": 39}, {"weight": 1, "random_weight": 0.252520834610619, "id": 41}, {"weight": 1, "random_weight": 0.9440623466042918, "id": 47}], [{"weight": 3, "random_weight": 0.29656980963310264, "id": 12}, {"weight": 1, "random_weight": 0.31122176091756104, "id": 23}], [{"weight": 3, "random_weight": 0.29656980963310264, "id": 11}, {"weight": 2, "random_weight": 0.7605515907407226, "id": 25}, {"weight": 1, "random_weight": 0.15134533970515684, "id": 33}, {"weight": 1, "random_weight": 0.4356238041816225, "id": 38}], [{"weight": 1, "random_weight": 0.628870817617377, "id": 2}, {"weight": 1, "random_weight": 0.7329920730740054, "id": 3}, {"weight": 2, "random_weight": 0.28771657021513786, "id": 29}, {"weight": 1, "random_weight": 0.4279303082181558, "id": 32}, {"weight": 1, "random_weight": 0.4268898867083294, "id": 40}, {"weight": 2, "random_weight": 0.48818253252598587, "id": 41}], [{"weight": 1, "random_weight": 0.44451084112671213, "id": 0}, {"weight": 1, "random_weight": 0.8417769336840248, "id": 1}, {"weight": 1, "random_weight": 0.811375808199696, "id": 5}, {"weight": 1, "random_weight": 0.7279306276401584, "id": 7}, {"weight": 2, "random_weight": 0.2601646965425862, "id": 18}, {"weight": 1, "random_weight": 0.6266852664343585, "id": 19}, {"weight": 1, "random_weight": 0.7170360402163203, "id": 24}], [{"weight": 2, "random_weight": 0.7452339634356899, "id": 16}, {"weight": 2, "random_weight": 0.4099221958989552, "id": 28}], [{"weight": 2, "random_weight": 0.7452339634356899, "id": 15}, {"weight": 2, "random_weight": 0.44928099464949345, "id": 17}, {"weight": 1, "random_weight": 0.757396536820978, "id": 28}, {"weight": 1, "random_weight": 0.11437634109948347, "id": 44}, {"weight": 1, "random_weight": 0.5734207562204489, "id": 45}], [{"weight": 2, "random_weight": 0.44928099464949345, "id": 16}, {"weight": 2, "random_weight": 0.575338948280579, "id": 21}, {"weight": 1, "random_weight": 0.9105866218937252, "id": 44}], [{"weight": 2, "random_weight": 0.5040586423179284, "id": 5}, {"weight": 2, "random_weight": 0.2601646965425862, "id": 14}, {"weight": 1, "random_weight": 0.3823379242091899, "id": 19}, {"weight": 3, "random_weight": 0.7116939895329453, "id": 20}], [{"weight": 1, "random_weight": 0.6266852664343585, "id": 14}, {"weight": 1, "random_weight": 0.3823379242091899, "id": 18}, {"weight": 1, "random_weight": 0.8415278280155462, "id": 20}, {"weight": 2, "random_weight": 0.1022803206884082, "id": 27}, {"weight": 1, "random_weight": 0.6522537285374289, "id": 35}, {"weight": 2, "random_weight": 0.5460165338059413, "id": 36}], [{"weight": 1, "random_weight": 0.9253205056937386, "id": 4}, {"weight": 2, "random_weight": 0.9722948459140478, "id": 9}, {"weight": 3, "random_weight": 0.7116939895329453, "id": 18}, {"weight": 1, "random_weight": 0.8415278280155462, "id": 19}, {"weight": 1, "random_weight": 0.8656438386997636, "id": 46}], [{"weight": 2, "random_weight": 0.8719635938737055, "id": 0}, {"weight": 1, "random_weight": 0.38233010004164625, "id": 5}, {"weight": 2, "random_weight": 0.575338948280579, "id": 17}, {"weight": 2, "random_weight": 0.3513657771302331, "id": 44}], [{"weight": 1, "random_weight": 0.9859169468025176, "id": 23}, {"weight": 1, "random_weight": 0.4944553230438625, "id": 28}, {"weight": 3, "random_weight": 0.2278584484824272, "id": 37}], [{"weight": 1, "random_weight": 0.31122176091756104, "id": 11}, {"weight": 1, "random_weight": 0.9859169468025176, "id": 22}, {"weight": 3, "random_weight": 0.1761143209544982, "id": 38}], [{"weight": 3, "random_weight": 0.14075809695684482, "id": 7}, {"weight": 1, "random_weight": 0.7170360402163203, "id": 14}, {"weight": 3, "random_weight": 0.6258840657451252, "id": 27}], [{"weight": 2, "random_weight": 0.7605515907407226, "id": 12}, {"weight": 2, "random_weight": 0.09916643150435756, "id": 26}, {"weight": 1, "random_weight": 0.9351369046637453, "id": 31}, {"weight": 2, "random_weight": 0.7428598022590146, "id": 33}], [{"weight": 2, "random_weight": 0.09916643150435756, "id": 25}, {"weight": 1, "random_weight": 0.048951942029254125, "id": 30}, {"weight": 1, "random_weight": 0.9089140205029755, "id": 31}, {"weight": 1, "random_weight": 0.6161634493374704, "id": 32}], [{"weight": 2, "random_weight": 0.1022803206884082, "id": 19}, {"weight": 3, "random_weight": 0.6258840657451252, "id": 24}, {"weight": 2, "random_weight": 0.23776698537193175, "id": 35}], [{"weight": 2, "random_weight": 0.4099221958989552, "id": 15}, {"weight": 1, "random_weight": 0.757396536820978, "id": 16}, {"weight": 1, "random_weight": 0.4944553230438625, "id": 22}, {"weight": 1, "random_weight": 0.964729845697994, "id": 37}, {"weight": 2, "random_weight": 0.7625716775922482, "id": 45}], [{"weight": 1, "random_weight": 0.03735567608531054, "id": 2}, {"weight": 2, "random_weight": 0.28771657021513786, "id": 13}, {"weight": 3, "random_weight": 0.402789044139112, "id": 30}, {"weight": 2, "random_weight": 0.5329351090940205, "id": 32}], [{"weight": 1, "random_weight": 0.8033356164887692, "id": 2}, {"weight": 1, "random_weight": 0.048951942029254125, "id": 26}, {"weight": 3, "random_weight": 0.402789044139112, "id": 29}], [{"weight": 2, "random_weight": 0.854073927836457, "id": 10}, {"weight": 1, "random_weight": 0.9351369046637453, "id": 25}, {"weight": 1, "random_weight": 0.9089140205029755, "id": 26}, {"weight": 2, "random_weight": 0.27590560720191093, "id": 32}, {"weight": 1, "random_weight": 0.5592379743460446, "id": 33}, {"weight": 1, "random_weight": 0.9382114460049796, "id": 34}], [{"weight": 1, "random_weight": 0.47251099451695067, "id": 10}, {"weight": 1, "random_weight": 0.4279303082181558, "id": 13}, {"weight": 1, "random_weight": 0.6161634493374704, "id": 26}, {"weight": 2, "random_weight": 0.5329351090940205, "id": 29}, {"weight": 2, "random_weight": 0.27590560720191093, "id": 31}, {"weight": 1, "random_weight": 0.3411899805438541, "id": 41}], [{"weight": 1, "random_weight": 0.15134533970515684, "id": 12}, {"weight": 2, "random_weight": 0.7428598022590146, "id": 25}, {"weight": 1, "random_weight": 0.5592379743460446, "id": 31}, {"weight": 3, "random_weight": 0.920448550313633, "id": 34}, {"weight": 1, "random_weight": 0.8324315267543076, "id": 38}], [{"weight": 1, "random_weight": 0.9382114460049796, "id": 31}, {"weight": 3, "random_weight": 0.920448550313633, "id": 33}, {"weight": 1, "random_weight": 0.37284406173963547, "id": 38}, {"weight": 1, "random_weight": 0.7086078866251475, "id": 42}, {"weight": 2, "random_weight": 0.6335455908384189, "id": 47}], [{"weight": 1, "random_weight": 0.6522537285374289, "id": 19}, {"weight": 2, "random_weight": 0.23776698537193175, "id": 27}, {"weight": 2, "random_weight": 0.526459153087489, "id": 36}, {"weight": 1, "random_weight": 0.7011833645404202, "id": 40}], [{"weight": 1, "random_weight": 0.5850721019481108, "id": 9}, {"weight": 2, "random_weight": 0.5460165338059413, "id": 19}, {"weight": 2, "random_weight": 0.526459153087489, "id": 35}, {"weight": 2, "random_weight": 0.3120139024689812, "id": 39}, {"weight": 1, "random_weight": 0.9483699439890956, "id": 40}], [{"weight": 3, "random_weight": 0.2278584484824272, "id": 22}, {"weight": 1, "random_weight": 0.964729845697994, "id": 28}, {"weight": 1, "random_weight": 0.421591454933242, "id": 38}, {"weight": 2, "random_weight": 0.13099202788883346, "id": 42}, {"weight": 1, "random_weight": 0.09186326154921354, "id": 43}], [{"weight": 1, "random_weight": 0.4356238041816225, "id": 12}, {"weight": 3, "random_weight": 0.1761143209544982, "id": 23}, {"weight": 1, "random_weight": 0.8324315267543076, "id": 33}, {"weight": 1, "random_weight": 0.37284406173963547, "id": 34}, {"weight": 1, "random_weight": 0.421591454933242, "id": 37}, {"weight": 1, "random_weight": 0.9070322180285776, "id": 42}], [{"weight": 1, "random_weight": 0.7836585464619111, "id": 9}, {"weight": 1, "random_weight": 0.7870452940334401, "id": 10}, {"weight": 2, "random_weight": 0.3120139024689812, "id": 36}, {"weight": 1, "random_weight": 0.8325419342495971, "id": 40}, {"weight": 3, "random_weight": 0.7056224380013858, "id": 41}], [{"weight": 2, "random_weight": 0.4074815849112815, "id": 3}, {"weight": 1, "random_weight": 0.4268898867083294, "id": 13}, {"weight": 1, "random_weight": 0.7011833645404202, "id": 35}, {"weight": 1, "random_weight": 0.9483699439890956, "id": 36}, {"weight": 1, "random_weight": 0.8325419342495971, "id": 39}, {"weight": 1, "random_weight": 0.7340595222825657, "id": 41}], [{"weight": 1, "random_weight": 0.252520834610619, "id": 10}, {"weight": 2, "random_weight": 0.48818253252598587, "id": 13}, {"weight": 1, "random_weight": 0.3411899805438541, "id": 32}, {"weight": 3, "random_weight": 0.7056224380013858, "id": 39}, {"weight": 1, "random_weight": 0.7340595222825657, "id": 40}], [{"weight": 1, "random_weight": 0.7086078866251475, "id": 34}, {"weight": 2, "random_weight": 0.13099202788883346, "id": 37}, {"weight": 1, "random_weight": 0.9070322180285776, "id": 38}, {"weight": 2, "random_weight": 0.4575966382009802, "id": 43}, {"weight": 2, "random_weight": 0.489034311096456, "id": 47}], [{"weight": 1, "random_weight": 0.182246976254957, "id": 4}, {"weight": 1, "random_weight": 0.09186326154921354, "id": 37}, {"weight": 2, "random_weight": 0.4575966382009802, "id": 42}, {"weight": 2, "random_weight": 0.8238423335221787, "id": 45}, {"weight": 1, "random_weight": 0.6908405390228838, "id": 46}, {"weight": 1, "random_weight": 0.6695045681909728, "id": 47}], [{"weight": 1, "random_weight": 0.2304959751926985, "id": 4}, {"weight": 1, "random_weight": 0.7427000516425608, "id": 5}, {"weight": 1, "random_weight": 0.11437634109948347, "id": 16}, {"weight": 1, "random_weight": 0.9105866218937252, "id": 17}, {"weight": 2, "random_weight": 0.3513657771302331, "id": 21}, {"weight": 2, "random_weight": 0.7555433988693799, "id": 45}], [{"weight": 1, "random_weight": 0.3787247244087617, "id": 4}, {"weight": 1, "random_weight": 0.5734207562204489, "id": 16}, {"weight": 2, "random_weight": 0.7625716775922482, "id": 28}, {"weight": 2, "random_weight": 0.8238423335221787, "id": 43}, {"weight": 2, "random_weight": 0.7555433988693799, "id": 44}], [{"weight": 2, "random_weight": 0.6678522204386147, "id": 4}, {"weight": 2, "random_weight": 0.9544444788086078, "id": 9}, {"weight": 1, "random_weight": 0.8656438386997636, "id": 20}, {"weight": 1, "random_weight": 0.6908405390228838, "id": 43}, {"weight": 2, "random_weight": 0.9917015785734618, "id": 47}], [{"weight": 1, "random_weight": 0.9440623466042918, "id": 10}, {"weight": 2, "random_weight": 0.6335455908384189, "id": 34}, {"weight": 2, "random_weight": 0.489034311096456, "id": 42}, {"weight": 1, "random_weight": 0.6695045681909728, "id": 43}, {"weight": 2, "random_weight": 0.9917015785734618, "id": 46}]]}