{"directed": false, "multigraph": false, "graph": [], "nodes": [{"graph": null, "nnodes": 3, "nedges": 2, "density": 0.6666666666666666, "atomics": "[138, 139, 140]", "group_pop": 3, "init_part_assignment": 1, "id": 0}, {"graph": null, "nnodes": 3, "nedges": 2, "density": 0.6666666666666666, "atomics": "[10, 21, 22]", "group_pop": 3, "init_part_assignment": 4, "id": 1}, {"graph": null, "nnodes": 3, "nedges": 2, "density": 0.6666666666666666, "atomics": "[11, 35, 23]", "group_pop": 3, "init_part_assignment": 4, "id": 2}, {"graph": null, "nnodes": 3, "nedges": 2, "density": 0.6666666666666666, "atomics": "[89, 90, 78]", "group_pop": 3, "init_part_assignment": 10, "id": 3}, {"graph": null, "nnodes": 3, "nedges": 2, "density": 0.6666666666666666, "atomics": "[88, 100, 101]", "group_pop": 3, "init_part_assignment": 9, "id": 4}, {"graph": null, "nnodes": 3, "nedges": 2, "density": 0.6666666666666666, "atomics": "[112, 113, 111]", "group_pop": 3, "init_part_assignment": 6, "id": 5}, {"graph": null, "nnodes": 3, "nedges": 2, "density": 0.6666666666666666, "atomics": "[130, 131, 143]", "group_pop": 3, "init_part_assignment": 1, "id": 6}, {"graph": null, "nnodes": 3, "nedges": 2, "density": 0.6666666666666666, "atomics": "[107, 118, 119]", "group_pop": 3, "init_part_assignment": 11, "id": 7}, {"graph": null, "nnodes": 3, "nedges": 2, "density": 0.6666666666666666, "atomics": "[129, 141, 142]", "group_pop": 3, "init_part_assignment": 1, "id": 8}, {"graph": null, "nnodes": 3, "nedges": 2, "density": 0.6666666666666666, "atomics": "[66, 67, 54]", "group_pop": 3, "init_part_assignment": 2, "id": 9}, {"graph": null, "nnodes": 3, "nedges": 2, "density": 0.6666666666666666, "atomics": "[0, 1, 13]", "group_pop": 3, "init_part_assignment": 3, "id": 10}, {"graph": null, "nnodes": 3, "nedges": 2, "density": 0.6666666666666666, "atomics": "[2, 3, 4]", "group_pop": 3, "init_part_assignment": 0, "id": 11}, {"graph": null, "nnodes": 3, "nedges": 2, "density": 0.6666666666666666, "atomics": "[32, 33, 34]", "group_pop": 3, "init_part_assignment": 4, "id": 12}, {"graph": null, "nnodes": 3, "nedges": 2, "density": 0.6666666666666666, "atomics": "[59, 46, 47]", "group_pop": 3, "init_part_assignment": 5, "id": 13}, {"graph": null, "nnodes": 3, "nedges": 2, "density": 0.6666666666666666, "atomics": "[128, 115, 127]", "group_pop": 3, "init_part_assignment": 1, "id": 14}, {"graph": null, "nnodes": 3, "nedges": 2, "density": 0.6666666666666666, "atomics": "[120, 132, 108]", "group_pop": 3, "init_part_assignment": 8, "id": 15}, {"graph": null, "nnodes": 3, "nedges": 2, "density": 0.6666666666666666, "atomics": "[121, 109, 133]", "group_pop": 3, "init_part_assignment": 8, "id": 16}, {"graph": null, "nnodes": 3, "nedges": 2, "density": 0.6666666666666666, "atomics": "[122, 134, 110]", "group_pop": 3, "init_part_assignment": 6, "id": 17}, {"graph": null, "nnodes": 3, "nedges": 2, "density": 0.6666666666666666, "atomics": "[104, 116, 92]", "group_pop": 3, "init_part_assignment": 10, "id": 18}, {"graph": null, "nnodes": 3, "nedges": 2, "density": 0.6666666666666666, "atomics": "[91, 103, 79]", "group_pop": 3, "init_part_assignment": 10, "id": 19}, {"graph": null, "nnodes": 3, "nedges": 2, "density": 0.6666666666666666, "atomics": "[136, 123, 135]", "group_pop": 3, "init_part_assignment": 6, "id": 20}, {"graph": null, "nnodes": 3, "nedges": 2, "density": 0.6666666666666666, "atomics": "[137, 124, 125]", "group_pop": 3, "init_part_assignment": 6, "id": 21}, {"graph": null, "nnodes": 3, "nedges": 2, "density": 0.6666666666666666, "atomics": "[105, 106, 117]", "group_pop": 3, "init_part_assignment": 11, "id": 22}, {"graph": null, "nnodes": 3, "nedges": 2, "density": 0.6666666666666666, "atomics": "[72, 48, 60]", "group_pop": 3, "init_part_assignment": 7, "id": 23}, {"graph": null, "nnodes": 3, "nedges": 2, "density": 0.6666666666666666, "atomics": "[114, 126, 102]", "group_pop": 3, "init_part_assignment": 9, "id": 24}, {"graph": null, "nnodes": 3, "nedges": 2, "density": 0.6666666666666666, "atomics": "[16, 28, 29]", "group_pop": 3, "init_part_assignment": 0, "id": 25}, {"graph": null, "nnodes": 3, "nedges": 2, "density": 0.6666666666666666, "atomics": "[17, 5, 6]", "group_pop": 3, "init_part_assignment": 2, "id": 26}, {"graph": null, "nnodes": 3, "nedges": 2, "density": 0.6666666666666666, "atomics": "[80, 68, 69]", "group_pop": 3, "init_part_assignment": 10, "id": 27}, {"graph": null, "nnodes": 3, "nedges": 2, "density": 0.6666666666666666, "atomics": "[81, 93, 94]", "group_pop": 3, "init_part_assignment": 11, "id": 28}, {"graph": null, "nnodes": 3, "nedges": 2, "density": 0.6666666666666666, "atomics": "[27, 14, 15]", "group_pop": 3, "init_part_assignment": 0, "id": 29}, {"graph": null, "nnodes": 3, "nedges": 2, "density": 0.6666666666666666, "atomics": "[18, 19, 7]", "group_pop": 3, "init_part_assignment": 2, "id": 30}, {"graph": null, "nnodes": 3, "nedges": 2, "density": 0.6666666666666666, "atomics": "[50, 38, 39]", "group_pop": 3, "init_part_assignment": 3, "id": 31}, {"graph": null, "nnodes": 3, "nedges": 2, "density": 0.6666666666666666, "atomics": "[82, 83, 95]", "group_pop": 3, "init_part_assignment": 11, "id": 32}, {"graph": null, "nnodes": 3, "nedges": 2, "density": 0.6666666666666666, "atomics": "[58, 70, 71]", "group_pop": 3, "init_part_assignment": 5, "id": 33}, {"graph": null, "nnodes": 3, "nedges": 2, "density": 0.6666666666666666, "atomics": "[73, 84, 85]", "group_pop": 3, "init_part_assignment": 7, "id": 34}, {"graph": null, "nnodes": 3, "nedges": 2, "density": 0.6666666666666666, "atomics": "[49, 61, 62]", "group_pop": 3, "init_part_assignment": 7, "id": 35}, {"graph": null, "nnodes": 3, "nedges": 2, "density": 0.6666666666666666, "atomics": "[56, 57, 55]", "group_pop": 3, "init_part_assignment": 5, "id": 36}, {"graph": null, "nnodes": 3, "nedges": 2, "density": 0.6666666666666666, "atomics": "[24, 36, 12]", "group_pop": 3, "init_part_assignment": 3, "id": 37}, {"graph": null, "nnodes": 3, "nedges": 2, "density": 0.6666666666666666, "atomics": "[25, 26, 37]", "group_pop": 3, "init_part_assignment": 3, "id": 38}, {"graph": null, "nnodes": 3, "nedges": 2, "density": 0.6666666666666666, "atomics": "[43, 44, 45]", "group_pop": 3, "init_part_assignment": 5, "id": 39}, {"graph": null, "nnodes": 3, "nedges": 2, "density": 0.6666666666666666, "atomics": "[74, 75, 76]", "group_pop": 3, "init_part_assignment": 9, "id": 40}, {"graph": null, "nnodes": 3, "nedges": 2, "density": 0.6666666666666666, "atomics": "[99, 86, 87]", "group_pop": 3, "init_part_assignment": 8, "id": 41}, {"graph": null, "nnodes": 3, "nedges": 2, "density": 0.6666666666666666, "atomics": "[96, 97, 98]", "group_pop": 3, "init_part_assignment": 8, "id": 42}, {"graph": null, "nnodes": 3, "nedges": 2, "density": 0.6666666666666666, "atomics": "[8, 9, 20]", "group_pop": 3, "init_part_assignment": 4, "id": 43}, {"graph": null, "nnodes": 3, "nedges": 2, "density": 0.6666666666666666, "atomics": "[42, 30, 31]", "group_pop": 3, "init_part_assignment": 2, "id": 44}, {"graph": null, "nnodes": 3, "nedges": 2, "density": 0.6666666666666666, "atomics": "[65, 53, 77]", "group_pop": 3, "init_part_assignment": 9, "id": 45}, {"graph": null, "nnodes": 3, "nedges": 2, "density": 0.6666666666666666, "atomics": "[64, 51, 63]", "group_pop": 3, "init_part_assignment": 7, "id": 46}, {"graph": null, "nnodes": 3, "nedges": 2, "density": 0.6666666666666666, "atomics": "[40, 41, 52]", "group_pop": 3, "init_part_assignment": 0, "id": 47}], "adjacency": [[{"weight": 1, "random_weight": 0.5510868062328301, "id": 8}, {"weight": 2, "random_weight": 0.5134639485657901, "id": 14}, {"weight": 1, "random_weight": 0.7823679300276747, "id": 21}, {"weight": 1, "random_weight": 0.9787758765380314, "id": 24}], [{"weight": 2, "random_weight": 0.20422292486985538, "id": 2}, {"weight": 2, "random_weight": 0.6432375534488662, "id": 12}, {"weight": 3, "random_weight": 0.9821540050851811, "id": 43}], [{"weight": 2, "random_weight": 0.20422292486985538, "id": 1}, {"weight": 1, "random_weight": 0.9310604552186337, "id": 12}, {"weight": 1, "random_weight": 0.7027858684885118, "id": 13}], [{"weight": 2, "random_weight": 0.7569181723717999, "id": 4}, {"weight": 1, "random_weight": 0.8169915045807435, "id": 9}, {"weight": 2, "random_weight": 0.026420103190448296, "id": 19}, {"weight": 1, "random_weight": 0.0482555051614495, "id": 24}, {"weight": 2, "random_weight": 0.8094856498058606, "id": 45}], [{"weight": 2, "random_weight": 0.7569181723717999, "id": 3}, {"weight": 2, "random_weight": 0.8929737337252752, "id": 5}, {"weight": 1, "random_weight": 0.5056509647827817, "id": 24}, {"weight": 1, "random_weight": 0.3698233262091055, "id": 40}, {"weight": 2, "random_weight": 0.9736893090318907, "id": 41}], [{"weight": 2, "random_weight": 0.8929737337252752, "id": 4}, {"weight": 1, "random_weight": 0.8167559975707254, "id": 17}, {"weight": 1, "random_weight": 0.7659567310462612, "id": 20}, {"weight": 2, "random_weight": 0.15006412243896228, "id": 21}, {"weight": 1, "random_weight": 0.08569688865886527, "id": 24}, {"weight": 1, "random_weight": 0.9718029072713067, "id": 41}], [{"weight": 2, "random_weight": 0.5492460964977707, "id": 7}, {"weight": 3, "random_weight": 0.3019002580089033, "id": 8}], [{"weight": 2, "random_weight": 0.5492460964977707, "id": 6}, {"weight": 3, "random_weight": 0.03027420923594082, "id": 22}, {"weight": 1, "random_weight": 0.8285212725729671, "id": 32}], [{"weight": 1, "random_weight": 0.5510868062328301, "id": 0}, {"weight": 3, "random_weight": 0.3019002580089033, "id": 6}, {"weight": 1, "random_weight": 0.8152760906246748, "id": 14}, {"weight": 1, "random_weight": 0.5339644591331602, "id": 22}], [{"weight": 1, "random_weight": 0.8169915045807435, "id": 3}, {"weight": 1, "random_weight": 0.3364337981441584, "id": 19}, {"weight": 1, "random_weight": 0.8650120171806683, "id": 27}, {"weight": 2, "random_weight": 0.6125144415898569, "id": 36}, {"weight": 1, "random_weight": 0.06818413650647626, "id": 44}, {"weight": 2, "random_weight": 0.8882049176702406, "id": 45}], [{"weight": 1, "random_weight": 0.7334414562123125, "id": 11}, {"weight": 1, "random_weight": 0.7576226840603724, "id": 29}, {"weight": 2, "random_weight": 0.8163173685923831, "id": 37}, {"weight": 1, "random_weight": 0.12588929864636333, "id": 38}], [{"weight": 1, "random_weight": 0.7334414562123125, "id": 10}, {"weight": 1, "random_weight": 0.28188437036354785, "id": 25}, {"weight": 1, "random_weight": 0.9048597524640271, "id": 26}, {"weight": 2, "random_weight": 0.7557837847716066, "id": 29}], [{"weight": 2, "random_weight": 0.6432375534488662, "id": 1}, {"weight": 1, "random_weight": 0.9310604552186337, "id": 2}, {"weight": 1, "random_weight": 0.900369205419784, "id": 13}, {"weight": 2, "random_weight": 0.8630348409529405, "id": 39}, {"weight": 1, "random_weight": 0.3115453288851514, "id": 43}, {"weight": 1, "random_weight": 0.3411679493938873, "id": 44}], [{"weight": 1, "random_weight": 0.7027858684885118, "id": 2}, {"weight": 1, "random_weight": 0.900369205419784, "id": 12}, {"weight": 3, "random_weight": 0.25214540522647466, "id": 33}, {"weight": 1, "random_weight": 0.09009805214017197, "id": 39}], [{"weight": 2, "random_weight": 0.5134639485657901, "id": 0}, {"weight": 1, "random_weight": 0.8152760906246748, "id": 8}, {"weight": 2, "random_weight": 0.7780149015246802, "id": 18}, {"weight": 1, "random_weight": 0.8230505642942558, "id": 19}, {"weight": 2, "random_weight": 0.814433274536761, "id": 24}], [{"weight": 3, "random_weight": 0.0075317922470640175, "id": 16}, {"weight": 1, "random_weight": 0.608737938393107, "id": 42}], [{"weight": 3, "random_weight": 0.0075317922470640175, "id": 15}, {"weight": 3, "random_weight": 0.7951678569439103, "id": 17}, {"weight": 1, "random_weight": 0.24567936949456837, "id": 42}], [{"weight": 1, "random_weight": 0.8167559975707254, "id": 5}, {"weight": 3, "random_weight": 0.7951678569439103, "id": 16}, {"weight": 2, "random_weight": 0.3781817993053953, "id": 20}, {"weight": 1, "random_weight": 0.8625131887107497, "id": 42}], [{"weight": 2, "random_weight": 0.7780149015246802, "id": 14}, {"weight": 2, "random_weight": 0.44069148653220036, "id": 19}, {"weight": 2, "random_weight": 0.7438741711763698, "id": 22}, {"weight": 1, "random_weight": 0.6170617764970182, "id": 27}, {"weight": 1, "random_weight": 0.8230866391444078, "id": 28}], [{"weight": 2, "random_weight": 0.026420103190448296, "id": 3}, {"weight": 1, "random_weight": 0.3364337981441584, "id": 9}, {"weight": 1, "random_weight": 0.8230505642942558, "id": 14}, {"weight": 2, "random_weight": 0.44069148653220036, "id": 18}, {"weight": 1, "random_weight": 0.6254772019416095, "id": 24}, {"weight": 1, "random_weight": 0.38738570200907085, "id": 27}], [{"weight": 1, "random_weight": 0.7659567310462612, "id": 5}, {"weight": 2, "random_weight": 0.3781817993053953, "id": 17}, {"weight": 3, "random_weight": 0.7409668302032507, "id": 21}], [{"weight": 1, "random_weight": 0.7823679300276747, "id": 0}, {"weight": 2, "random_weight": 0.15006412243896228, "id": 5}, {"weight": 3, "random_weight": 0.7409668302032507, "id": 20}, {"weight": 1, "random_weight": 0.5348102969597794, "id": 24}], [{"weight": 3, "random_weight": 0.03027420923594082, "id": 7}, {"weight": 1, "random_weight": 0.5339644591331602, "id": 8}, {"weight": 2, "random_weight": 0.7438741711763698, "id": 18}, {"weight": 2, "random_weight": 0.280376434151269, "id": 28}], [{"weight": 2, "random_weight": 0.7257942140195259, "id": 34}, {"weight": 2, "random_weight": 0.2821466326893316, "id": 35}, {"weight": 1, "random_weight": 0.9160410607949956, "id": 37}], [{"weight": 1, "random_weight": 0.9787758765380314, "id": 0}, {"weight": 1, "random_weight": 0.0482555051614495, "id": 3}, {"weight": 1, "random_weight": 0.5056509647827817, "id": 4}, {"weight": 1, "random_weight": 0.08569688865886527, "id": 5}, {"weight": 2, "random_weight": 0.814433274536761, "id": 14}, {"weight": 1, "random_weight": 0.6254772019416095, "id": 19}, {"weight": 1, "random_weight": 0.5348102969597794, "id": 21}], [{"weight": 1, "random_weight": 0.28188437036354785, "id": 11}, {"weight": 2, "random_weight": 0.9702179736771501, "id": 26}, {"weight": 2, "random_weight": 0.18970522189019123, "id": 29}, {"weight": 1, "random_weight": 0.0005956548115295668, "id": 44}, {"weight": 2, "random_weight": 0.026781706273589334, "id": 47}], [{"weight": 1, "random_weight": 0.9048597524640271, "id": 11}, {"weight": 2, "random_weight": 0.9702179736771501, "id": 25}, {"weight": 3, "random_weight": 0.5045114063513536, "id": 30}], [{"weight": 1, "random_weight": 0.8650120171806683, "id": 9}, {"weight": 1, "random_weight": 0.6170617764970182, "id": 18}, {"weight": 1, "random_weight": 0.38738570200907085, "id": 19}, {"weight": 2, "random_weight": 0.437601201595348, "id": 28}, {"weight": 1, "random_weight": 0.5685809475975602, "id": 33}, {"weight": 2, "random_weight": 0.8881854740558737, "id": 36}], [{"weight": 1, "random_weight": 0.8230866391444078, "id": 18}, {"weight": 2, "random_weight": 0.280376434151269, "id": 22}, {"weight": 2, "random_weight": 0.437601201595348, "id": 27}, {"weight": 3, "random_weight": 0.7351942944233658, "id": 32}], [{"weight": 1, "random_weight": 0.7576226840603724, "id": 10}, {"weight": 2, "random_weight": 0.7557837847716066, "id": 11}, {"weight": 2, "random_weight": 0.18970522189019123, "id": 25}, {"weight": 1, "random_weight": 0.6951256778777459, "id": 31}, {"weight": 2, "random_weight": 0.9320081768380352, "id": 38}], [{"weight": 3, "random_weight": 0.5045114063513536, "id": 26}, {"weight": 2, "random_weight": 0.5916610035690243, "id": 43}, {"weight": 2, "random_weight": 0.260431568038596, "id": 44}], [{"weight": 1, "random_weight": 0.6951256778777459, "id": 29}, {"weight": 2, "random_weight": 0.8852229011020548, "id": 35}, {"weight": 2, "random_weight": 0.11852861408929627, "id": 38}, {"weight": 2, "random_weight": 0.19798000385662706, "id": 46}, {"weight": 1, "random_weight": 0.8804592914884883, "id": 47}], [{"weight": 1, "random_weight": 0.8285212725729671, "id": 7}, {"weight": 3, "random_weight": 0.7351942944233658, "id": 28}, {"weight": 2, "random_weight": 0.9942134856445859, "id": 33}], [{"weight": 3, "random_weight": 0.25214540522647466, "id": 13}, {"weight": 1, "random_weight": 0.5685809475975602, "id": 27}, {"weight": 2, "random_weight": 0.9942134856445859, "id": 32}, {"weight": 1, "random_weight": 0.2446739978557818, "id": 36}], [{"weight": 2, "random_weight": 0.7257942140195259, "id": 23}, {"weight": 1, "random_weight": 0.37250565808232194, "id": 35}, {"weight": 1, "random_weight": 0.5831130024972622, "id": 40}, {"weight": 1, "random_weight": 0.6046059955769727, "id": 41}, {"weight": 2, "random_weight": 0.7873455229661737, "id": 42}], [{"weight": 2, "random_weight": 0.2821466326893316, "id": 23}, {"weight": 2, "random_weight": 0.8852229011020548, "id": 31}, {"weight": 1, "random_weight": 0.37250565808232194, "id": 34}, {"weight": 1, "random_weight": 0.8597370402086207, "id": 38}, {"weight": 1, "random_weight": 0.008514713490579084, "id": 40}, {"weight": 1, "random_weight": 0.4142618572433461, "id": 46}], [{"weight": 2, "random_weight": 0.6125144415898569, "id": 9}, {"weight": 2, "random_weight": 0.8881854740558737, "id": 27}, {"weight": 1, "random_weight": 0.2446739978557818, "id": 33}, {"weight": 3, "random_weight": 0.09537012608393125, "id": 39}], [{"weight": 2, "random_weight": 0.8163173685923831, "id": 10}, {"weight": 1, "random_weight": 0.9160410607949956, "id": 23}, {"weight": 2, "random_weight": 0.6029801444239233, "id": 38}], [{"weight": 1, "random_weight": 0.12588929864636333, "id": 10}, {"weight": 2, "random_weight": 0.9320081768380352, "id": 29}, {"weight": 2, "random_weight": 0.11852861408929627, "id": 31}, {"weight": 1, "random_weight": 0.8597370402086207, "id": 35}, {"weight": 2, "random_weight": 0.6029801444239233, "id": 37}], [{"weight": 2, "random_weight": 0.8630348409529405, "id": 12}, {"weight": 1, "random_weight": 0.09009805214017197, "id": 13}, {"weight": 3, "random_weight": 0.09537012608393125, "id": 36}, {"weight": 2, "random_weight": 0.26446077597518036, "id": 44}], [{"weight": 1, "random_weight": 0.3698233262091055, "id": 4}, {"weight": 1, "random_weight": 0.5831130024972622, "id": 34}, {"weight": 1, "random_weight": 0.008514713490579084, "id": 35}, {"weight": 2, "random_weight": 0.5938745893661732, "id": 41}, {"weight": 1, "random_weight": 0.06439515851712108, "id": 45}, {"weight": 2, "random_weight": 0.43597595398173494, "id": 46}], [{"weight": 2, "random_weight": 0.9736893090318907, "id": 4}, {"weight": 1, "random_weight": 0.9718029072713067, "id": 5}, {"weight": 1, "random_weight": 0.6046059955769727, "id": 34}, {"weight": 2, "random_weight": 0.5938745893661732, "id": 40}, {"weight": 2, "random_weight": 0.07905782827222474, "id": 42}], [{"weight": 1, "random_weight": 0.608737938393107, "id": 15}, {"weight": 1, "random_weight": 0.24567936949456837, "id": 16}, {"weight": 1, "random_weight": 0.8625131887107497, "id": 17}, {"weight": 2, "random_weight": 0.7873455229661737, "id": 34}, {"weight": 2, "random_weight": 0.07905782827222474, "id": 41}], [{"weight": 3, "random_weight": 0.9821540050851811, "id": 1}, {"weight": 1, "random_weight": 0.3115453288851514, "id": 12}, {"weight": 2, "random_weight": 0.5916610035690243, "id": 30}], [{"weight": 1, "random_weight": 0.06818413650647626, "id": 9}, {"weight": 1, "random_weight": 0.3411679493938873, "id": 12}, {"weight": 1, "random_weight": 0.0005956548115295668, "id": 25}, {"weight": 2, "random_weight": 0.260431568038596, "id": 30}, {"weight": 2, "random_weight": 0.26446077597518036, "id": 39}, {"weight": 1, "random_weight": 0.5850779282785115, "id": 47}], [{"weight": 2, "random_weight": 0.8094856498058606, "id": 3}, {"weight": 2, "random_weight": 0.8882049176702406, "id": 9}, {"weight": 1, "random_weight": 0.06439515851712108, "id": 40}, {"weight": 1, "random_weight": 0.7153628152746218, "id": 46}, {"weight": 2, "random_weight": 0.7890635007496021, "id": 47}], [{"weight": 2, "random_weight": 0.19798000385662706, "id": 31}, {"weight": 1, "random_weight": 0.4142618572433461, "id": 35}, {"weight": 2, "random_weight": 0.43597595398173494, "id": 40}, {"weight": 1, "random_weight": 0.7153628152746218, "id": 45}, {"weight": 2, "random_weight": 0.5525280026114306, "id": 47}], [{"weight": 2, "random_weight": 0.026781706273589334, "id": 25}, {"weight": 1, "random_weight": 0.8804592914884883, "id": 31}, {"weight": 1, "random_weight": 0.5850779282785115, "id": 44}, {"weight": 2, "random_weight": 0.7890635007496021, "id": 45}, {"weight": 2, "random_weight": 0.5525280026114306, "id": 46}]]}