{"directed": false, "multigraph": false, "graph": [], "nodes": [{"graph": null, "nnodes": 3, "nedges": 2, "density": 0.6666666666666666, "atomics": "[136, 137, 138]", "group_pop": 3, "init_part_assignment": 3, "id": 0}, {"graph": null, "nnodes": 3, "nedges": 2, "density": 0.6666666666666666, "atomics": "[128, 139, 140]", "group_pop": 3, "init_part_assignment": 7, "id": 1}, {"graph": null, "nnodes": 3, "nedges": 2, "density": 0.6666666666666666, "atomics": "[9, 10, 22]", "group_pop": 3, "init_part_assignment": 11, "id": 2}, {"graph": null, "nnodes": 3, "nedges": 2, "density": 0.6666666666666666, "atomics": "[11, 35, 23]", "group_pop": 3, "init_part_assignment": 11, "id": 3}, {"graph": null, "nnodes": 3, "nedges": 2, "density": 0.6666666666666666, "atomics": "[89, 90, 77]", "group_pop": 3, "init_part_assignment": 1, "id": 4}, {"graph": null, "nnodes": 3, "nedges": 2, "density": 0.6666666666666666, "atomics": "[100, 101, 102]", "group_pop": 3, "init_part_assignment": 1, "id": 5}, {"graph": null, "nnodes": 3, "nedges": 2, "density": 0.6666666666666666, "atomics": "[113, 114, 125]", "group_pop": 3, "init_part_assignment": 3, "id": 6}, {"graph": null, "nnodes": 3, "nedges": 2, "density": 0.6666666666666666, "atomics": "[131, 118, 119]", "group_pop": 3, "init_part_assignment": 8, "id": 7}, {"graph": null, "nnodes": 3, "nedges": 2, "density": 0.6666666666666666, "atomics": "[130, 142, 143]", "group_pop": 3, "init_part_assignment": 8, "id": 8}, {"graph": null, "nnodes": 3, "nedges": 2, "density": 0.6666666666666666, "atomics": "[129, 117, 141]", "group_pop": 3, "init_part_assignment": 8, "id": 9}, {"graph": null, "nnodes": 3, "nedges": 2, "density": 0.6666666666666666, "atomics": "[66, 67, 78]", "group_pop": 3, "init_part_assignment": 1, "id": 10}, {"graph": null, "nnodes": 3, "nedges": 2, "density": 0.6666666666666666, "atomics": "[43, 54, 55]", "group_pop": 3, "init_part_assignment": 2, "id": 11}, {"graph": null, "nnodes": 3, "nedges": 2, "density": 0.6666666666666666, "atomics": "[0, 1, 2]", "group_pop": 3, "init_part_assignment": 5, "id": 12}, {"graph": null, "nnodes": 3, "nedges": 2, "density": 0.6666666666666666, "atomics": "[33, 34, 45]", "group_pop": 3, "init_part_assignment": 11, "id": 13}, {"graph": null, "nnodes": 3, "nedges": 2, "density": 0.6666666666666666, "atomics": "[59, 46, 47]", "group_pop": 3, "init_part_assignment": 11, "id": 14}, {"graph": null, "nnodes": 3, "nedges": 2, "density": 0.6666666666666666, "atomics": "[115, 126, 127]", "group_pop": 3, "init_part_assignment": 7, "id": 15}, {"graph": null, "nnodes": 3, "nedges": 2, "density": 0.6666666666666666, "atomics": "[132, 133, 134]", "group_pop": 3, "init_part_assignment": 3, "id": 16}, {"graph": null, "nnodes": 3, "nedges": 2, "density": 0.6666666666666666, "atomics": "[104, 105, 116]", "group_pop": 3, "init_part_assignment": 7, "id": 17}, {"graph": null, "nnodes": 3, "nedges": 2, "density": 0.6666666666666666, "atomics": "[91, 103, 79]", "group_pop": 3, "init_part_assignment": 7, "id": 18}, {"graph": null, "nnodes": 3, "nedges": 2, "density": 0.6666666666666666, "atomics": "[81, 92, 93]", "group_pop": 3, "init_part_assignment": 9, "id": 19}, {"graph": null, "nnodes": 3, "nedges": 2, "density": 0.6666666666666666, "atomics": "[123, 124, 135]", "group_pop": 3, "init_part_assignment": 3, "id": 20}, {"graph": null, "nnodes": 3, "nedges": 2, "density": 0.6666666666666666, "atomics": "[72, 73, 61]", "group_pop": 3, "init_part_assignment": 4, "id": 21}, {"graph": null, "nnodes": 3, "nedges": 2, "density": 0.6666666666666666, "atomics": "[48, 60, 36]", "group_pop": 3, "init_part_assignment": 5, "id": 22}, {"graph": null, "nnodes": 3, "nedges": 2, "density": 0.6666666666666666, "atomics": "[106, 107, 94]", "group_pop": 3, "init_part_assignment": 8, "id": 23}, {"graph": null, "nnodes": 3, "nedges": 2, "density": 0.6666666666666666, "atomics": "[16, 17, 18]", "group_pop": 3, "init_part_assignment": 6, "id": 24}, {"graph": null, "nnodes": 3, "nedges": 2, "density": 0.6666666666666666, "atomics": "[4, 5, 6]", "group_pop": 3, "init_part_assignment": 6, "id": 25}, {"graph": null, "nnodes": 3, "nedges": 2, "density": 0.6666666666666666, "atomics": "[80, 68, 69]", "group_pop": 3, "init_part_assignment": 1, "id": 26}, {"graph": null, "nnodes": 3, "nedges": 2, "density": 0.6666666666666666, "atomics": "[3, 14, 15]", "group_pop": 3, "init_part_assignment": 6, "id": 27}, {"graph": null, "nnodes": 3, "nedges": 2, "density": 0.6666666666666666, "atomics": "[120, 121, 109]", "group_pop": 3, "init_part_assignment": 0, "id": 28}, {"graph": null, "nnodes": 3, "nedges": 2, "density": 0.6666666666666666, "atomics": "[8, 19, 7]", "group_pop": 3, "init_part_assignment": 6, "id": 29}, {"graph": null, "nnodes": 3, "nedges": 2, "density": 0.6666666666666666, "atomics": "[40, 41, 29]", "group_pop": 3, "init_part_assignment": 10, "id": 30}, {"graph": null, "nnodes": 3, "nedges": 2, "density": 0.6666666666666666, "atomics": "[26, 27, 28]", "group_pop": 3, "init_part_assignment": 10, "id": 31}, {"graph": null, "nnodes": 3, "nedges": 2, "density": 0.6666666666666666, "atomics": "[50, 38, 39]", "group_pop": 3, "init_part_assignment": 4, "id": 32}, {"graph": null, "nnodes": 3, "nedges": 2, "density": 0.6666666666666666, "atomics": "[82, 83, 95]", "group_pop": 3, "init_part_assignment": 9, "id": 33}, {"graph": null, "nnodes": 3, "nedges": 2, "density": 0.6666666666666666, "atomics": "[58, 70, 71]", "group_pop": 3, "init_part_assignment": 9, "id": 34}, {"graph": null, "nnodes": 3, "nedges": 2, "density": 0.6666666666666666, "atomics": "[49, 37, 25]", "group_pop": 3, "init_part_assignment": 5, "id": 35}, {"graph": null, "nnodes": 3, "nedges": 2, "density": 0.6666666666666666, "atomics": "[56, 57, 44]", "group_pop": 3, "init_part_assignment": 9, "id": 36}, {"graph": null, "nnodes": 3, "nedges": 2, "density": 0.6666666666666666, "atomics": "[24, 12, 13]", "group_pop": 3, "init_part_assignment": 5, "id": 37}, {"graph": null, "nnodes": 3, "nedges": 2, "density": 0.6666666666666666, "atomics": "[74, 75, 62]", "group_pop": 3, "init_part_assignment": 4, "id": 38}, {"graph": null, "nnodes": 3, "nedges": 2, "density": 0.6666666666666666, "atomics": "[84, 85, 86]", "group_pop": 3, "init_part_assignment": 4, "id": 39}, {"graph": null, "nnodes": 3, "nedges": 2, "density": 0.6666666666666666, "atomics": "[122, 110, 98]", "group_pop": 3, "init_part_assignment": 0, "id": 40}, {"graph": null, "nnodes": 3, "nedges": 2, "density": 0.6666666666666666, "atomics": "[96, 97, 108]", "group_pop": 3, "init_part_assignment": 0, "id": 41}, {"graph": null, "nnodes": 3, "nedges": 2, "density": 0.6666666666666666, "atomics": "[32, 20, 21]", "group_pop": 3, "init_part_assignment": 10, "id": 42}, {"graph": null, "nnodes": 3, "nedges": 2, "density": 0.6666666666666666, "atomics": "[42, 30, 31]", "group_pop": 3, "init_part_assignment": 10, "id": 43}, {"graph": null, "nnodes": 3, "nedges": 2, "density": 0.6666666666666666, "atomics": "[64, 65, 53]", "group_pop": 3, "init_part_assignment": 2, "id": 44}, {"graph": null, "nnodes": 3, "nedges": 2, "density": 0.6666666666666666, "atomics": "[112, 99, 111]", "group_pop": 3, "init_part_assignment": 0, "id": 45}, {"graph": null, "nnodes": 3, "nedges": 2, "density": 0.6666666666666666, "atomics": "[88, 76, 87]", "group_pop": 3, "init_part_assignment": 2, "id": 46}, {"graph": null, "nnodes": 3, "nedges": 2, "density": 0.6666666666666666, "atomics": "[51, 52, 63]", "group_pop": 3, "init_part_assignment": 2, "id": 47}], "adjacency": [[{"weight": 1, "random_weight": 0.9994262854220644, "id": 1}, {"weight": 1, "random_weight": 0.7595355097084594, "id": 6}, {"weight": 1, "random_weight": 0.8438600840138603, "id": 15}, {"weight": 2, "random_weight": 0.32985291311747267, "id": 20}], [{"weight": 1, "random_weight": 0.9994262854220644, "id": 0}, {"weight": 2, "random_weight": 0.8452146032125917, "id": 9}, {"weight": 2, "random_weight": 0.00492062614473765, "id": 15}, {"weight": 1, "random_weight": 0.24986751545085661, "id": 17}], [{"weight": 2, "random_weight": 0.4792217880112505, "id": 3}, {"weight": 1, "random_weight": 0.31896115090231003, "id": 13}, {"weight": 1, "random_weight": 0.40952277041765817, "id": 29}, {"weight": 2, "random_weight": 0.30493509810501773, "id": 42}], [{"weight": 2, "random_weight": 0.4792217880112505, "id": 2}, {"weight": 1, "random_weight": 0.6023938372074812, "id": 13}, {"weight": 1, "random_weight": 0.4161852969853811, "id": 14}], [{"weight": 2, "random_weight": 0.44622956875219977, "id": 5}, {"weight": 2, "random_weight": 0.2429135911756235, "id": 10}, {"weight": 1, "random_weight": 0.8791503055473914, "id": 18}, {"weight": 1, "random_weight": 0.8647293912968316, "id": 44}, {"weight": 2, "random_weight": 0.7192195183967417, "id": 46}], [{"weight": 2, "random_weight": 0.44622956875219977, "id": 4}, {"weight": 2, "random_weight": 0.8208197433564413, "id": 6}, {"weight": 1, "random_weight": 0.6838673761611443, "id": 18}, {"weight": 2, "random_weight": 0.9896962428086353, "id": 45}, {"weight": 1, "random_weight": 0.9616443984137228, "id": 46}], [{"weight": 1, "random_weight": 0.7595355097084594, "id": 0}, {"weight": 2, "random_weight": 0.8208197433564413, "id": 5}, {"weight": 3, "random_weight": 0.9708725482190497, "id": 15}, {"weight": 1, "random_weight": 0.16213357649131788, "id": 20}, {"weight": 1, "random_weight": 0.7829932575070311, "id": 45}], [{"weight": 3, "random_weight": 0.07928370856861555, "id": 8}, {"weight": 1, "random_weight": 0.03656193030390509, "id": 9}, {"weight": 2, "random_weight": 0.6932114140457614, "id": 23}], [{"weight": 3, "random_weight": 0.07928370856861555, "id": 7}, {"weight": 2, "random_weight": 0.44500647902940293, "id": 9}], [{"weight": 2, "random_weight": 0.8452146032125917, "id": 1}, {"weight": 1, "random_weight": 0.03656193030390509, "id": 7}, {"weight": 2, "random_weight": 0.44500647902940293, "id": 8}, {"weight": 2, "random_weight": 0.769833752341781, "id": 17}], [{"weight": 2, "random_weight": 0.2429135911756235, "id": 4}, {"weight": 2, "random_weight": 0.3080158049660989, "id": 11}, {"weight": 2, "random_weight": 0.8481762851634774, "id": 18}, {"weight": 1, "random_weight": 0.3176255913356263, "id": 26}, {"weight": 1, "random_weight": 0.8461451855738882, "id": 44}], [{"weight": 2, "random_weight": 0.3080158049660989, "id": 10}, {"weight": 2, "random_weight": 0.8276561484550555, "id": 36}, {"weight": 3, "random_weight": 0.7274068386988395, "id": 43}, {"weight": 1, "random_weight": 0.04235259803849423, "id": 44}], [{"weight": 2, "random_weight": 0.3416102133776999, "id": 27}, {"weight": 2, "random_weight": 0.3207075003253136, "id": 37}], [{"weight": 1, "random_weight": 0.31896115090231003, "id": 2}, {"weight": 1, "random_weight": 0.6023938372074812, "id": 3}, {"weight": 2, "random_weight": 0.7956368358114315, "id": 14}, {"weight": 2, "random_weight": 0.48186619827701394, "id": 36}, {"weight": 2, "random_weight": 0.5411102836041721, "id": 42}], [{"weight": 1, "random_weight": 0.4161852969853811, "id": 3}, {"weight": 2, "random_weight": 0.7956368358114315, "id": 13}, {"weight": 3, "random_weight": 0.9280875495576101, "id": 34}], [{"weight": 1, "random_weight": 0.8438600840138603, "id": 0}, {"weight": 2, "random_weight": 0.00492062614473765, "id": 1}, {"weight": 3, "random_weight": 0.9708725482190497, "id": 6}, {"weight": 1, "random_weight": 0.05569909480981494, "id": 17}, {"weight": 1, "random_weight": 0.7538334125654674, "id": 18}], [{"weight": 1, "random_weight": 0.9958348717669311, "id": 20}, {"weight": 2, "random_weight": 0.8450149139944721, "id": 28}, {"weight": 1, "random_weight": 0.6997062340219772, "id": 40}], [{"weight": 1, "random_weight": 0.24986751545085661, "id": 1}, {"weight": 2, "random_weight": 0.769833752341781, "id": 9}, {"weight": 1, "random_weight": 0.05569909480981494, "id": 15}, {"weight": 1, "random_weight": 0.1900304978883115, "id": 18}, {"weight": 2, "random_weight": 0.18090696565053732, "id": 19}, {"weight": 1, "random_weight": 0.29862968443048543, "id": 23}], [{"weight": 1, "random_weight": 0.8791503055473914, "id": 4}, {"weight": 1, "random_weight": 0.6838673761611443, "id": 5}, {"weight": 2, "random_weight": 0.8481762851634774, "id": 10}, {"weight": 1, "random_weight": 0.7538334125654674, "id": 15}, {"weight": 1, "random_weight": 0.1900304978883115, "id": 17}, {"weight": 1, "random_weight": 0.8468313204602061, "id": 19}, {"weight": 1, "random_weight": 0.5034765679818513, "id": 26}], [{"weight": 2, "random_weight": 0.18090696565053732, "id": 17}, {"weight": 1, "random_weight": 0.8468313204602061, "id": 18}, {"weight": 1, "random_weight": 0.7345482071281628, "id": 23}, {"weight": 3, "random_weight": 0.7815245056080719, "id": 26}, {"weight": 1, "random_weight": 0.39656659113635195, "id": 33}], [{"weight": 2, "random_weight": 0.32985291311747267, "id": 0}, {"weight": 1, "random_weight": 0.16213357649131788, "id": 6}, {"weight": 1, "random_weight": 0.9958348717669311, "id": 16}, {"weight": 1, "random_weight": 0.985663910644991, "id": 40}, {"weight": 2, "random_weight": 0.9783967062895015, "id": 45}], [{"weight": 2, "random_weight": 0.865617185395105, "id": 22}, {"weight": 1, "random_weight": 0.8499769010395947, "id": 35}, {"weight": 2, "random_weight": 0.08059683056917244, "id": 38}, {"weight": 2, "random_weight": 0.8437598534282073, "id": 39}], [{"weight": 2, "random_weight": 0.865617185395105, "id": 21}, {"weight": 2, "random_weight": 0.5446160342084827, "id": 35}, {"weight": 1, "random_weight": 0.8628926331706889, "id": 37}], [{"weight": 2, "random_weight": 0.6932114140457614, "id": 7}, {"weight": 1, "random_weight": 0.29862968443048543, "id": 17}, {"weight": 1, "random_weight": 0.7345482071281628, "id": 19}, {"weight": 3, "random_weight": 0.8379902281283438, "id": 33}], [{"weight": 3, "random_weight": 0.5687465855576269, "id": 25}, {"weight": 1, "random_weight": 0.29285012043190817, "id": 27}, {"weight": 1, "random_weight": 0.22934555736906848, "id": 29}, {"weight": 1, "random_weight": 0.6740730864571157, "id": 30}, {"weight": 1, "random_weight": 0.8055752685976856, "id": 31}, {"weight": 1, "random_weight": 0.5893335053202631, "id": 43}], [{"weight": 3, "random_weight": 0.5687465855576269, "id": 24}, {"weight": 1, "random_weight": 0.73648766553703, "id": 27}, {"weight": 1, "random_weight": 0.4619116452900106, "id": 29}], [{"weight": 1, "random_weight": 0.3176255913356263, "id": 10}, {"weight": 1, "random_weight": 0.5034765679818513, "id": 18}, {"weight": 3, "random_weight": 0.7815245056080719, "id": 19}, {"weight": 1, "random_weight": 0.5422312580298791, "id": 34}, {"weight": 2, "random_weight": 0.5814388185432803, "id": 36}], [{"weight": 2, "random_weight": 0.3416102133776999, "id": 12}, {"weight": 1, "random_weight": 0.29285012043190817, "id": 24}, {"weight": 1, "random_weight": 0.73648766553703, "id": 25}, {"weight": 2, "random_weight": 0.4615568765902859, "id": 31}, {"weight": 1, "random_weight": 0.9514950395931502, "id": 37}], [{"weight": 2, "random_weight": 0.8450149139944721, "id": 16}, {"weight": 2, "random_weight": 0.3806807768709739, "id": 40}, {"weight": 3, "random_weight": 0.5483859381027762, "id": 41}], [{"weight": 1, "random_weight": 0.40952277041765817, "id": 2}, {"weight": 1, "random_weight": 0.22934555736906848, "id": 24}, {"weight": 1, "random_weight": 0.4619116452900106, "id": 25}, {"weight": 2, "random_weight": 0.621376695170242, "id": 42}, {"weight": 1, "random_weight": 0.1352905458172241, "id": 43}], [{"weight": 1, "random_weight": 0.6740730864571157, "id": 24}, {"weight": 2, "random_weight": 0.016057393763287187, "id": 31}, {"weight": 1, "random_weight": 0.6009836502606489, "id": 32}, {"weight": 2, "random_weight": 0.9363427475081227, "id": 43}, {"weight": 1, "random_weight": 0.9806761163155, "id": 44}, {"weight": 1, "random_weight": 0.9524605422374708, "id": 47}], [{"weight": 1, "random_weight": 0.8055752685976856, "id": 24}, {"weight": 2, "random_weight": 0.4615568765902859, "id": 27}, {"weight": 2, "random_weight": 0.016057393763287187, "id": 30}, {"weight": 2, "random_weight": 0.5690695460581443, "id": 32}, {"weight": 1, "random_weight": 0.5788257774139445, "id": 35}], [{"weight": 1, "random_weight": 0.6009836502606489, "id": 30}, {"weight": 2, "random_weight": 0.5690695460581443, "id": 31}, {"weight": 2, "random_weight": 0.09672619782281322, "id": 35}, {"weight": 1, "random_weight": 0.7443175363430924, "id": 38}, {"weight": 2, "random_weight": 0.1412553863129843, "id": 47}], [{"weight": 1, "random_weight": 0.39656659113635195, "id": 19}, {"weight": 3, "random_weight": 0.8379902281283438, "id": 23}, {"weight": 2, "random_weight": 0.7194271909180473, "id": 34}], [{"weight": 3, "random_weight": 0.9280875495576101, "id": 14}, {"weight": 1, "random_weight": 0.5422312580298791, "id": 26}, {"weight": 2, "random_weight": 0.7194271909180473, "id": 33}, {"weight": 1, "random_weight": 0.5624432953867016, "id": 36}], [{"weight": 1, "random_weight": 0.8499769010395947, "id": 21}, {"weight": 2, "random_weight": 0.5446160342084827, "id": 22}, {"weight": 1, "random_weight": 0.5788257774139445, "id": 31}, {"weight": 2, "random_weight": 0.09672619782281322, "id": 32}, {"weight": 2, "random_weight": 0.23055446599497398, "id": 37}], [{"weight": 2, "random_weight": 0.8276561484550555, "id": 11}, {"weight": 2, "random_weight": 0.48186619827701394, "id": 13}, {"weight": 2, "random_weight": 0.5814388185432803, "id": 26}, {"weight": 1, "random_weight": 0.5624432953867016, "id": 34}, {"weight": 1, "random_weight": 0.6172534827286166, "id": 42}], [{"weight": 2, "random_weight": 0.3207075003253136, "id": 12}, {"weight": 1, "random_weight": 0.8628926331706889, "id": 22}, {"weight": 1, "random_weight": 0.9514950395931502, "id": 27}, {"weight": 2, "random_weight": 0.23055446599497398, "id": 35}], [{"weight": 2, "random_weight": 0.08059683056917244, "id": 21}, {"weight": 1, "random_weight": 0.7443175363430924, "id": 32}, {"weight": 1, "random_weight": 0.9344160765579549, "id": 39}, {"weight": 2, "random_weight": 0.7405486708395329, "id": 46}, {"weight": 2, "random_weight": 0.8018640885059894, "id": 47}], [{"weight": 2, "random_weight": 0.8437598534282073, "id": 21}, {"weight": 1, "random_weight": 0.9344160765579549, "id": 38}, {"weight": 1, "random_weight": 0.7635162332810422, "id": 40}, {"weight": 2, "random_weight": 0.6619990517748255, "id": 41}, {"weight": 1, "random_weight": 0.8117726742115904, "id": 46}], [{"weight": 1, "random_weight": 0.6997062340219772, "id": 16}, {"weight": 1, "random_weight": 0.985663910644991, "id": 20}, {"weight": 2, "random_weight": 0.3806807768709739, "id": 28}, {"weight": 1, "random_weight": 0.7635162332810422, "id": 39}, {"weight": 1, "random_weight": 0.619308721000459, "id": 41}, {"weight": 2, "random_weight": 0.35270130417326806, "id": 45}], [{"weight": 3, "random_weight": 0.5483859381027762, "id": 28}, {"weight": 2, "random_weight": 0.6619990517748255, "id": 39}, {"weight": 1, "random_weight": 0.619308721000459, "id": 40}], [{"weight": 2, "random_weight": 0.30493509810501773, "id": 2}, {"weight": 2, "random_weight": 0.5411102836041721, "id": 13}, {"weight": 2, "random_weight": 0.621376695170242, "id": 29}, {"weight": 1, "random_weight": 0.6172534827286166, "id": 36}, {"weight": 1, "random_weight": 0.867031093374642, "id": 43}], [{"weight": 3, "random_weight": 0.7274068386988395, "id": 11}, {"weight": 1, "random_weight": 0.5893335053202631, "id": 24}, {"weight": 1, "random_weight": 0.1352905458172241, "id": 29}, {"weight": 2, "random_weight": 0.9363427475081227, "id": 30}, {"weight": 1, "random_weight": 0.867031093374642, "id": 42}], [{"weight": 1, "random_weight": 0.8647293912968316, "id": 4}, {"weight": 1, "random_weight": 0.8461451855738882, "id": 10}, {"weight": 1, "random_weight": 0.04235259803849423, "id": 11}, {"weight": 1, "random_weight": 0.9806761163155, "id": 30}, {"weight": 1, "random_weight": 0.22703086893444158, "id": 46}, {"weight": 3, "random_weight": 0.1162173340801037, "id": 47}], [{"weight": 2, "random_weight": 0.9896962428086353, "id": 5}, {"weight": 1, "random_weight": 0.7829932575070311, "id": 6}, {"weight": 2, "random_weight": 0.9783967062895015, "id": 20}, {"weight": 2, "random_weight": 0.35270130417326806, "id": 40}, {"weight": 1, "random_weight": 0.9789418647502585, "id": 46}], [{"weight": 2, "random_weight": 0.7192195183967417, "id": 4}, {"weight": 1, "random_weight": 0.9616443984137228, "id": 5}, {"weight": 2, "random_weight": 0.7405486708395329, "id": 38}, {"weight": 1, "random_weight": 0.8117726742115904, "id": 39}, {"weight": 1, "random_weight": 0.22703086893444158, "id": 44}, {"weight": 1, "random_weight": 0.9789418647502585, "id": 45}], [{"weight": 1, "random_weight": 0.9524605422374708, "id": 30}, {"weight": 2, "random_weight": 0.1412553863129843, "id": 32}, {"weight": 2, "random_weight": 0.8018640885059894, "id": 38}, {"weight": 3, "random_weight": 0.1162173340801037, "id": 44}]]}