{"directed": false, "multigraph": false, "graph": [], "nodes": [{"graph": null, "nnodes": 3, "nedges": 2, "density": 0.6666666666666666, "atomics": "[138, 139, 140]", "group_pop": 3, "init_part_assignment": 7, "id": 0}, {"graph": null, "nnodes": 3, "nedges": 2, "density": 0.6666666666666666, "atomics": "[10, 11, 23]", "group_pop": 3, "init_part_assignment": 1, "id": 1}, {"graph": null, "nnodes": 3, "nedges": 2, "density": 0.6666666666666666, "atomics": "[88, 89, 90]", "group_pop": 3, "init_part_assignment": 10, "id": 2}, {"graph": null, "nnodes": 3, "nedges": 2, "density": 0.6666666666666666, "atomics": "[101, 102, 103]", "group_pop": 3, "init_part_assignment": 7, "id": 3}, {"graph": null, "nnodes": 3, "nedges": 2, "density": 0.6666666666666666, "atomics": "[113, 114, 125]", "group_pop": 3, "init_part_assignment": 7, "id": 4}, {"graph": null, "nnodes": 3, "nedges": 2, "density": 0.6666666666666666, "atomics": "[130, 131, 143]", "group_pop": 3, "init_part_assignment": 0, "id": 5}, {"graph": null, "nnodes": 3, "nedges": 2, "density": 0.6666666666666666, "atomics": "[117, 118, 119]", "group_pop": 3, "init_part_assignment": 0, "id": 6}, {"graph": null, "nnodes": 3, "nedges": 2, "density": 0.6666666666666666, "atomics": "[129, 141, 142]", "group_pop": 3, "init_part_assignment": 0, "id": 7}, {"graph": null, "nnodes": 3, "nedges": 2, "density": 0.6666666666666666, "atomics": "[65, 66, 54]", "group_pop": 3, "init_part_assignment": 9, "id": 8}, {"graph": null, "nnodes": 3, "nedges": 2, "density": 0.6666666666666666, "atomics": "[67, 68, 55]", "group_pop": 3, "init_part_assignment": 9, "id": 9}, {"graph": null, "nnodes": 3, "nedges": 2, "density": 0.6666666666666666, "atomics": "[0, 24, 12]", "group_pop": 3, "init_part_assignment": 2, "id": 10}, {"graph": null, "nnodes": 3, "nedges": 2, "density": 0.6666666666666666, "atomics": "[1, 13, 25]", "group_pop": 3, "init_part_assignment": 2, "id": 11}, {"graph": null, "nnodes": 3, "nedges": 2, "density": 0.6666666666666666, "atomics": "[2, 26, 14]", "group_pop": 3, "init_part_assignment": 8, "id": 12}, {"graph": null, "nnodes": 3, "nedges": 2, "density": 0.6666666666666666, "atomics": "[34, 35, 22]", "group_pop": 3, "init_part_assignment": 6, "id": 13}, {"graph": null, "nnodes": 3, "nedges": 2, "density": 0.6666666666666666, "atomics": "[58, 46, 47]", "group_pop": 3, "init_part_assignment": 6, "id": 14}, {"graph": null, "nnodes": 3, "nedges": 2, "density": 0.6666666666666666, "atomics": "[128, 116, 104]", "group_pop": 3, "init_part_assignment": 0, "id": 15}, {"graph": null, "nnodes": 3, "nedges": 2, "density": 0.6666666666666666, "atomics": "[115, 126, 127]", "group_pop": 3, "init_part_assignment": 7, "id": 16}, {"graph": null, "nnodes": 3, "nedges": 2, "density": 0.6666666666666666, "atomics": "[132, 133, 134]", "group_pop": 3, "init_part_assignment": 4, "id": 17}, {"graph": null, "nnodes": 3, "nedges": 2, "density": 0.6666666666666666, "atomics": "[91, 92, 93]", "group_pop": 3, "init_part_assignment": 3, "id": 18}, {"graph": null, "nnodes": 3, "nedges": 2, "density": 0.6666666666666666, "atomics": "[80, 78, 79]", "group_pop": 3, "init_part_assignment": 11, "id": 19}, {"graph": null, "nnodes": 3, "nedges": 2, "density": 0.6666666666666666, "atomics": "[136, 137, 135]", "group_pop": 3, "init_part_assignment": 4, "id": 20}, {"graph": null, "nnodes": 3, "nedges": 2, "density": 0.6666666666666666, "atomics": "[72, 60, 84]", "group_pop": 3, "init_part_assignment": 5, "id": 21}, {"graph": null, "nnodes": 3, "nedges": 2, "density": 0.6666666666666666, "atomics": "[48, 49, 36]", "group_pop": 3, "init_part_assignment": 2, "id": 22}, {"graph": null, "nnodes": 3, "nedges": 2, "density": 0.6666666666666666, "atomics": "[105, 106, 107]", "group_pop": 3, "init_part_assignment": 3, "id": 23}, {"graph": null, "nnodes": 3, "nedges": 2, "density": 0.6666666666666666, "atomics": "[16, 3, 4]", "group_pop": 3, "init_part_assignment": 8, "id": 24}, {"graph": null, "nnodes": 3, "nedges": 2, "density": 0.6666666666666666, "atomics": "[17, 5, 6]", "group_pop": 3, "init_part_assignment": 1, "id": 25}, {"graph": null, "nnodes": 3, "nedges": 2, "density": 0.6666666666666666, "atomics": "[81, 69, 70]", "group_pop": 3, "init_part_assignment": 9, "id": 26}, {"graph": null, "nnodes": 3, "nedges": 2, "density": 0.6666666666666666, "atomics": "[27, 15, 39]", "group_pop": 3, "init_part_assignment": 8, "id": 27}, {"graph": null, "nnodes": 3, "nedges": 2, "density": 0.6666666666666666, "atomics": "[120, 108, 96]", "group_pop": 3, "init_part_assignment": 4, "id": 28}, {"graph": null, "nnodes": 3, "nedges": 2, "density": 0.6666666666666666, "atomics": "[121, 122, 123]", "group_pop": 3, "init_part_assignment": 4, "id": 29}, {"graph": null, "nnodes": 3, "nedges": 2, "density": 0.6666666666666666, "atomics": "[97, 109, 110]", "group_pop": 3, "init_part_assignment": 10, "id": 30}, {"graph": null, "nnodes": 3, "nedges": 2, "density": 0.6666666666666666, "atomics": "[18, 19, 20]", "group_pop": 3, "init_part_assignment": 1, "id": 31}, {"graph": null, "nnodes": 3, "nedges": 2, "density": 0.6666666666666666, "atomics": "[8, 9, 7]", "group_pop": 3, "init_part_assignment": 1, "id": 32}, {"graph": null, "nnodes": 3, "nedges": 2, "density": 0.6666666666666666, "atomics": "[28, 29, 30]", "group_pop": 3, "init_part_assignment": 8, "id": 33}, {"graph": null, "nnodes": 3, "nedges": 2, "density": 0.6666666666666666, "atomics": "[82, 94, 95]", "group_pop": 3, "init_part_assignment": 3, "id": 34}, {"graph": null, "nnodes": 3, "nedges": 2, "density": 0.6666666666666666, "atomics": "[73, 74, 61]", "group_pop": 3, "init_part_assignment": 5, "id": 35}, {"graph": null, "nnodes": 3, "nedges": 2, "density": 0.6666666666666666, "atomics": "[56, 57, 44]", "group_pop": 3, "init_part_assignment": 9, "id": 36}, {"graph": null, "nnodes": 3, "nedges": 2, "density": 0.6666666666666666, "atomics": "[83, 59, 71]", "group_pop": 3, "init_part_assignment": 3, "id": 37}, {"graph": null, "nnodes": 3, "nedges": 2, "density": 0.6666666666666666, "atomics": "[50, 37, 38]", "group_pop": 3, "init_part_assignment": 2, "id": 38}, {"graph": null, "nnodes": 3, "nedges": 2, "density": 0.6666666666666666, "atomics": "[33, 45, 21]", "group_pop": 3, "init_part_assignment": 6, "id": 39}, {"graph": null, "nnodes": 3, "nedges": 2, "density": 0.6666666666666666, "atomics": "[32, 43, 31]", "group_pop": 3, "init_part_assignment": 6, "id": 40}, {"graph": null, "nnodes": 3, "nedges": 2, "density": 0.6666666666666666, "atomics": "[75, 62, 63]", "group_pop": 3, "init_part_assignment": 5, "id": 41}, {"graph": null, "nnodes": 3, "nedges": 2, "density": 0.6666666666666666, "atomics": "[98, 85, 86]", "group_pop": 3, "init_part_assignment": 5, "id": 42}, {"graph": null, "nnodes": 3, "nedges": 2, "density": 0.6666666666666666, "atomics": "[112, 124, 100]", "group_pop": 3, "init_part_assignment": 10, "id": 43}, {"graph": null, "nnodes": 3, "nedges": 2, "density": 0.6666666666666666, "atomics": "[41, 42, 53]", "group_pop": 3, "init_part_assignment": 11, "id": 44}, {"graph": null, "nnodes": 3, "nedges": 2, "density": 0.6666666666666666, "atomics": "[64, 76, 77]", "group_pop": 3, "init_part_assignment": 11, "id": 45}, {"graph": null, "nnodes": 3, "nedges": 2, "density": 0.6666666666666666, "atomics": "[99, 111, 87]", "group_pop": 3, "init_part_assignment": 10, "id": 46}, {"graph": null, "nnodes": 3, "nedges": 2, "density": 0.6666666666666666, "atomics": "[40, 51, 52]", "group_pop": 3, "init_part_assignment": 11, "id": 47}], "adjacency": [[{"weight": 1, "random_weight": 0.679799710315771, "id": 7}, {"weight": 1, "random_weight": 0.4552191345166472, "id": 15}, {"weight": 2, "random_weight": 0.12407692717692864, "id": 16}, {"weight": 1, "random_weight": 0.46955849900529945, "id": 20}], [{"weight": 3, "random_weight": 0.8069801987748362, "id": 13}, {"weight": 1, "random_weight": 0.6775899710265788, "id": 32}], [{"weight": 2, "random_weight": 0.5781028380432127, "id": 3}, {"weight": 1, "random_weight": 0.9652104453625885, "id": 18}, {"weight": 1, "random_weight": 0.4743809630244342, "id": 19}, {"weight": 1, "random_weight": 0.28911757882973, "id": 43}, {"weight": 2, "random_weight": 0.5264465977378691, "id": 45}, {"weight": 1, "random_weight": 0.026927761982608378, "id": 46}], [{"weight": 2, "random_weight": 0.5781028380432127, "id": 2}, {"weight": 2, "random_weight": 0.7651031300309343, "id": 4}, {"weight": 1, "random_weight": 0.44722480578300694, "id": 15}, {"weight": 1, "random_weight": 0.2304947524471913, "id": 16}, {"weight": 1, "random_weight": 0.9711304475052224, "id": 18}, {"weight": 1, "random_weight": 0.5715537514597939, "id": 43}], [{"weight": 2, "random_weight": 0.7651031300309343, "id": 3}, {"weight": 3, "random_weight": 0.6502803960525999, "id": 16}, {"weight": 1, "random_weight": 0.44031818855689064, "id": 20}, {"weight": 2, "random_weight": 0.7241248781849635, "id": 43}], [{"weight": 2, "random_weight": 0.038511746695580995, "id": 6}, {"weight": 3, "random_weight": 0.07973929235269483, "id": 7}], [{"weight": 2, "random_weight": 0.038511746695580995, "id": 5}, {"weight": 1, "random_weight": 0.8444220678106183, "id": 7}, {"weight": 1, "random_weight": 0.24988247650101858, "id": 15}, {"weight": 3, "random_weight": 0.45547934566640014, "id": 23}], [{"weight": 1, "random_weight": 0.679799710315771, "id": 0}, {"weight": 3, "random_weight": 0.07973929235269483, "id": 5}, {"weight": 1, "random_weight": 0.8444220678106183, "id": 6}, {"weight": 1, "random_weight": 0.8508065694983756, "id": 15}], [{"weight": 2, "random_weight": 0.3634333882276177, "id": 9}, {"weight": 1, "random_weight": 0.8266908139664573, "id": 19}, {"weight": 3, "random_weight": 0.4202331515217722, "id": 44}, {"weight": 2, "random_weight": 0.8004119752060861, "id": 45}], [{"weight": 2, "random_weight": 0.3634333882276177, "id": 8}, {"weight": 2, "random_weight": 0.2492564946370236, "id": 19}, {"weight": 1, "random_weight": 0.9135301331107474, "id": 26}, {"weight": 2, "random_weight": 0.17010834267777752, "id": 36}, {"weight": 1, "random_weight": 0.8975697772677452, "id": 40}], [{"weight": 3, "random_weight": 0.3692732858505636, "id": 11}, {"weight": 1, "random_weight": 0.7199307080155111, "id": 22}], [{"weight": 3, "random_weight": 0.3692732858505636, "id": 10}, {"weight": 3, "random_weight": 0.7079432854379974, "id": 12}, {"weight": 1, "random_weight": 0.5638452586825723, "id": 38}], [{"weight": 3, "random_weight": 0.7079432854379974, "id": 11}, {"weight": 1, "random_weight": 0.8689257355648556, "id": 24}, {"weight": 2, "random_weight": 0.8404269809507262, "id": 27}, {"weight": 1, "random_weight": 0.6249300809463025, "id": 38}], [{"weight": 3, "random_weight": 0.8069801987748362, "id": 1}, {"weight": 2, "random_weight": 0.5186596250273618, "id": 14}, {"weight": 2, "random_weight": 0.5319518208829856, "id": 39}], [{"weight": 2, "random_weight": 0.5186596250273618, "id": 13}, {"weight": 1, "random_weight": 0.9074373697655531, "id": 26}, {"weight": 1, "random_weight": 0.6453464677189586, "id": 36}, {"weight": 2, "random_weight": 0.45848365564721016, "id": 37}, {"weight": 1, "random_weight": 0.8045568696936916, "id": 39}], [{"weight": 1, "random_weight": 0.4552191345166472, "id": 0}, {"weight": 1, "random_weight": 0.44722480578300694, "id": 3}, {"weight": 1, "random_weight": 0.24988247650101858, "id": 6}, {"weight": 1, "random_weight": 0.8508065694983756, "id": 7}, {"weight": 2, "random_weight": 0.013410927811544071, "id": 16}, {"weight": 1, "random_weight": 0.8182544691566938, "id": 18}, {"weight": 1, "random_weight": 0.8575240103690366, "id": 23}], [{"weight": 2, "random_weight": 0.12407692717692864, "id": 0}, {"weight": 1, "random_weight": 0.2304947524471913, "id": 3}, {"weight": 3, "random_weight": 0.6502803960525999, "id": 4}, {"weight": 2, "random_weight": 0.013410927811544071, "id": 15}], [{"weight": 1, "random_weight": 0.5184899399083979, "id": 20}, {"weight": 1, "random_weight": 0.26271823745976064, "id": 28}, {"weight": 2, "random_weight": 0.4406319700796595, "id": 29}], [{"weight": 1, "random_weight": 0.9652104453625885, "id": 2}, {"weight": 1, "random_weight": 0.9711304475052224, "id": 3}, {"weight": 1, "random_weight": 0.8182544691566938, "id": 15}, {"weight": 2, "random_weight": 0.9526046332783006, "id": 19}, {"weight": 1, "random_weight": 0.9718532217593178, "id": 23}, {"weight": 1, "random_weight": 0.13878134488142824, "id": 26}, {"weight": 1, "random_weight": 0.16361557738636823, "id": 34}], [{"weight": 1, "random_weight": 0.4743809630244342, "id": 2}, {"weight": 1, "random_weight": 0.8266908139664573, "id": 8}, {"weight": 2, "random_weight": 0.2492564946370236, "id": 9}, {"weight": 2, "random_weight": 0.9526046332783006, "id": 18}, {"weight": 1, "random_weight": 0.06845442704828786, "id": 26}, {"weight": 1, "random_weight": 0.38904576310563577, "id": 45}], [{"weight": 1, "random_weight": 0.46955849900529945, "id": 0}, {"weight": 1, "random_weight": 0.44031818855689064, "id": 4}, {"weight": 1, "random_weight": 0.5184899399083979, "id": 17}, {"weight": 1, "random_weight": 0.34900077343782754, "id": 29}, {"weight": 1, "random_weight": 0.46380936052778154, "id": 43}], [{"weight": 1, "random_weight": 0.7309562629245431, "id": 22}, {"weight": 1, "random_weight": 0.8619686545386125, "id": 28}, {"weight": 2, "random_weight": 0.8004382264061969, "id": 35}, {"weight": 1, "random_weight": 0.5016125991836352, "id": 42}], [{"weight": 1, "random_weight": 0.7199307080155111, "id": 10}, {"weight": 1, "random_weight": 0.7309562629245431, "id": 21}, {"weight": 1, "random_weight": 0.5496430721492287, "id": 35}, {"weight": 3, "random_weight": 0.22077129586901356, "id": 38}], [{"weight": 3, "random_weight": 0.45547934566640014, "id": 6}, {"weight": 1, "random_weight": 0.8575240103690366, "id": 15}, {"weight": 1, "random_weight": 0.9718532217593178, "id": 18}, {"weight": 2, "random_weight": 0.8455919757072783, "id": 34}], [{"weight": 1, "random_weight": 0.8689257355648556, "id": 12}, {"weight": 2, "random_weight": 0.927587795099958, "id": 25}, {"weight": 2, "random_weight": 0.2986498667585399, "id": 27}, {"weight": 1, "random_weight": 0.027636450073956542, "id": 33}], [{"weight": 2, "random_weight": 0.927587795099958, "id": 24}, {"weight": 2, "random_weight": 0.48534911582617335, "id": 31}, {"weight": 1, "random_weight": 0.45758922531619284, "id": 32}, {"weight": 1, "random_weight": 0.576059375240801, "id": 33}], [{"weight": 1, "random_weight": 0.9135301331107474, "id": 9}, {"weight": 1, "random_weight": 0.9074373697655531, "id": 14}, {"weight": 1, "random_weight": 0.13878134488142824, "id": 18}, {"weight": 1, "random_weight": 0.06845442704828786, "id": 19}, {"weight": 2, "random_weight": 0.3205135061168404, "id": 34}, {"weight": 1, "random_weight": 0.06656779987315309, "id": 36}, {"weight": 1, "random_weight": 0.5840676058457163, "id": 37}], [{"weight": 2, "random_weight": 0.8404269809507262, "id": 12}, {"weight": 2, "random_weight": 0.2986498667585399, "id": 24}, {"weight": 1, "random_weight": 0.8997728453555063, "id": 33}, {"weight": 1, "random_weight": 0.31909026779190863, "id": 38}, {"weight": 2, "random_weight": 0.7240911818619914, "id": 47}], [{"weight": 1, "random_weight": 0.26271823745976064, "id": 17}, {"weight": 1, "random_weight": 0.8619686545386125, "id": 21}, {"weight": 1, "random_weight": 0.29398573716282617, "id": 29}, {"weight": 2, "random_weight": 0.721020338070834, "id": 30}], [{"weight": 2, "random_weight": 0.4406319700796595, "id": 17}, {"weight": 1, "random_weight": 0.34900077343782754, "id": 20}, {"weight": 1, "random_weight": 0.29398573716282617, "id": 28}, {"weight": 2, "random_weight": 0.8374072597383347, "id": 30}, {"weight": 1, "random_weight": 0.7633094647811559, "id": 43}, {"weight": 1, "random_weight": 0.22732677233085885, "id": 46}], [{"weight": 2, "random_weight": 0.721020338070834, "id": 28}, {"weight": 2, "random_weight": 0.8374072597383347, "id": 29}, {"weight": 3, "random_weight": 0.9050789353340848, "id": 42}, {"weight": 1, "random_weight": 0.12026865317509883, "id": 46}], [{"weight": 2, "random_weight": 0.48534911582617335, "id": 25}, {"weight": 2, "random_weight": 0.4430742718291958, "id": 32}, {"weight": 1, "random_weight": 0.016655962492767573, "id": 33}, {"weight": 1, "random_weight": 0.208658685499589, "id": 39}, {"weight": 2, "random_weight": 0.5406791815448541, "id": 40}], [{"weight": 1, "random_weight": 0.6775899710265788, "id": 1}, {"weight": 1, "random_weight": 0.45758922531619284, "id": 25}, {"weight": 2, "random_weight": 0.4430742718291958, "id": 31}, {"weight": 1, "random_weight": 0.48525358863234547, "id": 39}], [{"weight": 1, "random_weight": 0.027636450073956542, "id": 24}, {"weight": 1, "random_weight": 0.576059375240801, "id": 25}, {"weight": 1, "random_weight": 0.8997728453555063, "id": 27}, {"weight": 1, "random_weight": 0.016655962492767573, "id": 31}, {"weight": 1, "random_weight": 0.8790637280908765, "id": 40}, {"weight": 2, "random_weight": 0.7422590633411241, "id": 44}, {"weight": 1, "random_weight": 0.5191102785050372, "id": 47}], [{"weight": 1, "random_weight": 0.16361557738636823, "id": 18}, {"weight": 2, "random_weight": 0.8455919757072783, "id": 23}, {"weight": 2, "random_weight": 0.3205135061168404, "id": 26}, {"weight": 2, "random_weight": 0.0604803154066067, "id": 37}], [{"weight": 2, "random_weight": 0.8004382264061969, "id": 21}, {"weight": 1, "random_weight": 0.5496430721492287, "id": 22}, {"weight": 3, "random_weight": 0.06479723581565056, "id": 41}, {"weight": 2, "random_weight": 0.539877053518381, "id": 42}], [{"weight": 2, "random_weight": 0.17010834267777752, "id": 9}, {"weight": 1, "random_weight": 0.6453464677189586, "id": 14}, {"weight": 1, "random_weight": 0.06656779987315309, "id": 26}, {"weight": 2, "random_weight": 0.4579684538809976, "id": 39}, {"weight": 2, "random_weight": 0.2172940728550784, "id": 40}], [{"weight": 2, "random_weight": 0.45848365564721016, "id": 14}, {"weight": 1, "random_weight": 0.5840676058457163, "id": 26}, {"weight": 2, "random_weight": 0.0604803154066067, "id": 34}], [{"weight": 1, "random_weight": 0.5638452586825723, "id": 11}, {"weight": 1, "random_weight": 0.6249300809463025, "id": 12}, {"weight": 3, "random_weight": 0.22077129586901356, "id": 22}, {"weight": 1, "random_weight": 0.31909026779190863, "id": 27}, {"weight": 1, "random_weight": 0.36030351341206446, "id": 41}, {"weight": 1, "random_weight": 0.11970720732059592, "id": 47}], [{"weight": 2, "random_weight": 0.5319518208829856, "id": 13}, {"weight": 1, "random_weight": 0.8045568696936916, "id": 14}, {"weight": 1, "random_weight": 0.208658685499589, "id": 31}, {"weight": 1, "random_weight": 0.48525358863234547, "id": 32}, {"weight": 2, "random_weight": 0.4579684538809976, "id": 36}, {"weight": 1, "random_weight": 0.038683922885791255, "id": 40}], [{"weight": 1, "random_weight": 0.8975697772677452, "id": 9}, {"weight": 2, "random_weight": 0.5406791815448541, "id": 31}, {"weight": 1, "random_weight": 0.8790637280908765, "id": 33}, {"weight": 2, "random_weight": 0.2172940728550784, "id": 36}, {"weight": 1, "random_weight": 0.038683922885791255, "id": 39}, {"weight": 1, "random_weight": 0.8199780832792221, "id": 44}], [{"weight": 3, "random_weight": 0.06479723581565056, "id": 35}, {"weight": 1, "random_weight": 0.36030351341206446, "id": 38}, {"weight": 2, "random_weight": 0.39771968703288785, "id": 45}, {"weight": 1, "random_weight": 0.8811143796890932, "id": 46}, {"weight": 1, "random_weight": 0.5098995900580114, "id": 47}], [{"weight": 1, "random_weight": 0.5016125991836352, "id": 21}, {"weight": 3, "random_weight": 0.9050789353340848, "id": 30}, {"weight": 2, "random_weight": 0.539877053518381, "id": 35}, {"weight": 2, "random_weight": 0.8382375168332165, "id": 46}], [{"weight": 1, "random_weight": 0.28911757882973, "id": 2}, {"weight": 1, "random_weight": 0.5715537514597939, "id": 3}, {"weight": 2, "random_weight": 0.7241248781849635, "id": 4}, {"weight": 1, "random_weight": 0.46380936052778154, "id": 20}, {"weight": 1, "random_weight": 0.7633094647811559, "id": 29}, {"weight": 2, "random_weight": 0.9394921430712652, "id": 46}], [{"weight": 3, "random_weight": 0.4202331515217722, "id": 8}, {"weight": 2, "random_weight": 0.7422590633411241, "id": 33}, {"weight": 1, "random_weight": 0.8199780832792221, "id": 40}, {"weight": 2, "random_weight": 0.9457731313633501, "id": 47}], [{"weight": 2, "random_weight": 0.5264465977378691, "id": 2}, {"weight": 2, "random_weight": 0.8004119752060861, "id": 8}, {"weight": 1, "random_weight": 0.38904576310563577, "id": 19}, {"weight": 2, "random_weight": 0.39771968703288785, "id": 41}, {"weight": 1, "random_weight": 0.15678894534457755, "id": 47}], [{"weight": 1, "random_weight": 0.026927761982608378, "id": 2}, {"weight": 1, "random_weight": 0.22732677233085885, "id": 29}, {"weight": 1, "random_weight": 0.12026865317509883, "id": 30}, {"weight": 1, "random_weight": 0.8811143796890932, "id": 41}, {"weight": 2, "random_weight": 0.8382375168332165, "id": 42}, {"weight": 2, "random_weight": 0.9394921430712652, "id": 43}], [{"weight": 2, "random_weight": 0.7240911818619914, "id": 27}, {"weight": 1, "random_weight": 0.5191102785050372, "id": 33}, {"weight": 1, "random_weight": 0.11970720732059592, "id": 38}, {"weight": 1, "random_weight": 0.5098995900580114, "id": 41}, {"weight": 2, "random_weight": 0.9457731313633501, "id": 44}, {"weight": 1, "random_weight": 0.15678894534457755, "id": 45}]]}