{"directed": false, "multigraph": false, "graph": [], "nodes": [{"graph": null, "nnodes": 3, "nedges": 2, "density": 0.6666666666666666, "atomics": "[138, 126, 114]", "group_pop": 3, "init_part_assignment": 4, "id": 0}, {"graph": null, "nnodes": 3, "nedges": 2, "density": 0.6666666666666666, "atomics": "[128, 139, 140]", "group_pop": 3, "init_part_assignment": 4, "id": 1}, {"graph": null, "nnodes": 3, "nedges": 2, "density": 0.6666666666666666, "atomics": "[10, 11, 22]", "group_pop": 3, "init_part_assignment": 1, "id": 2}, {"graph": null, "nnodes": 3, "nedges": 2, "density": 0.6666666666666666, "atomics": "[35, 23, 47]", "group_pop": 3, "init_part_assignment": 1, "id": 3}, {"graph": null, "nnodes": 3, "nedges": 2, "density": 0.6666666666666666, "atomics": "[88, 89, 90]", "group_pop": 3, "init_part_assignment": 9, "id": 4}, {"graph": null, "nnodes": 3, "nedges": 2, "density": 0.6666666666666666, "atomics": "[101, 102, 103]", "group_pop": 3, "init_part_assignment": 4, "id": 5}, {"graph": null, "nnodes": 3, "nedges": 2, "density": 0.6666666666666666, "atomics": "[112, 113, 100]", "group_pop": 3, "init_part_assignment": 7, "id": 6}, {"graph": null, "nnodes": 3, "nedges": 2, "density": 0.6666666666666666, "atomics": "[131, 119, 143]", "group_pop": 3, "init_part_assignment": 0, "id": 7}, {"graph": null, "nnodes": 3, "nedges": 2, "density": 0.6666666666666666, "atomics": "[129, 117, 141]", "group_pop": 3, "init_part_assignment": 0, "id": 8}, {"graph": null, "nnodes": 3, "nedges": 2, "density": 0.6666666666666666, "atomics": "[130, 142, 118]", "group_pop": 3, "init_part_assignment": 0, "id": 9}, {"graph": null, "nnodes": 3, "nedges": 2, "density": 0.6666666666666666, "atomics": "[66, 67, 54]", "group_pop": 3, "init_part_assignment": 6, "id": 10}, {"graph": null, "nnodes": 3, "nedges": 2, "density": 0.6666666666666666, "atomics": "[0, 24, 12]", "group_pop": 3, "init_part_assignment": 10, "id": 11}, {"graph": null, "nnodes": 3, "nedges": 2, "density": 0.6666666666666666, "atomics": "[1, 2, 3]", "group_pop": 3, "init_part_assignment": 10, "id": 12}, {"graph": null, "nnodes": 3, "nedges": 2, "density": 0.6666666666666666, "atomics": "[33, 34, 45]", "group_pop": 3, "init_part_assignment": 1, "id": 13}, {"graph": null, "nnodes": 3, "nedges": 2, "density": 0.6666666666666666, "atomics": "[115, 116, 127]", "group_pop": 3, "init_part_assignment": 4, "id": 14}, {"graph": null, "nnodes": 3, "nedges": 2, "density": 0.6666666666666666, "atomics": "[120, 121, 132]", "group_pop": 3, "init_part_assignment": 3, "id": 15}, {"graph": null, "nnodes": 3, "nedges": 2, "density": 0.6666666666666666, "atomics": "[122, 133, 134]", "group_pop": 3, "init_part_assignment": 3, "id": 16}, {"graph": null, "nnodes": 3, "nedges": 2, "density": 0.6666666666666666, "atomics": "[104, 91, 92]", "group_pop": 3, "init_part_assignment": 6, "id": 17}, {"graph": null, "nnodes": 3, "nedges": 2, "density": 0.6666666666666666, "atomics": "[77, 78, 79]", "group_pop": 3, "init_part_assignment": 6, "id": 18}, {"graph": null, "nnodes": 3, "nedges": 2, "density": 0.6666666666666666, "atomics": "[136, 137, 125]", "group_pop": 3, "init_part_assignment": 7, "id": 19}, {"graph": null, "nnodes": 3, "nedges": 2, "density": 0.6666666666666666, "atomics": "[123, 124, 135]", "group_pop": 3, "init_part_assignment": 7, "id": 20}, {"graph": null, "nnodes": 3, "nedges": 2, "density": 0.6666666666666666, "atomics": "[72, 73, 61]", "group_pop": 3, "init_part_assignment": 5, "id": 21}, {"graph": null, "nnodes": 3, "nedges": 2, "density": 0.6666666666666666, "atomics": "[48, 49, 60]", "group_pop": 3, "init_part_assignment": 5, "id": 22}, {"graph": null, "nnodes": 3, "nedges": 2, "density": 0.6666666666666666, "atomics": "[105, 106, 107]", "group_pop": 3, "init_part_assignment": 0, "id": 23}, {"graph": null, "nnodes": 3, "nedges": 2, "density": 0.6666666666666666, "atomics": "[16, 17, 15]", "group_pop": 3, "init_part_assignment": 10, "id": 24}, {"graph": null, "nnodes": 3, "nedges": 2, "density": 0.6666666666666666, "atomics": "[4, 5, 6]", "group_pop": 3, "init_part_assignment": 10, "id": 25}, {"graph": null, "nnodes": 3, "nedges": 2, "density": 0.6666666666666666, "atomics": "[80, 81, 68]", "group_pop": 3, "init_part_assignment": 6, "id": 26}, {"graph": null, "nnodes": 3, "nedges": 2, "density": 0.6666666666666666, "atomics": "[93, 94, 95]", "group_pop": 3, "init_part_assignment": 2, "id": 27}, {"graph": null, "nnodes": 3, "nedges": 2, "density": 0.6666666666666666, "atomics": "[25, 13, 14]", "group_pop": 3, "init_part_assignment": 11, "id": 28}, {"graph": null, "nnodes": 3, "nedges": 2, "density": 0.6666666666666666, "atomics": "[97, 109, 110]", "group_pop": 3, "init_part_assignment": 3, "id": 29}, {"graph": null, "nnodes": 3, "nedges": 2, "density": 0.6666666666666666, "atomics": "[19, 20, 7]", "group_pop": 3, "init_part_assignment": 8, "id": 30}, {"graph": null, "nnodes": 3, "nedges": 2, "density": 0.6666666666666666, "atomics": "[18, 42, 30]", "group_pop": 3, "init_part_assignment": 8, "id": 31}, {"graph": null, "nnodes": 3, "nedges": 2, "density": 0.6666666666666666, "atomics": "[40, 28, 29]", "group_pop": 3, "init_part_assignment": 9, "id": 32}, {"graph": null, "nnodes": 3, "nedges": 2, "density": 0.6666666666666666, "atomics": "[26, 27, 39]", "group_pop": 3, "init_part_assignment": 11, "id": 33}, {"graph": null, "nnodes": 3, "nedges": 2, "density": 0.6666666666666666, "atomics": "[82, 83, 71]", "group_pop": 3, "init_part_assignment": 2, "id": 34}, {"graph": null, "nnodes": 3, "nedges": 2, "density": 0.6666666666666666, "atomics": "[57, 69, 70]", "group_pop": 3, "init_part_assignment": 2, "id": 35}, {"graph": null, "nnodes": 3, "nedges": 2, "density": 0.6666666666666666, "atomics": "[56, 44, 55]", "group_pop": 3, "init_part_assignment": 2, "id": 36}, {"graph": null, "nnodes": 3, "nedges": 2, "density": 0.6666666666666666, "atomics": "[58, 59, 46]", "group_pop": 3, "init_part_assignment": 1, "id": 37}, {"graph": null, "nnodes": 3, "nedges": 2, "density": 0.6666666666666666, "atomics": "[36, 37, 38]", "group_pop": 3, "init_part_assignment": 11, "id": 38}, {"graph": null, "nnodes": 3, "nedges": 2, "density": 0.6666666666666666, "atomics": "[32, 43, 31]", "group_pop": 3, "init_part_assignment": 8, "id": 39}, {"graph": null, "nnodes": 3, "nedges": 2, "density": 0.6666666666666666, "atomics": "[74, 50, 62]", "group_pop": 3, "init_part_assignment": 5, "id": 40}, {"graph": null, "nnodes": 3, "nedges": 2, "density": 0.6666666666666666, "atomics": "[64, 75, 76]", "group_pop": 3, "init_part_assignment": 9, "id": 41}, {"graph": null, "nnodes": 3, "nedges": 2, "density": 0.6666666666666666, "atomics": "[98, 85, 86]", "group_pop": 3, "init_part_assignment": 3, "id": 42}, {"graph": null, "nnodes": 3, "nedges": 2, "density": 0.6666666666666666, "atomics": "[96, 108, 84]", "group_pop": 3, "init_part_assignment": 5, "id": 43}, {"graph": null, "nnodes": 3, "nedges": 2, "density": 0.6666666666666666, "atomics": "[8, 9, 21]", "group_pop": 3, "init_part_assignment": 8, "id": 44}, {"graph": null, "nnodes": 3, "nedges": 2, "density": 0.6666666666666666, "atomics": "[65, 53, 41]", "group_pop": 3, "init_part_assignment": 9, "id": 45}, {"graph": null, "nnodes": 3, "nedges": 2, "density": 0.6666666666666666, "atomics": "[99, 111, 87]", "group_pop": 3, "init_part_assignment": 7, "id": 46}, {"graph": null, "nnodes": 3, "nedges": 2, "density": 0.6666666666666666, "atomics": "[51, 52, 63]", "group_pop": 3, "init_part_assignment": 11, "id": 47}], "adjacency": [[{"weight": 1, "random_weight": 0.3683647562840847, "id": 1}, {"weight": 1, "random_weight": 0.3548202903008729, "id": 5}, {"weight": 1, "random_weight": 0.15835101910872418, "id": 6}, {"weight": 2, "random_weight": 0.39236700672397995, "id": 14}, {"weight": 2, "random_weight": 0.7623188978803219, "id": 19}], [{"weight": 1, "random_weight": 0.3683647562840847, "id": 0}, {"weight": 2, "random_weight": 0.372510607881269, "id": 8}, {"weight": 3, "random_weight": 0.24735651744174225, "id": 14}], [{"weight": 2, "random_weight": 0.0772214112335815, "id": 3}, {"weight": 1, "random_weight": 0.6818020130617217, "id": 13}, {"weight": 2, "random_weight": 0.30382153740885387, "id": 44}], [{"weight": 2, "random_weight": 0.0772214112335815, "id": 2}, {"weight": 1, "random_weight": 0.5276079031329977, "id": 13}, {"weight": 2, "random_weight": 0.06985376121032005, "id": 37}], [{"weight": 2, "random_weight": 0.7192555350705396, "id": 5}, {"weight": 1, "random_weight": 0.4421917453185802, "id": 6}, {"weight": 1, "random_weight": 0.878174707486422, "id": 17}, {"weight": 2, "random_weight": 0.914588482829186, "id": 18}, {"weight": 1, "random_weight": 0.7437641271683656, "id": 41}, {"weight": 1, "random_weight": 0.9246151702686006, "id": 46}], [{"weight": 1, "random_weight": 0.3548202903008729, "id": 0}, {"weight": 2, "random_weight": 0.7192555350705396, "id": 4}, {"weight": 2, "random_weight": 0.5236396092699404, "id": 6}, {"weight": 1, "random_weight": 0.30856900408299603, "id": 14}, {"weight": 2, "random_weight": 0.3770256265808034, "id": 17}], [{"weight": 1, "random_weight": 0.15835101910872418, "id": 0}, {"weight": 1, "random_weight": 0.4421917453185802, "id": 4}, {"weight": 2, "random_weight": 0.5236396092699404, "id": 5}, {"weight": 1, "random_weight": 0.40088820391198365, "id": 19}, {"weight": 1, "random_weight": 0.5951722755138821, "id": 20}, {"weight": 2, "random_weight": 0.30224630760052185, "id": 46}], [{"weight": 3, "random_weight": 0.18292892678041506, "id": 9}, {"weight": 1, "random_weight": 0.30370815529445083, "id": 23}], [{"weight": 2, "random_weight": 0.372510607881269, "id": 1}, {"weight": 3, "random_weight": 0.746069394250193, "id": 9}, {"weight": 1, "random_weight": 0.5159763147820358, "id": 14}, {"weight": 1, "random_weight": 0.4313844943710706, "id": 23}], [{"weight": 3, "random_weight": 0.18292892678041506, "id": 7}, {"weight": 3, "random_weight": 0.746069394250193, "id": 8}, {"weight": 1, "random_weight": 0.9686448994706752, "id": 23}], [{"weight": 2, "random_weight": 0.5957395922192501, "id": 18}, {"weight": 1, "random_weight": 0.24829228851118001, "id": 26}, {"weight": 1, "random_weight": 0.7400626885673061, "id": 31}, {"weight": 2, "random_weight": 0.2906279282772396, "id": 36}, {"weight": 2, "random_weight": 0.30975314197255566, "id": 45}], [{"weight": 1, "random_weight": 0.4542358589171518, "id": 12}, {"weight": 2, "random_weight": 0.4570363962850196, "id": 28}, {"weight": 1, "random_weight": 0.9044071613793013, "id": 38}], [{"weight": 1, "random_weight": 0.4542358589171518, "id": 11}, {"weight": 1, "random_weight": 0.9707042302880913, "id": 24}, {"weight": 1, "random_weight": 0.10400524446428316, "id": 25}, {"weight": 2, "random_weight": 0.42754992900485467, "id": 28}], [{"weight": 1, "random_weight": 0.6818020130617217, "id": 2}, {"weight": 1, "random_weight": 0.5276079031329977, "id": 3}, {"weight": 1, "random_weight": 0.47952278380342406, "id": 35}, {"weight": 1, "random_weight": 0.5301130861432496, "id": 36}, {"weight": 2, "random_weight": 0.021490340280173603, "id": 37}, {"weight": 1, "random_weight": 0.767708343865018, "id": 39}, {"weight": 1, "random_weight": 0.5755377984329538, "id": 44}], [{"weight": 2, "random_weight": 0.39236700672397995, "id": 0}, {"weight": 3, "random_weight": 0.24735651744174225, "id": 1}, {"weight": 1, "random_weight": 0.30856900408299603, "id": 5}, {"weight": 1, "random_weight": 0.5159763147820358, "id": 8}, {"weight": 1, "random_weight": 0.823637516801773, "id": 17}], [{"weight": 3, "random_weight": 0.9347284423145152, "id": 16}, {"weight": 1, "random_weight": 0.29182052928054014, "id": 29}, {"weight": 1, "random_weight": 0.6343377466806629, "id": 43}], [{"weight": 3, "random_weight": 0.9347284423145152, "id": 15}, {"weight": 2, "random_weight": 0.9865578541998214, "id": 20}, {"weight": 1, "random_weight": 0.35420752107401743, "id": 29}], [{"weight": 1, "random_weight": 0.878174707486422, "id": 4}, {"weight": 2, "random_weight": 0.3770256265808034, "id": 5}, {"weight": 1, "random_weight": 0.823637516801773, "id": 14}, {"weight": 1, "random_weight": 0.07043045696240158, "id": 18}, {"weight": 1, "random_weight": 0.9309742864635183, "id": 23}, {"weight": 1, "random_weight": 0.28747029925770906, "id": 26}, {"weight": 1, "random_weight": 0.9911702015810016, "id": 27}], [{"weight": 2, "random_weight": 0.914588482829186, "id": 4}, {"weight": 2, "random_weight": 0.5957395922192501, "id": 10}, {"weight": 1, "random_weight": 0.07043045696240158, "id": 17}, {"weight": 1, "random_weight": 0.4565124259921326, "id": 26}, {"weight": 1, "random_weight": 0.7936931169503977, "id": 41}, {"weight": 1, "random_weight": 0.7029623344662046, "id": 45}], [{"weight": 2, "random_weight": 0.7623188978803219, "id": 0}, {"weight": 1, "random_weight": 0.40088820391198365, "id": 6}, {"weight": 3, "random_weight": 0.9294381332822523, "id": 20}], [{"weight": 1, "random_weight": 0.5951722755138821, "id": 6}, {"weight": 2, "random_weight": 0.9865578541998214, "id": 16}, {"weight": 3, "random_weight": 0.9294381332822523, "id": 19}, {"weight": 1, "random_weight": 0.9279578780756341, "id": 46}], [{"weight": 3, "random_weight": 0.590600898736445, "id": 22}, {"weight": 2, "random_weight": 0.17950064249685393, "id": 40}, {"weight": 1, "random_weight": 0.4435477538802889, "id": 42}, {"weight": 1, "random_weight": 0.21616422667587387, "id": 43}], [{"weight": 3, "random_weight": 0.590600898736445, "id": 21}, {"weight": 2, "random_weight": 0.5841112857741757, "id": 38}, {"weight": 1, "random_weight": 0.17687043848859696, "id": 40}], [{"weight": 1, "random_weight": 0.30370815529445083, "id": 7}, {"weight": 1, "random_weight": 0.4313844943710706, "id": 8}, {"weight": 1, "random_weight": 0.9686448994706752, "id": 9}, {"weight": 1, "random_weight": 0.9309742864635183, "id": 17}, {"weight": 3, "random_weight": 0.7415244047246577, "id": 27}], [{"weight": 1, "random_weight": 0.9707042302880913, "id": 12}, {"weight": 2, "random_weight": 0.11283498269746706, "id": 25}, {"weight": 1, "random_weight": 0.34723152176505956, "id": 28}, {"weight": 1, "random_weight": 0.9492740520620999, "id": 31}, {"weight": 2, "random_weight": 0.752627997037742, "id": 32}, {"weight": 1, "random_weight": 0.7623695118688586, "id": 33}], [{"weight": 1, "random_weight": 0.10400524446428316, "id": 12}, {"weight": 2, "random_weight": 0.11283498269746706, "id": 24}, {"weight": 1, "random_weight": 0.5488085059864409, "id": 30}, {"weight": 1, "random_weight": 0.2882635038463648, "id": 31}], [{"weight": 1, "random_weight": 0.24829228851118001, "id": 10}, {"weight": 1, "random_weight": 0.28747029925770906, "id": 17}, {"weight": 1, "random_weight": 0.4565124259921326, "id": 18}, {"weight": 1, "random_weight": 0.8396197641008799, "id": 27}, {"weight": 1, "random_weight": 0.6202570504933934, "id": 34}, {"weight": 2, "random_weight": 0.5700246119505614, "id": 35}, {"weight": 1, "random_weight": 0.8111543493037479, "id": 36}], [{"weight": 1, "random_weight": 0.9911702015810016, "id": 17}, {"weight": 3, "random_weight": 0.7415244047246577, "id": 23}, {"weight": 1, "random_weight": 0.8396197641008799, "id": 26}, {"weight": 2, "random_weight": 0.11010716102877272, "id": 34}], [{"weight": 2, "random_weight": 0.4570363962850196, "id": 11}, {"weight": 2, "random_weight": 0.42754992900485467, "id": 12}, {"weight": 1, "random_weight": 0.34723152176505956, "id": 24}, {"weight": 2, "random_weight": 0.8793559114467765, "id": 33}, {"weight": 1, "random_weight": 0.6228172645619596, "id": 38}], [{"weight": 1, "random_weight": 0.29182052928054014, "id": 15}, {"weight": 1, "random_weight": 0.35420752107401743, "id": 16}, {"weight": 3, "random_weight": 0.5585653708211297, "id": 42}, {"weight": 2, "random_weight": 0.967244969130889, "id": 43}, {"weight": 1, "random_weight": 0.7510350081303135, "id": 46}], [{"weight": 1, "random_weight": 0.5488085059864409, "id": 25}, {"weight": 1, "random_weight": 0.5374819818263575, "id": 31}, {"weight": 2, "random_weight": 0.49031443683213516, "id": 39}, {"weight": 3, "random_weight": 0.14833539857585254, "id": 44}], [{"weight": 1, "random_weight": 0.7400626885673061, "id": 10}, {"weight": 1, "random_weight": 0.9492740520620999, "id": 24}, {"weight": 1, "random_weight": 0.2882635038463648, "id": 25}, {"weight": 1, "random_weight": 0.5374819818263575, "id": 30}, {"weight": 1, "random_weight": 0.5169218815715393, "id": 32}, {"weight": 2, "random_weight": 0.19224678717071741, "id": 39}, {"weight": 1, "random_weight": 0.48147687746093937, "id": 45}], [{"weight": 2, "random_weight": 0.752627997037742, "id": 24}, {"weight": 1, "random_weight": 0.5169218815715393, "id": 31}, {"weight": 2, "random_weight": 0.7829213711278895, "id": 33}, {"weight": 2, "random_weight": 0.4722916682154995, "id": 45}, {"weight": 1, "random_weight": 0.18509357633450696, "id": 47}], [{"weight": 1, "random_weight": 0.7623695118688586, "id": 24}, {"weight": 2, "random_weight": 0.8793559114467765, "id": 28}, {"weight": 2, "random_weight": 0.7829213711278895, "id": 32}, {"weight": 2, "random_weight": 0.5865818607259243, "id": 38}, {"weight": 1, "random_weight": 0.6430933396828563, "id": 47}], [{"weight": 1, "random_weight": 0.6202570504933934, "id": 26}, {"weight": 2, "random_weight": 0.11010716102877272, "id": 27}, {"weight": 2, "random_weight": 0.5390588594702703, "id": 35}, {"weight": 1, "random_weight": 0.024508132607692357, "id": 37}], [{"weight": 1, "random_weight": 0.47952278380342406, "id": 13}, {"weight": 2, "random_weight": 0.5700246119505614, "id": 26}, {"weight": 2, "random_weight": 0.5390588594702703, "id": 34}, {"weight": 1, "random_weight": 0.2074973904315328, "id": 36}, {"weight": 2, "random_weight": 0.20066272310847066, "id": 37}], [{"weight": 2, "random_weight": 0.2906279282772396, "id": 10}, {"weight": 1, "random_weight": 0.5301130861432496, "id": 13}, {"weight": 1, "random_weight": 0.8111543493037479, "id": 26}, {"weight": 1, "random_weight": 0.2074973904315328, "id": 35}, {"weight": 3, "random_weight": 0.7734370418215614, "id": 39}], [{"weight": 2, "random_weight": 0.06985376121032005, "id": 3}, {"weight": 2, "random_weight": 0.021490340280173603, "id": 13}, {"weight": 1, "random_weight": 0.024508132607692357, "id": 34}, {"weight": 2, "random_weight": 0.20066272310847066, "id": 35}], [{"weight": 1, "random_weight": 0.9044071613793013, "id": 11}, {"weight": 2, "random_weight": 0.5841112857741757, "id": 22}, {"weight": 1, "random_weight": 0.6228172645619596, "id": 28}, {"weight": 2, "random_weight": 0.5865818607259243, "id": 33}, {"weight": 1, "random_weight": 0.45152278608225727, "id": 40}], [{"weight": 1, "random_weight": 0.767708343865018, "id": 13}, {"weight": 2, "random_weight": 0.49031443683213516, "id": 30}, {"weight": 2, "random_weight": 0.19224678717071741, "id": 31}, {"weight": 3, "random_weight": 0.7734370418215614, "id": 36}], [{"weight": 2, "random_weight": 0.17950064249685393, "id": 21}, {"weight": 1, "random_weight": 0.17687043848859696, "id": 22}, {"weight": 1, "random_weight": 0.45152278608225727, "id": 38}, {"weight": 1, "random_weight": 0.9227381779552273, "id": 41}, {"weight": 1, "random_weight": 0.6618863554949072, "id": 42}, {"weight": 2, "random_weight": 0.2935348021817338, "id": 47}], [{"weight": 1, "random_weight": 0.7437641271683656, "id": 4}, {"weight": 1, "random_weight": 0.7936931169503977, "id": 18}, {"weight": 1, "random_weight": 0.9227381779552273, "id": 40}, {"weight": 1, "random_weight": 0.7206634519398571, "id": 45}, {"weight": 1, "random_weight": 0.8957804617117241, "id": 46}, {"weight": 3, "random_weight": 0.9462928894648918, "id": 47}], [{"weight": 1, "random_weight": 0.4435477538802889, "id": 21}, {"weight": 3, "random_weight": 0.5585653708211297, "id": 29}, {"weight": 1, "random_weight": 0.6618863554949072, "id": 40}, {"weight": 1, "random_weight": 0.5743338606311085, "id": 43}, {"weight": 2, "random_weight": 0.9215708499878811, "id": 46}], [{"weight": 1, "random_weight": 0.6343377466806629, "id": 15}, {"weight": 1, "random_weight": 0.21616422667587387, "id": 21}, {"weight": 2, "random_weight": 0.967244969130889, "id": 29}, {"weight": 1, "random_weight": 0.5743338606311085, "id": 42}], [{"weight": 2, "random_weight": 0.30382153740885387, "id": 2}, {"weight": 1, "random_weight": 0.5755377984329538, "id": 13}, {"weight": 3, "random_weight": 0.14833539857585254, "id": 30}], [{"weight": 2, "random_weight": 0.30975314197255566, "id": 10}, {"weight": 1, "random_weight": 0.7029623344662046, "id": 18}, {"weight": 1, "random_weight": 0.48147687746093937, "id": 31}, {"weight": 2, "random_weight": 0.4722916682154995, "id": 32}, {"weight": 1, "random_weight": 0.7206634519398571, "id": 41}, {"weight": 1, "random_weight": 0.971709117325726, "id": 47}], [{"weight": 1, "random_weight": 0.9246151702686006, "id": 4}, {"weight": 2, "random_weight": 0.30224630760052185, "id": 6}, {"weight": 1, "random_weight": 0.9279578780756341, "id": 20}, {"weight": 1, "random_weight": 0.7510350081303135, "id": 29}, {"weight": 1, "random_weight": 0.8957804617117241, "id": 41}, {"weight": 2, "random_weight": 0.9215708499878811, "id": 42}], [{"weight": 1, "random_weight": 0.18509357633450696, "id": 32}, {"weight": 1, "random_weight": 0.6430933396828563, "id": 33}, {"weight": 2, "random_weight": 0.2935348021817338, "id": 40}, {"weight": 3, "random_weight": 0.9462928894648918, "id": 41}, {"weight": 1, "random_weight": 0.971709117325726, "id": 45}]]}