{"directed": false, "multigraph": false, "graph": [], "nodes": [{"graph": null, "nnodes": 3, "nedges": 2, "density": 0.6666666666666666, "atomics": "[138, 139, 140]", "group_pop": 3, "init_part_assignment": 5, "id": 0}, {"graph": null, "nnodes": 3, "nedges": 2, "density": 0.6666666666666666, "atomics": "[8, 9, 10]", "group_pop": 3, "init_part_assignment": 0, "id": 1}, {"graph": null, "nnodes": 3, "nedges": 2, "density": 0.6666666666666666, "atomics": "[11, 22, 23]", "group_pop": 3, "init_part_assignment": 0, "id": 2}, {"graph": null, "nnodes": 3, "nedges": 2, "density": 0.6666666666666666, "atomics": "[89, 65, 77]", "group_pop": 3, "init_part_assignment": 10, "id": 3}, {"graph": null, "nnodes": 3, "nedges": 2, "density": 0.6666666666666666, "atomics": "[113, 114, 101]", "group_pop": 3, "init_part_assignment": 10, "id": 4}, {"graph": null, "nnodes": 3, "nedges": 2, "density": 0.6666666666666666, "atomics": "[107, 131, 119]", "group_pop": 3, "init_part_assignment": 6, "id": 5}, {"graph": null, "nnodes": 3, "nedges": 2, "density": 0.6666666666666666, "atomics": "[141, 142, 143]", "group_pop": 3, "init_part_assignment": 5, "id": 6}, {"graph": null, "nnodes": 3, "nedges": 2, "density": 0.6666666666666666, "atomics": "[128, 129, 116]", "group_pop": 3, "init_part_assignment": 5, "id": 7}, {"graph": null, "nnodes": 3, "nedges": 2, "density": 0.6666666666666666, "atomics": "[66, 67, 68]", "group_pop": 3, "init_part_assignment": 9, "id": 8}, {"graph": null, "nnodes": 3, "nedges": 2, "density": 0.6666666666666666, "atomics": "[53, 54, 55]", "group_pop": 3, "init_part_assignment": 3, "id": 9}, {"graph": null, "nnodes": 3, "nedges": 2, "density": 0.6666666666666666, "atomics": "[0, 1, 12]", "group_pop": 3, "init_part_assignment": 1, "id": 10}, {"graph": null, "nnodes": 3, "nedges": 2, "density": 0.6666666666666666, "atomics": "[2, 13, 14]", "group_pop": 3, "init_part_assignment": 1, "id": 11}, {"graph": null, "nnodes": 3, "nedges": 2, "density": 0.6666666666666666, "atomics": "[34, 35, 47]", "group_pop": 3, "init_part_assignment": 7, "id": 12}, {"graph": null, "nnodes": 3, "nedges": 2, "density": 0.6666666666666666, "atomics": "[115, 126, 127]", "group_pop": 3, "init_part_assignment": 5, "id": 13}, {"graph": null, "nnodes": 3, "nedges": 2, "density": 0.6666666666666666, "atomics": "[120, 132, 133]", "group_pop": 3, "init_part_assignment": 8, "id": 14}, {"graph": null, "nnodes": 3, "nedges": 2, "density": 0.6666666666666666, "atomics": "[136, 134, 135]", "group_pop": 3, "init_part_assignment": 8, "id": 15}, {"graph": null, "nnodes": 3, "nedges": 2, "density": 0.6666666666666666, "atomics": "[104, 80, 92]", "group_pop": 3, "init_part_assignment": 9, "id": 16}, {"graph": null, "nnodes": 3, "nedges": 2, "density": 0.6666666666666666, "atomics": "[91, 103, 79]", "group_pop": 3, "init_part_assignment": 9, "id": 17}, {"graph": null, "nnodes": 3, "nedges": 2, "density": 0.6666666666666666, "atomics": "[137, 124, 125]", "group_pop": 3, "init_part_assignment": 10, "id": 18}, {"graph": null, "nnodes": 3, "nedges": 2, "density": 0.6666666666666666, "atomics": "[130, 117, 118]", "group_pop": 3, "init_part_assignment": 6, "id": 19}, {"graph": null, "nnodes": 3, "nedges": 2, "density": 0.6666666666666666, "atomics": "[72, 48, 60]", "group_pop": 3, "init_part_assignment": 4, "id": 20}, {"graph": null, "nnodes": 3, "nedges": 2, "density": 0.6666666666666666, "atomics": "[81, 93, 105]", "group_pop": 3, "init_part_assignment": 7, "id": 21}, {"graph": null, "nnodes": 3, "nedges": 2, "density": 0.6666666666666666, "atomics": "[106, 82, 94]", "group_pop": 3, "init_part_assignment": 6, "id": 22}, {"graph": null, "nnodes": 3, "nedges": 2, "density": 0.6666666666666666, "atomics": "[78, 90, 102]", "group_pop": 3, "init_part_assignment": 9, "id": 23}, {"graph": null, "nnodes": 3, "nedges": 2, "density": 0.6666666666666666, "atomics": "[16, 17, 5]", "group_pop": 3, "init_part_assignment": 2, "id": 24}, {"graph": null, "nnodes": 3, "nedges": 2, "density": 0.6666666666666666, "atomics": "[3, 4, 15]", "group_pop": 3, "init_part_assignment": 1, "id": 25}, {"graph": null, "nnodes": 3, "nedges": 2, "density": 0.6666666666666666, "atomics": "[121, 122, 110]", "group_pop": 3, "init_part_assignment": 8, "id": 26}, {"graph": null, "nnodes": 3, "nedges": 2, "density": 0.6666666666666666, "atomics": "[97, 108, 109]", "group_pop": 3, "init_part_assignment": 11, "id": 27}, {"graph": null, "nnodes": 3, "nedges": 2, "density": 0.6666666666666666, "atomics": "[19, 20, 31]", "group_pop": 3, "init_part_assignment": 0, "id": 28}, {"graph": null, "nnodes": 3, "nedges": 2, "density": 0.6666666666666666, "atomics": "[18, 6, 7]", "group_pop": 3, "init_part_assignment": 3, "id": 29}, {"graph": null, "nnodes": 3, "nedges": 2, "density": 0.6666666666666666, "atomics": "[27, 28, 29]", "group_pop": 3, "init_part_assignment": 2, "id": 30}, {"graph": null, "nnodes": 3, "nedges": 2, "density": 0.6666666666666666, "atomics": "[50, 38, 39]", "group_pop": 3, "init_part_assignment": 2, "id": 31}, {"graph": null, "nnodes": 3, "nedges": 2, "density": 0.6666666666666666, "atomics": "[57, 69, 70]", "group_pop": 3, "init_part_assignment": 7, "id": 32}, {"graph": null, "nnodes": 3, "nedges": 2, "density": 0.6666666666666666, "atomics": "[73, 61, 62]", "group_pop": 3, "init_part_assignment": 4, "id": 33}, {"graph": null, "nnodes": 3, "nedges": 2, "density": 0.6666666666666666, "atomics": "[49, 36, 37]", "group_pop": 3, "init_part_assignment": 4, "id": 34}, {"graph": null, "nnodes": 3, "nedges": 2, "density": 0.6666666666666666, "atomics": "[56, 32, 44]", "group_pop": 3, "init_part_assignment": 3, "id": 35}, {"graph": null, "nnodes": 3, "nedges": 2, "density": 0.6666666666666666, "atomics": "[83, 71, 95]", "group_pop": 3, "init_part_assignment": 6, "id": 36}, {"graph": null, "nnodes": 3, "nedges": 2, "density": 0.6666666666666666, "atomics": "[58, 59, 46]", "group_pop": 3, "init_part_assignment": 7, "id": 37}, {"graph": null, "nnodes": 3, "nedges": 2, "density": 0.6666666666666666, "atomics": "[24, 25, 26]", "group_pop": 3, "init_part_assignment": 1, "id": 38}, {"graph": null, "nnodes": 3, "nedges": 2, "density": 0.6666666666666666, "atomics": "[33, 45, 21]", "group_pop": 3, "init_part_assignment": 0, "id": 39}, {"graph": null, "nnodes": 3, "nedges": 2, "density": 0.6666666666666666, "atomics": "[42, 43, 30]", "group_pop": 3, "init_part_assignment": 3, "id": 40}, {"graph": null, "nnodes": 3, "nedges": 2, "density": 0.6666666666666666, "atomics": "[74, 86, 98]", "group_pop": 3, "init_part_assignment": 11, "id": 41}, {"graph": null, "nnodes": 3, "nedges": 2, "density": 0.6666666666666666, "atomics": "[75, 76, 87]", "group_pop": 3, "init_part_assignment": 11, "id": 42}, {"graph": null, "nnodes": 3, "nedges": 2, "density": 0.6666666666666666, "atomics": "[112, 123, 111]", "group_pop": 3, "init_part_assignment": 8, "id": 43}, {"graph": null, "nnodes": 3, "nedges": 2, "density": 0.6666666666666666, "atomics": "[96, 84, 85]", "group_pop": 3, "init_part_assignment": 4, "id": 44}, {"graph": null, "nnodes": 3, "nedges": 2, "density": 0.6666666666666666, "atomics": "[88, 99, 100]", "group_pop": 3, "init_part_assignment": 10, "id": 45}, {"graph": null, "nnodes": 3, "nedges": 2, "density": 0.6666666666666666, "atomics": "[64, 51, 63]", "group_pop": 3, "init_part_assignment": 11, "id": 46}, {"graph": null, "nnodes": 3, "nedges": 2, "density": 0.6666666666666666, "atomics": "[40, 41, 52]", "group_pop": 3, "init_part_assignment": 2, "id": 47}], "adjacency": [[{"weight": 1, "random_weight": 0.7124268307884256, "id": 6}, {"weight": 1, "random_weight": 0.31374668000590245, "id": 7}, {"weight": 2, "random_weight": 0.5873551098845735, "id": 13}, {"weight": 1, "random_weight": 0.6846794064835127, "id": 18}], [{"weight": 2, "random_weight": 0.3810703474480144, "id": 2}, {"weight": 1, "random_weight": 0.45726701854924634, "id": 28}, {"weight": 1, "random_weight": 0.8072662085801587, "id": 29}, {"weight": 1, "random_weight": 0.8625476939940768, "id": 39}], [{"weight": 2, "random_weight": 0.3810703474480144, "id": 1}, {"weight": 2, "random_weight": 0.9313142673965104, "id": 12}, {"weight": 1, "random_weight": 0.7265920607526608, "id": 39}], [{"weight": 1, "random_weight": 0.24145393698865936, "id": 4}, {"weight": 1, "random_weight": 0.29192306666976064, "id": 8}, {"weight": 1, "random_weight": 0.015467127243975254, "id": 9}, {"weight": 2, "random_weight": 0.998732890657866, "id": 23}, {"weight": 1, "random_weight": 0.6238042010974088, "id": 42}, {"weight": 1, "random_weight": 0.42006435832780364, "id": 45}, {"weight": 1, "random_weight": 0.18156113300404986, "id": 46}], [{"weight": 1, "random_weight": 0.24145393698865936, "id": 3}, {"weight": 2, "random_weight": 0.9327592672695607, "id": 13}, {"weight": 1, "random_weight": 0.7275781825316319, "id": 18}, {"weight": 2, "random_weight": 0.35919286237530623, "id": 23}, {"weight": 1, "random_weight": 0.859817643681003, "id": 43}, {"weight": 1, "random_weight": 0.02417756682705874, "id": 45}], [{"weight": 1, "random_weight": 0.9764875429705728, "id": 6}, {"weight": 2, "random_weight": 0.9057819644812921, "id": 19}, {"weight": 1, "random_weight": 0.012458597242115288, "id": 22}, {"weight": 1, "random_weight": 0.4842383388553717, "id": 36}], [{"weight": 1, "random_weight": 0.7124268307884256, "id": 0}, {"weight": 1, "random_weight": 0.9764875429705728, "id": 5}, {"weight": 1, "random_weight": 0.4076822239291985, "id": 7}, {"weight": 1, "random_weight": 0.5543922109459148, "id": 19}], [{"weight": 1, "random_weight": 0.31374668000590245, "id": 0}, {"weight": 1, "random_weight": 0.4076822239291985, "id": 6}, {"weight": 2, "random_weight": 0.22212378147219825, "id": 13}, {"weight": 1, "random_weight": 0.8101958775562229, "id": 16}, {"weight": 3, "random_weight": 0.0017473312195197543, "id": 19}], [{"weight": 1, "random_weight": 0.29192306666976064, "id": 3}, {"weight": 2, "random_weight": 0.5468476215369934, "id": 9}, {"weight": 1, "random_weight": 0.47129281773016685, "id": 16}, {"weight": 1, "random_weight": 0.15583117134142477, "id": 17}, {"weight": 1, "random_weight": 0.13855333076052445, "id": 23}, {"weight": 1, "random_weight": 0.580597645888967, "id": 32}, {"weight": 1, "random_weight": 0.567116202857873, "id": 35}], [{"weight": 1, "random_weight": 0.015467127243975254, "id": 3}, {"weight": 2, "random_weight": 0.5468476215369934, "id": 8}, {"weight": 1, "random_weight": 0.2328367272524704, "id": 35}, {"weight": 2, "random_weight": 0.12149227849423427, "id": 40}, {"weight": 2, "random_weight": 0.8281334673349712, "id": 47}], [{"weight": 3, "random_weight": 0.3431716136571846, "id": 11}, {"weight": 1, "random_weight": 0.2767584648008261, "id": 38}], [{"weight": 3, "random_weight": 0.3431716136571846, "id": 10}, {"weight": 2, "random_weight": 0.21624503361570957, "id": 25}, {"weight": 2, "random_weight": 0.5240907520549057, "id": 38}], [{"weight": 2, "random_weight": 0.9313142673965104, "id": 2}, {"weight": 3, "random_weight": 0.5086824665275381, "id": 37}, {"weight": 1, "random_weight": 0.9447826560853018, "id": 39}], [{"weight": 2, "random_weight": 0.5873551098845735, "id": 0}, {"weight": 2, "random_weight": 0.9327592672695607, "id": 4}, {"weight": 2, "random_weight": 0.22212378147219825, "id": 7}, {"weight": 1, "random_weight": 0.6717429519057572, "id": 17}, {"weight": 1, "random_weight": 0.9607597613150765, "id": 18}], [{"weight": 1, "random_weight": 0.18937213406591236, "id": 15}, {"weight": 2, "random_weight": 0.6701766304283895, "id": 26}, {"weight": 1, "random_weight": 0.7412807763593586, "id": 27}], [{"weight": 1, "random_weight": 0.18937213406591236, "id": 14}, {"weight": 2, "random_weight": 0.25606902837956347, "id": 18}, {"weight": 1, "random_weight": 0.9438137899833339, "id": 26}, {"weight": 1, "random_weight": 0.3964949429694121, "id": 43}], [{"weight": 1, "random_weight": 0.8101958775562229, "id": 7}, {"weight": 1, "random_weight": 0.47129281773016685, "id": 8}, {"weight": 3, "random_weight": 0.8070010764407101, "id": 17}, {"weight": 3, "random_weight": 0.10097653844414767, "id": 21}], [{"weight": 1, "random_weight": 0.15583117134142477, "id": 8}, {"weight": 1, "random_weight": 0.6717429519057572, "id": 13}, {"weight": 3, "random_weight": 0.8070010764407101, "id": 16}, {"weight": 3, "random_weight": 0.5764820257566107, "id": 23}], [{"weight": 1, "random_weight": 0.6846794064835127, "id": 0}, {"weight": 1, "random_weight": 0.7275781825316319, "id": 4}, {"weight": 1, "random_weight": 0.9607597613150765, "id": 13}, {"weight": 2, "random_weight": 0.25606902837956347, "id": 15}, {"weight": 2, "random_weight": 0.5432087597217529, "id": 43}], [{"weight": 2, "random_weight": 0.9057819644812921, "id": 5}, {"weight": 1, "random_weight": 0.5543922109459148, "id": 6}, {"weight": 3, "random_weight": 0.0017473312195197543, "id": 7}, {"weight": 1, "random_weight": 0.8691270302262819, "id": 21}, {"weight": 1, "random_weight": 0.14225612299415502, "id": 22}], [{"weight": 2, "random_weight": 0.5532678306393544, "id": 33}, {"weight": 2, "random_weight": 0.23562226325331304, "id": 34}, {"weight": 1, "random_weight": 0.2614680489159591, "id": 44}], [{"weight": 3, "random_weight": 0.10097653844414767, "id": 16}, {"weight": 1, "random_weight": 0.8691270302262819, "id": 19}, {"weight": 3, "random_weight": 0.28061525213838745, "id": 22}, {"weight": 1, "random_weight": 0.12526472121039334, "id": 32}], [{"weight": 1, "random_weight": 0.012458597242115288, "id": 5}, {"weight": 1, "random_weight": 0.14225612299415502, "id": 19}, {"weight": 3, "random_weight": 0.28061525213838745, "id": 21}, {"weight": 1, "random_weight": 0.7762987557628939, "id": 32}, {"weight": 2, "random_weight": 0.6105407027671477, "id": 36}], [{"weight": 2, "random_weight": 0.998732890657866, "id": 3}, {"weight": 2, "random_weight": 0.35919286237530623, "id": 4}, {"weight": 1, "random_weight": 0.13855333076052445, "id": 8}, {"weight": 3, "random_weight": 0.5764820257566107, "id": 17}], [{"weight": 3, "random_weight": 0.5877773503635865, "id": 25}, {"weight": 2, "random_weight": 0.7293431156943626, "id": 29}, {"weight": 2, "random_weight": 0.06085748865401008, "id": 30}], [{"weight": 2, "random_weight": 0.21624503361570957, "id": 11}, {"weight": 3, "random_weight": 0.5877773503635865, "id": 24}, {"weight": 1, "random_weight": 0.46062020727556097, "id": 30}], [{"weight": 2, "random_weight": 0.6701766304283895, "id": 14}, {"weight": 1, "random_weight": 0.9438137899833339, "id": 15}, {"weight": 2, "random_weight": 0.8131918612484932, "id": 27}, {"weight": 1, "random_weight": 0.8656426786438944, "id": 41}, {"weight": 2, "random_weight": 0.10659327247679318, "id": 43}], [{"weight": 1, "random_weight": 0.7412807763593586, "id": 14}, {"weight": 2, "random_weight": 0.8131918612484932, "id": 26}, {"weight": 1, "random_weight": 0.1632153609005459, "id": 41}, {"weight": 3, "random_weight": 0.7246547114645481, "id": 44}], [{"weight": 1, "random_weight": 0.45726701854924634, "id": 1}, {"weight": 2, "random_weight": 0.263762380208984, "id": 29}, {"weight": 2, "random_weight": 0.3917154992448979, "id": 35}, {"weight": 1, "random_weight": 0.33352141125369295, "id": 39}, {"weight": 2, "random_weight": 0.42896017315907276, "id": 40}], [{"weight": 1, "random_weight": 0.8072662085801587, "id": 1}, {"weight": 2, "random_weight": 0.7293431156943626, "id": 24}, {"weight": 2, "random_weight": 0.263762380208984, "id": 28}, {"weight": 1, "random_weight": 0.5211813253799004, "id": 40}], [{"weight": 2, "random_weight": 0.06085748865401008, "id": 24}, {"weight": 1, "random_weight": 0.46062020727556097, "id": 25}, {"weight": 1, "random_weight": 0.6241917330948418, "id": 31}, {"weight": 1, "random_weight": 0.22884959701901575, "id": 38}, {"weight": 1, "random_weight": 0.7053057698105459, "id": 40}, {"weight": 2, "random_weight": 0.4092046819203077, "id": 47}], [{"weight": 1, "random_weight": 0.6241917330948418, "id": 30}, {"weight": 1, "random_weight": 0.8955414750855775, "id": 33}, {"weight": 2, "random_weight": 0.8258219354482151, "id": 34}, {"weight": 1, "random_weight": 0.8290461773371424, "id": 38}, {"weight": 2, "random_weight": 0.23849647736305213, "id": 46}, {"weight": 1, "random_weight": 0.22277175526030324, "id": 47}], [{"weight": 1, "random_weight": 0.580597645888967, "id": 8}, {"weight": 1, "random_weight": 0.12526472121039334, "id": 21}, {"weight": 1, "random_weight": 0.7762987557628939, "id": 22}, {"weight": 1, "random_weight": 0.5001225464137908, "id": 35}, {"weight": 1, "random_weight": 0.9991950329110623, "id": 36}, {"weight": 2, "random_weight": 0.02852354801065282, "id": 37}, {"weight": 1, "random_weight": 0.5989142842215986, "id": 39}], [{"weight": 2, "random_weight": 0.5532678306393544, "id": 20}, {"weight": 1, "random_weight": 0.8955414750855775, "id": 31}, {"weight": 1, "random_weight": 0.20387328059735266, "id": 34}, {"weight": 2, "random_weight": 0.7344529698896267, "id": 41}, {"weight": 1, "random_weight": 0.41717873281967266, "id": 44}, {"weight": 1, "random_weight": 0.23686947525473956, "id": 46}], [{"weight": 2, "random_weight": 0.23562226325331304, "id": 20}, {"weight": 2, "random_weight": 0.8258219354482151, "id": 31}, {"weight": 1, "random_weight": 0.20387328059735266, "id": 33}, {"weight": 2, "random_weight": 0.5172065268772114, "id": 38}], [{"weight": 1, "random_weight": 0.567116202857873, "id": 8}, {"weight": 1, "random_weight": 0.2328367272524704, "id": 9}, {"weight": 2, "random_weight": 0.3917154992448979, "id": 28}, {"weight": 1, "random_weight": 0.5001225464137908, "id": 32}, {"weight": 2, "random_weight": 0.7245429916894948, "id": 39}, {"weight": 1, "random_weight": 0.3882606480014088, "id": 40}], [{"weight": 1, "random_weight": 0.4842383388553717, "id": 5}, {"weight": 2, "random_weight": 0.6105407027671477, "id": 22}, {"weight": 1, "random_weight": 0.9991950329110623, "id": 32}, {"weight": 1, "random_weight": 0.5732059319924311, "id": 37}], [{"weight": 3, "random_weight": 0.5086824665275381, "id": 12}, {"weight": 2, "random_weight": 0.02852354801065282, "id": 32}, {"weight": 1, "random_weight": 0.5732059319924311, "id": 36}, {"weight": 1, "random_weight": 0.5981424696869568, "id": 39}], [{"weight": 1, "random_weight": 0.2767584648008261, "id": 10}, {"weight": 2, "random_weight": 0.5240907520549057, "id": 11}, {"weight": 1, "random_weight": 0.22884959701901575, "id": 30}, {"weight": 1, "random_weight": 0.8290461773371424, "id": 31}, {"weight": 2, "random_weight": 0.5172065268772114, "id": 34}], [{"weight": 1, "random_weight": 0.8625476939940768, "id": 1}, {"weight": 1, "random_weight": 0.7265920607526608, "id": 2}, {"weight": 1, "random_weight": 0.9447826560853018, "id": 12}, {"weight": 1, "random_weight": 0.33352141125369295, "id": 28}, {"weight": 1, "random_weight": 0.5989142842215986, "id": 32}, {"weight": 2, "random_weight": 0.7245429916894948, "id": 35}, {"weight": 1, "random_weight": 0.5981424696869568, "id": 37}], [{"weight": 2, "random_weight": 0.12149227849423427, "id": 9}, {"weight": 2, "random_weight": 0.42896017315907276, "id": 28}, {"weight": 1, "random_weight": 0.5211813253799004, "id": 29}, {"weight": 1, "random_weight": 0.7053057698105459, "id": 30}, {"weight": 1, "random_weight": 0.3882606480014088, "id": 35}, {"weight": 1, "random_weight": 0.5269845952327967, "id": 47}], [{"weight": 1, "random_weight": 0.8656426786438944, "id": 26}, {"weight": 1, "random_weight": 0.1632153609005459, "id": 27}, {"weight": 2, "random_weight": 0.7344529698896267, "id": 33}, {"weight": 2, "random_weight": 0.19914635645503276, "id": 42}, {"weight": 1, "random_weight": 0.6951664225305856, "id": 44}, {"weight": 1, "random_weight": 0.25939598973668043, "id": 45}], [{"weight": 1, "random_weight": 0.6238042010974088, "id": 3}, {"weight": 2, "random_weight": 0.19914635645503276, "id": 41}, {"weight": 3, "random_weight": 0.6998363909931855, "id": 45}, {"weight": 2, "random_weight": 0.23375066107281717, "id": 46}], [{"weight": 1, "random_weight": 0.859817643681003, "id": 4}, {"weight": 1, "random_weight": 0.3964949429694121, "id": 15}, {"weight": 2, "random_weight": 0.5432087597217529, "id": 18}, {"weight": 2, "random_weight": 0.10659327247679318, "id": 26}, {"weight": 2, "random_weight": 0.7327293953583577, "id": 45}], [{"weight": 1, "random_weight": 0.2614680489159591, "id": 20}, {"weight": 3, "random_weight": 0.7246547114645481, "id": 27}, {"weight": 1, "random_weight": 0.41717873281967266, "id": 33}, {"weight": 1, "random_weight": 0.6951664225305856, "id": 41}], [{"weight": 1, "random_weight": 0.42006435832780364, "id": 3}, {"weight": 1, "random_weight": 0.02417756682705874, "id": 4}, {"weight": 1, "random_weight": 0.25939598973668043, "id": 41}, {"weight": 3, "random_weight": 0.6998363909931855, "id": 42}, {"weight": 2, "random_weight": 0.7327293953583577, "id": 43}], [{"weight": 1, "random_weight": 0.18156113300404986, "id": 3}, {"weight": 2, "random_weight": 0.23849647736305213, "id": 31}, {"weight": 1, "random_weight": 0.23686947525473956, "id": 33}, {"weight": 2, "random_weight": 0.23375066107281717, "id": 42}, {"weight": 2, "random_weight": 0.3833110379509257, "id": 47}], [{"weight": 2, "random_weight": 0.8281334673349712, "id": 9}, {"weight": 2, "random_weight": 0.4092046819203077, "id": 30}, {"weight": 1, "random_weight": 0.22277175526030324, "id": 31}, {"weight": 1, "random_weight": 0.5269845952327967, "id": 40}, {"weight": 2, "random_weight": 0.3833110379509257, "id": 46}]]}