{"directed": false, "multigraph": false, "graph": [], "nodes": [{"graph": null, "nnodes": 3, "nedges": 2, "density": 0.6666666666666666, "atomics": "[138, 139, 140]", "group_pop": 3, "init_part_assignment": 11, "id": 0}, {"graph": null, "nnodes": 3, "nedges": 2, "density": 0.6666666666666666, "atomics": "[9, 10, 11]", "group_pop": 3, "init_part_assignment": 7, "id": 1}, {"graph": null, "nnodes": 3, "nedges": 2, "density": 0.6666666666666666, "atomics": "[35, 22, 23]", "group_pop": 3, "init_part_assignment": 6, "id": 2}, {"graph": null, "nnodes": 3, "nedges": 2, "density": 0.6666666666666666, "atomics": "[89, 101, 113]", "group_pop": 3, "init_part_assignment": 11, "id": 3}, {"graph": null, "nnodes": 3, "nedges": 2, "density": 0.6666666666666666, "atomics": "[130, 131, 118]", "group_pop": 3, "init_part_assignment": 2, "id": 4}, {"graph": null, "nnodes": 3, "nedges": 2, "density": 0.6666666666666666, "atomics": "[106, 107, 119]", "group_pop": 3, "init_part_assignment": 2, "id": 5}, {"graph": null, "nnodes": 3, "nedges": 2, "density": 0.6666666666666666, "atomics": "[141, 142, 143]", "group_pop": 3, "init_part_assignment": 2, "id": 6}, {"graph": null, "nnodes": 3, "nedges": 2, "density": 0.6666666666666666, "atomics": "[129, 117, 105]", "group_pop": 3, "init_part_assignment": 2, "id": 7}, {"graph": null, "nnodes": 3, "nedges": 2, "density": 0.6666666666666666, "atomics": "[66, 53, 54]", "group_pop": 3, "init_part_assignment": 7, "id": 8}, {"graph": null, "nnodes": 3, "nedges": 2, "density": 0.6666666666666666, "atomics": "[67, 68, 69]", "group_pop": 3, "init_part_assignment": 3, "id": 9}, {"graph": null, "nnodes": 3, "nedges": 2, "density": 0.6666666666666666, "atomics": "[0, 1, 2]", "group_pop": 3, "init_part_assignment": 0, "id": 10}, {"graph": null, "nnodes": 3, "nedges": 2, "density": 0.6666666666666666, "atomics": "[33, 34, 45]", "group_pop": 3, "init_part_assignment": 6, "id": 11}, {"graph": null, "nnodes": 3, "nedges": 2, "density": 0.6666666666666666, "atomics": "[59, 46, 47]", "group_pop": 3, "init_part_assignment": 6, "id": 12}, {"graph": null, "nnodes": 3, "nedges": 2, "density": 0.6666666666666666, "atomics": "[128, 116, 104]", "group_pop": 3, "init_part_assignment": 1, "id": 13}, {"graph": null, "nnodes": 3, "nedges": 2, "density": 0.6666666666666666, "atomics": "[115, 126, 127]", "group_pop": 3, "init_part_assignment": 1, "id": 14}, {"graph": null, "nnodes": 3, "nedges": 2, "density": 0.6666666666666666, "atomics": "[132, 133, 134]", "group_pop": 3, "init_part_assignment": 10, "id": 15}, {"graph": null, "nnodes": 3, "nedges": 2, "density": 0.6666666666666666, "atomics": "[114, 102, 103]", "group_pop": 3, "init_part_assignment": 1, "id": 16}, {"graph": null, "nnodes": 3, "nedges": 2, "density": 0.6666666666666666, "atomics": "[90, 91, 78]", "group_pop": 3, "init_part_assignment": 11, "id": 17}, {"graph": null, "nnodes": 3, "nedges": 2, "density": 0.6666666666666666, "atomics": "[80, 92, 79]", "group_pop": 3, "init_part_assignment": 1, "id": 18}, {"graph": null, "nnodes": 3, "nedges": 2, "density": 0.6666666666666666, "atomics": "[136, 123, 135]", "group_pop": 3, "init_part_assignment": 10, "id": 19}, {"graph": null, "nnodes": 3, "nedges": 2, "density": 0.6666666666666666, "atomics": "[137, 124, 125]", "group_pop": 3, "init_part_assignment": 11, "id": 20}, {"graph": null, "nnodes": 3, "nedges": 2, "density": 0.6666666666666666, "atomics": "[72, 60, 84]", "group_pop": 3, "init_part_assignment": 10, "id": 21}, {"graph": null, "nnodes": 3, "nedges": 2, "density": 0.6666666666666666, "atomics": "[48, 49, 50]", "group_pop": 3, "init_part_assignment": 4, "id": 22}, {"graph": null, "nnodes": 3, "nedges": 2, "density": 0.6666666666666666, "atomics": "[16, 27, 15]", "group_pop": 3, "init_part_assignment": 5, "id": 23}, {"graph": null, "nnodes": 3, "nedges": 2, "density": 0.6666666666666666, "atomics": "[3, 4, 5]", "group_pop": 3, "init_part_assignment": 5, "id": 24}, {"graph": null, "nnodes": 3, "nedges": 2, "density": 0.6666666666666666, "atomics": "[81, 82, 93]", "group_pop": 3, "init_part_assignment": 3, "id": 25}, {"graph": null, "nnodes": 3, "nedges": 2, "density": 0.6666666666666666, "atomics": "[26, 13, 14]", "group_pop": 3, "init_part_assignment": 0, "id": 26}, {"graph": null, "nnodes": 3, "nedges": 2, "density": 0.6666666666666666, "atomics": "[120, 108, 96]", "group_pop": 3, "init_part_assignment": 10, "id": 27}, {"graph": null, "nnodes": 3, "nedges": 2, "density": 0.6666666666666666, "atomics": "[121, 122, 109]", "group_pop": 3, "init_part_assignment": 9, "id": 28}, {"graph": null, "nnodes": 3, "nedges": 2, "density": 0.6666666666666666, "atomics": "[17, 18, 19]", "group_pop": 3, "init_part_assignment": 5, "id": 29}, {"graph": null, "nnodes": 3, "nedges": 2, "density": 0.6666666666666666, "atomics": "[8, 6, 7]", "group_pop": 3, "init_part_assignment": 5, "id": 30}, {"graph": null, "nnodes": 3, "nedges": 2, "density": 0.6666666666666666, "atomics": "[28, 29, 30]", "group_pop": 3, "init_part_assignment": 4, "id": 31}, {"graph": null, "nnodes": 3, "nedges": 2, "density": 0.6666666666666666, "atomics": "[51, 52, 39]", "group_pop": 3, "init_part_assignment": 4, "id": 32}, {"graph": null, "nnodes": 3, "nedges": 2, "density": 0.6666666666666666, "atomics": "[83, 94, 95]", "group_pop": 3, "init_part_assignment": 3, "id": 33}, {"graph": null, "nnodes": 3, "nedges": 2, "density": 0.6666666666666666, "atomics": "[58, 70, 71]", "group_pop": 3, "init_part_assignment": 3, "id": 34}, {"graph": null, "nnodes": 3, "nedges": 2, "density": 0.6666666666666666, "atomics": "[73, 74, 61]", "group_pop": 3, "init_part_assignment": 8, "id": 35}, {"graph": null, "nnodes": 3, "nedges": 2, "density": 0.6666666666666666, "atomics": "[56, 57, 44]", "group_pop": 3, "init_part_assignment": 6, "id": 36}, {"graph": null, "nnodes": 3, "nedges": 2, "density": 0.6666666666666666, "atomics": "[24, 25, 12]", "group_pop": 3, "init_part_assignment": 0, "id": 37}, {"graph": null, "nnodes": 3, "nedges": 2, "density": 0.6666666666666666, "atomics": "[36, 37, 38]", "group_pop": 3, "init_part_assignment": 0, "id": 38}, {"graph": null, "nnodes": 3, "nedges": 2, "density": 0.6666666666666666, "atomics": "[43, 55, 31]", "group_pop": 3, "init_part_assignment": 7, "id": 39}, {"graph": null, "nnodes": 3, "nedges": 2, "density": 0.6666666666666666, "atomics": "[75, 99, 87]", "group_pop": 3, "init_part_assignment": 8, "id": 40}, {"graph": null, "nnodes": 3, "nedges": 2, "density": 0.6666666666666666, "atomics": "[97, 85, 86]", "group_pop": 3, "init_part_assignment": 9, "id": 41}, {"graph": null, "nnodes": 3, "nedges": 2, "density": 0.6666666666666666, "atomics": "[98, 110, 111]", "group_pop": 3, "init_part_assignment": 9, "id": 42}, {"graph": null, "nnodes": 3, "nedges": 2, "density": 0.6666666666666666, "atomics": "[32, 20, 21]", "group_pop": 3, "init_part_assignment": 7, "id": 43}, {"graph": null, "nnodes": 3, "nedges": 2, "density": 0.6666666666666666, "atomics": "[40, 41, 42]", "group_pop": 3, "init_part_assignment": 4, "id": 44}, {"graph": null, "nnodes": 3, "nedges": 2, "density": 0.6666666666666666, "atomics": "[65, 76, 77]", "group_pop": 3, "init_part_assignment": 8, "id": 45}, {"graph": null, "nnodes": 3, "nedges": 2, "density": 0.6666666666666666, "atomics": "[112, 88, 100]", "group_pop": 3, "init_part_assignment": 9, "id": 46}, {"graph": null, "nnodes": 3, "nedges": 2, "density": 0.6666666666666666, "atomics": "[64, 62, 63]", "group_pop": 3, "init_part_assignment": 8, "id": 47}], "adjacency": [[{"weight": 1, "random_weight": 0.6349331268196865, "id": 6}, {"weight": 1, "random_weight": 0.40981917928145795, "id": 13}, {"weight": 2, "random_weight": 0.46791500802045394, "id": 14}, {"weight": 1, "random_weight": 0.6366865394936106, "id": 20}], [{"weight": 2, "random_weight": 0.9220571452453856, "id": 2}, {"weight": 1, "random_weight": 0.6540834604966452, "id": 30}, {"weight": 1, "random_weight": 0.07850543339776928, "id": 43}], [{"weight": 2, "random_weight": 0.9220571452453856, "id": 1}, {"weight": 2, "random_weight": 0.3574098387393704, "id": 11}, {"weight": 1, "random_weight": 0.2611038913674024, "id": 12}, {"weight": 1, "random_weight": 0.6653422747960419, "id": 43}], [{"weight": 2, "random_weight": 0.7936651995630701, "id": 16}, {"weight": 1, "random_weight": 0.9632661444625976, "id": 17}, {"weight": 1, "random_weight": 0.10511589603802618, "id": 20}, {"weight": 1, "random_weight": 0.6413289029674636, "id": 45}, {"weight": 3, "random_weight": 0.9484992660847115, "id": 46}], [{"weight": 3, "random_weight": 0.16506065892460686, "id": 5}, {"weight": 2, "random_weight": 0.13388541926547515, "id": 6}, {"weight": 2, "random_weight": 0.9146436728854758, "id": 7}], [{"weight": 3, "random_weight": 0.16506065892460686, "id": 4}, {"weight": 1, "random_weight": 0.2548979073099611, "id": 7}, {"weight": 2, "random_weight": 0.5947861664858848, "id": 33}], [{"weight": 1, "random_weight": 0.6349331268196865, "id": 0}, {"weight": 2, "random_weight": 0.13388541926547515, "id": 4}, {"weight": 1, "random_weight": 0.7638865117154827, "id": 7}], [{"weight": 2, "random_weight": 0.9146436728854758, "id": 4}, {"weight": 1, "random_weight": 0.2548979073099611, "id": 5}, {"weight": 1, "random_weight": 0.7638865117154827, "id": 6}, {"weight": 3, "random_weight": 0.7391264838304842, "id": 13}, {"weight": 1, "random_weight": 0.8677691146185282, "id": 25}], [{"weight": 1, "random_weight": 0.5009309604345289, "id": 9}, {"weight": 1, "random_weight": 0.5357337697267915, "id": 17}, {"weight": 1, "random_weight": 0.7523019680500017, "id": 32}, {"weight": 1, "random_weight": 0.13916697166923275, "id": 39}, {"weight": 2, "random_weight": 0.9972076821264795, "id": 44}, {"weight": 2, "random_weight": 0.956693672724115, "id": 45}], [{"weight": 1, "random_weight": 0.5009309604345289, "id": 8}, {"weight": 2, "random_weight": 0.998107377239321, "id": 18}, {"weight": 1, "random_weight": 0.5236302330281845, "id": 25}, {"weight": 1, "random_weight": 0.03384476921041735, "id": 34}, {"weight": 2, "random_weight": 0.2235647877548178, "id": 36}, {"weight": 1, "random_weight": 0.9430474655734467, "id": 39}], [{"weight": 1, "random_weight": 0.8123344739923942, "id": 24}, {"weight": 2, "random_weight": 0.5530576111006849, "id": 26}, {"weight": 1, "random_weight": 0.45982676365893216, "id": 37}], [{"weight": 2, "random_weight": 0.3574098387393704, "id": 2}, {"weight": 2, "random_weight": 0.8779480774249349, "id": 12}, {"weight": 2, "random_weight": 0.4778074882833574, "id": 36}, {"weight": 2, "random_weight": 0.9239402940136616, "id": 43}], [{"weight": 1, "random_weight": 0.2611038913674024, "id": 2}, {"weight": 2, "random_weight": 0.8779480774249349, "id": 11}, {"weight": 3, "random_weight": 0.41171237002601235, "id": 34}], [{"weight": 1, "random_weight": 0.40981917928145795, "id": 0}, {"weight": 3, "random_weight": 0.7391264838304842, "id": 7}, {"weight": 2, "random_weight": 0.3998455362321346, "id": 14}, {"weight": 1, "random_weight": 0.03637334923449209, "id": 16}, {"weight": 1, "random_weight": 0.7093982209004187, "id": 18}], [{"weight": 2, "random_weight": 0.46791500802045394, "id": 0}, {"weight": 2, "random_weight": 0.3998455362321346, "id": 13}, {"weight": 3, "random_weight": 0.15397112524752088, "id": 16}, {"weight": 1, "random_weight": 0.39736079290333104, "id": 20}], [{"weight": 1, "random_weight": 0.36909794990373546, "id": 19}, {"weight": 1, "random_weight": 0.771030015595218, "id": 27}, {"weight": 2, "random_weight": 0.5885543735642237, "id": 28}], [{"weight": 2, "random_weight": 0.7936651995630701, "id": 3}, {"weight": 1, "random_weight": 0.03637334923449209, "id": 13}, {"weight": 3, "random_weight": 0.15397112524752088, "id": 14}, {"weight": 2, "random_weight": 0.58101873656491, "id": 17}], [{"weight": 1, "random_weight": 0.9632661444625976, "id": 3}, {"weight": 1, "random_weight": 0.5357337697267915, "id": 8}, {"weight": 2, "random_weight": 0.58101873656491, "id": 16}, {"weight": 3, "random_weight": 0.9213459252586288, "id": 18}, {"weight": 1, "random_weight": 0.7786404589512337, "id": 45}], [{"weight": 2, "random_weight": 0.998107377239321, "id": 9}, {"weight": 1, "random_weight": 0.7093982209004187, "id": 13}, {"weight": 3, "random_weight": 0.9213459252586288, "id": 17}, {"weight": 2, "random_weight": 0.97773309270343, "id": 25}], [{"weight": 1, "random_weight": 0.36909794990373546, "id": 15}, {"weight": 3, "random_weight": 0.15727377204831472, "id": 20}, {"weight": 1, "random_weight": 0.97970602122546, "id": 28}, {"weight": 1, "random_weight": 0.9887528135709025, "id": 42}], [{"weight": 1, "random_weight": 0.6366865394936106, "id": 0}, {"weight": 1, "random_weight": 0.10511589603802618, "id": 3}, {"weight": 1, "random_weight": 0.39736079290333104, "id": 14}, {"weight": 3, "random_weight": 0.15727377204831472, "id": 19}, {"weight": 1, "random_weight": 0.9414372448631018, "id": 46}], [{"weight": 1, "random_weight": 0.8296010104403745, "id": 22}, {"weight": 1, "random_weight": 0.16797143449994856, "id": 27}, {"weight": 2, "random_weight": 0.9615286670971637, "id": 35}, {"weight": 1, "random_weight": 0.44767745566193395, "id": 41}], [{"weight": 1, "random_weight": 0.8296010104403745, "id": 21}, {"weight": 1, "random_weight": 0.2412294425780983, "id": 32}, {"weight": 1, "random_weight": 0.2972081865411813, "id": 35}, {"weight": 3, "random_weight": 0.6920403248622474, "id": 38}, {"weight": 1, "random_weight": 0.4590325263332228, "id": 47}], [{"weight": 2, "random_weight": 0.6521239428674311, "id": 24}, {"weight": 2, "random_weight": 0.4020718065406479, "id": 26}, {"weight": 1, "random_weight": 0.5407441939298213, "id": 29}, {"weight": 2, "random_weight": 0.46640693550248535, "id": 31}, {"weight": 1, "random_weight": 0.955915478900187, "id": 32}], [{"weight": 1, "random_weight": 0.8123344739923942, "id": 10}, {"weight": 2, "random_weight": 0.6521239428674311, "id": 23}, {"weight": 1, "random_weight": 0.1588139921590107, "id": 29}, {"weight": 1, "random_weight": 0.6081634614603711, "id": 30}], [{"weight": 1, "random_weight": 0.8677691146185282, "id": 7}, {"weight": 1, "random_weight": 0.5236302330281845, "id": 9}, {"weight": 2, "random_weight": 0.97773309270343, "id": 18}, {"weight": 3, "random_weight": 0.45984846645158395, "id": 33}, {"weight": 1, "random_weight": 0.7572881018040497, "id": 34}], [{"weight": 2, "random_weight": 0.5530576111006849, "id": 10}, {"weight": 2, "random_weight": 0.4020718065406479, "id": 23}, {"weight": 3, "random_weight": 0.1913000103213811, "id": 37}, {"weight": 1, "random_weight": 0.9349704139223005, "id": 38}], [{"weight": 1, "random_weight": 0.771030015595218, "id": 15}, {"weight": 1, "random_weight": 0.16797143449994856, "id": 21}, {"weight": 2, "random_weight": 0.5791034590980573, "id": 28}, {"weight": 1, "random_weight": 0.14008834539982107, "id": 41}], [{"weight": 2, "random_weight": 0.5885543735642237, "id": 15}, {"weight": 1, "random_weight": 0.97970602122546, "id": 19}, {"weight": 2, "random_weight": 0.5791034590980573, "id": 27}, {"weight": 1, "random_weight": 0.9423615389928743, "id": 41}, {"weight": 2, "random_weight": 0.16445621037205838, "id": 42}], [{"weight": 1, "random_weight": 0.5407441939298213, "id": 23}, {"weight": 1, "random_weight": 0.1588139921590107, "id": 24}, {"weight": 2, "random_weight": 0.2952015266473562, "id": 30}, {"weight": 2, "random_weight": 0.4238124020722457, "id": 31}, {"weight": 1, "random_weight": 0.6518651130808535, "id": 39}, {"weight": 1, "random_weight": 0.39655612714809474, "id": 43}], [{"weight": 1, "random_weight": 0.6540834604966452, "id": 1}, {"weight": 1, "random_weight": 0.6081634614603711, "id": 24}, {"weight": 2, "random_weight": 0.2952015266473562, "id": 29}, {"weight": 1, "random_weight": 0.4208304777534241, "id": 43}], [{"weight": 2, "random_weight": 0.46640693550248535, "id": 23}, {"weight": 2, "random_weight": 0.4238124020722457, "id": 29}, {"weight": 1, "random_weight": 0.820419629903451, "id": 39}, {"weight": 3, "random_weight": 0.40432478273123085, "id": 44}], [{"weight": 1, "random_weight": 0.7523019680500017, "id": 8}, {"weight": 1, "random_weight": 0.2412294425780983, "id": 22}, {"weight": 1, "random_weight": 0.955915478900187, "id": 23}, {"weight": 1, "random_weight": 0.8416692941910296, "id": 38}, {"weight": 2, "random_weight": 0.4037751326240919, "id": 44}, {"weight": 2, "random_weight": 0.5822489242658085, "id": 47}], [{"weight": 2, "random_weight": 0.5947861664858848, "id": 5}, {"weight": 3, "random_weight": 0.45984846645158395, "id": 25}, {"weight": 1, "random_weight": 0.08396714010252015, "id": 34}], [{"weight": 1, "random_weight": 0.03384476921041735, "id": 9}, {"weight": 3, "random_weight": 0.41171237002601235, "id": 12}, {"weight": 1, "random_weight": 0.7572881018040497, "id": 25}, {"weight": 1, "random_weight": 0.08396714010252015, "id": 33}, {"weight": 1, "random_weight": 0.007588838997091063, "id": 36}], [{"weight": 2, "random_weight": 0.9615286670971637, "id": 21}, {"weight": 1, "random_weight": 0.2972081865411813, "id": 22}, {"weight": 1, "random_weight": 0.7259715861789061, "id": 40}, {"weight": 2, "random_weight": 0.6699010253678743, "id": 41}, {"weight": 2, "random_weight": 0.034695401355734345, "id": 47}], [{"weight": 2, "random_weight": 0.2235647877548178, "id": 9}, {"weight": 2, "random_weight": 0.4778074882833574, "id": 11}, {"weight": 1, "random_weight": 0.007588838997091063, "id": 34}, {"weight": 2, "random_weight": 0.49031436204158896, "id": 39}, {"weight": 1, "random_weight": 0.3032258098761278, "id": 43}], [{"weight": 1, "random_weight": 0.45982676365893216, "id": 10}, {"weight": 3, "random_weight": 0.1913000103213811, "id": 26}, {"weight": 2, "random_weight": 0.5872871416565766, "id": 38}], [{"weight": 3, "random_weight": 0.6920403248622474, "id": 22}, {"weight": 1, "random_weight": 0.9349704139223005, "id": 26}, {"weight": 1, "random_weight": 0.8416692941910296, "id": 32}, {"weight": 2, "random_weight": 0.5872871416565766, "id": 37}], [{"weight": 1, "random_weight": 0.13916697166923275, "id": 8}, {"weight": 1, "random_weight": 0.9430474655734467, "id": 9}, {"weight": 1, "random_weight": 0.6518651130808535, "id": 29}, {"weight": 1, "random_weight": 0.820419629903451, "id": 31}, {"weight": 2, "random_weight": 0.49031436204158896, "id": 36}, {"weight": 1, "random_weight": 0.6504222941830221, "id": 43}, {"weight": 1, "random_weight": 0.898643466330217, "id": 44}], [{"weight": 1, "random_weight": 0.7259715861789061, "id": 35}, {"weight": 1, "random_weight": 0.7582233178832996, "id": 41}, {"weight": 2, "random_weight": 0.5419835104673748, "id": 42}, {"weight": 1, "random_weight": 0.8044352382906513, "id": 45}, {"weight": 2, "random_weight": 0.9929567650546046, "id": 46}, {"weight": 1, "random_weight": 0.42091487257581095, "id": 47}], [{"weight": 1, "random_weight": 0.44767745566193395, "id": 21}, {"weight": 1, "random_weight": 0.14008834539982107, "id": 27}, {"weight": 1, "random_weight": 0.9423615389928743, "id": 28}, {"weight": 2, "random_weight": 0.6699010253678743, "id": 35}, {"weight": 1, "random_weight": 0.7582233178832996, "id": 40}, {"weight": 2, "random_weight": 0.0841687822641175, "id": 42}], [{"weight": 1, "random_weight": 0.9887528135709025, "id": 19}, {"weight": 2, "random_weight": 0.16445621037205838, "id": 28}, {"weight": 2, "random_weight": 0.5419835104673748, "id": 40}, {"weight": 2, "random_weight": 0.0841687822641175, "id": 41}, {"weight": 1, "random_weight": 0.910158131827501, "id": 46}], [{"weight": 1, "random_weight": 0.07850543339776928, "id": 1}, {"weight": 1, "random_weight": 0.6653422747960419, "id": 2}, {"weight": 2, "random_weight": 0.9239402940136616, "id": 11}, {"weight": 1, "random_weight": 0.39655612714809474, "id": 29}, {"weight": 1, "random_weight": 0.4208304777534241, "id": 30}, {"weight": 1, "random_weight": 0.3032258098761278, "id": 36}, {"weight": 1, "random_weight": 0.6504222941830221, "id": 39}], [{"weight": 2, "random_weight": 0.9972076821264795, "id": 8}, {"weight": 3, "random_weight": 0.40432478273123085, "id": 31}, {"weight": 2, "random_weight": 0.4037751326240919, "id": 32}, {"weight": 1, "random_weight": 0.898643466330217, "id": 39}], [{"weight": 1, "random_weight": 0.6413289029674636, "id": 3}, {"weight": 2, "random_weight": 0.956693672724115, "id": 8}, {"weight": 1, "random_weight": 0.7786404589512337, "id": 17}, {"weight": 1, "random_weight": 0.8044352382906513, "id": 40}, {"weight": 1, "random_weight": 0.696561023907891, "id": 46}, {"weight": 2, "random_weight": 0.22478296990268642, "id": 47}], [{"weight": 3, "random_weight": 0.9484992660847115, "id": 3}, {"weight": 1, "random_weight": 0.9414372448631018, "id": 20}, {"weight": 2, "random_weight": 0.9929567650546046, "id": 40}, {"weight": 1, "random_weight": 0.910158131827501, "id": 42}, {"weight": 1, "random_weight": 0.696561023907891, "id": 45}], [{"weight": 1, "random_weight": 0.4590325263332228, "id": 22}, {"weight": 2, "random_weight": 0.5822489242658085, "id": 32}, {"weight": 2, "random_weight": 0.034695401355734345, "id": 35}, {"weight": 1, "random_weight": 0.42091487257581095, "id": 40}, {"weight": 2, "random_weight": 0.22478296990268642, "id": 45}]]}