{"directed": false, "multigraph": false, "graph": [], "nodes": [{"graph": null, "nnodes": 3, "nedges": 2, "density": 0.6666666666666666, "atomics": "[136, 137, 138]", "group_pop": 3, "init_part_assignment": 6, "id": 0}, {"graph": null, "nnodes": 3, "nedges": 2, "density": 0.6666666666666666, "atomics": "[139, 126, 127]", "group_pop": 3, "init_part_assignment": 5, "id": 1}, {"graph": null, "nnodes": 3, "nedges": 2, "density": 0.6666666666666666, "atomics": "[128, 140, 116]", "group_pop": 3, "init_part_assignment": 4, "id": 2}, {"graph": null, "nnodes": 3, "nedges": 2, "density": 0.6666666666666666, "atomics": "[9, 10, 11]", "group_pop": 3, "init_part_assignment": 2, "id": 3}, {"graph": null, "nnodes": 3, "nedges": 2, "density": 0.6666666666666666, "atomics": "[35, 23, 47]", "group_pop": 3, "init_part_assignment": 10, "id": 4}, {"graph": null, "nnodes": 3, "nedges": 2, "density": 0.6666666666666666, "atomics": "[89, 90, 78]", "group_pop": 3, "init_part_assignment": 3, "id": 5}, {"graph": null, "nnodes": 3, "nedges": 2, "density": 0.6666666666666666, "atomics": "[100, 101, 102]", "group_pop": 3, "init_part_assignment": 5, "id": 6}, {"graph": null, "nnodes": 3, "nedges": 2, "density": 0.6666666666666666, "atomics": "[113, 114, 115]", "group_pop": 3, "init_part_assignment": 5, "id": 7}, {"graph": null, "nnodes": 3, "nedges": 2, "density": 0.6666666666666666, "atomics": "[131, 142, 143]", "group_pop": 3, "init_part_assignment": 4, "id": 8}, {"graph": null, "nnodes": 3, "nedges": 2, "density": 0.6666666666666666, "atomics": "[117, 118, 119]", "group_pop": 3, "init_part_assignment": 4, "id": 9}, {"graph": null, "nnodes": 3, "nedges": 2, "density": 0.6666666666666666, "atomics": "[129, 130, 141]", "group_pop": 3, "init_part_assignment": 4, "id": 10}, {"graph": null, "nnodes": 3, "nedges": 2, "density": 0.6666666666666666, "atomics": "[64, 65, 66]", "group_pop": 3, "init_part_assignment": 9, "id": 11}, {"graph": null, "nnodes": 3, "nedges": 2, "density": 0.6666666666666666, "atomics": "[80, 67, 68]", "group_pop": 3, "init_part_assignment": 10, "id": 12}, {"graph": null, "nnodes": 3, "nedges": 2, "density": 0.6666666666666666, "atomics": "[41, 42, 54]", "group_pop": 3, "init_part_assignment": 11, "id": 13}, {"graph": null, "nnodes": 3, "nedges": 2, "density": 0.6666666666666666, "atomics": "[0, 1, 13]", "group_pop": 3, "init_part_assignment": 0, "id": 14}, {"graph": null, "nnodes": 3, "nedges": 2, "density": 0.6666666666666666, "atomics": "[2, 3, 14]", "group_pop": 3, "init_part_assignment": 1, "id": 15}, {"graph": null, "nnodes": 3, "nedges": 2, "density": 0.6666666666666666, "atomics": "[33, 34, 45]", "group_pop": 3, "init_part_assignment": 11, "id": 16}, {"graph": null, "nnodes": 3, "nedges": 2, "density": 0.6666666666666666, "atomics": "[120, 132, 108]", "group_pop": 3, "init_part_assignment": 8, "id": 17}, {"graph": null, "nnodes": 3, "nedges": 2, "density": 0.6666666666666666, "atomics": "[121, 122, 133]", "group_pop": 3, "init_part_assignment": 6, "id": 18}, {"graph": null, "nnodes": 3, "nedges": 2, "density": 0.6666666666666666, "atomics": "[123, 134, 135]", "group_pop": 3, "init_part_assignment": 6, "id": 19}, {"graph": null, "nnodes": 3, "nedges": 2, "density": 0.6666666666666666, "atomics": "[104, 105, 103]", "group_pop": 3, "init_part_assignment": 7, "id": 20}, {"graph": null, "nnodes": 3, "nedges": 2, "density": 0.6666666666666666, "atomics": "[91, 92, 79]", "group_pop": 3, "init_part_assignment": 3, "id": 21}, {"graph": null, "nnodes": 3, "nedges": 2, "density": 0.6666666666666666, "atomics": "[72, 96, 84]", "group_pop": 3, "init_part_assignment": 8, "id": 22}, {"graph": null, "nnodes": 3, "nedges": 2, "density": 0.6666666666666666, "atomics": "[48, 49, 60]", "group_pop": 3, "init_part_assignment": 0, "id": 23}, {"graph": null, "nnodes": 3, "nedges": 2, "density": 0.6666666666666666, "atomics": "[106, 107, 95]", "group_pop": 3, "init_part_assignment": 7, "id": 24}, {"graph": null, "nnodes": 3, "nedges": 2, "density": 0.6666666666666666, "atomics": "[112, 124, 125]", "group_pop": 3, "init_part_assignment": 5, "id": 25}, {"graph": null, "nnodes": 3, "nedges": 2, "density": 0.6666666666666666, "atomics": "[16, 4, 28]", "group_pop": 3, "init_part_assignment": 1, "id": 26}, {"graph": null, "nnodes": 3, "nedges": 2, "density": 0.6666666666666666, "atomics": "[18, 5, 6]", "group_pop": 3, "init_part_assignment": 2, "id": 27}, {"graph": null, "nnodes": 3, "nedges": 2, "density": 0.6666666666666666, "atomics": "[81, 93, 94]", "group_pop": 3, "init_part_assignment": 7, "id": 28}, {"graph": null, "nnodes": 3, "nedges": 2, "density": 0.6666666666666666, "atomics": "[27, 15, 39]", "group_pop": 3, "init_part_assignment": 1, "id": 29}, {"graph": null, "nnodes": 3, "nedges": 2, "density": 0.6666666666666666, "atomics": "[109, 110, 111]", "group_pop": 3, "init_part_assignment": 6, "id": 30}, {"graph": null, "nnodes": 3, "nedges": 2, "density": 0.6666666666666666, "atomics": "[8, 19, 7]", "group_pop": 3, "init_part_assignment": 2, "id": 31}, {"graph": null, "nnodes": 3, "nedges": 2, "density": 0.6666666666666666, "atomics": "[17, 29, 30]", "group_pop": 3, "init_part_assignment": 1, "id": 32}, {"graph": null, "nnodes": 3, "nedges": 2, "density": 0.6666666666666666, "atomics": "[82, 83, 71]", "group_pop": 3, "init_part_assignment": 7, "id": 33}, {"graph": null, "nnodes": 3, "nedges": 2, "density": 0.6666666666666666, "atomics": "[57, 69, 70]", "group_pop": 3, "init_part_assignment": 10, "id": 34}, {"graph": null, "nnodes": 3, "nedges": 2, "density": 0.6666666666666666, "atomics": "[73, 74, 85]", "group_pop": 3, "init_part_assignment": 8, "id": 35}, {"graph": null, "nnodes": 3, "nedges": 2, "density": 0.6666666666666666, "atomics": "[61, 62, 63]", "group_pop": 3, "init_part_assignment": 9, "id": 36}, {"graph": null, "nnodes": 3, "nedges": 2, "density": 0.6666666666666666, "atomics": "[56, 32, 44]", "group_pop": 3, "init_part_assignment": 11, "id": 37}, {"graph": null, "nnodes": 3, "nedges": 2, "density": 0.6666666666666666, "atomics": "[58, 59, 46]", "group_pop": 3, "init_part_assignment": 10, "id": 38}, {"graph": null, "nnodes": 3, "nedges": 2, "density": 0.6666666666666666, "atomics": "[24, 36, 12]", "group_pop": 3, "init_part_assignment": 0, "id": 39}, {"graph": null, "nnodes": 3, "nedges": 2, "density": 0.6666666666666666, "atomics": "[25, 26, 37]", "group_pop": 3, "init_part_assignment": 0, "id": 40}, {"graph": null, "nnodes": 3, "nedges": 2, "density": 0.6666666666666666, "atomics": "[43, 55, 31]", "group_pop": 3, "init_part_assignment": 11, "id": 41}, {"graph": null, "nnodes": 3, "nedges": 2, "density": 0.6666666666666666, "atomics": "[75, 86, 87]", "group_pop": 3, "init_part_assignment": 3, "id": 42}, {"graph": null, "nnodes": 3, "nedges": 2, "density": 0.6666666666666666, "atomics": "[97, 98, 99]", "group_pop": 3, "init_part_assignment": 8, "id": 43}, {"graph": null, "nnodes": 3, "nedges": 2, "density": 0.6666666666666666, "atomics": "[20, 21, 22]", "group_pop": 3, "init_part_assignment": 2, "id": 44}, {"graph": null, "nnodes": 3, "nedges": 2, "density": 0.6666666666666666, "atomics": "[40, 52, 53]", "group_pop": 3, "init_part_assignment": 9, "id": 45}, {"graph": null, "nnodes": 3, "nedges": 2, "density": 0.6666666666666666, "atomics": "[88, 76, 77]", "group_pop": 3, "init_part_assignment": 3, "id": 46}, {"graph": null, "nnodes": 3, "nedges": 2, "density": 0.6666666666666666, "atomics": "[50, 51, 38]", "group_pop": 3, "init_part_assignment": 9, "id": 47}], "adjacency": [[{"weight": 2, "random_weight": 0.943106277641252, "id": 1}, {"weight": 1, "random_weight": 0.051188812767269276, "id": 19}, {"weight": 2, "random_weight": 0.5346740341750754, "id": 25}], [{"weight": 2, "random_weight": 0.943106277641252, "id": 0}, {"weight": 2, "random_weight": 0.9934993863193003, "id": 2}, {"weight": 2, "random_weight": 0.49144632667518895, "id": 7}, {"weight": 1, "random_weight": 0.9040068720623772, "id": 25}], [{"weight": 2, "random_weight": 0.9934993863193003, "id": 1}, {"weight": 1, "random_weight": 0.17624639002014109, "id": 7}, {"weight": 1, "random_weight": 0.11983004303830147, "id": 9}, {"weight": 2, "random_weight": 0.6016556210586447, "id": 10}, {"weight": 1, "random_weight": 0.6399581733896337, "id": 20}], [{"weight": 1, "random_weight": 0.9708879873016526, "id": 4}, {"weight": 1, "random_weight": 0.14074631256712067, "id": 31}, {"weight": 2, "random_weight": 0.19088543554570658, "id": 44}], [{"weight": 1, "random_weight": 0.9708879873016526, "id": 3}, {"weight": 1, "random_weight": 0.7901687277013315, "id": 16}, {"weight": 2, "random_weight": 0.6740662519667339, "id": 38}, {"weight": 1, "random_weight": 0.8246030946912298, "id": 44}], [{"weight": 2, "random_weight": 0.7784072177255192, "id": 6}, {"weight": 1, "random_weight": 0.1384463361482019, "id": 11}, {"weight": 2, "random_weight": 0.12066927783215642, "id": 21}, {"weight": 3, "random_weight": 0.2530317953600941, "id": 46}], [{"weight": 2, "random_weight": 0.7784072177255192, "id": 5}, {"weight": 2, "random_weight": 0.9217536588148518, "id": 7}, {"weight": 1, "random_weight": 0.9403421670376365, "id": 20}, {"weight": 1, "random_weight": 0.5589948544191018, "id": 25}, {"weight": 1, "random_weight": 0.6917192051371888, "id": 43}, {"weight": 1, "random_weight": 0.7237631158224598, "id": 46}], [{"weight": 2, "random_weight": 0.49144632667518895, "id": 1}, {"weight": 1, "random_weight": 0.17624639002014109, "id": 2}, {"weight": 2, "random_weight": 0.9217536588148518, "id": 6}, {"weight": 1, "random_weight": 0.875848862996853, "id": 20}, {"weight": 2, "random_weight": 0.8134786644713259, "id": 25}], [{"weight": 1, "random_weight": 0.4410913355535082, "id": 9}, {"weight": 3, "random_weight": 0.9928542637037329, "id": 10}], [{"weight": 1, "random_weight": 0.11983004303830147, "id": 2}, {"weight": 1, "random_weight": 0.4410913355535082, "id": 8}, {"weight": 2, "random_weight": 0.8714483835279957, "id": 10}, {"weight": 1, "random_weight": 0.9918447822117956, "id": 20}, {"weight": 2, "random_weight": 0.6087997111962243, "id": 24}], [{"weight": 2, "random_weight": 0.6016556210586447, "id": 2}, {"weight": 3, "random_weight": 0.9928542637037329, "id": 8}, {"weight": 2, "random_weight": 0.8714483835279957, "id": 9}], [{"weight": 1, "random_weight": 0.1384463361482019, "id": 5}, {"weight": 1, "random_weight": 0.796963748824307, "id": 12}, {"weight": 1, "random_weight": 0.4097029777252721, "id": 13}, {"weight": 1, "random_weight": 0.6389601463809577, "id": 36}, {"weight": 2, "random_weight": 0.03327106159161408, "id": 45}, {"weight": 2, "random_weight": 0.8723859069342872, "id": 46}], [{"weight": 1, "random_weight": 0.796963748824307, "id": 11}, {"weight": 3, "random_weight": 0.8500508235957035, "id": 21}, {"weight": 1, "random_weight": 0.9010278823689892, "id": 28}, {"weight": 1, "random_weight": 0.2936154322679313, "id": 34}, {"weight": 1, "random_weight": 0.5690038976669651, "id": 37}, {"weight": 1, "random_weight": 0.9182540772855871, "id": 41}], [{"weight": 1, "random_weight": 0.4097029777252721, "id": 11}, {"weight": 2, "random_weight": 0.3251228280166215, "id": 32}, {"weight": 2, "random_weight": 0.19961942665653254, "id": 41}, {"weight": 3, "random_weight": 0.32570288447478934, "id": 45}], [{"weight": 2, "random_weight": 0.48723498149967903, "id": 15}, {"weight": 2, "random_weight": 0.053916137851380275, "id": 39}, {"weight": 1, "random_weight": 0.30550171304469076, "id": 40}], [{"weight": 2, "random_weight": 0.48723498149967903, "id": 14}, {"weight": 1, "random_weight": 0.44953624544976023, "id": 26}, {"weight": 2, "random_weight": 0.8186816338222312, "id": 29}, {"weight": 1, "random_weight": 0.8524753026836417, "id": 40}], [{"weight": 1, "random_weight": 0.7901687277013315, "id": 4}, {"weight": 1, "random_weight": 0.04317947912126596, "id": 34}, {"weight": 2, "random_weight": 0.04871979749291844, "id": 37}, {"weight": 2, "random_weight": 0.6405728458080269, "id": 38}, {"weight": 2, "random_weight": 0.16316788788715197, "id": 44}], [{"weight": 2, "random_weight": 0.6144238657232048, "id": 18}, {"weight": 1, "random_weight": 0.15492631364781828, "id": 22}, {"weight": 1, "random_weight": 0.14062139578956612, "id": 30}], [{"weight": 2, "random_weight": 0.6144238657232048, "id": 17}, {"weight": 3, "random_weight": 0.4260828826628278, "id": 19}, {"weight": 2, "random_weight": 0.6075715926380519, "id": 30}], [{"weight": 1, "random_weight": 0.051188812767269276, "id": 0}, {"weight": 3, "random_weight": 0.4260828826628278, "id": 18}, {"weight": 1, "random_weight": 0.3001431445981765, "id": 25}, {"weight": 1, "random_weight": 0.8103047809558487, "id": 30}], [{"weight": 1, "random_weight": 0.6399581733896337, "id": 2}, {"weight": 1, "random_weight": 0.9403421670376365, "id": 6}, {"weight": 1, "random_weight": 0.875848862996853, "id": 7}, {"weight": 1, "random_weight": 0.9918447822117956, "id": 9}, {"weight": 2, "random_weight": 0.6721282713861202, "id": 21}, {"weight": 1, "random_weight": 0.2288834441467551, "id": 24}, {"weight": 1, "random_weight": 0.680947153508309, "id": 28}], [{"weight": 2, "random_weight": 0.12066927783215642, "id": 5}, {"weight": 3, "random_weight": 0.8500508235957035, "id": 12}, {"weight": 2, "random_weight": 0.6721282713861202, "id": 20}, {"weight": 1, "random_weight": 0.6746522776436423, "id": 28}], [{"weight": 1, "random_weight": 0.15492631364781828, "id": 17}, {"weight": 1, "random_weight": 0.33136541087825844, "id": 23}, {"weight": 2, "random_weight": 0.2284220709235505, "id": 35}, {"weight": 1, "random_weight": 0.41865548420868504, "id": 43}], [{"weight": 1, "random_weight": 0.33136541087825844, "id": 22}, {"weight": 2, "random_weight": 0.17803166155940542, "id": 36}, {"weight": 1, "random_weight": 0.5256837870646995, "id": 39}, {"weight": 1, "random_weight": 0.4708477603944293, "id": 40}, {"weight": 1, "random_weight": 0.9715946799372571, "id": 47}], [{"weight": 2, "random_weight": 0.6087997111962243, "id": 9}, {"weight": 1, "random_weight": 0.2288834441467551, "id": 20}, {"weight": 2, "random_weight": 0.9616847833621696, "id": 28}, {"weight": 1, "random_weight": 0.32478693920208135, "id": 33}], [{"weight": 2, "random_weight": 0.5346740341750754, "id": 0}, {"weight": 1, "random_weight": 0.9040068720623772, "id": 1}, {"weight": 1, "random_weight": 0.5589948544191018, "id": 6}, {"weight": 2, "random_weight": 0.8134786644713259, "id": 7}, {"weight": 1, "random_weight": 0.3001431445981765, "id": 19}, {"weight": 1, "random_weight": 0.579729863166141, "id": 30}], [{"weight": 1, "random_weight": 0.44953624544976023, "id": 15}, {"weight": 1, "random_weight": 0.7451789578069858, "id": 27}, {"weight": 2, "random_weight": 0.2804861565888439, "id": 29}, {"weight": 2, "random_weight": 0.24524052695272291, "id": 32}, {"weight": 1, "random_weight": 0.6979363985119074, "id": 45}], [{"weight": 1, "random_weight": 0.7451789578069858, "id": 26}, {"weight": 2, "random_weight": 0.3205721977410364, "id": 31}, {"weight": 3, "random_weight": 0.6843825495958977, "id": 32}], [{"weight": 1, "random_weight": 0.9010278823689892, "id": 12}, {"weight": 1, "random_weight": 0.680947153508309, "id": 20}, {"weight": 1, "random_weight": 0.6746522776436423, "id": 21}, {"weight": 2, "random_weight": 0.9616847833621696, "id": 24}, {"weight": 2, "random_weight": 0.6031546082219295, "id": 33}, {"weight": 1, "random_weight": 0.7679582476333974, "id": 34}], [{"weight": 2, "random_weight": 0.8186816338222312, "id": 15}, {"weight": 2, "random_weight": 0.2804861565888439, "id": 26}, {"weight": 1, "random_weight": 0.9039399379547562, "id": 40}, {"weight": 1, "random_weight": 0.7770027306660731, "id": 45}, {"weight": 2, "random_weight": 0.9385601379333632, "id": 47}], [{"weight": 1, "random_weight": 0.14062139578956612, "id": 17}, {"weight": 2, "random_weight": 0.6075715926380519, "id": 18}, {"weight": 1, "random_weight": 0.8103047809558487, "id": 19}, {"weight": 1, "random_weight": 0.579729863166141, "id": 25}, {"weight": 3, "random_weight": 0.5762993046945969, "id": 43}], [{"weight": 1, "random_weight": 0.14074631256712067, "id": 3}, {"weight": 2, "random_weight": 0.3205721977410364, "id": 27}, {"weight": 1, "random_weight": 0.8380755246827327, "id": 41}, {"weight": 2, "random_weight": 0.811362130046925, "id": 44}], [{"weight": 2, "random_weight": 0.3251228280166215, "id": 13}, {"weight": 2, "random_weight": 0.24524052695272291, "id": 26}, {"weight": 3, "random_weight": 0.6843825495958977, "id": 27}, {"weight": 1, "random_weight": 0.8614120288446784, "id": 41}], [{"weight": 1, "random_weight": 0.32478693920208135, "id": 24}, {"weight": 2, "random_weight": 0.6031546082219295, "id": 28}, {"weight": 2, "random_weight": 0.9007867034608578, "id": 34}, {"weight": 1, "random_weight": 0.785893403045705, "id": 38}], [{"weight": 1, "random_weight": 0.2936154322679313, "id": 12}, {"weight": 1, "random_weight": 0.04317947912126596, "id": 16}, {"weight": 1, "random_weight": 0.7679582476333974, "id": 28}, {"weight": 2, "random_weight": 0.9007867034608578, "id": 33}, {"weight": 1, "random_weight": 0.8127547666705518, "id": 37}, {"weight": 2, "random_weight": 0.5619132790193899, "id": 38}], [{"weight": 2, "random_weight": 0.2284220709235505, "id": 22}, {"weight": 2, "random_weight": 0.9784034146897658, "id": 36}, {"weight": 3, "random_weight": 0.9644056153531253, "id": 42}, {"weight": 1, "random_weight": 0.6290640212263011, "id": 43}], [{"weight": 1, "random_weight": 0.6389601463809577, "id": 11}, {"weight": 2, "random_weight": 0.17803166155940542, "id": 23}, {"weight": 2, "random_weight": 0.9784034146897658, "id": 35}, {"weight": 1, "random_weight": 0.7606028084095292, "id": 42}, {"weight": 2, "random_weight": 0.7811626072713033, "id": 47}], [{"weight": 1, "random_weight": 0.5690038976669651, "id": 12}, {"weight": 2, "random_weight": 0.04871979749291844, "id": 16}, {"weight": 1, "random_weight": 0.8127547666705518, "id": 34}, {"weight": 3, "random_weight": 0.1885540422697769, "id": 41}, {"weight": 1, "random_weight": 0.19848322338467228, "id": 44}], [{"weight": 2, "random_weight": 0.6740662519667339, "id": 4}, {"weight": 2, "random_weight": 0.6405728458080269, "id": 16}, {"weight": 1, "random_weight": 0.785893403045705, "id": 33}, {"weight": 2, "random_weight": 0.5619132790193899, "id": 34}], [{"weight": 2, "random_weight": 0.053916137851380275, "id": 14}, {"weight": 1, "random_weight": 0.5256837870646995, "id": 23}, {"weight": 2, "random_weight": 0.10115344712938368, "id": 40}], [{"weight": 1, "random_weight": 0.30550171304469076, "id": 14}, {"weight": 1, "random_weight": 0.8524753026836417, "id": 15}, {"weight": 1, "random_weight": 0.4708477603944293, "id": 23}, {"weight": 1, "random_weight": 0.9039399379547562, "id": 29}, {"weight": 2, "random_weight": 0.10115344712938368, "id": 39}, {"weight": 2, "random_weight": 0.7176425287573746, "id": 47}], [{"weight": 1, "random_weight": 0.9182540772855871, "id": 12}, {"weight": 2, "random_weight": 0.19961942665653254, "id": 13}, {"weight": 1, "random_weight": 0.8380755246827327, "id": 31}, {"weight": 1, "random_weight": 0.8614120288446784, "id": 32}, {"weight": 3, "random_weight": 0.1885540422697769, "id": 37}], [{"weight": 3, "random_weight": 0.9644056153531253, "id": 35}, {"weight": 1, "random_weight": 0.7606028084095292, "id": 36}, {"weight": 2, "random_weight": 0.765875404288077, "id": 43}, {"weight": 2, "random_weight": 0.026018137664996055, "id": 46}], [{"weight": 1, "random_weight": 0.6917192051371888, "id": 6}, {"weight": 1, "random_weight": 0.41865548420868504, "id": 22}, {"weight": 3, "random_weight": 0.5762993046945969, "id": 30}, {"weight": 1, "random_weight": 0.6290640212263011, "id": 35}, {"weight": 2, "random_weight": 0.765875404288077, "id": 42}], [{"weight": 2, "random_weight": 0.19088543554570658, "id": 3}, {"weight": 1, "random_weight": 0.8246030946912298, "id": 4}, {"weight": 2, "random_weight": 0.16316788788715197, "id": 16}, {"weight": 2, "random_weight": 0.811362130046925, "id": 31}, {"weight": 1, "random_weight": 0.19848322338467228, "id": 37}], [{"weight": 2, "random_weight": 0.03327106159161408, "id": 11}, {"weight": 3, "random_weight": 0.32570288447478934, "id": 13}, {"weight": 1, "random_weight": 0.6979363985119074, "id": 26}, {"weight": 1, "random_weight": 0.7770027306660731, "id": 29}, {"weight": 1, "random_weight": 0.7464609010241304, "id": 47}], [{"weight": 3, "random_weight": 0.2530317953600941, "id": 5}, {"weight": 1, "random_weight": 0.7237631158224598, "id": 6}, {"weight": 2, "random_weight": 0.8723859069342872, "id": 11}, {"weight": 2, "random_weight": 0.026018137664996055, "id": 42}], [{"weight": 1, "random_weight": 0.9715946799372571, "id": 23}, {"weight": 2, "random_weight": 0.9385601379333632, "id": 29}, {"weight": 2, "random_weight": 0.7811626072713033, "id": 36}, {"weight": 2, "random_weight": 0.7176425287573746, "id": 40}, {"weight": 1, "random_weight": 0.7464609010241304, "id": 45}]]}