{"directed": false, "multigraph": false, "graph": [], "nodes": [{"graph": null, "nnodes": 3, "nedges": 2, "density": 0.6666666666666666, "atomics": "[138, 125, 126]", "group_pop": 3, "init_part_assignment": 8, "id": 0}, {"graph": null, "nnodes": 3, "nedges": 2, "density": 0.6666666666666666, "atomics": "[139, 140, 141]", "group_pop": 3, "init_part_assignment": 8, "id": 1}, {"graph": null, "nnodes": 3, "nedges": 2, "density": 0.6666666666666666, "atomics": "[9, 10, 11]", "group_pop": 3, "init_part_assignment": 0, "id": 2}, {"graph": null, "nnodes": 3, "nedges": 2, "density": 0.6666666666666666, "atomics": "[21, 22, 23]", "group_pop": 3, "init_part_assignment": 0, "id": 3}, {"graph": null, "nnodes": 3, "nedges": 2, "density": 0.6666666666666666, "atomics": "[89, 101, 77]", "group_pop": 3, "init_part_assignment": 10, "id": 4}, {"graph": null, "nnodes": 3, "nedges": 2, "density": 0.6666666666666666, "atomics": "[112, 113, 114]", "group_pop": 3, "init_part_assignment": 11, "id": 5}, {"graph": null, "nnodes": 3, "nedges": 2, "density": 0.6666666666666666, "atomics": "[131, 118, 119]", "group_pop": 3, "init_part_assignment": 6, "id": 6}, {"graph": null, "nnodes": 3, "nedges": 2, "density": 0.6666666666666666, "atomics": "[130, 142, 143]", "group_pop": 3, "init_part_assignment": 8, "id": 7}, {"graph": null, "nnodes": 3, "nedges": 2, "density": 0.6666666666666666, "atomics": "[128, 129, 117]", "group_pop": 3, "init_part_assignment": 8, "id": 8}, {"graph": null, "nnodes": 3, "nedges": 2, "density": 0.6666666666666666, "atomics": "[65, 66, 78]", "group_pop": 3, "init_part_assignment": 10, "id": 9}, {"graph": null, "nnodes": 3, "nedges": 2, "density": 0.6666666666666666, "atomics": "[67, 79, 55]", "group_pop": 3, "init_part_assignment": 7, "id": 10}, {"graph": null, "nnodes": 3, "nedges": 2, "density": 0.6666666666666666, "atomics": "[42, 43, 54]", "group_pop": 3, "init_part_assignment": 7, "id": 11}, {"graph": null, "nnodes": 3, "nedges": 2, "density": 0.6666666666666666, "atomics": "[0, 1, 12]", "group_pop": 3, "init_part_assignment": 2, "id": 12}, {"graph": null, "nnodes": 3, "nedges": 2, "density": 0.6666666666666666, "atomics": "[2, 3, 14]", "group_pop": 3, "init_part_assignment": 2, "id": 13}, {"graph": null, "nnodes": 3, "nedges": 2, "density": 0.6666666666666666, "atomics": "[34, 58, 46]", "group_pop": 3, "init_part_assignment": 0, "id": 14}, {"graph": null, "nnodes": 3, "nedges": 2, "density": 0.6666666666666666, "atomics": "[35, 59, 47]", "group_pop": 3, "init_part_assignment": 1, "id": 15}, {"graph": null, "nnodes": 3, "nedges": 2, "density": 0.6666666666666666, "atomics": "[115, 116, 127]", "group_pop": 3, "init_part_assignment": 11, "id": 16}, {"graph": null, "nnodes": 3, "nedges": 2, "density": 0.6666666666666666, "atomics": "[132, 133, 134]", "group_pop": 3, "init_part_assignment": 5, "id": 17}, {"graph": null, "nnodes": 3, "nedges": 2, "density": 0.6666666666666666, "atomics": "[104, 91, 92]", "group_pop": 3, "init_part_assignment": 6, "id": 18}, {"graph": null, "nnodes": 3, "nedges": 2, "density": 0.6666666666666666, "atomics": "[90, 102, 103]", "group_pop": 3, "init_part_assignment": 10, "id": 19}, {"graph": null, "nnodes": 3, "nedges": 2, "density": 0.6666666666666666, "atomics": "[136, 137, 124]", "group_pop": 3, "init_part_assignment": 5, "id": 20}, {"graph": null, "nnodes": 3, "nedges": 2, "density": 0.6666666666666666, "atomics": "[122, 123, 135]", "group_pop": 3, "init_part_assignment": 5, "id": 21}, {"graph": null, "nnodes": 3, "nedges": 2, "density": 0.6666666666666666, "atomics": "[72, 73, 60]", "group_pop": 3, "init_part_assignment": 4, "id": 22}, {"graph": null, "nnodes": 3, "nedges": 2, "density": 0.6666666666666666, "atomics": "[48, 49, 36]", "group_pop": 3, "init_part_assignment": 3, "id": 23}, {"graph": null, "nnodes": 3, "nedges": 2, "density": 0.6666666666666666, "atomics": "[105, 106, 107]", "group_pop": 3, "init_part_assignment": 6, "id": 24}, {"graph": null, "nnodes": 3, "nedges": 2, "density": 0.6666666666666666, "atomics": "[16, 4, 5]", "group_pop": 3, "init_part_assignment": 2, "id": 25}, {"graph": null, "nnodes": 3, "nedges": 2, "density": 0.6666666666666666, "atomics": "[80, 81, 68]", "group_pop": 3, "init_part_assignment": 1, "id": 26}, {"graph": null, "nnodes": 3, "nedges": 2, "density": 0.6666666666666666, "atomics": "[93, 94, 95]", "group_pop": 3, "init_part_assignment": 6, "id": 27}, {"graph": null, "nnodes": 3, "nedges": 2, "density": 0.6666666666666666, "atomics": "[26, 27, 15]", "group_pop": 3, "init_part_assignment": 2, "id": 28}, {"graph": null, "nnodes": 3, "nedges": 2, "density": 0.6666666666666666, "atomics": "[120, 121, 108]", "group_pop": 3, "init_part_assignment": 5, "id": 29}, {"graph": null, "nnodes": 3, "nedges": 2, "density": 0.6666666666666666, "atomics": "[109, 110, 111]", "group_pop": 3, "init_part_assignment": 11, "id": 30}, {"graph": null, "nnodes": 3, "nedges": 2, "density": 0.6666666666666666, "atomics": "[18, 19, 6]", "group_pop": 3, "init_part_assignment": 9, "id": 31}, {"graph": null, "nnodes": 3, "nedges": 2, "density": 0.6666666666666666, "atomics": "[8, 20, 7]", "group_pop": 3, "init_part_assignment": 0, "id": 32}, {"graph": null, "nnodes": 3, "nedges": 2, "density": 0.6666666666666666, "atomics": "[17, 29, 30]", "group_pop": 3, "init_part_assignment": 9, "id": 33}, {"graph": null, "nnodes": 3, "nedges": 2, "density": 0.6666666666666666, "atomics": "[40, 41, 28]", "group_pop": 3, "init_part_assignment": 9, "id": 34}, {"graph": null, "nnodes": 3, "nedges": 2, "density": 0.6666666666666666, "atomics": "[37, 38, 39]", "group_pop": 3, "init_part_assignment": 3, "id": 35}, {"graph": null, "nnodes": 3, "nedges": 2, "density": 0.6666666666666666, "atomics": "[82, 83, 71]", "group_pop": 3, "init_part_assignment": 1, "id": 36}, {"graph": null, "nnodes": 3, "nedges": 2, "density": 0.6666666666666666, "atomics": "[57, 69, 70]", "group_pop": 3, "init_part_assignment": 1, "id": 37}, {"graph": null, "nnodes": 3, "nedges": 2, "density": 0.6666666666666666, "atomics": "[74, 61, 62]", "group_pop": 3, "init_part_assignment": 4, "id": 38}, {"graph": null, "nnodes": 3, "nedges": 2, "density": 0.6666666666666666, "atomics": "[56, 44, 45]", "group_pop": 3, "init_part_assignment": 7, "id": 39}, {"graph": null, "nnodes": 3, "nedges": 2, "density": 0.6666666666666666, "atomics": "[24, 25, 13]", "group_pop": 3, "init_part_assignment": 3, "id": 40}, {"graph": null, "nnodes": 3, "nedges": 2, "density": 0.6666666666666666, "atomics": "[32, 33, 31]", "group_pop": 3, "init_part_assignment": 7, "id": 41}, {"graph": null, "nnodes": 3, "nedges": 2, "density": 0.6666666666666666, "atomics": "[88, 75, 76]", "group_pop": 3, "init_part_assignment": 10, "id": 42}, {"graph": null, "nnodes": 3, "nedges": 2, "density": 0.6666666666666666, "atomics": "[84, 85, 86]", "group_pop": 3, "init_part_assignment": 4, "id": 43}, {"graph": null, "nnodes": 3, "nedges": 2, "density": 0.6666666666666666, "atomics": "[96, 97, 98]", "group_pop": 3, "init_part_assignment": 11, "id": 44}, {"graph": null, "nnodes": 3, "nedges": 2, "density": 0.6666666666666666, "atomics": "[64, 52, 53]", "group_pop": 3, "init_part_assignment": 9, "id": 45}, {"graph": null, "nnodes": 3, "nedges": 2, "density": 0.6666666666666666, "atomics": "[50, 51, 63]", "group_pop": 3, "init_part_assignment": 3, "id": 46}, {"graph": null, "nnodes": 3, "nedges": 2, "density": 0.6666666666666666, "atomics": "[99, 100, 87]", "group_pop": 3, "init_part_assignment": 4, "id": 47}], "adjacency": [[{"weight": 1, "random_weight": 0.411588539708324, "id": 1}, {"weight": 2, "random_weight": 0.5353054057847318, "id": 5}, {"weight": 1, "random_weight": 0.7903816962619655, "id": 16}, {"weight": 3, "random_weight": 0.9696879400713722, "id": 20}], [{"weight": 1, "random_weight": 0.411588539708324, "id": 0}, {"weight": 1, "random_weight": 0.9098496370540393, "id": 7}, {"weight": 2, "random_weight": 0.3696657860546112, "id": 8}, {"weight": 1, "random_weight": 0.8121256053561636, "id": 16}], [{"weight": 3, "random_weight": 0.05714736568031531, "id": 3}, {"weight": 1, "random_weight": 0.22315864132793228, "id": 32}], [{"weight": 3, "random_weight": 0.05714736568031531, "id": 2}, {"weight": 1, "random_weight": 0.08213584475970093, "id": 14}, {"weight": 1, "random_weight": 0.8971831966571985, "id": 15}, {"weight": 1, "random_weight": 0.5203495290433245, "id": 32}, {"weight": 1, "random_weight": 0.9171705526852268, "id": 41}], [{"weight": 1, "random_weight": 0.7190245098166943, "id": 5}, {"weight": 2, "random_weight": 0.29932507464384417, "id": 9}, {"weight": 2, "random_weight": 0.4676918092841372, "id": 19}, {"weight": 2, "random_weight": 0.747392561782217, "id": 42}, {"weight": 1, "random_weight": 0.6288931709499911, "id": 47}], [{"weight": 2, "random_weight": 0.5353054057847318, "id": 0}, {"weight": 1, "random_weight": 0.7190245098166943, "id": 4}, {"weight": 1, "random_weight": 0.01185715900184603, "id": 16}, {"weight": 1, "random_weight": 0.1000502288282189, "id": 19}, {"weight": 1, "random_weight": 0.9159888610456739, "id": 20}, {"weight": 1, "random_weight": 0.3249068792587948, "id": 30}, {"weight": 1, "random_weight": 0.8688655931858458, "id": 47}], [{"weight": 3, "random_weight": 0.44244128559319096, "id": 7}, {"weight": 1, "random_weight": 0.5539965851905184, "id": 8}, {"weight": 2, "random_weight": 0.17832106151846194, "id": 24}], [{"weight": 1, "random_weight": 0.9098496370540393, "id": 1}, {"weight": 3, "random_weight": 0.44244128559319096, "id": 6}, {"weight": 1, "random_weight": 0.8549831656809014, "id": 8}], [{"weight": 2, "random_weight": 0.3696657860546112, "id": 1}, {"weight": 1, "random_weight": 0.5539965851905184, "id": 6}, {"weight": 1, "random_weight": 0.8549831656809014, "id": 7}, {"weight": 3, "random_weight": 0.735914703257569, "id": 16}, {"weight": 1, "random_weight": 0.797554952932265, "id": 24}], [{"weight": 2, "random_weight": 0.29932507464384417, "id": 4}, {"weight": 2, "random_weight": 0.38787336867990685, "id": 10}, {"weight": 1, "random_weight": 0.3960574308359399, "id": 11}, {"weight": 1, "random_weight": 0.03187011274826679, "id": 19}, {"weight": 2, "random_weight": 0.7582255520764469, "id": 45}], [{"weight": 2, "random_weight": 0.38787336867990685, "id": 9}, {"weight": 2, "random_weight": 0.260340292097193, "id": 11}, {"weight": 1, "random_weight": 0.7213093634763141, "id": 18}, {"weight": 2, "random_weight": 0.936626984682632, "id": 26}, {"weight": 1, "random_weight": 0.9422571683816892, "id": 39}], [{"weight": 1, "random_weight": 0.3960574308359399, "id": 9}, {"weight": 2, "random_weight": 0.260340292097193, "id": 10}, {"weight": 1, "random_weight": 0.6647088621520898, "id": 33}, {"weight": 1, "random_weight": 0.48285891691829874, "id": 34}, {"weight": 1, "random_weight": 0.7837871008608892, "id": 39}, {"weight": 1, "random_weight": 0.33711001630825443, "id": 41}, {"weight": 1, "random_weight": 0.3220103588469877, "id": 45}], [{"weight": 1, "random_weight": 0.05080053575384502, "id": 13}, {"weight": 3, "random_weight": 0.8626366608871314, "id": 40}], [{"weight": 1, "random_weight": 0.05080053575384502, "id": 12}, {"weight": 1, "random_weight": 0.8122901128162094, "id": 25}, {"weight": 3, "random_weight": 0.34929295237209623, "id": 28}, {"weight": 1, "random_weight": 0.794391669633765, "id": 40}], [{"weight": 1, "random_weight": 0.08213584475970093, "id": 3}, {"weight": 3, "random_weight": 0.5261115692950653, "id": 15}, {"weight": 2, "random_weight": 0.4776974130572139, "id": 37}, {"weight": 1, "random_weight": 0.831791111072179, "id": 39}, {"weight": 1, "random_weight": 0.8210543183736169, "id": 41}], [{"weight": 1, "random_weight": 0.8971831966571985, "id": 3}, {"weight": 3, "random_weight": 0.5261115692950653, "id": 14}, {"weight": 1, "random_weight": 0.9648576372894602, "id": 36}], [{"weight": 1, "random_weight": 0.7903816962619655, "id": 0}, {"weight": 1, "random_weight": 0.8121256053561636, "id": 1}, {"weight": 1, "random_weight": 0.01185715900184603, "id": 5}, {"weight": 3, "random_weight": 0.735914703257569, "id": 8}, {"weight": 1, "random_weight": 0.992970749951691, "id": 18}, {"weight": 1, "random_weight": 0.4446866389015123, "id": 19}], [{"weight": 2, "random_weight": 0.6818823657822989, "id": 21}, {"weight": 2, "random_weight": 0.04347145631945748, "id": 29}], [{"weight": 1, "random_weight": 0.7213093634763141, "id": 10}, {"weight": 1, "random_weight": 0.992970749951691, "id": 16}, {"weight": 3, "random_weight": 0.7956713545517007, "id": 19}, {"weight": 1, "random_weight": 0.49437805757799214, "id": 24}, {"weight": 1, "random_weight": 0.9232289550387965, "id": 26}, {"weight": 1, "random_weight": 0.8403925972285451, "id": 27}], [{"weight": 2, "random_weight": 0.4676918092841372, "id": 4}, {"weight": 1, "random_weight": 0.1000502288282189, "id": 5}, {"weight": 1, "random_weight": 0.03187011274826679, "id": 9}, {"weight": 1, "random_weight": 0.4446866389015123, "id": 16}, {"weight": 3, "random_weight": 0.7956713545517007, "id": 18}], [{"weight": 3, "random_weight": 0.9696879400713722, "id": 0}, {"weight": 1, "random_weight": 0.9159888610456739, "id": 5}, {"weight": 2, "random_weight": 0.6856065234079369, "id": 21}], [{"weight": 2, "random_weight": 0.6818823657822989, "id": 17}, {"weight": 2, "random_weight": 0.6856065234079369, "id": 20}, {"weight": 1, "random_weight": 0.584327507983704, "id": 29}, {"weight": 2, "random_weight": 0.8835479933237658, "id": 30}], [{"weight": 1, "random_weight": 0.708821342004334, "id": 23}, {"weight": 3, "random_weight": 0.8842060079425678, "id": 38}, {"weight": 2, "random_weight": 0.9206585914704186, "id": 43}], [{"weight": 1, "random_weight": 0.708821342004334, "id": 22}, {"weight": 2, "random_weight": 0.3445671737004873, "id": 35}, {"weight": 1, "random_weight": 0.4818460860832796, "id": 38}, {"weight": 1, "random_weight": 0.15910418536986604, "id": 40}, {"weight": 1, "random_weight": 0.14414646825608102, "id": 46}], [{"weight": 2, "random_weight": 0.17832106151846194, "id": 6}, {"weight": 1, "random_weight": 0.797554952932265, "id": 8}, {"weight": 1, "random_weight": 0.49437805757799214, "id": 18}, {"weight": 3, "random_weight": 0.8205736395921265, "id": 27}], [{"weight": 1, "random_weight": 0.8122901128162094, "id": 13}, {"weight": 1, "random_weight": 0.09081517516814241, "id": 28}, {"weight": 1, "random_weight": 0.8263582660631299, "id": 31}, {"weight": 2, "random_weight": 0.820858109427511, "id": 33}, {"weight": 1, "random_weight": 0.3549408374219438, "id": 34}], [{"weight": 2, "random_weight": 0.936626984682632, "id": 10}, {"weight": 1, "random_weight": 0.9232289550387965, "id": 18}, {"weight": 1, "random_weight": 0.849602271477571, "id": 27}, {"weight": 1, "random_weight": 0.8651212182914942, "id": 36}, {"weight": 2, "random_weight": 0.6752780466148492, "id": 37}, {"weight": 1, "random_weight": 0.1551773754076381, "id": 39}], [{"weight": 1, "random_weight": 0.8403925972285451, "id": 18}, {"weight": 3, "random_weight": 0.8205736395921265, "id": 24}, {"weight": 1, "random_weight": 0.849602271477571, "id": 26}, {"weight": 2, "random_weight": 0.816252405446278, "id": 36}], [{"weight": 3, "random_weight": 0.34929295237209623, "id": 13}, {"weight": 1, "random_weight": 0.09081517516814241, "id": 25}, {"weight": 1, "random_weight": 0.8028937894986878, "id": 34}, {"weight": 2, "random_weight": 0.9011991984713849, "id": 35}, {"weight": 1, "random_weight": 0.619508225641984, "id": 40}], [{"weight": 2, "random_weight": 0.04347145631945748, "id": 17}, {"weight": 1, "random_weight": 0.584327507983704, "id": 21}, {"weight": 2, "random_weight": 0.7912634690877263, "id": 30}, {"weight": 1, "random_weight": 0.8685037009844936, "id": 44}], [{"weight": 1, "random_weight": 0.3249068792587948, "id": 5}, {"weight": 2, "random_weight": 0.8835479933237658, "id": 21}, {"weight": 2, "random_weight": 0.7912634690877263, "id": 29}, {"weight": 2, "random_weight": 0.5476792687908864, "id": 44}, {"weight": 1, "random_weight": 0.11106149301896251, "id": 47}], [{"weight": 1, "random_weight": 0.8263582660631299, "id": 25}, {"weight": 3, "random_weight": 0.8967122633474462, "id": 32}, {"weight": 2, "random_weight": 0.7543446369743163, "id": 33}, {"weight": 1, "random_weight": 0.7140746091915001, "id": 41}], [{"weight": 1, "random_weight": 0.22315864132793228, "id": 2}, {"weight": 1, "random_weight": 0.5203495290433245, "id": 3}, {"weight": 3, "random_weight": 0.8967122633474462, "id": 31}, {"weight": 1, "random_weight": 0.7270198659295094, "id": 41}], [{"weight": 1, "random_weight": 0.6647088621520898, "id": 11}, {"weight": 2, "random_weight": 0.820858109427511, "id": 25}, {"weight": 2, "random_weight": 0.7543446369743163, "id": 31}, {"weight": 2, "random_weight": 0.7171180066953851, "id": 34}, {"weight": 1, "random_weight": 0.6998266889145974, "id": 41}], [{"weight": 1, "random_weight": 0.48285891691829874, "id": 11}, {"weight": 1, "random_weight": 0.3549408374219438, "id": 25}, {"weight": 1, "random_weight": 0.8028937894986878, "id": 28}, {"weight": 2, "random_weight": 0.7171180066953851, "id": 33}, {"weight": 1, "random_weight": 0.6715993930374032, "id": 35}, {"weight": 2, "random_weight": 0.5110692505662573, "id": 45}], [{"weight": 2, "random_weight": 0.3445671737004873, "id": 23}, {"weight": 2, "random_weight": 0.9011991984713849, "id": 28}, {"weight": 1, "random_weight": 0.6715993930374032, "id": 34}, {"weight": 1, "random_weight": 0.41563290989041035, "id": 40}, {"weight": 2, "random_weight": 0.6979012655507446, "id": 46}], [{"weight": 1, "random_weight": 0.9648576372894602, "id": 15}, {"weight": 1, "random_weight": 0.8651212182914942, "id": 26}, {"weight": 2, "random_weight": 0.816252405446278, "id": 27}, {"weight": 2, "random_weight": 0.5876247964242213, "id": 37}], [{"weight": 2, "random_weight": 0.4776974130572139, "id": 14}, {"weight": 2, "random_weight": 0.6752780466148492, "id": 26}, {"weight": 2, "random_weight": 0.5876247964242213, "id": 36}, {"weight": 2, "random_weight": 0.7049293425689329, "id": 39}], [{"weight": 3, "random_weight": 0.8842060079425678, "id": 22}, {"weight": 1, "random_weight": 0.4818460860832796, "id": 23}, {"weight": 1, "random_weight": 0.3316523323926538, "id": 42}, {"weight": 1, "random_weight": 0.02145514165809359, "id": 43}, {"weight": 2, "random_weight": 0.8234239396145043, "id": 46}], [{"weight": 1, "random_weight": 0.9422571683816892, "id": 10}, {"weight": 1, "random_weight": 0.7837871008608892, "id": 11}, {"weight": 1, "random_weight": 0.831791111072179, "id": 14}, {"weight": 1, "random_weight": 0.1551773754076381, "id": 26}, {"weight": 2, "random_weight": 0.7049293425689329, "id": 37}, {"weight": 2, "random_weight": 0.902313383475031, "id": 41}], [{"weight": 3, "random_weight": 0.8626366608871314, "id": 12}, {"weight": 1, "random_weight": 0.794391669633765, "id": 13}, {"weight": 1, "random_weight": 0.15910418536986604, "id": 23}, {"weight": 1, "random_weight": 0.619508225641984, "id": 28}, {"weight": 1, "random_weight": 0.41563290989041035, "id": 35}], [{"weight": 1, "random_weight": 0.9171705526852268, "id": 3}, {"weight": 1, "random_weight": 0.33711001630825443, "id": 11}, {"weight": 1, "random_weight": 0.8210543183736169, "id": 14}, {"weight": 1, "random_weight": 0.7140746091915001, "id": 31}, {"weight": 1, "random_weight": 0.7270198659295094, "id": 32}, {"weight": 1, "random_weight": 0.6998266889145974, "id": 33}, {"weight": 2, "random_weight": 0.902313383475031, "id": 39}], [{"weight": 2, "random_weight": 0.747392561782217, "id": 4}, {"weight": 1, "random_weight": 0.3316523323926538, "id": 38}, {"weight": 1, "random_weight": 0.6603691513363139, "id": 45}, {"weight": 1, "random_weight": 0.8839301446166448, "id": 46}, {"weight": 3, "random_weight": 0.9149477325751657, "id": 47}], [{"weight": 2, "random_weight": 0.9206585914704186, "id": 22}, {"weight": 1, "random_weight": 0.02145514165809359, "id": 38}, {"weight": 3, "random_weight": 0.6448992976674021, "id": 44}, {"weight": 1, "random_weight": 0.2068798815028451, "id": 47}], [{"weight": 1, "random_weight": 0.8685037009844936, "id": 29}, {"weight": 2, "random_weight": 0.5476792687908864, "id": 30}, {"weight": 3, "random_weight": 0.6448992976674021, "id": 43}, {"weight": 1, "random_weight": 0.9324147653528381, "id": 47}], [{"weight": 2, "random_weight": 0.7582255520764469, "id": 9}, {"weight": 1, "random_weight": 0.3220103588469877, "id": 11}, {"weight": 2, "random_weight": 0.5110692505662573, "id": 34}, {"weight": 1, "random_weight": 0.6603691513363139, "id": 42}, {"weight": 2, "random_weight": 0.8226113373370582, "id": 46}], [{"weight": 1, "random_weight": 0.14414646825608102, "id": 23}, {"weight": 2, "random_weight": 0.6979012655507446, "id": 35}, {"weight": 2, "random_weight": 0.8234239396145043, "id": 38}, {"weight": 1, "random_weight": 0.8839301446166448, "id": 42}, {"weight": 2, "random_weight": 0.8226113373370582, "id": 45}], [{"weight": 1, "random_weight": 0.6288931709499911, "id": 4}, {"weight": 1, "random_weight": 0.8688655931858458, "id": 5}, {"weight": 1, "random_weight": 0.11106149301896251, "id": 30}, {"weight": 3, "random_weight": 0.9149477325751657, "id": 42}, {"weight": 1, "random_weight": 0.2068798815028451, "id": 43}, {"weight": 1, "random_weight": 0.9324147653528381, "id": 44}]]}