{"directed": false, "multigraph": false, "graph": [], "nodes": [{"graph": null, "nnodes": 3, "nedges": 2, "density": 0.6666666666666666, "atomics": "[138, 139, 140]", "group_pop": 3, "init_part_assignment": 10, "id": 0}, {"graph": null, "nnodes": 3, "nedges": 2, "density": 0.6666666666666666, "atomics": "[9, 10, 21]", "group_pop": 3, "init_part_assignment": 6, "id": 1}, {"graph": null, "nnodes": 3, "nedges": 2, "density": 0.6666666666666666, "atomics": "[11, 22, 23]", "group_pop": 3, "init_part_assignment": 6, "id": 2}, {"graph": null, "nnodes": 3, "nedges": 2, "density": 0.6666666666666666, "atomics": "[89, 101, 113]", "group_pop": 3, "init_part_assignment": 11, "id": 3}, {"graph": null, "nnodes": 3, "nedges": 2, "density": 0.6666666666666666, "atomics": "[130, 131, 143]", "group_pop": 3, "init_part_assignment": 1, "id": 4}, {"graph": null, "nnodes": 3, "nedges": 2, "density": 0.6666666666666666, "atomics": "[117, 118, 119]", "group_pop": 3, "init_part_assignment": 1, "id": 5}, {"graph": null, "nnodes": 3, "nedges": 2, "density": 0.6666666666666666, "atomics": "[129, 141, 142]", "group_pop": 3, "init_part_assignment": 10, "id": 6}, {"graph": null, "nnodes": 3, "nedges": 2, "density": 0.6666666666666666, "atomics": "[66, 90, 78]", "group_pop": 3, "init_part_assignment": 11, "id": 7}, {"graph": null, "nnodes": 3, "nedges": 2, "density": 0.6666666666666666, "atomics": "[67, 79, 55]", "group_pop": 3, "init_part_assignment": 0, "id": 8}, {"graph": null, "nnodes": 3, "nedges": 2, "density": 0.6666666666666666, "atomics": "[42, 43, 54]", "group_pop": 3, "init_part_assignment": 8, "id": 9}, {"graph": null, "nnodes": 3, "nedges": 2, "density": 0.6666666666666666, "atomics": "[0, 24, 12]", "group_pop": 3, "init_part_assignment": 4, "id": 10}, {"graph": null, "nnodes": 3, "nedges": 2, "density": 0.6666666666666666, "atomics": "[1, 2, 3]", "group_pop": 3, "init_part_assignment": 4, "id": 11}, {"graph": null, "nnodes": 3, "nedges": 2, "density": 0.6666666666666666, "atomics": "[34, 35, 46]", "group_pop": 3, "init_part_assignment": 5, "id": 12}, {"graph": null, "nnodes": 3, "nedges": 2, "density": 0.6666666666666666, "atomics": "[58, 59, 47]", "group_pop": 3, "init_part_assignment": 5, "id": 13}, {"graph": null, "nnodes": 3, "nedges": 2, "density": 0.6666666666666666, "atomics": "[128, 115, 116]", "group_pop": 3, "init_part_assignment": 10, "id": 14}, {"graph": null, "nnodes": 3, "nedges": 2, "density": 0.6666666666666666, "atomics": "[125, 126, 127]", "group_pop": 3, "init_part_assignment": 11, "id": 15}, {"graph": null, "nnodes": 3, "nedges": 2, "density": 0.6666666666666666, "atomics": "[120, 132, 108]", "group_pop": 3, "init_part_assignment": 2, "id": 16}, {"graph": null, "nnodes": 3, "nedges": 2, "density": 0.6666666666666666, "atomics": "[121, 122, 133]", "group_pop": 3, "init_part_assignment": 2, "id": 17}, {"graph": null, "nnodes": 3, "nedges": 2, "density": 0.6666666666666666, "atomics": "[123, 134, 135]", "group_pop": 3, "init_part_assignment": 2, "id": 18}, {"graph": null, "nnodes": 3, "nedges": 2, "density": 0.6666666666666666, "atomics": "[104, 91, 92]", "group_pop": 3, "init_part_assignment": 0, "id": 19}, {"graph": null, "nnodes": 3, "nedges": 2, "density": 0.6666666666666666, "atomics": "[114, 102, 103]", "group_pop": 3, "init_part_assignment": 11, "id": 20}, {"graph": null, "nnodes": 3, "nedges": 2, "density": 0.6666666666666666, "atomics": "[136, 137, 124]", "group_pop": 3, "init_part_assignment": 10, "id": 21}, {"graph": null, "nnodes": 3, "nedges": 2, "density": 0.6666666666666666, "atomics": "[72, 84, 85]", "group_pop": 3, "init_part_assignment": 3, "id": 22}, {"graph": null, "nnodes": 3, "nedges": 2, "density": 0.6666666666666666, "atomics": "[48, 36, 37]", "group_pop": 3, "init_part_assignment": 4, "id": 23}, {"graph": null, "nnodes": 3, "nedges": 2, "density": 0.6666666666666666, "atomics": "[49, 60, 61]", "group_pop": 3, "init_part_assignment": 9, "id": 24}, {"graph": null, "nnodes": 3, "nedges": 2, "density": 0.6666666666666666, "atomics": "[105, 106, 93]", "group_pop": 3, "init_part_assignment": 0, "id": 25}, {"graph": null, "nnodes": 3, "nedges": 2, "density": 0.6666666666666666, "atomics": "[107, 94, 95]", "group_pop": 3, "init_part_assignment": 1, "id": 26}, {"graph": null, "nnodes": 3, "nedges": 2, "density": 0.6666666666666666, "atomics": "[16, 17, 15]", "group_pop": 3, "init_part_assignment": 7, "id": 27}, {"graph": null, "nnodes": 3, "nedges": 2, "density": 0.6666666666666666, "atomics": "[4, 5, 6]", "group_pop": 3, "init_part_assignment": 7, "id": 28}, {"graph": null, "nnodes": 3, "nedges": 2, "density": 0.6666666666666666, "atomics": "[80, 81, 68]", "group_pop": 3, "init_part_assignment": 0, "id": 29}, {"graph": null, "nnodes": 3, "nedges": 2, "density": 0.6666666666666666, "atomics": "[25, 13, 14]", "group_pop": 3, "init_part_assignment": 4, "id": 30}, {"graph": null, "nnodes": 3, "nedges": 2, "density": 0.6666666666666666, "atomics": "[96, 97, 109]", "group_pop": 3, "init_part_assignment": 2, "id": 31}, {"graph": null, "nnodes": 3, "nedges": 2, "density": 0.6666666666666666, "atomics": "[8, 19, 7]", "group_pop": 3, "init_part_assignment": 6, "id": 32}, {"graph": null, "nnodes": 3, "nedges": 2, "density": 0.6666666666666666, "atomics": "[18, 30, 31]", "group_pop": 3, "init_part_assignment": 7, "id": 33}, {"graph": null, "nnodes": 3, "nedges": 2, "density": 0.6666666666666666, "atomics": "[40, 41, 29]", "group_pop": 3, "init_part_assignment": 8, "id": 34}, {"graph": null, "nnodes": 3, "nedges": 2, "density": 0.6666666666666666, "atomics": "[26, 27, 28]", "group_pop": 3, "init_part_assignment": 7, "id": 35}, {"graph": null, "nnodes": 3, "nedges": 2, "density": 0.6666666666666666, "atomics": "[50, 38, 39]", "group_pop": 3, "init_part_assignment": 8, "id": 36}, {"graph": null, "nnodes": 3, "nedges": 2, "density": 0.6666666666666666, "atomics": "[82, 83, 71]", "group_pop": 3, "init_part_assignment": 1, "id": 37}, {"graph": null, "nnodes": 3, "nedges": 2, "density": 0.6666666666666666, "atomics": "[57, 69, 70]", "group_pop": 3, "init_part_assignment": 5, "id": 38}, {"graph": null, "nnodes": 3, "nedges": 2, "density": 0.6666666666666666, "atomics": "[73, 74, 62]", "group_pop": 3, "init_part_assignment": 9, "id": 39}, {"graph": null, "nnodes": 3, "nedges": 2, "density": 0.6666666666666666, "atomics": "[56, 44, 45]", "group_pop": 3, "init_part_assignment": 5, "id": 40}, {"graph": null, "nnodes": 3, "nedges": 2, "density": 0.6666666666666666, "atomics": "[32, 33, 20]", "group_pop": 3, "init_part_assignment": 6, "id": 41}, {"graph": null, "nnodes": 3, "nedges": 2, "density": 0.6666666666666666, "atomics": "[75, 76, 77]", "group_pop": 3, "init_part_assignment": 9, "id": 42}, {"graph": null, "nnodes": 3, "nedges": 2, "density": 0.6666666666666666, "atomics": "[86, 98, 110]", "group_pop": 3, "init_part_assignment": 3, "id": 43}, {"graph": null, "nnodes": 3, "nedges": 2, "density": 0.6666666666666666, "atomics": "[64, 65, 53]", "group_pop": 3, "init_part_assignment": 8, "id": 44}, {"graph": null, "nnodes": 3, "nedges": 2, "density": 0.6666666666666666, "atomics": "[112, 100, 111]", "group_pop": 3, "init_part_assignment": 3, "id": 45}, {"graph": null, "nnodes": 3, "nedges": 2, "density": 0.6666666666666666, "atomics": "[88, 99, 87]", "group_pop": 3, "init_part_assignment": 3, "id": 46}, {"graph": null, "nnodes": 3, "nedges": 2, "density": 0.6666666666666666, "atomics": "[51, 52, 63]", "group_pop": 3, "init_part_assignment": 9, "id": 47}], "adjacency": [[{"weight": 1, "random_weight": 0.21714342029030154, "id": 6}, {"weight": 1, "random_weight": 0.38009185766048414, "id": 14}, {"weight": 2, "random_weight": 0.9332849150948921, "id": 15}, {"weight": 1, "random_weight": 0.4010497585409081, "id": 21}], [{"weight": 3, "random_weight": 0.892914667489023, "id": 2}, {"weight": 1, "random_weight": 0.6950908068932802, "id": 32}, {"weight": 2, "random_weight": 0.3871077354224094, "id": 41}], [{"weight": 3, "random_weight": 0.892914667489023, "id": 1}, {"weight": 2, "random_weight": 0.9961957550998268, "id": 12}], [{"weight": 1, "random_weight": 0.5082068993597157, "id": 7}, {"weight": 1, "random_weight": 0.6757697091981582, "id": 15}, {"weight": 2, "random_weight": 0.16191072361371317, "id": 20}, {"weight": 1, "random_weight": 0.8320756577289404, "id": 42}, {"weight": 2, "random_weight": 0.4280963718976246, "id": 45}, {"weight": 1, "random_weight": 0.6284375370620223, "id": 46}], [{"weight": 2, "random_weight": 0.48116355835174074, "id": 5}, {"weight": 3, "random_weight": 0.9334277695939077, "id": 6}], [{"weight": 2, "random_weight": 0.48116355835174074, "id": 4}, {"weight": 1, "random_weight": 0.5792160325735296, "id": 6}, {"weight": 1, "random_weight": 0.48414235440510567, "id": 14}, {"weight": 2, "random_weight": 0.526358793705837, "id": 25}, {"weight": 1, "random_weight": 0.488003611885643, "id": 26}], [{"weight": 1, "random_weight": 0.21714342029030154, "id": 0}, {"weight": 3, "random_weight": 0.9334277695939077, "id": 4}, {"weight": 1, "random_weight": 0.5792160325735296, "id": 5}, {"weight": 1, "random_weight": 0.5839738153528721, "id": 14}], [{"weight": 1, "random_weight": 0.5082068993597157, "id": 3}, {"weight": 2, "random_weight": 0.7212087623524664, "id": 8}, {"weight": 1, "random_weight": 0.8720097549515415, "id": 9}, {"weight": 1, "random_weight": 0.8752898629830714, "id": 19}, {"weight": 1, "random_weight": 0.7941921595329158, "id": 20}, {"weight": 1, "random_weight": 0.905066789608628, "id": 42}, {"weight": 1, "random_weight": 0.595489244867537, "id": 44}], [{"weight": 2, "random_weight": 0.7212087623524664, "id": 7}, {"weight": 2, "random_weight": 0.796115137974523, "id": 9}, {"weight": 1, "random_weight": 0.09255213912698756, "id": 19}, {"weight": 2, "random_weight": 0.2882155911709092, "id": 29}, {"weight": 1, "random_weight": 0.6815368693942215, "id": 40}], [{"weight": 1, "random_weight": 0.8720097549515415, "id": 7}, {"weight": 2, "random_weight": 0.796115137974523, "id": 8}, {"weight": 2, "random_weight": 0.5884600169310794, "id": 33}, {"weight": 1, "random_weight": 0.9885463243871604, "id": 34}, {"weight": 1, "random_weight": 0.5497963513416917, "id": 40}, {"weight": 1, "random_weight": 0.35332514029632633, "id": 44}], [{"weight": 1, "random_weight": 0.462643641682549, "id": 11}, {"weight": 1, "random_weight": 0.2214789905148733, "id": 23}, {"weight": 2, "random_weight": 0.3309297552228413, "id": 30}], [{"weight": 1, "random_weight": 0.462643641682549, "id": 10}, {"weight": 1, "random_weight": 0.5558509670838807, "id": 27}, {"weight": 1, "random_weight": 0.8370969232409711, "id": 28}, {"weight": 2, "random_weight": 0.6147302773625843, "id": 30}], [{"weight": 2, "random_weight": 0.9961957550998268, "id": 2}, {"weight": 3, "random_weight": 0.8163907347935885, "id": 13}, {"weight": 1, "random_weight": 0.5606214291357627, "id": 40}, {"weight": 1, "random_weight": 0.8003609239588432, "id": 41}], [{"weight": 3, "random_weight": 0.8163907347935885, "id": 12}, {"weight": 1, "random_weight": 0.9720203628356363, "id": 37}, {"weight": 2, "random_weight": 0.08590216112319649, "id": 38}], [{"weight": 1, "random_weight": 0.38009185766048414, "id": 0}, {"weight": 1, "random_weight": 0.48414235440510567, "id": 5}, {"weight": 1, "random_weight": 0.5839738153528721, "id": 6}, {"weight": 2, "random_weight": 0.26911911374249653, "id": 15}, {"weight": 1, "random_weight": 0.579429203494079, "id": 19}, {"weight": 2, "random_weight": 0.926913128057586, "id": 20}], [{"weight": 2, "random_weight": 0.9332849150948921, "id": 0}, {"weight": 1, "random_weight": 0.6757697091981582, "id": 3}, {"weight": 2, "random_weight": 0.26911911374249653, "id": 14}, {"weight": 1, "random_weight": 0.2014173086625376, "id": 20}, {"weight": 2, "random_weight": 0.49554107650088564, "id": 21}], [{"weight": 2, "random_weight": 0.17067822174206515, "id": 17}, {"weight": 2, "random_weight": 0.5022522376666293, "id": 31}], [{"weight": 2, "random_weight": 0.17067822174206515, "id": 16}, {"weight": 3, "random_weight": 0.3935253043471185, "id": 18}, {"weight": 1, "random_weight": 0.4758929819196499, "id": 31}, {"weight": 1, "random_weight": 0.38605666182341436, "id": 43}], [{"weight": 3, "random_weight": 0.3935253043471185, "id": 17}, {"weight": 2, "random_weight": 0.7531400831201099, "id": 21}, {"weight": 1, "random_weight": 0.9913206347113411, "id": 45}], [{"weight": 1, "random_weight": 0.8752898629830714, "id": 7}, {"weight": 1, "random_weight": 0.09255213912698756, "id": 8}, {"weight": 1, "random_weight": 0.579429203494079, "id": 14}, {"weight": 2, "random_weight": 0.5823858742660089, "id": 20}, {"weight": 2, "random_weight": 0.9438425094165795, "id": 25}, {"weight": 1, "random_weight": 0.8652373586070491, "id": 29}], [{"weight": 2, "random_weight": 0.16191072361371317, "id": 3}, {"weight": 1, "random_weight": 0.7941921595329158, "id": 7}, {"weight": 2, "random_weight": 0.926913128057586, "id": 14}, {"weight": 1, "random_weight": 0.2014173086625376, "id": 15}, {"weight": 2, "random_weight": 0.5823858742660089, "id": 19}], [{"weight": 1, "random_weight": 0.4010497585409081, "id": 0}, {"weight": 2, "random_weight": 0.49554107650088564, "id": 15}, {"weight": 2, "random_weight": 0.7531400831201099, "id": 18}, {"weight": 1, "random_weight": 0.7213074875190423, "id": 45}], [{"weight": 1, "random_weight": 0.18980045611577578, "id": 24}, {"weight": 2, "random_weight": 0.8209116550589762, "id": 31}, {"weight": 2, "random_weight": 0.342007699421649, "id": 39}, {"weight": 1, "random_weight": 0.002193072287000608, "id": 43}], [{"weight": 1, "random_weight": 0.2214789905148733, "id": 10}, {"weight": 3, "random_weight": 0.7717107932849213, "id": 24}, {"weight": 1, "random_weight": 0.2063424282471149, "id": 30}, {"weight": 1, "random_weight": 0.9517436405024604, "id": 36}], [{"weight": 1, "random_weight": 0.18980045611577578, "id": 22}, {"weight": 3, "random_weight": 0.7717107932849213, "id": 23}, {"weight": 1, "random_weight": 0.9560451298563907, "id": 36}, {"weight": 2, "random_weight": 0.03673906047688247, "id": 39}], [{"weight": 2, "random_weight": 0.526358793705837, "id": 5}, {"weight": 2, "random_weight": 0.9438425094165795, "id": 19}, {"weight": 3, "random_weight": 0.7603810522702155, "id": 26}, {"weight": 1, "random_weight": 0.5035670791961774, "id": 29}], [{"weight": 1, "random_weight": 0.488003611885643, "id": 5}, {"weight": 3, "random_weight": 0.7603810522702155, "id": 25}, {"weight": 2, "random_weight": 0.4660726355682995, "id": 37}], [{"weight": 1, "random_weight": 0.5558509670838807, "id": 11}, {"weight": 2, "random_weight": 0.06299847140310977, "id": 28}, {"weight": 1, "random_weight": 0.3512712172796816, "id": 30}, {"weight": 1, "random_weight": 0.09116756773765033, "id": 33}, {"weight": 1, "random_weight": 0.0777894822808074, "id": 34}, {"weight": 2, "random_weight": 0.06574934673971822, "id": 35}], [{"weight": 1, "random_weight": 0.8370969232409711, "id": 11}, {"weight": 2, "random_weight": 0.06299847140310977, "id": 27}, {"weight": 1, "random_weight": 0.4984219506754629, "id": 32}, {"weight": 1, "random_weight": 0.8787753375193912, "id": 33}], [{"weight": 2, "random_weight": 0.2882155911709092, "id": 8}, {"weight": 1, "random_weight": 0.8652373586070491, "id": 19}, {"weight": 1, "random_weight": 0.5035670791961774, "id": 25}, {"weight": 1, "random_weight": 0.5222703737786647, "id": 37}, {"weight": 2, "random_weight": 0.6795349715764089, "id": 38}, {"weight": 1, "random_weight": 0.8528844345974405, "id": 40}], [{"weight": 2, "random_weight": 0.3309297552228413, "id": 10}, {"weight": 2, "random_weight": 0.6147302773625843, "id": 11}, {"weight": 1, "random_weight": 0.2063424282471149, "id": 23}, {"weight": 1, "random_weight": 0.3512712172796816, "id": 27}, {"weight": 2, "random_weight": 0.35194438038145204, "id": 35}], [{"weight": 2, "random_weight": 0.5022522376666293, "id": 16}, {"weight": 1, "random_weight": 0.4758929819196499, "id": 17}, {"weight": 2, "random_weight": 0.8209116550589762, "id": 22}, {"weight": 2, "random_weight": 0.6038079810270761, "id": 43}], [{"weight": 1, "random_weight": 0.6950908068932802, "id": 1}, {"weight": 1, "random_weight": 0.4984219506754629, "id": 28}, {"weight": 2, "random_weight": 0.6982111753690352, "id": 33}, {"weight": 2, "random_weight": 0.5248876333586324, "id": 41}], [{"weight": 2, "random_weight": 0.5884600169310794, "id": 9}, {"weight": 1, "random_weight": 0.09116756773765033, "id": 27}, {"weight": 1, "random_weight": 0.8787753375193912, "id": 28}, {"weight": 2, "random_weight": 0.6982111753690352, "id": 32}, {"weight": 1, "random_weight": 0.7497736744891702, "id": 34}, {"weight": 1, "random_weight": 0.5779927691178783, "id": 41}], [{"weight": 1, "random_weight": 0.9885463243871604, "id": 9}, {"weight": 1, "random_weight": 0.0777894822808074, "id": 27}, {"weight": 1, "random_weight": 0.7497736744891702, "id": 33}, {"weight": 2, "random_weight": 0.5575802781012692, "id": 35}, {"weight": 1, "random_weight": 0.29931490253064197, "id": 36}, {"weight": 1, "random_weight": 0.018682713292169528, "id": 44}, {"weight": 1, "random_weight": 0.9486073387322477, "id": 47}], [{"weight": 2, "random_weight": 0.06574934673971822, "id": 27}, {"weight": 2, "random_weight": 0.35194438038145204, "id": 30}, {"weight": 2, "random_weight": 0.5575802781012692, "id": 34}, {"weight": 2, "random_weight": 0.9985584180829623, "id": 36}], [{"weight": 1, "random_weight": 0.9517436405024604, "id": 23}, {"weight": 1, "random_weight": 0.9560451298563907, "id": 24}, {"weight": 1, "random_weight": 0.29931490253064197, "id": 34}, {"weight": 2, "random_weight": 0.9985584180829623, "id": 35}, {"weight": 1, "random_weight": 0.6327064890468932, "id": 39}, {"weight": 2, "random_weight": 0.5357986008945339, "id": 47}], [{"weight": 1, "random_weight": 0.9720203628356363, "id": 13}, {"weight": 2, "random_weight": 0.4660726355682995, "id": 26}, {"weight": 1, "random_weight": 0.5222703737786647, "id": 29}, {"weight": 2, "random_weight": 0.8378316084150288, "id": 38}], [{"weight": 2, "random_weight": 0.08590216112319649, "id": 13}, {"weight": 2, "random_weight": 0.6795349715764089, "id": 29}, {"weight": 2, "random_weight": 0.8378316084150288, "id": 37}, {"weight": 2, "random_weight": 0.8097560802048457, "id": 40}], [{"weight": 2, "random_weight": 0.342007699421649, "id": 22}, {"weight": 2, "random_weight": 0.03673906047688247, "id": 24}, {"weight": 1, "random_weight": 0.6327064890468932, "id": 36}, {"weight": 1, "random_weight": 0.9239755230879579, "id": 42}, {"weight": 1, "random_weight": 0.8115487068418356, "id": 43}, {"weight": 1, "random_weight": 0.2946709903673296, "id": 47}], [{"weight": 1, "random_weight": 0.6815368693942215, "id": 8}, {"weight": 1, "random_weight": 0.5497963513416917, "id": 9}, {"weight": 1, "random_weight": 0.5606214291357627, "id": 12}, {"weight": 1, "random_weight": 0.8528844345974405, "id": 29}, {"weight": 2, "random_weight": 0.8097560802048457, "id": 38}, {"weight": 2, "random_weight": 0.6467757934939469, "id": 41}], [{"weight": 2, "random_weight": 0.3871077354224094, "id": 1}, {"weight": 1, "random_weight": 0.8003609239588432, "id": 12}, {"weight": 2, "random_weight": 0.5248876333586324, "id": 32}, {"weight": 1, "random_weight": 0.5779927691178783, "id": 33}, {"weight": 2, "random_weight": 0.6467757934939469, "id": 40}], [{"weight": 1, "random_weight": 0.8320756577289404, "id": 3}, {"weight": 1, "random_weight": 0.905066789608628, "id": 7}, {"weight": 1, "random_weight": 0.9239755230879579, "id": 39}, {"weight": 2, "random_weight": 0.03777495063923275, "id": 44}, {"weight": 2, "random_weight": 0.46418909689224275, "id": 46}, {"weight": 1, "random_weight": 0.31828143636705775, "id": 47}], [{"weight": 1, "random_weight": 0.38605666182341436, "id": 17}, {"weight": 1, "random_weight": 0.002193072287000608, "id": 22}, {"weight": 2, "random_weight": 0.6038079810270761, "id": 31}, {"weight": 1, "random_weight": 0.8115487068418356, "id": 39}, {"weight": 1, "random_weight": 0.7039290683631841, "id": 45}, {"weight": 2, "random_weight": 0.323178744050161, "id": 46}], [{"weight": 1, "random_weight": 0.595489244867537, "id": 7}, {"weight": 1, "random_weight": 0.35332514029632633, "id": 9}, {"weight": 1, "random_weight": 0.018682713292169528, "id": 34}, {"weight": 2, "random_weight": 0.03777495063923275, "id": 42}, {"weight": 3, "random_weight": 0.9526048568885158, "id": 47}], [{"weight": 2, "random_weight": 0.4280963718976246, "id": 3}, {"weight": 1, "random_weight": 0.9913206347113411, "id": 18}, {"weight": 1, "random_weight": 0.7213074875190423, "id": 21}, {"weight": 1, "random_weight": 0.7039290683631841, "id": 43}, {"weight": 3, "random_weight": 0.23216559166422324, "id": 46}], [{"weight": 1, "random_weight": 0.6284375370620223, "id": 3}, {"weight": 2, "random_weight": 0.46418909689224275, "id": 42}, {"weight": 2, "random_weight": 0.323178744050161, "id": 43}, {"weight": 3, "random_weight": 0.23216559166422324, "id": 45}], [{"weight": 1, "random_weight": 0.9486073387322477, "id": 34}, {"weight": 2, "random_weight": 0.5357986008945339, "id": 36}, {"weight": 1, "random_weight": 0.2946709903673296, "id": 39}, {"weight": 1, "random_weight": 0.31828143636705775, "id": 42}, {"weight": 3, "random_weight": 0.9526048568885158, "id": 44}]]}