{"directed": false, "multigraph": false, "graph": [], "nodes": [{"graph": null, "nnodes": 3, "nedges": 2, "density": 0.6666666666666666, "atomics": "[138, 139, 126]", "group_pop": 3, "init_part_assignment": 4, "id": 0}, {"graph": null, "nnodes": 3, "nedges": 2, "density": 0.6666666666666666, "atomics": "[140, 141, 142]", "group_pop": 3, "init_part_assignment": 9, "id": 1}, {"graph": null, "nnodes": 3, "nedges": 2, "density": 0.6666666666666666, "atomics": "[9, 10, 21]", "group_pop": 3, "init_part_assignment": 1, "id": 2}, {"graph": null, "nnodes": 3, "nedges": 2, "density": 0.6666666666666666, "atomics": "[11, 22, 23]", "group_pop": 3, "init_part_assignment": 1, "id": 3}, {"graph": null, "nnodes": 3, "nedges": 2, "density": 0.6666666666666666, "atomics": "[89, 101, 77]", "group_pop": 3, "init_part_assignment": 11, "id": 4}, {"graph": null, "nnodes": 3, "nedges": 2, "density": 0.6666666666666666, "atomics": "[112, 113, 100]", "group_pop": 3, "init_part_assignment": 7, "id": 5}, {"graph": null, "nnodes": 3, "nedges": 2, "density": 0.6666666666666666, "atomics": "[131, 119, 143]", "group_pop": 3, "init_part_assignment": 9, "id": 6}, {"graph": null, "nnodes": 3, "nedges": 2, "density": 0.6666666666666666, "atomics": "[129, 130, 118]", "group_pop": 3, "init_part_assignment": 9, "id": 7}, {"graph": null, "nnodes": 3, "nedges": 2, "density": 0.6666666666666666, "atomics": "[66, 78, 79]", "group_pop": 3, "init_part_assignment": 11, "id": 8}, {"graph": null, "nnodes": 3, "nedges": 2, "density": 0.6666666666666666, "atomics": "[67, 54, 55]", "group_pop": 3, "init_part_assignment": 8, "id": 9}, {"graph": null, "nnodes": 3, "nedges": 2, "density": 0.6666666666666666, "atomics": "[0, 1, 13]", "group_pop": 3, "init_part_assignment": 0, "id": 10}, {"graph": null, "nnodes": 3, "nedges": 2, "density": 0.6666666666666666, "atomics": "[2, 3, 4]", "group_pop": 3, "init_part_assignment": 0, "id": 11}, {"graph": null, "nnodes": 3, "nedges": 2, "density": 0.6666666666666666, "atomics": "[34, 35, 47]", "group_pop": 3, "init_part_assignment": 5, "id": 12}, {"graph": null, "nnodes": 3, "nedges": 2, "density": 0.6666666666666666, "atomics": "[128, 116, 117]", "group_pop": 3, "init_part_assignment": 10, "id": 13}, {"graph": null, "nnodes": 3, "nedges": 2, "density": 0.6666666666666666, "atomics": "[114, 115, 127]", "group_pop": 3, "init_part_assignment": 10, "id": 14}, {"graph": null, "nnodes": 3, "nedges": 2, "density": 0.6666666666666666, "atomics": "[120, 132, 108]", "group_pop": 3, "init_part_assignment": 7, "id": 15}, {"graph": null, "nnodes": 3, "nedges": 2, "density": 0.6666666666666666, "atomics": "[122, 133, 134]", "group_pop": 3, "init_part_assignment": 4, "id": 16}, {"graph": null, "nnodes": 3, "nedges": 2, "density": 0.6666666666666666, "atomics": "[104, 105, 103]", "group_pop": 3, "init_part_assignment": 10, "id": 17}, {"graph": null, "nnodes": 3, "nedges": 2, "density": 0.6666666666666666, "atomics": "[90, 91, 102]", "group_pop": 3, "init_part_assignment": 10, "id": 18}, {"graph": null, "nnodes": 3, "nedges": 2, "density": 0.6666666666666666, "atomics": "[80, 92, 93]", "group_pop": 3, "init_part_assignment": 8, "id": 19}, {"graph": null, "nnodes": 3, "nedges": 2, "density": 0.6666666666666666, "atomics": "[136, 137, 135]", "group_pop": 3, "init_part_assignment": 4, "id": 20}, {"graph": null, "nnodes": 3, "nedges": 2, "density": 0.6666666666666666, "atomics": "[72, 48, 60]", "group_pop": 3, "init_part_assignment": 6, "id": 21}, {"graph": null, "nnodes": 3, "nedges": 2, "density": 0.6666666666666666, "atomics": "[106, 107, 94]", "group_pop": 3, "init_part_assignment": 9, "id": 22}, {"graph": null, "nnodes": 3, "nedges": 2, "density": 0.6666666666666666, "atomics": "[123, 124, 125]", "group_pop": 3, "init_part_assignment": 4, "id": 23}, {"graph": null, "nnodes": 3, "nedges": 2, "density": 0.6666666666666666, "atomics": "[16, 17, 5]", "group_pop": 3, "init_part_assignment": 2, "id": 24}, {"graph": null, "nnodes": 3, "nedges": 2, "density": 0.6666666666666666, "atomics": "[81, 69, 70]", "group_pop": 3, "init_part_assignment": 5, "id": 25}, {"graph": null, "nnodes": 3, "nedges": 2, "density": 0.6666666666666666, "atomics": "[25, 26, 14]", "group_pop": 3, "init_part_assignment": 0, "id": 26}, {"graph": null, "nnodes": 3, "nedges": 2, "density": 0.6666666666666666, "atomics": "[27, 28, 15]", "group_pop": 3, "init_part_assignment": 0, "id": 27}, {"graph": null, "nnodes": 3, "nedges": 2, "density": 0.6666666666666666, "atomics": "[121, 109, 97]", "group_pop": 3, "init_part_assignment": 7, "id": 28}, {"graph": null, "nnodes": 3, "nedges": 2, "density": 0.6666666666666666, "atomics": "[19, 7, 31]", "group_pop": 3, "init_part_assignment": 1, "id": 29}, {"graph": null, "nnodes": 3, "nedges": 2, "density": 0.6666666666666666, "atomics": "[18, 6, 30]", "group_pop": 3, "init_part_assignment": 2, "id": 30}, {"graph": null, "nnodes": 3, "nedges": 2, "density": 0.6666666666666666, "atomics": "[40, 41, 29]", "group_pop": 3, "init_part_assignment": 2, "id": 31}, {"graph": null, "nnodes": 3, "nedges": 2, "density": 0.6666666666666666, "atomics": "[37, 38, 39]", "group_pop": 3, "init_part_assignment": 3, "id": 32}, {"graph": null, "nnodes": 3, "nedges": 2, "density": 0.6666666666666666, "atomics": "[82, 83, 95]", "group_pop": 3, "init_part_assignment": 5, "id": 33}, {"graph": null, "nnodes": 3, "nedges": 2, "density": 0.6666666666666666, "atomics": "[73, 61, 49]", "group_pop": 3, "init_part_assignment": 6, "id": 34}, {"graph": null, "nnodes": 3, "nedges": 2, "density": 0.6666666666666666, "atomics": "[56, 57, 68]", "group_pop": 3, "init_part_assignment": 8, "id": 35}, {"graph": null, "nnodes": 3, "nedges": 2, "density": 0.6666666666666666, "atomics": "[58, 59, 71]", "group_pop": 3, "init_part_assignment": 5, "id": 36}, {"graph": null, "nnodes": 3, "nedges": 2, "density": 0.6666666666666666, "atomics": "[24, 36, 12]", "group_pop": 3, "init_part_assignment": 3, "id": 37}, {"graph": null, "nnodes": 3, "nedges": 2, "density": 0.6666666666666666, "atomics": "[33, 45, 46]", "group_pop": 3, "init_part_assignment": 8, "id": 38}, {"graph": null, "nnodes": 3, "nedges": 2, "density": 0.6666666666666666, "atomics": "[42, 43, 44]", "group_pop": 3, "init_part_assignment": 2, "id": 39}, {"graph": null, "nnodes": 3, "nedges": 2, "density": 0.6666666666666666, "atomics": "[74, 75, 86]", "group_pop": 3, "init_part_assignment": 6, "id": 40}, {"graph": null, "nnodes": 3, "nedges": 2, "density": 0.6666666666666666, "atomics": "[96, 84, 85]", "group_pop": 3, "init_part_assignment": 6, "id": 41}, {"graph": null, "nnodes": 3, "nedges": 2, "density": 0.6666666666666666, "atomics": "[98, 110, 111]", "group_pop": 3, "init_part_assignment": 7, "id": 42}, {"graph": null, "nnodes": 3, "nedges": 2, "density": 0.6666666666666666, "atomics": "[32, 8, 20]", "group_pop": 3, "init_part_assignment": 1, "id": 43}, {"graph": null, "nnodes": 3, "nedges": 2, "density": 0.6666666666666666, "atomics": "[64, 65, 76]", "group_pop": 3, "init_part_assignment": 11, "id": 44}, {"graph": null, "nnodes": 3, "nedges": 2, "density": 0.6666666666666666, "atomics": "[51, 52, 53]", "group_pop": 3, "init_part_assignment": 3, "id": 45}, {"graph": null, "nnodes": 3, "nedges": 2, "density": 0.6666666666666666, "atomics": "[50, 62, 63]", "group_pop": 3, "init_part_assignment": 3, "id": 46}, {"graph": null, "nnodes": 3, "nedges": 2, "density": 0.6666666666666666, "atomics": "[88, 99, 87]", "group_pop": 3, "init_part_assignment": 11, "id": 47}], "adjacency": [[{"weight": 1, "random_weight": 0.6293947949061849, "id": 1}, {"weight": 3, "random_weight": 0.5978830344884447, "id": 14}, {"weight": 1, "random_weight": 0.6977678688081057, "id": 20}, {"weight": 1, "random_weight": 0.2872201840537004, "id": 23}], [{"weight": 1, "random_weight": 0.6293947949061849, "id": 0}, {"weight": 1, "random_weight": 0.46690893111674625, "id": 6}, {"weight": 2, "random_weight": 0.7218735111650522, "id": 7}, {"weight": 1, "random_weight": 0.43411424131072107, "id": 13}], [{"weight": 3, "random_weight": 0.32046612885115733, "id": 3}, {"weight": 1, "random_weight": 0.022208163429797145, "id": 38}, {"weight": 2, "random_weight": 0.3610908998846655, "id": 43}], [{"weight": 3, "random_weight": 0.32046612885115733, "id": 2}, {"weight": 2, "random_weight": 0.9372075824201653, "id": 12}], [{"weight": 2, "random_weight": 0.36790184832785766, "id": 5}, {"weight": 1, "random_weight": 0.8682190122906024, "id": 8}, {"weight": 2, "random_weight": 0.9516067320441502, "id": 18}, {"weight": 2, "random_weight": 0.2898634251229336, "id": 44}, {"weight": 1, "random_weight": 0.4140270302705312, "id": 47}], [{"weight": 2, "random_weight": 0.36790184832785766, "id": 4}, {"weight": 1, "random_weight": 0.4448212843802901, "id": 14}, {"weight": 2, "random_weight": 0.6240511270775113, "id": 23}, {"weight": 1, "random_weight": 0.48688747792172926, "id": 42}, {"weight": 2, "random_weight": 0.8353838569662522, "id": 47}], [{"weight": 1, "random_weight": 0.46690893111674625, "id": 1}, {"weight": 2, "random_weight": 0.7199949294298718, "id": 7}, {"weight": 1, "random_weight": 0.43323169578522247, "id": 22}], [{"weight": 2, "random_weight": 0.7218735111650522, "id": 1}, {"weight": 2, "random_weight": 0.7199949294298718, "id": 6}, {"weight": 3, "random_weight": 0.8665779335489019, "id": 13}, {"weight": 1, "random_weight": 0.3066842333761388, "id": 22}], [{"weight": 1, "random_weight": 0.8682190122906024, "id": 4}, {"weight": 3, "random_weight": 0.2503596294312461, "id": 9}, {"weight": 2, "random_weight": 0.2992757284600541, "id": 18}, {"weight": 1, "random_weight": 0.9613637508018884, "id": 19}, {"weight": 1, "random_weight": 0.03366899691978775, "id": 44}], [{"weight": 3, "random_weight": 0.2503596294312461, "id": 8}, {"weight": 2, "random_weight": 0.46437504160134657, "id": 35}, {"weight": 2, "random_weight": 0.824431405692686, "id": 39}, {"weight": 1, "random_weight": 0.5448099083920167, "id": 45}], [{"weight": 1, "random_weight": 0.5209732889994535, "id": 11}, {"weight": 2, "random_weight": 0.5149593471823987, "id": 26}, {"weight": 2, "random_weight": 0.6068703517129872, "id": 37}], [{"weight": 1, "random_weight": 0.5209732889994535, "id": 10}, {"weight": 2, "random_weight": 0.9279276685575691, "id": 24}, {"weight": 1, "random_weight": 0.29243822193711433, "id": 26}, {"weight": 1, "random_weight": 0.577141263420211, "id": 27}], [{"weight": 2, "random_weight": 0.9372075824201653, "id": 3}, {"weight": 1, "random_weight": 0.16924873723292277, "id": 36}, {"weight": 3, "random_weight": 0.9617151279807825, "id": 38}], [{"weight": 1, "random_weight": 0.43411424131072107, "id": 1}, {"weight": 3, "random_weight": 0.8665779335489019, "id": 7}, {"weight": 2, "random_weight": 0.1514359333358638, "id": 14}, {"weight": 2, "random_weight": 0.02606726726872244, "id": 17}], [{"weight": 3, "random_weight": 0.5978830344884447, "id": 0}, {"weight": 1, "random_weight": 0.4448212843802901, "id": 5}, {"weight": 2, "random_weight": 0.1514359333358638, "id": 13}, {"weight": 1, "random_weight": 0.700449464792218, "id": 17}, {"weight": 1, "random_weight": 0.8090105225382546, "id": 18}], [{"weight": 1, "random_weight": 0.4576630595423853, "id": 16}, {"weight": 2, "random_weight": 0.046109643017141044, "id": 28}, {"weight": 1, "random_weight": 0.49177264792040487, "id": 41}], [{"weight": 1, "random_weight": 0.4576630595423853, "id": 15}, {"weight": 1, "random_weight": 0.047550666404128306, "id": 20}, {"weight": 1, "random_weight": 0.3530971368741933, "id": 23}, {"weight": 2, "random_weight": 0.2728113691353231, "id": 28}, {"weight": 1, "random_weight": 0.2378408697757185, "id": 42}], [{"weight": 2, "random_weight": 0.02606726726872244, "id": 13}, {"weight": 1, "random_weight": 0.700449464792218, "id": 14}, {"weight": 2, "random_weight": 0.15870285758703084, "id": 18}, {"weight": 2, "random_weight": 0.9475402479187766, "id": 19}, {"weight": 1, "random_weight": 0.6093970845787468, "id": 22}], [{"weight": 2, "random_weight": 0.9516067320441502, "id": 4}, {"weight": 2, "random_weight": 0.2992757284600541, "id": 8}, {"weight": 1, "random_weight": 0.8090105225382546, "id": 14}, {"weight": 2, "random_weight": 0.15870285758703084, "id": 17}, {"weight": 1, "random_weight": 0.8549390479752578, "id": 19}], [{"weight": 1, "random_weight": 0.9613637508018884, "id": 8}, {"weight": 2, "random_weight": 0.9475402479187766, "id": 17}, {"weight": 1, "random_weight": 0.8549390479752578, "id": 18}, {"weight": 1, "random_weight": 0.9924787318699803, "id": 22}, {"weight": 2, "random_weight": 0.4826745230790409, "id": 25}, {"weight": 1, "random_weight": 0.7647507145778073, "id": 35}], [{"weight": 1, "random_weight": 0.6977678688081057, "id": 0}, {"weight": 1, "random_weight": 0.047550666404128306, "id": 16}, {"weight": 3, "random_weight": 0.3934937150751694, "id": 23}], [{"weight": 3, "random_weight": 0.2097080069711731, "id": 34}, {"weight": 1, "random_weight": 0.8901839205912442, "id": 37}, {"weight": 1, "random_weight": 0.03173894693635293, "id": 41}], [{"weight": 1, "random_weight": 0.43323169578522247, "id": 6}, {"weight": 1, "random_weight": 0.3066842333761388, "id": 7}, {"weight": 1, "random_weight": 0.6093970845787468, "id": 17}, {"weight": 1, "random_weight": 0.9924787318699803, "id": 19}, {"weight": 3, "random_weight": 0.17654540071721347, "id": 33}], [{"weight": 1, "random_weight": 0.2872201840537004, "id": 0}, {"weight": 2, "random_weight": 0.6240511270775113, "id": 5}, {"weight": 1, "random_weight": 0.3530971368741933, "id": 16}, {"weight": 3, "random_weight": 0.3934937150751694, "id": 20}, {"weight": 1, "random_weight": 0.48140739172614555, "id": 42}], [{"weight": 2, "random_weight": 0.9279276685575691, "id": 11}, {"weight": 2, "random_weight": 0.7977429449594208, "id": 27}, {"weight": 2, "random_weight": 0.9291774938585217, "id": 30}, {"weight": 1, "random_weight": 0.6327609973151452, "id": 31}], [{"weight": 2, "random_weight": 0.4826745230790409, "id": 19}, {"weight": 2, "random_weight": 0.41324253783798226, "id": 33}, {"weight": 2, "random_weight": 0.441548669900932, "id": 35}, {"weight": 2, "random_weight": 0.6857527371797905, "id": 36}], [{"weight": 2, "random_weight": 0.5149593471823987, "id": 10}, {"weight": 1, "random_weight": 0.29243822193711433, "id": 11}, {"weight": 2, "random_weight": 0.12499424857100572, "id": 27}, {"weight": 2, "random_weight": 0.7464538987405507, "id": 32}, {"weight": 1, "random_weight": 0.30185006077570953, "id": 37}], [{"weight": 1, "random_weight": 0.577141263420211, "id": 11}, {"weight": 2, "random_weight": 0.7977429449594208, "id": 24}, {"weight": 2, "random_weight": 0.12499424857100572, "id": 26}, {"weight": 2, "random_weight": 0.559124958523983, "id": 31}, {"weight": 1, "random_weight": 0.27580380236715407, "id": 32}], [{"weight": 2, "random_weight": 0.046109643017141044, "id": 15}, {"weight": 2, "random_weight": 0.2728113691353231, "id": 16}, {"weight": 2, "random_weight": 0.19453468910834548, "id": 41}, {"weight": 2, "random_weight": 0.7249339063337793, "id": 42}], [{"weight": 3, "random_weight": 0.7577101893861973, "id": 30}, {"weight": 1, "random_weight": 0.9200091179102724, "id": 39}, {"weight": 3, "random_weight": 0.2980693845739719, "id": 43}], [{"weight": 2, "random_weight": 0.9291774938585217, "id": 24}, {"weight": 3, "random_weight": 0.7577101893861973, "id": 29}, {"weight": 1, "random_weight": 0.4904279098730535, "id": 31}, {"weight": 1, "random_weight": 0.5166699908995624, "id": 39}], [{"weight": 1, "random_weight": 0.6327609973151452, "id": 24}, {"weight": 2, "random_weight": 0.559124958523983, "id": 27}, {"weight": 1, "random_weight": 0.4904279098730535, "id": 30}, {"weight": 1, "random_weight": 0.5672282349229882, "id": 32}, {"weight": 1, "random_weight": 0.2284325000761378, "id": 39}, {"weight": 2, "random_weight": 0.3630710252814302, "id": 45}], [{"weight": 2, "random_weight": 0.7464538987405507, "id": 26}, {"weight": 1, "random_weight": 0.27580380236715407, "id": 27}, {"weight": 1, "random_weight": 0.5672282349229882, "id": 31}, {"weight": 1, "random_weight": 0.8065325696292003, "id": 34}, {"weight": 1, "random_weight": 0.1597677305834443, "id": 37}, {"weight": 1, "random_weight": 0.5996793022564928, "id": 45}, {"weight": 1, "random_weight": 0.6394950227538273, "id": 46}], [{"weight": 3, "random_weight": 0.17654540071721347, "id": 22}, {"weight": 2, "random_weight": 0.41324253783798226, "id": 25}, {"weight": 1, "random_weight": 0.8913415944609812, "id": 36}], [{"weight": 3, "random_weight": 0.2097080069711731, "id": 21}, {"weight": 1, "random_weight": 0.8065325696292003, "id": 32}, {"weight": 1, "random_weight": 0.9431521208527957, "id": 40}, {"weight": 1, "random_weight": 0.4641315471661066, "id": 41}, {"weight": 2, "random_weight": 0.5858912037926026, "id": 46}], [{"weight": 2, "random_weight": 0.46437504160134657, "id": 9}, {"weight": 1, "random_weight": 0.7647507145778073, "id": 19}, {"weight": 2, "random_weight": 0.441548669900932, "id": 25}, {"weight": 1, "random_weight": 0.8733036261730883, "id": 36}, {"weight": 1, "random_weight": 0.9392021275363197, "id": 38}, {"weight": 1, "random_weight": 0.8241154874211983, "id": 39}], [{"weight": 1, "random_weight": 0.16924873723292277, "id": 12}, {"weight": 2, "random_weight": 0.6857527371797905, "id": 25}, {"weight": 1, "random_weight": 0.8913415944609812, "id": 33}, {"weight": 1, "random_weight": 0.8733036261730883, "id": 35}, {"weight": 1, "random_weight": 0.7562849223470453, "id": 38}], [{"weight": 2, "random_weight": 0.6068703517129872, "id": 10}, {"weight": 1, "random_weight": 0.8901839205912442, "id": 21}, {"weight": 1, "random_weight": 0.30185006077570953, "id": 26}, {"weight": 1, "random_weight": 0.1597677305834443, "id": 32}], [{"weight": 1, "random_weight": 0.022208163429797145, "id": 2}, {"weight": 3, "random_weight": 0.9617151279807825, "id": 12}, {"weight": 1, "random_weight": 0.9392021275363197, "id": 35}, {"weight": 1, "random_weight": 0.7562849223470453, "id": 36}, {"weight": 1, "random_weight": 0.46674136206581296, "id": 39}, {"weight": 1, "random_weight": 0.9109659335061766, "id": 43}], [{"weight": 2, "random_weight": 0.824431405692686, "id": 9}, {"weight": 1, "random_weight": 0.9200091179102724, "id": 29}, {"weight": 1, "random_weight": 0.5166699908995624, "id": 30}, {"weight": 1, "random_weight": 0.2284325000761378, "id": 31}, {"weight": 1, "random_weight": 0.8241154874211983, "id": 35}, {"weight": 1, "random_weight": 0.46674136206581296, "id": 38}, {"weight": 1, "random_weight": 0.42936719598629225, "id": 43}], [{"weight": 1, "random_weight": 0.9431521208527957, "id": 34}, {"weight": 1, "random_weight": 0.2907216989267809, "id": 41}, {"weight": 1, "random_weight": 0.9088006678340627, "id": 42}, {"weight": 1, "random_weight": 0.6523057997964931, "id": 44}, {"weight": 2, "random_weight": 0.5507845546862689, "id": 46}, {"weight": 2, "random_weight": 0.8840751698921131, "id": 47}], [{"weight": 1, "random_weight": 0.49177264792040487, "id": 15}, {"weight": 1, "random_weight": 0.03173894693635293, "id": 21}, {"weight": 2, "random_weight": 0.19453468910834548, "id": 28}, {"weight": 1, "random_weight": 0.4641315471661066, "id": 34}, {"weight": 1, "random_weight": 0.2907216989267809, "id": 40}], [{"weight": 1, "random_weight": 0.48688747792172926, "id": 5}, {"weight": 1, "random_weight": 0.2378408697757185, "id": 16}, {"weight": 1, "random_weight": 0.48140739172614555, "id": 23}, {"weight": 2, "random_weight": 0.7249339063337793, "id": 28}, {"weight": 1, "random_weight": 0.9088006678340627, "id": 40}, {"weight": 2, "random_weight": 0.8169044062364699, "id": 47}], [{"weight": 2, "random_weight": 0.3610908998846655, "id": 2}, {"weight": 3, "random_weight": 0.2980693845739719, "id": 29}, {"weight": 1, "random_weight": 0.9109659335061766, "id": 38}, {"weight": 1, "random_weight": 0.42936719598629225, "id": 39}], [{"weight": 2, "random_weight": 0.2898634251229336, "id": 4}, {"weight": 1, "random_weight": 0.03366899691978775, "id": 8}, {"weight": 1, "random_weight": 0.6523057997964931, "id": 40}, {"weight": 2, "random_weight": 0.18267425794780445, "id": 45}, {"weight": 1, "random_weight": 0.742239916146478, "id": 46}, {"weight": 1, "random_weight": 0.5467781748825964, "id": 47}], [{"weight": 1, "random_weight": 0.5448099083920167, "id": 9}, {"weight": 2, "random_weight": 0.3630710252814302, "id": 31}, {"weight": 1, "random_weight": 0.5996793022564928, "id": 32}, {"weight": 2, "random_weight": 0.18267425794780445, "id": 44}, {"weight": 2, "random_weight": 0.2617972994305212, "id": 46}], [{"weight": 1, "random_weight": 0.6394950227538273, "id": 32}, {"weight": 2, "random_weight": 0.5858912037926026, "id": 34}, {"weight": 2, "random_weight": 0.5507845546862689, "id": 40}, {"weight": 1, "random_weight": 0.742239916146478, "id": 44}, {"weight": 2, "random_weight": 0.2617972994305212, "id": 45}], [{"weight": 1, "random_weight": 0.4140270302705312, "id": 4}, {"weight": 2, "random_weight": 0.8353838569662522, "id": 5}, {"weight": 2, "random_weight": 0.8840751698921131, "id": 40}, {"weight": 2, "random_weight": 0.8169044062364699, "id": 42}, {"weight": 1, "random_weight": 0.5467781748825964, "id": 44}]]}