{"directed": false, "multigraph": false, "graph": [], "nodes": [{"graph": null, "nnodes": 3, "nedges": 2, "density": 0.6666666666666666, "atomics": "[136, 137, 138]", "group_pop": 3, "init_part_assignment": 4, "id": 0}, {"graph": null, "nnodes": 3, "nedges": 2, "density": 0.6666666666666666, "atomics": "[128, 139, 140]", "group_pop": 3, "init_part_assignment": 0, "id": 1}, {"graph": null, "nnodes": 3, "nedges": 2, "density": 0.6666666666666666, "atomics": "[10, 11, 23]", "group_pop": 3, "init_part_assignment": 7, "id": 2}, {"graph": null, "nnodes": 3, "nedges": 2, "density": 0.6666666666666666, "atomics": "[89, 90, 77]", "group_pop": 3, "init_part_assignment": 9, "id": 3}, {"graph": null, "nnodes": 3, "nedges": 2, "density": 0.6666666666666666, "atomics": "[114, 101, 102]", "group_pop": 3, "init_part_assignment": 4, "id": 4}, {"graph": null, "nnodes": 3, "nedges": 2, "density": 0.6666666666666666, "atomics": "[113, 125, 126]", "group_pop": 3, "init_part_assignment": 4, "id": 5}, {"graph": null, "nnodes": 3, "nedges": 2, "density": 0.6666666666666666, "atomics": "[130, 131, 143]", "group_pop": 3, "init_part_assignment": 0, "id": 6}, {"graph": null, "nnodes": 3, "nedges": 2, "density": 0.6666666666666666, "atomics": "[107, 118, 119]", "group_pop": 3, "init_part_assignment": 2, "id": 7}, {"graph": null, "nnodes": 3, "nedges": 2, "density": 0.6666666666666666, "atomics": "[129, 141, 142]", "group_pop": 3, "init_part_assignment": 0, "id": 8}, {"graph": null, "nnodes": 3, "nedges": 2, "density": 0.6666666666666666, "atomics": "[66, 67, 55]", "group_pop": 3, "init_part_assignment": 10, "id": 9}, {"graph": null, "nnodes": 3, "nedges": 2, "density": 0.6666666666666666, "atomics": "[42, 43, 54]", "group_pop": 3, "init_part_assignment": 10, "id": 10}, {"graph": null, "nnodes": 3, "nedges": 2, "density": 0.6666666666666666, "atomics": "[0, 1, 12]", "group_pop": 3, "init_part_assignment": 6, "id": 11}, {"graph": null, "nnodes": 3, "nedges": 2, "density": 0.6666666666666666, "atomics": "[2, 3, 14]", "group_pop": 3, "init_part_assignment": 6, "id": 12}, {"graph": null, "nnodes": 3, "nedges": 2, "density": 0.6666666666666666, "atomics": "[34, 35, 47]", "group_pop": 3, "init_part_assignment": 7, "id": 13}, {"graph": null, "nnodes": 3, "nedges": 2, "density": 0.6666666666666666, "atomics": "[115, 127, 103]", "group_pop": 3, "init_part_assignment": 9, "id": 14}, {"graph": null, "nnodes": 3, "nedges": 2, "density": 0.6666666666666666, "atomics": "[132, 133, 134]", "group_pop": 3, "init_part_assignment": 1, "id": 15}, {"graph": null, "nnodes": 3, "nedges": 2, "density": 0.6666666666666666, "atomics": "[104, 116, 117]", "group_pop": 3, "init_part_assignment": 0, "id": 16}, {"graph": null, "nnodes": 3, "nedges": 2, "density": 0.6666666666666666, "atomics": "[91, 78, 79]", "group_pop": 3, "init_part_assignment": 9, "id": 17}, {"graph": null, "nnodes": 3, "nedges": 2, "density": 0.6666666666666666, "atomics": "[80, 81, 92]", "group_pop": 3, "init_part_assignment": 2, "id": 18}, {"graph": null, "nnodes": 3, "nedges": 2, "density": 0.6666666666666666, "atomics": "[123, 124, 135]", "group_pop": 3, "init_part_assignment": 4, "id": 19}, {"graph": null, "nnodes": 3, "nedges": 2, "density": 0.6666666666666666, "atomics": "[72, 73, 74]", "group_pop": 3, "init_part_assignment": 8, "id": 20}, {"graph": null, "nnodes": 3, "nedges": 2, "density": 0.6666666666666666, "atomics": "[48, 60, 61]", "group_pop": 3, "init_part_assignment": 8, "id": 21}, {"graph": null, "nnodes": 3, "nedges": 2, "density": 0.6666666666666666, "atomics": "[105, 106, 93]", "group_pop": 3, "init_part_assignment": 2, "id": 22}, {"graph": null, "nnodes": 3, "nedges": 2, "density": 0.6666666666666666, "atomics": "[16, 4, 15]", "group_pop": 3, "init_part_assignment": 5, "id": 23}, {"graph": null, "nnodes": 3, "nedges": 2, "density": 0.6666666666666666, "atomics": "[17, 5, 6]", "group_pop": 3, "init_part_assignment": 11, "id": 24}, {"graph": null, "nnodes": 3, "nedges": 2, "density": 0.6666666666666666, "atomics": "[120, 121, 108]", "group_pop": 3, "init_part_assignment": 1, "id": 25}, {"graph": null, "nnodes": 3, "nedges": 2, "density": 0.6666666666666666, "atomics": "[122, 109, 110]", "group_pop": 3, "init_part_assignment": 1, "id": 26}, {"graph": null, "nnodes": 3, "nedges": 2, "density": 0.6666666666666666, "atomics": "[8, 19, 7]", "group_pop": 3, "init_part_assignment": 7, "id": 27}, {"graph": null, "nnodes": 3, "nedges": 2, "density": 0.6666666666666666, "atomics": "[18, 30, 31]", "group_pop": 3, "init_part_assignment": 10, "id": 28}, {"graph": null, "nnodes": 3, "nedges": 2, "density": 0.6666666666666666, "atomics": "[41, 29, 53]", "group_pop": 3, "init_part_assignment": 11, "id": 29}, {"graph": null, "nnodes": 3, "nedges": 2, "density": 0.6666666666666666, "atomics": "[26, 27, 38]", "group_pop": 3, "init_part_assignment": 5, "id": 30}, {"graph": null, "nnodes": 3, "nedges": 2, "density": 0.6666666666666666, "atomics": "[40, 28, 52]", "group_pop": 3, "init_part_assignment": 5, "id": 31}, {"graph": null, "nnodes": 3, "nedges": 2, "density": 0.6666666666666666, "atomics": "[50, 51, 39]", "group_pop": 3, "init_part_assignment": 5, "id": 32}, {"graph": null, "nnodes": 3, "nedges": 2, "density": 0.6666666666666666, "atomics": "[83, 94, 95]", "group_pop": 3, "init_part_assignment": 2, "id": 33}, {"graph": null, "nnodes": 3, "nedges": 2, "density": 0.6666666666666666, "atomics": "[82, 70, 71]", "group_pop": 3, "init_part_assignment": 3, "id": 34}, {"graph": null, "nnodes": 3, "nedges": 2, "density": 0.6666666666666666, "atomics": "[49, 36, 37]", "group_pop": 3, "init_part_assignment": 6, "id": 35}, {"graph": null, "nnodes": 3, "nedges": 2, "density": 0.6666666666666666, "atomics": "[56, 68, 69]", "group_pop": 3, "init_part_assignment": 3, "id": 36}, {"graph": null, "nnodes": 3, "nedges": 2, "density": 0.6666666666666666, "atomics": "[57, 58, 59]", "group_pop": 3, "init_part_assignment": 3, "id": 37}, {"graph": null, "nnodes": 3, "nedges": 2, "density": 0.6666666666666666, "atomics": "[24, 25, 13]", "group_pop": 3, "init_part_assignment": 6, "id": 38}, {"graph": null, "nnodes": 3, "nedges": 2, "density": 0.6666666666666666, "atomics": "[33, 45, 46]", "group_pop": 3, "init_part_assignment": 3, "id": 39}, {"graph": null, "nnodes": 3, "nedges": 2, "density": 0.6666666666666666, "atomics": "[32, 44, 20]", "group_pop": 3, "init_part_assignment": 10, "id": 40}, {"graph": null, "nnodes": 3, "nedges": 2, "density": 0.6666666666666666, "atomics": "[75, 62, 63]", "group_pop": 3, "init_part_assignment": 11, "id": 41}, {"graph": null, "nnodes": 3, "nedges": 2, "density": 0.6666666666666666, "atomics": "[84, 85, 86]", "group_pop": 3, "init_part_assignment": 8, "id": 42}, {"graph": null, "nnodes": 3, "nedges": 2, "density": 0.6666666666666666, "atomics": "[96, 97, 98]", "group_pop": 3, "init_part_assignment": 8, "id": 43}, {"graph": null, "nnodes": 3, "nedges": 2, "density": 0.6666666666666666, "atomics": "[9, 21, 22]", "group_pop": 3, "init_part_assignment": 7, "id": 44}, {"graph": null, "nnodes": 3, "nedges": 2, "density": 0.6666666666666666, "atomics": "[64, 65, 76]", "group_pop": 3, "init_part_assignment": 11, "id": 45}, {"graph": null, "nnodes": 3, "nedges": 2, "density": 0.6666666666666666, "atomics": "[112, 99, 111]", "group_pop": 3, "init_part_assignment": 1, "id": 46}, {"graph": null, "nnodes": 3, "nedges": 2, "density": 0.6666666666666666, "atomics": "[88, 100, 87]", "group_pop": 3, "init_part_assignment": 9, "id": 47}], "adjacency": [[{"weight": 1, "random_weight": 0.5396773697444989, "id": 1}, {"weight": 2, "random_weight": 0.8654715582061007, "id": 5}, {"weight": 2, "random_weight": 0.6472079420264151, "id": 19}], [{"weight": 1, "random_weight": 0.5396773697444989, "id": 0}, {"weight": 2, "random_weight": 0.2667070755956097, "id": 8}, {"weight": 2, "random_weight": 0.2799237356915243, "id": 14}, {"weight": 1, "random_weight": 0.0032625373177758155, "id": 16}], [{"weight": 1, "random_weight": 0.39664642909871606, "id": 13}, {"weight": 3, "random_weight": 0.21865715173137934, "id": 44}], [{"weight": 2, "random_weight": 0.52076182090601, "id": 4}, {"weight": 3, "random_weight": 0.6780648734869037, "id": 17}, {"weight": 2, "random_weight": 0.9077506749752708, "id": 45}, {"weight": 1, "random_weight": 0.32504550109583896, "id": 47}], [{"weight": 2, "random_weight": 0.52076182090601, "id": 3}, {"weight": 3, "random_weight": 0.45731915347966623, "id": 5}, {"weight": 2, "random_weight": 0.8071643707366544, "id": 14}, {"weight": 1, "random_weight": 0.8495904372463541, "id": 47}], [{"weight": 2, "random_weight": 0.8654715582061007, "id": 0}, {"weight": 3, "random_weight": 0.45731915347966623, "id": 4}, {"weight": 1, "random_weight": 0.7297162365972053, "id": 14}, {"weight": 1, "random_weight": 0.48431927856068635, "id": 19}, {"weight": 1, "random_weight": 0.5021634218056541, "id": 46}], [{"weight": 2, "random_weight": 0.9579249653213958, "id": 7}, {"weight": 3, "random_weight": 0.1719858951879829, "id": 8}], [{"weight": 2, "random_weight": 0.9579249653213958, "id": 6}, {"weight": 1, "random_weight": 0.5650341233514018, "id": 16}, {"weight": 2, "random_weight": 0.28024836541997256, "id": 22}, {"weight": 1, "random_weight": 0.9925962657500174, "id": 33}], [{"weight": 2, "random_weight": 0.2667070755956097, "id": 1}, {"weight": 3, "random_weight": 0.1719858951879829, "id": 6}, {"weight": 1, "random_weight": 0.9125565506196986, "id": 16}], [{"weight": 3, "random_weight": 0.2852681187565891, "id": 10}, {"weight": 2, "random_weight": 0.9203950146574248, "id": 17}, {"weight": 2, "random_weight": 0.3174005161921104, "id": 36}, {"weight": 1, "random_weight": 0.510397238215874, "id": 45}], [{"weight": 3, "random_weight": 0.2852681187565891, "id": 9}, {"weight": 2, "random_weight": 0.036026479087736485, "id": 28}, {"weight": 2, "random_weight": 0.9949342270652883, "id": 29}, {"weight": 1, "random_weight": 0.7307945491213554, "id": 40}], [{"weight": 1, "random_weight": 0.4582767732490072, "id": 12}, {"weight": 3, "random_weight": 0.6880892460957855, "id": 38}], [{"weight": 1, "random_weight": 0.4582767732490072, "id": 11}, {"weight": 3, "random_weight": 0.7353249490001006, "id": 23}, {"weight": 1, "random_weight": 0.8811801902146206, "id": 30}, {"weight": 1, "random_weight": 0.7618081027051254, "id": 38}], [{"weight": 1, "random_weight": 0.39664642909871606, "id": 2}, {"weight": 1, "random_weight": 0.7305914470870601, "id": 37}, {"weight": 3, "random_weight": 0.4983406685876811, "id": 39}, {"weight": 1, "random_weight": 0.14096710673537272, "id": 44}], [{"weight": 2, "random_weight": 0.2799237356915243, "id": 1}, {"weight": 2, "random_weight": 0.8071643707366544, "id": 4}, {"weight": 1, "random_weight": 0.7297162365972053, "id": 5}, {"weight": 2, "random_weight": 0.7809962118280309, "id": 16}, {"weight": 1, "random_weight": 0.9363289986878949, "id": 17}], [{"weight": 1, "random_weight": 0.6782319156939188, "id": 19}, {"weight": 2, "random_weight": 0.23722325754670293, "id": 25}, {"weight": 1, "random_weight": 0.8467376334992942, "id": 26}], [{"weight": 1, "random_weight": 0.0032625373177758155, "id": 1}, {"weight": 1, "random_weight": 0.5650341233514018, "id": 7}, {"weight": 1, "random_weight": 0.9125565506196986, "id": 8}, {"weight": 2, "random_weight": 0.7809962118280309, "id": 14}, {"weight": 1, "random_weight": 0.6554412449236922, "id": 18}, {"weight": 2, "random_weight": 0.9972371420531286, "id": 22}], [{"weight": 3, "random_weight": 0.6780648734869037, "id": 3}, {"weight": 2, "random_weight": 0.9203950146574248, "id": 9}, {"weight": 1, "random_weight": 0.9363289986878949, "id": 14}, {"weight": 2, "random_weight": 0.5553583116756798, "id": 18}], [{"weight": 1, "random_weight": 0.6554412449236922, "id": 16}, {"weight": 2, "random_weight": 0.5553583116756798, "id": 17}, {"weight": 2, "random_weight": 0.6467876355459043, "id": 22}, {"weight": 1, "random_weight": 0.588568239604276, "id": 34}, {"weight": 2, "random_weight": 0.7874802132523693, "id": 36}], [{"weight": 2, "random_weight": 0.6472079420264151, "id": 0}, {"weight": 1, "random_weight": 0.48431927856068635, "id": 5}, {"weight": 1, "random_weight": 0.6782319156939188, "id": 15}, {"weight": 1, "random_weight": 0.7816902659875438, "id": 26}, {"weight": 2, "random_weight": 0.9387104106715061, "id": 46}], [{"weight": 2, "random_weight": 0.8901010223520254, "id": 21}, {"weight": 2, "random_weight": 0.9132214384885005, "id": 41}, {"weight": 3, "random_weight": 0.6059210576189042, "id": 42}], [{"weight": 2, "random_weight": 0.8901010223520254, "id": 20}, {"weight": 3, "random_weight": 0.9592628304882357, "id": 35}, {"weight": 1, "random_weight": 0.7102850041439897, "id": 41}], [{"weight": 2, "random_weight": 0.28024836541997256, "id": 7}, {"weight": 2, "random_weight": 0.9972371420531286, "id": 16}, {"weight": 2, "random_weight": 0.6467876355459043, "id": 18}, {"weight": 2, "random_weight": 0.5906670034553277, "id": 33}], [{"weight": 3, "random_weight": 0.7353249490001006, "id": 12}, {"weight": 2, "random_weight": 0.9657834340926073, "id": 24}, {"weight": 1, "random_weight": 0.13990751268976498, "id": 30}, {"weight": 1, "random_weight": 0.5811403614074621, "id": 31}], [{"weight": 2, "random_weight": 0.9657834340926073, "id": 23}, {"weight": 1, "random_weight": 0.9683529298541619, "id": 27}, {"weight": 2, "random_weight": 0.6049027698620564, "id": 28}, {"weight": 1, "random_weight": 0.2570575746898013, "id": 29}], [{"weight": 2, "random_weight": 0.23722325754670293, "id": 15}, {"weight": 3, "random_weight": 0.07307351977683207, "id": 26}, {"weight": 1, "random_weight": 0.7734208720822351, "id": 43}], [{"weight": 1, "random_weight": 0.8467376334992942, "id": 15}, {"weight": 1, "random_weight": 0.7816902659875438, "id": 19}, {"weight": 3, "random_weight": 0.07307351977683207, "id": 25}, {"weight": 2, "random_weight": 0.7556445311820376, "id": 43}, {"weight": 1, "random_weight": 0.5793752664347728, "id": 46}], [{"weight": 1, "random_weight": 0.9683529298541619, "id": 24}, {"weight": 2, "random_weight": 0.7583373423154433, "id": 28}, {"weight": 2, "random_weight": 0.9662705014329622, "id": 40}, {"weight": 1, "random_weight": 0.16173009789551318, "id": 44}], [{"weight": 2, "random_weight": 0.036026479087736485, "id": 10}, {"weight": 2, "random_weight": 0.6049027698620564, "id": 24}, {"weight": 2, "random_weight": 0.7583373423154433, "id": 27}, {"weight": 1, "random_weight": 0.9874819910417177, "id": 29}, {"weight": 1, "random_weight": 0.3681474730261709, "id": 40}], [{"weight": 2, "random_weight": 0.9949342270652883, "id": 10}, {"weight": 1, "random_weight": 0.2570575746898013, "id": 24}, {"weight": 1, "random_weight": 0.9874819910417177, "id": 28}, {"weight": 3, "random_weight": 0.6473754399252964, "id": 31}, {"weight": 1, "random_weight": 0.324860699444683, "id": 45}], [{"weight": 1, "random_weight": 0.8811801902146206, "id": 12}, {"weight": 1, "random_weight": 0.13990751268976498, "id": 23}, {"weight": 1, "random_weight": 0.152844885241604, "id": 31}, {"weight": 3, "random_weight": 0.38093213661608505, "id": 32}, {"weight": 1, "random_weight": 0.8958317271697873, "id": 35}, {"weight": 1, "random_weight": 0.4701349589659771, "id": 38}], [{"weight": 1, "random_weight": 0.5811403614074621, "id": 23}, {"weight": 3, "random_weight": 0.6473754399252964, "id": 29}, {"weight": 1, "random_weight": 0.152844885241604, "id": 30}, {"weight": 2, "random_weight": 0.11605821816758966, "id": 32}, {"weight": 1, "random_weight": 0.8133908967790022, "id": 45}], [{"weight": 3, "random_weight": 0.38093213661608505, "id": 30}, {"weight": 2, "random_weight": 0.11605821816758966, "id": 31}, {"weight": 1, "random_weight": 0.8916061405625046, "id": 35}, {"weight": 2, "random_weight": 0.9684967689726771, "id": 41}], [{"weight": 1, "random_weight": 0.9925962657500174, "id": 7}, {"weight": 2, "random_weight": 0.5906670034553277, "id": 22}, {"weight": 3, "random_weight": 0.8311652156579874, "id": 34}], [{"weight": 1, "random_weight": 0.588568239604276, "id": 18}, {"weight": 3, "random_weight": 0.8311652156579874, "id": 33}, {"weight": 1, "random_weight": 0.4764837071621757, "id": 36}, {"weight": 2, "random_weight": 0.7178328891560221, "id": 37}], [{"weight": 3, "random_weight": 0.9592628304882357, "id": 21}, {"weight": 1, "random_weight": 0.8958317271697873, "id": 30}, {"weight": 1, "random_weight": 0.8916061405625046, "id": 32}, {"weight": 2, "random_weight": 0.8274956381802813, "id": 38}], [{"weight": 2, "random_weight": 0.3174005161921104, "id": 9}, {"weight": 2, "random_weight": 0.7874802132523693, "id": 18}, {"weight": 1, "random_weight": 0.4764837071621757, "id": 34}, {"weight": 2, "random_weight": 0.314643285623755, "id": 37}, {"weight": 1, "random_weight": 0.2051908179412536, "id": 40}], [{"weight": 1, "random_weight": 0.7305914470870601, "id": 13}, {"weight": 2, "random_weight": 0.7178328891560221, "id": 34}, {"weight": 2, "random_weight": 0.314643285623755, "id": 36}, {"weight": 2, "random_weight": 0.24371008397501548, "id": 39}], [{"weight": 3, "random_weight": 0.6880892460957855, "id": 11}, {"weight": 1, "random_weight": 0.7618081027051254, "id": 12}, {"weight": 1, "random_weight": 0.4701349589659771, "id": 30}, {"weight": 2, "random_weight": 0.8274956381802813, "id": 35}], [{"weight": 3, "random_weight": 0.4983406685876811, "id": 13}, {"weight": 2, "random_weight": 0.24371008397501548, "id": 37}, {"weight": 2, "random_weight": 0.3199818217938719, "id": 40}, {"weight": 1, "random_weight": 0.9628680740627902, "id": 44}], [{"weight": 1, "random_weight": 0.7307945491213554, "id": 10}, {"weight": 2, "random_weight": 0.9662705014329622, "id": 27}, {"weight": 1, "random_weight": 0.3681474730261709, "id": 28}, {"weight": 1, "random_weight": 0.2051908179412536, "id": 36}, {"weight": 2, "random_weight": 0.3199818217938719, "id": 39}, {"weight": 1, "random_weight": 0.7941205866981668, "id": 44}], [{"weight": 2, "random_weight": 0.9132214384885005, "id": 20}, {"weight": 1, "random_weight": 0.7102850041439897, "id": 21}, {"weight": 2, "random_weight": 0.9684967689726771, "id": 32}, {"weight": 2, "random_weight": 0.625123781940715, "id": 45}, {"weight": 1, "random_weight": 0.5549065284654215, "id": 47}], [{"weight": 3, "random_weight": 0.6059210576189042, "id": 20}, {"weight": 3, "random_weight": 0.20208181706863726, "id": 43}, {"weight": 1, "random_weight": 0.9325928492811515, "id": 47}], [{"weight": 1, "random_weight": 0.7734208720822351, "id": 25}, {"weight": 2, "random_weight": 0.7556445311820376, "id": 26}, {"weight": 3, "random_weight": 0.20208181706863726, "id": 42}, {"weight": 1, "random_weight": 0.4898440755761999, "id": 46}], [{"weight": 3, "random_weight": 0.21865715173137934, "id": 2}, {"weight": 1, "random_weight": 0.14096710673537272, "id": 13}, {"weight": 1, "random_weight": 0.16173009789551318, "id": 27}, {"weight": 1, "random_weight": 0.9628680740627902, "id": 39}, {"weight": 1, "random_weight": 0.7941205866981668, "id": 40}], [{"weight": 2, "random_weight": 0.9077506749752708, "id": 3}, {"weight": 1, "random_weight": 0.510397238215874, "id": 9}, {"weight": 1, "random_weight": 0.324860699444683, "id": 29}, {"weight": 1, "random_weight": 0.8133908967790022, "id": 31}, {"weight": 2, "random_weight": 0.625123781940715, "id": 41}, {"weight": 1, "random_weight": 0.15256170312421313, "id": 47}], [{"weight": 1, "random_weight": 0.5021634218056541, "id": 5}, {"weight": 2, "random_weight": 0.9387104106715061, "id": 19}, {"weight": 1, "random_weight": 0.5793752664347728, "id": 26}, {"weight": 1, "random_weight": 0.4898440755761999, "id": 43}, {"weight": 3, "random_weight": 0.738888203398442, "id": 47}], [{"weight": 1, "random_weight": 0.32504550109583896, "id": 3}, {"weight": 1, "random_weight": 0.8495904372463541, "id": 4}, {"weight": 1, "random_weight": 0.5549065284654215, "id": 41}, {"weight": 1, "random_weight": 0.9325928492811515, "id": 42}, {"weight": 1, "random_weight": 0.15256170312421313, "id": 45}, {"weight": 3, "random_weight": 0.738888203398442, "id": 46}]]}