{"directed": false, "multigraph": false, "graph": [], "nodes": [{"graph": null, "nnodes": 3, "nedges": 2, "density": 0.6666666666666666, "atomics": "[138, 139, 140]", "group_pop": 3, "init_part_assignment": 1, "id": 0}, {"graph": null, "nnodes": 3, "nedges": 2, "density": 0.6666666666666666, "atomics": "[10, 11, 23]", "group_pop": 3, "init_part_assignment": 10, "id": 1}, {"graph": null, "nnodes": 3, "nedges": 2, "density": 0.6666666666666666, "atomics": "[89, 65, 77]", "group_pop": 3, "init_part_assignment": 5, "id": 2}, {"graph": null, "nnodes": 3, "nedges": 2, "density": 0.6666666666666666, "atomics": "[113, 114, 101]", "group_pop": 3, "init_part_assignment": 5, "id": 3}, {"graph": null, "nnodes": 3, "nedges": 2, "density": 0.6666666666666666, "atomics": "[131, 119, 143]", "group_pop": 3, "init_part_assignment": 0, "id": 4}, {"graph": null, "nnodes": 3, "nedges": 2, "density": 0.6666666666666666, "atomics": "[129, 141, 142]", "group_pop": 3, "init_part_assignment": 0, "id": 5}, {"graph": null, "nnodes": 3, "nedges": 2, "density": 0.6666666666666666, "atomics": "[66, 67, 78]", "group_pop": 3, "init_part_assignment": 3, "id": 6}, {"graph": null, "nnodes": 3, "nedges": 2, "density": 0.6666666666666666, "atomics": "[53, 54, 55]", "group_pop": 3, "init_part_assignment": 11, "id": 7}, {"graph": null, "nnodes": 3, "nedges": 2, "density": 0.6666666666666666, "atomics": "[0, 24, 12]", "group_pop": 3, "init_part_assignment": 8, "id": 8}, {"graph": null, "nnodes": 3, "nedges": 2, "density": 0.6666666666666666, "atomics": "[1, 2, 3]", "group_pop": 3, "init_part_assignment": 8, "id": 9}, {"graph": null, "nnodes": 3, "nedges": 2, "density": 0.6666666666666666, "atomics": "[34, 35, 47]", "group_pop": 3, "init_part_assignment": 10, "id": 10}, {"graph": null, "nnodes": 3, "nedges": 2, "density": 0.6666666666666666, "atomics": "[128, 116, 104]", "group_pop": 3, "init_part_assignment": 1, "id": 11}, {"graph": null, "nnodes": 3, "nedges": 2, "density": 0.6666666666666666, "atomics": "[115, 126, 127]", "group_pop": 3, "init_part_assignment": 1, "id": 12}, {"graph": null, "nnodes": 3, "nedges": 2, "density": 0.6666666666666666, "atomics": "[120, 132, 133]", "group_pop": 3, "init_part_assignment": 4, "id": 13}, {"graph": null, "nnodes": 3, "nedges": 2, "density": 0.6666666666666666, "atomics": "[121, 122, 134]", "group_pop": 3, "init_part_assignment": 4, "id": 14}, {"graph": null, "nnodes": 3, "nedges": 2, "density": 0.6666666666666666, "atomics": "[90, 102, 103]", "group_pop": 3, "init_part_assignment": 3, "id": 15}, {"graph": null, "nnodes": 3, "nedges": 2, "density": 0.6666666666666666, "atomics": "[80, 91, 79]", "group_pop": 3, "init_part_assignment": 3, "id": 16}, {"graph": null, "nnodes": 3, "nedges": 2, "density": 0.6666666666666666, "atomics": "[92, 93, 94]", "group_pop": 3, "init_part_assignment": 2, "id": 17}, {"graph": null, "nnodes": 3, "nedges": 2, "density": 0.6666666666666666, "atomics": "[136, 137, 125]", "group_pop": 3, "init_part_assignment": 1, "id": 18}, {"graph": null, "nnodes": 3, "nedges": 2, "density": 0.6666666666666666, "atomics": "[123, 124, 135]", "group_pop": 3, "init_part_assignment": 5, "id": 19}, {"graph": null, "nnodes": 3, "nedges": 2, "density": 0.6666666666666666, "atomics": "[130, 117, 118]", "group_pop": 3, "init_part_assignment": 0, "id": 20}, {"graph": null, "nnodes": 3, "nedges": 2, "density": 0.6666666666666666, "atomics": "[72, 73, 60]", "group_pop": 3, "init_part_assignment": 6, "id": 21}, {"graph": null, "nnodes": 3, "nedges": 2, "density": 0.6666666666666666, "atomics": "[48, 49, 36]", "group_pop": 3, "init_part_assignment": 8, "id": 22}, {"graph": null, "nnodes": 3, "nedges": 2, "density": 0.6666666666666666, "atomics": "[105, 106, 107]", "group_pop": 3, "init_part_assignment": 0, "id": 23}, {"graph": null, "nnodes": 3, "nedges": 2, "density": 0.6666666666666666, "atomics": "[16, 4, 5]", "group_pop": 3, "init_part_assignment": 9, "id": 24}, {"graph": null, "nnodes": 3, "nedges": 2, "density": 0.6666666666666666, "atomics": "[81, 69, 70]", "group_pop": 3, "init_part_assignment": 3, "id": 25}, {"graph": null, "nnodes": 3, "nedges": 2, "density": 0.6666666666666666, "atomics": "[13, 14, 15]", "group_pop": 3, "init_part_assignment": 9, "id": 26}, {"graph": null, "nnodes": 3, "nedges": 2, "density": 0.6666666666666666, "atomics": "[97, 109, 110]", "group_pop": 3, "init_part_assignment": 4, "id": 27}, {"graph": null, "nnodes": 3, "nedges": 2, "density": 0.6666666666666666, "atomics": "[17, 18, 19]", "group_pop": 3, "init_part_assignment": 11, "id": 28}, {"graph": null, "nnodes": 3, "nedges": 2, "density": 0.6666666666666666, "atomics": "[8, 6, 7]", "group_pop": 3, "init_part_assignment": 10, "id": 29}, {"graph": null, "nnodes": 3, "nedges": 2, "density": 0.6666666666666666, "atomics": "[29, 30, 31]", "group_pop": 3, "init_part_assignment": 9, "id": 30}, {"graph": null, "nnodes": 3, "nedges": 2, "density": 0.6666666666666666, "atomics": "[26, 27, 28]", "group_pop": 3, "init_part_assignment": 9, "id": 31}, {"graph": null, "nnodes": 3, "nedges": 2, "density": 0.6666666666666666, "atomics": "[40, 51, 39]", "group_pop": 3, "init_part_assignment": 7, "id": 32}, {"graph": null, "nnodes": 3, "nedges": 2, "density": 0.6666666666666666, "atomics": "[82, 83, 95]", "group_pop": 3, "init_part_assignment": 2, "id": 33}, {"graph": null, "nnodes": 3, "nedges": 2, "density": 0.6666666666666666, "atomics": "[50, 61, 62]", "group_pop": 3, "init_part_assignment": 6, "id": 34}, {"graph": null, "nnodes": 3, "nedges": 2, "density": 0.6666666666666666, "atomics": "[56, 68, 44]", "group_pop": 3, "init_part_assignment": 11, "id": 35}, {"graph": null, "nnodes": 3, "nedges": 2, "density": 0.6666666666666666, "atomics": "[58, 59, 71]", "group_pop": 3, "init_part_assignment": 2, "id": 36}, {"graph": null, "nnodes": 3, "nedges": 2, "density": 0.6666666666666666, "atomics": "[57, 45, 46]", "group_pop": 3, "init_part_assignment": 2, "id": 37}, {"graph": null, "nnodes": 3, "nedges": 2, "density": 0.6666666666666666, "atomics": "[25, 37, 38]", "group_pop": 3, "init_part_assignment": 8, "id": 38}, {"graph": null, "nnodes": 3, "nedges": 2, "density": 0.6666666666666666, "atomics": "[32, 33, 20]", "group_pop": 3, "init_part_assignment": 11, "id": 39}, {"graph": null, "nnodes": 3, "nedges": 2, "density": 0.6666666666666666, "atomics": "[41, 42, 43]", "group_pop": 3, "init_part_assignment": 7, "id": 40}, {"graph": null, "nnodes": 3, "nedges": 2, "density": 0.6666666666666666, "atomics": "[74, 75, 63]", "group_pop": 3, "init_part_assignment": 6, "id": 41}, {"graph": null, "nnodes": 3, "nedges": 2, "density": 0.6666666666666666, "atomics": "[98, 85, 86]", "group_pop": 3, "init_part_assignment": 6, "id": 42}, {"graph": null, "nnodes": 3, "nedges": 2, "density": 0.6666666666666666, "atomics": "[96, 108, 84]", "group_pop": 3, "init_part_assignment": 4, "id": 43}, {"graph": null, "nnodes": 3, "nedges": 2, "density": 0.6666666666666666, "atomics": "[9, 21, 22]", "group_pop": 3, "init_part_assignment": 10, "id": 44}, {"graph": null, "nnodes": 3, "nedges": 2, "density": 0.6666666666666666, "atomics": "[112, 100, 111]", "group_pop": 3, "init_part_assignment": 5, "id": 45}, {"graph": null, "nnodes": 3, "nedges": 2, "density": 0.6666666666666666, "atomics": "[88, 99, 87]", "group_pop": 3, "init_part_assignment": 7, "id": 46}, {"graph": null, "nnodes": 3, "nedges": 2, "density": 0.6666666666666666, "atomics": "[64, 76, 52]", "group_pop": 3, "init_part_assignment": 7, "id": 47}], "adjacency": [[{"weight": 1, "random_weight": 0.671050177209835, "id": 5}, {"weight": 1, "random_weight": 0.014930195822337011, "id": 11}, {"weight": 2, "random_weight": 0.589598092793455, "id": 12}, {"weight": 1, "random_weight": 0.3925961437956409, "id": 18}], [{"weight": 1, "random_weight": 0.5866196094523728, "id": 10}, {"weight": 3, "random_weight": 0.7330441419723972, "id": 44}], [{"weight": 1, "random_weight": 0.7031223464627517, "id": 3}, {"weight": 2, "random_weight": 0.13552582193313356, "id": 6}, {"weight": 1, "random_weight": 0.7609512813899014, "id": 7}, {"weight": 1, "random_weight": 0.35957700002207515, "id": 15}, {"weight": 1, "random_weight": 0.6974124790660381, "id": 46}, {"weight": 2, "random_weight": 0.9352017681780431, "id": 47}], [{"weight": 1, "random_weight": 0.7031223464627517, "id": 2}, {"weight": 2, "random_weight": 0.25776616372512573, "id": 12}, {"weight": 2, "random_weight": 0.7128019306546081, "id": 15}, {"weight": 1, "random_weight": 0.7578100609577957, "id": 18}, {"weight": 2, "random_weight": 0.45239061884112, "id": 45}], [{"weight": 1, "random_weight": 0.2039750013014252, "id": 5}, {"weight": 2, "random_weight": 0.4415948172518972, "id": 20}, {"weight": 1, "random_weight": 0.05012715434856496, "id": 23}], [{"weight": 1, "random_weight": 0.671050177209835, "id": 0}, {"weight": 1, "random_weight": 0.2039750013014252, "id": 4}, {"weight": 1, "random_weight": 0.4901885303308443, "id": 11}, {"weight": 3, "random_weight": 0.20550973837409792, "id": 20}], [{"weight": 2, "random_weight": 0.13552582193313356, "id": 2}, {"weight": 2, "random_weight": 0.6471837872564983, "id": 7}, {"weight": 1, "random_weight": 0.8632170430683691, "id": 15}, {"weight": 2, "random_weight": 0.054522214836881466, "id": 16}, {"weight": 1, "random_weight": 0.9647569631478038, "id": 35}], [{"weight": 1, "random_weight": 0.7609512813899014, "id": 2}, {"weight": 2, "random_weight": 0.6471837872564983, "id": 6}, {"weight": 1, "random_weight": 0.38570579993411747, "id": 35}, {"weight": 3, "random_weight": 0.7157317802994275, "id": 40}, {"weight": 1, "random_weight": 0.10415617201829763, "id": 47}], [{"weight": 1, "random_weight": 0.2156798549956248, "id": 9}, {"weight": 1, "random_weight": 0.24668308509467096, "id": 22}, {"weight": 1, "random_weight": 0.421063666978013, "id": 26}, {"weight": 1, "random_weight": 0.6686274234082236, "id": 38}], [{"weight": 1, "random_weight": 0.2156798549956248, "id": 8}, {"weight": 1, "random_weight": 0.4036211821505086, "id": 24}, {"weight": 3, "random_weight": 0.46524396376320387, "id": 26}], [{"weight": 1, "random_weight": 0.5866196094523728, "id": 1}, {"weight": 1, "random_weight": 0.5325627377630373, "id": 36}, {"weight": 2, "random_weight": 0.7289878079317433, "id": 37}, {"weight": 1, "random_weight": 0.49830548113986883, "id": 39}, {"weight": 1, "random_weight": 0.18329344875064346, "id": 44}], [{"weight": 1, "random_weight": 0.014930195822337011, "id": 0}, {"weight": 1, "random_weight": 0.4901885303308443, "id": 5}, {"weight": 2, "random_weight": 0.006028720225568662, "id": 12}, {"weight": 1, "random_weight": 0.7478662647547936, "id": 15}, {"weight": 1, "random_weight": 0.7853074123811502, "id": 17}, {"weight": 1, "random_weight": 0.21895497429647903, "id": 20}, {"weight": 1, "random_weight": 0.4120681053077698, "id": 23}], [{"weight": 2, "random_weight": 0.589598092793455, "id": 0}, {"weight": 2, "random_weight": 0.25776616372512573, "id": 3}, {"weight": 2, "random_weight": 0.006028720225568662, "id": 11}, {"weight": 1, "random_weight": 0.1405765947615616, "id": 15}, {"weight": 1, "random_weight": 0.7657904296316904, "id": 18}], [{"weight": 3, "random_weight": 0.27708869410555703, "id": 14}, {"weight": 1, "random_weight": 0.4482097547409638, "id": 43}], [{"weight": 3, "random_weight": 0.27708869410555703, "id": 13}, {"weight": 2, "random_weight": 0.9301256622450749, "id": 19}, {"weight": 2, "random_weight": 0.33985277826096894, "id": 27}], [{"weight": 1, "random_weight": 0.35957700002207515, "id": 2}, {"weight": 2, "random_weight": 0.7128019306546081, "id": 3}, {"weight": 1, "random_weight": 0.8632170430683691, "id": 6}, {"weight": 1, "random_weight": 0.7478662647547936, "id": 11}, {"weight": 1, "random_weight": 0.1405765947615616, "id": 12}, {"weight": 2, "random_weight": 0.226117323572825, "id": 16}], [{"weight": 2, "random_weight": 0.054522214836881466, "id": 6}, {"weight": 2, "random_weight": 0.226117323572825, "id": 15}, {"weight": 2, "random_weight": 0.19199003732717101, "id": 17}, {"weight": 1, "random_weight": 0.3549084915910451, "id": 25}, {"weight": 1, "random_weight": 0.6601319318335942, "id": 35}], [{"weight": 1, "random_weight": 0.7853074123811502, "id": 11}, {"weight": 2, "random_weight": 0.19199003732717101, "id": 16}, {"weight": 2, "random_weight": 0.5542727653333308, "id": 23}, {"weight": 1, "random_weight": 0.9573226042966563, "id": 25}, {"weight": 2, "random_weight": 0.3493908981107485, "id": 33}], [{"weight": 1, "random_weight": 0.3925961437956409, "id": 0}, {"weight": 1, "random_weight": 0.7578100609577957, "id": 3}, {"weight": 1, "random_weight": 0.7657904296316904, "id": 12}, {"weight": 3, "random_weight": 0.8050585744408235, "id": 19}], [{"weight": 2, "random_weight": 0.9301256622450749, "id": 14}, {"weight": 3, "random_weight": 0.8050585744408235, "id": 18}, {"weight": 2, "random_weight": 0.7325256336286158, "id": 45}], [{"weight": 2, "random_weight": 0.4415948172518972, "id": 4}, {"weight": 3, "random_weight": 0.20550973837409792, "id": 5}, {"weight": 1, "random_weight": 0.21895497429647903, "id": 11}, {"weight": 2, "random_weight": 0.43327805124605556, "id": 23}], [{"weight": 1, "random_weight": 0.628411078920012, "id": 22}, {"weight": 2, "random_weight": 0.04903753784314724, "id": 34}, {"weight": 1, "random_weight": 0.14948851097639582, "id": 41}, {"weight": 1, "random_weight": 0.8447239835778952, "id": 42}, {"weight": 1, "random_weight": 0.8277510821678903, "id": 43}], [{"weight": 1, "random_weight": 0.24668308509467096, "id": 8}, {"weight": 1, "random_weight": 0.628411078920012, "id": 21}, {"weight": 2, "random_weight": 0.736415893237116, "id": 34}, {"weight": 2, "random_weight": 0.4644189912648311, "id": 38}], [{"weight": 1, "random_weight": 0.05012715434856496, "id": 4}, {"weight": 1, "random_weight": 0.4120681053077698, "id": 11}, {"weight": 2, "random_weight": 0.5542727653333308, "id": 17}, {"weight": 2, "random_weight": 0.43327805124605556, "id": 20}, {"weight": 1, "random_weight": 0.29663849372339257, "id": 33}], [{"weight": 1, "random_weight": 0.4036211821505086, "id": 9}, {"weight": 1, "random_weight": 0.07557316398187974, "id": 26}, {"weight": 2, "random_weight": 0.7677662121463575, "id": 28}, {"weight": 1, "random_weight": 0.2575601944258128, "id": 29}, {"weight": 1, "random_weight": 0.707065137499525, "id": 31}], [{"weight": 1, "random_weight": 0.3549084915910451, "id": 16}, {"weight": 1, "random_weight": 0.9573226042966563, "id": 17}, {"weight": 2, "random_weight": 0.6895239393776997, "id": 33}, {"weight": 1, "random_weight": 0.575760214450713, "id": 35}, {"weight": 2, "random_weight": 0.839290465408404, "id": 36}, {"weight": 1, "random_weight": 0.9285915374180135, "id": 37}], [{"weight": 1, "random_weight": 0.421063666978013, "id": 8}, {"weight": 3, "random_weight": 0.46524396376320387, "id": 9}, {"weight": 1, "random_weight": 0.07557316398187974, "id": 24}, {"weight": 2, "random_weight": 0.1929927602188265, "id": 31}, {"weight": 1, "random_weight": 0.5393328535578458, "id": 38}], [{"weight": 2, "random_weight": 0.33985277826096894, "id": 14}, {"weight": 3, "random_weight": 0.34496858996434354, "id": 42}, {"weight": 2, "random_weight": 0.8852807047952514, "id": 43}, {"weight": 1, "random_weight": 0.8982667485623207, "id": 45}], [{"weight": 2, "random_weight": 0.7677662121463575, "id": 24}, {"weight": 2, "random_weight": 0.7497227294938067, "id": 29}, {"weight": 3, "random_weight": 0.3855340901310649, "id": 30}, {"weight": 1, "random_weight": 0.423802873323444, "id": 39}], [{"weight": 1, "random_weight": 0.2575601944258128, "id": 24}, {"weight": 2, "random_weight": 0.7497227294938067, "id": 28}, {"weight": 1, "random_weight": 0.38343912837917193, "id": 39}, {"weight": 1, "random_weight": 0.04999662017942996, "id": 44}], [{"weight": 3, "random_weight": 0.3855340901310649, "id": 28}, {"weight": 1, "random_weight": 0.07433533063981757, "id": 31}, {"weight": 1, "random_weight": 0.9498970522757146, "id": 39}, {"weight": 3, "random_weight": 0.6581199682874874, "id": 40}], [{"weight": 1, "random_weight": 0.707065137499525, "id": 24}, {"weight": 2, "random_weight": 0.1929927602188265, "id": 26}, {"weight": 1, "random_weight": 0.07433533063981757, "id": 30}, {"weight": 2, "random_weight": 0.7984023796773363, "id": 32}, {"weight": 2, "random_weight": 0.9116991590955658, "id": 38}], [{"weight": 2, "random_weight": 0.7984023796773363, "id": 31}, {"weight": 1, "random_weight": 0.8661535768794125, "id": 34}, {"weight": 1, "random_weight": 0.9889348616538886, "id": 38}, {"weight": 1, "random_weight": 0.20459078067870262, "id": 40}, {"weight": 1, "random_weight": 0.4721986669540542, "id": 41}, {"weight": 2, "random_weight": 0.39286300736463464, "id": 47}], [{"weight": 2, "random_weight": 0.3493908981107485, "id": 17}, {"weight": 1, "random_weight": 0.29663849372339257, "id": 23}, {"weight": 2, "random_weight": 0.6895239393776997, "id": 25}, {"weight": 1, "random_weight": 0.13593505404090445, "id": 36}], [{"weight": 2, "random_weight": 0.04903753784314724, "id": 21}, {"weight": 2, "random_weight": 0.736415893237116, "id": 22}, {"weight": 1, "random_weight": 0.8661535768794125, "id": 32}, {"weight": 1, "random_weight": 0.9522030087202213, "id": 38}, {"weight": 2, "random_weight": 0.33809786988049917, "id": 41}], [{"weight": 1, "random_weight": 0.9647569631478038, "id": 6}, {"weight": 1, "random_weight": 0.38570579993411747, "id": 7}, {"weight": 1, "random_weight": 0.6601319318335942, "id": 16}, {"weight": 1, "random_weight": 0.575760214450713, "id": 25}, {"weight": 2, "random_weight": 0.799708488925013, "id": 37}, {"weight": 1, "random_weight": 0.4915161033058507, "id": 39}, {"weight": 1, "random_weight": 0.5794565681706952, "id": 40}], [{"weight": 1, "random_weight": 0.5325627377630373, "id": 10}, {"weight": 2, "random_weight": 0.839290465408404, "id": 25}, {"weight": 1, "random_weight": 0.13593505404090445, "id": 33}, {"weight": 2, "random_weight": 0.44597820111706077, "id": 37}], [{"weight": 2, "random_weight": 0.7289878079317433, "id": 10}, {"weight": 1, "random_weight": 0.9285915374180135, "id": 25}, {"weight": 2, "random_weight": 0.799708488925013, "id": 35}, {"weight": 2, "random_weight": 0.44597820111706077, "id": 36}, {"weight": 1, "random_weight": 0.8113678671112551, "id": 39}], [{"weight": 1, "random_weight": 0.6686274234082236, "id": 8}, {"weight": 2, "random_weight": 0.4644189912648311, "id": 22}, {"weight": 1, "random_weight": 0.5393328535578458, "id": 26}, {"weight": 2, "random_weight": 0.9116991590955658, "id": 31}, {"weight": 1, "random_weight": 0.9889348616538886, "id": 32}, {"weight": 1, "random_weight": 0.9522030087202213, "id": 34}], [{"weight": 1, "random_weight": 0.49830548113986883, "id": 10}, {"weight": 1, "random_weight": 0.423802873323444, "id": 28}, {"weight": 1, "random_weight": 0.38343912837917193, "id": 29}, {"weight": 1, "random_weight": 0.9498970522757146, "id": 30}, {"weight": 1, "random_weight": 0.4915161033058507, "id": 35}, {"weight": 1, "random_weight": 0.8113678671112551, "id": 37}, {"weight": 2, "random_weight": 0.6329942658267753, "id": 44}], [{"weight": 3, "random_weight": 0.7157317802994275, "id": 7}, {"weight": 3, "random_weight": 0.6581199682874874, "id": 30}, {"weight": 1, "random_weight": 0.20459078067870262, "id": 32}, {"weight": 1, "random_weight": 0.5794565681706952, "id": 35}], [{"weight": 1, "random_weight": 0.14948851097639582, "id": 21}, {"weight": 1, "random_weight": 0.4721986669540542, "id": 32}, {"weight": 2, "random_weight": 0.33809786988049917, "id": 34}, {"weight": 1, "random_weight": 0.32653711753923, "id": 42}, {"weight": 1, "random_weight": 0.49491730538132117, "id": 46}, {"weight": 2, "random_weight": 0.6177505834480013, "id": 47}], [{"weight": 1, "random_weight": 0.8447239835778952, "id": 21}, {"weight": 3, "random_weight": 0.34496858996434354, "id": 27}, {"weight": 1, "random_weight": 0.32653711753923, "id": 41}, {"weight": 1, "random_weight": 0.8874942254883076, "id": 43}, {"weight": 2, "random_weight": 0.22572353671477896, "id": 46}], [{"weight": 1, "random_weight": 0.4482097547409638, "id": 13}, {"weight": 1, "random_weight": 0.8277510821678903, "id": 21}, {"weight": 2, "random_weight": 0.8852807047952514, "id": 27}, {"weight": 1, "random_weight": 0.8874942254883076, "id": 42}], [{"weight": 3, "random_weight": 0.7330441419723972, "id": 1}, {"weight": 1, "random_weight": 0.18329344875064346, "id": 10}, {"weight": 1, "random_weight": 0.04999662017942996, "id": 29}, {"weight": 2, "random_weight": 0.6329942658267753, "id": 39}], [{"weight": 2, "random_weight": 0.45239061884112, "id": 3}, {"weight": 2, "random_weight": 0.7325256336286158, "id": 19}, {"weight": 1, "random_weight": 0.8982667485623207, "id": 27}, {"weight": 3, "random_weight": 0.8842147163508659, "id": 46}], [{"weight": 1, "random_weight": 0.6974124790660381, "id": 2}, {"weight": 1, "random_weight": 0.49491730538132117, "id": 41}, {"weight": 2, "random_weight": 0.22572353671477896, "id": 42}, {"weight": 3, "random_weight": 0.8842147163508659, "id": 45}, {"weight": 1, "random_weight": 0.9480009448794645, "id": 47}], [{"weight": 2, "random_weight": 0.9352017681780431, "id": 2}, {"weight": 1, "random_weight": 0.10415617201829763, "id": 7}, {"weight": 2, "random_weight": 0.39286300736463464, "id": 32}, {"weight": 2, "random_weight": 0.6177505834480013, "id": 41}, {"weight": 1, "random_weight": 0.9480009448794645, "id": 46}]]}