{"directed": false, "multigraph": false, "graph": [], "nodes": [{"graph": null, "nnodes": 3, "nedges": 2, "density": 0.6666666666666666, "atomics": "[138, 139, 140]", "group_pop": 3, "init_part_assignment": 6, "id": 0}, {"graph": null, "nnodes": 3, "nedges": 2, "density": 0.6666666666666666, "atomics": "[9, 10, 22]", "group_pop": 3, "init_part_assignment": 4, "id": 1}, {"graph": null, "nnodes": 3, "nedges": 2, "density": 0.6666666666666666, "atomics": "[11, 35, 23]", "group_pop": 3, "init_part_assignment": 9, "id": 2}, {"graph": null, "nnodes": 3, "nedges": 2, "density": 0.6666666666666666, "atomics": "[89, 90, 101]", "group_pop": 3, "init_part_assignment": 8, "id": 3}, {"graph": null, "nnodes": 3, "nedges": 2, "density": 0.6666666666666666, "atomics": "[112, 113, 124]", "group_pop": 3, "init_part_assignment": 6, "id": 4}, {"graph": null, "nnodes": 3, "nedges": 2, "density": 0.6666666666666666, "atomics": "[131, 119, 143]", "group_pop": 3, "init_part_assignment": 1, "id": 5}, {"graph": null, "nnodes": 3, "nedges": 2, "density": 0.6666666666666666, "atomics": "[128, 129, 141]", "group_pop": 3, "init_part_assignment": 6, "id": 6}, {"graph": null, "nnodes": 3, "nedges": 2, "density": 0.6666666666666666, "atomics": "[130, 142, 118]", "group_pop": 3, "init_part_assignment": 1, "id": 7}, {"graph": null, "nnodes": 3, "nedges": 2, "density": 0.6666666666666666, "atomics": "[54, 66, 78]", "group_pop": 3, "init_part_assignment": 11, "id": 8}, {"graph": null, "nnodes": 3, "nedges": 2, "density": 0.6666666666666666, "atomics": "[67, 91, 79]", "group_pop": 3, "init_part_assignment": 11, "id": 9}, {"graph": null, "nnodes": 3, "nedges": 2, "density": 0.6666666666666666, "atomics": "[0, 1, 12]", "group_pop": 3, "init_part_assignment": 0, "id": 10}, {"graph": null, "nnodes": 3, "nedges": 2, "density": 0.6666666666666666, "atomics": "[2, 3, 14]", "group_pop": 3, "init_part_assignment": 0, "id": 11}, {"graph": null, "nnodes": 3, "nedges": 2, "density": 0.6666666666666666, "atomics": "[32, 33, 34]", "group_pop": 3, "init_part_assignment": 10, "id": 12}, {"graph": null, "nnodes": 3, "nedges": 2, "density": 0.6666666666666666, "atomics": "[59, 47, 71]", "group_pop": 3, "init_part_assignment": 9, "id": 13}, {"graph": null, "nnodes": 3, "nedges": 2, "density": 0.6666666666666666, "atomics": "[114, 115, 102]", "group_pop": 3, "init_part_assignment": 8, "id": 14}, {"graph": null, "nnodes": 3, "nedges": 2, "density": 0.6666666666666666, "atomics": "[125, 126, 127]", "group_pop": 3, "init_part_assignment": 6, "id": 15}, {"graph": null, "nnodes": 3, "nedges": 2, "density": 0.6666666666666666, "atomics": "[132, 133, 134]", "group_pop": 3, "init_part_assignment": 5, "id": 16}, {"graph": null, "nnodes": 3, "nedges": 2, "density": 0.6666666666666666, "atomics": "[104, 116, 103]", "group_pop": 3, "init_part_assignment": 8, "id": 17}, {"graph": null, "nnodes": 3, "nedges": 2, "density": 0.6666666666666666, "atomics": "[80, 92, 93]", "group_pop": 3, "init_part_assignment": 8, "id": 18}, {"graph": null, "nnodes": 3, "nedges": 2, "density": 0.6666666666666666, "atomics": "[136, 137, 135]", "group_pop": 3, "init_part_assignment": 5, "id": 19}, {"graph": null, "nnodes": 3, "nedges": 2, "density": 0.6666666666666666, "atomics": "[105, 106, 117]", "group_pop": 3, "init_part_assignment": 1, "id": 20}, {"graph": null, "nnodes": 3, "nedges": 2, "density": 0.6666666666666666, "atomics": "[72, 60, 84]", "group_pop": 3, "init_part_assignment": 3, "id": 21}, {"graph": null, "nnodes": 3, "nedges": 2, "density": 0.6666666666666666, "atomics": "[48, 49, 36]", "group_pop": 3, "init_part_assignment": 2, "id": 22}, {"graph": null, "nnodes": 3, "nedges": 2, "density": 0.6666666666666666, "atomics": "[107, 94, 95]", "group_pop": 3, "init_part_assignment": 1, "id": 23}, {"graph": null, "nnodes": 3, "nedges": 2, "density": 0.6666666666666666, "atomics": "[16, 4, 5]", "group_pop": 3, "init_part_assignment": 4, "id": 24}, {"graph": null, "nnodes": 3, "nedges": 2, "density": 0.6666666666666666, "atomics": "[81, 82, 83]", "group_pop": 3, "init_part_assignment": 9, "id": 25}, {"graph": null, "nnodes": 3, "nedges": 2, "density": 0.6666666666666666, "atomics": "[27, 28, 15]", "group_pop": 3, "init_part_assignment": 2, "id": 26}, {"graph": null, "nnodes": 3, "nedges": 2, "density": 0.6666666666666666, "atomics": "[120, 108, 96]", "group_pop": 3, "init_part_assignment": 3, "id": 27}, {"graph": null, "nnodes": 3, "nedges": 2, "density": 0.6666666666666666, "atomics": "[121, 109, 97]", "group_pop": 3, "init_part_assignment": 3, "id": 28}, {"graph": null, "nnodes": 3, "nedges": 2, "density": 0.6666666666666666, "atomics": "[19, 6, 7]", "group_pop": 3, "init_part_assignment": 4, "id": 29}, {"graph": null, "nnodes": 3, "nedges": 2, "density": 0.6666666666666666, "atomics": "[17, 18, 29]", "group_pop": 3, "init_part_assignment": 10, "id": 30}, {"graph": null, "nnodes": 3, "nedges": 2, "density": 0.6666666666666666, "atomics": "[50, 51, 39]", "group_pop": 3, "init_part_assignment": 2, "id": 31}, {"graph": null, "nnodes": 3, "nedges": 2, "density": 0.6666666666666666, "atomics": "[58, 69, 70]", "group_pop": 3, "init_part_assignment": 9, "id": 32}, {"graph": null, "nnodes": 3, "nedges": 2, "density": 0.6666666666666666, "atomics": "[73, 74, 61]", "group_pop": 3, "init_part_assignment": 7, "id": 33}, {"graph": null, "nnodes": 3, "nedges": 2, "density": 0.6666666666666666, "atomics": "[56, 68, 55]", "group_pop": 3, "init_part_assignment": 11, "id": 34}, {"graph": null, "nnodes": 3, "nedges": 2, "density": 0.6666666666666666, "atomics": "[57, 45, 46]", "group_pop": 3, "init_part_assignment": 11, "id": 35}, {"graph": null, "nnodes": 3, "nedges": 2, "density": 0.6666666666666666, "atomics": "[24, 25, 13]", "group_pop": 3, "init_part_assignment": 0, "id": 36}, {"graph": null, "nnodes": 3, "nedges": 2, "density": 0.6666666666666666, "atomics": "[26, 37, 38]", "group_pop": 3, "init_part_assignment": 0, "id": 37}, {"graph": null, "nnodes": 3, "nedges": 2, "density": 0.6666666666666666, "atomics": "[43, 44, 31]", "group_pop": 3, "init_part_assignment": 10, "id": 38}, {"graph": null, "nnodes": 3, "nedges": 2, "density": 0.6666666666666666, "atomics": "[88, 75, 87]", "group_pop": 3, "init_part_assignment": 7, "id": 39}, {"graph": null, "nnodes": 3, "nedges": 2, "density": 0.6666666666666666, "atomics": "[98, 85, 86]", "group_pop": 3, "init_part_assignment": 3, "id": 40}, {"graph": null, "nnodes": 3, "nedges": 2, "density": 0.6666666666666666, "atomics": "[122, 123, 110]", "group_pop": 3, "init_part_assignment": 5, "id": 41}, {"graph": null, "nnodes": 3, "nedges": 2, "density": 0.6666666666666666, "atomics": "[8, 20, 21]", "group_pop": 3, "init_part_assignment": 4, "id": 42}, {"graph": null, "nnodes": 3, "nedges": 2, "density": 0.6666666666666666, "atomics": "[41, 42, 30]", "group_pop": 3, "init_part_assignment": 10, "id": 43}, {"graph": null, "nnodes": 3, "nedges": 2, "density": 0.6666666666666666, "atomics": "[65, 76, 77]", "group_pop": 3, "init_part_assignment": 7, "id": 44}, {"graph": null, "nnodes": 3, "nedges": 2, "density": 0.6666666666666666, "atomics": "[40, 52, 53]", "group_pop": 3, "init_part_assignment": 2, "id": 45}, {"graph": null, "nnodes": 3, "nedges": 2, "density": 0.6666666666666666, "atomics": "[99, 100, 111]", "group_pop": 3, "init_part_assignment": 5, "id": 46}, {"graph": null, "nnodes": 3, "nedges": 2, "density": 0.6666666666666666, "atomics": "[64, 62, 63]", "group_pop": 3, "init_part_assignment": 7, "id": 47}], "adjacency": [[{"weight": 2, "random_weight": 0.35670891270213956, "id": 6}, {"weight": 2, "random_weight": 0.8156602421616926, "id": 15}, {"weight": 1, "random_weight": 0.8034496386502454, "id": 19}], [{"weight": 2, "random_weight": 0.6971937366022174, "id": 2}, {"weight": 1, "random_weight": 0.29437274394286317, "id": 12}, {"weight": 3, "random_weight": 0.2944271492621856, "id": 42}], [{"weight": 2, "random_weight": 0.6971937366022174, "id": 1}, {"weight": 1, "random_weight": 0.697663801269068, "id": 12}, {"weight": 1, "random_weight": 0.1619507612800537, "id": 13}], [{"weight": 1, "random_weight": 0.9499168506775734, "id": 4}, {"weight": 1, "random_weight": 0.9712014711552732, "id": 8}, {"weight": 1, "random_weight": 0.961769684533118, "id": 9}, {"weight": 2, "random_weight": 0.013968985257659106, "id": 14}, {"weight": 1, "random_weight": 0.9174984982725908, "id": 39}, {"weight": 1, "random_weight": 0.8778693699173526, "id": 44}, {"weight": 1, "random_weight": 0.1688700051287374, "id": 46}], [{"weight": 1, "random_weight": 0.9499168506775734, "id": 3}, {"weight": 1, "random_weight": 0.9190372123669794, "id": 14}, {"weight": 2, "random_weight": 0.6069892126356815, "id": 15}, {"weight": 1, "random_weight": 0.6438718589452879, "id": 19}, {"weight": 1, "random_weight": 0.7925951314118553, "id": 41}, {"weight": 2, "random_weight": 0.2954280662137253, "id": 46}], [{"weight": 3, "random_weight": 0.6375439062183911, "id": 7}, {"weight": 1, "random_weight": 0.6228289874053412, "id": 23}], [{"weight": 2, "random_weight": 0.35670891270213956, "id": 0}, {"weight": 2, "random_weight": 0.76609961837859, "id": 7}, {"weight": 1, "random_weight": 0.33294324408782816, "id": 15}, {"weight": 1, "random_weight": 0.7887659301572152, "id": 17}, {"weight": 1, "random_weight": 0.569032012862382, "id": 20}], [{"weight": 3, "random_weight": 0.6375439062183911, "id": 5}, {"weight": 2, "random_weight": 0.76609961837859, "id": 6}, {"weight": 2, "random_weight": 0.3002242774377286, "id": 20}], [{"weight": 1, "random_weight": 0.9712014711552732, "id": 3}, {"weight": 2, "random_weight": 0.39141707804777126, "id": 9}, {"weight": 1, "random_weight": 0.47982013956210334, "id": 34}, {"weight": 1, "random_weight": 0.8112929895185852, "id": 43}, {"weight": 2, "random_weight": 0.5362081049939698, "id": 44}, {"weight": 1, "random_weight": 0.6412228140871995, "id": 45}], [{"weight": 1, "random_weight": 0.961769684533118, "id": 3}, {"weight": 2, "random_weight": 0.39141707804777126, "id": 8}, {"weight": 1, "random_weight": 0.5650032949728702, "id": 17}, {"weight": 2, "random_weight": 0.024936384905771103, "id": 18}, {"weight": 2, "random_weight": 0.29064762147266954, "id": 34}], [{"weight": 1, "random_weight": 0.16700203172829364, "id": 11}, {"weight": 3, "random_weight": 0.45768835174734834, "id": 36}], [{"weight": 1, "random_weight": 0.16700203172829364, "id": 10}, {"weight": 1, "random_weight": 0.8985325177788872, "id": 24}, {"weight": 2, "random_weight": 0.8845426573944122, "id": 26}, {"weight": 1, "random_weight": 0.931844836841538, "id": 36}, {"weight": 1, "random_weight": 0.8773247372718167, "id": 37}], [{"weight": 1, "random_weight": 0.29437274394286317, "id": 1}, {"weight": 1, "random_weight": 0.697663801269068, "id": 2}, {"weight": 2, "random_weight": 0.5404864689005562, "id": 35}, {"weight": 2, "random_weight": 0.31341005151954104, "id": 38}, {"weight": 2, "random_weight": 0.8853865295002057, "id": 42}], [{"weight": 1, "random_weight": 0.1619507612800537, "id": 2}, {"weight": 1, "random_weight": 0.1130280317994915, "id": 25}, {"weight": 2, "random_weight": 0.2849547438423333, "id": 32}, {"weight": 1, "random_weight": 0.4913813401699598, "id": 35}], [{"weight": 2, "random_weight": 0.013968985257659106, "id": 3}, {"weight": 1, "random_weight": 0.9190372123669794, "id": 4}, {"weight": 2, "random_weight": 0.331249540138989, "id": 15}, {"weight": 3, "random_weight": 0.42079793532590304, "id": 17}], [{"weight": 2, "random_weight": 0.8156602421616926, "id": 0}, {"weight": 2, "random_weight": 0.6069892126356815, "id": 4}, {"weight": 1, "random_weight": 0.33294324408782816, "id": 6}, {"weight": 2, "random_weight": 0.331249540138989, "id": 14}, {"weight": 1, "random_weight": 0.7729816509874449, "id": 19}], [{"weight": 1, "random_weight": 0.4476805561238223, "id": 19}, {"weight": 1, "random_weight": 0.3047975155012227, "id": 27}, {"weight": 1, "random_weight": 0.005187029260571685, "id": 28}, {"weight": 1, "random_weight": 0.080536790548969, "id": 41}], [{"weight": 1, "random_weight": 0.7887659301572152, "id": 6}, {"weight": 1, "random_weight": 0.5650032949728702, "id": 9}, {"weight": 3, "random_weight": 0.42079793532590304, "id": 14}, {"weight": 1, "random_weight": 0.32935509840844934, "id": 18}, {"weight": 2, "random_weight": 0.9752993398396149, "id": 20}], [{"weight": 2, "random_weight": 0.024936384905771103, "id": 9}, {"weight": 1, "random_weight": 0.32935509840844934, "id": 17}, {"weight": 1, "random_weight": 0.7069229301017943, "id": 20}, {"weight": 1, "random_weight": 0.9633801766768381, "id": 23}, {"weight": 2, "random_weight": 0.5001795781998786, "id": 25}, {"weight": 1, "random_weight": 0.34599691523206466, "id": 34}], [{"weight": 1, "random_weight": 0.8034496386502454, "id": 0}, {"weight": 1, "random_weight": 0.6438718589452879, "id": 4}, {"weight": 1, "random_weight": 0.7729816509874449, "id": 15}, {"weight": 1, "random_weight": 0.4476805561238223, "id": 16}, {"weight": 1, "random_weight": 0.8461940526886136, "id": 41}], [{"weight": 1, "random_weight": 0.569032012862382, "id": 6}, {"weight": 2, "random_weight": 0.3002242774377286, "id": 7}, {"weight": 2, "random_weight": 0.9752993398396149, "id": 17}, {"weight": 1, "random_weight": 0.7069229301017943, "id": 18}, {"weight": 2, "random_weight": 0.1122726206395932, "id": 23}], [{"weight": 1, "random_weight": 0.5825422469494937, "id": 22}, {"weight": 1, "random_weight": 0.39793845836914066, "id": 27}, {"weight": 2, "random_weight": 0.8279618589605724, "id": 33}, {"weight": 1, "random_weight": 0.3043593808374163, "id": 40}], [{"weight": 1, "random_weight": 0.5825422469494937, "id": 21}, {"weight": 1, "random_weight": 0.14669132678337304, "id": 31}, {"weight": 1, "random_weight": 0.6771979005208899, "id": 33}, {"weight": 1, "random_weight": 0.9671582474176929, "id": 36}, {"weight": 2, "random_weight": 0.6554975068986537, "id": 37}], [{"weight": 1, "random_weight": 0.6228289874053412, "id": 5}, {"weight": 1, "random_weight": 0.9633801766768381, "id": 18}, {"weight": 2, "random_weight": 0.1122726206395932, "id": 20}, {"weight": 2, "random_weight": 0.6417697650871879, "id": 25}], [{"weight": 1, "random_weight": 0.8985325177788872, "id": 11}, {"weight": 2, "random_weight": 0.6554369352318336, "id": 26}, {"weight": 1, "random_weight": 0.31768155158898814, "id": 29}, {"weight": 2, "random_weight": 0.6321448058224898, "id": 30}], [{"weight": 1, "random_weight": 0.1130280317994915, "id": 13}, {"weight": 2, "random_weight": 0.5001795781998786, "id": 18}, {"weight": 2, "random_weight": 0.6417697650871879, "id": 23}, {"weight": 2, "random_weight": 0.729460812356757, "id": 32}], [{"weight": 2, "random_weight": 0.8845426573944122, "id": 11}, {"weight": 2, "random_weight": 0.6554369352318336, "id": 24}, {"weight": 1, "random_weight": 0.9768810281983619, "id": 30}, {"weight": 1, "random_weight": 0.31497503808482696, "id": 31}, {"weight": 1, "random_weight": 0.6365268406097488, "id": 37}, {"weight": 1, "random_weight": 0.5196384101240689, "id": 45}], [{"weight": 1, "random_weight": 0.3047975155012227, "id": 16}, {"weight": 1, "random_weight": 0.39793845836914066, "id": 21}, {"weight": 3, "random_weight": 0.1358736575366315, "id": 28}], [{"weight": 1, "random_weight": 0.005187029260571685, "id": 16}, {"weight": 3, "random_weight": 0.1358736575366315, "id": 27}, {"weight": 2, "random_weight": 0.35267576475371765, "id": 40}, {"weight": 2, "random_weight": 0.5813220805572894, "id": 41}], [{"weight": 1, "random_weight": 0.31768155158898814, "id": 24}, {"weight": 2, "random_weight": 0.678705996160735, "id": 30}, {"weight": 1, "random_weight": 0.5550088589456091, "id": 38}, {"weight": 2, "random_weight": 0.3018375508488107, "id": 42}], [{"weight": 2, "random_weight": 0.6321448058224898, "id": 24}, {"weight": 1, "random_weight": 0.9768810281983619, "id": 26}, {"weight": 2, "random_weight": 0.678705996160735, "id": 29}, {"weight": 3, "random_weight": 0.4676400919261632, "id": 43}], [{"weight": 1, "random_weight": 0.14669132678337304, "id": 22}, {"weight": 1, "random_weight": 0.31497503808482696, "id": 26}, {"weight": 2, "random_weight": 0.7360282790207486, "id": 37}, {"weight": 2, "random_weight": 0.3726367751522913, "id": 45}, {"weight": 2, "random_weight": 0.47319803433046115, "id": 47}], [{"weight": 2, "random_weight": 0.2849547438423333, "id": 13}, {"weight": 2, "random_weight": 0.729460812356757, "id": 25}, {"weight": 1, "random_weight": 0.3361166634157581, "id": 34}, {"weight": 3, "random_weight": 0.6509683722127105, "id": 35}], [{"weight": 2, "random_weight": 0.8279618589605724, "id": 21}, {"weight": 1, "random_weight": 0.6771979005208899, "id": 22}, {"weight": 1, "random_weight": 0.6772167463591895, "id": 39}, {"weight": 2, "random_weight": 0.7461430656085507, "id": 40}, {"weight": 2, "random_weight": 0.3495955191324359, "id": 47}], [{"weight": 1, "random_weight": 0.47982013956210334, "id": 8}, {"weight": 2, "random_weight": 0.29064762147266954, "id": 9}, {"weight": 1, "random_weight": 0.34599691523206466, "id": 18}, {"weight": 1, "random_weight": 0.3361166634157581, "id": 32}, {"weight": 1, "random_weight": 0.6422616713499545, "id": 35}, {"weight": 2, "random_weight": 0.8555834307915144, "id": 38}], [{"weight": 2, "random_weight": 0.5404864689005562, "id": 12}, {"weight": 1, "random_weight": 0.4913813401699598, "id": 13}, {"weight": 3, "random_weight": 0.6509683722127105, "id": 32}, {"weight": 1, "random_weight": 0.6422616713499545, "id": 34}, {"weight": 1, "random_weight": 0.838710273395641, "id": 38}], [{"weight": 3, "random_weight": 0.45768835174734834, "id": 10}, {"weight": 1, "random_weight": 0.931844836841538, "id": 11}, {"weight": 1, "random_weight": 0.9671582474176929, "id": 22}, {"weight": 2, "random_weight": 0.09241166807455237, "id": 37}], [{"weight": 1, "random_weight": 0.8773247372718167, "id": 11}, {"weight": 2, "random_weight": 0.6554975068986537, "id": 22}, {"weight": 1, "random_weight": 0.6365268406097488, "id": 26}, {"weight": 2, "random_weight": 0.7360282790207486, "id": 31}, {"weight": 2, "random_weight": 0.09241166807455237, "id": 36}], [{"weight": 2, "random_weight": 0.31341005151954104, "id": 12}, {"weight": 1, "random_weight": 0.5550088589456091, "id": 29}, {"weight": 2, "random_weight": 0.8555834307915144, "id": 34}, {"weight": 1, "random_weight": 0.838710273395641, "id": 35}, {"weight": 2, "random_weight": 0.6179811648716452, "id": 43}], [{"weight": 1, "random_weight": 0.9174984982725908, "id": 3}, {"weight": 1, "random_weight": 0.6772167463591895, "id": 33}, {"weight": 1, "random_weight": 0.9240524355662485, "id": 40}, {"weight": 2, "random_weight": 0.25435495516095274, "id": 44}, {"weight": 2, "random_weight": 0.8920351699520924, "id": 46}, {"weight": 1, "random_weight": 0.5317683140484214, "id": 47}], [{"weight": 1, "random_weight": 0.3043593808374163, "id": 21}, {"weight": 2, "random_weight": 0.35267576475371765, "id": 28}, {"weight": 2, "random_weight": 0.7461430656085507, "id": 33}, {"weight": 1, "random_weight": 0.9240524355662485, "id": 39}, {"weight": 1, "random_weight": 0.5021900839801683, "id": 41}, {"weight": 1, "random_weight": 0.3996082849289667, "id": 46}], [{"weight": 1, "random_weight": 0.7925951314118553, "id": 4}, {"weight": 1, "random_weight": 0.080536790548969, "id": 16}, {"weight": 1, "random_weight": 0.8461940526886136, "id": 19}, {"weight": 2, "random_weight": 0.5813220805572894, "id": 28}, {"weight": 1, "random_weight": 0.5021900839801683, "id": 40}, {"weight": 2, "random_weight": 0.14933384410941786, "id": 46}], [{"weight": 3, "random_weight": 0.2944271492621856, "id": 1}, {"weight": 2, "random_weight": 0.8853865295002057, "id": 12}, {"weight": 2, "random_weight": 0.3018375508488107, "id": 29}], [{"weight": 1, "random_weight": 0.8112929895185852, "id": 8}, {"weight": 3, "random_weight": 0.4676400919261632, "id": 30}, {"weight": 2, "random_weight": 0.6179811648716452, "id": 38}, {"weight": 2, "random_weight": 0.9911013827640903, "id": 45}], [{"weight": 1, "random_weight": 0.8778693699173526, "id": 3}, {"weight": 2, "random_weight": 0.5362081049939698, "id": 8}, {"weight": 2, "random_weight": 0.25435495516095274, "id": 39}, {"weight": 1, "random_weight": 0.675618292523653, "id": 45}, {"weight": 2, "random_weight": 0.7068375666186112, "id": 47}], [{"weight": 1, "random_weight": 0.6412228140871995, "id": 8}, {"weight": 1, "random_weight": 0.5196384101240689, "id": 26}, {"weight": 2, "random_weight": 0.3726367751522913, "id": 31}, {"weight": 2, "random_weight": 0.9911013827640903, "id": 43}, {"weight": 1, "random_weight": 0.675618292523653, "id": 44}, {"weight": 1, "random_weight": 0.002774983682608978, "id": 47}], [{"weight": 1, "random_weight": 0.1688700051287374, "id": 3}, {"weight": 2, "random_weight": 0.2954280662137253, "id": 4}, {"weight": 2, "random_weight": 0.8920351699520924, "id": 39}, {"weight": 1, "random_weight": 0.3996082849289667, "id": 40}, {"weight": 2, "random_weight": 0.14933384410941786, "id": 41}], [{"weight": 2, "random_weight": 0.47319803433046115, "id": 31}, {"weight": 2, "random_weight": 0.3495955191324359, "id": 33}, {"weight": 1, "random_weight": 0.5317683140484214, "id": 39}, {"weight": 2, "random_weight": 0.7068375666186112, "id": 44}, {"weight": 1, "random_weight": 0.002774983682608978, "id": 45}]]}