{"directed": false, "multigraph": false, "graph": [], "nodes": [{"graph": null, "nnodes": 3, "nedges": 2, "density": 0.6666666666666666, "atomics": "[138, 125, 126]", "group_pop": 3, "init_part_assignment": 2, "id": 0}, {"graph": null, "nnodes": 3, "nedges": 2, "density": 0.6666666666666666, "atomics": "[139, 140, 127]", "group_pop": 3, "init_part_assignment": 6, "id": 1}, {"graph": null, "nnodes": 3, "nedges": 2, "density": 0.6666666666666666, "atomics": "[9, 10, 11]", "group_pop": 3, "init_part_assignment": 1, "id": 2}, {"graph": null, "nnodes": 3, "nedges": 2, "density": 0.6666666666666666, "atomics": "[35, 22, 23]", "group_pop": 3, "init_part_assignment": 7, "id": 3}, {"graph": null, "nnodes": 3, "nedges": 2, "density": 0.6666666666666666, "atomics": "[89, 90, 102]", "group_pop": 3, "init_part_assignment": 8, "id": 4}, {"graph": null, "nnodes": 3, "nedges": 2, "density": 0.6666666666666666, "atomics": "[99, 100, 101]", "group_pop": 3, "init_part_assignment": 8, "id": 5}, {"graph": null, "nnodes": 3, "nedges": 2, "density": 0.6666666666666666, "atomics": "[113, 114, 115]", "group_pop": 3, "init_part_assignment": 6, "id": 6}, {"graph": null, "nnodes": 3, "nedges": 2, "density": 0.6666666666666666, "atomics": "[130, 131, 143]", "group_pop": 3, "init_part_assignment": 0, "id": 7}, {"graph": null, "nnodes": 3, "nedges": 2, "density": 0.6666666666666666, "atomics": "[107, 118, 119]", "group_pop": 3, "init_part_assignment": 0, "id": 8}, {"graph": null, "nnodes": 3, "nedges": 2, "density": 0.6666666666666666, "atomics": "[129, 141, 142]", "group_pop": 3, "init_part_assignment": 0, "id": 9}, {"graph": null, "nnodes": 3, "nedges": 2, "density": 0.6666666666666666, "atomics": "[64, 65, 66]", "group_pop": 3, "init_part_assignment": 11, "id": 10}, {"graph": null, "nnodes": 3, "nedges": 2, "density": 0.6666666666666666, "atomics": "[67, 68, 79]", "group_pop": 3, "init_part_assignment": 11, "id": 11}, {"graph": null, "nnodes": 3, "nedges": 2, "density": 0.6666666666666666, "atomics": "[56, 54, 55]", "group_pop": 3, "init_part_assignment": 10, "id": 12}, {"graph": null, "nnodes": 3, "nedges": 2, "density": 0.6666666666666666, "atomics": "[0, 1, 12]", "group_pop": 3, "init_part_assignment": 3, "id": 13}, {"graph": null, "nnodes": 3, "nedges": 2, "density": 0.6666666666666666, "atomics": "[2, 13, 14]", "group_pop": 3, "init_part_assignment": 3, "id": 14}, {"graph": null, "nnodes": 3, "nedges": 2, "density": 0.6666666666666666, "atomics": "[33, 34, 21]", "group_pop": 3, "init_part_assignment": 7, "id": 15}, {"graph": null, "nnodes": 3, "nedges": 2, "density": 0.6666666666666666, "atomics": "[58, 46, 47]", "group_pop": 3, "init_part_assignment": 10, "id": 16}, {"graph": null, "nnodes": 3, "nedges": 2, "density": 0.6666666666666666, "atomics": "[128, 116, 117]", "group_pop": 3, "init_part_assignment": 6, "id": 17}, {"graph": null, "nnodes": 3, "nedges": 2, "density": 0.6666666666666666, "atomics": "[120, 132, 133]", "group_pop": 3, "init_part_assignment": 2, "id": 18}, {"graph": null, "nnodes": 3, "nedges": 2, "density": 0.6666666666666666, "atomics": "[121, 122, 134]", "group_pop": 3, "init_part_assignment": 2, "id": 19}, {"graph": null, "nnodes": 3, "nedges": 2, "density": 0.6666666666666666, "atomics": "[104, 105, 103]", "group_pop": 3, "init_part_assignment": 6, "id": 20}, {"graph": null, "nnodes": 3, "nedges": 2, "density": 0.6666666666666666, "atomics": "[91, 92, 93]", "group_pop": 3, "init_part_assignment": 9, "id": 21}, {"graph": null, "nnodes": 3, "nedges": 2, "density": 0.6666666666666666, "atomics": "[136, 137, 135]", "group_pop": 3, "init_part_assignment": 2, "id": 22}, {"graph": null, "nnodes": 3, "nedges": 2, "density": 0.6666666666666666, "atomics": "[72, 60, 84]", "group_pop": 3, "init_part_assignment": 5, "id": 23}, {"graph": null, "nnodes": 3, "nedges": 2, "density": 0.6666666666666666, "atomics": "[48, 49, 36]", "group_pop": 3, "init_part_assignment": 5, "id": 24}, {"graph": null, "nnodes": 3, "nedges": 2, "density": 0.6666666666666666, "atomics": "[106, 94, 95]", "group_pop": 3, "init_part_assignment": 0, "id": 25}, {"graph": null, "nnodes": 3, "nedges": 2, "density": 0.6666666666666666, "atomics": "[76, 77, 78]", "group_pop": 3, "init_part_assignment": 8, "id": 26}, {"graph": null, "nnodes": 3, "nedges": 2, "density": 0.6666666666666666, "atomics": "[16, 27, 15]", "group_pop": 3, "init_part_assignment": 3, "id": 27}, {"graph": null, "nnodes": 3, "nedges": 2, "density": 0.6666666666666666, "atomics": "[3, 4, 5]", "group_pop": 3, "init_part_assignment": 1, "id": 28}, {"graph": null, "nnodes": 3, "nedges": 2, "density": 0.6666666666666666, "atomics": "[80, 81, 82]", "group_pop": 3, "init_part_assignment": 9, "id": 29}, {"graph": null, "nnodes": 3, "nedges": 2, "density": 0.6666666666666666, "atomics": "[96, 108, 109]", "group_pop": 3, "init_part_assignment": 4, "id": 30}, {"graph": null, "nnodes": 3, "nedges": 2, "density": 0.6666666666666666, "atomics": "[18, 19, 20]", "group_pop": 3, "init_part_assignment": 7, "id": 31}, {"graph": null, "nnodes": 3, "nedges": 2, "density": 0.6666666666666666, "atomics": "[8, 6, 7]", "group_pop": 3, "init_part_assignment": 1, "id": 32}, {"graph": null, "nnodes": 3, "nedges": 2, "density": 0.6666666666666666, "atomics": "[17, 28, 29]", "group_pop": 3, "init_part_assignment": 1, "id": 33}, {"graph": null, "nnodes": 3, "nedges": 2, "density": 0.6666666666666666, "atomics": "[40, 52, 39]", "group_pop": 3, "init_part_assignment": 11, "id": 34}, {"graph": null, "nnodes": 3, "nedges": 2, "density": 0.6666666666666666, "atomics": "[57, 69, 70]", "group_pop": 3, "init_part_assignment": 9, "id": 35}, {"graph": null, "nnodes": 3, "nedges": 2, "density": 0.6666666666666666, "atomics": "[73, 74, 61]", "group_pop": 3, "init_part_assignment": 5, "id": 36}, {"graph": null, "nnodes": 3, "nedges": 2, "density": 0.6666666666666666, "atomics": "[83, 59, 71]", "group_pop": 3, "init_part_assignment": 9, "id": 37}, {"graph": null, "nnodes": 3, "nedges": 2, "density": 0.6666666666666666, "atomics": "[24, 25, 26]", "group_pop": 3, "init_part_assignment": 3, "id": 38}, {"graph": null, "nnodes": 3, "nedges": 2, "density": 0.6666666666666666, "atomics": "[50, 37, 38]", "group_pop": 3, "init_part_assignment": 5, "id": 39}, {"graph": null, "nnodes": 3, "nedges": 2, "density": 0.6666666666666666, "atomics": "[43, 44, 45]", "group_pop": 3, "init_part_assignment": 10, "id": 40}, {"graph": null, "nnodes": 3, "nedges": 2, "density": 0.6666666666666666, "atomics": "[88, 75, 87]", "group_pop": 3, "init_part_assignment": 8, "id": 41}, {"graph": null, "nnodes": 3, "nedges": 2, "density": 0.6666666666666666, "atomics": "[97, 85, 86]", "group_pop": 3, "init_part_assignment": 4, "id": 42}, {"graph": null, "nnodes": 3, "nedges": 2, "density": 0.6666666666666666, "atomics": "[112, 123, 124]", "group_pop": 3, "init_part_assignment": 4, "id": 43}, {"graph": null, "nnodes": 3, "nedges": 2, "density": 0.6666666666666666, "atomics": "[98, 110, 111]", "group_pop": 3, "init_part_assignment": 4, "id": 44}, {"graph": null, "nnodes": 3, "nedges": 2, "density": 0.6666666666666666, "atomics": "[32, 30, 31]", "group_pop": 3, "init_part_assignment": 7, "id": 45}, {"graph": null, "nnodes": 3, "nedges": 2, "density": 0.6666666666666666, "atomics": "[41, 42, 53]", "group_pop": 3, "init_part_assignment": 10, "id": 46}, {"graph": null, "nnodes": 3, "nedges": 2, "density": 0.6666666666666666, "atomics": "[51, 62, 63]", "group_pop": 3, "init_part_assignment": 11, "id": 47}], "adjacency": [[{"weight": 2, "random_weight": 0.8999348839039404, "id": 1}, {"weight": 2, "random_weight": 0.4522394899143578, "id": 6}, {"weight": 2, "random_weight": 0.13966416391770065, "id": 22}, {"weight": 1, "random_weight": 0.49928067470168935, "id": 43}], [{"weight": 2, "random_weight": 0.8999348839039404, "id": 0}, {"weight": 1, "random_weight": 0.5834642477007448, "id": 6}, {"weight": 1, "random_weight": 0.9855073738071463, "id": 9}, {"weight": 2, "random_weight": 0.026714640709682214, "id": 17}], [{"weight": 2, "random_weight": 0.8298030460425031, "id": 3}, {"weight": 1, "random_weight": 0.9754476853838846, "id": 15}, {"weight": 1, "random_weight": 0.37278627423147503, "id": 32}], [{"weight": 2, "random_weight": 0.8298030460425031, "id": 2}, {"weight": 3, "random_weight": 0.7430211761468654, "id": 15}, {"weight": 1, "random_weight": 0.989538662170781, "id": 16}], [{"weight": 2, "random_weight": 0.011368245475437133, "id": 5}, {"weight": 1, "random_weight": 0.16225738209834184, "id": 6}, {"weight": 1, "random_weight": 0.547442477135874, "id": 20}, {"weight": 1, "random_weight": 0.8600757018641021, "id": 21}, {"weight": 2, "random_weight": 0.4546968248353206, "id": 26}, {"weight": 1, "random_weight": 0.9041781798257762, "id": 41}], [{"weight": 2, "random_weight": 0.011368245475437133, "id": 4}, {"weight": 1, "random_weight": 0.6451564438371395, "id": 6}, {"weight": 2, "random_weight": 0.07392223391987274, "id": 41}, {"weight": 1, "random_weight": 0.6059086790364185, "id": 43}, {"weight": 2, "random_weight": 0.6482068828157435, "id": 44}], [{"weight": 2, "random_weight": 0.4522394899143578, "id": 0}, {"weight": 1, "random_weight": 0.5834642477007448, "id": 1}, {"weight": 1, "random_weight": 0.16225738209834184, "id": 4}, {"weight": 1, "random_weight": 0.6451564438371395, "id": 5}, {"weight": 1, "random_weight": 0.06961514785910661, "id": 17}, {"weight": 1, "random_weight": 0.5703507841072204, "id": 20}, {"weight": 1, "random_weight": 0.9227791376971497, "id": 43}], [{"weight": 2, "random_weight": 0.8981396935375036, "id": 8}, {"weight": 3, "random_weight": 0.34764047757456873, "id": 9}], [{"weight": 2, "random_weight": 0.8981396935375036, "id": 7}, {"weight": 1, "random_weight": 0.9300845348379785, "id": 17}, {"weight": 3, "random_weight": 0.8983937133520419, "id": 25}], [{"weight": 1, "random_weight": 0.9855073738071463, "id": 1}, {"weight": 3, "random_weight": 0.34764047757456873, "id": 7}, {"weight": 2, "random_weight": 0.9887429863566956, "id": 17}], [{"weight": 1, "random_weight": 0.49450440086428216, "id": 11}, {"weight": 1, "random_weight": 0.859739637916088, "id": 12}, {"weight": 3, "random_weight": 0.4400380594872644, "id": 26}, {"weight": 1, "random_weight": 0.1807984685113856, "id": 34}, {"weight": 1, "random_weight": 0.5681228684066977, "id": 46}, {"weight": 1, "random_weight": 0.2844789175376211, "id": 47}], [{"weight": 1, "random_weight": 0.49450440086428216, "id": 10}, {"weight": 2, "random_weight": 0.7892771710165628, "id": 12}, {"weight": 1, "random_weight": 0.9765169772581319, "id": 21}, {"weight": 1, "random_weight": 0.6174369637118959, "id": 26}, {"weight": 2, "random_weight": 0.9120002953714751, "id": 29}, {"weight": 1, "random_weight": 0.7266571068374106, "id": 35}], [{"weight": 1, "random_weight": 0.859739637916088, "id": 10}, {"weight": 2, "random_weight": 0.7892771710165628, "id": 11}, {"weight": 1, "random_weight": 0.8785391144242153, "id": 35}, {"weight": 2, "random_weight": 0.3073286080935127, "id": 40}, {"weight": 2, "random_weight": 0.6149908857108631, "id": 46}], [{"weight": 3, "random_weight": 0.6324519024935024, "id": 14}, {"weight": 1, "random_weight": 0.23943409094980506, "id": 38}], [{"weight": 3, "random_weight": 0.6324519024935024, "id": 13}, {"weight": 1, "random_weight": 0.29504513954615486, "id": 27}, {"weight": 1, "random_weight": 0.6875756225742101, "id": 28}, {"weight": 2, "random_weight": 0.6913766197139111, "id": 38}], [{"weight": 1, "random_weight": 0.9754476853838846, "id": 2}, {"weight": 3, "random_weight": 0.7430211761468654, "id": 3}, {"weight": 1, "random_weight": 0.10515596897548263, "id": 16}, {"weight": 1, "random_weight": 0.17631406712388598, "id": 31}, {"weight": 1, "random_weight": 0.5398542660821622, "id": 40}, {"weight": 1, "random_weight": 0.0865494620022843, "id": 45}], [{"weight": 1, "random_weight": 0.989538662170781, "id": 3}, {"weight": 1, "random_weight": 0.10515596897548263, "id": 15}, {"weight": 2, "random_weight": 0.4396955837479306, "id": 35}, {"weight": 2, "random_weight": 0.20034447464579763, "id": 37}, {"weight": 1, "random_weight": 0.5537762882473001, "id": 40}], [{"weight": 2, "random_weight": 0.026714640709682214, "id": 1}, {"weight": 1, "random_weight": 0.06961514785910661, "id": 6}, {"weight": 1, "random_weight": 0.9300845348379785, "id": 8}, {"weight": 2, "random_weight": 0.9887429863566956, "id": 9}, {"weight": 2, "random_weight": 0.3368009131570898, "id": 20}], [{"weight": 3, "random_weight": 0.7542335425766938, "id": 19}, {"weight": 1, "random_weight": 0.9040204238879972, "id": 30}], [{"weight": 3, "random_weight": 0.7542335425766938, "id": 18}, {"weight": 1, "random_weight": 0.24490176246947493, "id": 22}, {"weight": 1, "random_weight": 0.21083725090815786, "id": 30}, {"weight": 1, "random_weight": 0.7697485183466634, "id": 43}, {"weight": 1, "random_weight": 0.5156961107967334, "id": 44}], [{"weight": 1, "random_weight": 0.547442477135874, "id": 4}, {"weight": 1, "random_weight": 0.5703507841072204, "id": 6}, {"weight": 2, "random_weight": 0.3368009131570898, "id": 17}, {"weight": 3, "random_weight": 0.48216751883441755, "id": 21}, {"weight": 1, "random_weight": 0.03419405540304565, "id": 25}], [{"weight": 1, "random_weight": 0.8600757018641021, "id": 4}, {"weight": 1, "random_weight": 0.9765169772581319, "id": 11}, {"weight": 3, "random_weight": 0.48216751883441755, "id": 20}, {"weight": 1, "random_weight": 0.7800295725145058, "id": 25}, {"weight": 2, "random_weight": 0.3522941211962093, "id": 29}], [{"weight": 2, "random_weight": 0.13966416391770065, "id": 0}, {"weight": 1, "random_weight": 0.24490176246947493, "id": 19}, {"weight": 2, "random_weight": 0.5478372751534611, "id": 43}], [{"weight": 1, "random_weight": 0.6142967206032981, "id": 24}, {"weight": 1, "random_weight": 0.634780177352981, "id": 30}, {"weight": 2, "random_weight": 0.9555279269777088, "id": 36}, {"weight": 1, "random_weight": 0.0811798155032003, "id": 42}], [{"weight": 1, "random_weight": 0.6142967206032981, "id": 23}, {"weight": 1, "random_weight": 0.442134082021325, "id": 36}, {"weight": 1, "random_weight": 0.997592490103954, "id": 38}, {"weight": 3, "random_weight": 0.13773941416330926, "id": 39}], [{"weight": 3, "random_weight": 0.8983937133520419, "id": 8}, {"weight": 1, "random_weight": 0.03419405540304565, "id": 20}, {"weight": 1, "random_weight": 0.7800295725145058, "id": 21}, {"weight": 1, "random_weight": 0.5652070278785132, "id": 29}, {"weight": 1, "random_weight": 0.7775286279923243, "id": 37}], [{"weight": 2, "random_weight": 0.4546968248353206, "id": 4}, {"weight": 3, "random_weight": 0.4400380594872644, "id": 10}, {"weight": 1, "random_weight": 0.6174369637118959, "id": 11}, {"weight": 2, "random_weight": 0.008301221471393228, "id": 41}], [{"weight": 1, "random_weight": 0.29504513954615486, "id": 14}, {"weight": 2, "random_weight": 0.7890354248102778, "id": 28}, {"weight": 3, "random_weight": 0.5522096885148858, "id": 33}, {"weight": 1, "random_weight": 0.2050907180984971, "id": 34}, {"weight": 1, "random_weight": 0.030521262435790786, "id": 38}], [{"weight": 1, "random_weight": 0.6875756225742101, "id": 14}, {"weight": 2, "random_weight": 0.7890354248102778, "id": 27}, {"weight": 1, "random_weight": 0.494693730999043, "id": 32}, {"weight": 1, "random_weight": 0.14562870933956462, "id": 33}], [{"weight": 2, "random_weight": 0.9120002953714751, "id": 11}, {"weight": 2, "random_weight": 0.3522941211962093, "id": 21}, {"weight": 1, "random_weight": 0.5652070278785132, "id": 25}, {"weight": 2, "random_weight": 0.732343956629584, "id": 35}, {"weight": 1, "random_weight": 0.002769699648137225, "id": 37}], [{"weight": 1, "random_weight": 0.9040204238879972, "id": 18}, {"weight": 1, "random_weight": 0.21083725090815786, "id": 19}, {"weight": 1, "random_weight": 0.634780177352981, "id": 23}, {"weight": 2, "random_weight": 0.019860058407864756, "id": 42}, {"weight": 1, "random_weight": 0.6592983798024116, "id": 44}], [{"weight": 1, "random_weight": 0.17631406712388598, "id": 15}, {"weight": 3, "random_weight": 0.9556988349350855, "id": 32}, {"weight": 1, "random_weight": 0.8943061735014259, "id": 33}, {"weight": 3, "random_weight": 0.8186650828355309, "id": 45}], [{"weight": 1, "random_weight": 0.37278627423147503, "id": 2}, {"weight": 1, "random_weight": 0.494693730999043, "id": 28}, {"weight": 3, "random_weight": 0.9556988349350855, "id": 31}], [{"weight": 3, "random_weight": 0.5522096885148858, "id": 27}, {"weight": 1, "random_weight": 0.14562870933956462, "id": 28}, {"weight": 1, "random_weight": 0.8943061735014259, "id": 31}, {"weight": 1, "random_weight": 0.9752548206375883, "id": 34}, {"weight": 1, "random_weight": 0.9430727287257079, "id": 45}, {"weight": 1, "random_weight": 0.09218695065732962, "id": 46}], [{"weight": 1, "random_weight": 0.1807984685113856, "id": 10}, {"weight": 1, "random_weight": 0.2050907180984971, "id": 27}, {"weight": 1, "random_weight": 0.9752548206375883, "id": 33}, {"weight": 1, "random_weight": 0.25392729659649604, "id": 39}, {"weight": 2, "random_weight": 0.8543938697328642, "id": 46}, {"weight": 2, "random_weight": 0.387463843529266, "id": 47}], [{"weight": 1, "random_weight": 0.7266571068374106, "id": 11}, {"weight": 1, "random_weight": 0.8785391144242153, "id": 12}, {"weight": 2, "random_weight": 0.4396955837479306, "id": 16}, {"weight": 2, "random_weight": 0.732343956629584, "id": 29}, {"weight": 1, "random_weight": 0.41112630951440055, "id": 37}, {"weight": 1, "random_weight": 0.9937018070357961, "id": 40}], [{"weight": 2, "random_weight": 0.9555279269777088, "id": 23}, {"weight": 1, "random_weight": 0.442134082021325, "id": 24}, {"weight": 1, "random_weight": 0.9010102299265184, "id": 41}, {"weight": 2, "random_weight": 0.9884500802334163, "id": 42}, {"weight": 2, "random_weight": 0.9971804020958832, "id": 47}], [{"weight": 2, "random_weight": 0.20034447464579763, "id": 16}, {"weight": 1, "random_weight": 0.7775286279923243, "id": 25}, {"weight": 1, "random_weight": 0.002769699648137225, "id": 29}, {"weight": 1, "random_weight": 0.41112630951440055, "id": 35}], [{"weight": 1, "random_weight": 0.23943409094980506, "id": 13}, {"weight": 2, "random_weight": 0.6913766197139111, "id": 14}, {"weight": 1, "random_weight": 0.997592490103954, "id": 24}, {"weight": 1, "random_weight": 0.030521262435790786, "id": 27}, {"weight": 2, "random_weight": 0.05902269584083675, "id": 39}], [{"weight": 3, "random_weight": 0.13773941416330926, "id": 24}, {"weight": 1, "random_weight": 0.25392729659649604, "id": 34}, {"weight": 2, "random_weight": 0.05902269584083675, "id": 38}, {"weight": 2, "random_weight": 0.8015554074757721, "id": 47}], [{"weight": 2, "random_weight": 0.3073286080935127, "id": 12}, {"weight": 1, "random_weight": 0.5398542660821622, "id": 15}, {"weight": 1, "random_weight": 0.5537762882473001, "id": 16}, {"weight": 1, "random_weight": 0.9937018070357961, "id": 35}, {"weight": 2, "random_weight": 0.09285093554900459, "id": 45}, {"weight": 1, "random_weight": 0.725597827316095, "id": 46}], [{"weight": 1, "random_weight": 0.9041781798257762, "id": 4}, {"weight": 2, "random_weight": 0.07392223391987274, "id": 5}, {"weight": 2, "random_weight": 0.008301221471393228, "id": 26}, {"weight": 1, "random_weight": 0.9010102299265184, "id": 36}, {"weight": 1, "random_weight": 0.9180971824539838, "id": 42}, {"weight": 1, "random_weight": 0.5000864643521801, "id": 47}], [{"weight": 1, "random_weight": 0.0811798155032003, "id": 23}, {"weight": 2, "random_weight": 0.019860058407864756, "id": 30}, {"weight": 2, "random_weight": 0.9884500802334163, "id": 36}, {"weight": 1, "random_weight": 0.9180971824539838, "id": 41}, {"weight": 2, "random_weight": 0.28825900333088494, "id": 44}], [{"weight": 1, "random_weight": 0.49928067470168935, "id": 0}, {"weight": 1, "random_weight": 0.6059086790364185, "id": 5}, {"weight": 1, "random_weight": 0.9227791376971497, "id": 6}, {"weight": 1, "random_weight": 0.7697485183466634, "id": 19}, {"weight": 2, "random_weight": 0.5478372751534611, "id": 22}, {"weight": 2, "random_weight": 0.405616058081703, "id": 44}], [{"weight": 2, "random_weight": 0.6482068828157435, "id": 5}, {"weight": 1, "random_weight": 0.5156961107967334, "id": 19}, {"weight": 1, "random_weight": 0.6592983798024116, "id": 30}, {"weight": 2, "random_weight": 0.28825900333088494, "id": 42}, {"weight": 2, "random_weight": 0.405616058081703, "id": 43}], [{"weight": 1, "random_weight": 0.0865494620022843, "id": 15}, {"weight": 3, "random_weight": 0.8186650828355309, "id": 31}, {"weight": 1, "random_weight": 0.9430727287257079, "id": 33}, {"weight": 2, "random_weight": 0.09285093554900459, "id": 40}, {"weight": 1, "random_weight": 0.8958386862733241, "id": 46}], [{"weight": 1, "random_weight": 0.5681228684066977, "id": 10}, {"weight": 2, "random_weight": 0.6149908857108631, "id": 12}, {"weight": 1, "random_weight": 0.09218695065732962, "id": 33}, {"weight": 2, "random_weight": 0.8543938697328642, "id": 34}, {"weight": 1, "random_weight": 0.725597827316095, "id": 40}, {"weight": 1, "random_weight": 0.8958386862733241, "id": 45}], [{"weight": 1, "random_weight": 0.2844789175376211, "id": 10}, {"weight": 2, "random_weight": 0.387463843529266, "id": 34}, {"weight": 2, "random_weight": 0.9971804020958832, "id": 36}, {"weight": 2, "random_weight": 0.8015554074757721, "id": 39}, {"weight": 1, "random_weight": 0.5000864643521801, "id": 41}]]}