{"directed": false, "multigraph": false, "graph": [], "nodes": [{"graph": null, "nnodes": 3, "nedges": 2, "density": 0.6666666666666666, "atomics": "[138, 139, 140]", "group_pop": 3, "init_part_assignment": 0, "id": 0}, {"graph": null, "nnodes": 3, "nedges": 2, "density": 0.6666666666666666, "atomics": "[10, 11, 22]", "group_pop": 3, "init_part_assignment": 4, "id": 1}, {"graph": null, "nnodes": 3, "nedges": 2, "density": 0.6666666666666666, "atomics": "[34, 35, 23]", "group_pop": 3, "init_part_assignment": 4, "id": 2}, {"graph": null, "nnodes": 3, "nedges": 2, "density": 0.6666666666666666, "atomics": "[89, 77, 78]", "group_pop": 3, "init_part_assignment": 9, "id": 3}, {"graph": null, "nnodes": 3, "nedges": 2, "density": 0.6666666666666666, "atomics": "[88, 100, 101]", "group_pop": 3, "init_part_assignment": 9, "id": 4}, {"graph": null, "nnodes": 3, "nedges": 2, "density": 0.6666666666666666, "atomics": "[113, 114, 125]", "group_pop": 3, "init_part_assignment": 8, "id": 5}, {"graph": null, "nnodes": 3, "nedges": 2, "density": 0.6666666666666666, "atomics": "[130, 131, 143]", "group_pop": 3, "init_part_assignment": 1, "id": 6}, {"graph": null, "nnodes": 3, "nedges": 2, "density": 0.6666666666666666, "atomics": "[107, 118, 119]", "group_pop": 3, "init_part_assignment": 1, "id": 7}, {"graph": null, "nnodes": 3, "nedges": 2, "density": 0.6666666666666666, "atomics": "[129, 141, 142]", "group_pop": 3, "init_part_assignment": 0, "id": 8}, {"graph": null, "nnodes": 3, "nedges": 2, "density": 0.6666666666666666, "atomics": "[65, 66, 67]", "group_pop": 3, "init_part_assignment": 9, "id": 9}, {"graph": null, "nnodes": 3, "nedges": 2, "density": 0.6666666666666666, "atomics": "[53, 54, 55]", "group_pop": 3, "init_part_assignment": 9, "id": 10}, {"graph": null, "nnodes": 3, "nedges": 2, "density": 0.6666666666666666, "atomics": "[0, 1, 2]", "group_pop": 3, "init_part_assignment": 7, "id": 11}, {"graph": null, "nnodes": 3, "nedges": 2, "density": 0.6666666666666666, "atomics": "[45, 46, 47]", "group_pop": 3, "init_part_assignment": 4, "id": 12}, {"graph": null, "nnodes": 3, "nedges": 2, "density": 0.6666666666666666, "atomics": "[128, 116, 104]", "group_pop": 3, "init_part_assignment": 0, "id": 13}, {"graph": null, "nnodes": 3, "nedges": 2, "density": 0.6666666666666666, "atomics": "[115, 126, 127]", "group_pop": 3, "init_part_assignment": 0, "id": 14}, {"graph": null, "nnodes": 3, "nedges": 2, "density": 0.6666666666666666, "atomics": "[132, 133, 134]", "group_pop": 3, "init_part_assignment": 11, "id": 15}, {"graph": null, "nnodes": 3, "nedges": 2, "density": 0.6666666666666666, "atomics": "[90, 102, 103]", "group_pop": 3, "init_part_assignment": 8, "id": 16}, {"graph": null, "nnodes": 3, "nedges": 2, "density": 0.6666666666666666, "atomics": "[91, 92, 79]", "group_pop": 3, "init_part_assignment": 8, "id": 17}, {"graph": null, "nnodes": 3, "nedges": 2, "density": 0.6666666666666666, "atomics": "[136, 137, 124]", "group_pop": 3, "init_part_assignment": 8, "id": 18}, {"graph": null, "nnodes": 3, "nedges": 2, "density": 0.6666666666666666, "atomics": "[122, 123, 135]", "group_pop": 3, "init_part_assignment": 11, "id": 19}, {"graph": null, "nnodes": 3, "nedges": 2, "density": 0.6666666666666666, "atomics": "[105, 106, 117]", "group_pop": 3, "init_part_assignment": 1, "id": 20}, {"graph": null, "nnodes": 3, "nedges": 2, "density": 0.6666666666666666, "atomics": "[72, 48, 60]", "group_pop": 3, "init_part_assignment": 10, "id": 21}, {"graph": null, "nnodes": 3, "nedges": 2, "density": 0.6666666666666666, "atomics": "[16, 27, 15]", "group_pop": 3, "init_part_assignment": 3, "id": 22}, {"graph": null, "nnodes": 3, "nedges": 2, "density": 0.6666666666666666, "atomics": "[3, 4, 5]", "group_pop": 3, "init_part_assignment": 7, "id": 23}, {"graph": null, "nnodes": 3, "nedges": 2, "density": 0.6666666666666666, "atomics": "[80, 81, 82]", "group_pop": 3, "init_part_assignment": 6, "id": 24}, {"graph": null, "nnodes": 3, "nedges": 2, "density": 0.6666666666666666, "atomics": "[93, 94, 95]", "group_pop": 3, "init_part_assignment": 1, "id": 25}, {"graph": null, "nnodes": 3, "nedges": 2, "density": 0.6666666666666666, "atomics": "[26, 13, 14]", "group_pop": 3, "init_part_assignment": 3, "id": 26}, {"graph": null, "nnodes": 3, "nedges": 2, "density": 0.6666666666666666, "atomics": "[120, 121, 109]", "group_pop": 3, "init_part_assignment": 10, "id": 27}, {"graph": null, "nnodes": 3, "nedges": 2, "density": 0.6666666666666666, "atomics": "[18, 19, 6]", "group_pop": 3, "init_part_assignment": 5, "id": 28}, {"graph": null, "nnodes": 3, "nedges": 2, "density": 0.6666666666666666, "atomics": "[8, 9, 7]", "group_pop": 3, "init_part_assignment": 4, "id": 29}, {"graph": null, "nnodes": 3, "nedges": 2, "density": 0.6666666666666666, "atomics": "[17, 29, 41]", "group_pop": 3, "init_part_assignment": 7, "id": 30}, {"graph": null, "nnodes": 3, "nedges": 2, "density": 0.6666666666666666, "atomics": "[40, 28, 52]", "group_pop": 3, "init_part_assignment": 3, "id": 31}, {"graph": null, "nnodes": 3, "nedges": 2, "density": 0.6666666666666666, "atomics": "[50, 38, 39]", "group_pop": 3, "init_part_assignment": 2, "id": 32}, {"graph": null, "nnodes": 3, "nedges": 2, "density": 0.6666666666666666, "atomics": "[83, 70, 71]", "group_pop": 3, "init_part_assignment": 6, "id": 33}, {"graph": null, "nnodes": 3, "nedges": 2, "density": 0.6666666666666666, "atomics": "[73, 61, 85]", "group_pop": 3, "init_part_assignment": 2, "id": 34}, {"graph": null, "nnodes": 3, "nedges": 2, "density": 0.6666666666666666, "atomics": "[49, 36, 37]", "group_pop": 3, "init_part_assignment": 2, "id": 35}, {"graph": null, "nnodes": 3, "nedges": 2, "density": 0.6666666666666666, "atomics": "[56, 68, 69]", "group_pop": 3, "init_part_assignment": 6, "id": 36}, {"graph": null, "nnodes": 3, "nedges": 2, "density": 0.6666666666666666, "atomics": "[57, 58, 59]", "group_pop": 3, "init_part_assignment": 6, "id": 37}, {"graph": null, "nnodes": 3, "nedges": 2, "density": 0.6666666666666666, "atomics": "[24, 25, 12]", "group_pop": 3, "init_part_assignment": 7, "id": 38}, {"graph": null, "nnodes": 3, "nedges": 2, "density": 0.6666666666666666, "atomics": "[33, 20, 21]", "group_pop": 3, "init_part_assignment": 5, "id": 39}, {"graph": null, "nnodes": 3, "nedges": 2, "density": 0.6666666666666666, "atomics": "[42, 43, 30]", "group_pop": 3, "init_part_assignment": 5, "id": 40}, {"graph": null, "nnodes": 3, "nedges": 2, "density": 0.6666666666666666, "atomics": "[32, 44, 31]", "group_pop": 3, "init_part_assignment": 5, "id": 41}, {"graph": null, "nnodes": 3, "nedges": 2, "density": 0.6666666666666666, "atomics": "[86, 74, 62]", "group_pop": 3, "init_part_assignment": 2, "id": 42}, {"graph": null, "nnodes": 3, "nedges": 2, "density": 0.6666666666666666, "atomics": "[75, 76, 87]", "group_pop": 3, "init_part_assignment": 11, "id": 43}, {"graph": null, "nnodes": 3, "nedges": 2, "density": 0.6666666666666666, "atomics": "[96, 108, 84]", "group_pop": 3, "init_part_assignment": 10, "id": 44}, {"graph": null, "nnodes": 3, "nedges": 2, "density": 0.6666666666666666, "atomics": "[97, 98, 110]", "group_pop": 3, "init_part_assignment": 10, "id": 45}, {"graph": null, "nnodes": 3, "nedges": 2, "density": 0.6666666666666666, "atomics": "[112, 99, 111]", "group_pop": 3, "init_part_assignment": 11, "id": 46}, {"graph": null, "nnodes": 3, "nedges": 2, "density": 0.6666666666666666, "atomics": "[64, 51, 63]", "group_pop": 3, "init_part_assignment": 3, "id": 47}], "adjacency": [[{"weight": 1, "random_weight": 0.034318480244370564, "id": 8}, {"weight": 1, "random_weight": 0.27691156705463826, "id": 13}, {"weight": 2, "random_weight": 0.4743206269527859, "id": 14}, {"weight": 1, "random_weight": 0.5160186817010263, "id": 18}], [{"weight": 3, "random_weight": 0.27761892375708475, "id": 2}, {"weight": 1, "random_weight": 0.14167646467800954, "id": 29}, {"weight": 1, "random_weight": 0.5002189024946175, "id": 39}], [{"weight": 3, "random_weight": 0.27761892375708475, "id": 1}, {"weight": 2, "random_weight": 0.009444219231817597, "id": 12}, {"weight": 1, "random_weight": 0.7293118418810871, "id": 39}], [{"weight": 2, "random_weight": 0.22809959176647143, "id": 4}, {"weight": 2, "random_weight": 0.7647921665004278, "id": 9}, {"weight": 2, "random_weight": 0.8754703895166559, "id": 16}, {"weight": 1, "random_weight": 0.8043141035092647, "id": 17}, {"weight": 1, "random_weight": 0.9607277557066626, "id": 43}], [{"weight": 2, "random_weight": 0.22809959176647143, "id": 3}, {"weight": 1, "random_weight": 0.7239642451803436, "id": 5}, {"weight": 1, "random_weight": 0.2116737854546341, "id": 16}, {"weight": 2, "random_weight": 0.07160293491933145, "id": 43}, {"weight": 2, "random_weight": 0.9423924919664095, "id": 46}], [{"weight": 1, "random_weight": 0.7239642451803436, "id": 4}, {"weight": 3, "random_weight": 0.7444266055310157, "id": 14}, {"weight": 1, "random_weight": 0.01659741629253242, "id": 16}, {"weight": 2, "random_weight": 0.4236061818716468, "id": 18}, {"weight": 1, "random_weight": 0.3839300846410041, "id": 46}], [{"weight": 2, "random_weight": 0.26128103718827755, "id": 7}, {"weight": 3, "random_weight": 0.571994432277739, "id": 8}], [{"weight": 2, "random_weight": 0.26128103718827755, "id": 6}, {"weight": 3, "random_weight": 0.10990982943855054, "id": 20}, {"weight": 1, "random_weight": 0.2638094908866915, "id": 25}], [{"weight": 1, "random_weight": 0.034318480244370564, "id": 0}, {"weight": 3, "random_weight": 0.571994432277739, "id": 6}, {"weight": 1, "random_weight": 0.7595301050271943, "id": 13}, {"weight": 1, "random_weight": 0.45172067285514006, "id": 20}], [{"weight": 2, "random_weight": 0.7647921665004278, "id": 3}, {"weight": 3, "random_weight": 0.8148176036609662, "id": 10}, {"weight": 1, "random_weight": 0.9009584433225944, "id": 17}, {"weight": 1, "random_weight": 0.8677633565019203, "id": 36}, {"weight": 1, "random_weight": 0.7077603210116576, "id": 47}], [{"weight": 3, "random_weight": 0.8148176036609662, "id": 9}, {"weight": 1, "random_weight": 0.4941153872383951, "id": 30}, {"weight": 1, "random_weight": 0.5989139148344693, "id": 31}, {"weight": 1, "random_weight": 0.9464088703117766, "id": 36}, {"weight": 2, "random_weight": 0.4234240664349411, "id": 40}], [{"weight": 1, "random_weight": 0.9907564628377926, "id": 23}, {"weight": 2, "random_weight": 0.9076395362287522, "id": 26}, {"weight": 1, "random_weight": 0.8767122041877965, "id": 38}], [{"weight": 2, "random_weight": 0.009444219231817597, "id": 2}, {"weight": 3, "random_weight": 0.5919219872491435, "id": 37}, {"weight": 1, "random_weight": 0.5991678750100158, "id": 39}, {"weight": 1, "random_weight": 0.3762196210041865, "id": 41}], [{"weight": 1, "random_weight": 0.27691156705463826, "id": 0}, {"weight": 1, "random_weight": 0.7595301050271943, "id": 8}, {"weight": 2, "random_weight": 0.154311849015616, "id": 14}, {"weight": 1, "random_weight": 0.8899482677202658, "id": 16}, {"weight": 1, "random_weight": 0.934110295939272, "id": 17}, {"weight": 2, "random_weight": 0.7845769647665616, "id": 20}], [{"weight": 2, "random_weight": 0.4743206269527859, "id": 0}, {"weight": 3, "random_weight": 0.7444266055310157, "id": 5}, {"weight": 2, "random_weight": 0.154311849015616, "id": 13}, {"weight": 1, "random_weight": 0.2895566419994764, "id": 16}], [{"weight": 2, "random_weight": 0.0290068283488093, "id": 19}, {"weight": 2, "random_weight": 0.41951164739259683, "id": 27}], [{"weight": 2, "random_weight": 0.8754703895166559, "id": 3}, {"weight": 1, "random_weight": 0.2116737854546341, "id": 4}, {"weight": 1, "random_weight": 0.01659741629253242, "id": 5}, {"weight": 1, "random_weight": 0.8899482677202658, "id": 13}, {"weight": 1, "random_weight": 0.2895566419994764, "id": 14}, {"weight": 2, "random_weight": 0.577818305313249, "id": 17}], [{"weight": 1, "random_weight": 0.8043141035092647, "id": 3}, {"weight": 1, "random_weight": 0.9009584433225944, "id": 9}, {"weight": 1, "random_weight": 0.934110295939272, "id": 13}, {"weight": 2, "random_weight": 0.577818305313249, "id": 16}, {"weight": 2, "random_weight": 0.7756301661455572, "id": 24}, {"weight": 1, "random_weight": 0.6541271446026428, "id": 25}], [{"weight": 1, "random_weight": 0.5160186817010263, "id": 0}, {"weight": 2, "random_weight": 0.4236061818716468, "id": 5}, {"weight": 2, "random_weight": 0.9026645338361761, "id": 19}, {"weight": 1, "random_weight": 0.5252214068998715, "id": 46}], [{"weight": 2, "random_weight": 0.0290068283488093, "id": 15}, {"weight": 2, "random_weight": 0.9026645338361761, "id": 18}, {"weight": 1, "random_weight": 0.82309141999069, "id": 27}, {"weight": 1, "random_weight": 0.5528505323448958, "id": 45}, {"weight": 1, "random_weight": 0.5750379537184838, "id": 46}], [{"weight": 3, "random_weight": 0.10990982943855054, "id": 7}, {"weight": 1, "random_weight": 0.45172067285514006, "id": 8}, {"weight": 2, "random_weight": 0.7845769647665616, "id": 13}, {"weight": 2, "random_weight": 0.4488446444963017, "id": 25}], [{"weight": 2, "random_weight": 0.9204023626130059, "id": 34}, {"weight": 2, "random_weight": 0.9669730915924986, "id": 35}, {"weight": 1, "random_weight": 0.5105162180575595, "id": 44}], [{"weight": 2, "random_weight": 0.8938434792407962, "id": 23}, {"weight": 2, "random_weight": 0.2240603790104303, "id": 26}, {"weight": 1, "random_weight": 0.4153674525459805, "id": 30}, {"weight": 2, "random_weight": 0.26771700943065435, "id": 31}, {"weight": 1, "random_weight": 0.8819337128411942, "id": 32}], [{"weight": 1, "random_weight": 0.9907564628377926, "id": 11}, {"weight": 2, "random_weight": 0.8938434792407962, "id": 22}, {"weight": 1, "random_weight": 0.6527491051103276, "id": 28}, {"weight": 1, "random_weight": 0.20182798620633835, "id": 30}], [{"weight": 2, "random_weight": 0.7756301661455572, "id": 17}, {"weight": 2, "random_weight": 0.9428476650618762, "id": 25}, {"weight": 2, "random_weight": 0.4186180887395501, "id": 33}, {"weight": 2, "random_weight": 0.35019585207838777, "id": 36}], [{"weight": 1, "random_weight": 0.2638094908866915, "id": 7}, {"weight": 1, "random_weight": 0.6541271446026428, "id": 17}, {"weight": 2, "random_weight": 0.4488446444963017, "id": 20}, {"weight": 2, "random_weight": 0.9428476650618762, "id": 24}, {"weight": 1, "random_weight": 0.8336985378501635, "id": 33}], [{"weight": 2, "random_weight": 0.9076395362287522, "id": 11}, {"weight": 2, "random_weight": 0.2240603790104303, "id": 22}, {"weight": 1, "random_weight": 0.8848197697408658, "id": 32}, {"weight": 3, "random_weight": 0.8926793060945454, "id": 38}], [{"weight": 2, "random_weight": 0.41951164739259683, "id": 15}, {"weight": 1, "random_weight": 0.82309141999069, "id": 19}, {"weight": 2, "random_weight": 0.15295266065768676, "id": 44}, {"weight": 2, "random_weight": 0.6013474450052053, "id": 45}], [{"weight": 1, "random_weight": 0.6527491051103276, "id": 23}, {"weight": 2, "random_weight": 0.973235694418232, "id": 29}, {"weight": 1, "random_weight": 0.8827940374566453, "id": 30}, {"weight": 1, "random_weight": 0.39673343219113744, "id": 39}, {"weight": 1, "random_weight": 0.9780382283978903, "id": 40}, {"weight": 1, "random_weight": 0.42615777595833293, "id": 41}], [{"weight": 1, "random_weight": 0.14167646467800954, "id": 1}, {"weight": 2, "random_weight": 0.973235694418232, "id": 28}, {"weight": 2, "random_weight": 0.5396794588183527, "id": 39}], [{"weight": 1, "random_weight": 0.4941153872383951, "id": 10}, {"weight": 1, "random_weight": 0.4153674525459805, "id": 22}, {"weight": 1, "random_weight": 0.20182798620633835, "id": 23}, {"weight": 1, "random_weight": 0.8827940374566453, "id": 28}, {"weight": 2, "random_weight": 0.2910587880513791, "id": 31}, {"weight": 2, "random_weight": 0.8517309180854319, "id": 40}], [{"weight": 1, "random_weight": 0.5989139148344693, "id": 10}, {"weight": 2, "random_weight": 0.26771700943065435, "id": 22}, {"weight": 2, "random_weight": 0.2910587880513791, "id": 30}, {"weight": 1, "random_weight": 0.5808700157962144, "id": 32}, {"weight": 2, "random_weight": 0.200944504700737, "id": 47}], [{"weight": 1, "random_weight": 0.8819337128411942, "id": 22}, {"weight": 1, "random_weight": 0.8848197697408658, "id": 26}, {"weight": 1, "random_weight": 0.5808700157962144, "id": 31}, {"weight": 2, "random_weight": 0.11956133482247944, "id": 35}, {"weight": 1, "random_weight": 0.14713332428761328, "id": 42}, {"weight": 2, "random_weight": 0.5870740569227741, "id": 47}], [{"weight": 2, "random_weight": 0.4186180887395501, "id": 24}, {"weight": 1, "random_weight": 0.8336985378501635, "id": 25}, {"weight": 1, "random_weight": 0.9693347269006526, "id": 36}, {"weight": 2, "random_weight": 0.8109144497661009, "id": 37}], [{"weight": 2, "random_weight": 0.9204023626130059, "id": 21}, {"weight": 1, "random_weight": 0.7354335490961404, "id": 35}, {"weight": 3, "random_weight": 0.3210959254681486, "id": 42}, {"weight": 1, "random_weight": 0.9626775548051321, "id": 44}, {"weight": 1, "random_weight": 0.7417240927423628, "id": 45}], [{"weight": 2, "random_weight": 0.9669730915924986, "id": 21}, {"weight": 2, "random_weight": 0.11956133482247944, "id": 32}, {"weight": 1, "random_weight": 0.7354335490961404, "id": 34}, {"weight": 2, "random_weight": 0.9030835897804964, "id": 38}], [{"weight": 1, "random_weight": 0.8677633565019203, "id": 9}, {"weight": 1, "random_weight": 0.9464088703117766, "id": 10}, {"weight": 2, "random_weight": 0.35019585207838777, "id": 24}, {"weight": 1, "random_weight": 0.9693347269006526, "id": 33}, {"weight": 2, "random_weight": 0.7326500488503657, "id": 37}, {"weight": 1, "random_weight": 0.9058500090291379, "id": 41}], [{"weight": 3, "random_weight": 0.5919219872491435, "id": 12}, {"weight": 2, "random_weight": 0.8109144497661009, "id": 33}, {"weight": 2, "random_weight": 0.7326500488503657, "id": 36}], [{"weight": 1, "random_weight": 0.8767122041877965, "id": 11}, {"weight": 3, "random_weight": 0.8926793060945454, "id": 26}, {"weight": 2, "random_weight": 0.9030835897804964, "id": 35}], [{"weight": 1, "random_weight": 0.5002189024946175, "id": 1}, {"weight": 1, "random_weight": 0.7293118418810871, "id": 2}, {"weight": 1, "random_weight": 0.5991678750100158, "id": 12}, {"weight": 1, "random_weight": 0.39673343219113744, "id": 28}, {"weight": 2, "random_weight": 0.5396794588183527, "id": 29}, {"weight": 2, "random_weight": 0.2965228571196781, "id": 41}], [{"weight": 2, "random_weight": 0.4234240664349411, "id": 10}, {"weight": 1, "random_weight": 0.9780382283978903, "id": 28}, {"weight": 2, "random_weight": 0.8517309180854319, "id": 30}, {"weight": 3, "random_weight": 0.5071503052542135, "id": 41}], [{"weight": 1, "random_weight": 0.3762196210041865, "id": 12}, {"weight": 1, "random_weight": 0.42615777595833293, "id": 28}, {"weight": 1, "random_weight": 0.9058500090291379, "id": 36}, {"weight": 2, "random_weight": 0.2965228571196781, "id": 39}, {"weight": 3, "random_weight": 0.5071503052542135, "id": 40}], [{"weight": 1, "random_weight": 0.14713332428761328, "id": 32}, {"weight": 3, "random_weight": 0.3210959254681486, "id": 34}, {"weight": 2, "random_weight": 0.2288720499529041, "id": 43}, {"weight": 1, "random_weight": 0.9612372747046868, "id": 45}, {"weight": 1, "random_weight": 0.11491375266684134, "id": 47}], [{"weight": 1, "random_weight": 0.9607277557066626, "id": 3}, {"weight": 2, "random_weight": 0.07160293491933145, "id": 4}, {"weight": 2, "random_weight": 0.2288720499529041, "id": 42}, {"weight": 1, "random_weight": 0.2922682237304701, "id": 46}, {"weight": 2, "random_weight": 0.9497823536706408, "id": 47}], [{"weight": 1, "random_weight": 0.5105162180575595, "id": 21}, {"weight": 2, "random_weight": 0.15295266065768676, "id": 27}, {"weight": 1, "random_weight": 0.9626775548051321, "id": 34}, {"weight": 1, "random_weight": 0.3463565985110115, "id": 45}], [{"weight": 1, "random_weight": 0.5528505323448958, "id": 19}, {"weight": 2, "random_weight": 0.6013474450052053, "id": 27}, {"weight": 1, "random_weight": 0.7417240927423628, "id": 34}, {"weight": 1, "random_weight": 0.9612372747046868, "id": 42}, {"weight": 1, "random_weight": 0.3463565985110115, "id": 44}, {"weight": 2, "random_weight": 0.8274534349114029, "id": 46}], [{"weight": 2, "random_weight": 0.9423924919664095, "id": 4}, {"weight": 1, "random_weight": 0.3839300846410041, "id": 5}, {"weight": 1, "random_weight": 0.5252214068998715, "id": 18}, {"weight": 1, "random_weight": 0.5750379537184838, "id": 19}, {"weight": 1, "random_weight": 0.2922682237304701, "id": 43}, {"weight": 2, "random_weight": 0.8274534349114029, "id": 45}], [{"weight": 1, "random_weight": 0.7077603210116576, "id": 9}, {"weight": 2, "random_weight": 0.200944504700737, "id": 31}, {"weight": 2, "random_weight": 0.5870740569227741, "id": 32}, {"weight": 1, "random_weight": 0.11491375266684134, "id": 42}, {"weight": 2, "random_weight": 0.9497823536706408, "id": 43}]]}