{"directed": false, "multigraph": false, "graph": [], "nodes": [{"graph": null, "nnodes": 3, "nedges": 2, "density": 0.6666666666666666, "atomics": "[138, 126, 127]", "group_pop": 3, "init_part_assignment": 9, "id": 0}, {"graph": null, "nnodes": 3, "nedges": 2, "density": 0.6666666666666666, "atomics": "[128, 139, 140]", "group_pop": 3, "init_part_assignment": 6, "id": 1}, {"graph": null, "nnodes": 3, "nedges": 2, "density": 0.6666666666666666, "atomics": "[9, 10, 21]", "group_pop": 3, "init_part_assignment": 0, "id": 2}, {"graph": null, "nnodes": 3, "nedges": 2, "density": 0.6666666666666666, "atomics": "[11, 22, 23]", "group_pop": 3, "init_part_assignment": 0, "id": 3}, {"graph": null, "nnodes": 3, "nedges": 2, "density": 0.6666666666666666, "atomics": "[89, 90, 101]", "group_pop": 3, "init_part_assignment": 10, "id": 4}, {"graph": null, "nnodes": 3, "nedges": 2, "density": 0.6666666666666666, "atomics": "[113, 114, 125]", "group_pop": 3, "init_part_assignment": 9, "id": 5}, {"graph": null, "nnodes": 3, "nedges": 2, "density": 0.6666666666666666, "atomics": "[107, 131, 119]", "group_pop": 3, "init_part_assignment": 5, "id": 6}, {"graph": null, "nnodes": 3, "nedges": 2, "density": 0.6666666666666666, "atomics": "[141, 142, 143]", "group_pop": 3, "init_part_assignment": 5, "id": 7}, {"graph": null, "nnodes": 3, "nedges": 2, "density": 0.6666666666666666, "atomics": "[129, 130, 117]", "group_pop": 3, "init_part_assignment": 6, "id": 8}, {"graph": null, "nnodes": 3, "nedges": 2, "density": 0.6666666666666666, "atomics": "[66, 78, 79]", "group_pop": 3, "init_part_assignment": 10, "id": 9}, {"graph": null, "nnodes": 3, "nedges": 2, "density": 0.6666666666666666, "atomics": "[67, 68, 55]", "group_pop": 3, "init_part_assignment": 1, "id": 10}, {"graph": null, "nnodes": 3, "nedges": 2, "density": 0.6666666666666666, "atomics": "[42, 43, 54]", "group_pop": 3, "init_part_assignment": 1, "id": 11}, {"graph": null, "nnodes": 3, "nedges": 2, "density": 0.6666666666666666, "atomics": "[0, 1, 13]", "group_pop": 3, "init_part_assignment": 7, "id": 12}, {"graph": null, "nnodes": 3, "nedges": 2, "density": 0.6666666666666666, "atomics": "[2, 3, 14]", "group_pop": 3, "init_part_assignment": 11, "id": 13}, {"graph": null, "nnodes": 3, "nedges": 2, "density": 0.6666666666666666, "atomics": "[34, 35, 46]", "group_pop": 3, "init_part_assignment": 3, "id": 14}, {"graph": null, "nnodes": 3, "nedges": 2, "density": 0.6666666666666666, "atomics": "[59, 47, 71]", "group_pop": 3, "init_part_assignment": 3, "id": 15}, {"graph": null, "nnodes": 3, "nedges": 2, "density": 0.6666666666666666, "atomics": "[104, 115, 116]", "group_pop": 3, "init_part_assignment": 6, "id": 16}, {"graph": null, "nnodes": 3, "nedges": 2, "density": 0.6666666666666666, "atomics": "[120, 132, 108]", "group_pop": 3, "init_part_assignment": 4, "id": 17}, {"graph": null, "nnodes": 3, "nedges": 2, "density": 0.6666666666666666, "atomics": "[133, 134, 135]", "group_pop": 3, "init_part_assignment": 4, "id": 18}, {"graph": null, "nnodes": 3, "nedges": 2, "density": 0.6666666666666666, "atomics": "[91, 102, 103]", "group_pop": 3, "init_part_assignment": 10, "id": 19}, {"graph": null, "nnodes": 3, "nedges": 2, "density": 0.6666666666666666, "atomics": "[80, 92, 93]", "group_pop": 3, "init_part_assignment": 10, "id": 20}, {"graph": null, "nnodes": 3, "nedges": 2, "density": 0.6666666666666666, "atomics": "[136, 137, 124]", "group_pop": 3, "init_part_assignment": 9, "id": 21}, {"graph": null, "nnodes": 3, "nedges": 2, "density": 0.6666666666666666, "atomics": "[105, 106, 118]", "group_pop": 3, "init_part_assignment": 6, "id": 22}, {"graph": null, "nnodes": 3, "nedges": 2, "density": 0.6666666666666666, "atomics": "[72, 48, 60]", "group_pop": 3, "init_part_assignment": 7, "id": 23}, {"graph": null, "nnodes": 3, "nedges": 2, "density": 0.6666666666666666, "atomics": "[16, 4, 15]", "group_pop": 3, "init_part_assignment": 11, "id": 24}, {"graph": null, "nnodes": 3, "nedges": 2, "density": 0.6666666666666666, "atomics": "[17, 5, 6]", "group_pop": 3, "init_part_assignment": 0, "id": 25}, {"graph": null, "nnodes": 3, "nedges": 2, "density": 0.6666666666666666, "atomics": "[81, 82, 70]", "group_pop": 3, "init_part_assignment": 5, "id": 26}, {"graph": null, "nnodes": 3, "nedges": 2, "density": 0.6666666666666666, "atomics": "[121, 122, 110]", "group_pop": 3, "init_part_assignment": 4, "id": 27}, {"graph": null, "nnodes": 3, "nedges": 2, "density": 0.6666666666666666, "atomics": "[96, 97, 109]", "group_pop": 3, "init_part_assignment": 4, "id": 28}, {"graph": null, "nnodes": 3, "nedges": 2, "density": 0.6666666666666666, "atomics": "[8, 19, 7]", "group_pop": 3, "init_part_assignment": 0, "id": 29}, {"graph": null, "nnodes": 3, "nedges": 2, "density": 0.6666666666666666, "atomics": "[18, 30, 31]", "group_pop": 3, "init_part_assignment": 1, "id": 30}, {"graph": null, "nnodes": 3, "nedges": 2, "density": 0.6666666666666666, "atomics": "[41, 28, 29]", "group_pop": 3, "init_part_assignment": 11, "id": 31}, {"graph": null, "nnodes": 3, "nedges": 2, "density": 0.6666666666666666, "atomics": "[40, 27, 39]", "group_pop": 3, "init_part_assignment": 8, "id": 32}, {"graph": null, "nnodes": 3, "nedges": 2, "density": 0.6666666666666666, "atomics": "[83, 94, 95]", "group_pop": 3, "init_part_assignment": 5, "id": 33}, {"graph": null, "nnodes": 3, "nedges": 2, "density": 0.6666666666666666, "atomics": "[73, 84, 85]", "group_pop": 3, "init_part_assignment": 7, "id": 34}, {"graph": null, "nnodes": 3, "nedges": 2, "density": 0.6666666666666666, "atomics": "[49, 61, 37]", "group_pop": 3, "init_part_assignment": 8, "id": 35}, {"graph": null, "nnodes": 3, "nedges": 2, "density": 0.6666666666666666, "atomics": "[56, 44, 45]", "group_pop": 3, "init_part_assignment": 3, "id": 36}, {"graph": null, "nnodes": 3, "nedges": 2, "density": 0.6666666666666666, "atomics": "[57, 58, 69]", "group_pop": 3, "init_part_assignment": 3, "id": 37}, {"graph": null, "nnodes": 3, "nedges": 2, "density": 0.6666666666666666, "atomics": "[24, 36, 12]", "group_pop": 3, "init_part_assignment": 7, "id": 38}, {"graph": null, "nnodes": 3, "nedges": 2, "density": 0.6666666666666666, "atomics": "[32, 33, 20]", "group_pop": 3, "init_part_assignment": 1, "id": 39}, {"graph": null, "nnodes": 3, "nedges": 2, "density": 0.6666666666666666, "atomics": "[74, 75, 86]", "group_pop": 3, "init_part_assignment": 2, "id": 40}, {"graph": null, "nnodes": 3, "nedges": 2, "density": 0.6666666666666666, "atomics": "[112, 123, 111]", "group_pop": 3, "init_part_assignment": 9, "id": 41}, {"graph": null, "nnodes": 3, "nedges": 2, "density": 0.6666666666666666, "atomics": "[98, 99, 87]", "group_pop": 3, "init_part_assignment": 2, "id": 42}, {"graph": null, "nnodes": 3, "nedges": 2, "density": 0.6666666666666666, "atomics": "[25, 26, 38]", "group_pop": 3, "init_part_assignment": 8, "id": 43}, {"graph": null, "nnodes": 3, "nedges": 2, "density": 0.6666666666666666, "atomics": "[65, 53, 77]", "group_pop": 3, "init_part_assignment": 11, "id": 44}, {"graph": null, "nnodes": 3, "nedges": 2, "density": 0.6666666666666666, "atomics": "[50, 51, 62]", "group_pop": 3, "init_part_assignment": 8, "id": 45}, {"graph": null, "nnodes": 3, "nedges": 2, "density": 0.6666666666666666, "atomics": "[88, 100, 76]", "group_pop": 3, "init_part_assignment": 2, "id": 46}, {"graph": null, "nnodes": 3, "nedges": 2, "density": 0.6666666666666666, "atomics": "[64, 52, 63]", "group_pop": 3, "init_part_assignment": 2, "id": 47}], "adjacency": [[{"weight": 3, "random_weight": 0.06873631309944883, "id": 1}, {"weight": 2, "random_weight": 0.2761131059491587, "id": 5}, {"weight": 1, "random_weight": 0.5772481140113955, "id": 16}, {"weight": 1, "random_weight": 0.7528713513185183, "id": 21}], [{"weight": 3, "random_weight": 0.06873631309944883, "id": 0}, {"weight": 1, "random_weight": 0.3980082888185158, "id": 7}, {"weight": 1, "random_weight": 0.5201455474044109, "id": 8}, {"weight": 1, "random_weight": 0.5747985819778751, "id": 16}], [{"weight": 3, "random_weight": 0.5626124443899985, "id": 3}, {"weight": 1, "random_weight": 0.2127705010642602, "id": 29}, {"weight": 2, "random_weight": 0.8373814990297177, "id": 39}], [{"weight": 3, "random_weight": 0.5626124443899985, "id": 2}, {"weight": 2, "random_weight": 0.921503638193759, "id": 14}], [{"weight": 1, "random_weight": 0.6821312835128353, "id": 5}, {"weight": 1, "random_weight": 0.38238178807733847, "id": 9}, {"weight": 3, "random_weight": 0.9023053759128188, "id": 19}, {"weight": 1, "random_weight": 0.2082436943961593, "id": 44}, {"weight": 2, "random_weight": 0.7835239802773964, "id": 46}], [{"weight": 2, "random_weight": 0.2761131059491587, "id": 0}, {"weight": 1, "random_weight": 0.6821312835128353, "id": 4}, {"weight": 1, "random_weight": 0.7022404343915739, "id": 16}, {"weight": 1, "random_weight": 0.8384726448612252, "id": 19}, {"weight": 2, "random_weight": 0.28193103753472615, "id": 21}, {"weight": 1, "random_weight": 0.7189128946371424, "id": 41}], [{"weight": 1, "random_weight": 0.21136854463706745, "id": 7}, {"weight": 1, "random_weight": 0.8691319947166974, "id": 8}, {"weight": 2, "random_weight": 0.38854893516541245, "id": 22}, {"weight": 1, "random_weight": 0.15615944481676436, "id": 33}], [{"weight": 1, "random_weight": 0.3980082888185158, "id": 1}, {"weight": 1, "random_weight": 0.21136854463706745, "id": 6}, {"weight": 2, "random_weight": 0.5895577338075424, "id": 8}], [{"weight": 1, "random_weight": 0.5201455474044109, "id": 1}, {"weight": 1, "random_weight": 0.8691319947166974, "id": 6}, {"weight": 2, "random_weight": 0.5895577338075424, "id": 7}, {"weight": 1, "random_weight": 0.522505844145673, "id": 16}, {"weight": 3, "random_weight": 0.19195956372048728, "id": 22}], [{"weight": 1, "random_weight": 0.38238178807733847, "id": 4}, {"weight": 2, "random_weight": 0.9762687590436394, "id": 10}, {"weight": 1, "random_weight": 0.8441237173211775, "id": 11}, {"weight": 1, "random_weight": 0.9764073600682828, "id": 19}, {"weight": 1, "random_weight": 0.1412535329410588, "id": 20}, {"weight": 2, "random_weight": 0.5308115117917359, "id": 44}], [{"weight": 2, "random_weight": 0.9762687590436394, "id": 9}, {"weight": 2, "random_weight": 0.317856689740288, "id": 11}, {"weight": 1, "random_weight": 0.5826975912764464, "id": 20}, {"weight": 2, "random_weight": 0.5534753684611551, "id": 36}, {"weight": 1, "random_weight": 0.8405096439767786, "id": 37}], [{"weight": 1, "random_weight": 0.8441237173211775, "id": 9}, {"weight": 2, "random_weight": 0.317856689740288, "id": 10}, {"weight": 2, "random_weight": 0.3177985351097503, "id": 30}, {"weight": 1, "random_weight": 0.9944297891771312, "id": 31}, {"weight": 1, "random_weight": 0.7189215822117381, "id": 36}, {"weight": 1, "random_weight": 0.7494500336458957, "id": 44}], [{"weight": 2, "random_weight": 0.2097915611535468, "id": 13}, {"weight": 2, "random_weight": 0.20238232027728098, "id": 38}, {"weight": 1, "random_weight": 0.9929191367474786, "id": 43}], [{"weight": 2, "random_weight": 0.2097915611535468, "id": 12}, {"weight": 3, "random_weight": 0.5064941336750282, "id": 24}, {"weight": 1, "random_weight": 0.2303281803430579, "id": 43}], [{"weight": 2, "random_weight": 0.921503638193759, "id": 3}, {"weight": 2, "random_weight": 0.0406876687174047, "id": 15}, {"weight": 1, "random_weight": 0.9070279414664467, "id": 36}, {"weight": 1, "random_weight": 0.11089328899117246, "id": 37}, {"weight": 1, "random_weight": 0.8303265093665729, "id": 39}], [{"weight": 2, "random_weight": 0.0406876687174047, "id": 14}, {"weight": 1, "random_weight": 0.39891161524445173, "id": 26}, {"weight": 1, "random_weight": 0.4819928053716037, "id": 33}, {"weight": 1, "random_weight": 0.00025251818506766277, "id": 37}], [{"weight": 1, "random_weight": 0.5772481140113955, "id": 0}, {"weight": 1, "random_weight": 0.5747985819778751, "id": 1}, {"weight": 1, "random_weight": 0.7022404343915739, "id": 5}, {"weight": 1, "random_weight": 0.522505844145673, "id": 8}, {"weight": 2, "random_weight": 0.5812374429306036, "id": 19}, {"weight": 1, "random_weight": 0.7513965475673224, "id": 20}, {"weight": 1, "random_weight": 0.06129518618267793, "id": 22}], [{"weight": 1, "random_weight": 0.08856387082721084, "id": 18}, {"weight": 1, "random_weight": 0.48205899091409055, "id": 27}, {"weight": 2, "random_weight": 0.08680503447310195, "id": 28}], [{"weight": 1, "random_weight": 0.08856387082721084, "id": 17}, {"weight": 1, "random_weight": 0.6106806328736035, "id": 21}, {"weight": 2, "random_weight": 0.27744098521233707, "id": 27}, {"weight": 1, "random_weight": 0.9050142018702885, "id": 41}], [{"weight": 3, "random_weight": 0.9023053759128188, "id": 4}, {"weight": 1, "random_weight": 0.8384726448612252, "id": 5}, {"weight": 1, "random_weight": 0.9764073600682828, "id": 9}, {"weight": 2, "random_weight": 0.5812374429306036, "id": 16}, {"weight": 1, "random_weight": 0.3874218371772822, "id": 20}], [{"weight": 1, "random_weight": 0.1412535329410588, "id": 9}, {"weight": 1, "random_weight": 0.5826975912764464, "id": 10}, {"weight": 1, "random_weight": 0.7513965475673224, "id": 16}, {"weight": 1, "random_weight": 0.3874218371772822, "id": 19}, {"weight": 1, "random_weight": 0.8004139524903934, "id": 22}, {"weight": 2, "random_weight": 0.6462500141167787, "id": 26}, {"weight": 1, "random_weight": 0.1365976584269747, "id": 33}], [{"weight": 1, "random_weight": 0.7528713513185183, "id": 0}, {"weight": 2, "random_weight": 0.28193103753472615, "id": 5}, {"weight": 1, "random_weight": 0.6106806328736035, "id": 18}, {"weight": 2, "random_weight": 0.9020057539760603, "id": 41}], [{"weight": 2, "random_weight": 0.38854893516541245, "id": 6}, {"weight": 3, "random_weight": 0.19195956372048728, "id": 8}, {"weight": 1, "random_weight": 0.06129518618267793, "id": 16}, {"weight": 1, "random_weight": 0.8004139524903934, "id": 20}, {"weight": 1, "random_weight": 0.5404773745019462, "id": 33}], [{"weight": 2, "random_weight": 0.6406616492391735, "id": 34}, {"weight": 2, "random_weight": 0.1860519906411302, "id": 35}, {"weight": 1, "random_weight": 0.02330351286871657, "id": 38}], [{"weight": 3, "random_weight": 0.5064941336750282, "id": 13}, {"weight": 2, "random_weight": 0.9872147502392296, "id": 25}, {"weight": 1, "random_weight": 0.8405114426392214, "id": 31}, {"weight": 1, "random_weight": 0.9395885865109195, "id": 32}], [{"weight": 2, "random_weight": 0.9872147502392296, "id": 24}, {"weight": 1, "random_weight": 0.03498314717192896, "id": 29}, {"weight": 2, "random_weight": 0.2529067728414003, "id": 30}, {"weight": 1, "random_weight": 0.6409925534086759, "id": 31}], [{"weight": 1, "random_weight": 0.39891161524445173, "id": 15}, {"weight": 2, "random_weight": 0.6462500141167787, "id": 20}, {"weight": 2, "random_weight": 0.44639396654097674, "id": 33}, {"weight": 3, "random_weight": 0.1351335906840695, "id": 37}], [{"weight": 1, "random_weight": 0.48205899091409055, "id": 17}, {"weight": 2, "random_weight": 0.27744098521233707, "id": 18}, {"weight": 2, "random_weight": 0.5499994473089175, "id": 28}, {"weight": 2, "random_weight": 0.4249343885849607, "id": 41}, {"weight": 1, "random_weight": 0.622853188765761, "id": 42}], [{"weight": 2, "random_weight": 0.08680503447310195, "id": 17}, {"weight": 2, "random_weight": 0.5499994473089175, "id": 27}, {"weight": 2, "random_weight": 0.7963916056523882, "id": 34}, {"weight": 1, "random_weight": 0.7705746993583503, "id": 42}], [{"weight": 1, "random_weight": 0.2127705010642602, "id": 2}, {"weight": 1, "random_weight": 0.03498314717192896, "id": 25}, {"weight": 2, "random_weight": 0.6309206791723004, "id": 30}, {"weight": 2, "random_weight": 0.47689389950818906, "id": 39}], [{"weight": 2, "random_weight": 0.3177985351097503, "id": 11}, {"weight": 2, "random_weight": 0.2529067728414003, "id": 25}, {"weight": 2, "random_weight": 0.6309206791723004, "id": 29}, {"weight": 1, "random_weight": 0.8740416697510792, "id": 31}, {"weight": 1, "random_weight": 0.5507130720582789, "id": 39}], [{"weight": 1, "random_weight": 0.9944297891771312, "id": 11}, {"weight": 1, "random_weight": 0.8405114426392214, "id": 24}, {"weight": 1, "random_weight": 0.6409925534086759, "id": 25}, {"weight": 1, "random_weight": 0.8740416697510792, "id": 30}, {"weight": 3, "random_weight": 0.7326391134140753, "id": 32}, {"weight": 1, "random_weight": 0.13649169921233573, "id": 44}], [{"weight": 1, "random_weight": 0.9395885865109195, "id": 24}, {"weight": 3, "random_weight": 0.7326391134140753, "id": 31}, {"weight": 2, "random_weight": 0.24266946216453367, "id": 43}, {"weight": 1, "random_weight": 0.7446335358340795, "id": 45}, {"weight": 1, "random_weight": 0.9179497515890774, "id": 47}], [{"weight": 1, "random_weight": 0.15615944481676436, "id": 6}, {"weight": 1, "random_weight": 0.4819928053716037, "id": 15}, {"weight": 1, "random_weight": 0.1365976584269747, "id": 20}, {"weight": 1, "random_weight": 0.5404773745019462, "id": 22}, {"weight": 2, "random_weight": 0.44639396654097674, "id": 26}], [{"weight": 2, "random_weight": 0.6406616492391735, "id": 23}, {"weight": 2, "random_weight": 0.7963916056523882, "id": 28}, {"weight": 1, "random_weight": 0.8429532026188797, "id": 35}, {"weight": 2, "random_weight": 0.6215672225083537, "id": 40}], [{"weight": 2, "random_weight": 0.1860519906411302, "id": 23}, {"weight": 1, "random_weight": 0.8429532026188797, "id": 34}, {"weight": 1, "random_weight": 0.8168128834510324, "id": 38}, {"weight": 2, "random_weight": 0.42163232895454517, "id": 43}, {"weight": 2, "random_weight": 0.012842374676282908, "id": 45}], [{"weight": 2, "random_weight": 0.5534753684611551, "id": 10}, {"weight": 1, "random_weight": 0.7189215822117381, "id": 11}, {"weight": 1, "random_weight": 0.9070279414664467, "id": 14}, {"weight": 2, "random_weight": 0.38063468953430246, "id": 37}, {"weight": 2, "random_weight": 0.43598670918668814, "id": 39}], [{"weight": 1, "random_weight": 0.8405096439767786, "id": 10}, {"weight": 1, "random_weight": 0.11089328899117246, "id": 14}, {"weight": 1, "random_weight": 0.00025251818506766277, "id": 15}, {"weight": 3, "random_weight": 0.1351335906840695, "id": 26}, {"weight": 2, "random_weight": 0.38063468953430246, "id": 36}], [{"weight": 2, "random_weight": 0.20238232027728098, "id": 12}, {"weight": 1, "random_weight": 0.02330351286871657, "id": 23}, {"weight": 1, "random_weight": 0.8168128834510324, "id": 35}, {"weight": 1, "random_weight": 0.9704637880077934, "id": 43}], [{"weight": 2, "random_weight": 0.8373814990297177, "id": 2}, {"weight": 1, "random_weight": 0.8303265093665729, "id": 14}, {"weight": 2, "random_weight": 0.47689389950818906, "id": 29}, {"weight": 1, "random_weight": 0.5507130720582789, "id": 30}, {"weight": 2, "random_weight": 0.43598670918668814, "id": 36}], [{"weight": 2, "random_weight": 0.6215672225083537, "id": 34}, {"weight": 3, "random_weight": 0.49621374188314615, "id": 42}, {"weight": 1, "random_weight": 0.983203691674251, "id": 45}, {"weight": 1, "random_weight": 0.4810374805192903, "id": 46}, {"weight": 1, "random_weight": 0.1021238584706724, "id": 47}], [{"weight": 1, "random_weight": 0.7189128946371424, "id": 5}, {"weight": 1, "random_weight": 0.9050142018702885, "id": 18}, {"weight": 2, "random_weight": 0.9020057539760603, "id": 21}, {"weight": 2, "random_weight": 0.4249343885849607, "id": 27}, {"weight": 1, "random_weight": 0.5353611724796947, "id": 42}, {"weight": 1, "random_weight": 0.6275625509614273, "id": 46}], [{"weight": 1, "random_weight": 0.622853188765761, "id": 27}, {"weight": 1, "random_weight": 0.7705746993583503, "id": 28}, {"weight": 3, "random_weight": 0.49621374188314615, "id": 40}, {"weight": 1, "random_weight": 0.5353611724796947, "id": 41}, {"weight": 2, "random_weight": 0.7626625245915433, "id": 46}], [{"weight": 1, "random_weight": 0.9929191367474786, "id": 12}, {"weight": 1, "random_weight": 0.2303281803430579, "id": 13}, {"weight": 2, "random_weight": 0.24266946216453367, "id": 32}, {"weight": 2, "random_weight": 0.42163232895454517, "id": 35}, {"weight": 1, "random_weight": 0.9704637880077934, "id": 38}, {"weight": 1, "random_weight": 0.33624601269596877, "id": 45}], [{"weight": 1, "random_weight": 0.2082436943961593, "id": 4}, {"weight": 2, "random_weight": 0.5308115117917359, "id": 9}, {"weight": 1, "random_weight": 0.7494500336458957, "id": 11}, {"weight": 1, "random_weight": 0.13649169921233573, "id": 31}, {"weight": 1, "random_weight": 0.6580802765881145, "id": 46}, {"weight": 2, "random_weight": 0.8184085625014178, "id": 47}], [{"weight": 1, "random_weight": 0.7446335358340795, "id": 32}, {"weight": 2, "random_weight": 0.012842374676282908, "id": 35}, {"weight": 1, "random_weight": 0.983203691674251, "id": 40}, {"weight": 1, "random_weight": 0.33624601269596877, "id": 43}, {"weight": 3, "random_weight": 0.8693711778440119, "id": 47}], [{"weight": 2, "random_weight": 0.7835239802773964, "id": 4}, {"weight": 1, "random_weight": 0.4810374805192903, "id": 40}, {"weight": 1, "random_weight": 0.6275625509614273, "id": 41}, {"weight": 2, "random_weight": 0.7626625245915433, "id": 42}, {"weight": 1, "random_weight": 0.6580802765881145, "id": 44}, {"weight": 1, "random_weight": 0.6475509392686527, "id": 47}], [{"weight": 1, "random_weight": 0.9179497515890774, "id": 32}, {"weight": 1, "random_weight": 0.1021238584706724, "id": 40}, {"weight": 2, "random_weight": 0.8184085625014178, "id": 44}, {"weight": 3, "random_weight": 0.8693711778440119, "id": 45}, {"weight": 1, "random_weight": 0.6475509392686527, "id": 46}]]}