{"directed": false, "multigraph": false, "graph": [], "nodes": [{"graph": null, "nnodes": 3, "nedges": 2, "density": 0.6666666666666666, "atomics": "[136, 137, 138]", "group_pop": 3, "init_part_assignment": 2, "id": 0}, {"graph": null, "nnodes": 3, "nedges": 2, "density": 0.6666666666666666, "atomics": "[128, 139, 140]", "group_pop": 3, "init_part_assignment": 2, "id": 1}, {"graph": null, "nnodes": 3, "nedges": 2, "density": 0.6666666666666666, "atomics": "[9, 10, 11]", "group_pop": 3, "init_part_assignment": 8, "id": 2}, {"graph": null, "nnodes": 3, "nedges": 2, "density": 0.6666666666666666, "atomics": "[35, 22, 23]", "group_pop": 3, "init_part_assignment": 1, "id": 3}, {"graph": null, "nnodes": 3, "nedges": 2, "density": 0.6666666666666666, "atomics": "[89, 101, 77]", "group_pop": 3, "init_part_assignment": 11, "id": 4}, {"graph": null, "nnodes": 3, "nedges": 2, "density": 0.6666666666666666, "atomics": "[112, 113, 111]", "group_pop": 3, "init_part_assignment": 5, "id": 5}, {"graph": null, "nnodes": 3, "nedges": 2, "density": 0.6666666666666666, "atomics": "[130, 131, 143]", "group_pop": 3, "init_part_assignment": 2, "id": 6}, {"graph": null, "nnodes": 3, "nedges": 2, "density": 0.6666666666666666, "atomics": "[107, 118, 119]", "group_pop": 3, "init_part_assignment": 6, "id": 7}, {"graph": null, "nnodes": 3, "nedges": 2, "density": 0.6666666666666666, "atomics": "[129, 141, 142]", "group_pop": 3, "init_part_assignment": 2, "id": 8}, {"graph": null, "nnodes": 3, "nedges": 2, "density": 0.6666666666666666, "atomics": "[66, 78, 79]", "group_pop": 3, "init_part_assignment": 10, "id": 9}, {"graph": null, "nnodes": 3, "nedges": 2, "density": 0.6666666666666666, "atomics": "[67, 68, 69]", "group_pop": 3, "init_part_assignment": 10, "id": 10}, {"graph": null, "nnodes": 3, "nedges": 2, "density": 0.6666666666666666, "atomics": "[42, 54, 55]", "group_pop": 3, "init_part_assignment": 10, "id": 11}, {"graph": null, "nnodes": 3, "nedges": 2, "density": 0.6666666666666666, "atomics": "[0, 1, 12]", "group_pop": 3, "init_part_assignment": 7, "id": 12}, {"graph": null, "nnodes": 3, "nedges": 2, "density": 0.6666666666666666, "atomics": "[2, 13, 14]", "group_pop": 3, "init_part_assignment": 7, "id": 13}, {"graph": null, "nnodes": 3, "nedges": 2, "density": 0.6666666666666666, "atomics": "[33, 34, 45]", "group_pop": 3, "init_part_assignment": 1, "id": 14}, {"graph": null, "nnodes": 3, "nedges": 2, "density": 0.6666666666666666, "atomics": "[59, 46, 47]", "group_pop": 3, "init_part_assignment": 6, "id": 15}, {"graph": null, "nnodes": 3, "nedges": 2, "density": 0.6666666666666666, "atomics": "[115, 116, 117]", "group_pop": 3, "init_part_assignment": 3, "id": 16}, {"graph": null, "nnodes": 3, "nedges": 2, "density": 0.6666666666666666, "atomics": "[125, 126, 127]", "group_pop": 3, "init_part_assignment": 5, "id": 17}, {"graph": null, "nnodes": 3, "nedges": 2, "density": 0.6666666666666666, "atomics": "[120, 132, 133]", "group_pop": 3, "init_part_assignment": 0, "id": 18}, {"graph": null, "nnodes": 3, "nedges": 2, "density": 0.6666666666666666, "atomics": "[122, 134, 110]", "group_pop": 3, "init_part_assignment": 0, "id": 19}, {"graph": null, "nnodes": 3, "nedges": 2, "density": 0.6666666666666666, "atomics": "[104, 91, 103]", "group_pop": 3, "init_part_assignment": 3, "id": 20}, {"graph": null, "nnodes": 3, "nedges": 2, "density": 0.6666666666666666, "atomics": "[80, 81, 92]", "group_pop": 3, "init_part_assignment": 3, "id": 21}, {"graph": null, "nnodes": 3, "nedges": 2, "density": 0.6666666666666666, "atomics": "[123, 124, 135]", "group_pop": 3, "init_part_assignment": 5, "id": 22}, {"graph": null, "nnodes": 3, "nedges": 2, "density": 0.6666666666666666, "atomics": "[72, 73, 84]", "group_pop": 3, "init_part_assignment": 4, "id": 23}, {"graph": null, "nnodes": 3, "nedges": 2, "density": 0.6666666666666666, "atomics": "[48, 49, 60]", "group_pop": 3, "init_part_assignment": 4, "id": 24}, {"graph": null, "nnodes": 3, "nedges": 2, "density": 0.6666666666666666, "atomics": "[105, 106, 93]", "group_pop": 3, "init_part_assignment": 3, "id": 25}, {"graph": null, "nnodes": 3, "nedges": 2, "density": 0.6666666666666666, "atomics": "[114, 90, 102]", "group_pop": 3, "init_part_assignment": 5, "id": 26}, {"graph": null, "nnodes": 3, "nedges": 2, "density": 0.6666666666666666, "atomics": "[16, 40, 28]", "group_pop": 3, "init_part_assignment": 9, "id": 27}, {"graph": null, "nnodes": 3, "nedges": 2, "density": 0.6666666666666666, "atomics": "[3, 4, 5]", "group_pop": 3, "init_part_assignment": 8, "id": 28}, {"graph": null, "nnodes": 3, "nedges": 2, "density": 0.6666666666666666, "atomics": "[27, 15, 39]", "group_pop": 3, "init_part_assignment": 9, "id": 29}, {"graph": null, "nnodes": 3, "nedges": 2, "density": 0.6666666666666666, "atomics": "[121, 108, 109]", "group_pop": 3, "init_part_assignment": 0, "id": 30}, {"graph": null, "nnodes": 3, "nedges": 2, "density": 0.6666666666666666, "atomics": "[8, 19, 7]", "group_pop": 3, "init_part_assignment": 8, "id": 31}, {"graph": null, "nnodes": 3, "nedges": 2, "density": 0.6666666666666666, "atomics": "[17, 18, 6]", "group_pop": 3, "init_part_assignment": 8, "id": 32}, {"graph": null, "nnodes": 3, "nedges": 2, "density": 0.6666666666666666, "atomics": "[41, 29, 30]", "group_pop": 3, "init_part_assignment": 9, "id": 33}, {"graph": null, "nnodes": 3, "nedges": 2, "density": 0.6666666666666666, "atomics": "[83, 94, 95]", "group_pop": 3, "init_part_assignment": 6, "id": 34}, {"graph": null, "nnodes": 3, "nedges": 2, "density": 0.6666666666666666, "atomics": "[82, 70, 71]", "group_pop": 3, "init_part_assignment": 6, "id": 35}, {"graph": null, "nnodes": 3, "nedges": 2, "density": 0.6666666666666666, "atomics": "[74, 61, 62]", "group_pop": 3, "init_part_assignment": 4, "id": 36}, {"graph": null, "nnodes": 3, "nedges": 2, "density": 0.6666666666666666, "atomics": "[56, 57, 58]", "group_pop": 3, "init_part_assignment": 10, "id": 37}, {"graph": null, "nnodes": 3, "nedges": 2, "density": 0.6666666666666666, "atomics": "[24, 25, 36]", "group_pop": 3, "init_part_assignment": 7, "id": 38}, {"graph": null, "nnodes": 3, "nedges": 2, "density": 0.6666666666666666, "atomics": "[26, 37, 38]", "group_pop": 3, "init_part_assignment": 7, "id": 39}, {"graph": null, "nnodes": 3, "nedges": 2, "density": 0.6666666666666666, "atomics": "[43, 44, 31]", "group_pop": 3, "init_part_assignment": 1, "id": 40}, {"graph": null, "nnodes": 3, "nedges": 2, "density": 0.6666666666666666, "atomics": "[75, 76, 63]", "group_pop": 3, "init_part_assignment": 11, "id": 41}, {"graph": null, "nnodes": 3, "nedges": 2, "density": 0.6666666666666666, "atomics": "[98, 99, 86]", "group_pop": 3, "init_part_assignment": 4, "id": 42}, {"graph": null, "nnodes": 3, "nedges": 2, "density": 0.6666666666666666, "atomics": "[96, 97, 85]", "group_pop": 3, "init_part_assignment": 0, "id": 43}, {"graph": null, "nnodes": 3, "nedges": 2, "density": 0.6666666666666666, "atomics": "[32, 20, 21]", "group_pop": 3, "init_part_assignment": 1, "id": 44}, {"graph": null, "nnodes": 3, "nedges": 2, "density": 0.6666666666666666, "atomics": "[64, 65, 53]", "group_pop": 3, "init_part_assignment": 11, "id": 45}, {"graph": null, "nnodes": 3, "nedges": 2, "density": 0.6666666666666666, "atomics": "[50, 51, 52]", "group_pop": 3, "init_part_assignment": 9, "id": 46}, {"graph": null, "nnodes": 3, "nedges": 2, "density": 0.6666666666666666, "atomics": "[88, 100, 87]", "group_pop": 3, "init_part_assignment": 11, "id": 47}], "adjacency": [[{"weight": 1, "random_weight": 0.14717326188064928, "id": 1}, {"weight": 2, "random_weight": 0.8780303454697659, "id": 17}, {"weight": 2, "random_weight": 0.9823189645372143, "id": 22}], [{"weight": 1, "random_weight": 0.14717326188064928, "id": 0}, {"weight": 2, "random_weight": 0.38922040191347995, "id": 8}, {"weight": 1, "random_weight": 0.5980209148916346, "id": 16}, {"weight": 2, "random_weight": 0.4782782817275649, "id": 17}], [{"weight": 2, "random_weight": 0.7956926600098498, "id": 3}, {"weight": 1, "random_weight": 0.5735708983022818, "id": 31}, {"weight": 1, "random_weight": 0.5737510550427588, "id": 44}], [{"weight": 2, "random_weight": 0.7956926600098498, "id": 2}, {"weight": 2, "random_weight": 0.33038416448835606, "id": 14}, {"weight": 1, "random_weight": 0.053124816395796026, "id": 15}, {"weight": 1, "random_weight": 0.8951238693932785, "id": 44}], [{"weight": 1, "random_weight": 0.614994630121841, "id": 5}, {"weight": 1, "random_weight": 0.9446765793129278, "id": 9}, {"weight": 2, "random_weight": 0.8546200129109875, "id": 26}, {"weight": 1, "random_weight": 0.0006983336903919612, "id": 41}, {"weight": 1, "random_weight": 0.39768536367079965, "id": 45}, {"weight": 2, "random_weight": 0.7795969089016609, "id": 47}], [{"weight": 1, "random_weight": 0.614994630121841, "id": 4}, {"weight": 1, "random_weight": 0.7035128465107529, "id": 17}, {"weight": 1, "random_weight": 0.30879131574315066, "id": 19}, {"weight": 2, "random_weight": 0.2014816264641195, "id": 22}, {"weight": 1, "random_weight": 0.9153402560572149, "id": 26}, {"weight": 1, "random_weight": 0.8972294913810686, "id": 42}, {"weight": 1, "random_weight": 0.28045754847321636, "id": 47}], [{"weight": 2, "random_weight": 0.7453260148744293, "id": 7}, {"weight": 3, "random_weight": 0.1730635947516045, "id": 8}], [{"weight": 2, "random_weight": 0.7453260148744293, "id": 6}, {"weight": 1, "random_weight": 0.780578248642031, "id": 16}, {"weight": 2, "random_weight": 0.9774866744876347, "id": 25}, {"weight": 1, "random_weight": 0.4458337657052953, "id": 34}], [{"weight": 2, "random_weight": 0.38922040191347995, "id": 1}, {"weight": 3, "random_weight": 0.1730635947516045, "id": 6}, {"weight": 1, "random_weight": 0.41501063126768245, "id": 16}], [{"weight": 1, "random_weight": 0.9446765793129278, "id": 4}, {"weight": 2, "random_weight": 0.694161478423839, "id": 10}, {"weight": 1, "random_weight": 0.39394437168448404, "id": 11}, {"weight": 1, "random_weight": 0.9445660815354094, "id": 20}, {"weight": 1, "random_weight": 0.4439775634342582, "id": 21}, {"weight": 1, "random_weight": 0.5508343409099928, "id": 26}, {"weight": 1, "random_weight": 0.6153906085985653, "id": 45}], [{"weight": 2, "random_weight": 0.694161478423839, "id": 9}, {"weight": 1, "random_weight": 0.6621703071741942, "id": 11}, {"weight": 2, "random_weight": 0.46400971621645437, "id": 21}, {"weight": 1, "random_weight": 0.11403508263338713, "id": 35}, {"weight": 2, "random_weight": 0.9304197011441855, "id": 37}], [{"weight": 1, "random_weight": 0.39394437168448404, "id": 9}, {"weight": 1, "random_weight": 0.6621703071741942, "id": 10}, {"weight": 2, "random_weight": 0.8536551638830667, "id": 33}, {"weight": 1, "random_weight": 0.6277577620919799, "id": 37}, {"weight": 2, "random_weight": 0.5780484687022115, "id": 40}, {"weight": 1, "random_weight": 0.6319469959643621, "id": 45}], [{"weight": 3, "random_weight": 0.05895627043657403, "id": 13}, {"weight": 1, "random_weight": 0.5496697397742901, "id": 38}], [{"weight": 3, "random_weight": 0.05895627043657403, "id": 12}, {"weight": 1, "random_weight": 0.6315981624843708, "id": 28}, {"weight": 1, "random_weight": 0.3883039945966975, "id": 29}, {"weight": 1, "random_weight": 0.48864337907695865, "id": 38}, {"weight": 1, "random_weight": 0.2578704248671333, "id": 39}], [{"weight": 2, "random_weight": 0.33038416448835606, "id": 3}, {"weight": 2, "random_weight": 0.7297039266881095, "id": 15}, {"weight": 1, "random_weight": 0.6658085393355199, "id": 37}, {"weight": 1, "random_weight": 0.3969251318569299, "id": 40}, {"weight": 2, "random_weight": 0.33938206239518365, "id": 44}], [{"weight": 1, "random_weight": 0.053124816395796026, "id": 3}, {"weight": 2, "random_weight": 0.7297039266881095, "id": 14}, {"weight": 1, "random_weight": 0.686503436774169, "id": 35}, {"weight": 2, "random_weight": 0.8552684826748537, "id": 37}], [{"weight": 1, "random_weight": 0.5980209148916346, "id": 1}, {"weight": 1, "random_weight": 0.780578248642031, "id": 7}, {"weight": 1, "random_weight": 0.41501063126768245, "id": 8}, {"weight": 1, "random_weight": 0.05127224658743801, "id": 17}, {"weight": 2, "random_weight": 0.6607686087877195, "id": 20}, {"weight": 1, "random_weight": 0.0682266697174575, "id": 25}, {"weight": 1, "random_weight": 0.09392571059915888, "id": 26}], [{"weight": 2, "random_weight": 0.8780303454697659, "id": 0}, {"weight": 2, "random_weight": 0.4782782817275649, "id": 1}, {"weight": 1, "random_weight": 0.7035128465107529, "id": 5}, {"weight": 1, "random_weight": 0.05127224658743801, "id": 16}, {"weight": 1, "random_weight": 0.24858811381031565, "id": 22}, {"weight": 1, "random_weight": 0.2917435024212952, "id": 26}], [{"weight": 1, "random_weight": 0.7790804948491759, "id": 19}, {"weight": 3, "random_weight": 0.470047140857498, "id": 30}], [{"weight": 1, "random_weight": 0.30879131574315066, "id": 5}, {"weight": 1, "random_weight": 0.7790804948491759, "id": 18}, {"weight": 2, "random_weight": 0.47775950017640423, "id": 22}, {"weight": 2, "random_weight": 0.5284024508949463, "id": 30}, {"weight": 1, "random_weight": 0.28451458623839965, "id": 42}], [{"weight": 1, "random_weight": 0.9445660815354094, "id": 9}, {"weight": 2, "random_weight": 0.6607686087877195, "id": 16}, {"weight": 2, "random_weight": 0.37543469693959053, "id": 21}, {"weight": 1, "random_weight": 0.3606517099565152, "id": 25}, {"weight": 2, "random_weight": 0.5373939743847913, "id": 26}], [{"weight": 1, "random_weight": 0.4439775634342582, "id": 9}, {"weight": 2, "random_weight": 0.46400971621645437, "id": 10}, {"weight": 2, "random_weight": 0.37543469693959053, "id": 20}, {"weight": 2, "random_weight": 0.6783085196195612, "id": 25}, {"weight": 1, "random_weight": 0.9976130737, "id": 35}], [{"weight": 2, "random_weight": 0.9823189645372143, "id": 0}, {"weight": 2, "random_weight": 0.2014816264641195, "id": 5}, {"weight": 1, "random_weight": 0.24858811381031565, "id": 17}, {"weight": 2, "random_weight": 0.47775950017640423, "id": 19}], [{"weight": 1, "random_weight": 0.5730789870226104, "id": 24}, {"weight": 2, "random_weight": 0.5589150609456203, "id": 36}, {"weight": 3, "random_weight": 0.8683391678402451, "id": 43}], [{"weight": 1, "random_weight": 0.5730789870226104, "id": 23}, {"weight": 2, "random_weight": 0.22223350281406673, "id": 36}, {"weight": 1, "random_weight": 0.6729177594808988, "id": 38}, {"weight": 1, "random_weight": 0.8519728052199828, "id": 39}, {"weight": 1, "random_weight": 0.5163525231254589, "id": 46}], [{"weight": 2, "random_weight": 0.9774866744876347, "id": 7}, {"weight": 1, "random_weight": 0.0682266697174575, "id": 16}, {"weight": 1, "random_weight": 0.3606517099565152, "id": 20}, {"weight": 2, "random_weight": 0.6783085196195612, "id": 21}, {"weight": 2, "random_weight": 0.5204722619326732, "id": 34}], [{"weight": 2, "random_weight": 0.8546200129109875, "id": 4}, {"weight": 1, "random_weight": 0.9153402560572149, "id": 5}, {"weight": 1, "random_weight": 0.5508343409099928, "id": 9}, {"weight": 1, "random_weight": 0.09392571059915888, "id": 16}, {"weight": 1, "random_weight": 0.2917435024212952, "id": 17}, {"weight": 2, "random_weight": 0.5373939743847913, "id": 20}], [{"weight": 1, "random_weight": 0.710337607274347, "id": 28}, {"weight": 3, "random_weight": 0.1222427626745578, "id": 29}, {"weight": 1, "random_weight": 0.9318916660665475, "id": 32}, {"weight": 2, "random_weight": 0.7948232253772671, "id": 33}, {"weight": 1, "random_weight": 0.8825288994179892, "id": 46}], [{"weight": 1, "random_weight": 0.6315981624843708, "id": 13}, {"weight": 1, "random_weight": 0.710337607274347, "id": 27}, {"weight": 1, "random_weight": 0.377727788842135, "id": 29}, {"weight": 2, "random_weight": 0.7610588045846834, "id": 32}], [{"weight": 1, "random_weight": 0.3883039945966975, "id": 13}, {"weight": 3, "random_weight": 0.1222427626745578, "id": 27}, {"weight": 1, "random_weight": 0.377727788842135, "id": 28}, {"weight": 2, "random_weight": 0.8555440420951416, "id": 39}, {"weight": 1, "random_weight": 0.13771611902216507, "id": 46}], [{"weight": 3, "random_weight": 0.470047140857498, "id": 18}, {"weight": 2, "random_weight": 0.5284024508949463, "id": 19}, {"weight": 2, "random_weight": 0.06282240035408648, "id": 43}], [{"weight": 1, "random_weight": 0.5735708983022818, "id": 2}, {"weight": 2, "random_weight": 0.25984651233142697, "id": 32}, {"weight": 1, "random_weight": 0.7189978382776753, "id": 40}, {"weight": 2, "random_weight": 0.8539080059287276, "id": 44}], [{"weight": 1, "random_weight": 0.9318916660665475, "id": 27}, {"weight": 2, "random_weight": 0.7610588045846834, "id": 28}, {"weight": 2, "random_weight": 0.25984651233142697, "id": 31}, {"weight": 2, "random_weight": 0.8272638692362922, "id": 33}], [{"weight": 2, "random_weight": 0.8536551638830667, "id": 11}, {"weight": 2, "random_weight": 0.7948232253772671, "id": 27}, {"weight": 2, "random_weight": 0.8272638692362922, "id": 32}, {"weight": 1, "random_weight": 0.43933839052024426, "id": 40}, {"weight": 1, "random_weight": 0.9914167313016577, "id": 45}], [{"weight": 1, "random_weight": 0.4458337657052953, "id": 7}, {"weight": 2, "random_weight": 0.5204722619326732, "id": 25}, {"weight": 3, "random_weight": 0.9343247080843173, "id": 35}], [{"weight": 1, "random_weight": 0.11403508263338713, "id": 10}, {"weight": 1, "random_weight": 0.686503436774169, "id": 15}, {"weight": 1, "random_weight": 0.9976130737, "id": 21}, {"weight": 3, "random_weight": 0.9343247080843173, "id": 34}, {"weight": 1, "random_weight": 0.9402319636854165, "id": 37}], [{"weight": 2, "random_weight": 0.5589150609456203, "id": 23}, {"weight": 2, "random_weight": 0.22223350281406673, "id": 24}, {"weight": 2, "random_weight": 0.7329808640805427, "id": 41}, {"weight": 1, "random_weight": 0.7463674150727881, "id": 42}, {"weight": 1, "random_weight": 0.4618006978920963, "id": 46}], [{"weight": 2, "random_weight": 0.9304197011441855, "id": 10}, {"weight": 1, "random_weight": 0.6277577620919799, "id": 11}, {"weight": 1, "random_weight": 0.6658085393355199, "id": 14}, {"weight": 2, "random_weight": 0.8552684826748537, "id": 15}, {"weight": 1, "random_weight": 0.9402319636854165, "id": 35}, {"weight": 1, "random_weight": 0.4450842912074472, "id": 40}], [{"weight": 1, "random_weight": 0.5496697397742901, "id": 12}, {"weight": 1, "random_weight": 0.48864337907695865, "id": 13}, {"weight": 1, "random_weight": 0.6729177594808988, "id": 24}, {"weight": 3, "random_weight": 0.907316961838608, "id": 39}], [{"weight": 1, "random_weight": 0.2578704248671333, "id": 13}, {"weight": 1, "random_weight": 0.8519728052199828, "id": 24}, {"weight": 2, "random_weight": 0.8555440420951416, "id": 29}, {"weight": 3, "random_weight": 0.907316961838608, "id": 38}, {"weight": 1, "random_weight": 0.05204707794069274, "id": 46}], [{"weight": 2, "random_weight": 0.5780484687022115, "id": 11}, {"weight": 1, "random_weight": 0.3969251318569299, "id": 14}, {"weight": 1, "random_weight": 0.7189978382776753, "id": 31}, {"weight": 1, "random_weight": 0.43933839052024426, "id": 33}, {"weight": 1, "random_weight": 0.4450842912074472, "id": 37}, {"weight": 2, "random_weight": 0.7679820187910827, "id": 44}], [{"weight": 1, "random_weight": 0.0006983336903919612, "id": 4}, {"weight": 2, "random_weight": 0.7329808640805427, "id": 36}, {"weight": 2, "random_weight": 0.22506669118838607, "id": 45}, {"weight": 1, "random_weight": 0.036773042583531756, "id": 46}, {"weight": 2, "random_weight": 0.5072071688875498, "id": 47}], [{"weight": 1, "random_weight": 0.8972294913810686, "id": 5}, {"weight": 1, "random_weight": 0.28451458623839965, "id": 19}, {"weight": 1, "random_weight": 0.7463674150727881, "id": 36}, {"weight": 2, "random_weight": 0.9262900767399441, "id": 43}, {"weight": 3, "random_weight": 0.7615511665002276, "id": 47}], [{"weight": 3, "random_weight": 0.8683391678402451, "id": 23}, {"weight": 2, "random_weight": 0.06282240035408648, "id": 30}, {"weight": 2, "random_weight": 0.9262900767399441, "id": 42}], [{"weight": 1, "random_weight": 0.5737510550427588, "id": 2}, {"weight": 1, "random_weight": 0.8951238693932785, "id": 3}, {"weight": 2, "random_weight": 0.33938206239518365, "id": 14}, {"weight": 2, "random_weight": 0.8539080059287276, "id": 31}, {"weight": 2, "random_weight": 0.7679820187910827, "id": 40}], [{"weight": 1, "random_weight": 0.39768536367079965, "id": 4}, {"weight": 1, "random_weight": 0.6153906085985653, "id": 9}, {"weight": 1, "random_weight": 0.6319469959643621, "id": 11}, {"weight": 1, "random_weight": 0.9914167313016577, "id": 33}, {"weight": 2, "random_weight": 0.22506669118838607, "id": 41}, {"weight": 2, "random_weight": 0.27699554863171727, "id": 46}], [{"weight": 1, "random_weight": 0.5163525231254589, "id": 24}, {"weight": 1, "random_weight": 0.8825288994179892, "id": 27}, {"weight": 1, "random_weight": 0.13771611902216507, "id": 29}, {"weight": 1, "random_weight": 0.4618006978920963, "id": 36}, {"weight": 1, "random_weight": 0.05204707794069274, "id": 39}, {"weight": 1, "random_weight": 0.036773042583531756, "id": 41}, {"weight": 2, "random_weight": 0.27699554863171727, "id": 45}], [{"weight": 2, "random_weight": 0.7795969089016609, "id": 4}, {"weight": 1, "random_weight": 0.28045754847321636, "id": 5}, {"weight": 2, "random_weight": 0.5072071688875498, "id": 41}, {"weight": 3, "random_weight": 0.7615511665002276, "id": 42}]]}