{"directed": false, "multigraph": false, "graph": [], "nodes": [{"graph": null, "nnodes": 3, "nedges": 2, "density": 0.6666666666666666, "atomics": "[138, 125, 126]", "group_pop": 3, "init_part_assignment": 7, "id": 0}, {"graph": null, "nnodes": 3, "nedges": 2, "density": 0.6666666666666666, "atomics": "[128, 139, 140]", "group_pop": 3, "init_part_assignment": 2, "id": 1}, {"graph": null, "nnodes": 3, "nedges": 2, "density": 0.6666666666666666, "atomics": "[9, 10, 11]", "group_pop": 3, "init_part_assignment": 3, "id": 2}, {"graph": null, "nnodes": 3, "nedges": 2, "density": 0.6666666666666666, "atomics": "[21, 22, 23]", "group_pop": 3, "init_part_assignment": 0, "id": 3}, {"graph": null, "nnodes": 3, "nedges": 2, "density": 0.6666666666666666, "atomics": "[89, 90, 101]", "group_pop": 3, "init_part_assignment": 10, "id": 4}, {"graph": null, "nnodes": 3, "nedges": 2, "density": 0.6666666666666666, "atomics": "[112, 113, 124]", "group_pop": 3, "init_part_assignment": 7, "id": 5}, {"graph": null, "nnodes": 3, "nedges": 2, "density": 0.6666666666666666, "atomics": "[131, 119, 143]", "group_pop": 3, "init_part_assignment": 5, "id": 6}, {"graph": null, "nnodes": 3, "nedges": 2, "density": 0.6666666666666666, "atomics": "[129, 117, 118]", "group_pop": 3, "init_part_assignment": 2, "id": 7}, {"graph": null, "nnodes": 3, "nedges": 2, "density": 0.6666666666666666, "atomics": "[130, 141, 142]", "group_pop": 3, "init_part_assignment": 2, "id": 8}, {"graph": null, "nnodes": 3, "nedges": 2, "density": 0.6666666666666666, "atomics": "[66, 67, 78]", "group_pop": 3, "init_part_assignment": 11, "id": 9}, {"graph": null, "nnodes": 3, "nedges": 2, "density": 0.6666666666666666, "atomics": "[42, 54, 55]", "group_pop": 3, "init_part_assignment": 11, "id": 10}, {"graph": null, "nnodes": 3, "nedges": 2, "density": 0.6666666666666666, "atomics": "[0, 12, 13]", "group_pop": 3, "init_part_assignment": 8, "id": 11}, {"graph": null, "nnodes": 3, "nedges": 2, "density": 0.6666666666666666, "atomics": "[1, 2, 3]", "group_pop": 3, "init_part_assignment": 9, "id": 12}, {"graph": null, "nnodes": 3, "nedges": 2, "density": 0.6666666666666666, "atomics": "[34, 35, 47]", "group_pop": 3, "init_part_assignment": 0, "id": 13}, {"graph": null, "nnodes": 3, "nedges": 2, "density": 0.6666666666666666, "atomics": "[115, 116, 127]", "group_pop": 3, "init_part_assignment": 2, "id": 14}, {"graph": null, "nnodes": 3, "nedges": 2, "density": 0.6666666666666666, "atomics": "[120, 132, 133]", "group_pop": 3, "init_part_assignment": 1, "id": 15}, {"graph": null, "nnodes": 3, "nedges": 2, "density": 0.6666666666666666, "atomics": "[121, 122, 134]", "group_pop": 3, "init_part_assignment": 1, "id": 16}, {"graph": null, "nnodes": 3, "nedges": 2, "density": 0.6666666666666666, "atomics": "[104, 105, 106]", "group_pop": 3, "init_part_assignment": 5, "id": 17}, {"graph": null, "nnodes": 3, "nedges": 2, "density": 0.6666666666666666, "atomics": "[114, 102, 103]", "group_pop": 3, "init_part_assignment": 7, "id": 18}, {"graph": null, "nnodes": 3, "nedges": 2, "density": 0.6666666666666666, "atomics": "[91, 92, 93]", "group_pop": 3, "init_part_assignment": 10, "id": 19}, {"graph": null, "nnodes": 3, "nedges": 2, "density": 0.6666666666666666, "atomics": "[80, 68, 79]", "group_pop": 3, "init_part_assignment": 4, "id": 20}, {"graph": null, "nnodes": 3, "nedges": 2, "density": 0.6666666666666666, "atomics": "[136, 137, 135]", "group_pop": 3, "init_part_assignment": 1, "id": 21}, {"graph": null, "nnodes": 3, "nedges": 2, "density": 0.6666666666666666, "atomics": "[72, 60, 84]", "group_pop": 3, "init_part_assignment": 6, "id": 22}, {"graph": null, "nnodes": 3, "nedges": 2, "density": 0.6666666666666666, "atomics": "[48, 49, 50]", "group_pop": 3, "init_part_assignment": 6, "id": 23}, {"graph": null, "nnodes": 3, "nedges": 2, "density": 0.6666666666666666, "atomics": "[107, 83, 95]", "group_pop": 3, "init_part_assignment": 5, "id": 24}, {"graph": null, "nnodes": 3, "nedges": 2, "density": 0.6666666666666666, "atomics": "[16, 17, 4]", "group_pop": 3, "init_part_assignment": 3, "id": 25}, {"graph": null, "nnodes": 3, "nedges": 2, "density": 0.6666666666666666, "atomics": "[18, 5, 6]", "group_pop": 3, "init_part_assignment": 3, "id": 26}, {"graph": null, "nnodes": 3, "nedges": 2, "density": 0.6666666666666666, "atomics": "[81, 82, 94]", "group_pop": 3, "init_part_assignment": 5, "id": 27}, {"graph": null, "nnodes": 3, "nedges": 2, "density": 0.6666666666666666, "atomics": "[25, 26, 14]", "group_pop": 3, "init_part_assignment": 8, "id": 28}, {"graph": null, "nnodes": 3, "nedges": 2, "density": 0.6666666666666666, "atomics": "[27, 28, 15]", "group_pop": 3, "init_part_assignment": 9, "id": 29}, {"graph": null, "nnodes": 3, "nedges": 2, "density": 0.6666666666666666, "atomics": "[96, 108, 109]", "group_pop": 3, "init_part_assignment": 1, "id": 30}, {"graph": null, "nnodes": 3, "nedges": 2, "density": 0.6666666666666666, "atomics": "[8, 19, 7]", "group_pop": 3, "init_part_assignment": 3, "id": 31}, {"graph": null, "nnodes": 3, "nedges": 2, "density": 0.6666666666666666, "atomics": "[41, 29, 30]", "group_pop": 3, "init_part_assignment": 9, "id": 32}, {"graph": null, "nnodes": 3, "nedges": 2, "density": 0.6666666666666666, "atomics": "[40, 38, 39]", "group_pop": 3, "init_part_assignment": 8, "id": 33}, {"graph": null, "nnodes": 3, "nedges": 2, "density": 0.6666666666666666, "atomics": "[57, 69, 70]", "group_pop": 3, "init_part_assignment": 4, "id": 34}, {"graph": null, "nnodes": 3, "nedges": 2, "density": 0.6666666666666666, "atomics": "[73, 74, 61]", "group_pop": 3, "init_part_assignment": 6, "id": 35}, {"graph": null, "nnodes": 3, "nedges": 2, "density": 0.6666666666666666, "atomics": "[56, 43, 44]", "group_pop": 3, "init_part_assignment": 4, "id": 36}, {"graph": null, "nnodes": 3, "nedges": 2, "density": 0.6666666666666666, "atomics": "[58, 59, 71]", "group_pop": 3, "init_part_assignment": 4, "id": 37}, {"graph": null, "nnodes": 3, "nedges": 2, "density": 0.6666666666666666, "atomics": "[24, 36, 37]", "group_pop": 3, "init_part_assignment": 8, "id": 38}, {"graph": null, "nnodes": 3, "nedges": 2, "density": 0.6666666666666666, "atomics": "[33, 45, 46]", "group_pop": 3, "init_part_assignment": 0, "id": 39}, {"graph": null, "nnodes": 3, "nedges": 2, "density": 0.6666666666666666, "atomics": "[88, 75, 87]", "group_pop": 3, "init_part_assignment": 10, "id": 40}, {"graph": null, "nnodes": 3, "nedges": 2, "density": 0.6666666666666666, "atomics": "[97, 85, 86]", "group_pop": 3, "init_part_assignment": 6, "id": 41}, {"graph": null, "nnodes": 3, "nedges": 2, "density": 0.6666666666666666, "atomics": "[123, 110, 111]", "group_pop": 3, "init_part_assignment": 7, "id": 42}, {"graph": null, "nnodes": 3, "nedges": 2, "density": 0.6666666666666666, "atomics": "[98, 99, 100]", "group_pop": 3, "init_part_assignment": 10, "id": 43}, {"graph": null, "nnodes": 3, "nedges": 2, "density": 0.6666666666666666, "atomics": "[32, 20, 31]", "group_pop": 3, "init_part_assignment": 0, "id": 44}, {"graph": null, "nnodes": 3, "nedges": 2, "density": 0.6666666666666666, "atomics": "[65, 76, 77]", "group_pop": 3, "init_part_assignment": 11, "id": 45}, {"graph": null, "nnodes": 3, "nedges": 2, "density": 0.6666666666666666, "atomics": "[51, 52, 53]", "group_pop": 3, "init_part_assignment": 9, "id": 46}, {"graph": null, "nnodes": 3, "nedges": 2, "density": 0.6666666666666666, "atomics": "[64, 62, 63]", "group_pop": 3, "init_part_assignment": 11, "id": 47}], "adjacency": [[{"weight": 1, "random_weight": 0.5784350593498101, "id": 1}, {"weight": 2, "random_weight": 0.46270544755420895, "id": 5}, {"weight": 1, "random_weight": 0.5340054192686788, "id": 14}, {"weight": 1, "random_weight": 0.6032330964520325, "id": 18}, {"weight": 2, "random_weight": 0.5388895904499009, "id": 21}], [{"weight": 1, "random_weight": 0.5784350593498101, "id": 0}, {"weight": 1, "random_weight": 0.03553686439255044, "id": 7}, {"weight": 1, "random_weight": 0.37571038828584813, "id": 8}, {"weight": 3, "random_weight": 0.4964106215773526, "id": 14}], [{"weight": 3, "random_weight": 0.3939100232087769, "id": 3}, {"weight": 1, "random_weight": 0.5856396420579764, "id": 31}], [{"weight": 3, "random_weight": 0.3939100232087769, "id": 2}, {"weight": 2, "random_weight": 0.9730443322056237, "id": 13}, {"weight": 1, "random_weight": 0.0008925353661524138, "id": 39}, {"weight": 1, "random_weight": 0.48909432877842507, "id": 44}], [{"weight": 1, "random_weight": 0.5721200818236744, "id": 5}, {"weight": 1, "random_weight": 0.8144884080081531, "id": 9}, {"weight": 2, "random_weight": 0.2288545500665652, "id": 18}, {"weight": 1, "random_weight": 0.7906810728633966, "id": 19}, {"weight": 1, "random_weight": 0.37500298418286926, "id": 40}, {"weight": 1, "random_weight": 0.3518090191768487, "id": 43}, {"weight": 1, "random_weight": 0.8568829883772769, "id": 45}], [{"weight": 2, "random_weight": 0.46270544755420895, "id": 0}, {"weight": 1, "random_weight": 0.5721200818236744, "id": 4}, {"weight": 1, "random_weight": 0.0465747134218264, "id": 18}, {"weight": 1, "random_weight": 0.8192086126064732, "id": 21}, {"weight": 2, "random_weight": 0.20967880559755236, "id": 42}, {"weight": 1, "random_weight": 0.654968414713646, "id": 43}], [{"weight": 1, "random_weight": 0.5455664398311679, "id": 7}, {"weight": 2, "random_weight": 0.9986472406112078, "id": 8}, {"weight": 1, "random_weight": 0.4101934414155284, "id": 24}], [{"weight": 1, "random_weight": 0.03553686439255044, "id": 1}, {"weight": 1, "random_weight": 0.5455664398311679, "id": 6}, {"weight": 3, "random_weight": 0.5792726805669085, "id": 8}, {"weight": 1, "random_weight": 0.3468472015355788, "id": 14}, {"weight": 2, "random_weight": 0.9478700519585582, "id": 17}], [{"weight": 1, "random_weight": 0.37571038828584813, "id": 1}, {"weight": 2, "random_weight": 0.9986472406112078, "id": 6}, {"weight": 3, "random_weight": 0.5792726805669085, "id": 7}], [{"weight": 1, "random_weight": 0.8144884080081531, "id": 4}, {"weight": 2, "random_weight": 0.1912094361550586, "id": 10}, {"weight": 3, "random_weight": 0.6553687232493997, "id": 20}, {"weight": 2, "random_weight": 0.006377532729423319, "id": 45}], [{"weight": 2, "random_weight": 0.1912094361550586, "id": 9}, {"weight": 2, "random_weight": 0.9373955018443366, "id": 32}, {"weight": 3, "random_weight": 0.831677072869401, "id": 36}, {"weight": 1, "random_weight": 0.3672774667284119, "id": 46}], [{"weight": 2, "random_weight": 0.9792947045229701, "id": 12}, {"weight": 2, "random_weight": 0.575100362098786, "id": 28}, {"weight": 1, "random_weight": 0.11214579004675518, "id": 38}], [{"weight": 2, "random_weight": 0.9792947045229701, "id": 11}, {"weight": 1, "random_weight": 0.7561103884211366, "id": 25}, {"weight": 1, "random_weight": 0.7321241084668166, "id": 28}, {"weight": 1, "random_weight": 0.3015958415539717, "id": 29}], [{"weight": 2, "random_weight": 0.9730443322056237, "id": 3}, {"weight": 1, "random_weight": 0.7122105918030895, "id": 37}, {"weight": 3, "random_weight": 0.23392678985900317, "id": 39}], [{"weight": 1, "random_weight": 0.5340054192686788, "id": 0}, {"weight": 3, "random_weight": 0.4964106215773526, "id": 1}, {"weight": 1, "random_weight": 0.3468472015355788, "id": 7}, {"weight": 1, "random_weight": 0.3396564968846223, "id": 17}, {"weight": 2, "random_weight": 0.5838721731777615, "id": 18}], [{"weight": 3, "random_weight": 0.867138577400914, "id": 16}, {"weight": 1, "random_weight": 0.6107081285684143, "id": 30}], [{"weight": 3, "random_weight": 0.867138577400914, "id": 15}, {"weight": 1, "random_weight": 0.3094216969284762, "id": 21}, {"weight": 1, "random_weight": 0.07728238395744091, "id": 30}, {"weight": 2, "random_weight": 0.15948995798226306, "id": 42}], [{"weight": 2, "random_weight": 0.9478700519585582, "id": 7}, {"weight": 1, "random_weight": 0.3396564968846223, "id": 14}, {"weight": 1, "random_weight": 0.5440247806597935, "id": 18}, {"weight": 2, "random_weight": 0.42377110429021836, "id": 19}, {"weight": 1, "random_weight": 0.5124711190819594, "id": 24}, {"weight": 1, "random_weight": 0.043893983961406535, "id": 27}], [{"weight": 1, "random_weight": 0.6032330964520325, "id": 0}, {"weight": 2, "random_weight": 0.2288545500665652, "id": 4}, {"weight": 1, "random_weight": 0.0465747134218264, "id": 5}, {"weight": 2, "random_weight": 0.5838721731777615, "id": 14}, {"weight": 1, "random_weight": 0.5440247806597935, "id": 17}, {"weight": 1, "random_weight": 0.37229588206154773, "id": 19}], [{"weight": 1, "random_weight": 0.7906810728633966, "id": 4}, {"weight": 2, "random_weight": 0.42377110429021836, "id": 17}, {"weight": 1, "random_weight": 0.37229588206154773, "id": 18}, {"weight": 2, "random_weight": 0.9305331288497123, "id": 20}, {"weight": 2, "random_weight": 0.21271332254008302, "id": 27}], [{"weight": 3, "random_weight": 0.6553687232493997, "id": 9}, {"weight": 2, "random_weight": 0.9305331288497123, "id": 19}, {"weight": 1, "random_weight": 0.7394783126905474, "id": 27}, {"weight": 1, "random_weight": 0.5072330471786364, "id": 34}, {"weight": 1, "random_weight": 0.339555267407491, "id": 36}], [{"weight": 2, "random_weight": 0.5388895904499009, "id": 0}, {"weight": 1, "random_weight": 0.8192086126064732, "id": 5}, {"weight": 1, "random_weight": 0.3094216969284762, "id": 16}, {"weight": 1, "random_weight": 0.4623457001216439, "id": 42}], [{"weight": 1, "random_weight": 0.1464369347685185, "id": 23}, {"weight": 1, "random_weight": 0.6915677538339213, "id": 30}, {"weight": 2, "random_weight": 0.10835031330520939, "id": 35}, {"weight": 1, "random_weight": 0.48028603604450737, "id": 41}], [{"weight": 1, "random_weight": 0.1464369347685185, "id": 22}, {"weight": 1, "random_weight": 0.6488386078808112, "id": 33}, {"weight": 1, "random_weight": 0.4782817096564178, "id": 35}, {"weight": 2, "random_weight": 0.735932271908162, "id": 38}, {"weight": 1, "random_weight": 0.018266295989885495, "id": 46}, {"weight": 1, "random_weight": 0.6226439906184684, "id": 47}], [{"weight": 1, "random_weight": 0.4101934414155284, "id": 6}, {"weight": 1, "random_weight": 0.5124711190819594, "id": 17}, {"weight": 2, "random_weight": 0.7474317656993467, "id": 27}, {"weight": 1, "random_weight": 0.5239355118366495, "id": 37}], [{"weight": 1, "random_weight": 0.7561103884211366, "id": 12}, {"weight": 3, "random_weight": 0.25622068580983437, "id": 26}, {"weight": 2, "random_weight": 0.2005848761670358, "id": 29}, {"weight": 1, "random_weight": 0.32650769820677916, "id": 32}], [{"weight": 3, "random_weight": 0.25622068580983437, "id": 25}, {"weight": 2, "random_weight": 0.06708656239709687, "id": 31}, {"weight": 1, "random_weight": 0.777146164859395, "id": 32}], [{"weight": 1, "random_weight": 0.043893983961406535, "id": 17}, {"weight": 2, "random_weight": 0.21271332254008302, "id": 19}, {"weight": 1, "random_weight": 0.7394783126905474, "id": 20}, {"weight": 2, "random_weight": 0.7474317656993467, "id": 24}, {"weight": 2, "random_weight": 0.7225174210455236, "id": 34}], [{"weight": 2, "random_weight": 0.575100362098786, "id": 11}, {"weight": 1, "random_weight": 0.7321241084668166, "id": 12}, {"weight": 2, "random_weight": 0.9112046554541746, "id": 29}, {"weight": 1, "random_weight": 0.46293413183522647, "id": 33}, {"weight": 2, "random_weight": 0.26175940368930517, "id": 38}], [{"weight": 1, "random_weight": 0.3015958415539717, "id": 12}, {"weight": 2, "random_weight": 0.2005848761670358, "id": 25}, {"weight": 2, "random_weight": 0.9112046554541746, "id": 28}, {"weight": 1, "random_weight": 0.2769714464898533, "id": 32}, {"weight": 2, "random_weight": 0.7518072976576565, "id": 33}], [{"weight": 1, "random_weight": 0.6107081285684143, "id": 15}, {"weight": 1, "random_weight": 0.07728238395744091, "id": 16}, {"weight": 1, "random_weight": 0.6915677538339213, "id": 22}, {"weight": 2, "random_weight": 0.5599933545977576, "id": 41}, {"weight": 1, "random_weight": 0.3980058233205661, "id": 42}], [{"weight": 1, "random_weight": 0.5856396420579764, "id": 2}, {"weight": 2, "random_weight": 0.06708656239709687, "id": 26}, {"weight": 3, "random_weight": 0.6850745580384784, "id": 44}], [{"weight": 2, "random_weight": 0.9373955018443366, "id": 10}, {"weight": 1, "random_weight": 0.32650769820677916, "id": 25}, {"weight": 1, "random_weight": 0.777146164859395, "id": 26}, {"weight": 1, "random_weight": 0.2769714464898533, "id": 29}, {"weight": 1, "random_weight": 0.37995068733265447, "id": 33}, {"weight": 1, "random_weight": 0.9493271558480268, "id": 44}, {"weight": 1, "random_weight": 0.6380866528998079, "id": 46}], [{"weight": 1, "random_weight": 0.6488386078808112, "id": 23}, {"weight": 1, "random_weight": 0.46293413183522647, "id": 28}, {"weight": 2, "random_weight": 0.7518072976576565, "id": 29}, {"weight": 1, "random_weight": 0.37995068733265447, "id": 32}, {"weight": 1, "random_weight": 0.6368711757142361, "id": 38}, {"weight": 2, "random_weight": 0.5659484427582234, "id": 46}], [{"weight": 1, "random_weight": 0.5072330471786364, "id": 20}, {"weight": 2, "random_weight": 0.7225174210455236, "id": 27}, {"weight": 1, "random_weight": 0.8435837302486894, "id": 36}, {"weight": 3, "random_weight": 0.32081888011383697, "id": 37}, {"weight": 1, "random_weight": 0.491438559236548, "id": 39}], [{"weight": 2, "random_weight": 0.10835031330520939, "id": 22}, {"weight": 1, "random_weight": 0.4782817096564178, "id": 23}, {"weight": 1, "random_weight": 0.5775841952247135, "id": 40}, {"weight": 2, "random_weight": 0.900981503875798, "id": 41}, {"weight": 2, "random_weight": 0.3474914891082558, "id": 47}], [{"weight": 3, "random_weight": 0.831677072869401, "id": 10}, {"weight": 1, "random_weight": 0.339555267407491, "id": 20}, {"weight": 1, "random_weight": 0.8435837302486894, "id": 34}, {"weight": 1, "random_weight": 0.5853333436617637, "id": 39}, {"weight": 2, "random_weight": 0.07581855769612256, "id": 44}], [{"weight": 1, "random_weight": 0.7122105918030895, "id": 13}, {"weight": 1, "random_weight": 0.5239355118366495, "id": 24}, {"weight": 3, "random_weight": 0.32081888011383697, "id": 34}, {"weight": 1, "random_weight": 0.6017652775362912, "id": 39}], [{"weight": 1, "random_weight": 0.11214579004675518, "id": 11}, {"weight": 2, "random_weight": 0.735932271908162, "id": 23}, {"weight": 2, "random_weight": 0.26175940368930517, "id": 28}, {"weight": 1, "random_weight": 0.6368711757142361, "id": 33}], [{"weight": 1, "random_weight": 0.0008925353661524138, "id": 3}, {"weight": 3, "random_weight": 0.23392678985900317, "id": 13}, {"weight": 1, "random_weight": 0.491438559236548, "id": 34}, {"weight": 1, "random_weight": 0.5853333436617637, "id": 36}, {"weight": 1, "random_weight": 0.6017652775362912, "id": 37}, {"weight": 1, "random_weight": 0.08666343419083411, "id": 44}], [{"weight": 1, "random_weight": 0.37500298418286926, "id": 4}, {"weight": 1, "random_weight": 0.5775841952247135, "id": 35}, {"weight": 1, "random_weight": 0.7096045898396494, "id": 41}, {"weight": 2, "random_weight": 0.01475243849143959, "id": 43}, {"weight": 2, "random_weight": 0.7410594681204195, "id": 45}, {"weight": 1, "random_weight": 0.8301808539593458, "id": 47}], [{"weight": 1, "random_weight": 0.48028603604450737, "id": 22}, {"weight": 2, "random_weight": 0.5599933545977576, "id": 30}, {"weight": 2, "random_weight": 0.900981503875798, "id": 35}, {"weight": 1, "random_weight": 0.7096045898396494, "id": 40}, {"weight": 2, "random_weight": 0.6233358780222614, "id": 43}], [{"weight": 2, "random_weight": 0.20967880559755236, "id": 5}, {"weight": 2, "random_weight": 0.15948995798226306, "id": 16}, {"weight": 1, "random_weight": 0.4623457001216439, "id": 21}, {"weight": 1, "random_weight": 0.3980058233205661, "id": 30}, {"weight": 2, "random_weight": 0.2774601979126643, "id": 43}], [{"weight": 1, "random_weight": 0.3518090191768487, "id": 4}, {"weight": 1, "random_weight": 0.654968414713646, "id": 5}, {"weight": 2, "random_weight": 0.01475243849143959, "id": 40}, {"weight": 2, "random_weight": 0.6233358780222614, "id": 41}, {"weight": 2, "random_weight": 0.2774601979126643, "id": 42}], [{"weight": 1, "random_weight": 0.48909432877842507, "id": 3}, {"weight": 3, "random_weight": 0.6850745580384784, "id": 31}, {"weight": 1, "random_weight": 0.9493271558480268, "id": 32}, {"weight": 2, "random_weight": 0.07581855769612256, "id": 36}, {"weight": 1, "random_weight": 0.08666343419083411, "id": 39}], [{"weight": 1, "random_weight": 0.8568829883772769, "id": 4}, {"weight": 2, "random_weight": 0.006377532729423319, "id": 9}, {"weight": 2, "random_weight": 0.7410594681204195, "id": 40}, {"weight": 1, "random_weight": 0.6786218453748621, "id": 46}, {"weight": 2, "random_weight": 0.6031027496959422, "id": 47}], [{"weight": 1, "random_weight": 0.3672774667284119, "id": 10}, {"weight": 1, "random_weight": 0.018266295989885495, "id": 23}, {"weight": 1, "random_weight": 0.6380866528998079, "id": 32}, {"weight": 2, "random_weight": 0.5659484427582234, "id": 33}, {"weight": 1, "random_weight": 0.6786218453748621, "id": 45}, {"weight": 2, "random_weight": 0.7479072822926947, "id": 47}], [{"weight": 1, "random_weight": 0.6226439906184684, "id": 23}, {"weight": 2, "random_weight": 0.3474914891082558, "id": 35}, {"weight": 1, "random_weight": 0.8301808539593458, "id": 40}, {"weight": 2, "random_weight": 0.6031027496959422, "id": 45}, {"weight": 2, "random_weight": 0.7479072822926947, "id": 46}]]}