{"directed": false, "multigraph": false, "graph": [], "nodes": [{"graph": null, "nnodes": 3, "nedges": 2, "density": 0.6666666666666666, "atomics": "[138, 139, 140]", "group_pop": 3, "init_part_assignment": 5, "id": 0}, {"graph": null, "nnodes": 3, "nedges": 2, "density": 0.6666666666666666, "atomics": "[8, 9, 10]", "group_pop": 3, "init_part_assignment": 0, "id": 1}, {"graph": null, "nnodes": 3, "nedges": 2, "density": 0.6666666666666666, "atomics": "[11, 22, 23]", "group_pop": 3, "init_part_assignment": 0, "id": 2}, {"graph": null, "nnodes": 3, "nedges": 2, "density": 0.6666666666666666, "atomics": "[89, 77, 78]", "group_pop": 3, "init_part_assignment": 10, "id": 3}, {"graph": null, "nnodes": 3, "nedges": 2, "density": 0.6666666666666666, "atomics": "[88, 100, 101]", "group_pop": 3, "init_part_assignment": 8, "id": 4}, {"graph": null, "nnodes": 3, "nedges": 2, "density": 0.6666666666666666, "atomics": "[113, 125, 126]", "group_pop": 3, "init_part_assignment": 5, "id": 5}, {"graph": null, "nnodes": 3, "nedges": 2, "density": 0.6666666666666666, "atomics": "[129, 130, 131]", "group_pop": 3, "init_part_assignment": 9, "id": 6}, {"graph": null, "nnodes": 3, "nedges": 2, "density": 0.6666666666666666, "atomics": "[106, 107, 119]", "group_pop": 3, "init_part_assignment": 7, "id": 7}, {"graph": null, "nnodes": 3, "nedges": 2, "density": 0.6666666666666666, "atomics": "[141, 142, 143]", "group_pop": 3, "init_part_assignment": 5, "id": 8}, {"graph": null, "nnodes": 3, "nedges": 2, "density": 0.6666666666666666, "atomics": "[65, 66, 53]", "group_pop": 3, "init_part_assignment": 10, "id": 9}, {"graph": null, "nnodes": 3, "nedges": 2, "density": 0.6666666666666666, "atomics": "[80, 67, 79]", "group_pop": 3, "init_part_assignment": 10, "id": 10}, {"graph": null, "nnodes": 3, "nedges": 2, "density": 0.6666666666666666, "atomics": "[42, 54, 30]", "group_pop": 3, "init_part_assignment": 2, "id": 11}, {"graph": null, "nnodes": 3, "nedges": 2, "density": 0.6666666666666666, "atomics": "[0, 1, 2]", "group_pop": 3, "init_part_assignment": 3, "id": 12}, {"graph": null, "nnodes": 3, "nedges": 2, "density": 0.6666666666666666, "atomics": "[34, 35, 47]", "group_pop": 3, "init_part_assignment": 0, "id": 13}, {"graph": null, "nnodes": 3, "nedges": 2, "density": 0.6666666666666666, "atomics": "[128, 115, 127]", "group_pop": 3, "init_part_assignment": 9, "id": 14}, {"graph": null, "nnodes": 3, "nedges": 2, "density": 0.6666666666666666, "atomics": "[132, 133, 134]", "group_pop": 3, "init_part_assignment": 1, "id": 15}, {"graph": null, "nnodes": 3, "nedges": 2, "density": 0.6666666666666666, "atomics": "[104, 105, 93]", "group_pop": 3, "init_part_assignment": 7, "id": 16}, {"graph": null, "nnodes": 3, "nedges": 2, "density": 0.6666666666666666, "atomics": "[116, 117, 118]", "group_pop": 3, "init_part_assignment": 9, "id": 17}, {"graph": null, "nnodes": 3, "nedges": 2, "density": 0.6666666666666666, "atomics": "[91, 92, 103]", "group_pop": 3, "init_part_assignment": 7, "id": 18}, {"graph": null, "nnodes": 3, "nedges": 2, "density": 0.6666666666666666, "atomics": "[136, 137, 135]", "group_pop": 3, "init_part_assignment": 5, "id": 19}, {"graph": null, "nnodes": 3, "nedges": 2, "density": 0.6666666666666666, "atomics": "[72, 48, 60]", "group_pop": 3, "init_part_assignment": 6, "id": 20}, {"graph": null, "nnodes": 3, "nedges": 2, "density": 0.6666666666666666, "atomics": "[114, 90, 102]", "group_pop": 3, "init_part_assignment": 9, "id": 21}, {"graph": null, "nnodes": 3, "nedges": 2, "density": 0.6666666666666666, "atomics": "[16, 3, 4]", "group_pop": 3, "init_part_assignment": 3, "id": 22}, {"graph": null, "nnodes": 3, "nedges": 2, "density": 0.6666666666666666, "atomics": "[5, 6, 7]", "group_pop": 3, "init_part_assignment": 2, "id": 23}, {"graph": null, "nnodes": 3, "nedges": 2, "density": 0.6666666666666666, "atomics": "[81, 69, 57]", "group_pop": 3, "init_part_assignment": 4, "id": 24}, {"graph": null, "nnodes": 3, "nedges": 2, "density": 0.6666666666666666, "atomics": "[26, 14, 15]", "group_pop": 3, "init_part_assignment": 3, "id": 25}, {"graph": null, "nnodes": 3, "nedges": 2, "density": 0.6666666666666666, "atomics": "[120, 108, 109]", "group_pop": 3, "init_part_assignment": 1, "id": 26}, {"graph": null, "nnodes": 3, "nedges": 2, "density": 0.6666666666666666, "atomics": "[121, 122, 110]", "group_pop": 3, "init_part_assignment": 1, "id": 27}, {"graph": null, "nnodes": 3, "nedges": 2, "density": 0.6666666666666666, "atomics": "[19, 43, 31]", "group_pop": 3, "init_part_assignment": 2, "id": 28}, {"graph": null, "nnodes": 3, "nedges": 2, "density": 0.6666666666666666, "atomics": "[17, 18, 29]", "group_pop": 3, "init_part_assignment": 11, "id": 29}, {"graph": null, "nnodes": 3, "nedges": 2, "density": 0.6666666666666666, "atomics": "[27, 28, 39]", "group_pop": 3, "init_part_assignment": 3, "id": 30}, {"graph": null, "nnodes": 3, "nedges": 2, "density": 0.6666666666666666, "atomics": "[83, 94, 95]", "group_pop": 3, "init_part_assignment": 7, "id": 31}, {"graph": null, "nnodes": 3, "nedges": 2, "density": 0.6666666666666666, "atomics": "[82, 70, 71]", "group_pop": 3, "init_part_assignment": 4, "id": 32}, {"graph": null, "nnodes": 3, "nedges": 2, "density": 0.6666666666666666, "atomics": "[73, 61, 49]", "group_pop": 3, "init_part_assignment": 6, "id": 33}, {"graph": null, "nnodes": 3, "nedges": 2, "density": 0.6666666666666666, "atomics": "[56, 68, 55]", "group_pop": 3, "init_part_assignment": 2, "id": 34}, {"graph": null, "nnodes": 3, "nedges": 2, "density": 0.6666666666666666, "atomics": "[58, 59, 46]", "group_pop": 3, "init_part_assignment": 4, "id": 35}, {"graph": null, "nnodes": 3, "nedges": 2, "density": 0.6666666666666666, "atomics": "[24, 36, 12]", "group_pop": 3, "init_part_assignment": 6, "id": 36}, {"graph": null, "nnodes": 3, "nedges": 2, "density": 0.6666666666666666, "atomics": "[25, 37, 13]", "group_pop": 3, "init_part_assignment": 6, "id": 37}, {"graph": null, "nnodes": 3, "nedges": 2, "density": 0.6666666666666666, "atomics": "[33, 20, 21]", "group_pop": 3, "init_part_assignment": 0, "id": 38}, {"graph": null, "nnodes": 3, "nedges": 2, "density": 0.6666666666666666, "atomics": "[32, 44, 45]", "group_pop": 3, "init_part_assignment": 4, "id": 39}, {"graph": null, "nnodes": 3, "nedges": 2, "density": 0.6666666666666666, "atomics": "[74, 75, 62]", "group_pop": 3, "init_part_assignment": 11, "id": 40}, {"graph": null, "nnodes": 3, "nedges": 2, "density": 0.6666666666666666, "atomics": "[85, 86, 87]", "group_pop": 3, "init_part_assignment": 8, "id": 41}, {"graph": null, "nnodes": 3, "nedges": 2, "density": 0.6666666666666666, "atomics": "[112, 123, 124]", "group_pop": 3, "init_part_assignment": 8, "id": 42}, {"graph": null, "nnodes": 3, "nedges": 2, "density": 0.6666666666666666, "atomics": "[96, 97, 84]", "group_pop": 3, "init_part_assignment": 1, "id": 43}, {"graph": null, "nnodes": 3, "nedges": 2, "density": 0.6666666666666666, "atomics": "[98, 99, 111]", "group_pop": 3, "init_part_assignment": 8, "id": 44}, {"graph": null, "nnodes": 3, "nedges": 2, "density": 0.6666666666666666, "atomics": "[50, 51, 38]", "group_pop": 3, "init_part_assignment": 11, "id": 45}, {"graph": null, "nnodes": 3, "nedges": 2, "density": 0.6666666666666666, "atomics": "[64, 76, 63]", "group_pop": 3, "init_part_assignment": 10, "id": 46}, {"graph": null, "nnodes": 3, "nedges": 2, "density": 0.6666666666666666, "atomics": "[40, 41, 52]", "group_pop": 3, "init_part_assignment": 11, "id": 47}], "adjacency": [[{"weight": 1, "random_weight": 0.0047835773102513635, "id": 5}, {"weight": 1, "random_weight": 0.3931797730706158, "id": 8}, {"weight": 2, "random_weight": 0.6980706484822494, "id": 14}, {"weight": 1, "random_weight": 0.3559030553212862, "id": 19}], [{"weight": 2, "random_weight": 0.368055501486676, "id": 2}, {"weight": 1, "random_weight": 0.8114118545754505, "id": 23}, {"weight": 2, "random_weight": 0.541829187135875, "id": 38}], [{"weight": 2, "random_weight": 0.368055501486676, "id": 1}, {"weight": 2, "random_weight": 0.1794886345024791, "id": 13}, {"weight": 1, "random_weight": 0.406192730234304, "id": 38}], [{"weight": 2, "random_weight": 0.9175035543181521, "id": 4}, {"weight": 2, "random_weight": 0.037837922270613, "id": 9}, {"weight": 1, "random_weight": 0.42732803876070113, "id": 10}, {"weight": 2, "random_weight": 0.472216628364551, "id": 21}, {"weight": 1, "random_weight": 0.09509914244286888, "id": 46}], [{"weight": 2, "random_weight": 0.9175035543181521, "id": 3}, {"weight": 1, "random_weight": 0.7922093576393809, "id": 5}, {"weight": 1, "random_weight": 0.7380153920007885, "id": 21}, {"weight": 1, "random_weight": 0.5887161996160384, "id": 41}, {"weight": 1, "random_weight": 0.5670614451769861, "id": 42}, {"weight": 1, "random_weight": 0.48009037298261115, "id": 44}, {"weight": 1, "random_weight": 0.6736519216717016, "id": 46}], [{"weight": 1, "random_weight": 0.0047835773102513635, "id": 0}, {"weight": 1, "random_weight": 0.7922093576393809, "id": 4}, {"weight": 1, "random_weight": 0.8166319415270975, "id": 14}, {"weight": 1, "random_weight": 0.1224737419425842, "id": 19}, {"weight": 2, "random_weight": 0.6833325070295931, "id": 21}, {"weight": 2, "random_weight": 0.09915902718036085, "id": 42}], [{"weight": 1, "random_weight": 0.6182266006617334, "id": 7}, {"weight": 3, "random_weight": 0.9183222985579529, "id": 8}, {"weight": 1, "random_weight": 0.6431828613100153, "id": 14}, {"weight": 2, "random_weight": 0.5192989361485574, "id": 17}], [{"weight": 1, "random_weight": 0.6182266006617334, "id": 6}, {"weight": 1, "random_weight": 0.18184174384061225, "id": 16}, {"weight": 2, "random_weight": 0.81538416946082, "id": 17}, {"weight": 2, "random_weight": 0.842635494826461, "id": 31}], [{"weight": 1, "random_weight": 0.3931797730706158, "id": 0}, {"weight": 3, "random_weight": 0.9183222985579529, "id": 6}], [{"weight": 2, "random_weight": 0.037837922270613, "id": 3}, {"weight": 1, "random_weight": 0.6372496995653377, "id": 10}, {"weight": 2, "random_weight": 0.5675668236351102, "id": 11}, {"weight": 1, "random_weight": 0.9431146160661267, "id": 46}, {"weight": 2, "random_weight": 0.5316191048891192, "id": 47}], [{"weight": 1, "random_weight": 0.42732803876070113, "id": 3}, {"weight": 1, "random_weight": 0.6372496995653377, "id": 9}, {"weight": 2, "random_weight": 0.5132441258027269, "id": 18}, {"weight": 1, "random_weight": 0.7186626954151406, "id": 24}, {"weight": 3, "random_weight": 0.3686563747740449, "id": 34}], [{"weight": 2, "random_weight": 0.5675668236351102, "id": 9}, {"weight": 2, "random_weight": 0.3048062042174955, "id": 28}, {"weight": 2, "random_weight": 0.31545078787886793, "id": 29}, {"weight": 1, "random_weight": 0.20707677128404134, "id": 34}, {"weight": 1, "random_weight": 0.7872446828285004, "id": 47}], [{"weight": 1, "random_weight": 0.33252763390746964, "id": 22}, {"weight": 1, "random_weight": 0.7872786242858628, "id": 25}, {"weight": 1, "random_weight": 0.4282290120174487, "id": 36}, {"weight": 1, "random_weight": 0.8057536075629175, "id": 37}], [{"weight": 2, "random_weight": 0.1794886345024791, "id": 2}, {"weight": 3, "random_weight": 0.6824880012927048, "id": 35}, {"weight": 1, "random_weight": 0.37078426554146093, "id": 38}], [{"weight": 2, "random_weight": 0.6980706484822494, "id": 0}, {"weight": 1, "random_weight": 0.8166319415270975, "id": 5}, {"weight": 1, "random_weight": 0.6431828613100153, "id": 6}, {"weight": 2, "random_weight": 0.2462499742986295, "id": 17}, {"weight": 1, "random_weight": 0.4601011117446996, "id": 18}, {"weight": 1, "random_weight": 0.8983467514222732, "id": 21}], [{"weight": 1, "random_weight": 0.38648446769247313, "id": 19}, {"weight": 1, "random_weight": 0.5201373460136028, "id": 26}, {"weight": 2, "random_weight": 0.3833735632334575, "id": 27}], [{"weight": 1, "random_weight": 0.18184174384061225, "id": 7}, {"weight": 2, "random_weight": 0.6397014048554761, "id": 17}, {"weight": 3, "random_weight": 0.5120217978851072, "id": 18}, {"weight": 1, "random_weight": 0.5776092252515279, "id": 24}, {"weight": 1, "random_weight": 0.9203844612504046, "id": 31}], [{"weight": 2, "random_weight": 0.5192989361485574, "id": 6}, {"weight": 2, "random_weight": 0.81538416946082, "id": 7}, {"weight": 2, "random_weight": 0.2462499742986295, "id": 14}, {"weight": 2, "random_weight": 0.6397014048554761, "id": 16}], [{"weight": 2, "random_weight": 0.5132441258027269, "id": 10}, {"weight": 1, "random_weight": 0.4601011117446996, "id": 14}, {"weight": 3, "random_weight": 0.5120217978851072, "id": 16}, {"weight": 2, "random_weight": 0.5955804180356608, "id": 21}], [{"weight": 1, "random_weight": 0.3559030553212862, "id": 0}, {"weight": 1, "random_weight": 0.1224737419425842, "id": 5}, {"weight": 1, "random_weight": 0.38648446769247313, "id": 15}, {"weight": 2, "random_weight": 0.8396765525473628, "id": 42}], [{"weight": 3, "random_weight": 0.7809540674384484, "id": 33}, {"weight": 1, "random_weight": 0.5129648363112658, "id": 36}, {"weight": 1, "random_weight": 0.7339058145133194, "id": 43}], [{"weight": 2, "random_weight": 0.472216628364551, "id": 3}, {"weight": 1, "random_weight": 0.7380153920007885, "id": 4}, {"weight": 2, "random_weight": 0.6833325070295931, "id": 5}, {"weight": 1, "random_weight": 0.8983467514222732, "id": 14}, {"weight": 2, "random_weight": 0.5955804180356608, "id": 18}], [{"weight": 1, "random_weight": 0.33252763390746964, "id": 12}, {"weight": 1, "random_weight": 0.1194374244857489, "id": 23}, {"weight": 2, "random_weight": 0.07787833955282264, "id": 25}, {"weight": 1, "random_weight": 0.620802904473451, "id": 29}, {"weight": 1, "random_weight": 0.13029281361647005, "id": 30}], [{"weight": 1, "random_weight": 0.8114118545754505, "id": 1}, {"weight": 1, "random_weight": 0.1194374244857489, "id": 22}, {"weight": 1, "random_weight": 0.0857537779880051, "id": 28}, {"weight": 2, "random_weight": 0.40792044683854956, "id": 29}], [{"weight": 1, "random_weight": 0.7186626954151406, "id": 10}, {"weight": 1, "random_weight": 0.5776092252515279, "id": 16}, {"weight": 2, "random_weight": 0.5479161913819536, "id": 32}, {"weight": 2, "random_weight": 0.7518716974720651, "id": 34}, {"weight": 1, "random_weight": 0.04239659990036804, "id": 35}, {"weight": 1, "random_weight": 0.9193309556611113, "id": 39}], [{"weight": 1, "random_weight": 0.7872786242858628, "id": 12}, {"weight": 2, "random_weight": 0.07787833955282264, "id": 22}, {"weight": 2, "random_weight": 0.9521780714961426, "id": 30}, {"weight": 2, "random_weight": 0.7183022898360046, "id": 37}, {"weight": 1, "random_weight": 0.4296623950945978, "id": 45}], [{"weight": 1, "random_weight": 0.5201373460136028, "id": 15}, {"weight": 3, "random_weight": 0.7360955899723326, "id": 27}, {"weight": 2, "random_weight": 0.4053969421671473, "id": 43}], [{"weight": 2, "random_weight": 0.3833735632334575, "id": 15}, {"weight": 3, "random_weight": 0.7360955899723326, "id": 26}, {"weight": 1, "random_weight": 0.5558071836658321, "id": 42}, {"weight": 2, "random_weight": 0.17404442508208418, "id": 44}], [{"weight": 2, "random_weight": 0.3048062042174955, "id": 11}, {"weight": 1, "random_weight": 0.0857537779880051, "id": 23}, {"weight": 1, "random_weight": 0.46468654130593456, "id": 29}, {"weight": 1, "random_weight": 0.6486287397919394, "id": 34}, {"weight": 1, "random_weight": 0.14171814933088234, "id": 38}, {"weight": 2, "random_weight": 0.9328255062616788, "id": 39}], [{"weight": 2, "random_weight": 0.31545078787886793, "id": 11}, {"weight": 1, "random_weight": 0.620802904473451, "id": 22}, {"weight": 2, "random_weight": 0.40792044683854956, "id": 23}, {"weight": 1, "random_weight": 0.46468654130593456, "id": 28}, {"weight": 1, "random_weight": 0.941766440328118, "id": 30}, {"weight": 1, "random_weight": 0.3759928106428888, "id": 47}], [{"weight": 1, "random_weight": 0.13029281361647005, "id": 22}, {"weight": 2, "random_weight": 0.9521780714961426, "id": 25}, {"weight": 1, "random_weight": 0.941766440328118, "id": 29}, {"weight": 2, "random_weight": 0.21741265458212256, "id": 45}, {"weight": 2, "random_weight": 0.7794263607245642, "id": 47}], [{"weight": 2, "random_weight": 0.842635494826461, "id": 7}, {"weight": 1, "random_weight": 0.9203844612504046, "id": 16}, {"weight": 3, "random_weight": 0.5188596289554049, "id": 32}], [{"weight": 2, "random_weight": 0.5479161913819536, "id": 24}, {"weight": 3, "random_weight": 0.5188596289554049, "id": 31}, {"weight": 2, "random_weight": 0.8038415095974827, "id": 35}], [{"weight": 3, "random_weight": 0.7809540674384484, "id": 20}, {"weight": 1, "random_weight": 0.914026104886574, "id": 37}, {"weight": 2, "random_weight": 0.45333451708984196, "id": 40}, {"weight": 1, "random_weight": 0.43559751140142466, "id": 41}, {"weight": 1, "random_weight": 0.10483945920704751, "id": 45}], [{"weight": 3, "random_weight": 0.3686563747740449, "id": 10}, {"weight": 1, "random_weight": 0.20707677128404134, "id": 11}, {"weight": 2, "random_weight": 0.7518716974720651, "id": 24}, {"weight": 1, "random_weight": 0.6486287397919394, "id": 28}, {"weight": 1, "random_weight": 0.7185519319707057, "id": 39}], [{"weight": 3, "random_weight": 0.6824880012927048, "id": 13}, {"weight": 1, "random_weight": 0.04239659990036804, "id": 24}, {"weight": 2, "random_weight": 0.8038415095974827, "id": 32}, {"weight": 1, "random_weight": 0.1152126871588921, "id": 39}], [{"weight": 1, "random_weight": 0.4282290120174487, "id": 12}, {"weight": 1, "random_weight": 0.5129648363112658, "id": 20}, {"weight": 3, "random_weight": 0.8310370530227638, "id": 37}], [{"weight": 1, "random_weight": 0.8057536075629175, "id": 12}, {"weight": 2, "random_weight": 0.7183022898360046, "id": 25}, {"weight": 1, "random_weight": 0.914026104886574, "id": 33}, {"weight": 3, "random_weight": 0.8310370530227638, "id": 36}, {"weight": 1, "random_weight": 0.9008679653528681, "id": 45}], [{"weight": 2, "random_weight": 0.541829187135875, "id": 1}, {"weight": 1, "random_weight": 0.406192730234304, "id": 2}, {"weight": 1, "random_weight": 0.37078426554146093, "id": 13}, {"weight": 1, "random_weight": 0.14171814933088234, "id": 28}, {"weight": 3, "random_weight": 0.09667787115743698, "id": 39}], [{"weight": 1, "random_weight": 0.9193309556611113, "id": 24}, {"weight": 2, "random_weight": 0.9328255062616788, "id": 28}, {"weight": 1, "random_weight": 0.7185519319707057, "id": 34}, {"weight": 1, "random_weight": 0.1152126871588921, "id": 35}, {"weight": 3, "random_weight": 0.09667787115743698, "id": 38}], [{"weight": 2, "random_weight": 0.45333451708984196, "id": 33}, {"weight": 2, "random_weight": 0.10649672493337647, "id": 41}, {"weight": 1, "random_weight": 0.05550408242064353, "id": 45}, {"weight": 3, "random_weight": 0.48668036532466763, "id": 46}], [{"weight": 1, "random_weight": 0.5887161996160384, "id": 4}, {"weight": 1, "random_weight": 0.43559751140142466, "id": 33}, {"weight": 2, "random_weight": 0.10649672493337647, "id": 40}, {"weight": 2, "random_weight": 0.5598460691608239, "id": 43}, {"weight": 2, "random_weight": 0.31841966841056735, "id": 44}], [{"weight": 1, "random_weight": 0.5670614451769861, "id": 4}, {"weight": 2, "random_weight": 0.09915902718036085, "id": 5}, {"weight": 2, "random_weight": 0.8396765525473628, "id": 19}, {"weight": 1, "random_weight": 0.5558071836658321, "id": 27}, {"weight": 2, "random_weight": 0.725801661510456, "id": 44}], [{"weight": 1, "random_weight": 0.7339058145133194, "id": 20}, {"weight": 2, "random_weight": 0.4053969421671473, "id": 26}, {"weight": 2, "random_weight": 0.5598460691608239, "id": 41}, {"weight": 1, "random_weight": 0.7985113281463904, "id": 44}], [{"weight": 1, "random_weight": 0.48009037298261115, "id": 4}, {"weight": 2, "random_weight": 0.17404442508208418, "id": 27}, {"weight": 2, "random_weight": 0.31841966841056735, "id": 41}, {"weight": 2, "random_weight": 0.725801661510456, "id": 42}, {"weight": 1, "random_weight": 0.7985113281463904, "id": 43}], [{"weight": 1, "random_weight": 0.4296623950945978, "id": 25}, {"weight": 2, "random_weight": 0.21741265458212256, "id": 30}, {"weight": 1, "random_weight": 0.10483945920704751, "id": 33}, {"weight": 1, "random_weight": 0.9008679653528681, "id": 37}, {"weight": 1, "random_weight": 0.05550408242064353, "id": 40}, {"weight": 1, "random_weight": 0.2614612195987026, "id": 46}, {"weight": 1, "random_weight": 0.1717765106965664, "id": 47}], [{"weight": 1, "random_weight": 0.09509914244286888, "id": 3}, {"weight": 1, "random_weight": 0.6736519216717016, "id": 4}, {"weight": 1, "random_weight": 0.9431146160661267, "id": 9}, {"weight": 3, "random_weight": 0.48668036532466763, "id": 40}, {"weight": 1, "random_weight": 0.2614612195987026, "id": 45}, {"weight": 1, "random_weight": 0.2776423704235308, "id": 47}], [{"weight": 2, "random_weight": 0.5316191048891192, "id": 9}, {"weight": 1, "random_weight": 0.7872446828285004, "id": 11}, {"weight": 1, "random_weight": 0.3759928106428888, "id": 29}, {"weight": 2, "random_weight": 0.7794263607245642, "id": 30}, {"weight": 1, "random_weight": 0.1717765106965664, "id": 45}, {"weight": 1, "random_weight": 0.2776423704235308, "id": 46}]]}