{"directed": false, "multigraph": false, "graph": [], "nodes": [{"graph": null, "nnodes": 3, "nedges": 2, "density": 0.6666666666666666, "atomics": "[138, 139, 127]", "group_pop": 3, "init_part_assignment": 9, "id": 0}, {"graph": null, "nnodes": 3, "nedges": 2, "density": 0.6666666666666666, "atomics": "[128, 140, 116]", "group_pop": 3, "init_part_assignment": 9, "id": 1}, {"graph": null, "nnodes": 3, "nedges": 2, "density": 0.6666666666666666, "atomics": "[10, 11, 22]", "group_pop": 3, "init_part_assignment": 8, "id": 2}, {"graph": null, "nnodes": 3, "nedges": 2, "density": 0.6666666666666666, "atomics": "[34, 35, 23]", "group_pop": 3, "init_part_assignment": 8, "id": 3}, {"graph": null, "nnodes": 3, "nedges": 2, "density": 0.6666666666666666, "atomics": "[88, 89, 76]", "group_pop": 3, "init_part_assignment": 3, "id": 4}, {"graph": null, "nnodes": 3, "nedges": 2, "density": 0.6666666666666666, "atomics": "[100, 101, 102]", "group_pop": 3, "init_part_assignment": 7, "id": 5}, {"graph": null, "nnodes": 3, "nedges": 2, "density": 0.6666666666666666, "atomics": "[112, 113, 111]", "group_pop": 3, "init_part_assignment": 7, "id": 6}, {"graph": null, "nnodes": 3, "nedges": 2, "density": 0.6666666666666666, "atomics": "[131, 142, 143]", "group_pop": 3, "init_part_assignment": 0, "id": 7}, {"graph": null, "nnodes": 3, "nedges": 2, "density": 0.6666666666666666, "atomics": "[107, 119, 95]", "group_pop": 3, "init_part_assignment": 0, "id": 8}, {"graph": null, "nnodes": 3, "nedges": 2, "density": 0.6666666666666666, "atomics": "[129, 117, 141]", "group_pop": 3, "init_part_assignment": 0, "id": 9}, {"graph": null, "nnodes": 3, "nedges": 2, "density": 0.6666666666666666, "atomics": "[66, 67, 54]", "group_pop": 3, "init_part_assignment": 10, "id": 10}, {"graph": null, "nnodes": 3, "nedges": 2, "density": 0.6666666666666666, "atomics": "[0, 1, 2]", "group_pop": 3, "init_part_assignment": 1, "id": 11}, {"graph": null, "nnodes": 3, "nedges": 2, "density": 0.6666666666666666, "atomics": "[45, 46, 47]", "group_pop": 3, "init_part_assignment": 8, "id": 12}, {"graph": null, "nnodes": 3, "nedges": 2, "density": 0.6666666666666666, "atomics": "[104, 115, 103]", "group_pop": 3, "init_part_assignment": 9, "id": 13}, {"graph": null, "nnodes": 3, "nedges": 2, "density": 0.6666666666666666, "atomics": "[132, 133, 134]", "group_pop": 3, "init_part_assignment": 6, "id": 14}, {"graph": null, "nnodes": 3, "nedges": 2, "density": 0.6666666666666666, "atomics": "[91, 92, 79]", "group_pop": 3, "init_part_assignment": 11, "id": 15}, {"graph": null, "nnodes": 3, "nedges": 2, "density": 0.6666666666666666, "atomics": "[136, 137, 124]", "group_pop": 3, "init_part_assignment": 6, "id": 16}, {"graph": null, "nnodes": 3, "nedges": 2, "density": 0.6666666666666666, "atomics": "[122, 123, 135]", "group_pop": 3, "init_part_assignment": 6, "id": 17}, {"graph": null, "nnodes": 3, "nedges": 2, "density": 0.6666666666666666, "atomics": "[130, 118, 106]", "group_pop": 3, "init_part_assignment": 0, "id": 18}, {"graph": null, "nnodes": 3, "nedges": 2, "density": 0.6666666666666666, "atomics": "[72, 48, 60]", "group_pop": 3, "init_part_assignment": 1, "id": 19}, {"graph": null, "nnodes": 3, "nedges": 2, "density": 0.6666666666666666, "atomics": "[105, 93, 94]", "group_pop": 3, "init_part_assignment": 9, "id": 20}, {"graph": null, "nnodes": 3, "nedges": 2, "density": 0.6666666666666666, "atomics": "[114, 125, 126]", "group_pop": 3, "init_part_assignment": 7, "id": 21}, {"graph": null, "nnodes": 3, "nedges": 2, "density": 0.6666666666666666, "atomics": "[90, 77, 78]", "group_pop": 3, "init_part_assignment": 11, "id": 22}, {"graph": null, "nnodes": 3, "nedges": 2, "density": 0.6666666666666666, "atomics": "[16, 3, 4]", "group_pop": 3, "init_part_assignment": 2, "id": 23}, {"graph": null, "nnodes": 3, "nedges": 2, "density": 0.6666666666666666, "atomics": "[17, 5, 6]", "group_pop": 3, "init_part_assignment": 2, "id": 24}, {"graph": null, "nnodes": 3, "nedges": 2, "density": 0.6666666666666666, "atomics": "[80, 81, 68]", "group_pop": 3, "init_part_assignment": 5, "id": 25}, {"graph": null, "nnodes": 3, "nedges": 2, "density": 0.6666666666666666, "atomics": "[13, 14, 15]", "group_pop": 3, "init_part_assignment": 2, "id": 26}, {"graph": null, "nnodes": 3, "nedges": 2, "density": 0.6666666666666666, "atomics": "[120, 121, 109]", "group_pop": 3, "init_part_assignment": 6, "id": 27}, {"graph": null, "nnodes": 3, "nedges": 2, "density": 0.6666666666666666, "atomics": "[19, 20, 21]", "group_pop": 3, "init_part_assignment": 10, "id": 28}, {"graph": null, "nnodes": 3, "nedges": 2, "density": 0.6666666666666666, "atomics": "[8, 9, 7]", "group_pop": 3, "init_part_assignment": 2, "id": 29}, {"graph": null, "nnodes": 3, "nedges": 2, "density": 0.6666666666666666, "atomics": "[18, 30, 31]", "group_pop": 3, "init_part_assignment": 10, "id": 30}, {"graph": null, "nnodes": 3, "nedges": 2, "density": 0.6666666666666666, "atomics": "[40, 28, 29]", "group_pop": 3, "init_part_assignment": 4, "id": 31}, {"graph": null, "nnodes": 3, "nedges": 2, "density": 0.6666666666666666, "atomics": "[25, 26, 27]", "group_pop": 3, "init_part_assignment": 4, "id": 32}, {"graph": null, "nnodes": 3, "nedges": 2, "density": 0.6666666666666666, "atomics": "[51, 52, 39]", "group_pop": 3, "init_part_assignment": 4, "id": 33}, {"graph": null, "nnodes": 3, "nedges": 2, "density": 0.6666666666666666, "atomics": "[82, 83, 71]", "group_pop": 3, "init_part_assignment": 5, "id": 34}, {"graph": null, "nnodes": 3, "nedges": 2, "density": 0.6666666666666666, "atomics": "[58, 59, 70]", "group_pop": 3, "init_part_assignment": 5, "id": 35}, {"graph": null, "nnodes": 3, "nedges": 2, "density": 0.6666666666666666, "atomics": "[73, 85, 97]", "group_pop": 3, "init_part_assignment": 3, "id": 36}, {"graph": null, "nnodes": 3, "nedges": 2, "density": 0.6666666666666666, "atomics": "[49, 61, 62]", "group_pop": 3, "init_part_assignment": 1, "id": 37}, {"graph": null, "nnodes": 3, "nedges": 2, "density": 0.6666666666666666, "atomics": "[56, 57, 69]", "group_pop": 3, "init_part_assignment": 5, "id": 38}, {"graph": null, "nnodes": 3, "nedges": 2, "density": 0.6666666666666666, "atomics": "[24, 36, 12]", "group_pop": 3, "init_part_assignment": 1, "id": 39}, {"graph": null, "nnodes": 3, "nedges": 2, "density": 0.6666666666666666, "atomics": "[50, 37, 38]", "group_pop": 3, "init_part_assignment": 4, "id": 40}, {"graph": null, "nnodes": 3, "nedges": 2, "density": 0.6666666666666666, "atomics": "[32, 33, 44]", "group_pop": 3, "init_part_assignment": 8, "id": 41}, {"graph": null, "nnodes": 3, "nedges": 2, "density": 0.6666666666666666, "atomics": "[42, 43, 55]", "group_pop": 3, "init_part_assignment": 10, "id": 42}, {"graph": null, "nnodes": 3, "nedges": 2, "density": 0.6666666666666666, "atomics": "[74, 86, 87]", "group_pop": 3, "init_part_assignment": 3, "id": 43}, {"graph": null, "nnodes": 3, "nedges": 2, "density": 0.6666666666666666, "atomics": "[64, 75, 63]", "group_pop": 3, "init_part_assignment": 11, "id": 44}, {"graph": null, "nnodes": 3, "nedges": 2, "density": 0.6666666666666666, "atomics": "[96, 108, 84]", "group_pop": 3, "init_part_assignment": 3, "id": 45}, {"graph": null, "nnodes": 3, "nedges": 2, "density": 0.6666666666666666, "atomics": "[98, 99, 110]", "group_pop": 3, "init_part_assignment": 7, "id": 46}, {"graph": null, "nnodes": 3, "nedges": 2, "density": 0.6666666666666666, "atomics": "[65, 53, 41]", "group_pop": 3, "init_part_assignment": 11, "id": 47}], "adjacency": [[{"weight": 2, "random_weight": 0.833030569528827, "id": 1}, {"weight": 1, "random_weight": 0.3791533560778265, "id": 13}, {"weight": 1, "random_weight": 0.868562755326988, "id": 16}, {"weight": 2, "random_weight": 0.4125468179269778, "id": 21}], [{"weight": 2, "random_weight": 0.833030569528827, "id": 0}, {"weight": 3, "random_weight": 0.7925799401753809, "id": 9}, {"weight": 2, "random_weight": 0.5626817866046852, "id": 13}], [{"weight": 3, "random_weight": 0.19022637053255742, "id": 3}, {"weight": 1, "random_weight": 0.9126738956183098, "id": 28}, {"weight": 1, "random_weight": 0.9860714908578512, "id": 29}], [{"weight": 3, "random_weight": 0.19022637053255742, "id": 2}, {"weight": 2, "random_weight": 0.7655507967057947, "id": 12}, {"weight": 1, "random_weight": 0.5110891173347111, "id": 41}], [{"weight": 2, "random_weight": 0.8212299316099293, "id": 5}, {"weight": 3, "random_weight": 0.6331768833102565, "id": 22}, {"weight": 1, "random_weight": 0.17631469043481507, "id": 43}, {"weight": 2, "random_weight": 0.8538764027770308, "id": 44}], [{"weight": 2, "random_weight": 0.8212299316099293, "id": 4}, {"weight": 2, "random_weight": 0.8261442579809504, "id": 6}, {"weight": 1, "random_weight": 0.9281578981497444, "id": 13}, {"weight": 1, "random_weight": 0.4320267086478694, "id": 21}, {"weight": 1, "random_weight": 0.9929812474121346, "id": 22}, {"weight": 1, "random_weight": 0.026422444052199734, "id": 46}], [{"weight": 2, "random_weight": 0.8261442579809504, "id": 5}, {"weight": 1, "random_weight": 0.40929839893029973, "id": 16}, {"weight": 1, "random_weight": 0.7680947982253901, "id": 17}, {"weight": 2, "random_weight": 0.2688523783688085, "id": 21}, {"weight": 2, "random_weight": 0.3899519763597087, "id": 46}], [{"weight": 1, "random_weight": 0.9825288449704396, "id": 8}, {"weight": 1, "random_weight": 0.5787882269879989, "id": 9}, {"weight": 2, "random_weight": 0.6962370127214477, "id": 18}], [{"weight": 1, "random_weight": 0.9825288449704396, "id": 7}, {"weight": 2, "random_weight": 0.469640394386874, "id": 18}, {"weight": 1, "random_weight": 0.9114338993689745, "id": 20}, {"weight": 1, "random_weight": 0.08820334867272628, "id": 34}], [{"weight": 3, "random_weight": 0.7925799401753809, "id": 1}, {"weight": 1, "random_weight": 0.5787882269879989, "id": 7}, {"weight": 2, "random_weight": 0.012330316025497612, "id": 18}, {"weight": 1, "random_weight": 0.8957387681786196, "id": 20}], [{"weight": 1, "random_weight": 0.11317376268874102, "id": 15}, {"weight": 1, "random_weight": 0.17974335697339716, "id": 22}, {"weight": 1, "random_weight": 0.9276243851088769, "id": 25}, {"weight": 3, "random_weight": 0.5343829405034444, "id": 42}, {"weight": 2, "random_weight": 0.7710657454179279, "id": 47}], [{"weight": 1, "random_weight": 0.7839662705356624, "id": 23}, {"weight": 2, "random_weight": 0.7434975411019752, "id": 26}, {"weight": 1, "random_weight": 0.1025054242864254, "id": 39}], [{"weight": 2, "random_weight": 0.7655507967057947, "id": 3}, {"weight": 2, "random_weight": 0.6930496488476574, "id": 35}, {"weight": 1, "random_weight": 0.9302950701419569, "id": 38}, {"weight": 2, "random_weight": 0.4860341135214086, "id": 41}], [{"weight": 1, "random_weight": 0.3791533560778265, "id": 0}, {"weight": 2, "random_weight": 0.5626817866046852, "id": 1}, {"weight": 1, "random_weight": 0.9281578981497444, "id": 5}, {"weight": 2, "random_weight": 0.9107521931201012, "id": 15}, {"weight": 1, "random_weight": 0.892162111654134, "id": 20}, {"weight": 1, "random_weight": 0.016172567352765177, "id": 21}], [{"weight": 2, "random_weight": 0.054878479540777736, "id": 17}, {"weight": 2, "random_weight": 0.11896342809624638, "id": 27}], [{"weight": 1, "random_weight": 0.11317376268874102, "id": 10}, {"weight": 2, "random_weight": 0.9107521931201012, "id": 13}, {"weight": 1, "random_weight": 0.19632623365793034, "id": 20}, {"weight": 2, "random_weight": 0.04713252786915356, "id": 22}, {"weight": 2, "random_weight": 0.7256628563601777, "id": 25}], [{"weight": 1, "random_weight": 0.868562755326988, "id": 0}, {"weight": 1, "random_weight": 0.40929839893029973, "id": 6}, {"weight": 2, "random_weight": 0.4536945607564692, "id": 17}, {"weight": 2, "random_weight": 0.7208256773118911, "id": 21}], [{"weight": 1, "random_weight": 0.7680947982253901, "id": 6}, {"weight": 2, "random_weight": 0.054878479540777736, "id": 14}, {"weight": 2, "random_weight": 0.4536945607564692, "id": 16}, {"weight": 1, "random_weight": 0.0928713167681795, "id": 27}, {"weight": 1, "random_weight": 0.6331993247790655, "id": 46}], [{"weight": 2, "random_weight": 0.6962370127214477, "id": 7}, {"weight": 2, "random_weight": 0.469640394386874, "id": 8}, {"weight": 2, "random_weight": 0.012330316025497612, "id": 9}, {"weight": 2, "random_weight": 0.7928905247415754, "id": 20}], [{"weight": 1, "random_weight": 0.5481939482336284, "id": 36}, {"weight": 2, "random_weight": 0.24551840113652523, "id": 37}, {"weight": 1, "random_weight": 0.027465337650953825, "id": 39}, {"weight": 1, "random_weight": 0.8841678657468367, "id": 45}], [{"weight": 1, "random_weight": 0.9114338993689745, "id": 8}, {"weight": 1, "random_weight": 0.8957387681786196, "id": 9}, {"weight": 1, "random_weight": 0.892162111654134, "id": 13}, {"weight": 1, "random_weight": 0.19632623365793034, "id": 15}, {"weight": 2, "random_weight": 0.7928905247415754, "id": 18}, {"weight": 1, "random_weight": 0.3756199507407494, "id": 25}, {"weight": 1, "random_weight": 0.3534810560171654, "id": 34}], [{"weight": 2, "random_weight": 0.4125468179269778, "id": 0}, {"weight": 1, "random_weight": 0.4320267086478694, "id": 5}, {"weight": 2, "random_weight": 0.2688523783688085, "id": 6}, {"weight": 1, "random_weight": 0.016172567352765177, "id": 13}, {"weight": 2, "random_weight": 0.7208256773118911, "id": 16}], [{"weight": 3, "random_weight": 0.6331768833102565, "id": 4}, {"weight": 1, "random_weight": 0.9929812474121346, "id": 5}, {"weight": 1, "random_weight": 0.17974335697339716, "id": 10}, {"weight": 2, "random_weight": 0.04713252786915356, "id": 15}, {"weight": 1, "random_weight": 0.6326297820938016, "id": 47}], [{"weight": 1, "random_weight": 0.7839662705356624, "id": 11}, {"weight": 2, "random_weight": 0.0636306629290051, "id": 24}, {"weight": 2, "random_weight": 0.06836742621508318, "id": 26}, {"weight": 1, "random_weight": 0.7720380689052972, "id": 31}], [{"weight": 2, "random_weight": 0.0636306629290051, "id": 23}, {"weight": 1, "random_weight": 0.400480387260861, "id": 29}, {"weight": 2, "random_weight": 0.8371497148904017, "id": 30}, {"weight": 1, "random_weight": 0.8203205616977498, "id": 31}], [{"weight": 1, "random_weight": 0.9276243851088769, "id": 10}, {"weight": 2, "random_weight": 0.7256628563601777, "id": 15}, {"weight": 1, "random_weight": 0.3756199507407494, "id": 20}, {"weight": 1, "random_weight": 0.11609405003494921, "id": 34}, {"weight": 3, "random_weight": 0.6558625584639268, "id": 38}], [{"weight": 2, "random_weight": 0.7434975411019752, "id": 11}, {"weight": 2, "random_weight": 0.06836742621508318, "id": 23}, {"weight": 3, "random_weight": 0.7800432452820906, "id": 32}, {"weight": 1, "random_weight": 0.8376969919646711, "id": 39}], [{"weight": 2, "random_weight": 0.11896342809624638, "id": 14}, {"weight": 1, "random_weight": 0.0928713167681795, "id": 17}, {"weight": 1, "random_weight": 0.7067788581145528, "id": 36}, {"weight": 2, "random_weight": 0.5588636834747239, "id": 45}, {"weight": 1, "random_weight": 0.7459950873491811, "id": 46}], [{"weight": 1, "random_weight": 0.9126738956183098, "id": 2}, {"weight": 3, "random_weight": 0.2582502809926571, "id": 29}, {"weight": 2, "random_weight": 0.7541238217910621, "id": 30}, {"weight": 2, "random_weight": 0.9327833144099211, "id": 41}], [{"weight": 1, "random_weight": 0.9860714908578512, "id": 2}, {"weight": 1, "random_weight": 0.400480387260861, "id": 24}, {"weight": 3, "random_weight": 0.2582502809926571, "id": 28}], [{"weight": 2, "random_weight": 0.8371497148904017, "id": 24}, {"weight": 2, "random_weight": 0.7541238217910621, "id": 28}, {"weight": 1, "random_weight": 0.008172701289249962, "id": 31}, {"weight": 1, "random_weight": 0.0653152550809385, "id": 41}, {"weight": 2, "random_weight": 0.1547939574404288, "id": 42}], [{"weight": 1, "random_weight": 0.7720380689052972, "id": 23}, {"weight": 1, "random_weight": 0.8203205616977498, "id": 24}, {"weight": 1, "random_weight": 0.008172701289249962, "id": 30}, {"weight": 1, "random_weight": 0.3609748915087755, "id": 32}, {"weight": 2, "random_weight": 0.16874671685956688, "id": 33}, {"weight": 2, "random_weight": 0.854180990936611, "id": 47}], [{"weight": 3, "random_weight": 0.7800432452820906, "id": 26}, {"weight": 1, "random_weight": 0.3609748915087755, "id": 31}, {"weight": 1, "random_weight": 0.09422058915499121, "id": 33}, {"weight": 1, "random_weight": 0.4182106701596682, "id": 39}, {"weight": 2, "random_weight": 0.7726446439711221, "id": 40}], [{"weight": 2, "random_weight": 0.16874671685956688, "id": 31}, {"weight": 1, "random_weight": 0.09422058915499121, "id": 32}, {"weight": 2, "random_weight": 0.6726246060525104, "id": 40}, {"weight": 2, "random_weight": 0.9521416023399182, "id": 44}, {"weight": 1, "random_weight": 0.46919180513812675, "id": 47}], [{"weight": 1, "random_weight": 0.08820334867272628, "id": 8}, {"weight": 1, "random_weight": 0.3534810560171654, "id": 20}, {"weight": 1, "random_weight": 0.11609405003494921, "id": 25}, {"weight": 3, "random_weight": 0.9052353266474983, "id": 35}], [{"weight": 2, "random_weight": 0.6930496488476574, "id": 12}, {"weight": 3, "random_weight": 0.9052353266474983, "id": 34}, {"weight": 2, "random_weight": 0.47424770695011276, "id": 38}], [{"weight": 1, "random_weight": 0.5481939482336284, "id": 19}, {"weight": 1, "random_weight": 0.7067788581145528, "id": 27}, {"weight": 1, "random_weight": 0.5446360501561054, "id": 37}, {"weight": 2, "random_weight": 0.2673040281831617, "id": 43}, {"weight": 2, "random_weight": 0.5334160560549581, "id": 45}, {"weight": 1, "random_weight": 0.32494979806386726, "id": 46}], [{"weight": 2, "random_weight": 0.24551840113652523, "id": 19}, {"weight": 1, "random_weight": 0.5446360501561054, "id": 36}, {"weight": 3, "random_weight": 0.4301491790005878, "id": 40}, {"weight": 1, "random_weight": 0.7224885404747499, "id": 43}, {"weight": 1, "random_weight": 0.04304048843235597, "id": 44}], [{"weight": 1, "random_weight": 0.9302950701419569, "id": 12}, {"weight": 3, "random_weight": 0.6558625584639268, "id": 25}, {"weight": 2, "random_weight": 0.47424770695011276, "id": 35}, {"weight": 1, "random_weight": 0.7263705835148238, "id": 41}, {"weight": 1, "random_weight": 0.8328739760454033, "id": 42}], [{"weight": 1, "random_weight": 0.1025054242864254, "id": 11}, {"weight": 1, "random_weight": 0.027465337650953825, "id": 19}, {"weight": 1, "random_weight": 0.8376969919646711, "id": 26}, {"weight": 1, "random_weight": 0.4182106701596682, "id": 32}, {"weight": 1, "random_weight": 0.8180850093986378, "id": 40}], [{"weight": 2, "random_weight": 0.7726446439711221, "id": 32}, {"weight": 2, "random_weight": 0.6726246060525104, "id": 33}, {"weight": 3, "random_weight": 0.4301491790005878, "id": 37}, {"weight": 1, "random_weight": 0.8180850093986378, "id": 39}], [{"weight": 1, "random_weight": 0.5110891173347111, "id": 3}, {"weight": 2, "random_weight": 0.4860341135214086, "id": 12}, {"weight": 2, "random_weight": 0.9327833144099211, "id": 28}, {"weight": 1, "random_weight": 0.0653152550809385, "id": 30}, {"weight": 1, "random_weight": 0.7263705835148238, "id": 38}, {"weight": 1, "random_weight": 0.47593257809993517, "id": 42}], [{"weight": 3, "random_weight": 0.5343829405034444, "id": 10}, {"weight": 2, "random_weight": 0.1547939574404288, "id": 30}, {"weight": 1, "random_weight": 0.8328739760454033, "id": 38}, {"weight": 1, "random_weight": 0.47593257809993517, "id": 41}, {"weight": 1, "random_weight": 0.9388502320174206, "id": 47}], [{"weight": 1, "random_weight": 0.17631469043481507, "id": 4}, {"weight": 2, "random_weight": 0.2673040281831617, "id": 36}, {"weight": 1, "random_weight": 0.7224885404747499, "id": 37}, {"weight": 2, "random_weight": 0.6934899903456984, "id": 44}, {"weight": 2, "random_weight": 0.1659928482992058, "id": 46}], [{"weight": 2, "random_weight": 0.8538764027770308, "id": 4}, {"weight": 2, "random_weight": 0.9521416023399182, "id": 33}, {"weight": 1, "random_weight": 0.04304048843235597, "id": 37}, {"weight": 2, "random_weight": 0.6934899903456984, "id": 43}, {"weight": 1, "random_weight": 0.29815838873187894, "id": 47}], [{"weight": 1, "random_weight": 0.8841678657468367, "id": 19}, {"weight": 2, "random_weight": 0.5588636834747239, "id": 27}, {"weight": 2, "random_weight": 0.5334160560549581, "id": 36}], [{"weight": 1, "random_weight": 0.026422444052199734, "id": 5}, {"weight": 2, "random_weight": 0.3899519763597087, "id": 6}, {"weight": 1, "random_weight": 0.6331993247790655, "id": 17}, {"weight": 1, "random_weight": 0.7459950873491811, "id": 27}, {"weight": 1, "random_weight": 0.32494979806386726, "id": 36}, {"weight": 2, "random_weight": 0.1659928482992058, "id": 43}], [{"weight": 2, "random_weight": 0.7710657454179279, "id": 10}, {"weight": 1, "random_weight": 0.6326297820938016, "id": 22}, {"weight": 2, "random_weight": 0.854180990936611, "id": 31}, {"weight": 1, "random_weight": 0.46919180513812675, "id": 33}, {"weight": 1, "random_weight": 0.9388502320174206, "id": 42}, {"weight": 1, "random_weight": 0.29815838873187894, "id": 44}]]}