{"directed": false, "multigraph": false, "graph": [], "nodes": [{"graph": null, "nnodes": 3, "nedges": 2, "density": 0.6666666666666666, "atomics": "[138, 139, 126]", "group_pop": 3, "init_part_assignment": 2, "id": 0}, {"graph": null, "nnodes": 3, "nedges": 2, "density": 0.6666666666666666, "atomics": "[128, 140, 127]", "group_pop": 3, "init_part_assignment": 2, "id": 1}, {"graph": null, "nnodes": 3, "nedges": 2, "density": 0.6666666666666666, "atomics": "[9, 10, 11]", "group_pop": 3, "init_part_assignment": 3, "id": 2}, {"graph": null, "nnodes": 3, "nedges": 2, "density": 0.6666666666666666, "atomics": "[21, 22, 23]", "group_pop": 3, "init_part_assignment": 3, "id": 3}, {"graph": null, "nnodes": 3, "nedges": 2, "density": 0.6666666666666666, "atomics": "[88, 89, 100]", "group_pop": 3, "init_part_assignment": 10, "id": 4}, {"graph": null, "nnodes": 3, "nedges": 2, "density": 0.6666666666666666, "atomics": "[113, 114, 101]", "group_pop": 3, "init_part_assignment": 11, "id": 5}, {"graph": null, "nnodes": 3, "nedges": 2, "density": 0.6666666666666666, "atomics": "[131, 119, 143]", "group_pop": 3, "init_part_assignment": 0, "id": 6}, {"graph": null, "nnodes": 3, "nedges": 2, "density": 0.6666666666666666, "atomics": "[129, 117, 118]", "group_pop": 3, "init_part_assignment": 2, "id": 7}, {"graph": null, "nnodes": 3, "nedges": 2, "density": 0.6666666666666666, "atomics": "[130, 141, 142]", "group_pop": 3, "init_part_assignment": 0, "id": 8}, {"graph": null, "nnodes": 3, "nedges": 2, "density": 0.6666666666666666, "atomics": "[66, 42, 54]", "group_pop": 3, "init_part_assignment": 8, "id": 9}, {"graph": null, "nnodes": 3, "nedges": 2, "density": 0.6666666666666666, "atomics": "[67, 68, 55]", "group_pop": 3, "init_part_assignment": 6, "id": 10}, {"graph": null, "nnodes": 3, "nedges": 2, "density": 0.6666666666666666, "atomics": "[0, 1, 2]", "group_pop": 3, "init_part_assignment": 7, "id": 11}, {"graph": null, "nnodes": 3, "nedges": 2, "density": 0.6666666666666666, "atomics": "[34, 58, 46]", "group_pop": 3, "init_part_assignment": 3, "id": 12}, {"graph": null, "nnodes": 3, "nedges": 2, "density": 0.6666666666666666, "atomics": "[35, 59, 47]", "group_pop": 3, "init_part_assignment": 3, "id": 13}, {"graph": null, "nnodes": 3, "nedges": 2, "density": 0.6666666666666666, "atomics": "[104, 115, 116]", "group_pop": 3, "init_part_assignment": 2, "id": 14}, {"graph": null, "nnodes": 3, "nedges": 2, "density": 0.6666666666666666, "atomics": "[120, 132, 108]", "group_pop": 3, "init_part_assignment": 4, "id": 15}, {"graph": null, "nnodes": 3, "nedges": 2, "density": 0.6666666666666666, "atomics": "[121, 122, 133]", "group_pop": 3, "init_part_assignment": 4, "id": 16}, {"graph": null, "nnodes": 3, "nedges": 2, "density": 0.6666666666666666, "atomics": "[136, 134, 135]", "group_pop": 3, "init_part_assignment": 11, "id": 17}, {"graph": null, "nnodes": 3, "nedges": 2, "density": 0.6666666666666666, "atomics": "[90, 102, 103]", "group_pop": 3, "init_part_assignment": 10, "id": 18}, {"graph": null, "nnodes": 3, "nedges": 2, "density": 0.6666666666666666, "atomics": "[80, 91, 92]", "group_pop": 3, "init_part_assignment": 6, "id": 19}, {"graph": null, "nnodes": 3, "nedges": 2, "density": 0.6666666666666666, "atomics": "[77, 78, 79]", "group_pop": 3, "init_part_assignment": 10, "id": 20}, {"graph": null, "nnodes": 3, "nedges": 2, "density": 0.6666666666666666, "atomics": "[137, 124, 125]", "group_pop": 3, "init_part_assignment": 11, "id": 21}, {"graph": null, "nnodes": 3, "nedges": 2, "density": 0.6666666666666666, "atomics": "[72, 96, 84]", "group_pop": 3, "init_part_assignment": 4, "id": 22}, {"graph": null, "nnodes": 3, "nedges": 2, "density": 0.6666666666666666, "atomics": "[48, 24, 36]", "group_pop": 3, "init_part_assignment": 5, "id": 23}, {"graph": null, "nnodes": 3, "nedges": 2, "density": 0.6666666666666666, "atomics": "[60, 61, 62]", "group_pop": 3, "init_part_assignment": 5, "id": 24}, {"graph": null, "nnodes": 3, "nedges": 2, "density": 0.6666666666666666, "atomics": "[105, 106, 93]", "group_pop": 3, "init_part_assignment": 0, "id": 25}, {"graph": null, "nnodes": 3, "nedges": 2, "density": 0.6666666666666666, "atomics": "[107, 94, 95]", "group_pop": 3, "init_part_assignment": 0, "id": 26}, {"graph": null, "nnodes": 3, "nedges": 2, "density": 0.6666666666666666, "atomics": "[16, 17, 28]", "group_pop": 3, "init_part_assignment": 9, "id": 27}, {"graph": null, "nnodes": 3, "nedges": 2, "density": 0.6666666666666666, "atomics": "[4, 5, 6]", "group_pop": 3, "init_part_assignment": 8, "id": 28}, {"graph": null, "nnodes": 3, "nedges": 2, "density": 0.6666666666666666, "atomics": "[81, 69, 70]", "group_pop": 3, "init_part_assignment": 6, "id": 29}, {"graph": null, "nnodes": 3, "nedges": 2, "density": 0.6666666666666666, "atomics": "[3, 27, 15]", "group_pop": 3, "init_part_assignment": 7, "id": 30}, {"graph": null, "nnodes": 3, "nedges": 2, "density": 0.6666666666666666, "atomics": "[12, 13, 14]", "group_pop": 3, "init_part_assignment": 7, "id": 31}, {"graph": null, "nnodes": 3, "nedges": 2, "density": 0.6666666666666666, "atomics": "[97, 109, 85]", "group_pop": 3, "init_part_assignment": 4, "id": 32}, {"graph": null, "nnodes": 3, "nedges": 2, "density": 0.6666666666666666, "atomics": "[8, 19, 7]", "group_pop": 3, "init_part_assignment": 1, "id": 33}, {"graph": null, "nnodes": 3, "nedges": 2, "density": 0.6666666666666666, "atomics": "[18, 29, 30]", "group_pop": 3, "init_part_assignment": 8, "id": 34}, {"graph": null, "nnodes": 3, "nedges": 2, "density": 0.6666666666666666, "atomics": "[40, 52, 39]", "group_pop": 3, "init_part_assignment": 9, "id": 35}, {"graph": null, "nnodes": 3, "nedges": 2, "density": 0.6666666666666666, "atomics": "[82, 83, 71]", "group_pop": 3, "init_part_assignment": 6, "id": 36}, {"graph": null, "nnodes": 3, "nedges": 2, "density": 0.6666666666666666, "atomics": "[73, 74, 86]", "group_pop": 3, "init_part_assignment": 5, "id": 37}, {"graph": null, "nnodes": 3, "nedges": 2, "density": 0.6666666666666666, "atomics": "[49, 37, 25]", "group_pop": 3, "init_part_assignment": 5, "id": 38}, {"graph": null, "nnodes": 3, "nedges": 2, "density": 0.6666666666666666, "atomics": "[56, 57, 45]", "group_pop": 3, "init_part_assignment": 1, "id": 39}, {"graph": null, "nnodes": 3, "nedges": 2, "density": 0.6666666666666666, "atomics": "[32, 33, 20]", "group_pop": 3, "init_part_assignment": 1, "id": 40}, {"graph": null, "nnodes": 3, "nedges": 2, "density": 0.6666666666666666, "atomics": "[43, 44, 31]", "group_pop": 3, "init_part_assignment": 1, "id": 41}, {"graph": null, "nnodes": 3, "nedges": 2, "density": 0.6666666666666666, "atomics": "[75, 76, 87]", "group_pop": 3, "init_part_assignment": 9, "id": 42}, {"graph": null, "nnodes": 3, "nedges": 2, "density": 0.6666666666666666, "atomics": "[112, 123, 111]", "group_pop": 3, "init_part_assignment": 11, "id": 43}, {"graph": null, "nnodes": 3, "nedges": 2, "density": 0.6666666666666666, "atomics": "[98, 99, 110]", "group_pop": 3, "init_part_assignment": 10, "id": 44}, {"graph": null, "nnodes": 3, "nedges": 2, "density": 0.6666666666666666, "atomics": "[65, 53, 41]", "group_pop": 3, "init_part_assignment": 8, "id": 45}, {"graph": null, "nnodes": 3, "nedges": 2, "density": 0.6666666666666666, "atomics": "[50, 26, 38]", "group_pop": 3, "init_part_assignment": 7, "id": 46}, {"graph": null, "nnodes": 3, "nedges": 2, "density": 0.6666666666666666, "atomics": "[64, 51, 63]", "group_pop": 3, "init_part_assignment": 9, "id": 47}], "adjacency": [[{"weight": 3, "random_weight": 0.2917755079731025, "id": 1}, {"weight": 1, "random_weight": 0.9806047709222608, "id": 5}, {"weight": 2, "random_weight": 0.19558808658187388, "id": 21}], [{"weight": 3, "random_weight": 0.2917755079731025, "id": 0}, {"weight": 1, "random_weight": 0.4225785371985171, "id": 7}, {"weight": 1, "random_weight": 0.9736161341263577, "id": 8}, {"weight": 2, "random_weight": 0.06769865153563903, "id": 14}], [{"weight": 3, "random_weight": 0.6995822340562704, "id": 3}, {"weight": 1, "random_weight": 0.3466707183430917, "id": 33}], [{"weight": 3, "random_weight": 0.6995822340562704, "id": 2}, {"weight": 1, "random_weight": 0.5639664202365583, "id": 12}, {"weight": 1, "random_weight": 0.736061516072782, "id": 13}, {"weight": 2, "random_weight": 0.7379394291413638, "id": 40}], [{"weight": 2, "random_weight": 0.7297755889197656, "id": 5}, {"weight": 1, "random_weight": 0.0724741422932722, "id": 18}, {"weight": 1, "random_weight": 0.8317759876375014, "id": 20}, {"weight": 2, "random_weight": 0.4154217796251596, "id": 42}, {"weight": 1, "random_weight": 0.4704970074641359, "id": 43}, {"weight": 1, "random_weight": 0.18655765052189532, "id": 44}], [{"weight": 1, "random_weight": 0.9806047709222608, "id": 0}, {"weight": 2, "random_weight": 0.7297755889197656, "id": 4}, {"weight": 1, "random_weight": 0.5072904643942315, "id": 14}, {"weight": 2, "random_weight": 0.0016156837019218884, "id": 18}, {"weight": 1, "random_weight": 0.8910995621330712, "id": 21}, {"weight": 1, "random_weight": 0.09982606359524249, "id": 43}], [{"weight": 1, "random_weight": 0.497418182456675, "id": 7}, {"weight": 2, "random_weight": 0.3366091974612093, "id": 8}, {"weight": 1, "random_weight": 0.29102376790019047, "id": 26}], [{"weight": 1, "random_weight": 0.4225785371985171, "id": 1}, {"weight": 1, "random_weight": 0.497418182456675, "id": 6}, {"weight": 3, "random_weight": 0.6435224470754871, "id": 8}, {"weight": 1, "random_weight": 0.5114299001686363, "id": 14}, {"weight": 2, "random_weight": 0.7196071006096423, "id": 25}], [{"weight": 1, "random_weight": 0.9736161341263577, "id": 1}, {"weight": 2, "random_weight": 0.3366091974612093, "id": 6}, {"weight": 3, "random_weight": 0.6435224470754871, "id": 7}], [{"weight": 2, "random_weight": 0.3382180757117291, "id": 10}, {"weight": 1, "random_weight": 0.7732442209992585, "id": 20}, {"weight": 1, "random_weight": 0.28423352049537676, "id": 34}, {"weight": 1, "random_weight": 0.5472622472326674, "id": 41}, {"weight": 3, "random_weight": 0.11034952549189692, "id": 45}], [{"weight": 2, "random_weight": 0.3382180757117291, "id": 9}, {"weight": 1, "random_weight": 0.5317004362507192, "id": 19}, {"weight": 1, "random_weight": 0.29772721051423234, "id": 20}, {"weight": 1, "random_weight": 0.6310059414523117, "id": 29}, {"weight": 2, "random_weight": 0.8387856127368013, "id": 39}, {"weight": 1, "random_weight": 0.4840306795816741, "id": 41}], [{"weight": 1, "random_weight": 0.24140082461739254, "id": 30}, {"weight": 3, "random_weight": 0.500227630948857, "id": 31}], [{"weight": 1, "random_weight": 0.5639664202365583, "id": 3}, {"weight": 3, "random_weight": 0.1392462953636029, "id": 13}, {"weight": 1, "random_weight": 0.8535548975269881, "id": 29}, {"weight": 2, "random_weight": 0.8029771505516623, "id": 39}, {"weight": 1, "random_weight": 0.49058327121385514, "id": 40}], [{"weight": 1, "random_weight": 0.736061516072782, "id": 3}, {"weight": 3, "random_weight": 0.1392462953636029, "id": 12}, {"weight": 1, "random_weight": 0.5401988040401874, "id": 36}], [{"weight": 2, "random_weight": 0.06769865153563903, "id": 1}, {"weight": 1, "random_weight": 0.5072904643942315, "id": 5}, {"weight": 1, "random_weight": 0.5114299001686363, "id": 7}, {"weight": 2, "random_weight": 0.7107316575373237, "id": 18}, {"weight": 1, "random_weight": 0.3798464904916158, "id": 19}, {"weight": 1, "random_weight": 0.9241641696330922, "id": 25}], [{"weight": 2, "random_weight": 0.28447542367833, "id": 16}, {"weight": 1, "random_weight": 0.9602809491378973, "id": 22}, {"weight": 1, "random_weight": 0.1877308372823112, "id": 32}], [{"weight": 2, "random_weight": 0.28447542367833, "id": 15}, {"weight": 2, "random_weight": 0.2896110200999382, "id": 17}, {"weight": 1, "random_weight": 0.9197034773656337, "id": 32}, {"weight": 1, "random_weight": 0.9200560913273688, "id": 43}, {"weight": 1, "random_weight": 0.48296609281858827, "id": 44}], [{"weight": 2, "random_weight": 0.2896110200999382, "id": 16}, {"weight": 2, "random_weight": 0.8400737498537806, "id": 21}, {"weight": 1, "random_weight": 0.27813777967289655, "id": 43}], [{"weight": 1, "random_weight": 0.0724741422932722, "id": 4}, {"weight": 2, "random_weight": 0.0016156837019218884, "id": 5}, {"weight": 2, "random_weight": 0.7107316575373237, "id": 14}, {"weight": 2, "random_weight": 0.6845232749474263, "id": 19}, {"weight": 1, "random_weight": 0.0011126970803867486, "id": 20}], [{"weight": 1, "random_weight": 0.5317004362507192, "id": 10}, {"weight": 1, "random_weight": 0.3798464904916158, "id": 14}, {"weight": 2, "random_weight": 0.6845232749474263, "id": 18}, {"weight": 2, "random_weight": 0.6781580132870657, "id": 20}, {"weight": 1, "random_weight": 0.6818583971029606, "id": 25}, {"weight": 1, "random_weight": 0.12734006944283194, "id": 29}], [{"weight": 1, "random_weight": 0.8317759876375014, "id": 4}, {"weight": 1, "random_weight": 0.7732442209992585, "id": 9}, {"weight": 1, "random_weight": 0.29772721051423234, "id": 10}, {"weight": 1, "random_weight": 0.0011126970803867486, "id": 18}, {"weight": 2, "random_weight": 0.6781580132870657, "id": 19}, {"weight": 1, "random_weight": 0.4488366043402654, "id": 42}, {"weight": 1, "random_weight": 0.8540548408966576, "id": 45}], [{"weight": 2, "random_weight": 0.19558808658187388, "id": 0}, {"weight": 1, "random_weight": 0.8910995621330712, "id": 5}, {"weight": 2, "random_weight": 0.8400737498537806, "id": 17}, {"weight": 2, "random_weight": 0.80956880136271, "id": 43}], [{"weight": 1, "random_weight": 0.9602809491378973, "id": 15}, {"weight": 1, "random_weight": 0.4040119368377505, "id": 24}, {"weight": 2, "random_weight": 0.3384611173197768, "id": 32}, {"weight": 1, "random_weight": 0.803121374862374, "id": 37}], [{"weight": 1, "random_weight": 0.03472808244311232, "id": 24}, {"weight": 1, "random_weight": 0.012345440753093406, "id": 31}, {"weight": 3, "random_weight": 0.2913602512182052, "id": 38}], [{"weight": 1, "random_weight": 0.4040119368377505, "id": 22}, {"weight": 1, "random_weight": 0.03472808244311232, "id": 23}, {"weight": 2, "random_weight": 0.32767502843179164, "id": 37}, {"weight": 1, "random_weight": 0.09324334999011175, "id": 38}, {"weight": 1, "random_weight": 0.6272360386483344, "id": 46}, {"weight": 1, "random_weight": 0.4474874820111422, "id": 47}], [{"weight": 2, "random_weight": 0.7196071006096423, "id": 7}, {"weight": 1, "random_weight": 0.9241641696330922, "id": 14}, {"weight": 1, "random_weight": 0.6818583971029606, "id": 19}, {"weight": 3, "random_weight": 0.5011079019290663, "id": 26}, {"weight": 1, "random_weight": 0.9617956341363421, "id": 29}], [{"weight": 1, "random_weight": 0.29102376790019047, "id": 6}, {"weight": 3, "random_weight": 0.5011079019290663, "id": 25}, {"weight": 2, "random_weight": 0.7967719830224802, "id": 36}], [{"weight": 2, "random_weight": 0.9192600076091058, "id": 28}, {"weight": 2, "random_weight": 0.3974218356060929, "id": 30}, {"weight": 3, "random_weight": 0.43039329609727406, "id": 34}, {"weight": 1, "random_weight": 0.46333840379572133, "id": 35}], [{"weight": 2, "random_weight": 0.9192600076091058, "id": 27}, {"weight": 1, "random_weight": 0.3354536955917713, "id": 30}, {"weight": 1, "random_weight": 0.8106046765191138, "id": 33}, {"weight": 1, "random_weight": 0.08670177656927969, "id": 34}], [{"weight": 1, "random_weight": 0.6310059414523117, "id": 10}, {"weight": 1, "random_weight": 0.8535548975269881, "id": 12}, {"weight": 1, "random_weight": 0.12734006944283194, "id": 19}, {"weight": 1, "random_weight": 0.9617956341363421, "id": 25}, {"weight": 3, "random_weight": 0.48471198522290593, "id": 36}, {"weight": 1, "random_weight": 0.5771363504996715, "id": 39}], [{"weight": 1, "random_weight": 0.24140082461739254, "id": 11}, {"weight": 2, "random_weight": 0.3974218356060929, "id": 27}, {"weight": 1, "random_weight": 0.3354536955917713, "id": 28}, {"weight": 1, "random_weight": 0.39740822709716395, "id": 31}, {"weight": 1, "random_weight": 0.07454345491418923, "id": 35}, {"weight": 1, "random_weight": 0.08933862424044758, "id": 46}], [{"weight": 3, "random_weight": 0.500227630948857, "id": 11}, {"weight": 1, "random_weight": 0.012345440753093406, "id": 23}, {"weight": 1, "random_weight": 0.39740822709716395, "id": 30}, {"weight": 1, "random_weight": 0.901214907670468, "id": 38}, {"weight": 1, "random_weight": 0.666261507448998, "id": 46}], [{"weight": 1, "random_weight": 0.1877308372823112, "id": 15}, {"weight": 1, "random_weight": 0.9197034773656337, "id": 16}, {"weight": 2, "random_weight": 0.3384611173197768, "id": 22}, {"weight": 2, "random_weight": 0.9163777155493243, "id": 37}, {"weight": 2, "random_weight": 0.4233116120384016, "id": 44}], [{"weight": 1, "random_weight": 0.3466707183430917, "id": 2}, {"weight": 1, "random_weight": 0.8106046765191138, "id": 28}, {"weight": 1, "random_weight": 0.8910580333562803, "id": 34}, {"weight": 2, "random_weight": 0.31126402129722797, "id": 40}, {"weight": 1, "random_weight": 0.7641871202490528, "id": 41}], [{"weight": 1, "random_weight": 0.28423352049537676, "id": 9}, {"weight": 3, "random_weight": 0.43039329609727406, "id": 27}, {"weight": 1, "random_weight": 0.08670177656927969, "id": 28}, {"weight": 1, "random_weight": 0.8910580333562803, "id": 33}, {"weight": 1, "random_weight": 0.8104315968935619, "id": 41}, {"weight": 1, "random_weight": 0.7586447649734016, "id": 45}], [{"weight": 1, "random_weight": 0.46333840379572133, "id": 27}, {"weight": 1, "random_weight": 0.07454345491418923, "id": 30}, {"weight": 2, "random_weight": 0.44464131787072214, "id": 45}, {"weight": 1, "random_weight": 0.2699599595432858, "id": 46}, {"weight": 3, "random_weight": 0.14326477215145972, "id": 47}], [{"weight": 1, "random_weight": 0.5401988040401874, "id": 13}, {"weight": 2, "random_weight": 0.7967719830224802, "id": 26}, {"weight": 3, "random_weight": 0.48471198522290593, "id": 29}], [{"weight": 1, "random_weight": 0.803121374862374, "id": 22}, {"weight": 2, "random_weight": 0.32767502843179164, "id": 24}, {"weight": 2, "random_weight": 0.9163777155493243, "id": 32}, {"weight": 2, "random_weight": 0.5638981860299959, "id": 42}, {"weight": 1, "random_weight": 0.7740006515151533, "id": 44}], [{"weight": 3, "random_weight": 0.2913602512182052, "id": 23}, {"weight": 1, "random_weight": 0.09324334999011175, "id": 24}, {"weight": 1, "random_weight": 0.901214907670468, "id": 31}, {"weight": 3, "random_weight": 0.9542224038964586, "id": 46}], [{"weight": 2, "random_weight": 0.8387856127368013, "id": 10}, {"weight": 2, "random_weight": 0.8029771505516623, "id": 12}, {"weight": 1, "random_weight": 0.5771363504996715, "id": 29}, {"weight": 1, "random_weight": 0.17230029873908803, "id": 40}, {"weight": 2, "random_weight": 0.1892096941567395, "id": 41}], [{"weight": 2, "random_weight": 0.7379394291413638, "id": 3}, {"weight": 1, "random_weight": 0.49058327121385514, "id": 12}, {"weight": 2, "random_weight": 0.31126402129722797, "id": 33}, {"weight": 1, "random_weight": 0.17230029873908803, "id": 39}, {"weight": 2, "random_weight": 0.3399519462828213, "id": 41}], [{"weight": 1, "random_weight": 0.5472622472326674, "id": 9}, {"weight": 1, "random_weight": 0.4840306795816741, "id": 10}, {"weight": 1, "random_weight": 0.7641871202490528, "id": 33}, {"weight": 1, "random_weight": 0.8104315968935619, "id": 34}, {"weight": 2, "random_weight": 0.1892096941567395, "id": 39}, {"weight": 2, "random_weight": 0.3399519462828213, "id": 40}], [{"weight": 2, "random_weight": 0.4154217796251596, "id": 4}, {"weight": 1, "random_weight": 0.4488366043402654, "id": 20}, {"weight": 2, "random_weight": 0.5638981860299959, "id": 37}, {"weight": 1, "random_weight": 0.6785632489886791, "id": 44}, {"weight": 2, "random_weight": 0.743026320946317, "id": 47}], [{"weight": 1, "random_weight": 0.4704970074641359, "id": 4}, {"weight": 1, "random_weight": 0.09982606359524249, "id": 5}, {"weight": 1, "random_weight": 0.9200560913273688, "id": 16}, {"weight": 1, "random_weight": 0.27813777967289655, "id": 17}, {"weight": 2, "random_weight": 0.80956880136271, "id": 21}, {"weight": 2, "random_weight": 0.5096671646152164, "id": 44}], [{"weight": 1, "random_weight": 0.18655765052189532, "id": 4}, {"weight": 1, "random_weight": 0.48296609281858827, "id": 16}, {"weight": 2, "random_weight": 0.4233116120384016, "id": 32}, {"weight": 1, "random_weight": 0.7740006515151533, "id": 37}, {"weight": 1, "random_weight": 0.6785632489886791, "id": 42}, {"weight": 2, "random_weight": 0.5096671646152164, "id": 43}], [{"weight": 3, "random_weight": 0.11034952549189692, "id": 9}, {"weight": 1, "random_weight": 0.8540548408966576, "id": 20}, {"weight": 1, "random_weight": 0.7586447649734016, "id": 34}, {"weight": 2, "random_weight": 0.44464131787072214, "id": 35}, {"weight": 1, "random_weight": 0.5687056207675373, "id": 47}], [{"weight": 1, "random_weight": 0.6272360386483344, "id": 24}, {"weight": 1, "random_weight": 0.08933862424044758, "id": 30}, {"weight": 1, "random_weight": 0.666261507448998, "id": 31}, {"weight": 1, "random_weight": 0.2699599595432858, "id": 35}, {"weight": 3, "random_weight": 0.9542224038964586, "id": 38}, {"weight": 1, "random_weight": 0.29305446082804043, "id": 47}], [{"weight": 1, "random_weight": 0.4474874820111422, "id": 24}, {"weight": 3, "random_weight": 0.14326477215145972, "id": 35}, {"weight": 2, "random_weight": 0.743026320946317, "id": 42}, {"weight": 1, "random_weight": 0.5687056207675373, "id": 45}, {"weight": 1, "random_weight": 0.29305446082804043, "id": 46}]]}