{"directed": false, "multigraph": false, "graph": [], "nodes": [{"graph": null, "nnodes": 3, "nedges": 2, "density": 0.6666666666666666, "atomics": "[138, 139, 140]", "group_pop": 3, "init_part_assignment": 8, "id": 0}, {"graph": null, "nnodes": 3, "nedges": 2, "density": 0.6666666666666666, "atomics": "[9, 10, 11]", "group_pop": 3, "init_part_assignment": 4, "id": 1}, {"graph": null, "nnodes": 3, "nedges": 2, "density": 0.6666666666666666, "atomics": "[35, 22, 23]", "group_pop": 3, "init_part_assignment": 4, "id": 2}, {"graph": null, "nnodes": 3, "nedges": 2, "density": 0.6666666666666666, "atomics": "[89, 90, 101]", "group_pop": 3, "init_part_assignment": 8, "id": 3}, {"graph": null, "nnodes": 3, "nedges": 2, "density": 0.6666666666666666, "atomics": "[113, 114, 126]", "group_pop": 3, "init_part_assignment": 8, "id": 4}, {"graph": null, "nnodes": 3, "nedges": 2, "density": 0.6666666666666666, "atomics": "[107, 131, 119]", "group_pop": 3, "init_part_assignment": 6, "id": 5}, {"graph": null, "nnodes": 3, "nedges": 2, "density": 0.6666666666666666, "atomics": "[141, 142, 143]", "group_pop": 3, "init_part_assignment": 7, "id": 6}, {"graph": null, "nnodes": 3, "nedges": 2, "density": 0.6666666666666666, "atomics": "[129, 130, 118]", "group_pop": 3, "init_part_assignment": 7, "id": 7}, {"graph": null, "nnodes": 3, "nedges": 2, "density": 0.6666666666666666, "atomics": "[65, 66, 77]", "group_pop": 3, "init_part_assignment": 9, "id": 8}, {"graph": null, "nnodes": 3, "nedges": 2, "density": 0.6666666666666666, "atomics": "[67, 78, 79]", "group_pop": 3, "init_part_assignment": 0, "id": 9}, {"graph": null, "nnodes": 3, "nedges": 2, "density": 0.6666666666666666, "atomics": "[53, 54, 55]", "group_pop": 3, "init_part_assignment": 1, "id": 10}, {"graph": null, "nnodes": 3, "nedges": 2, "density": 0.6666666666666666, "atomics": "[0, 24, 12]", "group_pop": 3, "init_part_assignment": 3, "id": 11}, {"graph": null, "nnodes": 3, "nedges": 2, "density": 0.6666666666666666, "atomics": "[1, 13, 25]", "group_pop": 3, "init_part_assignment": 3, "id": 12}, {"graph": null, "nnodes": 3, "nedges": 2, "density": 0.6666666666666666, "atomics": "[2, 14, 15]", "group_pop": 3, "init_part_assignment": 2, "id": 13}, {"graph": null, "nnodes": 3, "nedges": 2, "density": 0.6666666666666666, "atomics": "[33, 34, 45]", "group_pop": 3, "init_part_assignment": 1, "id": 14}, {"graph": null, "nnodes": 3, "nedges": 2, "density": 0.6666666666666666, "atomics": "[58, 46, 47]", "group_pop": 3, "init_part_assignment": 4, "id": 15}, {"graph": null, "nnodes": 3, "nedges": 2, "density": 0.6666666666666666, "atomics": "[128, 115, 127]", "group_pop": 3, "init_part_assignment": 7, "id": 16}, {"graph": null, "nnodes": 3, "nedges": 2, "density": 0.6666666666666666, "atomics": "[132, 133, 134]", "group_pop": 3, "init_part_assignment": 11, "id": 17}, {"graph": null, "nnodes": 3, "nedges": 2, "density": 0.6666666666666666, "atomics": "[104, 116, 117]", "group_pop": 3, "init_part_assignment": 0, "id": 18}, {"graph": null, "nnodes": 3, "nedges": 2, "density": 0.6666666666666666, "atomics": "[91, 102, 103]", "group_pop": 3, "init_part_assignment": 7, "id": 19}, {"graph": null, "nnodes": 3, "nedges": 2, "density": 0.6666666666666666, "atomics": "[80, 81, 92]", "group_pop": 3, "init_part_assignment": 0, "id": 20}, {"graph": null, "nnodes": 3, "nedges": 2, "density": 0.6666666666666666, "atomics": "[136, 137, 125]", "group_pop": 3, "init_part_assignment": 8, "id": 21}, {"graph": null, "nnodes": 3, "nedges": 2, "density": 0.6666666666666666, "atomics": "[123, 124, 135]", "group_pop": 3, "init_part_assignment": 11, "id": 22}, {"graph": null, "nnodes": 3, "nedges": 2, "density": 0.6666666666666666, "atomics": "[72, 73, 74]", "group_pop": 3, "init_part_assignment": 10, "id": 23}, {"graph": null, "nnodes": 3, "nedges": 2, "density": 0.6666666666666666, "atomics": "[48, 60, 36]", "group_pop": 3, "init_part_assignment": 3, "id": 24}, {"graph": null, "nnodes": 3, "nedges": 2, "density": 0.6666666666666666, "atomics": "[105, 106, 93]", "group_pop": 3, "init_part_assignment": 0, "id": 25}, {"graph": null, "nnodes": 3, "nedges": 2, "density": 0.6666666666666666, "atomics": "[16, 17, 18]", "group_pop": 3, "init_part_assignment": 2, "id": 26}, {"graph": null, "nnodes": 3, "nedges": 2, "density": 0.6666666666666666, "atomics": "[3, 4, 5]", "group_pop": 3, "init_part_assignment": 2, "id": 27}, {"graph": null, "nnodes": 3, "nedges": 2, "density": 0.6666666666666666, "atomics": "[120, 121, 108]", "group_pop": 3, "init_part_assignment": 10, "id": 28}, {"graph": null, "nnodes": 3, "nedges": 2, "density": 0.6666666666666666, "atomics": "[122, 109, 110]", "group_pop": 3, "init_part_assignment": 11, "id": 29}, {"graph": null, "nnodes": 3, "nedges": 2, "density": 0.6666666666666666, "atomics": "[19, 6, 7]", "group_pop": 3, "init_part_assignment": 2, "id": 30}, {"graph": null, "nnodes": 3, "nedges": 2, "density": 0.6666666666666666, "atomics": "[42, 29, 30]", "group_pop": 3, "init_part_assignment": 5, "id": 31}, {"graph": null, "nnodes": 3, "nedges": 2, "density": 0.6666666666666666, "atomics": "[26, 27, 28]", "group_pop": 3, "init_part_assignment": 5, "id": 32}, {"graph": null, "nnodes": 3, "nedges": 2, "density": 0.6666666666666666, "atomics": "[40, 41, 39]", "group_pop": 3, "init_part_assignment": 5, "id": 33}, {"graph": null, "nnodes": 3, "nedges": 2, "density": 0.6666666666666666, "atomics": "[82, 94, 95]", "group_pop": 3, "init_part_assignment": 6, "id": 34}, {"graph": null, "nnodes": 3, "nedges": 2, "density": 0.6666666666666666, "atomics": "[57, 69, 70]", "group_pop": 3, "init_part_assignment": 6, "id": 35}, {"graph": null, "nnodes": 3, "nedges": 2, "density": 0.6666666666666666, "atomics": "[49, 61, 37]", "group_pop": 3, "init_part_assignment": 3, "id": 36}, {"graph": null, "nnodes": 3, "nedges": 2, "density": 0.6666666666666666, "atomics": "[56, 68, 44]", "group_pop": 3, "init_part_assignment": 1, "id": 37}, {"graph": null, "nnodes": 3, "nedges": 2, "density": 0.6666666666666666, "atomics": "[83, 59, 71]", "group_pop": 3, "init_part_assignment": 6, "id": 38}, {"graph": null, "nnodes": 3, "nedges": 2, "density": 0.6666666666666666, "atomics": "[32, 43, 31]", "group_pop": 3, "init_part_assignment": 1, "id": 39}, {"graph": null, "nnodes": 3, "nedges": 2, "density": 0.6666666666666666, "atomics": "[75, 99, 87]", "group_pop": 3, "init_part_assignment": 9, "id": 40}, {"graph": null, "nnodes": 3, "nedges": 2, "density": 0.6666666666666666, "atomics": "[97, 98, 86]", "group_pop": 3, "init_part_assignment": 10, "id": 41}, {"graph": null, "nnodes": 3, "nedges": 2, "density": 0.6666666666666666, "atomics": "[96, 84, 85]", "group_pop": 3, "init_part_assignment": 10, "id": 42}, {"graph": null, "nnodes": 3, "nedges": 2, "density": 0.6666666666666666, "atomics": "[8, 20, 21]", "group_pop": 3, "init_part_assignment": 4, "id": 43}, {"graph": null, "nnodes": 3, "nedges": 2, "density": 0.6666666666666666, "atomics": "[38, 50, 62]", "group_pop": 3, "init_part_assignment": 5, "id": 44}, {"graph": null, "nnodes": 3, "nedges": 2, "density": 0.6666666666666666, "atomics": "[112, 100, 111]", "group_pop": 3, "init_part_assignment": 11, "id": 45}, {"graph": null, "nnodes": 3, "nedges": 2, "density": 0.6666666666666666, "atomics": "[51, 52, 63]", "group_pop": 3, "init_part_assignment": 9, "id": 46}, {"graph": null, "nnodes": 3, "nedges": 2, "density": 0.6666666666666666, "atomics": "[64, 88, 76]", "group_pop": 3, "init_part_assignment": 9, "id": 47}], "adjacency": [[{"weight": 1, "random_weight": 0.20439137910554572, "id": 4}, {"weight": 1, "random_weight": 0.8692033122619731, "id": 6}, {"weight": 2, "random_weight": 0.10427443705259365, "id": 16}, {"weight": 1, "random_weight": 0.3895726734153496, "id": 21}], [{"weight": 2, "random_weight": 0.0378673750129187, "id": 2}, {"weight": 2, "random_weight": 0.6136243536293065, "id": 43}], [{"weight": 2, "random_weight": 0.0378673750129187, "id": 1}, {"weight": 2, "random_weight": 0.5058558385191808, "id": 14}, {"weight": 1, "random_weight": 0.8533108831380306, "id": 15}, {"weight": 1, "random_weight": 0.8234889067083947, "id": 43}], [{"weight": 1, "random_weight": 0.006245325566537008, "id": 4}, {"weight": 1, "random_weight": 0.3176878624577155, "id": 8}, {"weight": 1, "random_weight": 0.7172742943036455, "id": 9}, {"weight": 3, "random_weight": 0.9259518464561322, "id": 19}, {"weight": 1, "random_weight": 0.9746187207242715, "id": 45}, {"weight": 1, "random_weight": 0.7987471809109615, "id": 47}], [{"weight": 1, "random_weight": 0.20439137910554572, "id": 0}, {"weight": 1, "random_weight": 0.006245325566537008, "id": 3}, {"weight": 2, "random_weight": 0.9761451533758211, "id": 16}, {"weight": 1, "random_weight": 0.8454642242949726, "id": 19}, {"weight": 2, "random_weight": 0.03366225189491623, "id": 21}, {"weight": 1, "random_weight": 0.11615865361267874, "id": 45}], [{"weight": 1, "random_weight": 0.5118856287699525, "id": 6}, {"weight": 2, "random_weight": 0.07041640905752078, "id": 7}, {"weight": 1, "random_weight": 0.8350880664808104, "id": 25}, {"weight": 1, "random_weight": 0.21082182729926768, "id": 34}], [{"weight": 1, "random_weight": 0.8692033122619731, "id": 0}, {"weight": 1, "random_weight": 0.5118856287699525, "id": 5}, {"weight": 2, "random_weight": 0.2240216988341075, "id": 7}], [{"weight": 2, "random_weight": 0.07041640905752078, "id": 5}, {"weight": 2, "random_weight": 0.2240216988341075, "id": 6}, {"weight": 1, "random_weight": 0.5509503561860039, "id": 16}, {"weight": 2, "random_weight": 0.2019049357707534, "id": 18}, {"weight": 1, "random_weight": 0.3130370503240719, "id": 25}], [{"weight": 1, "random_weight": 0.3176878624577155, "id": 3}, {"weight": 3, "random_weight": 0.43241321023493995, "id": 9}, {"weight": 2, "random_weight": 0.8171564140023793, "id": 10}, {"weight": 2, "random_weight": 0.22442806512973135, "id": 47}], [{"weight": 1, "random_weight": 0.7172742943036455, "id": 3}, {"weight": 3, "random_weight": 0.43241321023493995, "id": 8}, {"weight": 1, "random_weight": 0.8981732766363476, "id": 10}, {"weight": 1, "random_weight": 0.5911777846476991, "id": 19}, {"weight": 1, "random_weight": 0.030529959818061392, "id": 20}, {"weight": 1, "random_weight": 0.8031229041198598, "id": 37}], [{"weight": 2, "random_weight": 0.8171564140023793, "id": 8}, {"weight": 1, "random_weight": 0.8981732766363476, "id": 9}, {"weight": 1, "random_weight": 0.9599309186093271, "id": 31}, {"weight": 1, "random_weight": 0.8471937213416082, "id": 33}, {"weight": 1, "random_weight": 0.7496746731620282, "id": 37}, {"weight": 1, "random_weight": 0.045448454188006804, "id": 39}, {"weight": 1, "random_weight": 0.9259606541408433, "id": 46}], [{"weight": 3, "random_weight": 0.3462912573832605, "id": 12}, {"weight": 1, "random_weight": 0.7604878300843395, "id": 24}], [{"weight": 3, "random_weight": 0.3462912573832605, "id": 11}, {"weight": 2, "random_weight": 0.9171702978886486, "id": 13}, {"weight": 1, "random_weight": 0.8376661760304271, "id": 32}, {"weight": 1, "random_weight": 0.22421333744047156, "id": 36}], [{"weight": 2, "random_weight": 0.9171702978886486, "id": 12}, {"weight": 1, "random_weight": 0.7555945562457408, "id": 26}, {"weight": 2, "random_weight": 0.4439933690528768, "id": 27}, {"weight": 2, "random_weight": 0.8868032341893661, "id": 32}], [{"weight": 2, "random_weight": 0.5058558385191808, "id": 2}, {"weight": 2, "random_weight": 0.4772728234178041, "id": 15}, {"weight": 1, "random_weight": 0.8584697405265674, "id": 35}, {"weight": 1, "random_weight": 0.6277997246734154, "id": 37}, {"weight": 1, "random_weight": 0.23973731732390324, "id": 39}, {"weight": 1, "random_weight": 0.6833227576190124, "id": 43}], [{"weight": 1, "random_weight": 0.8533108831380306, "id": 2}, {"weight": 2, "random_weight": 0.4772728234178041, "id": 14}, {"weight": 2, "random_weight": 0.3578205326608561, "id": 35}, {"weight": 2, "random_weight": 0.4611856559416472, "id": 38}], [{"weight": 2, "random_weight": 0.10427443705259365, "id": 0}, {"weight": 2, "random_weight": 0.9761451533758211, "id": 4}, {"weight": 1, "random_weight": 0.5509503561860039, "id": 7}, {"weight": 2, "random_weight": 0.36373343430044247, "id": 18}, {"weight": 1, "random_weight": 0.7397868560886446, "id": 19}], [{"weight": 1, "random_weight": 0.4432533654429902, "id": 22}, {"weight": 2, "random_weight": 0.39137543231431693, "id": 28}, {"weight": 1, "random_weight": 0.6350179816281945, "id": 29}], [{"weight": 2, "random_weight": 0.2019049357707534, "id": 7}, {"weight": 2, "random_weight": 0.36373343430044247, "id": 16}, {"weight": 1, "random_weight": 0.6485598595313861, "id": 19}, {"weight": 1, "random_weight": 0.0058729247550446395, "id": 20}, {"weight": 2, "random_weight": 0.08186023326979963, "id": 25}], [{"weight": 3, "random_weight": 0.9259518464561322, "id": 3}, {"weight": 1, "random_weight": 0.8454642242949726, "id": 4}, {"weight": 1, "random_weight": 0.5911777846476991, "id": 9}, {"weight": 1, "random_weight": 0.7397868560886446, "id": 16}, {"weight": 1, "random_weight": 0.6485598595313861, "id": 18}, {"weight": 1, "random_weight": 0.7190846474479216, "id": 20}], [{"weight": 1, "random_weight": 0.030529959818061392, "id": 9}, {"weight": 1, "random_weight": 0.0058729247550446395, "id": 18}, {"weight": 1, "random_weight": 0.7190846474479216, "id": 19}, {"weight": 2, "random_weight": 0.7066684418217382, "id": 25}, {"weight": 1, "random_weight": 0.814133827990581, "id": 34}, {"weight": 1, "random_weight": 0.5208555676889485, "id": 35}, {"weight": 1, "random_weight": 0.7235731645108107, "id": 37}], [{"weight": 1, "random_weight": 0.3895726734153496, "id": 0}, {"weight": 2, "random_weight": 0.03366225189491623, "id": 4}, {"weight": 3, "random_weight": 0.8203685498395527, "id": 22}], [{"weight": 1, "random_weight": 0.4432533654429902, "id": 17}, {"weight": 3, "random_weight": 0.8203685498395527, "id": 21}, {"weight": 1, "random_weight": 0.3259120577382999, "id": 29}, {"weight": 2, "random_weight": 0.2501674912202809, "id": 45}], [{"weight": 1, "random_weight": 0.0029665618982916975, "id": 24}, {"weight": 1, "random_weight": 0.6757608339607105, "id": 36}, {"weight": 1, "random_weight": 0.8314819888452895, "id": 40}, {"weight": 1, "random_weight": 0.9882034160613533, "id": 41}, {"weight": 2, "random_weight": 0.010029541967913946, "id": 42}, {"weight": 1, "random_weight": 0.7202038562814598, "id": 44}], [{"weight": 1, "random_weight": 0.7604878300843395, "id": 11}, {"weight": 1, "random_weight": 0.0029665618982916975, "id": 23}, {"weight": 3, "random_weight": 0.44023725710104544, "id": 36}], [{"weight": 1, "random_weight": 0.8350880664808104, "id": 5}, {"weight": 1, "random_weight": 0.3130370503240719, "id": 7}, {"weight": 2, "random_weight": 0.08186023326979963, "id": 18}, {"weight": 2, "random_weight": 0.7066684418217382, "id": 20}, {"weight": 2, "random_weight": 0.5412090297197614, "id": 34}], [{"weight": 1, "random_weight": 0.7555945562457408, "id": 13}, {"weight": 2, "random_weight": 0.6689890978221128, "id": 27}, {"weight": 2, "random_weight": 0.4227655725056878, "id": 30}, {"weight": 2, "random_weight": 0.9704116587927382, "id": 31}, {"weight": 1, "random_weight": 0.8448860337050527, "id": 32}], [{"weight": 2, "random_weight": 0.4439933690528768, "id": 13}, {"weight": 2, "random_weight": 0.6689890978221128, "id": 26}, {"weight": 1, "random_weight": 0.16477265713493428, "id": 30}], [{"weight": 2, "random_weight": 0.39137543231431693, "id": 17}, {"weight": 3, "random_weight": 0.4909521787229558, "id": 29}, {"weight": 1, "random_weight": 0.48917907265471783, "id": 42}], [{"weight": 1, "random_weight": 0.6350179816281945, "id": 17}, {"weight": 1, "random_weight": 0.3259120577382999, "id": 22}, {"weight": 3, "random_weight": 0.4909521787229558, "id": 28}, {"weight": 2, "random_weight": 0.573026377860056, "id": 41}, {"weight": 1, "random_weight": 0.7994451232805687, "id": 45}], [{"weight": 2, "random_weight": 0.4227655725056878, "id": 26}, {"weight": 1, "random_weight": 0.16477265713493428, "id": 27}, {"weight": 1, "random_weight": 0.7280465282387979, "id": 39}, {"weight": 2, "random_weight": 0.275776123381809, "id": 43}], [{"weight": 1, "random_weight": 0.9599309186093271, "id": 10}, {"weight": 2, "random_weight": 0.9704116587927382, "id": 26}, {"weight": 1, "random_weight": 0.5181859703309442, "id": 32}, {"weight": 2, "random_weight": 0.9190106243694448, "id": 33}, {"weight": 2, "random_weight": 0.7438351814176047, "id": 39}], [{"weight": 1, "random_weight": 0.8376661760304271, "id": 12}, {"weight": 2, "random_weight": 0.8868032341893661, "id": 13}, {"weight": 1, "random_weight": 0.8448860337050527, "id": 26}, {"weight": 1, "random_weight": 0.5181859703309442, "id": 31}, {"weight": 2, "random_weight": 0.3864527599757698, "id": 33}, {"weight": 1, "random_weight": 0.3807164188082254, "id": 44}], [{"weight": 1, "random_weight": 0.8471937213416082, "id": 10}, {"weight": 2, "random_weight": 0.9190106243694448, "id": 31}, {"weight": 2, "random_weight": 0.3864527599757698, "id": 32}, {"weight": 1, "random_weight": 0.0450222207646076, "id": 44}, {"weight": 2, "random_weight": 0.20392979062466055, "id": 46}], [{"weight": 1, "random_weight": 0.21082182729926768, "id": 5}, {"weight": 1, "random_weight": 0.814133827990581, "id": 20}, {"weight": 2, "random_weight": 0.5412090297197614, "id": 25}, {"weight": 1, "random_weight": 0.46410801148078984, "id": 35}, {"weight": 2, "random_weight": 0.3274893562601562, "id": 38}], [{"weight": 1, "random_weight": 0.8584697405265674, "id": 14}, {"weight": 2, "random_weight": 0.3578205326608561, "id": 15}, {"weight": 1, "random_weight": 0.5208555676889485, "id": 20}, {"weight": 1, "random_weight": 0.46410801148078984, "id": 34}, {"weight": 2, "random_weight": 0.6328674632132274, "id": 37}, {"weight": 1, "random_weight": 0.10670984935467032, "id": 38}], [{"weight": 1, "random_weight": 0.22421333744047156, "id": 12}, {"weight": 1, "random_weight": 0.6757608339607105, "id": 23}, {"weight": 3, "random_weight": 0.44023725710104544, "id": 24}, {"weight": 3, "random_weight": 0.6182945942415046, "id": 44}], [{"weight": 1, "random_weight": 0.8031229041198598, "id": 9}, {"weight": 1, "random_weight": 0.7496746731620282, "id": 10}, {"weight": 1, "random_weight": 0.6277997246734154, "id": 14}, {"weight": 1, "random_weight": 0.7235731645108107, "id": 20}, {"weight": 2, "random_weight": 0.6328674632132274, "id": 35}, {"weight": 2, "random_weight": 0.9493187624094495, "id": 39}], [{"weight": 2, "random_weight": 0.4611856559416472, "id": 15}, {"weight": 2, "random_weight": 0.3274893562601562, "id": 34}, {"weight": 1, "random_weight": 0.10670984935467032, "id": 35}], [{"weight": 1, "random_weight": 0.045448454188006804, "id": 10}, {"weight": 1, "random_weight": 0.23973731732390324, "id": 14}, {"weight": 1, "random_weight": 0.7280465282387979, "id": 30}, {"weight": 2, "random_weight": 0.7438351814176047, "id": 31}, {"weight": 2, "random_weight": 0.9493187624094495, "id": 37}, {"weight": 1, "random_weight": 0.8012581118306762, "id": 43}], [{"weight": 1, "random_weight": 0.8314819888452895, "id": 23}, {"weight": 2, "random_weight": 0.8578127801913106, "id": 41}, {"weight": 2, "random_weight": 0.474167146689633, "id": 45}, {"weight": 1, "random_weight": 0.5042686884221308, "id": 46}, {"weight": 2, "random_weight": 0.7042494947010829, "id": 47}], [{"weight": 1, "random_weight": 0.9882034160613533, "id": 23}, {"weight": 2, "random_weight": 0.573026377860056, "id": 29}, {"weight": 2, "random_weight": 0.8578127801913106, "id": 40}, {"weight": 3, "random_weight": 0.35154949466083774, "id": 42}], [{"weight": 2, "random_weight": 0.010029541967913946, "id": 23}, {"weight": 1, "random_weight": 0.48917907265471783, "id": 28}, {"weight": 3, "random_weight": 0.35154949466083774, "id": 41}], [{"weight": 2, "random_weight": 0.6136243536293065, "id": 1}, {"weight": 1, "random_weight": 0.8234889067083947, "id": 2}, {"weight": 1, "random_weight": 0.6833227576190124, "id": 14}, {"weight": 2, "random_weight": 0.275776123381809, "id": 30}, {"weight": 1, "random_weight": 0.8012581118306762, "id": 39}], [{"weight": 1, "random_weight": 0.7202038562814598, "id": 23}, {"weight": 1, "random_weight": 0.3807164188082254, "id": 32}, {"weight": 1, "random_weight": 0.0450222207646076, "id": 33}, {"weight": 3, "random_weight": 0.6182945942415046, "id": 36}, {"weight": 2, "random_weight": 0.08596800241309444, "id": 46}], [{"weight": 1, "random_weight": 0.9746187207242715, "id": 3}, {"weight": 1, "random_weight": 0.11615865361267874, "id": 4}, {"weight": 2, "random_weight": 0.2501674912202809, "id": 22}, {"weight": 1, "random_weight": 0.7994451232805687, "id": 29}, {"weight": 2, "random_weight": 0.474167146689633, "id": 40}, {"weight": 1, "random_weight": 0.9757993503122325, "id": 47}], [{"weight": 1, "random_weight": 0.9259606541408433, "id": 10}, {"weight": 2, "random_weight": 0.20392979062466055, "id": 33}, {"weight": 1, "random_weight": 0.5042686884221308, "id": 40}, {"weight": 2, "random_weight": 0.08596800241309444, "id": 44}, {"weight": 2, "random_weight": 0.5743370226950778, "id": 47}], [{"weight": 1, "random_weight": 0.7987471809109615, "id": 3}, {"weight": 2, "random_weight": 0.22442806512973135, "id": 8}, {"weight": 2, "random_weight": 0.7042494947010829, "id": 40}, {"weight": 1, "random_weight": 0.9757993503122325, "id": 45}, {"weight": 2, "random_weight": 0.5743370226950778, "id": 46}]]}