{"directed": false, "multigraph": false, "graph": [], "nodes": [{"graph": null, "nnodes": 3, "nedges": 2, "density": 0.6666666666666666, "atomics": "[137, 138, 139]", "group_pop": 3, "init_part_assignment": 6, "id": 0}, {"graph": null, "nnodes": 3, "nedges": 2, "density": 0.6666666666666666, "atomics": "[140, 141, 142]", "group_pop": 3, "init_part_assignment": 6, "id": 1}, {"graph": null, "nnodes": 3, "nedges": 2, "density": 0.6666666666666666, "atomics": "[9, 10, 11]", "group_pop": 3, "init_part_assignment": 3, "id": 2}, {"graph": null, "nnodes": 3, "nedges": 2, "density": 0.6666666666666666, "atomics": "[35, 23, 47]", "group_pop": 3, "init_part_assignment": 3, "id": 3}, {"graph": null, "nnodes": 3, "nedges": 2, "density": 0.6666666666666666, "atomics": "[89, 90, 101]", "group_pop": 3, "init_part_assignment": 10, "id": 4}, {"graph": null, "nnodes": 3, "nedges": 2, "density": 0.6666666666666666, "atomics": "[112, 113, 111]", "group_pop": 3, "init_part_assignment": 6, "id": 5}, {"graph": null, "nnodes": 3, "nedges": 2, "density": 0.6666666666666666, "atomics": "[130, 131, 143]", "group_pop": 3, "init_part_assignment": 4, "id": 6}, {"graph": null, "nnodes": 3, "nedges": 2, "density": 0.6666666666666666, "atomics": "[106, 118, 119]", "group_pop": 3, "init_part_assignment": 4, "id": 7}, {"graph": null, "nnodes": 3, "nedges": 2, "density": 0.6666666666666666, "atomics": "[128, 129, 127]", "group_pop": 3, "init_part_assignment": 4, "id": 8}, {"graph": null, "nnodes": 3, "nedges": 2, "density": 0.6666666666666666, "atomics": "[66, 67, 54]", "group_pop": 3, "init_part_assignment": 8, "id": 9}, {"graph": null, "nnodes": 3, "nedges": 2, "density": 0.6666666666666666, "atomics": "[0, 1, 12]", "group_pop": 3, "init_part_assignment": 7, "id": 10}, {"graph": null, "nnodes": 3, "nedges": 2, "density": 0.6666666666666666, "atomics": "[2, 13, 14]", "group_pop": 3, "init_part_assignment": 7, "id": 11}, {"graph": null, "nnodes": 3, "nedges": 2, "density": 0.6666666666666666, "atomics": "[34, 45, 46]", "group_pop": 3, "init_part_assignment": 5, "id": 12}, {"graph": null, "nnodes": 3, "nedges": 2, "density": 0.6666666666666666, "atomics": "[115, 116, 117]", "group_pop": 3, "init_part_assignment": 4, "id": 13}, {"graph": null, "nnodes": 3, "nedges": 2, "density": 0.6666666666666666, "atomics": "[132, 133, 134]", "group_pop": 3, "init_part_assignment": 0, "id": 14}, {"graph": null, "nnodes": 3, "nedges": 2, "density": 0.6666666666666666, "atomics": "[104, 105, 103]", "group_pop": 3, "init_part_assignment": 9, "id": 15}, {"graph": null, "nnodes": 3, "nedges": 2, "density": 0.6666666666666666, "atomics": "[91, 78, 79]", "group_pop": 3, "init_part_assignment": 9, "id": 16}, {"graph": null, "nnodes": 3, "nedges": 2, "density": 0.6666666666666666, "atomics": "[80, 92, 93]", "group_pop": 3, "init_part_assignment": 9, "id": 17}, {"graph": null, "nnodes": 3, "nedges": 2, "density": 0.6666666666666666, "atomics": "[136, 124, 125]", "group_pop": 3, "init_part_assignment": 0, "id": 18}, {"graph": null, "nnodes": 3, "nedges": 2, "density": 0.6666666666666666, "atomics": "[122, 123, 135]", "group_pop": 3, "init_part_assignment": 0, "id": 19}, {"graph": null, "nnodes": 3, "nedges": 2, "density": 0.6666666666666666, "atomics": "[72, 73, 84]", "group_pop": 3, "init_part_assignment": 11, "id": 20}, {"graph": null, "nnodes": 3, "nedges": 2, "density": 0.6666666666666666, "atomics": "[48, 60, 36]", "group_pop": 3, "init_part_assignment": 11, "id": 21}, {"graph": null, "nnodes": 3, "nedges": 2, "density": 0.6666666666666666, "atomics": "[107, 83, 95]", "group_pop": 3, "init_part_assignment": 2, "id": 22}, {"graph": null, "nnodes": 3, "nedges": 2, "density": 0.6666666666666666, "atomics": "[114, 126, 102]", "group_pop": 3, "init_part_assignment": 6, "id": 23}, {"graph": null, "nnodes": 3, "nedges": 2, "density": 0.6666666666666666, "atomics": "[16, 3, 15]", "group_pop": 3, "init_part_assignment": 1, "id": 24}, {"graph": null, "nnodes": 3, "nedges": 2, "density": 0.6666666666666666, "atomics": "[4, 5, 6]", "group_pop": 3, "init_part_assignment": 1, "id": 25}, {"graph": null, "nnodes": 3, "nedges": 2, "density": 0.6666666666666666, "atomics": "[81, 82, 94]", "group_pop": 3, "init_part_assignment": 2, "id": 26}, {"graph": null, "nnodes": 3, "nedges": 2, "density": 0.6666666666666666, "atomics": "[120, 108, 96]", "group_pop": 3, "init_part_assignment": 0, "id": 27}, {"graph": null, "nnodes": 3, "nedges": 2, "density": 0.6666666666666666, "atomics": "[121, 109, 110]", "group_pop": 3, "init_part_assignment": 10, "id": 28}, {"graph": null, "nnodes": 3, "nedges": 2, "density": 0.6666666666666666, "atomics": "[8, 19, 7]", "group_pop": 3, "init_part_assignment": 3, "id": 29}, {"graph": null, "nnodes": 3, "nedges": 2, "density": 0.6666666666666666, "atomics": "[17, 28, 29]", "group_pop": 3, "init_part_assignment": 1, "id": 30}, {"graph": null, "nnodes": 3, "nedges": 2, "density": 0.6666666666666666, "atomics": "[18, 30, 31]", "group_pop": 3, "init_part_assignment": 5, "id": 31}, {"graph": null, "nnodes": 3, "nedges": 2, "density": 0.6666666666666666, "atomics": "[27, 38, 39]", "group_pop": 3, "init_part_assignment": 1, "id": 32}, {"graph": null, "nnodes": 3, "nedges": 2, "density": 0.6666666666666666, "atomics": "[69, 70, 71]", "group_pop": 3, "init_part_assignment": 2, "id": 33}, {"graph": null, "nnodes": 3, "nedges": 2, "density": 0.6666666666666666, "atomics": "[74, 61, 62]", "group_pop": 3, "init_part_assignment": 11, "id": 34}, {"graph": null, "nnodes": 3, "nedges": 2, "density": 0.6666666666666666, "atomics": "[49, 50, 37]", "group_pop": 3, "init_part_assignment": 7, "id": 35}, {"graph": null, "nnodes": 3, "nedges": 2, "density": 0.6666666666666666, "atomics": "[56, 68, 55]", "group_pop": 3, "init_part_assignment": 8, "id": 36}, {"graph": null, "nnodes": 3, "nedges": 2, "density": 0.6666666666666666, "atomics": "[57, 58, 59]", "group_pop": 3, "init_part_assignment": 2, "id": 37}, {"graph": null, "nnodes": 3, "nedges": 2, "density": 0.6666666666666666, "atomics": "[24, 25, 26]", "group_pop": 3, "init_part_assignment": 7, "id": 38}, {"graph": null, "nnodes": 3, "nedges": 2, "density": 0.6666666666666666, "atomics": "[32, 33, 44]", "group_pop": 3, "init_part_assignment": 5, "id": 39}, {"graph": null, "nnodes": 3, "nedges": 2, "density": 0.6666666666666666, "atomics": "[41, 42, 43]", "group_pop": 3, "init_part_assignment": 5, "id": 40}, {"graph": null, "nnodes": 3, "nedges": 2, "density": 0.6666666666666666, "atomics": "[88, 75, 87]", "group_pop": 3, "init_part_assignment": 10, "id": 41}, {"graph": null, "nnodes": 3, "nedges": 2, "density": 0.6666666666666666, "atomics": "[97, 85, 86]", "group_pop": 3, "init_part_assignment": 11, "id": 42}, {"graph": null, "nnodes": 3, "nedges": 2, "density": 0.6666666666666666, "atomics": "[98, 99, 100]", "group_pop": 3, "init_part_assignment": 10, "id": 43}, {"graph": null, "nnodes": 3, "nedges": 2, "density": 0.6666666666666666, "atomics": "[20, 21, 22]", "group_pop": 3, "init_part_assignment": 3, "id": 44}, {"graph": null, "nnodes": 3, "nedges": 2, "density": 0.6666666666666666, "atomics": "[65, 76, 77]", "group_pop": 3, "init_part_assignment": 9, "id": 45}, {"graph": null, "nnodes": 3, "nedges": 2, "density": 0.6666666666666666, "atomics": "[40, 52, 53]", "group_pop": 3, "init_part_assignment": 8, "id": 46}, {"graph": null, "nnodes": 3, "nedges": 2, "density": 0.6666666666666666, "atomics": "[64, 51, 63]", "group_pop": 3, "init_part_assignment": 8, "id": 47}], "adjacency": [[{"weight": 1, "random_weight": 0.940765381171898, "id": 1}, {"weight": 1, "random_weight": 0.7967735364661794, "id": 8}, {"weight": 2, "random_weight": 0.8175379405987678, "id": 18}, {"weight": 1, "random_weight": 0.691321489783224, "id": 23}], [{"weight": 1, "random_weight": 0.940765381171898, "id": 0}, {"weight": 2, "random_weight": 0.5537797222654883, "id": 6}, {"weight": 2, "random_weight": 0.528727356453625, "id": 8}], [{"weight": 1, "random_weight": 0.3615583678583343, "id": 3}, {"weight": 1, "random_weight": 0.02967523523970239, "id": 29}, {"weight": 2, "random_weight": 0.051930654106925656, "id": 44}], [{"weight": 1, "random_weight": 0.3615583678583343, "id": 2}, {"weight": 2, "random_weight": 0.47773631978410247, "id": 12}, {"weight": 1, "random_weight": 0.0214476548570941, "id": 37}, {"weight": 1, "random_weight": 0.7217394707588117, "id": 44}], [{"weight": 1, "random_weight": 0.04634029525631378, "id": 5}, {"weight": 2, "random_weight": 0.9281484419393825, "id": 16}, {"weight": 2, "random_weight": 0.8271524636723226, "id": 23}, {"weight": 1, "random_weight": 0.46735479261928803, "id": 41}, {"weight": 1, "random_weight": 0.2386178176242688, "id": 43}, {"weight": 1, "random_weight": 0.6111316345133262, "id": 45}], [{"weight": 1, "random_weight": 0.04634029525631378, "id": 4}, {"weight": 2, "random_weight": 0.8078193722105526, "id": 18}, {"weight": 1, "random_weight": 0.8515524815843297, "id": 19}, {"weight": 1, "random_weight": 0.5219180995369981, "id": 23}, {"weight": 1, "random_weight": 0.5326364337027544, "id": 28}, {"weight": 2, "random_weight": 0.8233237402944819, "id": 43}], [{"weight": 2, "random_weight": 0.5537797222654883, "id": 1}, {"weight": 2, "random_weight": 0.3207364653369329, "id": 7}, {"weight": 1, "random_weight": 0.357592683082142, "id": 8}], [{"weight": 2, "random_weight": 0.3207364653369329, "id": 6}, {"weight": 1, "random_weight": 0.22474135464129485, "id": 13}, {"weight": 1, "random_weight": 0.012970165160196112, "id": 15}, {"weight": 2, "random_weight": 0.5180507640408893, "id": 22}, {"weight": 1, "random_weight": 0.9792145468445739, "id": 26}], [{"weight": 1, "random_weight": 0.7967735364661794, "id": 0}, {"weight": 2, "random_weight": 0.528727356453625, "id": 1}, {"weight": 1, "random_weight": 0.357592683082142, "id": 6}, {"weight": 3, "random_weight": 0.5593288663308897, "id": 13}, {"weight": 1, "random_weight": 0.5104882212726017, "id": 23}], [{"weight": 2, "random_weight": 0.6995391932562383, "id": 16}, {"weight": 3, "random_weight": 0.7973057626825417, "id": 36}, {"weight": 1, "random_weight": 0.5603545145894528, "id": 40}, {"weight": 1, "random_weight": 0.993970306275979, "id": 45}, {"weight": 1, "random_weight": 0.06311867768425794, "id": 46}], [{"weight": 3, "random_weight": 0.4477734566270334, "id": 11}, {"weight": 1, "random_weight": 0.568680870634203, "id": 38}], [{"weight": 3, "random_weight": 0.4477734566270334, "id": 10}, {"weight": 2, "random_weight": 0.4499790130094081, "id": 24}, {"weight": 2, "random_weight": 0.38161244723760424, "id": 38}], [{"weight": 2, "random_weight": 0.47773631978410247, "id": 3}, {"weight": 2, "random_weight": 0.3937328438760779, "id": 37}, {"weight": 3, "random_weight": 0.210848355602689, "id": 39}, {"weight": 1, "random_weight": 0.07393450611862895, "id": 44}], [{"weight": 1, "random_weight": 0.22474135464129485, "id": 7}, {"weight": 3, "random_weight": 0.5593288663308897, "id": 8}, {"weight": 3, "random_weight": 0.9242916556797615, "id": 15}, {"weight": 1, "random_weight": 0.8059517224477747, "id": 23}], [{"weight": 2, "random_weight": 0.11855611278232414, "id": 19}, {"weight": 1, "random_weight": 0.23676923172097197, "id": 27}, {"weight": 1, "random_weight": 0.6391510950715568, "id": 28}], [{"weight": 1, "random_weight": 0.012970165160196112, "id": 7}, {"weight": 3, "random_weight": 0.9242916556797615, "id": 13}, {"weight": 1, "random_weight": 0.6885358026233062, "id": 16}, {"weight": 2, "random_weight": 0.931445222404033, "id": 17}, {"weight": 1, "random_weight": 0.8238053902264723, "id": 23}], [{"weight": 2, "random_weight": 0.9281484419393825, "id": 4}, {"weight": 2, "random_weight": 0.6995391932562383, "id": 9}, {"weight": 1, "random_weight": 0.6885358026233062, "id": 15}, {"weight": 2, "random_weight": 0.4204197314445416, "id": 17}, {"weight": 1, "random_weight": 0.5700152039290661, "id": 45}], [{"weight": 2, "random_weight": 0.931445222404033, "id": 15}, {"weight": 2, "random_weight": 0.4204197314445416, "id": 16}, {"weight": 3, "random_weight": 0.7765309395082737, "id": 26}, {"weight": 1, "random_weight": 0.9694467023852279, "id": 36}], [{"weight": 2, "random_weight": 0.8175379405987678, "id": 0}, {"weight": 2, "random_weight": 0.8078193722105526, "id": 5}, {"weight": 2, "random_weight": 0.258813562677658, "id": 19}, {"weight": 1, "random_weight": 0.973425605568808, "id": 23}], [{"weight": 1, "random_weight": 0.8515524815843297, "id": 5}, {"weight": 2, "random_weight": 0.11855611278232414, "id": 14}, {"weight": 2, "random_weight": 0.258813562677658, "id": 18}, {"weight": 2, "random_weight": 0.7262398838285722, "id": 28}], [{"weight": 1, "random_weight": 0.809349932142411, "id": 21}, {"weight": 1, "random_weight": 0.7791370251217289, "id": 27}, {"weight": 2, "random_weight": 0.7440311553678051, "id": 34}, {"weight": 2, "random_weight": 0.08175084976658653, "id": 42}], [{"weight": 1, "random_weight": 0.809349932142411, "id": 20}, {"weight": 1, "random_weight": 0.14339367442550077, "id": 34}, {"weight": 2, "random_weight": 0.5751855017371255, "id": 35}, {"weight": 1, "random_weight": 0.8686654038639515, "id": 38}], [{"weight": 2, "random_weight": 0.5180507640408893, "id": 7}, {"weight": 2, "random_weight": 0.26519980974087454, "id": 26}, {"weight": 1, "random_weight": 0.06991363985343613, "id": 33}], [{"weight": 1, "random_weight": 0.691321489783224, "id": 0}, {"weight": 2, "random_weight": 0.8271524636723226, "id": 4}, {"weight": 1, "random_weight": 0.5219180995369981, "id": 5}, {"weight": 1, "random_weight": 0.5104882212726017, "id": 8}, {"weight": 1, "random_weight": 0.8059517224477747, "id": 13}, {"weight": 1, "random_weight": 0.8238053902264723, "id": 15}, {"weight": 1, "random_weight": 0.973425605568808, "id": 18}], [{"weight": 2, "random_weight": 0.4499790130094081, "id": 11}, {"weight": 2, "random_weight": 0.991360241588315, "id": 25}, {"weight": 2, "random_weight": 0.5820281115879331, "id": 30}, {"weight": 1, "random_weight": 0.1258799342245478, "id": 32}], [{"weight": 2, "random_weight": 0.991360241588315, "id": 24}, {"weight": 1, "random_weight": 0.9007495611703548, "id": 29}, {"weight": 1, "random_weight": 0.29135139795939013, "id": 30}, {"weight": 1, "random_weight": 0.9500157526686009, "id": 31}], [{"weight": 1, "random_weight": 0.9792145468445739, "id": 7}, {"weight": 3, "random_weight": 0.7765309395082737, "id": 17}, {"weight": 2, "random_weight": 0.26519980974087454, "id": 22}, {"weight": 2, "random_weight": 0.484821036174663, "id": 33}], [{"weight": 1, "random_weight": 0.23676923172097197, "id": 14}, {"weight": 1, "random_weight": 0.7791370251217289, "id": 20}, {"weight": 2, "random_weight": 0.14169715940590033, "id": 28}, {"weight": 1, "random_weight": 0.687388602564238, "id": 42}], [{"weight": 1, "random_weight": 0.5326364337027544, "id": 5}, {"weight": 1, "random_weight": 0.6391510950715568, "id": 14}, {"weight": 2, "random_weight": 0.7262398838285722, "id": 19}, {"weight": 2, "random_weight": 0.14169715940590033, "id": 27}, {"weight": 1, "random_weight": 0.6935724373152792, "id": 42}, {"weight": 1, "random_weight": 0.487730992385903, "id": 43}], [{"weight": 1, "random_weight": 0.02967523523970239, "id": 2}, {"weight": 1, "random_weight": 0.9007495611703548, "id": 25}, {"weight": 2, "random_weight": 0.8779296780938385, "id": 31}, {"weight": 2, "random_weight": 0.8162774218708465, "id": 44}], [{"weight": 2, "random_weight": 0.5820281115879331, "id": 24}, {"weight": 1, "random_weight": 0.29135139795939013, "id": 25}, {"weight": 2, "random_weight": 0.7268795966549874, "id": 31}, {"weight": 1, "random_weight": 0.32570662000703343, "id": 32}, {"weight": 1, "random_weight": 0.6235312769415944, "id": 40}, {"weight": 1, "random_weight": 0.5090403822073828, "id": 46}], [{"weight": 1, "random_weight": 0.9500157526686009, "id": 25}, {"weight": 2, "random_weight": 0.8779296780938385, "id": 29}, {"weight": 2, "random_weight": 0.7268795966549874, "id": 30}, {"weight": 1, "random_weight": 0.4983963277376702, "id": 39}, {"weight": 2, "random_weight": 0.6846797961760314, "id": 40}], [{"weight": 1, "random_weight": 0.1258799342245478, "id": 24}, {"weight": 1, "random_weight": 0.32570662000703343, "id": 30}, {"weight": 2, "random_weight": 0.269859766634182, "id": 35}, {"weight": 2, "random_weight": 0.41102348207288053, "id": 38}, {"weight": 1, "random_weight": 0.6750281860577481, "id": 46}, {"weight": 1, "random_weight": 0.7460246509995516, "id": 47}], [{"weight": 1, "random_weight": 0.06991363985343613, "id": 22}, {"weight": 2, "random_weight": 0.484821036174663, "id": 26}, {"weight": 1, "random_weight": 0.7445413375960142, "id": 36}, {"weight": 3, "random_weight": 0.011359305208505255, "id": 37}], [{"weight": 2, "random_weight": 0.7440311553678051, "id": 20}, {"weight": 1, "random_weight": 0.14339367442550077, "id": 21}, {"weight": 2, "random_weight": 0.466569952196216, "id": 35}, {"weight": 1, "random_weight": 0.9364066814912345, "id": 41}, {"weight": 1, "random_weight": 0.6492593979613619, "id": 42}, {"weight": 1, "random_weight": 0.43113023522668537, "id": 47}], [{"weight": 2, "random_weight": 0.5751855017371255, "id": 21}, {"weight": 2, "random_weight": 0.269859766634182, "id": 32}, {"weight": 2, "random_weight": 0.466569952196216, "id": 34}, {"weight": 1, "random_weight": 0.7077930098422949, "id": 38}, {"weight": 1, "random_weight": 0.8214703700371961, "id": 47}], [{"weight": 3, "random_weight": 0.7973057626825417, "id": 9}, {"weight": 1, "random_weight": 0.9694467023852279, "id": 17}, {"weight": 1, "random_weight": 0.7445413375960142, "id": 33}, {"weight": 1, "random_weight": 0.7574940221907626, "id": 37}, {"weight": 1, "random_weight": 0.8885602737964571, "id": 39}, {"weight": 1, "random_weight": 0.9876785996892701, "id": 40}], [{"weight": 1, "random_weight": 0.0214476548570941, "id": 3}, {"weight": 2, "random_weight": 0.3937328438760779, "id": 12}, {"weight": 3, "random_weight": 0.011359305208505255, "id": 33}, {"weight": 1, "random_weight": 0.7574940221907626, "id": 36}], [{"weight": 1, "random_weight": 0.568680870634203, "id": 10}, {"weight": 2, "random_weight": 0.38161244723760424, "id": 11}, {"weight": 1, "random_weight": 0.8686654038639515, "id": 21}, {"weight": 2, "random_weight": 0.41102348207288053, "id": 32}, {"weight": 1, "random_weight": 0.7077930098422949, "id": 35}], [{"weight": 3, "random_weight": 0.210848355602689, "id": 12}, {"weight": 1, "random_weight": 0.4983963277376702, "id": 31}, {"weight": 1, "random_weight": 0.8885602737964571, "id": 36}, {"weight": 1, "random_weight": 0.2489932522203192, "id": 40}, {"weight": 2, "random_weight": 0.5898015306831197, "id": 44}], [{"weight": 1, "random_weight": 0.5603545145894528, "id": 9}, {"weight": 1, "random_weight": 0.6235312769415944, "id": 30}, {"weight": 2, "random_weight": 0.6846797961760314, "id": 31}, {"weight": 1, "random_weight": 0.9876785996892701, "id": 36}, {"weight": 1, "random_weight": 0.2489932522203192, "id": 39}, {"weight": 2, "random_weight": 0.2249942409015271, "id": 46}], [{"weight": 1, "random_weight": 0.46735479261928803, "id": 4}, {"weight": 1, "random_weight": 0.9364066814912345, "id": 34}, {"weight": 1, "random_weight": 0.01044491477969589, "id": 42}, {"weight": 2, "random_weight": 0.5026214592302434, "id": 43}, {"weight": 2, "random_weight": 0.2619645367083764, "id": 45}, {"weight": 1, "random_weight": 0.042987323731243254, "id": 47}], [{"weight": 2, "random_weight": 0.08175084976658653, "id": 20}, {"weight": 1, "random_weight": 0.687388602564238, "id": 27}, {"weight": 1, "random_weight": 0.6935724373152792, "id": 28}, {"weight": 1, "random_weight": 0.6492593979613619, "id": 34}, {"weight": 1, "random_weight": 0.01044491477969589, "id": 41}, {"weight": 2, "random_weight": 0.9261607200874843, "id": 43}], [{"weight": 1, "random_weight": 0.2386178176242688, "id": 4}, {"weight": 2, "random_weight": 0.8233237402944819, "id": 5}, {"weight": 1, "random_weight": 0.487730992385903, "id": 28}, {"weight": 2, "random_weight": 0.5026214592302434, "id": 41}, {"weight": 2, "random_weight": 0.9261607200874843, "id": 42}], [{"weight": 2, "random_weight": 0.051930654106925656, "id": 2}, {"weight": 1, "random_weight": 0.7217394707588117, "id": 3}, {"weight": 1, "random_weight": 0.07393450611862895, "id": 12}, {"weight": 2, "random_weight": 0.8162774218708465, "id": 29}, {"weight": 2, "random_weight": 0.5898015306831197, "id": 39}], [{"weight": 1, "random_weight": 0.6111316345133262, "id": 4}, {"weight": 1, "random_weight": 0.993970306275979, "id": 9}, {"weight": 1, "random_weight": 0.5700152039290661, "id": 16}, {"weight": 2, "random_weight": 0.2619645367083764, "id": 41}, {"weight": 1, "random_weight": 0.7584220710826225, "id": 46}, {"weight": 2, "random_weight": 0.8860648800322173, "id": 47}], [{"weight": 1, "random_weight": 0.06311867768425794, "id": 9}, {"weight": 1, "random_weight": 0.5090403822073828, "id": 30}, {"weight": 1, "random_weight": 0.6750281860577481, "id": 32}, {"weight": 2, "random_weight": 0.2249942409015271, "id": 40}, {"weight": 1, "random_weight": 0.7584220710826225, "id": 45}, {"weight": 2, "random_weight": 0.5381334709285025, "id": 47}], [{"weight": 1, "random_weight": 0.7460246509995516, "id": 32}, {"weight": 1, "random_weight": 0.43113023522668537, "id": 34}, {"weight": 1, "random_weight": 0.8214703700371961, "id": 35}, {"weight": 1, "random_weight": 0.042987323731243254, "id": 41}, {"weight": 2, "random_weight": 0.8860648800322173, "id": 45}, {"weight": 2, "random_weight": 0.5381334709285025, "id": 46}]]}