{"directed": false, "multigraph": false, "graph": [], "nodes": [{"graph": null, "nnodes": 3, "nedges": 2, "density": 0.6666666666666666, "atomics": "[137, 138, 139]", "group_pop": 3, "init_part_assignment": 8, "id": 0}, {"graph": null, "nnodes": 3, "nedges": 2, "density": 0.6666666666666666, "atomics": "[140, 141, 142]", "group_pop": 3, "init_part_assignment": 5, "id": 1}, {"graph": null, "nnodes": 3, "nedges": 2, "density": 0.6666666666666666, "atomics": "[10, 11, 22]", "group_pop": 3, "init_part_assignment": 1, "id": 2}, {"graph": null, "nnodes": 3, "nedges": 2, "density": 0.6666666666666666, "atomics": "[35, 23, 47]", "group_pop": 3, "init_part_assignment": 4, "id": 3}, {"graph": null, "nnodes": 3, "nedges": 2, "density": 0.6666666666666666, "atomics": "[89, 90, 77]", "group_pop": 3, "init_part_assignment": 11, "id": 4}, {"graph": null, "nnodes": 3, "nedges": 2, "density": 0.6666666666666666, "atomics": "[114, 101, 102]", "group_pop": 3, "init_part_assignment": 11, "id": 5}, {"graph": null, "nnodes": 3, "nedges": 2, "density": 0.6666666666666666, "atomics": "[113, 125, 126]", "group_pop": 3, "init_part_assignment": 8, "id": 6}, {"graph": null, "nnodes": 3, "nedges": 2, "density": 0.6666666666666666, "atomics": "[130, 131, 143]", "group_pop": 3, "init_part_assignment": 5, "id": 7}, {"graph": null, "nnodes": 3, "nedges": 2, "density": 0.6666666666666666, "atomics": "[107, 118, 119]", "group_pop": 3, "init_part_assignment": 5, "id": 8}, {"graph": null, "nnodes": 3, "nedges": 2, "density": 0.6666666666666666, "atomics": "[128, 129, 127]", "group_pop": 3, "init_part_assignment": 8, "id": 9}, {"graph": null, "nnodes": 3, "nedges": 2, "density": 0.6666666666666666, "atomics": "[66, 78, 79]", "group_pop": 3, "init_part_assignment": 11, "id": 10}, {"graph": null, "nnodes": 3, "nedges": 2, "density": 0.6666666666666666, "atomics": "[56, 67, 68]", "group_pop": 3, "init_part_assignment": 10, "id": 11}, {"graph": null, "nnodes": 3, "nedges": 2, "density": 0.6666666666666666, "atomics": "[41, 42, 54]", "group_pop": 3, "init_part_assignment": 9, "id": 12}, {"graph": null, "nnodes": 3, "nedges": 2, "density": 0.6666666666666666, "atomics": "[0, 1, 13]", "group_pop": 3, "init_part_assignment": 0, "id": 13}, {"graph": null, "nnodes": 3, "nedges": 2, "density": 0.6666666666666666, "atomics": "[2, 14, 15]", "group_pop": 3, "init_part_assignment": 0, "id": 14}, {"graph": null, "nnodes": 3, "nedges": 2, "density": 0.6666666666666666, "atomics": "[34, 58, 46]", "group_pop": 3, "init_part_assignment": 2, "id": 15}, {"graph": null, "nnodes": 3, "nedges": 2, "density": 0.6666666666666666, "atomics": "[115, 91, 103]", "group_pop": 3, "init_part_assignment": 11, "id": 16}, {"graph": null, "nnodes": 3, "nedges": 2, "density": 0.6666666666666666, "atomics": "[120, 132, 133]", "group_pop": 3, "init_part_assignment": 3, "id": 17}, {"graph": null, "nnodes": 3, "nedges": 2, "density": 0.6666666666666666, "atomics": "[122, 123, 134]", "group_pop": 3, "init_part_assignment": 7, "id": 18}, {"graph": null, "nnodes": 3, "nedges": 2, "density": 0.6666666666666666, "atomics": "[104, 116, 117]", "group_pop": 3, "init_part_assignment": 10, "id": 19}, {"graph": null, "nnodes": 3, "nedges": 2, "density": 0.6666666666666666, "atomics": "[80, 81, 92]", "group_pop": 3, "init_part_assignment": 10, "id": 20}, {"graph": null, "nnodes": 3, "nedges": 2, "density": 0.6666666666666666, "atomics": "[136, 124, 135]", "group_pop": 3, "init_part_assignment": 8, "id": 21}, {"graph": null, "nnodes": 3, "nedges": 2, "density": 0.6666666666666666, "atomics": "[72, 96, 84]", "group_pop": 3, "init_part_assignment": 3, "id": 22}, {"graph": null, "nnodes": 3, "nedges": 2, "density": 0.6666666666666666, "atomics": "[48, 36, 37]", "group_pop": 3, "init_part_assignment": 6, "id": 23}, {"graph": null, "nnodes": 3, "nedges": 2, "density": 0.6666666666666666, "atomics": "[49, 60, 61]", "group_pop": 3, "init_part_assignment": 6, "id": 24}, {"graph": null, "nnodes": 3, "nedges": 2, "density": 0.6666666666666666, "atomics": "[105, 106, 93]", "group_pop": 3, "init_part_assignment": 5, "id": 25}, {"graph": null, "nnodes": 3, "nedges": 2, "density": 0.6666666666666666, "atomics": "[16, 3, 4]", "group_pop": 3, "init_part_assignment": 1, "id": 26}, {"graph": null, "nnodes": 3, "nedges": 2, "density": 0.6666666666666666, "atomics": "[17, 5, 6]", "group_pop": 3, "init_part_assignment": 1, "id": 27}, {"graph": null, "nnodes": 3, "nedges": 2, "density": 0.6666666666666666, "atomics": "[121, 108, 109]", "group_pop": 3, "init_part_assignment": 3, "id": 28}, {"graph": null, "nnodes": 3, "nedges": 2, "density": 0.6666666666666666, "atomics": "[18, 19, 20]", "group_pop": 3, "init_part_assignment": 2, "id": 29}, {"graph": null, "nnodes": 3, "nedges": 2, "density": 0.6666666666666666, "atomics": "[8, 9, 7]", "group_pop": 3, "init_part_assignment": 1, "id": 30}, {"graph": null, "nnodes": 3, "nedges": 2, "density": 0.6666666666666666, "atomics": "[40, 28, 29]", "group_pop": 3, "init_part_assignment": 9, "id": 31}, {"graph": null, "nnodes": 3, "nedges": 2, "density": 0.6666666666666666, "atomics": "[26, 27, 38]", "group_pop": 3, "init_part_assignment": 0, "id": 32}, {"graph": null, "nnodes": 3, "nedges": 2, "density": 0.6666666666666666, "atomics": "[50, 51, 39]", "group_pop": 3, "init_part_assignment": 9, "id": 33}, {"graph": null, "nnodes": 3, "nedges": 2, "density": 0.6666666666666666, "atomics": "[82, 94, 95]", "group_pop": 3, "init_part_assignment": 4, "id": 34}, {"graph": null, "nnodes": 3, "nedges": 2, "density": 0.6666666666666666, "atomics": "[57, 69, 70]", "group_pop": 3, "init_part_assignment": 4, "id": 35}, {"graph": null, "nnodes": 3, "nedges": 2, "density": 0.6666666666666666, "atomics": "[73, 85, 97]", "group_pop": 3, "init_part_assignment": 3, "id": 36}, {"graph": null, "nnodes": 3, "nedges": 2, "density": 0.6666666666666666, "atomics": "[83, 59, 71]", "group_pop": 3, "init_part_assignment": 4, "id": 37}, {"graph": null, "nnodes": 3, "nedges": 2, "density": 0.6666666666666666, "atomics": "[24, 25, 12]", "group_pop": 3, "init_part_assignment": 0, "id": 38}, {"graph": null, "nnodes": 3, "nedges": 2, "density": 0.6666666666666666, "atomics": "[33, 45, 21]", "group_pop": 3, "init_part_assignment": 2, "id": 39}, {"graph": null, "nnodes": 3, "nedges": 2, "density": 0.6666666666666666, "atomics": "[43, 44, 55]", "group_pop": 3, "init_part_assignment": 10, "id": 40}, {"graph": null, "nnodes": 3, "nedges": 2, "density": 0.6666666666666666, "atomics": "[86, 74, 62]", "group_pop": 3, "init_part_assignment": 6, "id": 41}, {"graph": null, "nnodes": 3, "nedges": 2, "density": 0.6666666666666666, "atomics": "[88, 75, 87]", "group_pop": 3, "init_part_assignment": 7, "id": 42}, {"graph": null, "nnodes": 3, "nedges": 2, "density": 0.6666666666666666, "atomics": "[98, 99, 110]", "group_pop": 3, "init_part_assignment": 7, "id": 43}, {"graph": null, "nnodes": 3, "nedges": 2, "density": 0.6666666666666666, "atomics": "[32, 30, 31]", "group_pop": 3, "init_part_assignment": 2, "id": 44}, {"graph": null, "nnodes": 3, "nedges": 2, "density": 0.6666666666666666, "atomics": "[65, 52, 53]", "group_pop": 3, "init_part_assignment": 9, "id": 45}, {"graph": null, "nnodes": 3, "nedges": 2, "density": 0.6666666666666666, "atomics": "[112, 100, 111]", "group_pop": 3, "init_part_assignment": 7, "id": 46}, {"graph": null, "nnodes": 3, "nedges": 2, "density": 0.6666666666666666, "atomics": "[64, 76, 63]", "group_pop": 3, "init_part_assignment": 6, "id": 47}], "adjacency": [[{"weight": 1, "random_weight": 0.7907222808892399, "id": 1}, {"weight": 2, "random_weight": 0.6207736353329334, "id": 6}, {"weight": 1, "random_weight": 0.317352664730869, "id": 9}, {"weight": 1, "random_weight": 0.6786667499072622, "id": 21}], [{"weight": 1, "random_weight": 0.7907222808892399, "id": 0}, {"weight": 2, "random_weight": 0.4466841738866014, "id": 7}, {"weight": 2, "random_weight": 0.7641112336631833, "id": 9}], [{"weight": 2, "random_weight": 0.9311551350391156, "id": 3}, {"weight": 1, "random_weight": 0.7275653404377895, "id": 15}, {"weight": 1, "random_weight": 0.12832365611465102, "id": 30}, {"weight": 1, "random_weight": 0.02946361937168518, "id": 39}], [{"weight": 2, "random_weight": 0.9311551350391156, "id": 2}, {"weight": 2, "random_weight": 0.5425925062496112, "id": 15}, {"weight": 1, "random_weight": 0.6717393620928505, "id": 37}], [{"weight": 2, "random_weight": 0.8279376262267625, "id": 5}, {"weight": 2, "random_weight": 0.6384595856428987, "id": 10}, {"weight": 1, "random_weight": 0.9828531563775378, "id": 16}, {"weight": 1, "random_weight": 0.6149614013873296, "id": 42}, {"weight": 1, "random_weight": 0.29814320245766623, "id": 45}, {"weight": 1, "random_weight": 0.9595943811522369, "id": 47}], [{"weight": 2, "random_weight": 0.8279376262267625, "id": 4}, {"weight": 3, "random_weight": 0.6876060087665559, "id": 6}, {"weight": 2, "random_weight": 0.6359038655365923, "id": 16}, {"weight": 1, "random_weight": 0.8794399163064094, "id": 46}], [{"weight": 2, "random_weight": 0.6207736353329334, "id": 0}, {"weight": 3, "random_weight": 0.6876060087665559, "id": 5}, {"weight": 1, "random_weight": 0.7945891020614234, "id": 9}, {"weight": 1, "random_weight": 0.10508178040061078, "id": 21}, {"weight": 1, "random_weight": 0.24797197263933113, "id": 46}], [{"weight": 2, "random_weight": 0.4466841738866014, "id": 1}, {"weight": 2, "random_weight": 0.46971456735921413, "id": 8}, {"weight": 1, "random_weight": 0.92915716816288, "id": 9}], [{"weight": 2, "random_weight": 0.46971456735921413, "id": 7}, {"weight": 1, "random_weight": 0.08512564611498741, "id": 19}, {"weight": 2, "random_weight": 0.004009413589486588, "id": 25}, {"weight": 1, "random_weight": 0.7511110466841047, "id": 34}], [{"weight": 1, "random_weight": 0.317352664730869, "id": 0}, {"weight": 2, "random_weight": 0.7641112336631833, "id": 1}, {"weight": 1, "random_weight": 0.7945891020614234, "id": 6}, {"weight": 1, "random_weight": 0.92915716816288, "id": 7}, {"weight": 1, "random_weight": 0.3136659983235919, "id": 16}, {"weight": 2, "random_weight": 0.8466528874327927, "id": 19}], [{"weight": 2, "random_weight": 0.6384595856428987, "id": 4}, {"weight": 2, "random_weight": 0.8811206397618189, "id": 11}, {"weight": 1, "random_weight": 0.8582565097149558, "id": 12}, {"weight": 1, "random_weight": 0.5267437808438726, "id": 16}, {"weight": 1, "random_weight": 0.6500957030265894, "id": 20}, {"weight": 1, "random_weight": 0.6648777966165443, "id": 45}], [{"weight": 2, "random_weight": 0.8811206397618189, "id": 10}, {"weight": 1, "random_weight": 0.5690273372974549, "id": 20}, {"weight": 2, "random_weight": 0.6073444730676589, "id": 35}, {"weight": 3, "random_weight": 0.06799148204742012, "id": 40}], [{"weight": 1, "random_weight": 0.8582565097149558, "id": 10}, {"weight": 2, "random_weight": 0.7627921876401245, "id": 31}, {"weight": 2, "random_weight": 0.9860943736053343, "id": 40}, {"weight": 1, "random_weight": 0.8514152120673287, "id": 44}, {"weight": 2, "random_weight": 0.5791464221669166, "id": 45}], [{"weight": 2, "random_weight": 0.8276555076014496, "id": 14}, {"weight": 3, "random_weight": 0.17622811329555677, "id": 38}], [{"weight": 2, "random_weight": 0.8276555076014496, "id": 13}, {"weight": 3, "random_weight": 0.6717820954178236, "id": 26}, {"weight": 2, "random_weight": 0.6428959511342156, "id": 32}], [{"weight": 1, "random_weight": 0.7275653404377895, "id": 2}, {"weight": 2, "random_weight": 0.5425925062496112, "id": 3}, {"weight": 2, "random_weight": 0.9165136346794547, "id": 35}, {"weight": 1, "random_weight": 0.5735552643731899, "id": 37}, {"weight": 2, "random_weight": 0.39103746888512214, "id": 39}], [{"weight": 1, "random_weight": 0.9828531563775378, "id": 4}, {"weight": 2, "random_weight": 0.6359038655365923, "id": 5}, {"weight": 1, "random_weight": 0.3136659983235919, "id": 9}, {"weight": 1, "random_weight": 0.5267437808438726, "id": 10}, {"weight": 2, "random_weight": 0.5044982338202815, "id": 19}, {"weight": 1, "random_weight": 0.5096583218894705, "id": 20}], [{"weight": 1, "random_weight": 0.459556790598207, "id": 18}, {"weight": 3, "random_weight": 0.20543459088713156, "id": 28}], [{"weight": 1, "random_weight": 0.459556790598207, "id": 17}, {"weight": 3, "random_weight": 0.28723013977751577, "id": 21}, {"weight": 1, "random_weight": 0.6941028448093678, "id": 28}, {"weight": 1, "random_weight": 0.05304029804418908, "id": 43}, {"weight": 1, "random_weight": 0.47960234322791695, "id": 46}], [{"weight": 1, "random_weight": 0.08512564611498741, "id": 8}, {"weight": 2, "random_weight": 0.8466528874327927, "id": 9}, {"weight": 2, "random_weight": 0.5044982338202815, "id": 16}, {"weight": 1, "random_weight": 0.10618491046678036, "id": 20}, {"weight": 2, "random_weight": 0.5995005718127077, "id": 25}], [{"weight": 1, "random_weight": 0.6500957030265894, "id": 10}, {"weight": 1, "random_weight": 0.5690273372974549, "id": 11}, {"weight": 1, "random_weight": 0.5096583218894705, "id": 16}, {"weight": 1, "random_weight": 0.10618491046678036, "id": 19}, {"weight": 2, "random_weight": 0.641565839531461, "id": 25}, {"weight": 1, "random_weight": 0.22934305357067652, "id": 34}, {"weight": 1, "random_weight": 0.42307166777207705, "id": 35}], [{"weight": 1, "random_weight": 0.6786667499072622, "id": 0}, {"weight": 1, "random_weight": 0.10508178040061078, "id": 6}, {"weight": 3, "random_weight": 0.28723013977751577, "id": 18}, {"weight": 1, "random_weight": 0.5652078758666697, "id": 46}], [{"weight": 1, "random_weight": 0.7651739900507347, "id": 24}, {"weight": 1, "random_weight": 0.3617083686599555, "id": 28}, {"weight": 3, "random_weight": 0.8151307204292578, "id": 36}], [{"weight": 3, "random_weight": 0.09271812589563133, "id": 24}, {"weight": 1, "random_weight": 0.5877384992022797, "id": 32}, {"weight": 2, "random_weight": 0.7168955432256244, "id": 38}], [{"weight": 1, "random_weight": 0.7651739900507347, "id": 22}, {"weight": 3, "random_weight": 0.09271812589563133, "id": 23}, {"weight": 1, "random_weight": 0.45882936416716913, "id": 33}, {"weight": 1, "random_weight": 0.9682388747759132, "id": 36}, {"weight": 1, "random_weight": 0.09223978499729424, "id": 41}], [{"weight": 2, "random_weight": 0.004009413589486588, "id": 8}, {"weight": 2, "random_weight": 0.5995005718127077, "id": 19}, {"weight": 2, "random_weight": 0.641565839531461, "id": 20}, {"weight": 2, "random_weight": 0.5581698190193164, "id": 34}], [{"weight": 3, "random_weight": 0.6717820954178236, "id": 14}, {"weight": 2, "random_weight": 0.3950051045322912, "id": 27}, {"weight": 1, "random_weight": 0.6054275005863993, "id": 31}], [{"weight": 2, "random_weight": 0.3950051045322912, "id": 26}, {"weight": 2, "random_weight": 0.9511739552175336, "id": 29}, {"weight": 1, "random_weight": 0.08930408262438339, "id": 30}, {"weight": 1, "random_weight": 0.696425959406522, "id": 31}], [{"weight": 3, "random_weight": 0.20543459088713156, "id": 17}, {"weight": 1, "random_weight": 0.6941028448093678, "id": 18}, {"weight": 1, "random_weight": 0.3617083686599555, "id": 22}, {"weight": 1, "random_weight": 0.24139670445516348, "id": 36}, {"weight": 1, "random_weight": 0.8084581864234681, "id": 43}], [{"weight": 2, "random_weight": 0.9511739552175336, "id": 27}, {"weight": 2, "random_weight": 0.4853213206107888, "id": 30}, {"weight": 1, "random_weight": 0.2410197779376847, "id": 39}, {"weight": 3, "random_weight": 0.5079692456194891, "id": 44}], [{"weight": 1, "random_weight": 0.12832365611465102, "id": 2}, {"weight": 1, "random_weight": 0.08930408262438339, "id": 27}, {"weight": 2, "random_weight": 0.4853213206107888, "id": 29}, {"weight": 1, "random_weight": 0.9116472489331419, "id": 39}], [{"weight": 2, "random_weight": 0.7627921876401245, "id": 12}, {"weight": 1, "random_weight": 0.6054275005863993, "id": 26}, {"weight": 1, "random_weight": 0.696425959406522, "id": 27}, {"weight": 1, "random_weight": 0.6840441365293555, "id": 32}, {"weight": 1, "random_weight": 0.5791362853252056, "id": 33}, {"weight": 1, "random_weight": 0.6172229080945687, "id": 44}, {"weight": 1, "random_weight": 0.5409745002158449, "id": 45}], [{"weight": 2, "random_weight": 0.6428959511342156, "id": 14}, {"weight": 1, "random_weight": 0.5877384992022797, "id": 23}, {"weight": 1, "random_weight": 0.6840441365293555, "id": 31}, {"weight": 3, "random_weight": 0.7239178547137752, "id": 33}, {"weight": 1, "random_weight": 0.08933270973672525, "id": 38}], [{"weight": 1, "random_weight": 0.45882936416716913, "id": 24}, {"weight": 1, "random_weight": 0.5791362853252056, "id": 31}, {"weight": 3, "random_weight": 0.7239178547137752, "id": 32}, {"weight": 1, "random_weight": 0.530123014079812, "id": 41}, {"weight": 1, "random_weight": 0.5888873929675873, "id": 45}, {"weight": 1, "random_weight": 0.898301402522582, "id": 47}], [{"weight": 1, "random_weight": 0.7511110466841047, "id": 8}, {"weight": 1, "random_weight": 0.22934305357067652, "id": 20}, {"weight": 2, "random_weight": 0.5581698190193164, "id": 25}, {"weight": 1, "random_weight": 0.32734252487730064, "id": 35}, {"weight": 2, "random_weight": 0.15267071098913865, "id": 37}], [{"weight": 2, "random_weight": 0.6073444730676589, "id": 11}, {"weight": 2, "random_weight": 0.9165136346794547, "id": 15}, {"weight": 1, "random_weight": 0.42307166777207705, "id": 20}, {"weight": 1, "random_weight": 0.32734252487730064, "id": 34}, {"weight": 1, "random_weight": 0.782876963960013, "id": 37}, {"weight": 1, "random_weight": 0.5776478842464723, "id": 39}], [{"weight": 3, "random_weight": 0.8151307204292578, "id": 22}, {"weight": 1, "random_weight": 0.9682388747759132, "id": 24}, {"weight": 1, "random_weight": 0.24139670445516348, "id": 28}, {"weight": 2, "random_weight": 0.6372324080109679, "id": 41}, {"weight": 1, "random_weight": 0.44710358234950387, "id": 43}], [{"weight": 1, "random_weight": 0.6717393620928505, "id": 3}, {"weight": 1, "random_weight": 0.5735552643731899, "id": 15}, {"weight": 2, "random_weight": 0.15267071098913865, "id": 34}, {"weight": 1, "random_weight": 0.782876963960013, "id": 35}], [{"weight": 3, "random_weight": 0.17622811329555677, "id": 13}, {"weight": 2, "random_weight": 0.7168955432256244, "id": 23}, {"weight": 1, "random_weight": 0.08933270973672525, "id": 32}], [{"weight": 1, "random_weight": 0.02946361937168518, "id": 2}, {"weight": 2, "random_weight": 0.39103746888512214, "id": 15}, {"weight": 1, "random_weight": 0.2410197779376847, "id": 29}, {"weight": 1, "random_weight": 0.9116472489331419, "id": 30}, {"weight": 1, "random_weight": 0.5776478842464723, "id": 35}, {"weight": 1, "random_weight": 0.04609979361976335, "id": 40}, {"weight": 1, "random_weight": 0.49296078231192964, "id": 44}], [{"weight": 3, "random_weight": 0.06799148204742012, "id": 11}, {"weight": 2, "random_weight": 0.9860943736053343, "id": 12}, {"weight": 1, "random_weight": 0.04609979361976335, "id": 39}, {"weight": 2, "random_weight": 0.8691278604634775, "id": 44}], [{"weight": 1, "random_weight": 0.09223978499729424, "id": 24}, {"weight": 1, "random_weight": 0.530123014079812, "id": 33}, {"weight": 2, "random_weight": 0.6372324080109679, "id": 36}, {"weight": 2, "random_weight": 0.8805711564720629, "id": 42}, {"weight": 1, "random_weight": 0.43683554062911856, "id": 43}, {"weight": 1, "random_weight": 0.0810882935972792, "id": 47}], [{"weight": 1, "random_weight": 0.6149614013873296, "id": 4}, {"weight": 2, "random_weight": 0.8805711564720629, "id": 41}, {"weight": 1, "random_weight": 0.017961318442442975, "id": 43}, {"weight": 1, "random_weight": 0.7987551533093392, "id": 46}, {"weight": 3, "random_weight": 0.5024091543074818, "id": 47}], [{"weight": 1, "random_weight": 0.05304029804418908, "id": 18}, {"weight": 1, "random_weight": 0.8084581864234681, "id": 28}, {"weight": 1, "random_weight": 0.44710358234950387, "id": 36}, {"weight": 1, "random_weight": 0.43683554062911856, "id": 41}, {"weight": 1, "random_weight": 0.017961318442442975, "id": 42}, {"weight": 3, "random_weight": 0.15994003780847743, "id": 46}], [{"weight": 1, "random_weight": 0.8514152120673287, "id": 12}, {"weight": 3, "random_weight": 0.5079692456194891, "id": 29}, {"weight": 1, "random_weight": 0.6172229080945687, "id": 31}, {"weight": 1, "random_weight": 0.49296078231192964, "id": 39}, {"weight": 2, "random_weight": 0.8691278604634775, "id": 40}], [{"weight": 1, "random_weight": 0.29814320245766623, "id": 4}, {"weight": 1, "random_weight": 0.6648777966165443, "id": 10}, {"weight": 2, "random_weight": 0.5791464221669166, "id": 12}, {"weight": 1, "random_weight": 0.5409745002158449, "id": 31}, {"weight": 1, "random_weight": 0.5888873929675873, "id": 33}, {"weight": 2, "random_weight": 0.05918331963122225, "id": 47}], [{"weight": 1, "random_weight": 0.8794399163064094, "id": 5}, {"weight": 1, "random_weight": 0.24797197263933113, "id": 6}, {"weight": 1, "random_weight": 0.47960234322791695, "id": 18}, {"weight": 1, "random_weight": 0.5652078758666697, "id": 21}, {"weight": 1, "random_weight": 0.7987551533093392, "id": 42}, {"weight": 3, "random_weight": 0.15994003780847743, "id": 43}], [{"weight": 1, "random_weight": 0.9595943811522369, "id": 4}, {"weight": 1, "random_weight": 0.898301402522582, "id": 33}, {"weight": 1, "random_weight": 0.0810882935972792, "id": 41}, {"weight": 3, "random_weight": 0.5024091543074818, "id": 42}, {"weight": 2, "random_weight": 0.05918331963122225, "id": 45}]]}