{"directed": false, "multigraph": false, "graph": [], "nodes": [{"graph": null, "nnodes": 3, "nedges": 2, "density": 0.6666666666666666, "atomics": "[138, 139, 140]", "group_pop": 3, "init_part_assignment": 4, "id": 0}, {"graph": null, "nnodes": 3, "nedges": 2, "density": 0.6666666666666666, "atomics": "[8, 9, 10]", "group_pop": 3, "init_part_assignment": 7, "id": 1}, {"graph": null, "nnodes": 3, "nedges": 2, "density": 0.6666666666666666, "atomics": "[11, 22, 23]", "group_pop": 3, "init_part_assignment": 7, "id": 2}, {"graph": null, "nnodes": 3, "nedges": 2, "density": 0.6666666666666666, "atomics": "[89, 90, 101]", "group_pop": 3, "init_part_assignment": 8, "id": 3}, {"graph": null, "nnodes": 3, "nedges": 2, "density": 0.6666666666666666, "atomics": "[113, 137, 125]", "group_pop": 3, "init_part_assignment": 4, "id": 4}, {"graph": null, "nnodes": 3, "nedges": 2, "density": 0.6666666666666666, "atomics": "[131, 119, 143]", "group_pop": 3, "init_part_assignment": 5, "id": 5}, {"graph": null, "nnodes": 3, "nedges": 2, "density": 0.6666666666666666, "atomics": "[128, 129, 116]", "group_pop": 3, "init_part_assignment": 8, "id": 6}, {"graph": null, "nnodes": 3, "nedges": 2, "density": 0.6666666666666666, "atomics": "[130, 141, 142]", "group_pop": 3, "init_part_assignment": 4, "id": 7}, {"graph": null, "nnodes": 3, "nedges": 2, "density": 0.6666666666666666, "atomics": "[66, 77, 78]", "group_pop": 3, "init_part_assignment": 8, "id": 8}, {"graph": null, "nnodes": 3, "nedges": 2, "density": 0.6666666666666666, "atomics": "[56, 67, 55]", "group_pop": 3, "init_part_assignment": 11, "id": 9}, {"graph": null, "nnodes": 3, "nedges": 2, "density": 0.6666666666666666, "atomics": "[42, 54, 30]", "group_pop": 3, "init_part_assignment": 10, "id": 10}, {"graph": null, "nnodes": 3, "nedges": 2, "density": 0.6666666666666666, "atomics": "[0, 24, 12]", "group_pop": 3, "init_part_assignment": 2, "id": 11}, {"graph": null, "nnodes": 3, "nedges": 2, "density": 0.6666666666666666, "atomics": "[1, 2, 13]", "group_pop": 3, "init_part_assignment": 2, "id": 12}, {"graph": null, "nnodes": 3, "nedges": 2, "density": 0.6666666666666666, "atomics": "[34, 35, 46]", "group_pop": 3, "init_part_assignment": 7, "id": 13}, {"graph": null, "nnodes": 3, "nedges": 2, "density": 0.6666666666666666, "atomics": "[59, 47, 71]", "group_pop": 3, "init_part_assignment": 7, "id": 14}, {"graph": null, "nnodes": 3, "nedges": 2, "density": 0.6666666666666666, "atomics": "[115, 102, 103]", "group_pop": 3, "init_part_assignment": 8, "id": 15}, {"graph": null, "nnodes": 3, "nedges": 2, "density": 0.6666666666666666, "atomics": "[114, 126, 127]", "group_pop": 3, "init_part_assignment": 4, "id": 16}, {"graph": null, "nnodes": 3, "nedges": 2, "density": 0.6666666666666666, "atomics": "[120, 121, 132]", "group_pop": 3, "init_part_assignment": 0, "id": 17}, {"graph": null, "nnodes": 3, "nedges": 2, "density": 0.6666666666666666, "atomics": "[122, 133, 134]", "group_pop": 3, "init_part_assignment": 0, "id": 18}, {"graph": null, "nnodes": 3, "nedges": 2, "density": 0.6666666666666666, "atomics": "[104, 105, 93]", "group_pop": 3, "init_part_assignment": 5, "id": 19}, {"graph": null, "nnodes": 3, "nedges": 2, "density": 0.6666666666666666, "atomics": "[91, 92, 79]", "group_pop": 3, "init_part_assignment": 9, "id": 20}, {"graph": null, "nnodes": 3, "nedges": 2, "density": 0.6666666666666666, "atomics": "[136, 124, 112]", "group_pop": 3, "init_part_assignment": 6, "id": 21}, {"graph": null, "nnodes": 3, "nedges": 2, "density": 0.6666666666666666, "atomics": "[135, 123, 111]", "group_pop": 3, "init_part_assignment": 0, "id": 22}, {"graph": null, "nnodes": 3, "nedges": 2, "density": 0.6666666666666666, "atomics": "[106, 117, 118]", "group_pop": 3, "init_part_assignment": 5, "id": 23}, {"graph": null, "nnodes": 3, "nedges": 2, "density": 0.6666666666666666, "atomics": "[72, 60, 84]", "group_pop": 3, "init_part_assignment": 1, "id": 24}, {"graph": null, "nnodes": 3, "nedges": 2, "density": 0.6666666666666666, "atomics": "[48, 49, 36]", "group_pop": 3, "init_part_assignment": 3, "id": 25}, {"graph": null, "nnodes": 3, "nedges": 2, "density": 0.6666666666666666, "atomics": "[107, 83, 95]", "group_pop": 3, "init_part_assignment": 5, "id": 26}, {"graph": null, "nnodes": 3, "nedges": 2, "density": 0.6666666666666666, "atomics": "[16, 17, 29]", "group_pop": 3, "init_part_assignment": 10, "id": 27}, {"graph": null, "nnodes": 3, "nedges": 2, "density": 0.6666666666666666, "atomics": "[3, 4, 5]", "group_pop": 3, "init_part_assignment": 2, "id": 28}, {"graph": null, "nnodes": 3, "nedges": 2, "density": 0.6666666666666666, "atomics": "[80, 81, 68]", "group_pop": 3, "init_part_assignment": 9, "id": 29}, {"graph": null, "nnodes": 3, "nedges": 2, "density": 0.6666666666666666, "atomics": "[26, 14, 15]", "group_pop": 3, "init_part_assignment": 3, "id": 30}, {"graph": null, "nnodes": 3, "nedges": 2, "density": 0.6666666666666666, "atomics": "[108, 109, 110]", "group_pop": 3, "init_part_assignment": 0, "id": 31}, {"graph": null, "nnodes": 3, "nedges": 2, "density": 0.6666666666666666, "atomics": "[19, 20, 31]", "group_pop": 3, "init_part_assignment": 11, "id": 32}, {"graph": null, "nnodes": 3, "nedges": 2, "density": 0.6666666666666666, "atomics": "[18, 6, 7]", "group_pop": 3, "init_part_assignment": 10, "id": 33}, {"graph": null, "nnodes": 3, "nedges": 2, "density": 0.6666666666666666, "atomics": "[27, 28, 39]", "group_pop": 3, "init_part_assignment": 3, "id": 34}, {"graph": null, "nnodes": 3, "nedges": 2, "density": 0.6666666666666666, "atomics": "[94, 82, 70]", "group_pop": 3, "init_part_assignment": 9, "id": 35}, {"graph": null, "nnodes": 3, "nedges": 2, "density": 0.6666666666666666, "atomics": "[73, 85, 86]", "group_pop": 3, "init_part_assignment": 1, "id": 36}, {"graph": null, "nnodes": 3, "nedges": 2, "density": 0.6666666666666666, "atomics": "[74, 61, 62]", "group_pop": 3, "init_part_assignment": 1, "id": 37}, {"graph": null, "nnodes": 3, "nedges": 2, "density": 0.6666666666666666, "atomics": "[57, 58, 69]", "group_pop": 3, "init_part_assignment": 9, "id": 38}, {"graph": null, "nnodes": 3, "nedges": 2, "density": 0.6666666666666666, "atomics": "[25, 37, 38]", "group_pop": 3, "init_part_assignment": 2, "id": 39}, {"graph": null, "nnodes": 3, "nedges": 2, "density": 0.6666666666666666, "atomics": "[33, 45, 21]", "group_pop": 3, "init_part_assignment": 11, "id": 40}, {"graph": null, "nnodes": 3, "nedges": 2, "density": 0.6666666666666666, "atomics": "[32, 43, 44]", "group_pop": 3, "init_part_assignment": 11, "id": 41}, {"graph": null, "nnodes": 3, "nedges": 2, "density": 0.6666666666666666, "atomics": "[75, 99, 87]", "group_pop": 3, "init_part_assignment": 6, "id": 42}, {"graph": null, "nnodes": 3, "nedges": 2, "density": 0.6666666666666666, "atomics": "[96, 97, 98]", "group_pop": 3, "init_part_assignment": 1, "id": 43}, {"graph": null, "nnodes": 3, "nedges": 2, "density": 0.6666666666666666, "atomics": "[64, 65, 53]", "group_pop": 3, "init_part_assignment": 6, "id": 44}, {"graph": null, "nnodes": 3, "nedges": 2, "density": 0.6666666666666666, "atomics": "[50, 51, 63]", "group_pop": 3, "init_part_assignment": 3, "id": 45}, {"graph": null, "nnodes": 3, "nedges": 2, "density": 0.6666666666666666, "atomics": "[88, 100, 76]", "group_pop": 3, "init_part_assignment": 6, "id": 46}, {"graph": null, "nnodes": 3, "nedges": 2, "density": 0.6666666666666666, "atomics": "[40, 41, 52]", "group_pop": 3, "init_part_assignment": 10, "id": 47}], "adjacency": [[{"weight": 1, "random_weight": 0.5734953826176036, "id": 4}, {"weight": 1, "random_weight": 0.834578726375349, "id": 6}, {"weight": 1, "random_weight": 0.5904207896896494, "id": 7}, {"weight": 2, "random_weight": 0.601101066689336, "id": 16}], [{"weight": 2, "random_weight": 0.05561219240983839, "id": 2}, {"weight": 1, "random_weight": 0.9380518364182727, "id": 32}, {"weight": 1, "random_weight": 0.1508676776910508, "id": 33}, {"weight": 1, "random_weight": 0.39106911882159956, "id": 40}], [{"weight": 2, "random_weight": 0.05561219240983839, "id": 1}, {"weight": 2, "random_weight": 0.03502439856779538, "id": 13}, {"weight": 1, "random_weight": 0.7850525053622489, "id": 40}], [{"weight": 1, "random_weight": 0.8418930931285381, "id": 4}, {"weight": 2, "random_weight": 0.7037036976455128, "id": 8}, {"weight": 2, "random_weight": 0.6530822529368068, "id": 15}, {"weight": 1, "random_weight": 0.9021670118625911, "id": 20}, {"weight": 2, "random_weight": 0.736725631661964, "id": 46}], [{"weight": 1, "random_weight": 0.5734953826176036, "id": 0}, {"weight": 1, "random_weight": 0.8418930931285381, "id": 3}, {"weight": 2, "random_weight": 0.0627373086380908, "id": 16}, {"weight": 3, "random_weight": 0.9637212280236005, "id": 21}], [{"weight": 2, "random_weight": 0.6453606044862936, "id": 7}, {"weight": 1, "random_weight": 0.7440701617869224, "id": 23}, {"weight": 1, "random_weight": 0.826184665297593, "id": 26}], [{"weight": 1, "random_weight": 0.834578726375349, "id": 0}, {"weight": 2, "random_weight": 0.7410387469024985, "id": 7}, {"weight": 1, "random_weight": 0.2110260522384797, "id": 15}, {"weight": 1, "random_weight": 0.7705615898068299, "id": 16}, {"weight": 1, "random_weight": 0.9264230023225712, "id": 19}, {"weight": 2, "random_weight": 0.8598687674794565, "id": 23}], [{"weight": 1, "random_weight": 0.5904207896896494, "id": 0}, {"weight": 2, "random_weight": 0.6453606044862936, "id": 5}, {"weight": 2, "random_weight": 0.7410387469024985, "id": 6}, {"weight": 1, "random_weight": 0.703624966478265, "id": 23}], [{"weight": 2, "random_weight": 0.7037036976455128, "id": 3}, {"weight": 1, "random_weight": 0.6507475589072599, "id": 9}, {"weight": 1, "random_weight": 0.6190757488273999, "id": 10}, {"weight": 1, "random_weight": 0.24985156813671416, "id": 20}, {"weight": 2, "random_weight": 0.113504524816183, "id": 44}, {"weight": 1, "random_weight": 0.7166563024097241, "id": 46}], [{"weight": 1, "random_weight": 0.6507475589072599, "id": 8}, {"weight": 1, "random_weight": 0.880759251489223, "id": 10}, {"weight": 1, "random_weight": 0.28263014993506985, "id": 20}, {"weight": 2, "random_weight": 0.15914883919068445, "id": 29}, {"weight": 1, "random_weight": 0.3187801946293304, "id": 38}, {"weight": 2, "random_weight": 0.2429657733195203, "id": 41}], [{"weight": 1, "random_weight": 0.6190757488273999, "id": 8}, {"weight": 1, "random_weight": 0.880759251489223, "id": 9}, {"weight": 1, "random_weight": 0.3041631599563549, "id": 27}, {"weight": 1, "random_weight": 0.7612078565314261, "id": 32}, {"weight": 1, "random_weight": 0.5506437349737141, "id": 33}, {"weight": 1, "random_weight": 0.6988571262270017, "id": 41}, {"weight": 1, "random_weight": 0.9666618286224673, "id": 44}, {"weight": 1, "random_weight": 0.07959437768794464, "id": 47}], [{"weight": 2, "random_weight": 0.39801963080232927, "id": 12}, {"weight": 1, "random_weight": 0.8073899158532888, "id": 25}, {"weight": 1, "random_weight": 0.2170890596490448, "id": 39}], [{"weight": 2, "random_weight": 0.39801963080232927, "id": 11}, {"weight": 1, "random_weight": 0.38085456620536706, "id": 28}, {"weight": 2, "random_weight": 0.43687421330932985, "id": 30}, {"weight": 1, "random_weight": 0.41200642726087977, "id": 39}], [{"weight": 2, "random_weight": 0.03502439856779538, "id": 2}, {"weight": 2, "random_weight": 0.11899607552736913, "id": 14}, {"weight": 1, "random_weight": 0.9483987757130999, "id": 38}, {"weight": 2, "random_weight": 0.9506393182914429, "id": 40}], [{"weight": 2, "random_weight": 0.11899607552736913, "id": 13}, {"weight": 1, "random_weight": 0.9702080088311159, "id": 26}, {"weight": 1, "random_weight": 0.7766667836255535, "id": 35}, {"weight": 1, "random_weight": 0.7168962031109609, "id": 38}], [{"weight": 2, "random_weight": 0.6530822529368068, "id": 3}, {"weight": 1, "random_weight": 0.2110260522384797, "id": 6}, {"weight": 3, "random_weight": 0.33147909015504673, "id": 16}, {"weight": 1, "random_weight": 0.9972467312402193, "id": 19}, {"weight": 1, "random_weight": 0.8267436266760655, "id": 20}], [{"weight": 2, "random_weight": 0.601101066689336, "id": 0}, {"weight": 2, "random_weight": 0.0627373086380908, "id": 4}, {"weight": 1, "random_weight": 0.7705615898068299, "id": 6}, {"weight": 3, "random_weight": 0.33147909015504673, "id": 15}], [{"weight": 3, "random_weight": 0.11787630409804217, "id": 18}, {"weight": 2, "random_weight": 0.6814190041397279, "id": 31}], [{"weight": 3, "random_weight": 0.11787630409804217, "id": 17}, {"weight": 2, "random_weight": 0.8588424590736567, "id": 22}, {"weight": 1, "random_weight": 0.2396864561227393, "id": 31}], [{"weight": 1, "random_weight": 0.9264230023225712, "id": 6}, {"weight": 1, "random_weight": 0.9972467312402193, "id": 15}, {"weight": 2, "random_weight": 0.2980276772394067, "id": 20}, {"weight": 2, "random_weight": 0.11659983653956474, "id": 23}, {"weight": 1, "random_weight": 0.6700421169976045, "id": 29}, {"weight": 1, "random_weight": 0.5160610286465311, "id": 35}], [{"weight": 1, "random_weight": 0.9021670118625911, "id": 3}, {"weight": 1, "random_weight": 0.24985156813671416, "id": 8}, {"weight": 1, "random_weight": 0.28263014993506985, "id": 9}, {"weight": 1, "random_weight": 0.8267436266760655, "id": 15}, {"weight": 2, "random_weight": 0.2980276772394067, "id": 19}, {"weight": 2, "random_weight": 0.10025787805293052, "id": 29}], [{"weight": 3, "random_weight": 0.9637212280236005, "id": 4}, {"weight": 3, "random_weight": 0.8503348224453355, "id": 22}, {"weight": 1, "random_weight": 0.8450230033321944, "id": 46}], [{"weight": 2, "random_weight": 0.8588424590736567, "id": 18}, {"weight": 3, "random_weight": 0.8503348224453355, "id": 21}, {"weight": 1, "random_weight": 0.003821097311199173, "id": 31}, {"weight": 1, "random_weight": 0.2821615810547542, "id": 42}], [{"weight": 1, "random_weight": 0.7440701617869224, "id": 5}, {"weight": 2, "random_weight": 0.8598687674794565, "id": 6}, {"weight": 1, "random_weight": 0.703624966478265, "id": 7}, {"weight": 2, "random_weight": 0.11659983653956474, "id": 19}, {"weight": 1, "random_weight": 0.9535326000218711, "id": 26}, {"weight": 1, "random_weight": 0.4268937905114304, "id": 35}], [{"weight": 1, "random_weight": 0.6778927051989133, "id": 25}, {"weight": 2, "random_weight": 0.20071469419905863, "id": 36}, {"weight": 1, "random_weight": 0.22945813531613712, "id": 37}, {"weight": 1, "random_weight": 0.3625261226636396, "id": 43}], [{"weight": 1, "random_weight": 0.8073899158532888, "id": 11}, {"weight": 1, "random_weight": 0.6778927051989133, "id": 24}, {"weight": 1, "random_weight": 0.40097377931576117, "id": 37}, {"weight": 2, "random_weight": 0.6903635856984418, "id": 39}, {"weight": 1, "random_weight": 0.7260415036235293, "id": 45}], [{"weight": 1, "random_weight": 0.826184665297593, "id": 5}, {"weight": 1, "random_weight": 0.9702080088311159, "id": 14}, {"weight": 1, "random_weight": 0.9535326000218711, "id": 23}, {"weight": 2, "random_weight": 0.9179638642574411, "id": 35}], [{"weight": 1, "random_weight": 0.3041631599563549, "id": 10}, {"weight": 2, "random_weight": 0.3997565050365913, "id": 28}, {"weight": 1, "random_weight": 0.7604924353207327, "id": 30}, {"weight": 1, "random_weight": 0.7252930524844168, "id": 33}, {"weight": 2, "random_weight": 0.407717716629428, "id": 34}, {"weight": 1, "random_weight": 0.33310445832901137, "id": 47}], [{"weight": 1, "random_weight": 0.38085456620536706, "id": 12}, {"weight": 2, "random_weight": 0.3997565050365913, "id": 27}, {"weight": 1, "random_weight": 0.1642044668965319, "id": 30}, {"weight": 1, "random_weight": 0.4944176867111032, "id": 33}], [{"weight": 2, "random_weight": 0.15914883919068445, "id": 9}, {"weight": 1, "random_weight": 0.6700421169976045, "id": 19}, {"weight": 2, "random_weight": 0.10025787805293052, "id": 20}, {"weight": 1, "random_weight": 0.276630156361255, "id": 35}, {"weight": 2, "random_weight": 0.3345931350303357, "id": 38}], [{"weight": 2, "random_weight": 0.43687421330932985, "id": 12}, {"weight": 1, "random_weight": 0.7604924353207327, "id": 27}, {"weight": 1, "random_weight": 0.1642044668965319, "id": 28}, {"weight": 2, "random_weight": 0.05153201415471875, "id": 34}, {"weight": 2, "random_weight": 0.7932081202410174, "id": 39}], [{"weight": 2, "random_weight": 0.6814190041397279, "id": 17}, {"weight": 1, "random_weight": 0.2396864561227393, "id": 18}, {"weight": 1, "random_weight": 0.003821097311199173, "id": 22}, {"weight": 3, "random_weight": 0.5275226713136891, "id": 43}], [{"weight": 1, "random_weight": 0.9380518364182727, "id": 1}, {"weight": 1, "random_weight": 0.7612078565314261, "id": 10}, {"weight": 2, "random_weight": 0.6040049975292084, "id": 33}, {"weight": 1, "random_weight": 0.9139922666082289, "id": 40}, {"weight": 3, "random_weight": 0.22907490229751315, "id": 41}], [{"weight": 1, "random_weight": 0.1508676776910508, "id": 1}, {"weight": 1, "random_weight": 0.5506437349737141, "id": 10}, {"weight": 1, "random_weight": 0.7252930524844168, "id": 27}, {"weight": 1, "random_weight": 0.4944176867111032, "id": 28}, {"weight": 2, "random_weight": 0.6040049975292084, "id": 32}], [{"weight": 2, "random_weight": 0.407717716629428, "id": 27}, {"weight": 2, "random_weight": 0.05153201415471875, "id": 30}, {"weight": 1, "random_weight": 0.5783313333736131, "id": 39}, {"weight": 1, "random_weight": 0.3064296388898152, "id": 45}, {"weight": 2, "random_weight": 0.06706981585092997, "id": 47}], [{"weight": 1, "random_weight": 0.7766667836255535, "id": 14}, {"weight": 1, "random_weight": 0.5160610286465311, "id": 19}, {"weight": 1, "random_weight": 0.4268937905114304, "id": 23}, {"weight": 2, "random_weight": 0.9179638642574411, "id": 26}, {"weight": 1, "random_weight": 0.276630156361255, "id": 29}, {"weight": 2, "random_weight": 0.23940642985223726, "id": 38}], [{"weight": 2, "random_weight": 0.20071469419905863, "id": 24}, {"weight": 3, "random_weight": 0.3316935926929794, "id": 37}, {"weight": 1, "random_weight": 0.7315948979093196, "id": 42}, {"weight": 2, "random_weight": 0.043863735042353746, "id": 43}], [{"weight": 1, "random_weight": 0.22945813531613712, "id": 24}, {"weight": 1, "random_weight": 0.40097377931576117, "id": 25}, {"weight": 3, "random_weight": 0.3316935926929794, "id": 36}, {"weight": 1, "random_weight": 0.11924275306851251, "id": 42}, {"weight": 2, "random_weight": 0.030047589975054967, "id": 45}], [{"weight": 1, "random_weight": 0.3187801946293304, "id": 9}, {"weight": 1, "random_weight": 0.9483987757130999, "id": 13}, {"weight": 1, "random_weight": 0.7168962031109609, "id": 14}, {"weight": 2, "random_weight": 0.3345931350303357, "id": 29}, {"weight": 2, "random_weight": 0.23940642985223726, "id": 35}, {"weight": 1, "random_weight": 0.6211649167702592, "id": 40}], [{"weight": 1, "random_weight": 0.2170890596490448, "id": 11}, {"weight": 1, "random_weight": 0.41200642726087977, "id": 12}, {"weight": 2, "random_weight": 0.6903635856984418, "id": 25}, {"weight": 2, "random_weight": 0.7932081202410174, "id": 30}, {"weight": 1, "random_weight": 0.5783313333736131, "id": 34}, {"weight": 1, "random_weight": 0.7835749613845605, "id": 45}], [{"weight": 1, "random_weight": 0.39106911882159956, "id": 1}, {"weight": 1, "random_weight": 0.7850525053622489, "id": 2}, {"weight": 2, "random_weight": 0.9506393182914429, "id": 13}, {"weight": 1, "random_weight": 0.9139922666082289, "id": 32}, {"weight": 1, "random_weight": 0.6211649167702592, "id": 38}, {"weight": 2, "random_weight": 0.07334790531025481, "id": 41}], [{"weight": 2, "random_weight": 0.2429657733195203, "id": 9}, {"weight": 1, "random_weight": 0.6988571262270017, "id": 10}, {"weight": 3, "random_weight": 0.22907490229751315, "id": 32}, {"weight": 2, "random_weight": 0.07334790531025481, "id": 40}], [{"weight": 1, "random_weight": 0.2821615810547542, "id": 22}, {"weight": 1, "random_weight": 0.7315948979093196, "id": 36}, {"weight": 1, "random_weight": 0.11924275306851251, "id": 37}, {"weight": 1, "random_weight": 0.7137532086021364, "id": 43}, {"weight": 1, "random_weight": 0.6878228510352024, "id": 45}, {"weight": 3, "random_weight": 0.5303194865526085, "id": 46}], [{"weight": 1, "random_weight": 0.3625261226636396, "id": 24}, {"weight": 3, "random_weight": 0.5275226713136891, "id": 31}, {"weight": 2, "random_weight": 0.043863735042353746, "id": 36}, {"weight": 1, "random_weight": 0.7137532086021364, "id": 42}], [{"weight": 2, "random_weight": 0.113504524816183, "id": 8}, {"weight": 1, "random_weight": 0.9666618286224673, "id": 10}, {"weight": 1, "random_weight": 0.49502516099612115, "id": 45}, {"weight": 1, "random_weight": 0.21177289856653259, "id": 46}, {"weight": 3, "random_weight": 0.7812288094650746, "id": 47}], [{"weight": 1, "random_weight": 0.7260415036235293, "id": 25}, {"weight": 1, "random_weight": 0.3064296388898152, "id": 34}, {"weight": 2, "random_weight": 0.030047589975054967, "id": 37}, {"weight": 1, "random_weight": 0.7835749613845605, "id": 39}, {"weight": 1, "random_weight": 0.6878228510352024, "id": 42}, {"weight": 1, "random_weight": 0.49502516099612115, "id": 44}, {"weight": 1, "random_weight": 0.601855033852246, "id": 47}], [{"weight": 2, "random_weight": 0.736725631661964, "id": 3}, {"weight": 1, "random_weight": 0.7166563024097241, "id": 8}, {"weight": 1, "random_weight": 0.8450230033321944, "id": 21}, {"weight": 3, "random_weight": 0.5303194865526085, "id": 42}, {"weight": 1, "random_weight": 0.21177289856653259, "id": 44}], [{"weight": 1, "random_weight": 0.07959437768794464, "id": 10}, {"weight": 1, "random_weight": 0.33310445832901137, "id": 27}, {"weight": 2, "random_weight": 0.06706981585092997, "id": 34}, {"weight": 3, "random_weight": 0.7812288094650746, "id": 44}, {"weight": 1, "random_weight": 0.601855033852246, "id": 45}]]}