{"directed": false, "multigraph": false, "graph": [], "nodes": [{"graph": null, "nnodes": 3, "nedges": 2, "density": 0.6666666666666666, "atomics": "[138, 126, 114]", "group_pop": 3, "init_part_assignment": 6, "id": 0}, {"graph": null, "nnodes": 3, "nedges": 2, "density": 0.6666666666666666, "atomics": "[139, 140, 141]", "group_pop": 3, "init_part_assignment": 6, "id": 1}, {"graph": null, "nnodes": 3, "nedges": 2, "density": 0.6666666666666666, "atomics": "[10, 11, 22]", "group_pop": 3, "init_part_assignment": 4, "id": 2}, {"graph": null, "nnodes": 3, "nedges": 2, "density": 0.6666666666666666, "atomics": "[35, 23, 47]", "group_pop": 3, "init_part_assignment": 4, "id": 3}, {"graph": null, "nnodes": 3, "nedges": 2, "density": 0.6666666666666666, "atomics": "[88, 89, 77]", "group_pop": 3, "init_part_assignment": 3, "id": 4}, {"graph": null, "nnodes": 3, "nedges": 2, "density": 0.6666666666666666, "atomics": "[113, 101, 102]", "group_pop": 3, "init_part_assignment": 3, "id": 5}, {"graph": null, "nnodes": 3, "nedges": 2, "density": 0.6666666666666666, "atomics": "[131, 142, 143]", "group_pop": 3, "init_part_assignment": 1, "id": 6}, {"graph": null, "nnodes": 3, "nedges": 2, "density": 0.6666666666666666, "atomics": "[130, 118, 119]", "group_pop": 3, "init_part_assignment": 1, "id": 7}, {"graph": null, "nnodes": 3, "nedges": 2, "density": 0.6666666666666666, "atomics": "[129, 117, 105]", "group_pop": 3, "init_part_assignment": 0, "id": 8}, {"graph": null, "nnodes": 3, "nedges": 2, "density": 0.6666666666666666, "atomics": "[66, 78, 79]", "group_pop": 3, "init_part_assignment": 2, "id": 9}, {"graph": null, "nnodes": 3, "nedges": 2, "density": 0.6666666666666666, "atomics": "[80, 67, 68]", "group_pop": 3, "init_part_assignment": 2, "id": 10}, {"graph": null, "nnodes": 3, "nedges": 2, "density": 0.6666666666666666, "atomics": "[41, 53, 54]", "group_pop": 3, "init_part_assignment": 9, "id": 11}, {"graph": null, "nnodes": 3, "nedges": 2, "density": 0.6666666666666666, "atomics": "[0, 24, 12]", "group_pop": 3, "init_part_assignment": 5, "id": 12}, {"graph": null, "nnodes": 3, "nedges": 2, "density": 0.6666666666666666, "atomics": "[1, 2, 3]", "group_pop": 3, "init_part_assignment": 5, "id": 13}, {"graph": null, "nnodes": 3, "nedges": 2, "density": 0.6666666666666666, "atomics": "[33, 34, 21]", "group_pop": 3, "init_part_assignment": 4, "id": 14}, {"graph": null, "nnodes": 3, "nedges": 2, "density": 0.6666666666666666, "atomics": "[128, 115, 127]", "group_pop": 3, "init_part_assignment": 0, "id": 15}, {"graph": null, "nnodes": 3, "nedges": 2, "density": 0.6666666666666666, "atomics": "[120, 132, 133]", "group_pop": 3, "init_part_assignment": 8, "id": 16}, {"graph": null, "nnodes": 3, "nedges": 2, "density": 0.6666666666666666, "atomics": "[121, 122, 134]", "group_pop": 3, "init_part_assignment": 8, "id": 17}, {"graph": null, "nnodes": 3, "nedges": 2, "density": 0.6666666666666666, "atomics": "[104, 116, 103]", "group_pop": 3, "init_part_assignment": 0, "id": 18}, {"graph": null, "nnodes": 3, "nedges": 2, "density": 0.6666666666666666, "atomics": "[90, 91, 92]", "group_pop": 3, "init_part_assignment": 0, "id": 19}, {"graph": null, "nnodes": 3, "nedges": 2, "density": 0.6666666666666666, "atomics": "[136, 137, 135]", "group_pop": 3, "init_part_assignment": 6, "id": 20}, {"graph": null, "nnodes": 3, "nedges": 2, "density": 0.6666666666666666, "atomics": "[72, 48, 60]", "group_pop": 3, "init_part_assignment": 10, "id": 21}, {"graph": null, "nnodes": 3, "nedges": 2, "density": 0.6666666666666666, "atomics": "[106, 107, 95]", "group_pop": 3, "init_part_assignment": 1, "id": 22}, {"graph": null, "nnodes": 3, "nedges": 2, "density": 0.6666666666666666, "atomics": "[123, 124, 125]", "group_pop": 3, "init_part_assignment": 6, "id": 23}, {"graph": null, "nnodes": 3, "nedges": 2, "density": 0.6666666666666666, "atomics": "[16, 4, 15]", "group_pop": 3, "init_part_assignment": 5, "id": 24}, {"graph": null, "nnodes": 3, "nedges": 2, "density": 0.6666666666666666, "atomics": "[17, 5, 6]", "group_pop": 3, "init_part_assignment": 7, "id": 25}, {"graph": null, "nnodes": 3, "nedges": 2, "density": 0.6666666666666666, "atomics": "[81, 93, 94]", "group_pop": 3, "init_part_assignment": 2, "id": 26}, {"graph": null, "nnodes": 3, "nedges": 2, "density": 0.6666666666666666, "atomics": "[25, 13, 14]", "group_pop": 3, "init_part_assignment": 5, "id": 27}, {"graph": null, "nnodes": 3, "nedges": 2, "density": 0.6666666666666666, "atomics": "[97, 109, 85]", "group_pop": 3, "init_part_assignment": 10, "id": 28}, {"graph": null, "nnodes": 3, "nedges": 2, "density": 0.6666666666666666, "atomics": "[32, 19, 20]", "group_pop": 3, "init_part_assignment": 7, "id": 29}, {"graph": null, "nnodes": 3, "nedges": 2, "density": 0.6666666666666666, "atomics": "[8, 9, 7]", "group_pop": 3, "init_part_assignment": 7, "id": 30}, {"graph": null, "nnodes": 3, "nedges": 2, "density": 0.6666666666666666, "atomics": "[18, 30, 31]", "group_pop": 3, "init_part_assignment": 7, "id": 31}, {"graph": null, "nnodes": 3, "nedges": 2, "density": 0.6666666666666666, "atomics": "[40, 28, 29]", "group_pop": 3, "init_part_assignment": 9, "id": 32}, {"graph": null, "nnodes": 3, "nedges": 2, "density": 0.6666666666666666, "atomics": "[26, 27, 39]", "group_pop": 3, "init_part_assignment": 11, "id": 33}, {"graph": null, "nnodes": 3, "nedges": 2, "density": 0.6666666666666666, "atomics": "[82, 83, 71]", "group_pop": 3, "init_part_assignment": 1, "id": 34}, {"graph": null, "nnodes": 3, "nedges": 2, "density": 0.6666666666666666, "atomics": "[57, 69, 70]", "group_pop": 3, "init_part_assignment": 2, "id": 35}, {"graph": null, "nnodes": 3, "nedges": 2, "density": 0.6666666666666666, "atomics": "[73, 61, 49]", "group_pop": 3, "init_part_assignment": 3, "id": 36}, {"graph": null, "nnodes": 3, "nedges": 2, "density": 0.6666666666666666, "atomics": "[56, 44, 45]", "group_pop": 3, "init_part_assignment": 9, "id": 37}, {"graph": null, "nnodes": 3, "nedges": 2, "density": 0.6666666666666666, "atomics": "[58, 59, 46]", "group_pop": 3, "init_part_assignment": 4, "id": 38}, {"graph": null, "nnodes": 3, "nedges": 2, "density": 0.6666666666666666, "atomics": "[36, 37, 38]", "group_pop": 3, "init_part_assignment": 10, "id": 39}, {"graph": null, "nnodes": 3, "nedges": 2, "density": 0.6666666666666666, "atomics": "[42, 43, 55]", "group_pop": 3, "init_part_assignment": 9, "id": 40}, {"graph": null, "nnodes": 3, "nedges": 2, "density": 0.6666666666666666, "atomics": "[74, 86, 87]", "group_pop": 3, "init_part_assignment": 3, "id": 41}, {"graph": null, "nnodes": 3, "nedges": 2, "density": 0.6666666666666666, "atomics": "[75, 62, 63]", "group_pop": 3, "init_part_assignment": 11, "id": 42}, {"graph": null, "nnodes": 3, "nedges": 2, "density": 0.6666666666666666, "atomics": "[96, 108, 84]", "group_pop": 3, "init_part_assignment": 10, "id": 43}, {"graph": null, "nnodes": 3, "nedges": 2, "density": 0.6666666666666666, "atomics": "[98, 99, 110]", "group_pop": 3, "init_part_assignment": 8, "id": 44}, {"graph": null, "nnodes": 3, "nedges": 2, "density": 0.6666666666666666, "atomics": "[64, 65, 76]", "group_pop": 3, "init_part_assignment": 11, "id": 45}, {"graph": null, "nnodes": 3, "nedges": 2, "density": 0.6666666666666666, "atomics": "[50, 51, 52]", "group_pop": 3, "init_part_assignment": 11, "id": 46}, {"graph": null, "nnodes": 3, "nedges": 2, "density": 0.6666666666666666, "atomics": "[112, 100, 111]", "group_pop": 3, "init_part_assignment": 8, "id": 47}], "adjacency": [[{"weight": 1, "random_weight": 0.5272256586721596, "id": 1}, {"weight": 2, "random_weight": 0.7678385057431091, "id": 5}, {"weight": 2, "random_weight": 0.8687294413235366, "id": 15}, {"weight": 1, "random_weight": 0.6593810934753809, "id": 20}, {"weight": 1, "random_weight": 0.8791879499966958, "id": 23}], [{"weight": 1, "random_weight": 0.5272256586721596, "id": 0}, {"weight": 1, "random_weight": 0.652796640838396, "id": 6}, {"weight": 1, "random_weight": 0.7578199322637368, "id": 8}, {"weight": 2, "random_weight": 0.5707852994142638, "id": 15}], [{"weight": 2, "random_weight": 0.46463398504996767, "id": 3}, {"weight": 2, "random_weight": 0.02755115519138085, "id": 14}, {"weight": 1, "random_weight": 0.6975882878925823, "id": 30}], [{"weight": 2, "random_weight": 0.46463398504996767, "id": 2}, {"weight": 1, "random_weight": 0.09829397339724133, "id": 14}, {"weight": 2, "random_weight": 0.10560760029275751, "id": 38}], [{"weight": 1, "random_weight": 0.08718292310767972, "id": 5}, {"weight": 1, "random_weight": 0.6758234656447359, "id": 9}, {"weight": 1, "random_weight": 0.8954033984271265, "id": 19}, {"weight": 1, "random_weight": 0.16655125694862527, "id": 41}, {"weight": 3, "random_weight": 0.5226551945031467, "id": 45}, {"weight": 1, "random_weight": 0.6592750779595978, "id": 47}], [{"weight": 2, "random_weight": 0.7678385057431091, "id": 0}, {"weight": 1, "random_weight": 0.08718292310767972, "id": 4}, {"weight": 1, "random_weight": 0.6570003225362334, "id": 18}, {"weight": 1, "random_weight": 0.9704484087267693, "id": 19}, {"weight": 1, "random_weight": 0.5867763463213216, "id": 23}, {"weight": 2, "random_weight": 0.718403166268692, "id": 47}], [{"weight": 1, "random_weight": 0.652796640838396, "id": 1}, {"weight": 3, "random_weight": 0.378381588539042, "id": 7}], [{"weight": 3, "random_weight": 0.378381588539042, "id": 6}, {"weight": 2, "random_weight": 0.5273220312254179, "id": 8}, {"weight": 2, "random_weight": 0.35826662607949644, "id": 22}], [{"weight": 1, "random_weight": 0.7578199322637368, "id": 1}, {"weight": 2, "random_weight": 0.5273220312254179, "id": 7}, {"weight": 1, "random_weight": 0.7276242594318364, "id": 15}, {"weight": 2, "random_weight": 0.0821644831383711, "id": 18}, {"weight": 1, "random_weight": 0.7885546621337517, "id": 22}, {"weight": 1, "random_weight": 0.8162283693773452, "id": 26}], [{"weight": 1, "random_weight": 0.6758234656447359, "id": 4}, {"weight": 3, "random_weight": 0.3299905823760988, "id": 10}, {"weight": 1, "random_weight": 0.6455286838819909, "id": 11}, {"weight": 2, "random_weight": 0.9703948247491022, "id": 19}, {"weight": 1, "random_weight": 0.5887366506488547, "id": 45}], [{"weight": 3, "random_weight": 0.3299905823760988, "id": 9}, {"weight": 1, "random_weight": 0.568640361447133, "id": 19}, {"weight": 1, "random_weight": 0.7294229125776729, "id": 26}, {"weight": 1, "random_weight": 0.07116476747196443, "id": 35}, {"weight": 1, "random_weight": 0.4583801981205927, "id": 37}, {"weight": 1, "random_weight": 0.21540042191731545, "id": 40}], [{"weight": 1, "random_weight": 0.6455286838819909, "id": 9}, {"weight": 2, "random_weight": 0.01162220364390154, "id": 32}, {"weight": 3, "random_weight": 0.04194026481689905, "id": 40}, {"weight": 1, "random_weight": 0.8791442734574029, "id": 45}, {"weight": 1, "random_weight": 0.49498353153877594, "id": 46}], [{"weight": 1, "random_weight": 0.8438594881920694, "id": 13}, {"weight": 2, "random_weight": 0.4521304846462414, "id": 27}, {"weight": 1, "random_weight": 0.8968304264017363, "id": 39}], [{"weight": 1, "random_weight": 0.8438594881920694, "id": 12}, {"weight": 2, "random_weight": 0.40658193408549914, "id": 24}, {"weight": 2, "random_weight": 0.12524616241655606, "id": 27}], [{"weight": 2, "random_weight": 0.02755115519138085, "id": 2}, {"weight": 1, "random_weight": 0.09829397339724133, "id": 3}, {"weight": 2, "random_weight": 0.5019809209392078, "id": 29}, {"weight": 1, "random_weight": 0.6091185662388738, "id": 30}, {"weight": 1, "random_weight": 0.7492861584836397, "id": 37}, {"weight": 1, "random_weight": 0.9003838030071183, "id": 38}], [{"weight": 2, "random_weight": 0.8687294413235366, "id": 0}, {"weight": 2, "random_weight": 0.5707852994142638, "id": 1}, {"weight": 1, "random_weight": 0.7276242594318364, "id": 8}, {"weight": 3, "random_weight": 0.19453499710595779, "id": 18}], [{"weight": 3, "random_weight": 0.10574114788692535, "id": 17}, {"weight": 1, "random_weight": 0.7910791508348569, "id": 43}], [{"weight": 3, "random_weight": 0.10574114788692535, "id": 16}, {"weight": 1, "random_weight": 0.8137370708343716, "id": 20}, {"weight": 1, "random_weight": 0.6205723948414994, "id": 23}, {"weight": 1, "random_weight": 0.6759314417842973, "id": 28}, {"weight": 1, "random_weight": 0.4850703449634408, "id": 44}], [{"weight": 1, "random_weight": 0.6570003225362334, "id": 5}, {"weight": 2, "random_weight": 0.0821644831383711, "id": 8}, {"weight": 3, "random_weight": 0.19453499710595779, "id": 15}, {"weight": 2, "random_weight": 0.1271211962188713, "id": 19}], [{"weight": 1, "random_weight": 0.8954033984271265, "id": 4}, {"weight": 1, "random_weight": 0.9704484087267693, "id": 5}, {"weight": 2, "random_weight": 0.9703948247491022, "id": 9}, {"weight": 1, "random_weight": 0.568640361447133, "id": 10}, {"weight": 2, "random_weight": 0.1271211962188713, "id": 18}, {"weight": 1, "random_weight": 0.21751812236373536, "id": 26}], [{"weight": 1, "random_weight": 0.6593810934753809, "id": 0}, {"weight": 1, "random_weight": 0.8137370708343716, "id": 17}, {"weight": 3, "random_weight": 0.30160685244021934, "id": 23}], [{"weight": 3, "random_weight": 0.5233253338809256, "id": 36}, {"weight": 1, "random_weight": 0.025024407203235066, "id": 39}, {"weight": 1, "random_weight": 0.42309622245103107, "id": 43}], [{"weight": 2, "random_weight": 0.35826662607949644, "id": 7}, {"weight": 1, "random_weight": 0.7885546621337517, "id": 8}, {"weight": 2, "random_weight": 0.8902226640252582, "id": 26}, {"weight": 1, "random_weight": 0.6110649248456912, "id": 34}], [{"weight": 1, "random_weight": 0.8791879499966958, "id": 0}, {"weight": 1, "random_weight": 0.5867763463213216, "id": 5}, {"weight": 1, "random_weight": 0.6205723948414994, "id": 17}, {"weight": 3, "random_weight": 0.30160685244021934, "id": 20}, {"weight": 2, "random_weight": 0.9740563210727036, "id": 47}], [{"weight": 2, "random_weight": 0.40658193408549914, "id": 13}, {"weight": 2, "random_weight": 0.527850424412024, "id": 25}, {"weight": 1, "random_weight": 0.8724392825136912, "id": 27}, {"weight": 1, "random_weight": 0.8989110294327858, "id": 32}, {"weight": 1, "random_weight": 0.6573762750192214, "id": 33}], [{"weight": 2, "random_weight": 0.527850424412024, "id": 24}, {"weight": 1, "random_weight": 0.38259092865161304, "id": 30}, {"weight": 2, "random_weight": 0.2864723557971961, "id": 31}, {"weight": 1, "random_weight": 0.6205175011481082, "id": 32}], [{"weight": 1, "random_weight": 0.8162283693773452, "id": 8}, {"weight": 1, "random_weight": 0.7294229125776729, "id": 10}, {"weight": 1, "random_weight": 0.21751812236373536, "id": 19}, {"weight": 2, "random_weight": 0.8902226640252582, "id": 22}, {"weight": 2, "random_weight": 0.5923084893470251, "id": 34}, {"weight": 1, "random_weight": 0.13546677126243067, "id": 35}], [{"weight": 2, "random_weight": 0.4521304846462414, "id": 12}, {"weight": 2, "random_weight": 0.12524616241655606, "id": 13}, {"weight": 1, "random_weight": 0.8724392825136912, "id": 24}, {"weight": 2, "random_weight": 0.350370054811043, "id": 33}, {"weight": 1, "random_weight": 0.07445004314926607, "id": 39}], [{"weight": 1, "random_weight": 0.6759314417842973, "id": 17}, {"weight": 1, "random_weight": 0.302178249214905, "id": 36}, {"weight": 1, "random_weight": 0.9232413866041578, "id": 41}, {"weight": 3, "random_weight": 0.5674722251632313, "id": 43}, {"weight": 2, "random_weight": 0.7126931898074541, "id": 44}], [{"weight": 2, "random_weight": 0.5019809209392078, "id": 14}, {"weight": 2, "random_weight": 0.5413766428944712, "id": 30}, {"weight": 3, "random_weight": 0.12245525572689253, "id": 31}, {"weight": 1, "random_weight": 0.6195095526014118, "id": 37}], [{"weight": 1, "random_weight": 0.6975882878925823, "id": 2}, {"weight": 1, "random_weight": 0.6091185662388738, "id": 14}, {"weight": 1, "random_weight": 0.38259092865161304, "id": 25}, {"weight": 2, "random_weight": 0.5413766428944712, "id": 29}], [{"weight": 2, "random_weight": 0.2864723557971961, "id": 25}, {"weight": 3, "random_weight": 0.12245525572689253, "id": 29}, {"weight": 1, "random_weight": 0.9017136943648307, "id": 32}, {"weight": 2, "random_weight": 0.8402384495758701, "id": 40}], [{"weight": 2, "random_weight": 0.01162220364390154, "id": 11}, {"weight": 1, "random_weight": 0.8989110294327858, "id": 24}, {"weight": 1, "random_weight": 0.6205175011481082, "id": 25}, {"weight": 1, "random_weight": 0.9017136943648307, "id": 31}, {"weight": 2, "random_weight": 0.16514192486618906, "id": 33}, {"weight": 1, "random_weight": 0.6930035214867163, "id": 46}], [{"weight": 1, "random_weight": 0.6573762750192214, "id": 24}, {"weight": 2, "random_weight": 0.350370054811043, "id": 27}, {"weight": 2, "random_weight": 0.16514192486618906, "id": 32}, {"weight": 2, "random_weight": 0.7593168801594637, "id": 39}, {"weight": 1, "random_weight": 0.5363708699461501, "id": 46}], [{"weight": 1, "random_weight": 0.6110649248456912, "id": 22}, {"weight": 2, "random_weight": 0.5923084893470251, "id": 26}, {"weight": 2, "random_weight": 0.39904248858929725, "id": 35}, {"weight": 1, "random_weight": 0.9376565105312269, "id": 38}], [{"weight": 1, "random_weight": 0.07116476747196443, "id": 10}, {"weight": 1, "random_weight": 0.13546677126243067, "id": 26}, {"weight": 2, "random_weight": 0.39904248858929725, "id": 34}, {"weight": 2, "random_weight": 0.9590261278859182, "id": 37}, {"weight": 2, "random_weight": 0.6692410440021287, "id": 38}], [{"weight": 3, "random_weight": 0.5233253338809256, "id": 21}, {"weight": 1, "random_weight": 0.302178249214905, "id": 28}, {"weight": 1, "random_weight": 0.868482831035479, "id": 39}, {"weight": 1, "random_weight": 0.46785431240864706, "id": 41}, {"weight": 1, "random_weight": 0.9117473218899445, "id": 42}, {"weight": 1, "random_weight": 0.9022548744846587, "id": 46}], [{"weight": 1, "random_weight": 0.4583801981205927, "id": 10}, {"weight": 1, "random_weight": 0.7492861584836397, "id": 14}, {"weight": 1, "random_weight": 0.6195095526014118, "id": 29}, {"weight": 2, "random_weight": 0.9590261278859182, "id": 35}, {"weight": 1, "random_weight": 0.8158344427763136, "id": 38}, {"weight": 2, "random_weight": 0.9912673822448594, "id": 40}], [{"weight": 2, "random_weight": 0.10560760029275751, "id": 3}, {"weight": 1, "random_weight": 0.9003838030071183, "id": 14}, {"weight": 1, "random_weight": 0.9376565105312269, "id": 34}, {"weight": 2, "random_weight": 0.6692410440021287, "id": 35}, {"weight": 1, "random_weight": 0.8158344427763136, "id": 37}], [{"weight": 1, "random_weight": 0.8968304264017363, "id": 12}, {"weight": 1, "random_weight": 0.025024407203235066, "id": 21}, {"weight": 1, "random_weight": 0.07445004314926607, "id": 27}, {"weight": 2, "random_weight": 0.7593168801594637, "id": 33}, {"weight": 1, "random_weight": 0.868482831035479, "id": 36}, {"weight": 1, "random_weight": 0.31342464187466545, "id": 46}], [{"weight": 1, "random_weight": 0.21540042191731545, "id": 10}, {"weight": 3, "random_weight": 0.04194026481689905, "id": 11}, {"weight": 2, "random_weight": 0.8402384495758701, "id": 31}, {"weight": 2, "random_weight": 0.9912673822448594, "id": 37}], [{"weight": 1, "random_weight": 0.16655125694862527, "id": 4}, {"weight": 1, "random_weight": 0.9232413866041578, "id": 28}, {"weight": 1, "random_weight": 0.46785431240864706, "id": 36}, {"weight": 3, "random_weight": 0.693180760971659, "id": 42}, {"weight": 2, "random_weight": 0.5317726733262188, "id": 44}], [{"weight": 1, "random_weight": 0.9117473218899445, "id": 36}, {"weight": 3, "random_weight": 0.693180760971659, "id": 41}, {"weight": 2, "random_weight": 0.8869492454908751, "id": 45}, {"weight": 2, "random_weight": 0.6209732209338547, "id": 46}], [{"weight": 1, "random_weight": 0.7910791508348569, "id": 16}, {"weight": 1, "random_weight": 0.42309622245103107, "id": 21}, {"weight": 3, "random_weight": 0.5674722251632313, "id": 28}], [{"weight": 1, "random_weight": 0.4850703449634408, "id": 17}, {"weight": 2, "random_weight": 0.7126931898074541, "id": 28}, {"weight": 2, "random_weight": 0.5317726733262188, "id": 41}, {"weight": 3, "random_weight": 0.27556621083212285, "id": 47}], [{"weight": 3, "random_weight": 0.5226551945031467, "id": 4}, {"weight": 1, "random_weight": 0.5887366506488547, "id": 9}, {"weight": 1, "random_weight": 0.8791442734574029, "id": 11}, {"weight": 2, "random_weight": 0.8869492454908751, "id": 42}, {"weight": 1, "random_weight": 0.4433357726534132, "id": 46}], [{"weight": 1, "random_weight": 0.49498353153877594, "id": 11}, {"weight": 1, "random_weight": 0.6930035214867163, "id": 32}, {"weight": 1, "random_weight": 0.5363708699461501, "id": 33}, {"weight": 1, "random_weight": 0.9022548744846587, "id": 36}, {"weight": 1, "random_weight": 0.31342464187466545, "id": 39}, {"weight": 2, "random_weight": 0.6209732209338547, "id": 42}, {"weight": 1, "random_weight": 0.4433357726534132, "id": 45}], [{"weight": 1, "random_weight": 0.6592750779595978, "id": 4}, {"weight": 2, "random_weight": 0.718403166268692, "id": 5}, {"weight": 2, "random_weight": 0.9740563210727036, "id": 23}, {"weight": 3, "random_weight": 0.27556621083212285, "id": 44}]]}