{"directed": false, "multigraph": false, "graph": [], "nodes": [{"graph": null, "nnodes": 3, "nedges": 2, "density": 0.6666666666666666, "atomics": "[138, 139, 127]", "group_pop": 3, "init_part_assignment": 8, "id": 0}, {"graph": null, "nnodes": 3, "nedges": 2, "density": 0.6666666666666666, "atomics": "[128, 129, 140]", "group_pop": 3, "init_part_assignment": 8, "id": 1}, {"graph": null, "nnodes": 3, "nedges": 2, "density": 0.6666666666666666, "atomics": "[10, 11, 23]", "group_pop": 3, "init_part_assignment": 1, "id": 2}, {"graph": null, "nnodes": 3, "nedges": 2, "density": 0.6666666666666666, "atomics": "[89, 90, 102]", "group_pop": 3, "init_part_assignment": 9, "id": 3}, {"graph": null, "nnodes": 3, "nedges": 2, "density": 0.6666666666666666, "atomics": "[88, 100, 101]", "group_pop": 3, "init_part_assignment": 9, "id": 4}, {"graph": null, "nnodes": 3, "nedges": 2, "density": 0.6666666666666666, "atomics": "[113, 125, 126]", "group_pop": 3, "init_part_assignment": 5, "id": 5}, {"graph": null, "nnodes": 3, "nedges": 2, "density": 0.6666666666666666, "atomics": "[130, 131, 119]", "group_pop": 3, "init_part_assignment": 0, "id": 6}, {"graph": null, "nnodes": 3, "nedges": 2, "density": 0.6666666666666666, "atomics": "[141, 142, 143]", "group_pop": 3, "init_part_assignment": 0, "id": 7}, {"graph": null, "nnodes": 3, "nedges": 2, "density": 0.6666666666666666, "atomics": "[65, 66, 53]", "group_pop": 3, "init_part_assignment": 7, "id": 8}, {"graph": null, "nnodes": 3, "nedges": 2, "density": 0.6666666666666666, "atomics": "[56, 67, 55]", "group_pop": 3, "init_part_assignment": 11, "id": 9}, {"graph": null, "nnodes": 3, "nedges": 2, "density": 0.6666666666666666, "atomics": "[42, 43, 54]", "group_pop": 3, "init_part_assignment": 11, "id": 10}, {"graph": null, "nnodes": 3, "nedges": 2, "density": 0.6666666666666666, "atomics": "[0, 1, 2]", "group_pop": 3, "init_part_assignment": 4, "id": 11}, {"graph": null, "nnodes": 3, "nedges": 2, "density": 0.6666666666666666, "atomics": "[34, 35, 22]", "group_pop": 3, "init_part_assignment": 1, "id": 12}, {"graph": null, "nnodes": 3, "nedges": 2, "density": 0.6666666666666666, "atomics": "[59, 47, 71]", "group_pop": 3, "init_part_assignment": 10, "id": 13}, {"graph": null, "nnodes": 3, "nedges": 2, "density": 0.6666666666666666, "atomics": "[114, 115, 116]", "group_pop": 3, "init_part_assignment": 8, "id": 14}, {"graph": null, "nnodes": 3, "nedges": 2, "density": 0.6666666666666666, "atomics": "[120, 132, 133]", "group_pop": 3, "init_part_assignment": 3, "id": 15}, {"graph": null, "nnodes": 3, "nedges": 2, "density": 0.6666666666666666, "atomics": "[121, 122, 134]", "group_pop": 3, "init_part_assignment": 5, "id": 16}, {"graph": null, "nnodes": 3, "nedges": 2, "density": 0.6666666666666666, "atomics": "[104, 91, 103]", "group_pop": 3, "init_part_assignment": 8, "id": 17}, {"graph": null, "nnodes": 3, "nedges": 2, "density": 0.6666666666666666, "atomics": "[80, 92, 68]", "group_pop": 3, "init_part_assignment": 9, "id": 18}, {"graph": null, "nnodes": 3, "nedges": 2, "density": 0.6666666666666666, "atomics": "[77, 78, 79]", "group_pop": 3, "init_part_assignment": 9, "id": 19}, {"graph": null, "nnodes": 3, "nedges": 2, "density": 0.6666666666666666, "atomics": "[136, 137, 135]", "group_pop": 3, "init_part_assignment": 5, "id": 20}, {"graph": null, "nnodes": 3, "nedges": 2, "density": 0.6666666666666666, "atomics": "[105, 117, 93]", "group_pop": 3, "init_part_assignment": 0, "id": 21}, {"graph": null, "nnodes": 3, "nedges": 2, "density": 0.6666666666666666, "atomics": "[106, 107, 118]", "group_pop": 3, "init_part_assignment": 0, "id": 22}, {"graph": null, "nnodes": 3, "nedges": 2, "density": 0.6666666666666666, "atomics": "[72, 48, 60]", "group_pop": 3, "init_part_assignment": 3, "id": 23}, {"graph": null, "nnodes": 3, "nedges": 2, "density": 0.6666666666666666, "atomics": "[16, 17, 29]", "group_pop": 3, "init_part_assignment": 2, "id": 24}, {"graph": null, "nnodes": 3, "nedges": 2, "density": 0.6666666666666666, "atomics": "[3, 4, 5]", "group_pop": 3, "init_part_assignment": 2, "id": 25}, {"graph": null, "nnodes": 3, "nedges": 2, "density": 0.6666666666666666, "atomics": "[81, 82, 70]", "group_pop": 3, "init_part_assignment": 10, "id": 26}, {"graph": null, "nnodes": 3, "nedges": 2, "density": 0.6666666666666666, "atomics": "[13, 14, 15]", "group_pop": 3, "init_part_assignment": 4, "id": 27}, {"graph": null, "nnodes": 3, "nedges": 2, "density": 0.6666666666666666, "atomics": "[96, 108, 109]", "group_pop": 3, "init_part_assignment": 3, "id": 28}, {"graph": null, "nnodes": 3, "nedges": 2, "density": 0.6666666666666666, "atomics": "[19, 30, 31]", "group_pop": 3, "init_part_assignment": 2, "id": 29}, {"graph": null, "nnodes": 3, "nedges": 2, "density": 0.6666666666666666, "atomics": "[18, 6, 7]", "group_pop": 3, "init_part_assignment": 2, "id": 30}, {"graph": null, "nnodes": 3, "nedges": 2, "density": 0.6666666666666666, "atomics": "[27, 28, 39]", "group_pop": 3, "init_part_assignment": 7, "id": 31}, {"graph": null, "nnodes": 3, "nedges": 2, "density": 0.6666666666666666, "atomics": "[83, 94, 95]", "group_pop": 3, "init_part_assignment": 10, "id": 32}, {"graph": null, "nnodes": 3, "nedges": 2, "density": 0.6666666666666666, "atomics": "[73, 61, 49]", "group_pop": 3, "init_part_assignment": 6, "id": 33}, {"graph": null, "nnodes": 3, "nedges": 2, "density": 0.6666666666666666, "atomics": "[57, 58, 69]", "group_pop": 3, "init_part_assignment": 10, "id": 34}, {"graph": null, "nnodes": 3, "nedges": 2, "density": 0.6666666666666666, "atomics": "[24, 36, 12]", "group_pop": 3, "init_part_assignment": 4, "id": 35}, {"graph": null, "nnodes": 3, "nedges": 2, "density": 0.6666666666666666, "atomics": "[25, 26, 37]", "group_pop": 3, "init_part_assignment": 4, "id": 36}, {"graph": null, "nnodes": 3, "nedges": 2, "density": 0.6666666666666666, "atomics": "[32, 33, 20]", "group_pop": 3, "init_part_assignment": 1, "id": 37}, {"graph": null, "nnodes": 3, "nedges": 2, "density": 0.6666666666666666, "atomics": "[44, 45, 46]", "group_pop": 3, "init_part_assignment": 11, "id": 38}, {"graph": null, "nnodes": 3, "nedges": 2, "density": 0.6666666666666666, "atomics": "[74, 75, 76]", "group_pop": 3, "init_part_assignment": 6, "id": 39}, {"graph": null, "nnodes": 3, "nedges": 2, "density": 0.6666666666666666, "atomics": "[86, 98, 110]", "group_pop": 3, "init_part_assignment": 6, "id": 40}, {"graph": null, "nnodes": 3, "nedges": 2, "density": 0.6666666666666666, "atomics": "[112, 123, 124]", "group_pop": 3, "init_part_assignment": 5, "id": 41}, {"graph": null, "nnodes": 3, "nedges": 2, "density": 0.6666666666666666, "atomics": "[97, 84, 85]", "group_pop": 3, "init_part_assignment": 3, "id": 42}, {"graph": null, "nnodes": 3, "nedges": 2, "density": 0.6666666666666666, "atomics": "[8, 9, 21]", "group_pop": 3, "init_part_assignment": 1, "id": 43}, {"graph": null, "nnodes": 3, "nedges": 2, "density": 0.6666666666666666, "atomics": "[38, 50, 62]", "group_pop": 3, "init_part_assignment": 7, "id": 44}, {"graph": null, "nnodes": 3, "nedges": 2, "density": 0.6666666666666666, "atomics": "[99, 111, 87]", "group_pop": 3, "init_part_assignment": 6, "id": 45}, {"graph": null, "nnodes": 3, "nedges": 2, "density": 0.6666666666666666, "atomics": "[64, 51, 63]", "group_pop": 3, "init_part_assignment": 7, "id": 46}, {"graph": null, "nnodes": 3, "nedges": 2, "density": 0.6666666666666666, "atomics": "[40, 41, 52]", "group_pop": 3, "init_part_assignment": 11, "id": 47}], "adjacency": [[{"weight": 2, "random_weight": 0.1407970851400523, "id": 1}, {"weight": 2, "random_weight": 0.4017275207346157, "id": 5}, {"weight": 1, "random_weight": 0.0870150684717762, "id": 14}, {"weight": 1, "random_weight": 0.8417956157000216, "id": 20}], [{"weight": 2, "random_weight": 0.1407970851400523, "id": 0}, {"weight": 1, "random_weight": 0.7874913100062501, "id": 6}, {"weight": 2, "random_weight": 0.8903219492320857, "id": 7}, {"weight": 1, "random_weight": 0.6135352976832656, "id": 14}, {"weight": 1, "random_weight": 0.4012040887629573, "id": 21}], [{"weight": 3, "random_weight": 0.8574453566943921, "id": 12}, {"weight": 1, "random_weight": 0.2681599228078009, "id": 43}], [{"weight": 3, "random_weight": 0.073642229928913, "id": 4}, {"weight": 1, "random_weight": 0.7881982624720213, "id": 14}, {"weight": 2, "random_weight": 0.9918190868115402, "id": 17}, {"weight": 2, "random_weight": 0.3540068030586043, "id": 19}], [{"weight": 3, "random_weight": 0.073642229928913, "id": 3}, {"weight": 1, "random_weight": 0.5329575923084937, "id": 5}, {"weight": 1, "random_weight": 0.06130246833201336, "id": 39}, {"weight": 1, "random_weight": 0.39490725359835677, "id": 41}, {"weight": 2, "random_weight": 0.8153880765399418, "id": 45}], [{"weight": 2, "random_weight": 0.4017275207346157, "id": 0}, {"weight": 1, "random_weight": 0.5329575923084937, "id": 4}, {"weight": 2, "random_weight": 0.614928454145518, "id": 14}, {"weight": 1, "random_weight": 0.9133895200386172, "id": 20}, {"weight": 2, "random_weight": 0.013791307014898058, "id": 41}], [{"weight": 1, "random_weight": 0.7874913100062501, "id": 1}, {"weight": 2, "random_weight": 0.6446272822060869, "id": 7}, {"weight": 3, "random_weight": 0.2175575319067471, "id": 22}], [{"weight": 2, "random_weight": 0.8903219492320857, "id": 1}, {"weight": 2, "random_weight": 0.6446272822060869, "id": 6}], [{"weight": 1, "random_weight": 0.8904821898249067, "id": 9}, {"weight": 2, "random_weight": 0.8044929871631146, "id": 10}, {"weight": 2, "random_weight": 0.7807698126541349, "id": 19}, {"weight": 1, "random_weight": 0.5713057609603481, "id": 46}, {"weight": 2, "random_weight": 0.795009676137072, "id": 47}], [{"weight": 1, "random_weight": 0.8904821898249067, "id": 8}, {"weight": 2, "random_weight": 0.09929414933115688, "id": 10}, {"weight": 2, "random_weight": 0.9583711038465342, "id": 18}, {"weight": 1, "random_weight": 0.3200909056077178, "id": 19}, {"weight": 1, "random_weight": 0.6065434714611863, "id": 34}, {"weight": 1, "random_weight": 0.9476827097888316, "id": 38}], [{"weight": 2, "random_weight": 0.8044929871631146, "id": 8}, {"weight": 2, "random_weight": 0.09929414933115688, "id": 9}, {"weight": 2, "random_weight": 0.3342249089404079, "id": 29}, {"weight": 1, "random_weight": 0.24375965778012587, "id": 38}, {"weight": 1, "random_weight": 0.9403658429818773, "id": 47}], [{"weight": 1, "random_weight": 0.8820093163907571, "id": 25}, {"weight": 2, "random_weight": 0.0569256640936282, "id": 27}, {"weight": 1, "random_weight": 0.758576386012358, "id": 35}], [{"weight": 3, "random_weight": 0.8574453566943921, "id": 2}, {"weight": 1, "random_weight": 0.623749136268183, "id": 13}, {"weight": 1, "random_weight": 0.9765745282063943, "id": 37}, {"weight": 1, "random_weight": 0.9276218857779085, "id": 38}, {"weight": 1, "random_weight": 0.7201649766839847, "id": 43}], [{"weight": 1, "random_weight": 0.623749136268183, "id": 12}, {"weight": 1, "random_weight": 0.9841196479089827, "id": 26}, {"weight": 1, "random_weight": 0.44988152637204404, "id": 32}, {"weight": 1, "random_weight": 0.45560167953025044, "id": 34}, {"weight": 1, "random_weight": 0.1711935535793917, "id": 38}], [{"weight": 1, "random_weight": 0.0870150684717762, "id": 0}, {"weight": 1, "random_weight": 0.6135352976832656, "id": 1}, {"weight": 1, "random_weight": 0.7881982624720213, "id": 3}, {"weight": 2, "random_weight": 0.614928454145518, "id": 5}, {"weight": 2, "random_weight": 0.33963707537498056, "id": 17}, {"weight": 1, "random_weight": 0.6777468659022671, "id": 21}], [{"weight": 3, "random_weight": 0.6468207759365555, "id": 16}, {"weight": 1, "random_weight": 0.3677770732899882, "id": 28}], [{"weight": 3, "random_weight": 0.6468207759365555, "id": 15}, {"weight": 1, "random_weight": 0.9147634314115467, "id": 20}, {"weight": 1, "random_weight": 0.4928847882239715, "id": 28}, {"weight": 1, "random_weight": 0.8731038703707634, "id": 40}, {"weight": 1, "random_weight": 0.8234784551126059, "id": 41}], [{"weight": 2, "random_weight": 0.9918190868115402, "id": 3}, {"weight": 2, "random_weight": 0.33963707537498056, "id": 14}, {"weight": 2, "random_weight": 0.5532913632345301, "id": 18}, {"weight": 1, "random_weight": 0.3525717095899785, "id": 19}, {"weight": 1, "random_weight": 0.8623477734462098, "id": 21}], [{"weight": 2, "random_weight": 0.9583711038465342, "id": 9}, {"weight": 2, "random_weight": 0.5532913632345301, "id": 17}, {"weight": 1, "random_weight": 0.6611935383207944, "id": 19}, {"weight": 1, "random_weight": 0.6790791511244698, "id": 21}, {"weight": 1, "random_weight": 0.7618921664374202, "id": 26}, {"weight": 1, "random_weight": 0.9610163585324463, "id": 34}], [{"weight": 2, "random_weight": 0.3540068030586043, "id": 3}, {"weight": 2, "random_weight": 0.7807698126541349, "id": 8}, {"weight": 1, "random_weight": 0.3200909056077178, "id": 9}, {"weight": 1, "random_weight": 0.3525717095899785, "id": 17}, {"weight": 1, "random_weight": 0.6611935383207944, "id": 18}, {"weight": 1, "random_weight": 0.7441830693656386, "id": 39}], [{"weight": 1, "random_weight": 0.8417956157000216, "id": 0}, {"weight": 1, "random_weight": 0.9133895200386172, "id": 5}, {"weight": 1, "random_weight": 0.9147634314115467, "id": 16}, {"weight": 2, "random_weight": 0.21330076065803705, "id": 41}], [{"weight": 1, "random_weight": 0.4012040887629573, "id": 1}, {"weight": 1, "random_weight": 0.6777468659022671, "id": 14}, {"weight": 1, "random_weight": 0.8623477734462098, "id": 17}, {"weight": 1, "random_weight": 0.6790791511244698, "id": 18}, {"weight": 2, "random_weight": 0.5829811182456123, "id": 22}, {"weight": 1, "random_weight": 0.6999591176115673, "id": 26}, {"weight": 1, "random_weight": 0.8266288745462446, "id": 32}], [{"weight": 3, "random_weight": 0.2175575319067471, "id": 6}, {"weight": 2, "random_weight": 0.5829811182456123, "id": 21}, {"weight": 2, "random_weight": 0.7213914109620361, "id": 32}], [{"weight": 3, "random_weight": 0.9596445737206044, "id": 33}, {"weight": 1, "random_weight": 0.5413450052651656, "id": 35}, {"weight": 1, "random_weight": 0.37632267446688095, "id": 42}], [{"weight": 2, "random_weight": 0.2545025598550238, "id": 25}, {"weight": 1, "random_weight": 0.9050531963702904, "id": 27}, {"weight": 1, "random_weight": 0.3010252527865662, "id": 29}, {"weight": 1, "random_weight": 0.9777257138703339, "id": 30}, {"weight": 2, "random_weight": 0.3472518005817118, "id": 31}, {"weight": 1, "random_weight": 0.5599301933252844, "id": 47}], [{"weight": 1, "random_weight": 0.8820093163907571, "id": 11}, {"weight": 2, "random_weight": 0.2545025598550238, "id": 24}, {"weight": 1, "random_weight": 0.03102412233503904, "id": 27}, {"weight": 1, "random_weight": 0.7235902655043384, "id": 30}], [{"weight": 1, "random_weight": 0.9841196479089827, "id": 13}, {"weight": 1, "random_weight": 0.7618921664374202, "id": 18}, {"weight": 1, "random_weight": 0.6999591176115673, "id": 21}, {"weight": 2, "random_weight": 0.6790317055416275, "id": 32}, {"weight": 3, "random_weight": 0.19606631603002178, "id": 34}], [{"weight": 2, "random_weight": 0.0569256640936282, "id": 11}, {"weight": 1, "random_weight": 0.9050531963702904, "id": 24}, {"weight": 1, "random_weight": 0.03102412233503904, "id": 25}, {"weight": 1, "random_weight": 0.8372057050072084, "id": 31}, {"weight": 1, "random_weight": 0.8058960543565987, "id": 35}, {"weight": 2, "random_weight": 0.12035237113121866, "id": 36}], [{"weight": 1, "random_weight": 0.3677770732899882, "id": 15}, {"weight": 1, "random_weight": 0.4928847882239715, "id": 16}, {"weight": 1, "random_weight": 0.5017169771467599, "id": 40}, {"weight": 3, "random_weight": 0.3124396374510915, "id": 42}], [{"weight": 2, "random_weight": 0.3342249089404079, "id": 10}, {"weight": 1, "random_weight": 0.3010252527865662, "id": 24}, {"weight": 3, "random_weight": 0.7866268410427556, "id": 30}, {"weight": 2, "random_weight": 0.7507626228939628, "id": 37}], [{"weight": 1, "random_weight": 0.9777257138703339, "id": 24}, {"weight": 1, "random_weight": 0.7235902655043384, "id": 25}, {"weight": 3, "random_weight": 0.7866268410427556, "id": 29}, {"weight": 1, "random_weight": 0.8787803159082112, "id": 43}], [{"weight": 2, "random_weight": 0.3472518005817118, "id": 24}, {"weight": 1, "random_weight": 0.8372057050072084, "id": 27}, {"weight": 1, "random_weight": 0.729633719200728, "id": 36}, {"weight": 1, "random_weight": 0.0742313901979309, "id": 44}, {"weight": 1, "random_weight": 0.2806174542271477, "id": 46}, {"weight": 2, "random_weight": 0.7411578111844946, "id": 47}], [{"weight": 1, "random_weight": 0.44988152637204404, "id": 13}, {"weight": 1, "random_weight": 0.8266288745462446, "id": 21}, {"weight": 2, "random_weight": 0.7213914109620361, "id": 22}, {"weight": 2, "random_weight": 0.6790317055416275, "id": 26}], [{"weight": 3, "random_weight": 0.9596445737206044, "id": 23}, {"weight": 1, "random_weight": 0.9510410045273011, "id": 36}, {"weight": 1, "random_weight": 0.49553092292503165, "id": 39}, {"weight": 1, "random_weight": 0.20767111828723273, "id": 42}, {"weight": 2, "random_weight": 0.6045291580480795, "id": 44}], [{"weight": 1, "random_weight": 0.6065434714611863, "id": 9}, {"weight": 1, "random_weight": 0.45560167953025044, "id": 13}, {"weight": 1, "random_weight": 0.9610163585324463, "id": 18}, {"weight": 3, "random_weight": 0.19606631603002178, "id": 26}, {"weight": 2, "random_weight": 0.7258110544363598, "id": 38}], [{"weight": 1, "random_weight": 0.758576386012358, "id": 11}, {"weight": 1, "random_weight": 0.5413450052651656, "id": 23}, {"weight": 1, "random_weight": 0.8058960543565987, "id": 27}, {"weight": 2, "random_weight": 0.7488814691602369, "id": 36}], [{"weight": 2, "random_weight": 0.12035237113121866, "id": 27}, {"weight": 1, "random_weight": 0.729633719200728, "id": 31}, {"weight": 1, "random_weight": 0.9510410045273011, "id": 33}, {"weight": 2, "random_weight": 0.7488814691602369, "id": 35}, {"weight": 2, "random_weight": 0.32312906806960884, "id": 44}], [{"weight": 1, "random_weight": 0.9765745282063943, "id": 12}, {"weight": 2, "random_weight": 0.7507626228939628, "id": 29}, {"weight": 2, "random_weight": 0.9837232384760417, "id": 38}, {"weight": 3, "random_weight": 0.6732597695099327, "id": 43}], [{"weight": 1, "random_weight": 0.9476827097888316, "id": 9}, {"weight": 1, "random_weight": 0.24375965778012587, "id": 10}, {"weight": 1, "random_weight": 0.9276218857779085, "id": 12}, {"weight": 1, "random_weight": 0.1711935535793917, "id": 13}, {"weight": 2, "random_weight": 0.7258110544363598, "id": 34}, {"weight": 2, "random_weight": 0.9837232384760417, "id": 37}], [{"weight": 1, "random_weight": 0.06130246833201336, "id": 4}, {"weight": 1, "random_weight": 0.7441830693656386, "id": 19}, {"weight": 1, "random_weight": 0.49553092292503165, "id": 33}, {"weight": 1, "random_weight": 0.28623340951156584, "id": 40}, {"weight": 1, "random_weight": 0.6639444792512816, "id": 44}, {"weight": 1, "random_weight": 0.9878822811768408, "id": 45}, {"weight": 2, "random_weight": 0.9487156632653817, "id": 46}], [{"weight": 1, "random_weight": 0.8731038703707634, "id": 16}, {"weight": 1, "random_weight": 0.5017169771467599, "id": 28}, {"weight": 1, "random_weight": 0.28623340951156584, "id": 39}, {"weight": 2, "random_weight": 0.777252347865276, "id": 42}, {"weight": 3, "random_weight": 0.55514604251588, "id": 45}], [{"weight": 1, "random_weight": 0.39490725359835677, "id": 4}, {"weight": 2, "random_weight": 0.013791307014898058, "id": 5}, {"weight": 1, "random_weight": 0.8234784551126059, "id": 16}, {"weight": 2, "random_weight": 0.21330076065803705, "id": 20}, {"weight": 2, "random_weight": 0.1659613427728669, "id": 45}], [{"weight": 1, "random_weight": 0.37632267446688095, "id": 23}, {"weight": 3, "random_weight": 0.3124396374510915, "id": 28}, {"weight": 1, "random_weight": 0.20767111828723273, "id": 33}, {"weight": 2, "random_weight": 0.777252347865276, "id": 40}], [{"weight": 1, "random_weight": 0.2681599228078009, "id": 2}, {"weight": 1, "random_weight": 0.7201649766839847, "id": 12}, {"weight": 1, "random_weight": 0.8787803159082112, "id": 30}, {"weight": 3, "random_weight": 0.6732597695099327, "id": 37}], [{"weight": 1, "random_weight": 0.0742313901979309, "id": 31}, {"weight": 2, "random_weight": 0.6045291580480795, "id": 33}, {"weight": 2, "random_weight": 0.32312906806960884, "id": 36}, {"weight": 1, "random_weight": 0.6639444792512816, "id": 39}, {"weight": 2, "random_weight": 0.9857077110444832, "id": 46}], [{"weight": 2, "random_weight": 0.8153880765399418, "id": 4}, {"weight": 1, "random_weight": 0.9878822811768408, "id": 39}, {"weight": 3, "random_weight": 0.55514604251588, "id": 40}, {"weight": 2, "random_weight": 0.1659613427728669, "id": 41}], [{"weight": 1, "random_weight": 0.5713057609603481, "id": 8}, {"weight": 1, "random_weight": 0.2806174542271477, "id": 31}, {"weight": 2, "random_weight": 0.9487156632653817, "id": 39}, {"weight": 2, "random_weight": 0.9857077110444832, "id": 44}, {"weight": 2, "random_weight": 0.2684024695149678, "id": 47}], [{"weight": 2, "random_weight": 0.795009676137072, "id": 8}, {"weight": 1, "random_weight": 0.9403658429818773, "id": 10}, {"weight": 1, "random_weight": 0.5599301933252844, "id": 24}, {"weight": 2, "random_weight": 0.7411578111844946, "id": 31}, {"weight": 2, "random_weight": 0.2684024695149678, "id": 46}]]}