{"directed": false, "multigraph": false, "graph": [], "nodes": [{"graph": null, "nnodes": 3, "nedges": 2, "density": 0.6666666666666666, "atomics": "[138, 126, 127]", "group_pop": 3, "init_part_assignment": 1, "id": 0}, {"graph": null, "nnodes": 3, "nedges": 2, "density": 0.6666666666666666, "atomics": "[128, 139, 140]", "group_pop": 3, "init_part_assignment": 1, "id": 1}, {"graph": null, "nnodes": 3, "nedges": 2, "density": 0.6666666666666666, "atomics": "[9, 10, 11]", "group_pop": 3, "init_part_assignment": 4, "id": 2}, {"graph": null, "nnodes": 3, "nedges": 2, "density": 0.6666666666666666, "atomics": "[35, 22, 23]", "group_pop": 3, "init_part_assignment": 4, "id": 3}, {"graph": null, "nnodes": 3, "nedges": 2, "density": 0.6666666666666666, "atomics": "[88, 89, 76]", "group_pop": 3, "init_part_assignment": 11, "id": 4}, {"graph": null, "nnodes": 3, "nedges": 2, "density": 0.6666666666666666, "atomics": "[112, 113, 101]", "group_pop": 3, "init_part_assignment": 10, "id": 5}, {"graph": null, "nnodes": 3, "nedges": 2, "density": 0.6666666666666666, "atomics": "[107, 131, 119]", "group_pop": 3, "init_part_assignment": 0, "id": 6}, {"graph": null, "nnodes": 3, "nedges": 2, "density": 0.6666666666666666, "atomics": "[130, 142, 143]", "group_pop": 3, "init_part_assignment": 0, "id": 7}, {"graph": null, "nnodes": 3, "nedges": 2, "density": 0.6666666666666666, "atomics": "[129, 117, 141]", "group_pop": 3, "init_part_assignment": 0, "id": 8}, {"graph": null, "nnodes": 3, "nedges": 2, "density": 0.6666666666666666, "atomics": "[65, 66, 77]", "group_pop": 3, "init_part_assignment": 11, "id": 9}, {"graph": null, "nnodes": 3, "nedges": 2, "density": 0.6666666666666666, "atomics": "[67, 79, 55]", "group_pop": 3, "init_part_assignment": 3, "id": 10}, {"graph": null, "nnodes": 3, "nedges": 2, "density": 0.6666666666666666, "atomics": "[42, 53, 54]", "group_pop": 3, "init_part_assignment": 7, "id": 11}, {"graph": null, "nnodes": 3, "nedges": 2, "density": 0.6666666666666666, "atomics": "[0, 1, 2]", "group_pop": 3, "init_part_assignment": 8, "id": 12}, {"graph": null, "nnodes": 3, "nedges": 2, "density": 0.6666666666666666, "atomics": "[33, 34, 45]", "group_pop": 3, "init_part_assignment": 4, "id": 13}, {"graph": null, "nnodes": 3, "nedges": 2, "density": 0.6666666666666666, "atomics": "[59, 46, 47]", "group_pop": 3, "init_part_assignment": 2, "id": 14}, {"graph": null, "nnodes": 3, "nedges": 2, "density": 0.6666666666666666, "atomics": "[104, 115, 116]", "group_pop": 3, "init_part_assignment": 1, "id": 15}, {"graph": null, "nnodes": 3, "nedges": 2, "density": 0.6666666666666666, "atomics": "[120, 132, 108]", "group_pop": 3, "init_part_assignment": 6, "id": 16}, {"graph": null, "nnodes": 3, "nedges": 2, "density": 0.6666666666666666, "atomics": "[122, 133, 134]", "group_pop": 3, "init_part_assignment": 6, "id": 17}, {"graph": null, "nnodes": 3, "nedges": 2, "density": 0.6666666666666666, "atomics": "[114, 102, 103]", "group_pop": 3, "init_part_assignment": 10, "id": 18}, {"graph": null, "nnodes": 3, "nedges": 2, "density": 0.6666666666666666, "atomics": "[90, 91, 78]", "group_pop": 3, "init_part_assignment": 3, "id": 19}, {"graph": null, "nnodes": 3, "nedges": 2, "density": 0.6666666666666666, "atomics": "[80, 92, 68]", "group_pop": 3, "init_part_assignment": 3, "id": 20}, {"graph": null, "nnodes": 3, "nedges": 2, "density": 0.6666666666666666, "atomics": "[136, 137, 135]", "group_pop": 3, "init_part_assignment": 1, "id": 21}, {"graph": null, "nnodes": 3, "nedges": 2, "density": 0.6666666666666666, "atomics": "[105, 106, 118]", "group_pop": 3, "init_part_assignment": 0, "id": 22}, {"graph": null, "nnodes": 3, "nedges": 2, "density": 0.6666666666666666, "atomics": "[72, 73, 60]", "group_pop": 3, "init_part_assignment": 9, "id": 23}, {"graph": null, "nnodes": 3, "nedges": 2, "density": 0.6666666666666666, "atomics": "[48, 49, 61]", "group_pop": 3, "init_part_assignment": 9, "id": 24}, {"graph": null, "nnodes": 3, "nedges": 2, "density": 0.6666666666666666, "atomics": "[123, 124, 125]", "group_pop": 3, "init_part_assignment": 6, "id": 25}, {"graph": null, "nnodes": 3, "nedges": 2, "density": 0.6666666666666666, "atomics": "[16, 17, 29]", "group_pop": 3, "init_part_assignment": 8, "id": 26}, {"graph": null, "nnodes": 3, "nedges": 2, "density": 0.6666666666666666, "atomics": "[3, 4, 5]", "group_pop": 3, "init_part_assignment": 8, "id": 27}, {"graph": null, "nnodes": 3, "nedges": 2, "density": 0.6666666666666666, "atomics": "[81, 93, 69]", "group_pop": 3, "init_part_assignment": 2, "id": 28}, {"graph": null, "nnodes": 3, "nedges": 2, "density": 0.6666666666666666, "atomics": "[25, 13, 14]", "group_pop": 3, "init_part_assignment": 5, "id": 29}, {"graph": null, "nnodes": 3, "nedges": 2, "density": 0.6666666666666666, "atomics": "[27, 28, 15]", "group_pop": 3, "init_part_assignment": 5, "id": 30}, {"graph": null, "nnodes": 3, "nedges": 2, "density": 0.6666666666666666, "atomics": "[121, 109, 97]", "group_pop": 3, "init_part_assignment": 6, "id": 31}, {"graph": null, "nnodes": 3, "nedges": 2, "density": 0.6666666666666666, "atomics": "[8, 19, 7]", "group_pop": 3, "init_part_assignment": 7, "id": 32}, {"graph": null, "nnodes": 3, "nedges": 2, "density": 0.6666666666666666, "atomics": "[18, 6, 30]", "group_pop": 3, "init_part_assignment": 7, "id": 33}, {"graph": null, "nnodes": 3, "nedges": 2, "density": 0.6666666666666666, "atomics": "[40, 41, 39]", "group_pop": 3, "init_part_assignment": 8, "id": 34}, {"graph": null, "nnodes": 3, "nedges": 2, "density": 0.6666666666666666, "atomics": "[82, 94, 95]", "group_pop": 3, "init_part_assignment": 2, "id": 35}, {"graph": null, "nnodes": 3, "nedges": 2, "density": 0.6666666666666666, "atomics": "[83, 70, 71]", "group_pop": 3, "init_part_assignment": 2, "id": 36}, {"graph": null, "nnodes": 3, "nedges": 2, "density": 0.6666666666666666, "atomics": "[56, 57, 58]", "group_pop": 3, "init_part_assignment": 3, "id": 37}, {"graph": null, "nnodes": 3, "nedges": 2, "density": 0.6666666666666666, "atomics": "[24, 36, 12]", "group_pop": 3, "init_part_assignment": 5, "id": 38}, {"graph": null, "nnodes": 3, "nedges": 2, "density": 0.6666666666666666, "atomics": "[26, 37, 38]", "group_pop": 3, "init_part_assignment": 5, "id": 39}, {"graph": null, "nnodes": 3, "nedges": 2, "density": 0.6666666666666666, "atomics": "[43, 44, 31]", "group_pop": 3, "init_part_assignment": 7, "id": 40}, {"graph": null, "nnodes": 3, "nedges": 2, "density": 0.6666666666666666, "atomics": "[74, 75, 86]", "group_pop": 3, "init_part_assignment": 11, "id": 41}, {"graph": null, "nnodes": 3, "nedges": 2, "density": 0.6666666666666666, "atomics": "[96, 84, 85]", "group_pop": 3, "init_part_assignment": 9, "id": 42}, {"graph": null, "nnodes": 3, "nedges": 2, "density": 0.6666666666666666, "atomics": "[98, 110, 111]", "group_pop": 3, "init_part_assignment": 10, "id": 43}, {"graph": null, "nnodes": 3, "nedges": 2, "density": 0.6666666666666666, "atomics": "[32, 20, 21]", "group_pop": 3, "init_part_assignment": 4, "id": 44}, {"graph": null, "nnodes": 3, "nedges": 2, "density": 0.6666666666666666, "atomics": "[50, 62, 63]", "group_pop": 3, "init_part_assignment": 9, "id": 45}, {"graph": null, "nnodes": 3, "nedges": 2, "density": 0.6666666666666666, "atomics": "[99, 100, 87]", "group_pop": 3, "init_part_assignment": 10, "id": 46}, {"graph": null, "nnodes": 3, "nedges": 2, "density": 0.6666666666666666, "atomics": "[64, 51, 52]", "group_pop": 3, "init_part_assignment": 11, "id": 47}], "adjacency": [[{"weight": 3, "random_weight": 0.7982619962674854, "id": 1}, {"weight": 1, "random_weight": 0.18228105539925388, "id": 15}, {"weight": 1, "random_weight": 0.943658778872812, "id": 18}, {"weight": 1, "random_weight": 0.11280839573449208, "id": 21}, {"weight": 1, "random_weight": 0.6158167153932697, "id": 25}], [{"weight": 3, "random_weight": 0.7982619962674854, "id": 0}, {"weight": 2, "random_weight": 0.9081080352122818, "id": 8}, {"weight": 1, "random_weight": 0.9105571308140399, "id": 15}], [{"weight": 2, "random_weight": 0.04249377064018511, "id": 3}, {"weight": 1, "random_weight": 0.3541925914214876, "id": 32}, {"weight": 1, "random_weight": 0.15175570327836407, "id": 44}], [{"weight": 2, "random_weight": 0.04249377064018511, "id": 2}, {"weight": 2, "random_weight": 0.9349278865530518, "id": 13}, {"weight": 1, "random_weight": 0.1452206005044545, "id": 14}, {"weight": 1, "random_weight": 0.4584685909158994, "id": 44}], [{"weight": 1, "random_weight": 0.5130711587852221, "id": 5}, {"weight": 2, "random_weight": 0.9675993900822871, "id": 9}, {"weight": 1, "random_weight": 0.4188324175478493, "id": 19}, {"weight": 1, "random_weight": 0.14874508207864168, "id": 41}, {"weight": 2, "random_weight": 0.8508969470053731, "id": 46}, {"weight": 1, "random_weight": 0.04603741422279051, "id": 47}], [{"weight": 1, "random_weight": 0.5130711587852221, "id": 4}, {"weight": 2, "random_weight": 0.17451009054968603, "id": 18}, {"weight": 2, "random_weight": 0.7418346493812299, "id": 25}, {"weight": 1, "random_weight": 0.6503482900267822, "id": 43}, {"weight": 2, "random_weight": 0.10276633835763738, "id": 46}], [{"weight": 2, "random_weight": 0.2370922396758146, "id": 7}, {"weight": 2, "random_weight": 0.6749575484317686, "id": 22}, {"weight": 1, "random_weight": 0.6182630163577103, "id": 35}], [{"weight": 2, "random_weight": 0.2370922396758146, "id": 6}, {"weight": 2, "random_weight": 0.6479815696231658, "id": 8}, {"weight": 1, "random_weight": 0.00512626863138721, "id": 22}], [{"weight": 2, "random_weight": 0.9081080352122818, "id": 1}, {"weight": 2, "random_weight": 0.6479815696231658, "id": 7}, {"weight": 1, "random_weight": 0.6221112005812329, "id": 15}, {"weight": 2, "random_weight": 0.4856748940509509, "id": 22}], [{"weight": 2, "random_weight": 0.9675993900822871, "id": 4}, {"weight": 1, "random_weight": 0.31158243060284063, "id": 10}, {"weight": 2, "random_weight": 0.7827454752156549, "id": 11}, {"weight": 2, "random_weight": 0.9938559047750484, "id": 19}, {"weight": 1, "random_weight": 0.6636651730164016, "id": 47}], [{"weight": 1, "random_weight": 0.31158243060284063, "id": 9}, {"weight": 1, "random_weight": 0.14366546567285954, "id": 11}, {"weight": 2, "random_weight": 0.05556353144465864, "id": 19}, {"weight": 2, "random_weight": 0.9626585511890365, "id": 20}, {"weight": 1, "random_weight": 0.9563554508749406, "id": 37}, {"weight": 1, "random_weight": 0.5219781306469802, "id": 40}], [{"weight": 2, "random_weight": 0.7827454752156549, "id": 9}, {"weight": 1, "random_weight": 0.14366546567285954, "id": 10}, {"weight": 1, "random_weight": 0.07070874790849857, "id": 33}, {"weight": 2, "random_weight": 0.7580083042334789, "id": 34}, {"weight": 1, "random_weight": 0.1321225045504153, "id": 40}, {"weight": 1, "random_weight": 0.8031880317022745, "id": 47}], [{"weight": 1, "random_weight": 0.039744988339590615, "id": 27}, {"weight": 2, "random_weight": 0.654572707739686, "id": 29}, {"weight": 1, "random_weight": 0.7459905836668319, "id": 38}], [{"weight": 2, "random_weight": 0.9349278865530518, "id": 3}, {"weight": 2, "random_weight": 0.8864237589326267, "id": 14}, {"weight": 1, "random_weight": 0.9321330298035166, "id": 37}, {"weight": 1, "random_weight": 0.9087951502569998, "id": 40}, {"weight": 2, "random_weight": 0.10288212190286772, "id": 44}], [{"weight": 1, "random_weight": 0.1452206005044545, "id": 3}, {"weight": 2, "random_weight": 0.8864237589326267, "id": 13}, {"weight": 1, "random_weight": 0.012461613240935199, "id": 36}, {"weight": 2, "random_weight": 0.34708893059046375, "id": 37}], [{"weight": 1, "random_weight": 0.18228105539925388, "id": 0}, {"weight": 1, "random_weight": 0.9105571308140399, "id": 1}, {"weight": 1, "random_weight": 0.6221112005812329, "id": 8}, {"weight": 3, "random_weight": 0.8868839746266005, "id": 18}, {"weight": 1, "random_weight": 0.36082205616633556, "id": 20}, {"weight": 1, "random_weight": 0.8068060161713138, "id": 22}], [{"weight": 1, "random_weight": 0.38404983128114, "id": 17}, {"weight": 2, "random_weight": 0.6617156060425857, "id": 31}, {"weight": 1, "random_weight": 0.6331368661485659, "id": 42}], [{"weight": 1, "random_weight": 0.38404983128114, "id": 16}, {"weight": 1, "random_weight": 0.9767376873743127, "id": 21}, {"weight": 1, "random_weight": 0.4590832350525177, "id": 25}, {"weight": 2, "random_weight": 0.40638260485204114, "id": 31}, {"weight": 1, "random_weight": 0.8052836890317188, "id": 43}], [{"weight": 1, "random_weight": 0.943658778872812, "id": 0}, {"weight": 2, "random_weight": 0.17451009054968603, "id": 5}, {"weight": 3, "random_weight": 0.8868839746266005, "id": 15}, {"weight": 2, "random_weight": 0.9014598802185161, "id": 19}], [{"weight": 1, "random_weight": 0.4188324175478493, "id": 4}, {"weight": 2, "random_weight": 0.9938559047750484, "id": 9}, {"weight": 2, "random_weight": 0.05556353144465864, "id": 10}, {"weight": 2, "random_weight": 0.9014598802185161, "id": 18}, {"weight": 1, "random_weight": 0.1678850370471271, "id": 20}], [{"weight": 2, "random_weight": 0.9626585511890365, "id": 10}, {"weight": 1, "random_weight": 0.36082205616633556, "id": 15}, {"weight": 1, "random_weight": 0.1678850370471271, "id": 19}, {"weight": 3, "random_weight": 0.8128524112879181, "id": 28}, {"weight": 1, "random_weight": 0.3660536246954299, "id": 37}], [{"weight": 1, "random_weight": 0.11280839573449208, "id": 0}, {"weight": 1, "random_weight": 0.9767376873743127, "id": 17}, {"weight": 3, "random_weight": 0.8474017183742631, "id": 25}], [{"weight": 2, "random_weight": 0.6749575484317686, "id": 6}, {"weight": 1, "random_weight": 0.00512626863138721, "id": 7}, {"weight": 2, "random_weight": 0.4856748940509509, "id": 8}, {"weight": 1, "random_weight": 0.8068060161713138, "id": 15}, {"weight": 1, "random_weight": 0.3663571367205688, "id": 28}, {"weight": 1, "random_weight": 0.5338990561529557, "id": 35}], [{"weight": 3, "random_weight": 0.5364638884732036, "id": 24}, {"weight": 1, "random_weight": 0.980874524449495, "id": 41}, {"weight": 2, "random_weight": 0.11697114862541214, "id": 42}], [{"weight": 3, "random_weight": 0.5364638884732036, "id": 23}, {"weight": 1, "random_weight": 0.9873395411438335, "id": 38}, {"weight": 1, "random_weight": 0.43952652012289595, "id": 39}, {"weight": 2, "random_weight": 0.2705211526342346, "id": 45}], [{"weight": 1, "random_weight": 0.6158167153932697, "id": 0}, {"weight": 2, "random_weight": 0.7418346493812299, "id": 5}, {"weight": 1, "random_weight": 0.4590832350525177, "id": 17}, {"weight": 3, "random_weight": 0.8474017183742631, "id": 21}, {"weight": 1, "random_weight": 0.8614252161819089, "id": 43}], [{"weight": 2, "random_weight": 0.7841114048927508, "id": 27}, {"weight": 3, "random_weight": 0.19516338709667935, "id": 30}, {"weight": 2, "random_weight": 0.686964594127734, "id": 33}, {"weight": 1, "random_weight": 0.887349266577755, "id": 34}], [{"weight": 1, "random_weight": 0.039744988339590615, "id": 12}, {"weight": 2, "random_weight": 0.7841114048927508, "id": 26}, {"weight": 1, "random_weight": 0.8239324104418853, "id": 30}, {"weight": 1, "random_weight": 0.5742962984569753, "id": 33}], [{"weight": 3, "random_weight": 0.8128524112879181, "id": 20}, {"weight": 1, "random_weight": 0.3663571367205688, "id": 22}, {"weight": 2, "random_weight": 0.03735609381213989, "id": 35}, {"weight": 1, "random_weight": 0.0802167345309549, "id": 36}, {"weight": 1, "random_weight": 0.5493154596996526, "id": 37}], [{"weight": 2, "random_weight": 0.654572707739686, "id": 12}, {"weight": 1, "random_weight": 0.565026302947663, "id": 30}, {"weight": 2, "random_weight": 0.4842222371666749, "id": 38}, {"weight": 3, "random_weight": 0.5875835383399106, "id": 39}], [{"weight": 3, "random_weight": 0.19516338709667935, "id": 26}, {"weight": 1, "random_weight": 0.8239324104418853, "id": 27}, {"weight": 1, "random_weight": 0.565026302947663, "id": 29}, {"weight": 2, "random_weight": 0.5824284888953082, "id": 34}, {"weight": 1, "random_weight": 0.21580963644425033, "id": 39}], [{"weight": 2, "random_weight": 0.6617156060425857, "id": 16}, {"weight": 2, "random_weight": 0.40638260485204114, "id": 17}, {"weight": 2, "random_weight": 0.7427240163296972, "id": 42}, {"weight": 2, "random_weight": 0.9686448496949164, "id": 43}], [{"weight": 1, "random_weight": 0.3541925914214876, "id": 2}, {"weight": 2, "random_weight": 0.30749761090211414, "id": 33}, {"weight": 1, "random_weight": 0.7997373726992947, "id": 40}, {"weight": 2, "random_weight": 0.38390258720203374, "id": 44}], [{"weight": 1, "random_weight": 0.07070874790849857, "id": 11}, {"weight": 2, "random_weight": 0.686964594127734, "id": 26}, {"weight": 1, "random_weight": 0.5742962984569753, "id": 27}, {"weight": 2, "random_weight": 0.30749761090211414, "id": 32}, {"weight": 1, "random_weight": 0.7670079748388289, "id": 40}], [{"weight": 2, "random_weight": 0.7580083042334789, "id": 11}, {"weight": 1, "random_weight": 0.887349266577755, "id": 26}, {"weight": 2, "random_weight": 0.5824284888953082, "id": 30}, {"weight": 1, "random_weight": 0.47391286296386137, "id": 39}, {"weight": 2, "random_weight": 0.4577429924768055, "id": 47}], [{"weight": 1, "random_weight": 0.6182630163577103, "id": 6}, {"weight": 1, "random_weight": 0.5338990561529557, "id": 22}, {"weight": 2, "random_weight": 0.03735609381213989, "id": 28}, {"weight": 3, "random_weight": 0.3358610105677843, "id": 36}], [{"weight": 1, "random_weight": 0.012461613240935199, "id": 14}, {"weight": 1, "random_weight": 0.0802167345309549, "id": 28}, {"weight": 3, "random_weight": 0.3358610105677843, "id": 35}, {"weight": 1, "random_weight": 0.6385621684794962, "id": 37}], [{"weight": 1, "random_weight": 0.9563554508749406, "id": 10}, {"weight": 1, "random_weight": 0.9321330298035166, "id": 13}, {"weight": 2, "random_weight": 0.34708893059046375, "id": 14}, {"weight": 1, "random_weight": 0.3660536246954299, "id": 20}, {"weight": 1, "random_weight": 0.5493154596996526, "id": 28}, {"weight": 1, "random_weight": 0.6385621684794962, "id": 36}, {"weight": 1, "random_weight": 0.663395492431779, "id": 40}], [{"weight": 1, "random_weight": 0.7459905836668319, "id": 12}, {"weight": 1, "random_weight": 0.9873395411438335, "id": 24}, {"weight": 2, "random_weight": 0.4842222371666749, "id": 29}, {"weight": 1, "random_weight": 0.0791778427357579, "id": 39}], [{"weight": 1, "random_weight": 0.43952652012289595, "id": 24}, {"weight": 3, "random_weight": 0.5875835383399106, "id": 29}, {"weight": 1, "random_weight": 0.21580963644425033, "id": 30}, {"weight": 1, "random_weight": 0.47391286296386137, "id": 34}, {"weight": 1, "random_weight": 0.0791778427357579, "id": 38}, {"weight": 1, "random_weight": 0.5456766853693906, "id": 45}], [{"weight": 1, "random_weight": 0.5219781306469802, "id": 10}, {"weight": 1, "random_weight": 0.1321225045504153, "id": 11}, {"weight": 1, "random_weight": 0.9087951502569998, "id": 13}, {"weight": 1, "random_weight": 0.7997373726992947, "id": 32}, {"weight": 1, "random_weight": 0.7670079748388289, "id": 33}, {"weight": 1, "random_weight": 0.663395492431779, "id": 37}, {"weight": 2, "random_weight": 0.9453552081399471, "id": 44}], [{"weight": 1, "random_weight": 0.14874508207864168, "id": 4}, {"weight": 1, "random_weight": 0.980874524449495, "id": 23}, {"weight": 1, "random_weight": 0.9704738278941617, "id": 42}, {"weight": 1, "random_weight": 0.7335009518007278, "id": 43}, {"weight": 2, "random_weight": 0.8200012167365717, "id": 45}, {"weight": 2, "random_weight": 0.6514014106350433, "id": 46}], [{"weight": 1, "random_weight": 0.6331368661485659, "id": 16}, {"weight": 2, "random_weight": 0.11697114862541214, "id": 23}, {"weight": 2, "random_weight": 0.7427240163296972, "id": 31}, {"weight": 1, "random_weight": 0.9704738278941617, "id": 41}], [{"weight": 1, "random_weight": 0.6503482900267822, "id": 5}, {"weight": 1, "random_weight": 0.8052836890317188, "id": 17}, {"weight": 1, "random_weight": 0.8614252161819089, "id": 25}, {"weight": 2, "random_weight": 0.9686448496949164, "id": 31}, {"weight": 1, "random_weight": 0.7335009518007278, "id": 41}, {"weight": 2, "random_weight": 0.44109717447869934, "id": 46}], [{"weight": 1, "random_weight": 0.15175570327836407, "id": 2}, {"weight": 1, "random_weight": 0.4584685909158994, "id": 3}, {"weight": 2, "random_weight": 0.10288212190286772, "id": 13}, {"weight": 2, "random_weight": 0.38390258720203374, "id": 32}, {"weight": 2, "random_weight": 0.9453552081399471, "id": 40}], [{"weight": 2, "random_weight": 0.2705211526342346, "id": 24}, {"weight": 1, "random_weight": 0.5456766853693906, "id": 39}, {"weight": 2, "random_weight": 0.8200012167365717, "id": 41}, {"weight": 3, "random_weight": 0.22578017375642268, "id": 47}], [{"weight": 2, "random_weight": 0.8508969470053731, "id": 4}, {"weight": 2, "random_weight": 0.10276633835763738, "id": 5}, {"weight": 2, "random_weight": 0.6514014106350433, "id": 41}, {"weight": 2, "random_weight": 0.44109717447869934, "id": 43}], [{"weight": 1, "random_weight": 0.04603741422279051, "id": 4}, {"weight": 1, "random_weight": 0.6636651730164016, "id": 9}, {"weight": 1, "random_weight": 0.8031880317022745, "id": 11}, {"weight": 2, "random_weight": 0.4577429924768055, "id": 34}, {"weight": 3, "random_weight": 0.22578017375642268, "id": 45}]]}