{"directed": false, "multigraph": false, "graph": [], "nodes": [{"graph": null, "nnodes": 3, "nedges": 2, "density": 0.6666666666666666, "atomics": "[137, 138, 139]", "group_pop": 3, "init_part_assignment": 4, "id": 0}, {"graph": null, "nnodes": 3, "nedges": 2, "density": 0.6666666666666666, "atomics": "[128, 140, 127]", "group_pop": 3, "init_part_assignment": 4, "id": 1}, {"graph": null, "nnodes": 3, "nedges": 2, "density": 0.6666666666666666, "atomics": "[9, 10, 11]", "group_pop": 3, "init_part_assignment": 6, "id": 2}, {"graph": null, "nnodes": 3, "nedges": 2, "density": 0.6666666666666666, "atomics": "[35, 23, 47]", "group_pop": 3, "init_part_assignment": 6, "id": 3}, {"graph": null, "nnodes": 3, "nedges": 2, "density": 0.6666666666666666, "atomics": "[88, 89, 100]", "group_pop": 3, "init_part_assignment": 9, "id": 4}, {"graph": null, "nnodes": 3, "nedges": 2, "density": 0.6666666666666666, "atomics": "[101, 102, 103]", "group_pop": 3, "init_part_assignment": 9, "id": 5}, {"graph": null, "nnodes": 3, "nedges": 2, "density": 0.6666666666666666, "atomics": "[113, 125, 126]", "group_pop": 3, "init_part_assignment": 4, "id": 6}, {"graph": null, "nnodes": 3, "nedges": 2, "density": 0.6666666666666666, "atomics": "[131, 142, 143]", "group_pop": 3, "init_part_assignment": 5, "id": 7}, {"graph": null, "nnodes": 3, "nedges": 2, "density": 0.6666666666666666, "atomics": "[117, 118, 119]", "group_pop": 3, "init_part_assignment": 5, "id": 8}, {"graph": null, "nnodes": 3, "nedges": 2, "density": 0.6666666666666666, "atomics": "[129, 130, 141]", "group_pop": 3, "init_part_assignment": 5, "id": 9}, {"graph": null, "nnodes": 3, "nedges": 2, "density": 0.6666666666666666, "atomics": "[66, 67, 54]", "group_pop": 3, "init_part_assignment": 0, "id": 10}, {"graph": null, "nnodes": 3, "nedges": 2, "density": 0.6666666666666666, "atomics": "[0, 1, 12]", "group_pop": 3, "init_part_assignment": 2, "id": 11}, {"graph": null, "nnodes": 3, "nedges": 2, "density": 0.6666666666666666, "atomics": "[2, 3, 4]", "group_pop": 3, "init_part_assignment": 2, "id": 12}, {"graph": null, "nnodes": 3, "nedges": 2, "density": 0.6666666666666666, "atomics": "[34, 21, 22]", "group_pop": 3, "init_part_assignment": 6, "id": 13}, {"graph": null, "nnodes": 3, "nedges": 2, "density": 0.6666666666666666, "atomics": "[114, 115, 116]", "group_pop": 3, "init_part_assignment": 5, "id": 14}, {"graph": null, "nnodes": 3, "nedges": 2, "density": 0.6666666666666666, "atomics": "[132, 133, 134]", "group_pop": 3, "init_part_assignment": 1, "id": 15}, {"graph": null, "nnodes": 3, "nedges": 2, "density": 0.6666666666666666, "atomics": "[104, 91, 92]", "group_pop": 3, "init_part_assignment": 9, "id": 16}, {"graph": null, "nnodes": 3, "nedges": 2, "density": 0.6666666666666666, "atomics": "[90, 78, 79]", "group_pop": 3, "init_part_assignment": 9, "id": 17}, {"graph": null, "nnodes": 3, "nedges": 2, "density": 0.6666666666666666, "atomics": "[136, 123, 135]", "group_pop": 3, "init_part_assignment": 4, "id": 18}, {"graph": null, "nnodes": 3, "nedges": 2, "density": 0.6666666666666666, "atomics": "[72, 84, 85]", "group_pop": 3, "init_part_assignment": 7, "id": 19}, {"graph": null, "nnodes": 3, "nedges": 2, "density": 0.6666666666666666, "atomics": "[48, 60, 36]", "group_pop": 3, "init_part_assignment": 8, "id": 20}, {"graph": null, "nnodes": 3, "nedges": 2, "density": 0.6666666666666666, "atomics": "[105, 93, 94]", "group_pop": 3, "init_part_assignment": 10, "id": 21}, {"graph": null, "nnodes": 3, "nedges": 2, "density": 0.6666666666666666, "atomics": "[106, 107, 95]", "group_pop": 3, "init_part_assignment": 10, "id": 22}, {"graph": null, "nnodes": 3, "nedges": 2, "density": 0.6666666666666666, "atomics": "[16, 27, 28]", "group_pop": 3, "init_part_assignment": 2, "id": 23}, {"graph": null, "nnodes": 3, "nedges": 2, "density": 0.6666666666666666, "atomics": "[17, 5, 29]", "group_pop": 3, "init_part_assignment": 3, "id": 24}, {"graph": null, "nnodes": 3, "nedges": 2, "density": 0.6666666666666666, "atomics": "[80, 81, 68]", "group_pop": 3, "init_part_assignment": 11, "id": 25}, {"graph": null, "nnodes": 3, "nedges": 2, "density": 0.6666666666666666, "atomics": "[13, 14, 15]", "group_pop": 3, "init_part_assignment": 2, "id": 26}, {"graph": null, "nnodes": 3, "nedges": 2, "density": 0.6666666666666666, "atomics": "[120, 121, 108]", "group_pop": 3, "init_part_assignment": 1, "id": 27}, {"graph": null, "nnodes": 3, "nedges": 2, "density": 0.6666666666666666, "atomics": "[122, 109, 110]", "group_pop": 3, "init_part_assignment": 1, "id": 28}, {"graph": null, "nnodes": 3, "nedges": 2, "density": 0.6666666666666666, "atomics": "[8, 19, 7]", "group_pop": 3, "init_part_assignment": 3, "id": 29}, {"graph": null, "nnodes": 3, "nedges": 2, "density": 0.6666666666666666, "atomics": "[18, 6, 30]", "group_pop": 3, "init_part_assignment": 3, "id": 30}, {"graph": null, "nnodes": 3, "nedges": 2, "density": 0.6666666666666666, "atomics": "[37, 38, 39]", "group_pop": 3, "init_part_assignment": 8, "id": 31}, {"graph": null, "nnodes": 3, "nedges": 2, "density": 0.6666666666666666, "atomics": "[82, 83, 71]", "group_pop": 3, "init_part_assignment": 10, "id": 32}, {"graph": null, "nnodes": 3, "nedges": 2, "density": 0.6666666666666666, "atomics": "[57, 69, 70]", "group_pop": 3, "init_part_assignment": 10, "id": 33}, {"graph": null, "nnodes": 3, "nedges": 2, "density": 0.6666666666666666, "atomics": "[73, 74, 62]", "group_pop": 3, "init_part_assignment": 7, "id": 34}, {"graph": null, "nnodes": 3, "nedges": 2, "density": 0.6666666666666666, "atomics": "[49, 50, 61]", "group_pop": 3, "init_part_assignment": 8, "id": 35}, {"graph": null, "nnodes": 3, "nedges": 2, "density": 0.6666666666666666, "atomics": "[56, 44, 45]", "group_pop": 3, "init_part_assignment": 11, "id": 36}, {"graph": null, "nnodes": 3, "nedges": 2, "density": 0.6666666666666666, "atomics": "[58, 59, 46]", "group_pop": 3, "init_part_assignment": 6, "id": 37}, {"graph": null, "nnodes": 3, "nedges": 2, "density": 0.6666666666666666, "atomics": "[24, 25, 26]", "group_pop": 3, "init_part_assignment": 8, "id": 38}, {"graph": null, "nnodes": 3, "nedges": 2, "density": 0.6666666666666666, "atomics": "[32, 33, 20]", "group_pop": 3, "init_part_assignment": 3, "id": 39}, {"graph": null, "nnodes": 3, "nedges": 2, "density": 0.6666666666666666, "atomics": "[43, 55, 31]", "group_pop": 3, "init_part_assignment": 11, "id": 40}, {"graph": null, "nnodes": 3, "nedges": 2, "density": 0.6666666666666666, "atomics": "[75, 76, 77]", "group_pop": 3, "init_part_assignment": 0, "id": 41}, {"graph": null, "nnodes": 3, "nedges": 2, "density": 0.6666666666666666, "atomics": "[99, 86, 87]", "group_pop": 3, "init_part_assignment": 7, "id": 42}, {"graph": null, "nnodes": 3, "nedges": 2, "density": 0.6666666666666666, "atomics": "[112, 124, 111]", "group_pop": 3, "init_part_assignment": 7, "id": 43}, {"graph": null, "nnodes": 3, "nedges": 2, "density": 0.6666666666666666, "atomics": "[96, 97, 98]", "group_pop": 3, "init_part_assignment": 1, "id": 44}, {"graph": null, "nnodes": 3, "nedges": 2, "density": 0.6666666666666666, "atomics": "[40, 41, 42]", "group_pop": 3, "init_part_assignment": 11, "id": 45}, {"graph": null, "nnodes": 3, "nedges": 2, "density": 0.6666666666666666, "atomics": "[64, 65, 53]", "group_pop": 3, "init_part_assignment": 0, "id": 46}, {"graph": null, "nnodes": 3, "nedges": 2, "density": 0.6666666666666666, "atomics": "[51, 52, 63]", "group_pop": 3, "init_part_assignment": 0, "id": 47}], "adjacency": [[{"weight": 2, "random_weight": 0.25778137194373474, "id": 1}, {"weight": 2, "random_weight": 0.07767109448858978, "id": 6}, {"weight": 1, "random_weight": 0.8953202240993429, "id": 18}], [{"weight": 2, "random_weight": 0.25778137194373474, "id": 0}, {"weight": 1, "random_weight": 0.663505101985752, "id": 6}, {"weight": 2, "random_weight": 0.777353227245229, "id": 9}, {"weight": 2, "random_weight": 0.9758413956688161, "id": 14}], [{"weight": 1, "random_weight": 0.32302641657899733, "id": 3}, {"weight": 2, "random_weight": 0.9561319877920382, "id": 13}, {"weight": 1, "random_weight": 0.9253197417864495, "id": 29}], [{"weight": 1, "random_weight": 0.32302641657899733, "id": 2}, {"weight": 2, "random_weight": 0.6014306471203084, "id": 13}, {"weight": 2, "random_weight": 0.5565570539683492, "id": 37}], [{"weight": 2, "random_weight": 0.8809690469577227, "id": 5}, {"weight": 1, "random_weight": 0.875711165996078, "id": 17}, {"weight": 2, "random_weight": 0.8455603739980716, "id": 41}, {"weight": 2, "random_weight": 0.8568647445579309, "id": 42}, {"weight": 1, "random_weight": 0.9481322256589768, "id": 43}], [{"weight": 2, "random_weight": 0.8809690469577227, "id": 4}, {"weight": 1, "random_weight": 0.925012659001666, "id": 6}, {"weight": 2, "random_weight": 0.46220997221744253, "id": 14}, {"weight": 2, "random_weight": 0.6182366121736943, "id": 16}, {"weight": 1, "random_weight": 0.3556841583841749, "id": 17}], [{"weight": 2, "random_weight": 0.07767109448858978, "id": 0}, {"weight": 1, "random_weight": 0.663505101985752, "id": 1}, {"weight": 1, "random_weight": 0.925012659001666, "id": 5}, {"weight": 2, "random_weight": 0.6623152634527152, "id": 14}, {"weight": 2, "random_weight": 0.9105467895355723, "id": 43}], [{"weight": 1, "random_weight": 0.8448353776106756, "id": 8}, {"weight": 3, "random_weight": 0.4348052651960098, "id": 9}], [{"weight": 1, "random_weight": 0.8448353776106756, "id": 7}, {"weight": 2, "random_weight": 0.7967863683231567, "id": 9}, {"weight": 1, "random_weight": 0.4486029260315715, "id": 14}, {"weight": 1, "random_weight": 0.11117534743540325, "id": 21}, {"weight": 2, "random_weight": 0.8280729670009699, "id": 22}], [{"weight": 2, "random_weight": 0.777353227245229, "id": 1}, {"weight": 3, "random_weight": 0.4348052651960098, "id": 7}, {"weight": 2, "random_weight": 0.7967863683231567, "id": 8}], [{"weight": 2, "random_weight": 0.651695845611825, "id": 17}, {"weight": 1, "random_weight": 0.5637975768067173, "id": 25}, {"weight": 2, "random_weight": 0.6503777066992059, "id": 40}, {"weight": 1, "random_weight": 0.6999343808930819, "id": 45}, {"weight": 2, "random_weight": 0.24839724960055898, "id": 46}], [{"weight": 1, "random_weight": 0.9942424843003264, "id": 12}, {"weight": 2, "random_weight": 0.3434396037632901, "id": 26}, {"weight": 1, "random_weight": 0.5151728470056162, "id": 38}], [{"weight": 1, "random_weight": 0.9942424843003264, "id": 11}, {"weight": 1, "random_weight": 0.14321867915956532, "id": 23}, {"weight": 1, "random_weight": 0.757174001312548, "id": 24}, {"weight": 2, "random_weight": 0.07411869004156613, "id": 26}], [{"weight": 2, "random_weight": 0.9561319877920382, "id": 2}, {"weight": 2, "random_weight": 0.6014306471203084, "id": 3}, {"weight": 1, "random_weight": 0.24770656604156605, "id": 37}, {"weight": 3, "random_weight": 0.9250644471622855, "id": 39}], [{"weight": 2, "random_weight": 0.9758413956688161, "id": 1}, {"weight": 2, "random_weight": 0.46220997221744253, "id": 5}, {"weight": 2, "random_weight": 0.6623152634527152, "id": 6}, {"weight": 1, "random_weight": 0.4486029260315715, "id": 8}, {"weight": 1, "random_weight": 0.7714381463691606, "id": 16}], [{"weight": 1, "random_weight": 0.5034369491617716, "id": 18}, {"weight": 2, "random_weight": 0.3636525543916288, "id": 27}, {"weight": 1, "random_weight": 0.10262281429802322, "id": 28}], [{"weight": 2, "random_weight": 0.6182366121736943, "id": 5}, {"weight": 1, "random_weight": 0.7714381463691606, "id": 14}, {"weight": 2, "random_weight": 0.9555401756826986, "id": 17}, {"weight": 2, "random_weight": 0.7320928704085944, "id": 21}, {"weight": 1, "random_weight": 0.7791866046288585, "id": 25}], [{"weight": 1, "random_weight": 0.875711165996078, "id": 4}, {"weight": 1, "random_weight": 0.3556841583841749, "id": 5}, {"weight": 2, "random_weight": 0.651695845611825, "id": 10}, {"weight": 2, "random_weight": 0.9555401756826986, "id": 16}, {"weight": 1, "random_weight": 0.9838429786060037, "id": 25}, {"weight": 1, "random_weight": 0.7453085743191213, "id": 41}], [{"weight": 1, "random_weight": 0.8953202240993429, "id": 0}, {"weight": 1, "random_weight": 0.5034369491617716, "id": 15}, {"weight": 1, "random_weight": 0.3889991176275792, "id": 28}, {"weight": 3, "random_weight": 0.9528705875916916, "id": 43}], [{"weight": 1, "random_weight": 0.9092989775061517, "id": 20}, {"weight": 2, "random_weight": 0.38734251713479717, "id": 34}, {"weight": 1, "random_weight": 0.46596357582348435, "id": 42}, {"weight": 2, "random_weight": 0.7894456349799235, "id": 44}], [{"weight": 1, "random_weight": 0.9092989775061517, "id": 19}, {"weight": 1, "random_weight": 0.5666834857572997, "id": 31}, {"weight": 2, "random_weight": 0.19480068462432043, "id": 35}, {"weight": 1, "random_weight": 0.6302678219533159, "id": 38}], [{"weight": 1, "random_weight": 0.11117534743540325, "id": 8}, {"weight": 2, "random_weight": 0.7320928704085944, "id": 16}, {"weight": 3, "random_weight": 0.28177670005782796, "id": 22}, {"weight": 1, "random_weight": 0.8240205269116416, "id": 25}, {"weight": 1, "random_weight": 0.6692990110451921, "id": 32}], [{"weight": 2, "random_weight": 0.8280729670009699, "id": 8}, {"weight": 3, "random_weight": 0.28177670005782796, "id": 21}, {"weight": 1, "random_weight": 0.1290052164187394, "id": 32}], [{"weight": 1, "random_weight": 0.14321867915956532, "id": 12}, {"weight": 2, "random_weight": 0.660358256003779, "id": 24}, {"weight": 2, "random_weight": 0.7625578027883783, "id": 26}, {"weight": 1, "random_weight": 0.7567239228599545, "id": 31}, {"weight": 1, "random_weight": 0.33409207655974826, "id": 38}, {"weight": 1, "random_weight": 0.6058660716183591, "id": 45}], [{"weight": 1, "random_weight": 0.757174001312548, "id": 12}, {"weight": 2, "random_weight": 0.660358256003779, "id": 23}, {"weight": 3, "random_weight": 0.4100380549032068, "id": 30}, {"weight": 1, "random_weight": 0.6260553580053346, "id": 45}], [{"weight": 1, "random_weight": 0.5637975768067173, "id": 10}, {"weight": 1, "random_weight": 0.7791866046288585, "id": 16}, {"weight": 1, "random_weight": 0.9838429786060037, "id": 17}, {"weight": 1, "random_weight": 0.8240205269116416, "id": 21}, {"weight": 1, "random_weight": 0.9886013037484609, "id": 32}, {"weight": 2, "random_weight": 0.7699117431232367, "id": 33}, {"weight": 1, "random_weight": 0.4944194360326688, "id": 36}], [{"weight": 2, "random_weight": 0.3434396037632901, "id": 11}, {"weight": 2, "random_weight": 0.07411869004156613, "id": 12}, {"weight": 2, "random_weight": 0.7625578027883783, "id": 23}, {"weight": 2, "random_weight": 0.06435944919468206, "id": 38}], [{"weight": 2, "random_weight": 0.3636525543916288, "id": 15}, {"weight": 3, "random_weight": 0.9252759041077974, "id": 28}, {"weight": 1, "random_weight": 0.3905802224404171, "id": 44}], [{"weight": 1, "random_weight": 0.10262281429802322, "id": 15}, {"weight": 1, "random_weight": 0.3889991176275792, "id": 18}, {"weight": 3, "random_weight": 0.9252759041077974, "id": 27}, {"weight": 1, "random_weight": 0.9911534157141486, "id": 43}, {"weight": 2, "random_weight": 0.4465518917640532, "id": 44}], [{"weight": 1, "random_weight": 0.9253197417864495, "id": 2}, {"weight": 2, "random_weight": 0.19160440777152032, "id": 30}, {"weight": 2, "random_weight": 0.4017201534370024, "id": 39}, {"weight": 1, "random_weight": 0.23449375205353207, "id": 40}], [{"weight": 3, "random_weight": 0.4100380549032068, "id": 24}, {"weight": 2, "random_weight": 0.19160440777152032, "id": 29}, {"weight": 1, "random_weight": 0.944623917969996, "id": 40}, {"weight": 1, "random_weight": 0.4304116429502838, "id": 45}], [{"weight": 1, "random_weight": 0.5666834857572997, "id": 20}, {"weight": 1, "random_weight": 0.7567239228599545, "id": 23}, {"weight": 2, "random_weight": 0.10067082342285882, "id": 35}, {"weight": 2, "random_weight": 0.4797538573858958, "id": 38}, {"weight": 1, "random_weight": 0.5983466870324037, "id": 45}, {"weight": 1, "random_weight": 0.4519754257509291, "id": 47}], [{"weight": 1, "random_weight": 0.6692990110451921, "id": 21}, {"weight": 1, "random_weight": 0.1290052164187394, "id": 22}, {"weight": 1, "random_weight": 0.9886013037484609, "id": 25}, {"weight": 2, "random_weight": 0.5581465141730125, "id": 33}, {"weight": 1, "random_weight": 0.9379955346777393, "id": 37}], [{"weight": 2, "random_weight": 0.7699117431232367, "id": 25}, {"weight": 2, "random_weight": 0.5581465141730125, "id": 32}, {"weight": 2, "random_weight": 0.533087008381305, "id": 36}, {"weight": 2, "random_weight": 0.4727630125911124, "id": 37}], [{"weight": 2, "random_weight": 0.38734251713479717, "id": 19}, {"weight": 3, "random_weight": 0.4318504168828001, "id": 35}, {"weight": 1, "random_weight": 0.4873095408073206, "id": 41}, {"weight": 1, "random_weight": 0.05105078760883053, "id": 42}, {"weight": 1, "random_weight": 0.9748774399608793, "id": 47}], [{"weight": 2, "random_weight": 0.19480068462432043, "id": 20}, {"weight": 2, "random_weight": 0.10067082342285882, "id": 31}, {"weight": 3, "random_weight": 0.4318504168828001, "id": 34}, {"weight": 1, "random_weight": 0.6857998003819203, "id": 47}], [{"weight": 1, "random_weight": 0.4944194360326688, "id": 25}, {"weight": 2, "random_weight": 0.533087008381305, "id": 33}, {"weight": 1, "random_weight": 0.18760562799350156, "id": 37}, {"weight": 2, "random_weight": 0.9061670783299214, "id": 39}, {"weight": 2, "random_weight": 0.3803592572160015, "id": 40}], [{"weight": 2, "random_weight": 0.5565570539683492, "id": 3}, {"weight": 1, "random_weight": 0.24770656604156605, "id": 13}, {"weight": 1, "random_weight": 0.9379955346777393, "id": 32}, {"weight": 2, "random_weight": 0.4727630125911124, "id": 33}, {"weight": 1, "random_weight": 0.18760562799350156, "id": 36}], [{"weight": 1, "random_weight": 0.5151728470056162, "id": 11}, {"weight": 1, "random_weight": 0.6302678219533159, "id": 20}, {"weight": 1, "random_weight": 0.33409207655974826, "id": 23}, {"weight": 2, "random_weight": 0.06435944919468206, "id": 26}, {"weight": 2, "random_weight": 0.4797538573858958, "id": 31}], [{"weight": 3, "random_weight": 0.9250644471622855, "id": 13}, {"weight": 2, "random_weight": 0.4017201534370024, "id": 29}, {"weight": 2, "random_weight": 0.9061670783299214, "id": 36}, {"weight": 1, "random_weight": 0.44071602205601423, "id": 40}], [{"weight": 2, "random_weight": 0.6503777066992059, "id": 10}, {"weight": 1, "random_weight": 0.23449375205353207, "id": 29}, {"weight": 1, "random_weight": 0.944623917969996, "id": 30}, {"weight": 2, "random_weight": 0.3803592572160015, "id": 36}, {"weight": 1, "random_weight": 0.44071602205601423, "id": 39}, {"weight": 1, "random_weight": 0.21811255134230811, "id": 45}], [{"weight": 2, "random_weight": 0.8455603739980716, "id": 4}, {"weight": 1, "random_weight": 0.7453085743191213, "id": 17}, {"weight": 1, "random_weight": 0.4873095408073206, "id": 34}, {"weight": 1, "random_weight": 0.20033223997070027, "id": 42}, {"weight": 2, "random_weight": 0.11151756755571218, "id": 46}, {"weight": 1, "random_weight": 0.23635509855672865, "id": 47}], [{"weight": 2, "random_weight": 0.8568647445579309, "id": 4}, {"weight": 1, "random_weight": 0.46596357582348435, "id": 19}, {"weight": 1, "random_weight": 0.05105078760883053, "id": 34}, {"weight": 1, "random_weight": 0.20033223997070027, "id": 41}, {"weight": 1, "random_weight": 0.3322642020847779, "id": 43}, {"weight": 2, "random_weight": 0.7769277497081098, "id": 44}], [{"weight": 1, "random_weight": 0.9481322256589768, "id": 4}, {"weight": 2, "random_weight": 0.9105467895355723, "id": 6}, {"weight": 3, "random_weight": 0.9528705875916916, "id": 18}, {"weight": 1, "random_weight": 0.9911534157141486, "id": 28}, {"weight": 1, "random_weight": 0.3322642020847779, "id": 42}], [{"weight": 2, "random_weight": 0.7894456349799235, "id": 19}, {"weight": 1, "random_weight": 0.3905802224404171, "id": 27}, {"weight": 2, "random_weight": 0.4465518917640532, "id": 28}, {"weight": 2, "random_weight": 0.7769277497081098, "id": 42}], [{"weight": 1, "random_weight": 0.6999343808930819, "id": 10}, {"weight": 1, "random_weight": 0.6058660716183591, "id": 23}, {"weight": 1, "random_weight": 0.6260553580053346, "id": 24}, {"weight": 1, "random_weight": 0.4304116429502838, "id": 30}, {"weight": 1, "random_weight": 0.5983466870324037, "id": 31}, {"weight": 1, "random_weight": 0.21811255134230811, "id": 40}, {"weight": 1, "random_weight": 0.5424881104410597, "id": 46}, {"weight": 1, "random_weight": 0.9809012450053474, "id": 47}], [{"weight": 2, "random_weight": 0.24839724960055898, "id": 10}, {"weight": 2, "random_weight": 0.11151756755571218, "id": 41}, {"weight": 1, "random_weight": 0.5424881104410597, "id": 45}, {"weight": 3, "random_weight": 0.7866565395930363, "id": 47}], [{"weight": 1, "random_weight": 0.4519754257509291, "id": 31}, {"weight": 1, "random_weight": 0.9748774399608793, "id": 34}, {"weight": 1, "random_weight": 0.6857998003819203, "id": 35}, {"weight": 1, "random_weight": 0.23635509855672865, "id": 41}, {"weight": 1, "random_weight": 0.9809012450053474, "id": 45}, {"weight": 3, "random_weight": 0.7866565395930363, "id": 46}]]}