{"directed": false, "multigraph": false, "graph": [], "nodes": [{"graph": null, "nnodes": 3, "nedges": 2, "density": 0.6666666666666666, "atomics": "[138, 139, 140]", "group_pop": 3, "init_part_assignment": 7, "id": 0}, {"graph": null, "nnodes": 3, "nedges": 2, "density": 0.6666666666666666, "atomics": "[9, 10, 22]", "group_pop": 3, "init_part_assignment": 0, "id": 1}, {"graph": null, "nnodes": 3, "nedges": 2, "density": 0.6666666666666666, "atomics": "[11, 35, 23]", "group_pop": 3, "init_part_assignment": 4, "id": 2}, {"graph": null, "nnodes": 3, "nedges": 2, "density": 0.6666666666666666, "atomics": "[88, 89, 100]", "group_pop": 3, "init_part_assignment": 9, "id": 3}, {"graph": null, "nnodes": 3, "nedges": 2, "density": 0.6666666666666666, "atomics": "[113, 101, 125]", "group_pop": 3, "init_part_assignment": 9, "id": 4}, {"graph": null, "nnodes": 3, "nedges": 2, "density": 0.6666666666666666, "atomics": "[131, 119, 143]", "group_pop": 3, "init_part_assignment": 7, "id": 5}, {"graph": null, "nnodes": 3, "nedges": 2, "density": 0.6666666666666666, "atomics": "[128, 129, 116]", "group_pop": 3, "init_part_assignment": 7, "id": 6}, {"graph": null, "nnodes": 3, "nedges": 2, "density": 0.6666666666666666, "atomics": "[130, 141, 142]", "group_pop": 3, "init_part_assignment": 7, "id": 7}, {"graph": null, "nnodes": 3, "nedges": 2, "density": 0.6666666666666666, "atomics": "[65, 66, 53]", "group_pop": 3, "init_part_assignment": 6, "id": 8}, {"graph": null, "nnodes": 3, "nedges": 2, "density": 0.6666666666666666, "atomics": "[56, 67, 55]", "group_pop": 3, "init_part_assignment": 2, "id": 9}, {"graph": null, "nnodes": 3, "nedges": 2, "density": 0.6666666666666666, "atomics": "[42, 43, 54]", "group_pop": 3, "init_part_assignment": 5, "id": 10}, {"graph": null, "nnodes": 3, "nedges": 2, "density": 0.6666666666666666, "atomics": "[0, 1, 2]", "group_pop": 3, "init_part_assignment": 5, "id": 11}, {"graph": null, "nnodes": 3, "nedges": 2, "density": 0.6666666666666666, "atomics": "[32, 33, 34]", "group_pop": 3, "init_part_assignment": 4, "id": 12}, {"graph": null, "nnodes": 3, "nedges": 2, "density": 0.6666666666666666, "atomics": "[59, 47, 71]", "group_pop": 3, "init_part_assignment": 2, "id": 13}, {"graph": null, "nnodes": 3, "nedges": 2, "density": 0.6666666666666666, "atomics": "[115, 126, 127]", "group_pop": 3, "init_part_assignment": 9, "id": 14}, {"graph": null, "nnodes": 3, "nedges": 2, "density": 0.6666666666666666, "atomics": "[120, 132, 133]", "group_pop": 3, "init_part_assignment": 11, "id": 15}, {"graph": null, "nnodes": 3, "nedges": 2, "density": 0.6666666666666666, "atomics": "[122, 134, 110]", "group_pop": 3, "init_part_assignment": 11, "id": 16}, {"graph": null, "nnodes": 3, "nedges": 2, "density": 0.6666666666666666, "atomics": "[104, 91, 103]", "group_pop": 3, "init_part_assignment": 8, "id": 17}, {"graph": null, "nnodes": 3, "nedges": 2, "density": 0.6666666666666666, "atomics": "[105, 92, 93]", "group_pop": 3, "init_part_assignment": 8, "id": 18}, {"graph": null, "nnodes": 3, "nedges": 2, "density": 0.6666666666666666, "atomics": "[77, 78, 79]", "group_pop": 3, "init_part_assignment": 6, "id": 19}, {"graph": null, "nnodes": 3, "nedges": 2, "density": 0.6666666666666666, "atomics": "[136, 137, 135]", "group_pop": 3, "init_part_assignment": 11, "id": 20}, {"graph": null, "nnodes": 3, "nedges": 2, "density": 0.6666666666666666, "atomics": "[106, 117, 118]", "group_pop": 3, "init_part_assignment": 8, "id": 21}, {"graph": null, "nnodes": 3, "nedges": 2, "density": 0.6666666666666666, "atomics": "[72, 96, 84]", "group_pop": 3, "init_part_assignment": 1, "id": 22}, {"graph": null, "nnodes": 3, "nedges": 2, "density": 0.6666666666666666, "atomics": "[48, 49, 60]", "group_pop": 3, "init_part_assignment": 1, "id": 23}, {"graph": null, "nnodes": 3, "nedges": 2, "density": 0.6666666666666666, "atomics": "[107, 94, 95]", "group_pop": 3, "init_part_assignment": 8, "id": 24}, {"graph": null, "nnodes": 3, "nedges": 2, "density": 0.6666666666666666, "atomics": "[114, 90, 102]", "group_pop": 3, "init_part_assignment": 9, "id": 25}, {"graph": null, "nnodes": 3, "nedges": 2, "density": 0.6666666666666666, "atomics": "[16, 40, 28]", "group_pop": 3, "init_part_assignment": 6, "id": 26}, {"graph": null, "nnodes": 3, "nedges": 2, "density": 0.6666666666666666, "atomics": "[3, 4, 5]", "group_pop": 3, "init_part_assignment": 5, "id": 27}, {"graph": null, "nnodes": 3, "nedges": 2, "density": 0.6666666666666666, "atomics": "[80, 81, 68]", "group_pop": 3, "init_part_assignment": 2, "id": 28}, {"graph": null, "nnodes": 3, "nedges": 2, "density": 0.6666666666666666, "atomics": "[27, 14, 15]", "group_pop": 3, "init_part_assignment": 3, "id": 29}, {"graph": null, "nnodes": 3, "nedges": 2, "density": 0.6666666666666666, "atomics": "[121, 108, 109]", "group_pop": 3, "init_part_assignment": 1, "id": 30}, {"graph": null, "nnodes": 3, "nedges": 2, "density": 0.6666666666666666, "atomics": "[19, 30, 31]", "group_pop": 3, "init_part_assignment": 0, "id": 31}, {"graph": null, "nnodes": 3, "nedges": 2, "density": 0.6666666666666666, "atomics": "[18, 6, 7]", "group_pop": 3, "init_part_assignment": 0, "id": 32}, {"graph": null, "nnodes": 3, "nedges": 2, "density": 0.6666666666666666, "atomics": "[17, 29, 41]", "group_pop": 3, "init_part_assignment": 5, "id": 33}, {"graph": null, "nnodes": 3, "nedges": 2, "density": 0.6666666666666666, "atomics": "[26, 38, 39]", "group_pop": 3, "init_part_assignment": 3, "id": 34}, {"graph": null, "nnodes": 3, "nedges": 2, "density": 0.6666666666666666, "atomics": "[82, 83, 70]", "group_pop": 3, "init_part_assignment": 2, "id": 35}, {"graph": null, "nnodes": 3, "nedges": 2, "density": 0.6666666666666666, "atomics": "[73, 74, 61]", "group_pop": 3, "init_part_assignment": 10, "id": 36}, {"graph": null, "nnodes": 3, "nedges": 2, "density": 0.6666666666666666, "atomics": "[57, 58, 69]", "group_pop": 3, "init_part_assignment": 4, "id": 37}, {"graph": null, "nnodes": 3, "nedges": 2, "density": 0.6666666666666666, "atomics": "[24, 12, 13]", "group_pop": 3, "init_part_assignment": 3, "id": 38}, {"graph": null, "nnodes": 3, "nedges": 2, "density": 0.6666666666666666, "atomics": "[25, 36, 37]", "group_pop": 3, "init_part_assignment": 3, "id": 39}, {"graph": null, "nnodes": 3, "nedges": 2, "density": 0.6666666666666666, "atomics": "[44, 45, 46]", "group_pop": 3, "init_part_assignment": 4, "id": 40}, {"graph": null, "nnodes": 3, "nedges": 2, "density": 0.6666666666666666, "atomics": "[75, 87, 63]", "group_pop": 3, "init_part_assignment": 10, "id": 41}, {"graph": null, "nnodes": 3, "nedges": 2, "density": 0.6666666666666666, "atomics": "[97, 85, 86]", "group_pop": 3, "init_part_assignment": 1, "id": 42}, {"graph": null, "nnodes": 3, "nedges": 2, "density": 0.6666666666666666, "atomics": "[112, 123, 124]", "group_pop": 3, "init_part_assignment": 11, "id": 43}, {"graph": null, "nnodes": 3, "nedges": 2, "density": 0.6666666666666666, "atomics": "[98, 99, 111]", "group_pop": 3, "init_part_assignment": 10, "id": 44}, {"graph": null, "nnodes": 3, "nedges": 2, "density": 0.6666666666666666, "atomics": "[8, 20, 21]", "group_pop": 3, "init_part_assignment": 0, "id": 45}, {"graph": null, "nnodes": 3, "nedges": 2, "density": 0.6666666666666666, "atomics": "[50, 51, 62]", "group_pop": 3, "init_part_assignment": 10, "id": 46}, {"graph": null, "nnodes": 3, "nedges": 2, "density": 0.6666666666666666, "atomics": "[64, 76, 52]", "group_pop": 3, "init_part_assignment": 6, "id": 47}], "adjacency": [[{"weight": 1, "random_weight": 0.4679607573365234, "id": 6}, {"weight": 1, "random_weight": 0.4565825107906395, "id": 7}, {"weight": 2, "random_weight": 0.6876451281174696, "id": 14}, {"weight": 1, "random_weight": 0.5207260339069353, "id": 20}], [{"weight": 2, "random_weight": 0.9503058731276628, "id": 2}, {"weight": 1, "random_weight": 0.5944740784799007, "id": 12}, {"weight": 3, "random_weight": 0.37639200568429143, "id": 45}], [{"weight": 2, "random_weight": 0.9503058731276628, "id": 1}, {"weight": 1, "random_weight": 0.033735491984890564, "id": 12}, {"weight": 1, "random_weight": 0.8994487441837686, "id": 13}], [{"weight": 2, "random_weight": 0.1393022051490519, "id": 4}, {"weight": 1, "random_weight": 0.6661492264602882, "id": 19}, {"weight": 1, "random_weight": 0.3774332032617268, "id": 25}, {"weight": 1, "random_weight": 0.9065490904683493, "id": 41}, {"weight": 1, "random_weight": 0.5847847491719306, "id": 43}, {"weight": 1, "random_weight": 0.6639359711368213, "id": 44}, {"weight": 1, "random_weight": 0.7986837569797899, "id": 47}], [{"weight": 2, "random_weight": 0.1393022051490519, "id": 3}, {"weight": 1, "random_weight": 0.4779594569886384, "id": 14}, {"weight": 1, "random_weight": 0.9035761485537024, "id": 20}, {"weight": 2, "random_weight": 0.27639502786848125, "id": 25}, {"weight": 2, "random_weight": 0.1515912138163623, "id": 43}], [{"weight": 2, "random_weight": 0.5208447258324251, "id": 7}, {"weight": 1, "random_weight": 0.5665460646914331, "id": 21}, {"weight": 1, "random_weight": 0.7551372052544442, "id": 24}], [{"weight": 1, "random_weight": 0.4679607573365234, "id": 0}, {"weight": 2, "random_weight": 0.8267891552958914, "id": 7}, {"weight": 2, "random_weight": 0.416173402877937, "id": 14}, {"weight": 1, "random_weight": 0.5742477488033585, "id": 17}, {"weight": 2, "random_weight": 0.4808586533575784, "id": 21}], [{"weight": 1, "random_weight": 0.4565825107906395, "id": 0}, {"weight": 2, "random_weight": 0.5208447258324251, "id": 5}, {"weight": 2, "random_weight": 0.8267891552958914, "id": 6}, {"weight": 1, "random_weight": 0.6974202722364097, "id": 21}], [{"weight": 1, "random_weight": 0.8635832667607004, "id": 9}, {"weight": 2, "random_weight": 0.7713266137261241, "id": 10}, {"weight": 2, "random_weight": 0.5811445989299048, "id": 19}, {"weight": 1, "random_weight": 0.28289484061465386, "id": 33}, {"weight": 2, "random_weight": 0.20028496514039973, "id": 47}], [{"weight": 1, "random_weight": 0.8635832667607004, "id": 8}, {"weight": 2, "random_weight": 0.5071877126137497, "id": 10}, {"weight": 1, "random_weight": 0.8741745074526796, "id": 19}, {"weight": 2, "random_weight": 0.19914284564603646, "id": 28}, {"weight": 1, "random_weight": 0.8709764823564556, "id": 37}, {"weight": 1, "random_weight": 0.7397255098406651, "id": 40}], [{"weight": 2, "random_weight": 0.7713266137261241, "id": 8}, {"weight": 2, "random_weight": 0.5071877126137497, "id": 9}, {"weight": 2, "random_weight": 0.7332781176185432, "id": 31}, {"weight": 1, "random_weight": 0.6760002158863674, "id": 33}, {"weight": 1, "random_weight": 0.31349762221410216, "id": 40}], [{"weight": 1, "random_weight": 0.34139296154674403, "id": 27}, {"weight": 1, "random_weight": 0.9765676927028567, "id": 29}, {"weight": 2, "random_weight": 0.8762930691348458, "id": 38}], [{"weight": 1, "random_weight": 0.5944740784799007, "id": 1}, {"weight": 1, "random_weight": 0.033735491984890564, "id": 2}, {"weight": 1, "random_weight": 0.25781747606684247, "id": 31}, {"weight": 3, "random_weight": 0.23467110497861432, "id": 40}, {"weight": 2, "random_weight": 0.5368457595495635, "id": 45}], [{"weight": 1, "random_weight": 0.8994487441837686, "id": 2}, {"weight": 2, "random_weight": 0.31531945236600867, "id": 35}, {"weight": 1, "random_weight": 0.5223799917938053, "id": 37}, {"weight": 1, "random_weight": 0.9883027049510772, "id": 40}], [{"weight": 2, "random_weight": 0.6876451281174696, "id": 0}, {"weight": 1, "random_weight": 0.4779594569886384, "id": 4}, {"weight": 2, "random_weight": 0.416173402877937, "id": 6}, {"weight": 1, "random_weight": 0.35394995913600835, "id": 17}, {"weight": 2, "random_weight": 0.7102383256330178, "id": 25}], [{"weight": 1, "random_weight": 0.31569746710137647, "id": 16}, {"weight": 3, "random_weight": 0.7765552346863309, "id": 30}], [{"weight": 1, "random_weight": 0.31569746710137647, "id": 15}, {"weight": 1, "random_weight": 0.08811811383627233, "id": 20}, {"weight": 2, "random_weight": 0.8612731892891642, "id": 30}, {"weight": 1, "random_weight": 0.08889909452339706, "id": 43}, {"weight": 2, "random_weight": 0.8269181174468806, "id": 44}], [{"weight": 1, "random_weight": 0.5742477488033585, "id": 6}, {"weight": 1, "random_weight": 0.35394995913600835, "id": 14}, {"weight": 3, "random_weight": 0.49100698151492905, "id": 18}, {"weight": 1, "random_weight": 0.1133634334036161, "id": 19}, {"weight": 2, "random_weight": 0.5747839181745212, "id": 25}], [{"weight": 3, "random_weight": 0.49100698151492905, "id": 17}, {"weight": 2, "random_weight": 0.7639504340943593, "id": 21}, {"weight": 1, "random_weight": 0.46381636766480083, "id": 24}, {"weight": 2, "random_weight": 0.5359574249122695, "id": 28}], [{"weight": 1, "random_weight": 0.6661492264602882, "id": 3}, {"weight": 2, "random_weight": 0.5811445989299048, "id": 8}, {"weight": 1, "random_weight": 0.8741745074526796, "id": 9}, {"weight": 1, "random_weight": 0.1133634334036161, "id": 17}, {"weight": 1, "random_weight": 0.9334793803824869, "id": 25}, {"weight": 1, "random_weight": 0.5304180232989045, "id": 28}, {"weight": 1, "random_weight": 0.699039854307932, "id": 47}], [{"weight": 1, "random_weight": 0.5207260339069353, "id": 0}, {"weight": 1, "random_weight": 0.9035761485537024, "id": 4}, {"weight": 1, "random_weight": 0.08811811383627233, "id": 16}, {"weight": 2, "random_weight": 0.16420403792790816, "id": 43}], [{"weight": 1, "random_weight": 0.5665460646914331, "id": 5}, {"weight": 2, "random_weight": 0.4808586533575784, "id": 6}, {"weight": 1, "random_weight": 0.6974202722364097, "id": 7}, {"weight": 2, "random_weight": 0.7639504340943593, "id": 18}, {"weight": 2, "random_weight": 0.4237835186478188, "id": 24}], [{"weight": 1, "random_weight": 0.565950772054143, "id": 23}, {"weight": 1, "random_weight": 0.3186665826991446, "id": 30}, {"weight": 1, "random_weight": 0.6816537591327823, "id": 36}, {"weight": 2, "random_weight": 0.10560006172756675, "id": 42}], [{"weight": 1, "random_weight": 0.565950772054143, "id": 22}, {"weight": 2, "random_weight": 0.837110256736578, "id": 36}, {"weight": 2, "random_weight": 0.884066060984884, "id": 39}, {"weight": 1, "random_weight": 0.8053928074007344, "id": 46}], [{"weight": 1, "random_weight": 0.7551372052544442, "id": 5}, {"weight": 1, "random_weight": 0.46381636766480083, "id": 18}, {"weight": 2, "random_weight": 0.4237835186478188, "id": 21}, {"weight": 2, "random_weight": 0.5850075059154218, "id": 35}], [{"weight": 1, "random_weight": 0.3774332032617268, "id": 3}, {"weight": 2, "random_weight": 0.27639502786848125, "id": 4}, {"weight": 2, "random_weight": 0.7102383256330178, "id": 14}, {"weight": 2, "random_weight": 0.5747839181745212, "id": 17}, {"weight": 1, "random_weight": 0.9334793803824869, "id": 19}], [{"weight": 1, "random_weight": 0.4945965611004898, "id": 27}, {"weight": 2, "random_weight": 0.5240513629349113, "id": 29}, {"weight": 3, "random_weight": 0.808114260334036, "id": 33}, {"weight": 1, "random_weight": 0.5786656262901619, "id": 34}, {"weight": 1, "random_weight": 0.8596293517142816, "id": 47}], [{"weight": 1, "random_weight": 0.34139296154674403, "id": 11}, {"weight": 1, "random_weight": 0.4945965611004898, "id": 26}, {"weight": 1, "random_weight": 0.03276378860271645, "id": 29}, {"weight": 1, "random_weight": 0.5891096473546783, "id": 32}, {"weight": 1, "random_weight": 0.18059555536488614, "id": 33}], [{"weight": 2, "random_weight": 0.19914284564603646, "id": 9}, {"weight": 2, "random_weight": 0.5359574249122695, "id": 18}, {"weight": 1, "random_weight": 0.5304180232989045, "id": 19}, {"weight": 1, "random_weight": 0.30917554687672644, "id": 35}, {"weight": 2, "random_weight": 0.9692841550347764, "id": 37}], [{"weight": 1, "random_weight": 0.9765676927028567, "id": 11}, {"weight": 2, "random_weight": 0.5240513629349113, "id": 26}, {"weight": 1, "random_weight": 0.03276378860271645, "id": 27}, {"weight": 3, "random_weight": 0.9207611544336494, "id": 34}, {"weight": 1, "random_weight": 0.5089824920472893, "id": 38}], [{"weight": 3, "random_weight": 0.7765552346863309, "id": 15}, {"weight": 2, "random_weight": 0.8612731892891642, "id": 16}, {"weight": 1, "random_weight": 0.3186665826991446, "id": 22}, {"weight": 1, "random_weight": 0.025641520769604242, "id": 42}], [{"weight": 2, "random_weight": 0.7332781176185432, "id": 10}, {"weight": 1, "random_weight": 0.25781747606684247, "id": 12}, {"weight": 3, "random_weight": 0.7105570399079003, "id": 32}, {"weight": 1, "random_weight": 0.9163311048018195, "id": 33}, {"weight": 1, "random_weight": 0.07200421756609554, "id": 45}], [{"weight": 1, "random_weight": 0.5891096473546783, "id": 27}, {"weight": 3, "random_weight": 0.7105570399079003, "id": 31}, {"weight": 1, "random_weight": 0.5839369664756735, "id": 33}, {"weight": 1, "random_weight": 0.34939990222193085, "id": 45}], [{"weight": 1, "random_weight": 0.28289484061465386, "id": 8}, {"weight": 1, "random_weight": 0.6760002158863674, "id": 10}, {"weight": 3, "random_weight": 0.808114260334036, "id": 26}, {"weight": 1, "random_weight": 0.18059555536488614, "id": 27}, {"weight": 1, "random_weight": 0.9163311048018195, "id": 31}, {"weight": 1, "random_weight": 0.5839369664756735, "id": 32}], [{"weight": 1, "random_weight": 0.5786656262901619, "id": 26}, {"weight": 3, "random_weight": 0.9207611544336494, "id": 29}, {"weight": 2, "random_weight": 0.08668091390171073, "id": 39}, {"weight": 2, "random_weight": 0.6413199013999418, "id": 46}], [{"weight": 2, "random_weight": 0.31531945236600867, "id": 13}, {"weight": 2, "random_weight": 0.5850075059154218, "id": 24}, {"weight": 1, "random_weight": 0.30917554687672644, "id": 28}, {"weight": 2, "random_weight": 0.9196817664089624, "id": 37}], [{"weight": 1, "random_weight": 0.6816537591327823, "id": 22}, {"weight": 2, "random_weight": 0.837110256736578, "id": 23}, {"weight": 1, "random_weight": 0.6387328620037321, "id": 41}, {"weight": 2, "random_weight": 0.6010509350275804, "id": 42}, {"weight": 2, "random_weight": 0.44937283655822635, "id": 46}], [{"weight": 1, "random_weight": 0.8709764823564556, "id": 9}, {"weight": 1, "random_weight": 0.5223799917938053, "id": 13}, {"weight": 2, "random_weight": 0.9692841550347764, "id": 28}, {"weight": 2, "random_weight": 0.9196817664089624, "id": 35}, {"weight": 2, "random_weight": 0.4057669653731578, "id": 40}], [{"weight": 2, "random_weight": 0.8762930691348458, "id": 11}, {"weight": 1, "random_weight": 0.5089824920472893, "id": 29}, {"weight": 3, "random_weight": 0.23964130723926447, "id": 39}], [{"weight": 2, "random_weight": 0.884066060984884, "id": 23}, {"weight": 2, "random_weight": 0.08668091390171073, "id": 34}, {"weight": 3, "random_weight": 0.23964130723926447, "id": 38}], [{"weight": 1, "random_weight": 0.7397255098406651, "id": 9}, {"weight": 1, "random_weight": 0.31349762221410216, "id": 10}, {"weight": 3, "random_weight": 0.23467110497861432, "id": 12}, {"weight": 1, "random_weight": 0.9883027049510772, "id": 13}, {"weight": 2, "random_weight": 0.4057669653731578, "id": 37}], [{"weight": 1, "random_weight": 0.9065490904683493, "id": 3}, {"weight": 1, "random_weight": 0.6387328620037321, "id": 36}, {"weight": 1, "random_weight": 0.5385411029893115, "id": 42}, {"weight": 1, "random_weight": 0.48992674246568835, "id": 44}, {"weight": 2, "random_weight": 0.5261745275840065, "id": 46}, {"weight": 2, "random_weight": 0.6380869933619826, "id": 47}], [{"weight": 2, "random_weight": 0.10560006172756675, "id": 22}, {"weight": 1, "random_weight": 0.025641520769604242, "id": 30}, {"weight": 2, "random_weight": 0.6010509350275804, "id": 36}, {"weight": 1, "random_weight": 0.5385411029893115, "id": 41}, {"weight": 2, "random_weight": 0.4637516762218068, "id": 44}], [{"weight": 1, "random_weight": 0.5847847491719306, "id": 3}, {"weight": 2, "random_weight": 0.1515912138163623, "id": 4}, {"weight": 1, "random_weight": 0.08889909452339706, "id": 16}, {"weight": 2, "random_weight": 0.16420403792790816, "id": 20}, {"weight": 2, "random_weight": 0.02792852414510527, "id": 44}], [{"weight": 1, "random_weight": 0.6639359711368213, "id": 3}, {"weight": 2, "random_weight": 0.8269181174468806, "id": 16}, {"weight": 1, "random_weight": 0.48992674246568835, "id": 41}, {"weight": 2, "random_weight": 0.4637516762218068, "id": 42}, {"weight": 2, "random_weight": 0.02792852414510527, "id": 43}], [{"weight": 3, "random_weight": 0.37639200568429143, "id": 1}, {"weight": 2, "random_weight": 0.5368457595495635, "id": 12}, {"weight": 1, "random_weight": 0.07200421756609554, "id": 31}, {"weight": 1, "random_weight": 0.34939990222193085, "id": 32}], [{"weight": 1, "random_weight": 0.8053928074007344, "id": 23}, {"weight": 2, "random_weight": 0.6413199013999418, "id": 34}, {"weight": 2, "random_weight": 0.44937283655822635, "id": 36}, {"weight": 2, "random_weight": 0.5261745275840065, "id": 41}, {"weight": 1, "random_weight": 0.6793895293863553, "id": 47}], [{"weight": 1, "random_weight": 0.7986837569797899, "id": 3}, {"weight": 2, "random_weight": 0.20028496514039973, "id": 8}, {"weight": 1, "random_weight": 0.699039854307932, "id": 19}, {"weight": 1, "random_weight": 0.8596293517142816, "id": 26}, {"weight": 2, "random_weight": 0.6380869933619826, "id": 41}, {"weight": 1, "random_weight": 0.6793895293863553, "id": 46}]]}