{"directed": false, "multigraph": false, "graph": [], "nodes": [{"graph": null, "nnodes": 3, "nedges": 2, "density": 0.6666666666666666, "atomics": "[137, 138, 126]", "group_pop": 3, "init_part_assignment": 7, "id": 0}, {"graph": null, "nnodes": 3, "nedges": 2, "density": 0.6666666666666666, "atomics": "[115, 139, 127]", "group_pop": 3, "init_part_assignment": 7, "id": 1}, {"graph": null, "nnodes": 3, "nedges": 2, "density": 0.6666666666666666, "atomics": "[128, 140, 141]", "group_pop": 3, "init_part_assignment": 7, "id": 2}, {"graph": null, "nnodes": 3, "nedges": 2, "density": 0.6666666666666666, "atomics": "[10, 11, 22]", "group_pop": 3, "init_part_assignment": 1, "id": 3}, {"graph": null, "nnodes": 3, "nedges": 2, "density": 0.6666666666666666, "atomics": "[35, 23, 47]", "group_pop": 3, "init_part_assignment": 4, "id": 4}, {"graph": null, "nnodes": 3, "nedges": 2, "density": 0.6666666666666666, "atomics": "[88, 89, 77]", "group_pop": 3, "init_part_assignment": 9, "id": 5}, {"graph": null, "nnodes": 3, "nedges": 2, "density": 0.6666666666666666, "atomics": "[101, 102, 103]", "group_pop": 3, "init_part_assignment": 10, "id": 6}, {"graph": null, "nnodes": 3, "nedges": 2, "density": 0.6666666666666666, "atomics": "[112, 113, 114]", "group_pop": 3, "init_part_assignment": 10, "id": 7}, {"graph": null, "nnodes": 3, "nedges": 2, "density": 0.6666666666666666, "atomics": "[131, 119, 143]", "group_pop": 3, "init_part_assignment": 6, "id": 8}, {"graph": null, "nnodes": 3, "nedges": 2, "density": 0.6666666666666666, "atomics": "[129, 116, 117]", "group_pop": 3, "init_part_assignment": 6, "id": 9}, {"graph": null, "nnodes": 3, "nedges": 2, "density": 0.6666666666666666, "atomics": "[130, 142, 118]", "group_pop": 3, "init_part_assignment": 6, "id": 10}, {"graph": null, "nnodes": 3, "nedges": 2, "density": 0.6666666666666666, "atomics": "[66, 90, 78]", "group_pop": 3, "init_part_assignment": 10, "id": 11}, {"graph": null, "nnodes": 3, "nedges": 2, "density": 0.6666666666666666, "atomics": "[67, 79, 55]", "group_pop": 3, "init_part_assignment": 11, "id": 12}, {"graph": null, "nnodes": 3, "nedges": 2, "density": 0.6666666666666666, "atomics": "[65, 53, 54]", "group_pop": 3, "init_part_assignment": 10, "id": 13}, {"graph": null, "nnodes": 3, "nedges": 2, "density": 0.6666666666666666, "atomics": "[0, 1, 13]", "group_pop": 3, "init_part_assignment": 5, "id": 14}, {"graph": null, "nnodes": 3, "nedges": 2, "density": 0.6666666666666666, "atomics": "[2, 3, 14]", "group_pop": 3, "init_part_assignment": 5, "id": 15}, {"graph": null, "nnodes": 3, "nedges": 2, "density": 0.6666666666666666, "atomics": "[33, 34, 21]", "group_pop": 3, "init_part_assignment": 1, "id": 16}, {"graph": null, "nnodes": 3, "nedges": 2, "density": 0.6666666666666666, "atomics": "[120, 132, 133]", "group_pop": 3, "init_part_assignment": 0, "id": 17}, {"graph": null, "nnodes": 3, "nedges": 2, "density": 0.6666666666666666, "atomics": "[123, 134, 135]", "group_pop": 3, "init_part_assignment": 0, "id": 18}, {"graph": null, "nnodes": 3, "nedges": 2, "density": 0.6666666666666666, "atomics": "[104, 91, 92]", "group_pop": 3, "init_part_assignment": 11, "id": 19}, {"graph": null, "nnodes": 3, "nedges": 2, "density": 0.6666666666666666, "atomics": "[136, 124, 125]", "group_pop": 3, "init_part_assignment": 7, "id": 20}, {"graph": null, "nnodes": 3, "nedges": 2, "density": 0.6666666666666666, "atomics": "[72, 48, 60]", "group_pop": 3, "init_part_assignment": 2, "id": 21}, {"graph": null, "nnodes": 3, "nedges": 2, "density": 0.6666666666666666, "atomics": "[105, 106, 107]", "group_pop": 3, "init_part_assignment": 6, "id": 22}, {"graph": null, "nnodes": 3, "nedges": 2, "density": 0.6666666666666666, "atomics": "[16, 4, 15]", "group_pop": 3, "init_part_assignment": 3, "id": 23}, {"graph": null, "nnodes": 3, "nedges": 2, "density": 0.6666666666666666, "atomics": "[5, 6, 7]", "group_pop": 3, "init_part_assignment": 3, "id": 24}, {"graph": null, "nnodes": 3, "nedges": 2, "density": 0.6666666666666666, "atomics": "[80, 81, 68]", "group_pop": 3, "init_part_assignment": 11, "id": 25}, {"graph": null, "nnodes": 3, "nedges": 2, "density": 0.6666666666666666, "atomics": "[82, 93, 94]", "group_pop": 3, "init_part_assignment": 11, "id": 26}, {"graph": null, "nnodes": 3, "nedges": 2, "density": 0.6666666666666666, "atomics": "[121, 109, 97]", "group_pop": 3, "init_part_assignment": 0, "id": 27}, {"graph": null, "nnodes": 3, "nedges": 2, "density": 0.6666666666666666, "atomics": "[17, 18, 19]", "group_pop": 3, "init_part_assignment": 3, "id": 28}, {"graph": null, "nnodes": 3, "nedges": 2, "density": 0.6666666666666666, "atomics": "[42, 29, 30]", "group_pop": 3, "init_part_assignment": 8, "id": 29}, {"graph": null, "nnodes": 3, "nedges": 2, "density": 0.6666666666666666, "atomics": "[26, 27, 28]", "group_pop": 3, "init_part_assignment": 5, "id": 30}, {"graph": null, "nnodes": 3, "nedges": 2, "density": 0.6666666666666666, "atomics": "[40, 41, 39]", "group_pop": 3, "init_part_assignment": 8, "id": 31}, {"graph": null, "nnodes": 3, "nedges": 2, "density": 0.6666666666666666, "atomics": "[57, 69, 70]", "group_pop": 3, "init_part_assignment": 4, "id": 32}, {"graph": null, "nnodes": 3, "nedges": 2, "density": 0.6666666666666666, "atomics": "[73, 61, 62]", "group_pop": 3, "init_part_assignment": 2, "id": 33}, {"graph": null, "nnodes": 3, "nedges": 2, "density": 0.6666666666666666, "atomics": "[49, 50, 51]", "group_pop": 3, "init_part_assignment": 8, "id": 34}, {"graph": null, "nnodes": 3, "nedges": 2, "density": 0.6666666666666666, "atomics": "[56, 44, 45]", "group_pop": 3, "init_part_assignment": 1, "id": 35}, {"graph": null, "nnodes": 3, "nedges": 2, "density": 0.6666666666666666, "atomics": "[83, 71, 95]", "group_pop": 3, "init_part_assignment": 4, "id": 36}, {"graph": null, "nnodes": 3, "nedges": 2, "density": 0.6666666666666666, "atomics": "[58, 59, 46]", "group_pop": 3, "init_part_assignment": 4, "id": 37}, {"graph": null, "nnodes": 3, "nedges": 2, "density": 0.6666666666666666, "atomics": "[24, 25, 12]", "group_pop": 3, "init_part_assignment": 5, "id": 38}, {"graph": null, "nnodes": 3, "nedges": 2, "density": 0.6666666666666666, "atomics": "[36, 37, 38]", "group_pop": 3, "init_part_assignment": 2, "id": 39}, {"graph": null, "nnodes": 3, "nedges": 2, "density": 0.6666666666666666, "atomics": "[32, 43, 31]", "group_pop": 3, "init_part_assignment": 3, "id": 40}, {"graph": null, "nnodes": 3, "nedges": 2, "density": 0.6666666666666666, "atomics": "[74, 75, 76]", "group_pop": 3, "init_part_assignment": 9, "id": 41}, {"graph": null, "nnodes": 3, "nedges": 2, "density": 0.6666666666666666, "atomics": "[85, 86, 87]", "group_pop": 3, "init_part_assignment": 0, "id": 42}, {"graph": null, "nnodes": 3, "nedges": 2, "density": 0.6666666666666666, "atomics": "[122, 110, 111]", "group_pop": 3, "init_part_assignment": 9, "id": 43}, {"graph": null, "nnodes": 3, "nedges": 2, "density": 0.6666666666666666, "atomics": "[96, 108, 84]", "group_pop": 3, "init_part_assignment": 2, "id": 44}, {"graph": null, "nnodes": 3, "nedges": 2, "density": 0.6666666666666666, "atomics": "[98, 99, 100]", "group_pop": 3, "init_part_assignment": 9, "id": 45}, {"graph": null, "nnodes": 3, "nedges": 2, "density": 0.6666666666666666, "atomics": "[8, 9, 20]", "group_pop": 3, "init_part_assignment": 1, "id": 46}, {"graph": null, "nnodes": 3, "nedges": 2, "density": 0.6666666666666666, "atomics": "[64, 52, 63]", "group_pop": 3, "init_part_assignment": 8, "id": 47}], "adjacency": [[{"weight": 2, "random_weight": 0.29276486460343754, "id": 1}, {"weight": 1, "random_weight": 0.29785518546412626, "id": 7}, {"weight": 3, "random_weight": 0.32856449765061035, "id": 20}], [{"weight": 2, "random_weight": 0.29276486460343754, "id": 0}, {"weight": 2, "random_weight": 0.8336858849657574, "id": 2}, {"weight": 1, "random_weight": 0.8046086064256409, "id": 6}, {"weight": 1, "random_weight": 0.3456546967232612, "id": 7}, {"weight": 1, "random_weight": 0.22231218944363373, "id": 9}], [{"weight": 2, "random_weight": 0.8336858849657574, "id": 1}, {"weight": 3, "random_weight": 0.7074474915002041, "id": 9}, {"weight": 1, "random_weight": 0.9004120674121819, "id": 10}], [{"weight": 2, "random_weight": 0.5457553402299204, "id": 4}, {"weight": 2, "random_weight": 0.4455536158915162, "id": 16}, {"weight": 1, "random_weight": 0.9723831833723705, "id": 46}], [{"weight": 2, "random_weight": 0.5457553402299204, "id": 3}, {"weight": 1, "random_weight": 0.5815990519073544, "id": 16}, {"weight": 2, "random_weight": 0.09205730744096263, "id": 37}], [{"weight": 1, "random_weight": 0.45227156760294995, "id": 6}, {"weight": 2, "random_weight": 0.9216864727495461, "id": 11}, {"weight": 1, "random_weight": 0.5327921380283315, "id": 13}, {"weight": 2, "random_weight": 0.2653079412273631, "id": 41}, {"weight": 1, "random_weight": 0.8023296326646607, "id": 42}, {"weight": 1, "random_weight": 0.39595434515229944, "id": 45}], [{"weight": 1, "random_weight": 0.8046086064256409, "id": 1}, {"weight": 1, "random_weight": 0.45227156760294995, "id": 5}, {"weight": 2, "random_weight": 0.8567565602339567, "id": 7}, {"weight": 1, "random_weight": 0.8404894327037189, "id": 11}, {"weight": 2, "random_weight": 0.9564120467477341, "id": 19}, {"weight": 1, "random_weight": 0.4379141453760149, "id": 45}], [{"weight": 1, "random_weight": 0.29785518546412626, "id": 0}, {"weight": 1, "random_weight": 0.3456546967232612, "id": 1}, {"weight": 2, "random_weight": 0.8567565602339567, "id": 6}, {"weight": 2, "random_weight": 0.6459415940262148, "id": 20}, {"weight": 1, "random_weight": 0.4907543471240101, "id": 43}, {"weight": 1, "random_weight": 0.8427884759050088, "id": 45}], [{"weight": 3, "random_weight": 0.4698863507599331, "id": 10}, {"weight": 1, "random_weight": 0.004904057925783634, "id": 22}], [{"weight": 1, "random_weight": 0.22231218944363373, "id": 1}, {"weight": 3, "random_weight": 0.7074474915002041, "id": 2}, {"weight": 2, "random_weight": 0.0015564905455874856, "id": 10}, {"weight": 1, "random_weight": 0.3887988476938168, "id": 19}, {"weight": 1, "random_weight": 0.5849619432878023, "id": 22}], [{"weight": 1, "random_weight": 0.9004120674121819, "id": 2}, {"weight": 3, "random_weight": 0.4698863507599331, "id": 8}, {"weight": 2, "random_weight": 0.0015564905455874856, "id": 9}, {"weight": 1, "random_weight": 0.20957553103620674, "id": 22}], [{"weight": 2, "random_weight": 0.9216864727495461, "id": 5}, {"weight": 1, "random_weight": 0.8404894327037189, "id": 6}, {"weight": 2, "random_weight": 0.07505710568460366, "id": 12}, {"weight": 2, "random_weight": 0.11975418102642676, "id": 13}, {"weight": 1, "random_weight": 0.3749099342167316, "id": 19}], [{"weight": 2, "random_weight": 0.07505710568460366, "id": 11}, {"weight": 1, "random_weight": 0.16044177220059253, "id": 13}, {"weight": 1, "random_weight": 0.3732729666760509, "id": 19}, {"weight": 2, "random_weight": 0.4092280424353344, "id": 25}, {"weight": 1, "random_weight": 0.6776302319771978, "id": 35}, {"weight": 1, "random_weight": 0.35939911780243683, "id": 40}], [{"weight": 1, "random_weight": 0.5327921380283315, "id": 5}, {"weight": 2, "random_weight": 0.11975418102642676, "id": 11}, {"weight": 1, "random_weight": 0.16044177220059253, "id": 12}, {"weight": 1, "random_weight": 0.46901612013664096, "id": 29}, {"weight": 1, "random_weight": 0.0684722145615495, "id": 31}, {"weight": 2, "random_weight": 0.9914523124238853, "id": 47}], [{"weight": 2, "random_weight": 0.8520973732619095, "id": 15}, {"weight": 3, "random_weight": 0.3556371643201741, "id": 38}], [{"weight": 2, "random_weight": 0.8520973732619095, "id": 14}, {"weight": 3, "random_weight": 0.6561078258796793, "id": 23}, {"weight": 1, "random_weight": 0.10431328149594732, "id": 30}], [{"weight": 2, "random_weight": 0.4455536158915162, "id": 3}, {"weight": 1, "random_weight": 0.5815990519073544, "id": 4}, {"weight": 1, "random_weight": 0.2351229724016627, "id": 35}, {"weight": 1, "random_weight": 0.17082861923215764, "id": 37}, {"weight": 1, "random_weight": 0.7636567462611292, "id": 40}, {"weight": 2, "random_weight": 0.08368942031203919, "id": 46}], [{"weight": 1, "random_weight": 0.27240787090090124, "id": 18}, {"weight": 2, "random_weight": 0.39703542231368094, "id": 27}, {"weight": 1, "random_weight": 0.9405638629785978, "id": 44}], [{"weight": 1, "random_weight": 0.27240787090090124, "id": 17}, {"weight": 2, "random_weight": 0.03659144863361108, "id": 20}, {"weight": 3, "random_weight": 0.8368936748333944, "id": 43}], [{"weight": 2, "random_weight": 0.9564120467477341, "id": 6}, {"weight": 1, "random_weight": 0.3887988476938168, "id": 9}, {"weight": 1, "random_weight": 0.3749099342167316, "id": 11}, {"weight": 1, "random_weight": 0.3732729666760509, "id": 12}, {"weight": 1, "random_weight": 0.934016625306748, "id": 22}, {"weight": 1, "random_weight": 0.8220063247699241, "id": 25}, {"weight": 1, "random_weight": 0.22086575674228814, "id": 26}], [{"weight": 3, "random_weight": 0.32856449765061035, "id": 0}, {"weight": 2, "random_weight": 0.6459415940262148, "id": 7}, {"weight": 2, "random_weight": 0.03659144863361108, "id": 18}], [{"weight": 2, "random_weight": 0.3222668521691645, "id": 33}, {"weight": 1, "random_weight": 0.9281941902297903, "id": 34}, {"weight": 1, "random_weight": 0.0016392576088913868, "id": 39}, {"weight": 1, "random_weight": 0.8835679978087531, "id": 44}], [{"weight": 1, "random_weight": 0.004904057925783634, "id": 8}, {"weight": 1, "random_weight": 0.5849619432878023, "id": 9}, {"weight": 1, "random_weight": 0.20957553103620674, "id": 10}, {"weight": 1, "random_weight": 0.934016625306748, "id": 19}, {"weight": 2, "random_weight": 0.8862104133027012, "id": 26}, {"weight": 1, "random_weight": 0.7411259008896636, "id": 36}], [{"weight": 3, "random_weight": 0.6561078258796793, "id": 15}, {"weight": 1, "random_weight": 0.9823020615449621, "id": 24}, {"weight": 1, "random_weight": 0.08430247997137164, "id": 28}, {"weight": 2, "random_weight": 0.7906176654110986, "id": 30}], [{"weight": 1, "random_weight": 0.9823020615449621, "id": 23}, {"weight": 3, "random_weight": 0.7993039728140187, "id": 28}, {"weight": 1, "random_weight": 0.5237372074012941, "id": 46}], [{"weight": 2, "random_weight": 0.4092280424353344, "id": 12}, {"weight": 1, "random_weight": 0.8220063247699241, "id": 19}, {"weight": 2, "random_weight": 0.3630767358484258, "id": 26}, {"weight": 2, "random_weight": 0.7712313306587374, "id": 32}, {"weight": 1, "random_weight": 0.7052759859186818, "id": 35}], [{"weight": 1, "random_weight": 0.22086575674228814, "id": 19}, {"weight": 2, "random_weight": 0.8862104133027012, "id": 22}, {"weight": 2, "random_weight": 0.3630767358484258, "id": 25}, {"weight": 1, "random_weight": 0.31825982304036005, "id": 32}, {"weight": 2, "random_weight": 0.5667823572103913, "id": 36}], [{"weight": 2, "random_weight": 0.39703542231368094, "id": 17}, {"weight": 1, "random_weight": 0.5490649517259629, "id": 42}, {"weight": 2, "random_weight": 0.6771576224937781, "id": 43}, {"weight": 2, "random_weight": 0.8082427132628198, "id": 44}, {"weight": 1, "random_weight": 0.6632700424880655, "id": 45}], [{"weight": 1, "random_weight": 0.08430247997137164, "id": 23}, {"weight": 3, "random_weight": 0.7993039728140187, "id": 24}, {"weight": 2, "random_weight": 0.5695316096802309, "id": 29}, {"weight": 1, "random_weight": 0.23154035446502663, "id": 40}, {"weight": 1, "random_weight": 0.723714659495459, "id": 46}], [{"weight": 1, "random_weight": 0.46901612013664096, "id": 13}, {"weight": 2, "random_weight": 0.5695316096802309, "id": 28}, {"weight": 1, "random_weight": 0.94558912934421, "id": 30}, {"weight": 2, "random_weight": 0.026845111505881758, "id": 31}, {"weight": 2, "random_weight": 0.9925336669567688, "id": 40}], [{"weight": 1, "random_weight": 0.10431328149594732, "id": 15}, {"weight": 2, "random_weight": 0.7906176654110986, "id": 23}, {"weight": 1, "random_weight": 0.94558912934421, "id": 29}, {"weight": 2, "random_weight": 0.5386943402307667, "id": 31}, {"weight": 1, "random_weight": 0.9081192273540218, "id": 38}, {"weight": 1, "random_weight": 0.979533078971727, "id": 39}], [{"weight": 1, "random_weight": 0.0684722145615495, "id": 13}, {"weight": 2, "random_weight": 0.026845111505881758, "id": 29}, {"weight": 2, "random_weight": 0.5386943402307667, "id": 30}, {"weight": 1, "random_weight": 0.5142586996705726, "id": 34}, {"weight": 1, "random_weight": 0.4791296725732741, "id": 39}, {"weight": 1, "random_weight": 0.053077819182064445, "id": 47}], [{"weight": 2, "random_weight": 0.7712313306587374, "id": 25}, {"weight": 1, "random_weight": 0.31825982304036005, "id": 26}, {"weight": 2, "random_weight": 0.5127226405788867, "id": 35}, {"weight": 1, "random_weight": 0.35447934185844954, "id": 36}, {"weight": 2, "random_weight": 0.2411352206198859, "id": 37}], [{"weight": 2, "random_weight": 0.3222668521691645, "id": 21}, {"weight": 2, "random_weight": 0.9579883683267845, "id": 34}, {"weight": 2, "random_weight": 0.27182085813178924, "id": 41}, {"weight": 1, "random_weight": 0.9021752181423817, "id": 42}, {"weight": 1, "random_weight": 0.7669939734035179, "id": 47}], [{"weight": 1, "random_weight": 0.9281941902297903, "id": 21}, {"weight": 1, "random_weight": 0.5142586996705726, "id": 31}, {"weight": 2, "random_weight": 0.9579883683267845, "id": 33}, {"weight": 2, "random_weight": 0.38055562881191063, "id": 39}, {"weight": 2, "random_weight": 0.0725896085807024, "id": 47}], [{"weight": 1, "random_weight": 0.6776302319771978, "id": 12}, {"weight": 1, "random_weight": 0.2351229724016627, "id": 16}, {"weight": 1, "random_weight": 0.7052759859186818, "id": 25}, {"weight": 2, "random_weight": 0.5127226405788867, "id": 32}, {"weight": 1, "random_weight": 0.8069530052635163, "id": 37}, {"weight": 2, "random_weight": 0.8473937864245356, "id": 40}], [{"weight": 1, "random_weight": 0.7411259008896636, "id": 22}, {"weight": 2, "random_weight": 0.5667823572103913, "id": 26}, {"weight": 1, "random_weight": 0.35447934185844954, "id": 32}, {"weight": 1, "random_weight": 0.9162570269908452, "id": 37}], [{"weight": 2, "random_weight": 0.09205730744096263, "id": 4}, {"weight": 1, "random_weight": 0.17082861923215764, "id": 16}, {"weight": 2, "random_weight": 0.2411352206198859, "id": 32}, {"weight": 1, "random_weight": 0.8069530052635163, "id": 35}, {"weight": 1, "random_weight": 0.9162570269908452, "id": 36}], [{"weight": 3, "random_weight": 0.3556371643201741, "id": 14}, {"weight": 1, "random_weight": 0.9081192273540218, "id": 30}, {"weight": 2, "random_weight": 0.4629115381614226, "id": 39}], [{"weight": 1, "random_weight": 0.0016392576088913868, "id": 21}, {"weight": 1, "random_weight": 0.979533078971727, "id": 30}, {"weight": 1, "random_weight": 0.4791296725732741, "id": 31}, {"weight": 2, "random_weight": 0.38055562881191063, "id": 34}, {"weight": 2, "random_weight": 0.4629115381614226, "id": 38}], [{"weight": 1, "random_weight": 0.35939911780243683, "id": 12}, {"weight": 1, "random_weight": 0.7636567462611292, "id": 16}, {"weight": 1, "random_weight": 0.23154035446502663, "id": 28}, {"weight": 2, "random_weight": 0.9925336669567688, "id": 29}, {"weight": 2, "random_weight": 0.8473937864245356, "id": 35}, {"weight": 1, "random_weight": 0.9852079604277967, "id": 46}], [{"weight": 2, "random_weight": 0.2653079412273631, "id": 5}, {"weight": 2, "random_weight": 0.27182085813178924, "id": 33}, {"weight": 2, "random_weight": 0.9776993029063302, "id": 42}, {"weight": 2, "random_weight": 0.788447017949741, "id": 47}], [{"weight": 1, "random_weight": 0.8023296326646607, "id": 5}, {"weight": 1, "random_weight": 0.5490649517259629, "id": 27}, {"weight": 1, "random_weight": 0.9021752181423817, "id": 33}, {"weight": 2, "random_weight": 0.9776993029063302, "id": 41}, {"weight": 1, "random_weight": 0.7859563357439836, "id": 44}, {"weight": 2, "random_weight": 0.9958568596001848, "id": 45}], [{"weight": 1, "random_weight": 0.4907543471240101, "id": 7}, {"weight": 3, "random_weight": 0.8368936748333944, "id": 18}, {"weight": 2, "random_weight": 0.6771576224937781, "id": 27}, {"weight": 2, "random_weight": 0.3765526125983236, "id": 45}], [{"weight": 1, "random_weight": 0.9405638629785978, "id": 17}, {"weight": 1, "random_weight": 0.8835679978087531, "id": 21}, {"weight": 2, "random_weight": 0.8082427132628198, "id": 27}, {"weight": 1, "random_weight": 0.7859563357439836, "id": 42}], [{"weight": 1, "random_weight": 0.39595434515229944, "id": 5}, {"weight": 1, "random_weight": 0.4379141453760149, "id": 6}, {"weight": 1, "random_weight": 0.8427884759050088, "id": 7}, {"weight": 1, "random_weight": 0.6632700424880655, "id": 27}, {"weight": 2, "random_weight": 0.9958568596001848, "id": 42}, {"weight": 2, "random_weight": 0.3765526125983236, "id": 43}], [{"weight": 1, "random_weight": 0.9723831833723705, "id": 3}, {"weight": 2, "random_weight": 0.08368942031203919, "id": 16}, {"weight": 1, "random_weight": 0.5237372074012941, "id": 24}, {"weight": 1, "random_weight": 0.723714659495459, "id": 28}, {"weight": 1, "random_weight": 0.9852079604277967, "id": 40}], [{"weight": 2, "random_weight": 0.9914523124238853, "id": 13}, {"weight": 1, "random_weight": 0.053077819182064445, "id": 31}, {"weight": 1, "random_weight": 0.7669939734035179, "id": 33}, {"weight": 2, "random_weight": 0.0725896085807024, "id": 34}, {"weight": 2, "random_weight": 0.788447017949741, "id": 41}]]}