{"directed": false, "multigraph": false, "graph": [], "nodes": [{"graph": null, "nnodes": 3, "nedges": 2, "density": 0.6666666666666666, "atomics": "[136, 137, 138]", "group_pop": 3, "init_part_assignment": 1, "id": 0}, {"graph": null, "nnodes": 3, "nedges": 2, "density": 0.6666666666666666, "atomics": "[115, 139, 127]", "group_pop": 3, "init_part_assignment": 1, "id": 1}, {"graph": null, "nnodes": 3, "nedges": 2, "density": 0.6666666666666666, "atomics": "[128, 140, 141]", "group_pop": 3, "init_part_assignment": 8, "id": 2}, {"graph": null, "nnodes": 3, "nedges": 2, "density": 0.6666666666666666, "atomics": "[8, 9, 10]", "group_pop": 3, "init_part_assignment": 10, "id": 3}, {"graph": null, "nnodes": 3, "nedges": 2, "density": 0.6666666666666666, "atomics": "[11, 35, 23]", "group_pop": 3, "init_part_assignment": 10, "id": 4}, {"graph": null, "nnodes": 3, "nedges": 2, "density": 0.6666666666666666, "atomics": "[89, 76, 77]", "group_pop": 3, "init_part_assignment": 3, "id": 5}, {"graph": null, "nnodes": 3, "nedges": 2, "density": 0.6666666666666666, "atomics": "[99, 100, 101]", "group_pop": 3, "init_part_assignment": 3, "id": 6}, {"graph": null, "nnodes": 3, "nedges": 2, "density": 0.6666666666666666, "atomics": "[112, 113, 114]", "group_pop": 3, "init_part_assignment": 1, "id": 7}, {"graph": null, "nnodes": 3, "nedges": 2, "density": 0.6666666666666666, "atomics": "[131, 142, 143]", "group_pop": 3, "init_part_assignment": 9, "id": 8}, {"graph": null, "nnodes": 3, "nedges": 2, "density": 0.6666666666666666, "atomics": "[107, 118, 119]", "group_pop": 3, "init_part_assignment": 9, "id": 9}, {"graph": null, "nnodes": 3, "nedges": 2, "density": 0.6666666666666666, "atomics": "[129, 130, 117]", "group_pop": 3, "init_part_assignment": 8, "id": 10}, {"graph": null, "nnodes": 3, "nedges": 2, "density": 0.6666666666666666, "atomics": "[64, 65, 66]", "group_pop": 3, "init_part_assignment": 3, "id": 11}, {"graph": null, "nnodes": 3, "nedges": 2, "density": 0.6666666666666666, "atomics": "[67, 91, 79]", "group_pop": 3, "init_part_assignment": 11, "id": 12}, {"graph": null, "nnodes": 3, "nedges": 2, "density": 0.6666666666666666, "atomics": "[52, 53, 54]", "group_pop": 3, "init_part_assignment": 6, "id": 13}, {"graph": null, "nnodes": 3, "nedges": 2, "density": 0.6666666666666666, "atomics": "[0, 1, 13]", "group_pop": 3, "init_part_assignment": 0, "id": 14}, {"graph": null, "nnodes": 3, "nedges": 2, "density": 0.6666666666666666, "atomics": "[2, 3, 14]", "group_pop": 3, "init_part_assignment": 0, "id": 15}, {"graph": null, "nnodes": 3, "nedges": 2, "density": 0.6666666666666666, "atomics": "[34, 46, 47]", "group_pop": 3, "init_part_assignment": 10, "id": 16}, {"graph": null, "nnodes": 3, "nedges": 2, "density": 0.6666666666666666, "atomics": "[120, 132, 108]", "group_pop": 3, "init_part_assignment": 2, "id": 17}, {"graph": null, "nnodes": 3, "nedges": 2, "density": 0.6666666666666666, "atomics": "[133, 134, 135]", "group_pop": 3, "init_part_assignment": 1, "id": 18}, {"graph": null, "nnodes": 3, "nedges": 2, "density": 0.6666666666666666, "atomics": "[104, 116, 103]", "group_pop": 3, "init_part_assignment": 8, "id": 19}, {"graph": null, "nnodes": 3, "nedges": 2, "density": 0.6666666666666666, "atomics": "[80, 81, 92]", "group_pop": 3, "init_part_assignment": 9, "id": 20}, {"graph": null, "nnodes": 3, "nedges": 2, "density": 0.6666666666666666, "atomics": "[72, 73, 61]", "group_pop": 3, "init_part_assignment": 4, "id": 21}, {"graph": null, "nnodes": 3, "nedges": 2, "density": 0.6666666666666666, "atomics": "[48, 49, 60]", "group_pop": 3, "init_part_assignment": 5, "id": 22}, {"graph": null, "nnodes": 3, "nedges": 2, "density": 0.6666666666666666, "atomics": "[105, 106, 93]", "group_pop": 3, "init_part_assignment": 9, "id": 23}, {"graph": null, "nnodes": 3, "nedges": 2, "density": 0.6666666666666666, "atomics": "[124, 125, 126]", "group_pop": 3, "init_part_assignment": 2, "id": 24}, {"graph": null, "nnodes": 3, "nedges": 2, "density": 0.6666666666666666, "atomics": "[78, 90, 102]", "group_pop": 3, "init_part_assignment": 8, "id": 25}, {"graph": null, "nnodes": 3, "nedges": 2, "density": 0.6666666666666666, "atomics": "[16, 17, 18]", "group_pop": 3, "init_part_assignment": 6, "id": 26}, {"graph": null, "nnodes": 3, "nedges": 2, "density": 0.6666666666666666, "atomics": "[4, 5, 6]", "group_pop": 3, "init_part_assignment": 0, "id": 27}, {"graph": null, "nnodes": 3, "nedges": 2, "density": 0.6666666666666666, "atomics": "[27, 15, 39]", "group_pop": 3, "init_part_assignment": 5, "id": 28}, {"graph": null, "nnodes": 3, "nedges": 2, "density": 0.6666666666666666, "atomics": "[121, 109, 110]", "group_pop": 3, "init_part_assignment": 2, "id": 29}, {"graph": null, "nnodes": 3, "nedges": 2, "density": 0.6666666666666666, "atomics": "[19, 7, 31]", "group_pop": 3, "init_part_assignment": 11, "id": 30}, {"graph": null, "nnodes": 3, "nedges": 2, "density": 0.6666666666666666, "atomics": "[40, 28, 29]", "group_pop": 3, "init_part_assignment": 6, "id": 31}, {"graph": null, "nnodes": 3, "nedges": 2, "density": 0.6666666666666666, "atomics": "[94, 82, 70]", "group_pop": 3, "init_part_assignment": 7, "id": 32}, {"graph": null, "nnodes": 3, "nedges": 2, "density": 0.6666666666666666, "atomics": "[56, 68, 69]", "group_pop": 3, "init_part_assignment": 7, "id": 33}, {"graph": null, "nnodes": 3, "nedges": 2, "density": 0.6666666666666666, "atomics": "[83, 71, 95]", "group_pop": 3, "init_part_assignment": 7, "id": 34}, {"graph": null, "nnodes": 3, "nedges": 2, "density": 0.6666666666666666, "atomics": "[57, 58, 59]", "group_pop": 3, "init_part_assignment": 7, "id": 35}, {"graph": null, "nnodes": 3, "nedges": 2, "density": 0.6666666666666666, "atomics": "[24, 36, 12]", "group_pop": 3, "init_part_assignment": 0, "id": 36}, {"graph": null, "nnodes": 3, "nedges": 2, "density": 0.6666666666666666, "atomics": "[25, 26, 37]", "group_pop": 3, "init_part_assignment": 5, "id": 37}, {"graph": null, "nnodes": 3, "nedges": 2, "density": 0.6666666666666666, "atomics": "[32, 33, 45]", "group_pop": 3, "init_part_assignment": 11, "id": 38}, {"graph": null, "nnodes": 3, "nedges": 2, "density": 0.6666666666666666, "atomics": "[43, 44, 55]", "group_pop": 3, "init_part_assignment": 11, "id": 39}, {"graph": null, "nnodes": 3, "nedges": 2, "density": 0.6666666666666666, "atomics": "[74, 62, 63]", "group_pop": 3, "init_part_assignment": 4, "id": 40}, {"graph": null, "nnodes": 3, "nedges": 2, "density": 0.6666666666666666, "atomics": "[88, 75, 87]", "group_pop": 3, "init_part_assignment": 4, "id": 41}, {"graph": null, "nnodes": 3, "nedges": 2, "density": 0.6666666666666666, "atomics": "[84, 85, 86]", "group_pop": 3, "init_part_assignment": 4, "id": 42}, {"graph": null, "nnodes": 3, "nedges": 2, "density": 0.6666666666666666, "atomics": "[122, 123, 111]", "group_pop": 3, "init_part_assignment": 2, "id": 43}, {"graph": null, "nnodes": 3, "nedges": 2, "density": 0.6666666666666666, "atomics": "[96, 97, 98]", "group_pop": 3, "init_part_assignment": 3, "id": 44}, {"graph": null, "nnodes": 3, "nedges": 2, "density": 0.6666666666666666, "atomics": "[20, 21, 22]", "group_pop": 3, "init_part_assignment": 10, "id": 45}, {"graph": null, "nnodes": 3, "nedges": 2, "density": 0.6666666666666666, "atomics": "[41, 42, 30]", "group_pop": 3, "init_part_assignment": 6, "id": 46}, {"graph": null, "nnodes": 3, "nedges": 2, "density": 0.6666666666666666, "atomics": "[50, 51, 38]", "group_pop": 3, "init_part_assignment": 5, "id": 47}], "adjacency": [[{"weight": 1, "random_weight": 0.3713503454532733, "id": 1}, {"weight": 1, "random_weight": 0.26830994055509505, "id": 18}, {"weight": 3, "random_weight": 0.5802396701750798, "id": 24}], [{"weight": 1, "random_weight": 0.3713503454532733, "id": 0}, {"weight": 2, "random_weight": 0.9687479719110385, "id": 2}, {"weight": 1, "random_weight": 0.3730975975156823, "id": 7}, {"weight": 2, "random_weight": 0.8320800504683226, "id": 19}, {"weight": 1, "random_weight": 0.8998486682904494, "id": 24}], [{"weight": 2, "random_weight": 0.9687479719110385, "id": 1}, {"weight": 1, "random_weight": 0.7020623811491713, "id": 8}, {"weight": 2, "random_weight": 0.010374346432103887, "id": 10}, {"weight": 1, "random_weight": 0.29619368280389, "id": 19}], [{"weight": 1, "random_weight": 0.2927874132581604, "id": 4}, {"weight": 1, "random_weight": 0.28053117274138806, "id": 30}, {"weight": 3, "random_weight": 0.3088913194155791, "id": 45}], [{"weight": 1, "random_weight": 0.2927874132581604, "id": 3}, {"weight": 2, "random_weight": 0.676748033063369, "id": 16}, {"weight": 1, "random_weight": 0.1809208105192296, "id": 45}], [{"weight": 1, "random_weight": 0.4100260116819081, "id": 6}, {"weight": 2, "random_weight": 0.3907120813602839, "id": 11}, {"weight": 2, "random_weight": 0.9973979196722901, "id": 25}, {"weight": 3, "random_weight": 0.6116272252189829, "id": 41}], [{"weight": 1, "random_weight": 0.4100260116819081, "id": 5}, {"weight": 2, "random_weight": 0.6442014398590846, "id": 7}, {"weight": 1, "random_weight": 0.4209087137860491, "id": 25}, {"weight": 2, "random_weight": 0.7687721906862278, "id": 41}, {"weight": 1, "random_weight": 0.05865012996265906, "id": 43}, {"weight": 1, "random_weight": 0.17580647847508024, "id": 44}], [{"weight": 1, "random_weight": 0.3730975975156823, "id": 1}, {"weight": 2, "random_weight": 0.6442014398590846, "id": 6}, {"weight": 3, "random_weight": 0.662467166751572, "id": 24}, {"weight": 1, "random_weight": 0.6572753799931119, "id": 25}, {"weight": 1, "random_weight": 0.16350105856172148, "id": 43}], [{"weight": 1, "random_weight": 0.7020623811491713, "id": 2}, {"weight": 1, "random_weight": 0.9910466547053997, "id": 9}, {"weight": 2, "random_weight": 0.7041775449852723, "id": 10}], [{"weight": 1, "random_weight": 0.9910466547053997, "id": 8}, {"weight": 2, "random_weight": 0.5653270697707092, "id": 10}, {"weight": 2, "random_weight": 0.5679309777724385, "id": 23}, {"weight": 1, "random_weight": 0.8765293931171829, "id": 34}], [{"weight": 2, "random_weight": 0.010374346432103887, "id": 2}, {"weight": 2, "random_weight": 0.7041775449852723, "id": 8}, {"weight": 2, "random_weight": 0.5653270697707092, "id": 9}, {"weight": 1, "random_weight": 0.6651850623839738, "id": 19}, {"weight": 1, "random_weight": 0.6338879629004197, "id": 23}], [{"weight": 2, "random_weight": 0.3907120813602839, "id": 5}, {"weight": 1, "random_weight": 0.379778664483843, "id": 12}, {"weight": 3, "random_weight": 0.8873459256265182, "id": 13}, {"weight": 1, "random_weight": 0.53513408544394, "id": 25}, {"weight": 1, "random_weight": 0.6065410018386809, "id": 40}], [{"weight": 1, "random_weight": 0.379778664483843, "id": 11}, {"weight": 1, "random_weight": 0.6043773408952423, "id": 19}, {"weight": 2, "random_weight": 0.37309903941432765, "id": 20}, {"weight": 2, "random_weight": 0.4550925164845758, "id": 25}, {"weight": 1, "random_weight": 0.48852045729851323, "id": 33}, {"weight": 1, "random_weight": 0.2011578541472544, "id": 39}], [{"weight": 3, "random_weight": 0.8873459256265182, "id": 11}, {"weight": 1, "random_weight": 0.19698106239445345, "id": 31}, {"weight": 1, "random_weight": 0.18391164814906347, "id": 39}, {"weight": 2, "random_weight": 0.8675345863886045, "id": 46}, {"weight": 1, "random_weight": 0.04627898809512154, "id": 47}], [{"weight": 2, "random_weight": 0.2832634092213624, "id": 15}, {"weight": 2, "random_weight": 0.32940534820152956, "id": 36}, {"weight": 1, "random_weight": 0.8466621773562997, "id": 37}], [{"weight": 2, "random_weight": 0.2832634092213624, "id": 14}, {"weight": 1, "random_weight": 0.48835305749934743, "id": 27}, {"weight": 2, "random_weight": 0.3257787813555504, "id": 28}, {"weight": 1, "random_weight": 0.2619651805985562, "id": 37}], [{"weight": 2, "random_weight": 0.676748033063369, "id": 4}, {"weight": 2, "random_weight": 0.07647152563020931, "id": 35}, {"weight": 2, "random_weight": 0.9796792596783165, "id": 38}, {"weight": 1, "random_weight": 0.1887627494937879, "id": 45}], [{"weight": 1, "random_weight": 0.8437983539732016, "id": 18}, {"weight": 2, "random_weight": 0.6335063788888644, "id": 29}, {"weight": 1, "random_weight": 0.6867272290179177, "id": 44}], [{"weight": 1, "random_weight": 0.26830994055509505, "id": 0}, {"weight": 1, "random_weight": 0.8437983539732016, "id": 17}, {"weight": 1, "random_weight": 0.8482081642054742, "id": 29}, {"weight": 2, "random_weight": 0.9966908069580465, "id": 43}], [{"weight": 2, "random_weight": 0.8320800504683226, "id": 1}, {"weight": 1, "random_weight": 0.29619368280389, "id": 2}, {"weight": 1, "random_weight": 0.6651850623839738, "id": 10}, {"weight": 1, "random_weight": 0.6043773408952423, "id": 12}, {"weight": 1, "random_weight": 0.06113277375011328, "id": 20}, {"weight": 1, "random_weight": 0.8528106087047419, "id": 23}, {"weight": 1, "random_weight": 0.29767316673003474, "id": 25}], [{"weight": 2, "random_weight": 0.37309903941432765, "id": 12}, {"weight": 1, "random_weight": 0.06113277375011328, "id": 19}, {"weight": 2, "random_weight": 0.35381548499455284, "id": 23}, {"weight": 1, "random_weight": 0.8815501211780558, "id": 32}, {"weight": 2, "random_weight": 0.5980019457869281, "id": 33}], [{"weight": 3, "random_weight": 0.25159914982226605, "id": 22}, {"weight": 2, "random_weight": 0.07379779131707453, "id": 40}, {"weight": 2, "random_weight": 0.8648471084900249, "id": 42}], [{"weight": 3, "random_weight": 0.25159914982226605, "id": 21}, {"weight": 1, "random_weight": 0.6631579181109704, "id": 36}, {"weight": 1, "random_weight": 0.6196631330438616, "id": 37}, {"weight": 1, "random_weight": 0.7617630981113634, "id": 47}], [{"weight": 2, "random_weight": 0.5679309777724385, "id": 9}, {"weight": 1, "random_weight": 0.6338879629004197, "id": 10}, {"weight": 1, "random_weight": 0.8528106087047419, "id": 19}, {"weight": 2, "random_weight": 0.35381548499455284, "id": 20}, {"weight": 2, "random_weight": 0.9125702478520841, "id": 32}], [{"weight": 3, "random_weight": 0.5802396701750798, "id": 0}, {"weight": 1, "random_weight": 0.8998486682904494, "id": 1}, {"weight": 3, "random_weight": 0.662467166751572, "id": 7}, {"weight": 1, "random_weight": 0.47274035972132633, "id": 43}], [{"weight": 2, "random_weight": 0.9973979196722901, "id": 5}, {"weight": 1, "random_weight": 0.4209087137860491, "id": 6}, {"weight": 1, "random_weight": 0.6572753799931119, "id": 7}, {"weight": 1, "random_weight": 0.53513408544394, "id": 11}, {"weight": 2, "random_weight": 0.4550925164845758, "id": 12}, {"weight": 1, "random_weight": 0.29767316673003474, "id": 19}], [{"weight": 3, "random_weight": 0.5876356181738414, "id": 27}, {"weight": 1, "random_weight": 0.4027858879490114, "id": 28}, {"weight": 1, "random_weight": 0.9394296231509768, "id": 30}, {"weight": 2, "random_weight": 0.11725251316321916, "id": 31}, {"weight": 1, "random_weight": 0.2535214904783136, "id": 46}], [{"weight": 1, "random_weight": 0.48835305749934743, "id": 15}, {"weight": 3, "random_weight": 0.5876356181738414, "id": 26}, {"weight": 1, "random_weight": 0.6455304068510956, "id": 30}], [{"weight": 2, "random_weight": 0.3257787813555504, "id": 15}, {"weight": 1, "random_weight": 0.4027858879490114, "id": 26}, {"weight": 2, "random_weight": 0.23715053126087138, "id": 31}, {"weight": 1, "random_weight": 0.15490812314441205, "id": 37}, {"weight": 2, "random_weight": 0.13826488218430677, "id": 47}], [{"weight": 2, "random_weight": 0.6335063788888644, "id": 17}, {"weight": 1, "random_weight": 0.8482081642054742, "id": 18}, {"weight": 3, "random_weight": 0.02468424884824516, "id": 43}, {"weight": 2, "random_weight": 0.6635317848846036, "id": 44}], [{"weight": 1, "random_weight": 0.28053117274138806, "id": 3}, {"weight": 1, "random_weight": 0.9394296231509768, "id": 26}, {"weight": 1, "random_weight": 0.6455304068510956, "id": 27}, {"weight": 1, "random_weight": 0.3056903736180495, "id": 38}, {"weight": 1, "random_weight": 0.6084305491730845, "id": 39}, {"weight": 1, "random_weight": 0.803578123427917, "id": 45}, {"weight": 1, "random_weight": 0.595922737713425, "id": 46}], [{"weight": 1, "random_weight": 0.19698106239445345, "id": 13}, {"weight": 2, "random_weight": 0.11725251316321916, "id": 26}, {"weight": 2, "random_weight": 0.23715053126087138, "id": 28}, {"weight": 3, "random_weight": 0.9818452095890986, "id": 46}], [{"weight": 1, "random_weight": 0.8815501211780558, "id": 20}, {"weight": 2, "random_weight": 0.9125702478520841, "id": 23}, {"weight": 1, "random_weight": 0.6100161134469596, "id": 33}, {"weight": 3, "random_weight": 0.5064010217571412, "id": 34}, {"weight": 1, "random_weight": 0.3747995356221514, "id": 35}], [{"weight": 1, "random_weight": 0.48852045729851323, "id": 12}, {"weight": 2, "random_weight": 0.5980019457869281, "id": 20}, {"weight": 1, "random_weight": 0.6100161134469596, "id": 32}, {"weight": 2, "random_weight": 0.17734470028551197, "id": 35}, {"weight": 2, "random_weight": 0.8102822240983631, "id": 39}], [{"weight": 1, "random_weight": 0.8765293931171829, "id": 9}, {"weight": 3, "random_weight": 0.5064010217571412, "id": 32}, {"weight": 1, "random_weight": 0.4976103731721976, "id": 35}], [{"weight": 2, "random_weight": 0.07647152563020931, "id": 16}, {"weight": 1, "random_weight": 0.3747995356221514, "id": 32}, {"weight": 2, "random_weight": 0.17734470028551197, "id": 33}, {"weight": 1, "random_weight": 0.4976103731721976, "id": 34}, {"weight": 1, "random_weight": 0.6639253831406065, "id": 38}], [{"weight": 2, "random_weight": 0.32940534820152956, "id": 14}, {"weight": 1, "random_weight": 0.6631579181109704, "id": 22}, {"weight": 2, "random_weight": 0.6115129208498925, "id": 37}], [{"weight": 1, "random_weight": 0.8466621773562997, "id": 14}, {"weight": 1, "random_weight": 0.2619651805985562, "id": 15}, {"weight": 1, "random_weight": 0.6196631330438616, "id": 22}, {"weight": 1, "random_weight": 0.15490812314441205, "id": 28}, {"weight": 2, "random_weight": 0.6115129208498925, "id": 36}, {"weight": 2, "random_weight": 0.7617280091570414, "id": 47}], [{"weight": 2, "random_weight": 0.9796792596783165, "id": 16}, {"weight": 1, "random_weight": 0.3056903736180495, "id": 30}, {"weight": 1, "random_weight": 0.6639253831406065, "id": 35}, {"weight": 2, "random_weight": 0.13905930690624546, "id": 39}, {"weight": 2, "random_weight": 0.5724975694623359, "id": 45}], [{"weight": 1, "random_weight": 0.2011578541472544, "id": 12}, {"weight": 1, "random_weight": 0.18391164814906347, "id": 13}, {"weight": 1, "random_weight": 0.6084305491730845, "id": 30}, {"weight": 2, "random_weight": 0.8102822240983631, "id": 33}, {"weight": 2, "random_weight": 0.13905930690624546, "id": 38}, {"weight": 1, "random_weight": 0.765104686285915, "id": 46}], [{"weight": 1, "random_weight": 0.6065410018386809, "id": 11}, {"weight": 2, "random_weight": 0.07379779131707453, "id": 21}, {"weight": 2, "random_weight": 0.32156960352943764, "id": 41}, {"weight": 1, "random_weight": 0.2891956804407292, "id": 42}, {"weight": 2, "random_weight": 0.863156143499278, "id": 47}], [{"weight": 3, "random_weight": 0.6116272252189829, "id": 5}, {"weight": 2, "random_weight": 0.7687721906862278, "id": 6}, {"weight": 2, "random_weight": 0.32156960352943764, "id": 40}, {"weight": 1, "random_weight": 0.6383048255890762, "id": 42}], [{"weight": 2, "random_weight": 0.8648471084900249, "id": 21}, {"weight": 1, "random_weight": 0.2891956804407292, "id": 40}, {"weight": 1, "random_weight": 0.6383048255890762, "id": 41}, {"weight": 3, "random_weight": 0.4928959510276455, "id": 44}], [{"weight": 1, "random_weight": 0.05865012996265906, "id": 6}, {"weight": 1, "random_weight": 0.16350105856172148, "id": 7}, {"weight": 2, "random_weight": 0.9966908069580465, "id": 18}, {"weight": 1, "random_weight": 0.47274035972132633, "id": 24}, {"weight": 3, "random_weight": 0.02468424884824516, "id": 29}], [{"weight": 1, "random_weight": 0.17580647847508024, "id": 6}, {"weight": 1, "random_weight": 0.6867272290179177, "id": 17}, {"weight": 2, "random_weight": 0.6635317848846036, "id": 29}, {"weight": 3, "random_weight": 0.4928959510276455, "id": 42}], [{"weight": 3, "random_weight": 0.3088913194155791, "id": 3}, {"weight": 1, "random_weight": 0.1809208105192296, "id": 4}, {"weight": 1, "random_weight": 0.1887627494937879, "id": 16}, {"weight": 1, "random_weight": 0.803578123427917, "id": 30}, {"weight": 2, "random_weight": 0.5724975694623359, "id": 38}], [{"weight": 2, "random_weight": 0.8675345863886045, "id": 13}, {"weight": 1, "random_weight": 0.2535214904783136, "id": 26}, {"weight": 1, "random_weight": 0.595922737713425, "id": 30}, {"weight": 3, "random_weight": 0.9818452095890986, "id": 31}, {"weight": 1, "random_weight": 0.765104686285915, "id": 39}], [{"weight": 1, "random_weight": 0.04627898809512154, "id": 13}, {"weight": 1, "random_weight": 0.7617630981113634, "id": 22}, {"weight": 2, "random_weight": 0.13826488218430677, "id": 28}, {"weight": 2, "random_weight": 0.7617280091570414, "id": 37}, {"weight": 2, "random_weight": 0.863156143499278, "id": 40}]]}