{"directed": false, "multigraph": false, "graph": [], "nodes": [{"graph": null, "nnodes": 3, "nedges": 2, "density": 0.6666666666666666, "atomics": "[137, 138, 125]", "group_pop": 3, "init_part_assignment": 4, "id": 0}, {"graph": null, "nnodes": 3, "nedges": 2, "density": 0.6666666666666666, "atomics": "[139, 140, 141]", "group_pop": 3, "init_part_assignment": 1, "id": 1}, {"graph": null, "nnodes": 3, "nedges": 2, "density": 0.6666666666666666, "atomics": "[10, 11, 22]", "group_pop": 3, "init_part_assignment": 5, "id": 2}, {"graph": null, "nnodes": 3, "nedges": 2, "density": 0.6666666666666666, "atomics": "[35, 23, 47]", "group_pop": 3, "init_part_assignment": 0, "id": 3}, {"graph": null, "nnodes": 3, "nedges": 2, "density": 0.6666666666666666, "atomics": "[88, 89, 100]", "group_pop": 3, "init_part_assignment": 8, "id": 4}, {"graph": null, "nnodes": 3, "nedges": 2, "density": 0.6666666666666666, "atomics": "[101, 102, 103]", "group_pop": 3, "init_part_assignment": 8, "id": 5}, {"graph": null, "nnodes": 3, "nedges": 2, "density": 0.6666666666666666, "atomics": "[113, 114, 126]", "group_pop": 3, "init_part_assignment": 4, "id": 6}, {"graph": null, "nnodes": 3, "nedges": 2, "density": 0.6666666666666666, "atomics": "[131, 119, 143]", "group_pop": 3, "init_part_assignment": 1, "id": 7}, {"graph": null, "nnodes": 3, "nedges": 2, "density": 0.6666666666666666, "atomics": "[129, 116, 117]", "group_pop": 3, "init_part_assignment": 4, "id": 8}, {"graph": null, "nnodes": 3, "nedges": 2, "density": 0.6666666666666666, "atomics": "[130, 142, 118]", "group_pop": 3, "init_part_assignment": 1, "id": 9}, {"graph": null, "nnodes": 3, "nedges": 2, "density": 0.6666666666666666, "atomics": "[66, 67, 54]", "group_pop": 3, "init_part_assignment": 8, "id": 10}, {"graph": null, "nnodes": 3, "nedges": 2, "density": 0.6666666666666666, "atomics": "[0, 1, 12]", "group_pop": 3, "init_part_assignment": 10, "id": 11}, {"graph": null, "nnodes": 3, "nedges": 2, "density": 0.6666666666666666, "atomics": "[2, 13, 14]", "group_pop": 3, "init_part_assignment": 10, "id": 12}, {"graph": null, "nnodes": 3, "nedges": 2, "density": 0.6666666666666666, "atomics": "[33, 34, 45]", "group_pop": 3, "init_part_assignment": 5, "id": 13}, {"graph": null, "nnodes": 3, "nedges": 2, "density": 0.6666666666666666, "atomics": "[128, 115, 127]", "group_pop": 3, "init_part_assignment": 4, "id": 14}, {"graph": null, "nnodes": 3, "nedges": 2, "density": 0.6666666666666666, "atomics": "[120, 132, 108]", "group_pop": 3, "init_part_assignment": 3, "id": 15}, {"graph": null, "nnodes": 3, "nedges": 2, "density": 0.6666666666666666, "atomics": "[121, 133, 134]", "group_pop": 3, "init_part_assignment": 3, "id": 16}, {"graph": null, "nnodes": 3, "nedges": 2, "density": 0.6666666666666666, "atomics": "[104, 91, 92]", "group_pop": 3, "init_part_assignment": 2, "id": 17}, {"graph": null, "nnodes": 3, "nedges": 2, "density": 0.6666666666666666, "atomics": "[90, 78, 79]", "group_pop": 3, "init_part_assignment": 8, "id": 18}, {"graph": null, "nnodes": 3, "nedges": 2, "density": 0.6666666666666666, "atomics": "[136, 124, 135]", "group_pop": 3, "init_part_assignment": 7, "id": 19}, {"graph": null, "nnodes": 3, "nedges": 2, "density": 0.6666666666666666, "atomics": "[72, 60, 84]", "group_pop": 3, "init_part_assignment": 10, "id": 20}, {"graph": null, "nnodes": 3, "nedges": 2, "density": 0.6666666666666666, "atomics": "[48, 24, 36]", "group_pop": 3, "init_part_assignment": 10, "id": 21}, {"graph": null, "nnodes": 3, "nedges": 2, "density": 0.6666666666666666, "atomics": "[105, 106, 107]", "group_pop": 3, "init_part_assignment": 1, "id": 22}, {"graph": null, "nnodes": 3, "nedges": 2, "density": 0.6666666666666666, "atomics": "[16, 3, 15]", "group_pop": 3, "init_part_assignment": 6, "id": 23}, {"graph": null, "nnodes": 3, "nedges": 2, "density": 0.6666666666666666, "atomics": "[4, 5, 6]", "group_pop": 3, "init_part_assignment": 6, "id": 24}, {"graph": null, "nnodes": 3, "nedges": 2, "density": 0.6666666666666666, "atomics": "[80, 81, 68]", "group_pop": 3, "init_part_assignment": 2, "id": 25}, {"graph": null, "nnodes": 3, "nedges": 2, "density": 0.6666666666666666, "atomics": "[93, 94, 95]", "group_pop": 3, "init_part_assignment": 2, "id": 26}, {"graph": null, "nnodes": 3, "nedges": 2, "density": 0.6666666666666666, "atomics": "[96, 97, 109]", "group_pop": 3, "init_part_assignment": 3, "id": 27}, {"graph": null, "nnodes": 3, "nedges": 2, "density": 0.6666666666666666, "atomics": "[19, 20, 7]", "group_pop": 3, "init_part_assignment": 5, "id": 28}, {"graph": null, "nnodes": 3, "nedges": 2, "density": 0.6666666666666666, "atomics": "[17, 29, 41]", "group_pop": 3, "init_part_assignment": 9, "id": 29}, {"graph": null, "nnodes": 3, "nedges": 2, "density": 0.6666666666666666, "atomics": "[18, 42, 30]", "group_pop": 3, "init_part_assignment": 6, "id": 30}, {"graph": null, "nnodes": 3, "nedges": 2, "density": 0.6666666666666666, "atomics": "[40, 27, 28]", "group_pop": 3, "init_part_assignment": 9, "id": 31}, {"graph": null, "nnodes": 3, "nedges": 2, "density": 0.6666666666666666, "atomics": "[51, 39, 63]", "group_pop": 3, "init_part_assignment": 11, "id": 32}, {"graph": null, "nnodes": 3, "nedges": 2, "density": 0.6666666666666666, "atomics": "[82, 83, 71]", "group_pop": 3, "init_part_assignment": 0, "id": 33}, {"graph": null, "nnodes": 3, "nedges": 2, "density": 0.6666666666666666, "atomics": "[57, 69, 70]", "group_pop": 3, "init_part_assignment": 0, "id": 34}, {"graph": null, "nnodes": 3, "nedges": 2, "density": 0.6666666666666666, "atomics": "[73, 61, 85]", "group_pop": 3, "init_part_assignment": 3, "id": 35}, {"graph": null, "nnodes": 3, "nedges": 2, "density": 0.6666666666666666, "atomics": "[49, 50, 38]", "group_pop": 3, "init_part_assignment": 11, "id": 36}, {"graph": null, "nnodes": 3, "nedges": 2, "density": 0.6666666666666666, "atomics": "[56, 44, 55]", "group_pop": 3, "init_part_assignment": 2, "id": 37}, {"graph": null, "nnodes": 3, "nedges": 2, "density": 0.6666666666666666, "atomics": "[58, 59, 46]", "group_pop": 3, "init_part_assignment": 0, "id": 38}, {"graph": null, "nnodes": 3, "nedges": 2, "density": 0.6666666666666666, "atomics": "[25, 26, 37]", "group_pop": 3, "init_part_assignment": 11, "id": 39}, {"graph": null, "nnodes": 3, "nedges": 2, "density": 0.6666666666666666, "atomics": "[32, 43, 31]", "group_pop": 3, "init_part_assignment": 6, "id": 40}, {"graph": null, "nnodes": 3, "nedges": 2, "density": 0.6666666666666666, "atomics": "[74, 75, 62]", "group_pop": 3, "init_part_assignment": 11, "id": 41}, {"graph": null, "nnodes": 3, "nedges": 2, "density": 0.6666666666666666, "atomics": "[99, 86, 87]", "group_pop": 3, "init_part_assignment": 7, "id": 42}, {"graph": null, "nnodes": 3, "nedges": 2, "density": 0.6666666666666666, "atomics": "[122, 110, 98]", "group_pop": 3, "init_part_assignment": 7, "id": 43}, {"graph": null, "nnodes": 3, "nedges": 2, "density": 0.6666666666666666, "atomics": "[112, 123, 111]", "group_pop": 3, "init_part_assignment": 7, "id": 44}, {"graph": null, "nnodes": 3, "nedges": 2, "density": 0.6666666666666666, "atomics": "[8, 9, 21]", "group_pop": 3, "init_part_assignment": 5, "id": 45}, {"graph": null, "nnodes": 3, "nedges": 2, "density": 0.6666666666666666, "atomics": "[65, 53, 77]", "group_pop": 3, "init_part_assignment": 9, "id": 46}, {"graph": null, "nnodes": 3, "nedges": 2, "density": 0.6666666666666666, "atomics": "[64, 76, 52]", "group_pop": 3, "init_part_assignment": 9, "id": 47}], "adjacency": [[{"weight": 1, "random_weight": 0.5644660286247424, "id": 1}, {"weight": 3, "random_weight": 0.2649024696541533, "id": 6}, {"weight": 2, "random_weight": 0.5864951565244215, "id": 19}], [{"weight": 1, "random_weight": 0.5644660286247424, "id": 0}, {"weight": 1, "random_weight": 0.4754137108561247, "id": 8}, {"weight": 1, "random_weight": 0.021910752550077794, "id": 9}, {"weight": 2, "random_weight": 0.3330508958693449, "id": 14}], [{"weight": 2, "random_weight": 0.7873388713980712, "id": 3}, {"weight": 1, "random_weight": 0.7717631474642742, "id": 13}, {"weight": 2, "random_weight": 0.719394068370215, "id": 45}], [{"weight": 2, "random_weight": 0.7873388713980712, "id": 2}, {"weight": 1, "random_weight": 0.6600184195300935, "id": 13}, {"weight": 2, "random_weight": 0.06413628615087252, "id": 38}], [{"weight": 2, "random_weight": 0.7643299623260025, "id": 5}, {"weight": 1, "random_weight": 0.13693515430808623, "id": 18}, {"weight": 2, "random_weight": 0.266097434265679, "id": 42}, {"weight": 1, "random_weight": 0.6877854782772944, "id": 44}, {"weight": 1, "random_weight": 0.45218437066259276, "id": 46}, {"weight": 1, "random_weight": 0.9598000900319483, "id": 47}], [{"weight": 2, "random_weight": 0.7643299623260025, "id": 4}, {"weight": 2, "random_weight": 0.6117613257999566, "id": 6}, {"weight": 1, "random_weight": 0.6143521917977282, "id": 14}, {"weight": 2, "random_weight": 0.37945916742079133, "id": 17}, {"weight": 1, "random_weight": 0.3211280406809911, "id": 18}], [{"weight": 3, "random_weight": 0.2649024696541533, "id": 0}, {"weight": 2, "random_weight": 0.6117613257999566, "id": 5}, {"weight": 2, "random_weight": 0.42847432557883536, "id": 14}, {"weight": 1, "random_weight": 0.14562310058882766, "id": 44}], [{"weight": 3, "random_weight": 0.030598960885470206, "id": 9}, {"weight": 1, "random_weight": 0.04063476993487525, "id": 22}], [{"weight": 1, "random_weight": 0.4754137108561247, "id": 1}, {"weight": 2, "random_weight": 0.9435350978491664, "id": 9}, {"weight": 3, "random_weight": 0.133102223312501, "id": 14}, {"weight": 1, "random_weight": 0.41926550144932473, "id": 17}, {"weight": 1, "random_weight": 0.7985903607916156, "id": 22}], [{"weight": 1, "random_weight": 0.021910752550077794, "id": 1}, {"weight": 3, "random_weight": 0.030598960885470206, "id": 7}, {"weight": 2, "random_weight": 0.9435350978491664, "id": 8}, {"weight": 1, "random_weight": 0.21346111300357773, "id": 22}], [{"weight": 2, "random_weight": 0.10203933656080988, "id": 18}, {"weight": 1, "random_weight": 0.5811214071091092, "id": 25}, {"weight": 1, "random_weight": 0.8597884730154897, "id": 30}, {"weight": 2, "random_weight": 0.562798617726405, "id": 37}, {"weight": 2, "random_weight": 0.19981739884387195, "id": 46}], [{"weight": 3, "random_weight": 0.1848230082189748, "id": 12}, {"weight": 1, "random_weight": 0.2522483813723483, "id": 21}], [{"weight": 3, "random_weight": 0.1848230082189748, "id": 11}, {"weight": 2, "random_weight": 0.7908036633890955, "id": 23}, {"weight": 2, "random_weight": 0.5347540137729145, "id": 39}], [{"weight": 1, "random_weight": 0.7717631474642742, "id": 2}, {"weight": 1, "random_weight": 0.6600184195300935, "id": 3}, {"weight": 1, "random_weight": 0.9277349008370263, "id": 34}, {"weight": 1, "random_weight": 0.8664161298608669, "id": 37}, {"weight": 2, "random_weight": 0.1071996979892853, "id": 38}, {"weight": 1, "random_weight": 0.8346243214555356, "id": 40}, {"weight": 1, "random_weight": 0.9442020711878564, "id": 45}], [{"weight": 2, "random_weight": 0.3330508958693449, "id": 1}, {"weight": 1, "random_weight": 0.6143521917977282, "id": 5}, {"weight": 2, "random_weight": 0.42847432557883536, "id": 6}, {"weight": 3, "random_weight": 0.133102223312501, "id": 8}], [{"weight": 2, "random_weight": 0.49912791325972083, "id": 16}, {"weight": 2, "random_weight": 0.4038245253717512, "id": 27}], [{"weight": 2, "random_weight": 0.49912791325972083, "id": 15}, {"weight": 1, "random_weight": 0.8066325246139103, "id": 19}, {"weight": 1, "random_weight": 0.6817629282595595, "id": 27}, {"weight": 2, "random_weight": 0.7814962224765724, "id": 43}], [{"weight": 2, "random_weight": 0.37945916742079133, "id": 5}, {"weight": 1, "random_weight": 0.41926550144932473, "id": 8}, {"weight": 2, "random_weight": 0.7152693971880523, "id": 18}, {"weight": 1, "random_weight": 0.8554700617000299, "id": 22}, {"weight": 1, "random_weight": 0.001263559680513282, "id": 25}, {"weight": 1, "random_weight": 0.9009002835959985, "id": 26}], [{"weight": 1, "random_weight": 0.13693515430808623, "id": 4}, {"weight": 1, "random_weight": 0.3211280406809911, "id": 5}, {"weight": 2, "random_weight": 0.10203933656080988, "id": 10}, {"weight": 2, "random_weight": 0.7152693971880523, "id": 17}, {"weight": 1, "random_weight": 0.33346641688288725, "id": 25}, {"weight": 1, "random_weight": 0.5287173137958615, "id": 46}], [{"weight": 2, "random_weight": 0.5864951565244215, "id": 0}, {"weight": 1, "random_weight": 0.8066325246139103, "id": 16}, {"weight": 3, "random_weight": 0.51286843203046, "id": 44}], [{"weight": 1, "random_weight": 0.010040208126275152, "id": 21}, {"weight": 1, "random_weight": 0.9033002678470629, "id": 27}, {"weight": 3, "random_weight": 0.38460925652217104, "id": 35}], [{"weight": 1, "random_weight": 0.2522483813723483, "id": 11}, {"weight": 1, "random_weight": 0.010040208126275152, "id": 20}, {"weight": 1, "random_weight": 0.489763860185781, "id": 36}, {"weight": 2, "random_weight": 0.9508075890693977, "id": 39}], [{"weight": 1, "random_weight": 0.04063476993487525, "id": 7}, {"weight": 1, "random_weight": 0.7985903607916156, "id": 8}, {"weight": 1, "random_weight": 0.21346111300357773, "id": 9}, {"weight": 1, "random_weight": 0.8554700617000299, "id": 17}, {"weight": 3, "random_weight": 0.4633412707701987, "id": 26}], [{"weight": 2, "random_weight": 0.7908036633890955, "id": 12}, {"weight": 2, "random_weight": 0.221439122045739, "id": 24}, {"weight": 1, "random_weight": 0.13546464584494633, "id": 29}, {"weight": 2, "random_weight": 0.3307645008815603, "id": 31}], [{"weight": 2, "random_weight": 0.221439122045739, "id": 23}, {"weight": 1, "random_weight": 0.578144677067851, "id": 28}, {"weight": 1, "random_weight": 0.3501046559542186, "id": 29}, {"weight": 1, "random_weight": 0.8122112915578789, "id": 30}], [{"weight": 1, "random_weight": 0.5811214071091092, "id": 10}, {"weight": 1, "random_weight": 0.001263559680513282, "id": 17}, {"weight": 1, "random_weight": 0.33346641688288725, "id": 18}, {"weight": 1, "random_weight": 0.8536838230778462, "id": 26}, {"weight": 1, "random_weight": 0.8801186347025659, "id": 33}, {"weight": 2, "random_weight": 0.5743735733938483, "id": 34}, {"weight": 1, "random_weight": 0.20362708344787273, "id": 37}], [{"weight": 1, "random_weight": 0.9009002835959985, "id": 17}, {"weight": 3, "random_weight": 0.4633412707701987, "id": 22}, {"weight": 1, "random_weight": 0.8536838230778462, "id": 25}, {"weight": 2, "random_weight": 0.8884265576483003, "id": 33}], [{"weight": 2, "random_weight": 0.4038245253717512, "id": 15}, {"weight": 1, "random_weight": 0.6817629282595595, "id": 16}, {"weight": 1, "random_weight": 0.9033002678470629, "id": 20}, {"weight": 1, "random_weight": 0.3310550280206621, "id": 35}, {"weight": 2, "random_weight": 0.5377184575425706, "id": 43}], [{"weight": 1, "random_weight": 0.578144677067851, "id": 24}, {"weight": 1, "random_weight": 0.9918879122285049, "id": 30}, {"weight": 2, "random_weight": 0.8251165539995486, "id": 40}, {"weight": 3, "random_weight": 0.11545770757532758, "id": 45}], [{"weight": 1, "random_weight": 0.13546464584494633, "id": 23}, {"weight": 1, "random_weight": 0.3501046559542186, "id": 24}, {"weight": 3, "random_weight": 0.8900231135178855, "id": 30}, {"weight": 2, "random_weight": 0.2070454336181885, "id": 31}, {"weight": 1, "random_weight": 0.39653032496720786, "id": 46}], [{"weight": 1, "random_weight": 0.8597884730154897, "id": 10}, {"weight": 1, "random_weight": 0.8122112915578789, "id": 24}, {"weight": 1, "random_weight": 0.9918879122285049, "id": 28}, {"weight": 3, "random_weight": 0.8900231135178855, "id": 29}, {"weight": 2, "random_weight": 0.3931201163487811, "id": 40}], [{"weight": 2, "random_weight": 0.3307645008815603, "id": 23}, {"weight": 2, "random_weight": 0.2070454336181885, "id": 29}, {"weight": 2, "random_weight": 0.8540274982078556, "id": 32}, {"weight": 1, "random_weight": 0.8259323821039677, "id": 39}, {"weight": 1, "random_weight": 0.2847871102690044, "id": 47}], [{"weight": 2, "random_weight": 0.8540274982078556, "id": 31}, {"weight": 2, "random_weight": 0.11783037768485516, "id": 36}, {"weight": 2, "random_weight": 0.5587003419618142, "id": 41}, {"weight": 2, "random_weight": 0.8408112575662208, "id": 47}], [{"weight": 1, "random_weight": 0.8801186347025659, "id": 25}, {"weight": 2, "random_weight": 0.8884265576483003, "id": 26}, {"weight": 2, "random_weight": 0.6186503395403696, "id": 34}, {"weight": 1, "random_weight": 0.6849125413841434, "id": 38}], [{"weight": 1, "random_weight": 0.9277349008370263, "id": 13}, {"weight": 2, "random_weight": 0.5743735733938483, "id": 25}, {"weight": 2, "random_weight": 0.6186503395403696, "id": 33}, {"weight": 1, "random_weight": 0.8747173184469824, "id": 37}, {"weight": 2, "random_weight": 0.5016170980467038, "id": 38}], [{"weight": 3, "random_weight": 0.38460925652217104, "id": 20}, {"weight": 1, "random_weight": 0.3310550280206621, "id": 27}, {"weight": 1, "random_weight": 0.1659451544359969, "id": 36}, {"weight": 2, "random_weight": 0.757308126106125, "id": 41}, {"weight": 1, "random_weight": 0.8120531361712674, "id": 42}], [{"weight": 1, "random_weight": 0.489763860185781, "id": 21}, {"weight": 2, "random_weight": 0.11783037768485516, "id": 32}, {"weight": 1, "random_weight": 0.1659451544359969, "id": 35}, {"weight": 3, "random_weight": 0.002183503173583512, "id": 39}, {"weight": 1, "random_weight": 0.48197597042721685, "id": 41}], [{"weight": 2, "random_weight": 0.562798617726405, "id": 10}, {"weight": 1, "random_weight": 0.8664161298608669, "id": 13}, {"weight": 1, "random_weight": 0.20362708344787273, "id": 25}, {"weight": 1, "random_weight": 0.8747173184469824, "id": 34}, {"weight": 3, "random_weight": 0.9423729746907751, "id": 40}], [{"weight": 2, "random_weight": 0.06413628615087252, "id": 3}, {"weight": 2, "random_weight": 0.1071996979892853, "id": 13}, {"weight": 1, "random_weight": 0.6849125413841434, "id": 33}, {"weight": 2, "random_weight": 0.5016170980467038, "id": 34}], [{"weight": 2, "random_weight": 0.5347540137729145, "id": 12}, {"weight": 2, "random_weight": 0.9508075890693977, "id": 21}, {"weight": 1, "random_weight": 0.8259323821039677, "id": 31}, {"weight": 3, "random_weight": 0.002183503173583512, "id": 36}], [{"weight": 1, "random_weight": 0.8346243214555356, "id": 13}, {"weight": 2, "random_weight": 0.8251165539995486, "id": 28}, {"weight": 2, "random_weight": 0.3931201163487811, "id": 30}, {"weight": 3, "random_weight": 0.9423729746907751, "id": 37}], [{"weight": 2, "random_weight": 0.5587003419618142, "id": 32}, {"weight": 2, "random_weight": 0.757308126106125, "id": 35}, {"weight": 1, "random_weight": 0.48197597042721685, "id": 36}, {"weight": 2, "random_weight": 0.5904622561921179, "id": 42}, {"weight": 1, "random_weight": 0.9682984201110788, "id": 47}], [{"weight": 2, "random_weight": 0.266097434265679, "id": 4}, {"weight": 1, "random_weight": 0.8120531361712674, "id": 35}, {"weight": 2, "random_weight": 0.5904622561921179, "id": 41}, {"weight": 2, "random_weight": 0.9246284985109576, "id": 43}, {"weight": 1, "random_weight": 0.228239447596291, "id": 44}], [{"weight": 2, "random_weight": 0.7814962224765724, "id": 16}, {"weight": 2, "random_weight": 0.5377184575425706, "id": 27}, {"weight": 2, "random_weight": 0.9246284985109576, "id": 42}, {"weight": 2, "random_weight": 0.9255205600384436, "id": 44}], [{"weight": 1, "random_weight": 0.6877854782772944, "id": 4}, {"weight": 1, "random_weight": 0.14562310058882766, "id": 6}, {"weight": 3, "random_weight": 0.51286843203046, "id": 19}, {"weight": 1, "random_weight": 0.228239447596291, "id": 42}, {"weight": 2, "random_weight": 0.9255205600384436, "id": 43}], [{"weight": 2, "random_weight": 0.719394068370215, "id": 2}, {"weight": 1, "random_weight": 0.9442020711878564, "id": 13}, {"weight": 3, "random_weight": 0.11545770757532758, "id": 28}], [{"weight": 1, "random_weight": 0.45218437066259276, "id": 4}, {"weight": 2, "random_weight": 0.19981739884387195, "id": 10}, {"weight": 1, "random_weight": 0.5287173137958615, "id": 18}, {"weight": 1, "random_weight": 0.39653032496720786, "id": 29}, {"weight": 3, "random_weight": 0.32796965514095566, "id": 47}], [{"weight": 1, "random_weight": 0.9598000900319483, "id": 4}, {"weight": 1, "random_weight": 0.2847871102690044, "id": 31}, {"weight": 2, "random_weight": 0.8408112575662208, "id": 32}, {"weight": 1, "random_weight": 0.9682984201110788, "id": 41}, {"weight": 3, "random_weight": 0.32796965514095566, "id": 46}]]}