{"directed": false, "multigraph": false, "graph": [], "nodes": [{"graph": null, "nnodes": 3, "nedges": 2, "density": 0.6666666666666666, "atomics": "[138, 139, 126]", "group_pop": 3, "init_part_assignment": 11, "id": 0}, {"graph": null, "nnodes": 3, "nedges": 2, "density": 0.6666666666666666, "atomics": "[128, 140, 127]", "group_pop": 3, "init_part_assignment": 11, "id": 1}, {"graph": null, "nnodes": 3, "nedges": 2, "density": 0.6666666666666666, "atomics": "[10, 11, 22]", "group_pop": 3, "init_part_assignment": 5, "id": 2}, {"graph": null, "nnodes": 3, "nedges": 2, "density": 0.6666666666666666, "atomics": "[35, 23, 47]", "group_pop": 3, "init_part_assignment": 6, "id": 3}, {"graph": null, "nnodes": 3, "nedges": 2, "density": 0.6666666666666666, "atomics": "[89, 101, 113]", "group_pop": 3, "init_part_assignment": 10, "id": 4}, {"graph": null, "nnodes": 3, "nedges": 2, "density": 0.6666666666666666, "atomics": "[131, 142, 143]", "group_pop": 3, "init_part_assignment": 3, "id": 5}, {"graph": null, "nnodes": 3, "nedges": 2, "density": 0.6666666666666666, "atomics": "[107, 118, 119]", "group_pop": 3, "init_part_assignment": 3, "id": 6}, {"graph": null, "nnodes": 3, "nedges": 2, "density": 0.6666666666666666, "atomics": "[129, 130, 141]", "group_pop": 3, "init_part_assignment": 3, "id": 7}, {"graph": null, "nnodes": 3, "nedges": 2, "density": 0.6666666666666666, "atomics": "[54, 66, 78]", "group_pop": 3, "init_part_assignment": 10, "id": 8}, {"graph": null, "nnodes": 3, "nedges": 2, "density": 0.6666666666666666, "atomics": "[67, 68, 55]", "group_pop": 3, "init_part_assignment": 10, "id": 9}, {"graph": null, "nnodes": 3, "nedges": 2, "density": 0.6666666666666666, "atomics": "[0, 1, 12]", "group_pop": 3, "init_part_assignment": 0, "id": 10}, {"graph": null, "nnodes": 3, "nedges": 2, "density": 0.6666666666666666, "atomics": "[2, 13, 14]", "group_pop": 3, "init_part_assignment": 0, "id": 11}, {"graph": null, "nnodes": 3, "nedges": 2, "density": 0.6666666666666666, "atomics": "[33, 34, 21]", "group_pop": 3, "init_part_assignment": 6, "id": 12}, {"graph": null, "nnodes": 3, "nedges": 2, "density": 0.6666666666666666, "atomics": "[115, 116, 117]", "group_pop": 3, "init_part_assignment": 11, "id": 13}, {"graph": null, "nnodes": 3, "nedges": 2, "density": 0.6666666666666666, "atomics": "[120, 132, 133]", "group_pop": 3, "init_part_assignment": 4, "id": 14}, {"graph": null, "nnodes": 3, "nedges": 2, "density": 0.6666666666666666, "atomics": "[136, 134, 135]", "group_pop": 3, "init_part_assignment": 9, "id": 15}, {"graph": null, "nnodes": 3, "nedges": 2, "density": 0.6666666666666666, "atomics": "[104, 105, 106]", "group_pop": 3, "init_part_assignment": 3, "id": 16}, {"graph": null, "nnodes": 3, "nedges": 2, "density": 0.6666666666666666, "atomics": "[91, 92, 103]", "group_pop": 3, "init_part_assignment": 11, "id": 17}, {"graph": null, "nnodes": 3, "nedges": 2, "density": 0.6666666666666666, "atomics": "[80, 81, 79]", "group_pop": 3, "init_part_assignment": 8, "id": 18}, {"graph": null, "nnodes": 3, "nedges": 2, "density": 0.6666666666666666, "atomics": "[137, 124, 125]", "group_pop": 3, "init_part_assignment": 9, "id": 19}, {"graph": null, "nnodes": 3, "nedges": 2, "density": 0.6666666666666666, "atomics": "[72, 48, 60]", "group_pop": 3, "init_part_assignment": 2, "id": 20}, {"graph": null, "nnodes": 3, "nedges": 2, "density": 0.6666666666666666, "atomics": "[114, 90, 102]", "group_pop": 3, "init_part_assignment": 10, "id": 21}, {"graph": null, "nnodes": 3, "nedges": 2, "density": 0.6666666666666666, "atomics": "[16, 27, 28]", "group_pop": 3, "init_part_assignment": 1, "id": 22}, {"graph": null, "nnodes": 3, "nedges": 2, "density": 0.6666666666666666, "atomics": "[3, 4, 15]", "group_pop": 3, "init_part_assignment": 0, "id": 23}, {"graph": null, "nnodes": 3, "nedges": 2, "density": 0.6666666666666666, "atomics": "[17, 5, 6]", "group_pop": 3, "init_part_assignment": 0, "id": 24}, {"graph": null, "nnodes": 3, "nedges": 2, "density": 0.6666666666666666, "atomics": "[93, 94, 95]", "group_pop": 3, "init_part_assignment": 8, "id": 25}, {"graph": null, "nnodes": 3, "nedges": 2, "density": 0.6666666666666666, "atomics": "[121, 122, 123]", "group_pop": 3, "init_part_assignment": 9, "id": 26}, {"graph": null, "nnodes": 3, "nedges": 2, "density": 0.6666666666666666, "atomics": "[108, 109, 110]", "group_pop": 3, "init_part_assignment": 4, "id": 27}, {"graph": null, "nnodes": 3, "nedges": 2, "density": 0.6666666666666666, "atomics": "[18, 19, 7]", "group_pop": 3, "init_part_assignment": 5, "id": 28}, {"graph": null, "nnodes": 3, "nedges": 2, "density": 0.6666666666666666, "atomics": "[42, 29, 30]", "group_pop": 3, "init_part_assignment": 1, "id": 29}, {"graph": null, "nnodes": 3, "nedges": 2, "density": 0.6666666666666666, "atomics": "[26, 38, 39]", "group_pop": 3, "init_part_assignment": 7, "id": 30}, {"graph": null, "nnodes": 3, "nedges": 2, "density": 0.6666666666666666, "atomics": "[82, 83, 71]", "group_pop": 3, "init_part_assignment": 8, "id": 31}, {"graph": null, "nnodes": 3, "nedges": 2, "density": 0.6666666666666666, "atomics": "[57, 69, 70]", "group_pop": 3, "init_part_assignment": 8, "id": 32}, {"graph": null, "nnodes": 3, "nedges": 2, "density": 0.6666666666666666, "atomics": "[73, 74, 62]", "group_pop": 3, "init_part_assignment": 4, "id": 33}, {"graph": null, "nnodes": 3, "nedges": 2, "density": 0.6666666666666666, "atomics": "[49, 61, 37]", "group_pop": 3, "init_part_assignment": 2, "id": 34}, {"graph": null, "nnodes": 3, "nedges": 2, "density": 0.6666666666666666, "atomics": "[56, 44, 45]", "group_pop": 3, "init_part_assignment": 6, "id": 35}, {"graph": null, "nnodes": 3, "nedges": 2, "density": 0.6666666666666666, "atomics": "[58, 59, 46]", "group_pop": 3, "init_part_assignment": 6, "id": 36}, {"graph": null, "nnodes": 3, "nedges": 2, "density": 0.6666666666666666, "atomics": "[24, 25, 36]", "group_pop": 3, "init_part_assignment": 2, "id": 37}, {"graph": null, "nnodes": 3, "nedges": 2, "density": 0.6666666666666666, "atomics": "[32, 43, 31]", "group_pop": 3, "init_part_assignment": 5, "id": 38}, {"graph": null, "nnodes": 3, "nedges": 2, "density": 0.6666666666666666, "atomics": "[64, 75, 76]", "group_pop": 3, "init_part_assignment": 7, "id": 39}, {"graph": null, "nnodes": 3, "nedges": 2, "density": 0.6666666666666666, "atomics": "[97, 98, 86]", "group_pop": 3, "init_part_assignment": 4, "id": 40}, {"graph": null, "nnodes": 3, "nedges": 2, "density": 0.6666666666666666, "atomics": "[96, 84, 85]", "group_pop": 3, "init_part_assignment": 2, "id": 41}, {"graph": null, "nnodes": 3, "nedges": 2, "density": 0.6666666666666666, "atomics": "[8, 9, 20]", "group_pop": 3, "init_part_assignment": 5, "id": 42}, {"graph": null, "nnodes": 3, "nedges": 2, "density": 0.6666666666666666, "atomics": "[65, 53, 77]", "group_pop": 3, "init_part_assignment": 1, "id": 43}, {"graph": null, "nnodes": 3, "nedges": 2, "density": 0.6666666666666666, "atomics": "[50, 51, 63]", "group_pop": 3, "init_part_assignment": 7, "id": 44}, {"graph": null, "nnodes": 3, "nedges": 2, "density": 0.6666666666666666, "atomics": "[112, 100, 111]", "group_pop": 3, "init_part_assignment": 9, "id": 45}, {"graph": null, "nnodes": 3, "nedges": 2, "density": 0.6666666666666666, "atomics": "[88, 99, 87]", "group_pop": 3, "init_part_assignment": 7, "id": 46}, {"graph": null, "nnodes": 3, "nedges": 2, "density": 0.6666666666666666, "atomics": "[40, 41, 52]", "group_pop": 3, "init_part_assignment": 1, "id": 47}], "adjacency": [[{"weight": 3, "random_weight": 0.4789119246510226, "id": 1}, {"weight": 2, "random_weight": 0.6786945140826844, "id": 19}, {"weight": 1, "random_weight": 0.9746438170145042, "id": 21}], [{"weight": 3, "random_weight": 0.4789119246510226, "id": 0}, {"weight": 2, "random_weight": 0.4662745431244977, "id": 7}, {"weight": 2, "random_weight": 0.8864538574314722, "id": 13}], [{"weight": 2, "random_weight": 0.7763311680440592, "id": 3}, {"weight": 2, "random_weight": 0.9526264666398482, "id": 12}, {"weight": 1, "random_weight": 0.3273691125782475, "id": 42}], [{"weight": 2, "random_weight": 0.7763311680440592, "id": 2}, {"weight": 1, "random_weight": 0.32364644348634075, "id": 12}, {"weight": 2, "random_weight": 0.28872277941517377, "id": 36}], [{"weight": 1, "random_weight": 0.6568591135151429, "id": 19}, {"weight": 3, "random_weight": 0.5445160431690051, "id": 21}, {"weight": 1, "random_weight": 0.23988118708464956, "id": 43}, {"weight": 2, "random_weight": 0.9493881483159231, "id": 45}, {"weight": 1, "random_weight": 0.611549018871601, "id": 46}], [{"weight": 1, "random_weight": 0.7585719587956945, "id": 6}, {"weight": 3, "random_weight": 0.3632188111868868, "id": 7}], [{"weight": 1, "random_weight": 0.7585719587956945, "id": 5}, {"weight": 1, "random_weight": 0.23432795039220544, "id": 7}, {"weight": 1, "random_weight": 0.7518722815718809, "id": 13}, {"weight": 2, "random_weight": 0.41481340323656524, "id": 16}, {"weight": 1, "random_weight": 0.7167820285566371, "id": 25}], [{"weight": 2, "random_weight": 0.4662745431244977, "id": 1}, {"weight": 3, "random_weight": 0.3632188111868868, "id": 5}, {"weight": 1, "random_weight": 0.23432795039220544, "id": 6}, {"weight": 1, "random_weight": 0.8718374269252194, "id": 13}], [{"weight": 2, "random_weight": 0.08191629653069754, "id": 9}, {"weight": 1, "random_weight": 0.9895730244540752, "id": 18}, {"weight": 1, "random_weight": 0.5589064315755781, "id": 21}, {"weight": 1, "random_weight": 0.6330448901327874, "id": 29}, {"weight": 3, "random_weight": 0.9960903523186795, "id": 43}], [{"weight": 2, "random_weight": 0.08191629653069754, "id": 8}, {"weight": 2, "random_weight": 0.09823467605329872, "id": 18}, {"weight": 1, "random_weight": 0.7406671683041312, "id": 32}, {"weight": 2, "random_weight": 0.7467986366483552, "id": 35}, {"weight": 1, "random_weight": 0.9529979444564946, "id": 38}], [{"weight": 3, "random_weight": 0.430544598271824, "id": 11}, {"weight": 1, "random_weight": 0.6365358415348658, "id": 37}], [{"weight": 3, "random_weight": 0.430544598271824, "id": 10}, {"weight": 2, "random_weight": 0.07149808151374948, "id": 23}, {"weight": 1, "random_weight": 0.7028128707127789, "id": 30}, {"weight": 1, "random_weight": 0.5112898425381573, "id": 37}], [{"weight": 2, "random_weight": 0.9526264666398482, "id": 2}, {"weight": 1, "random_weight": 0.32364644348634075, "id": 3}, {"weight": 1, "random_weight": 0.1471461507413936, "id": 35}, {"weight": 1, "random_weight": 0.08073677566994308, "id": 36}, {"weight": 1, "random_weight": 0.9847337819869832, "id": 38}, {"weight": 2, "random_weight": 0.8442192625974418, "id": 42}], [{"weight": 2, "random_weight": 0.8864538574314722, "id": 1}, {"weight": 1, "random_weight": 0.7518722815718809, "id": 6}, {"weight": 1, "random_weight": 0.8718374269252194, "id": 7}, {"weight": 2, "random_weight": 0.8211625019737627, "id": 16}, {"weight": 1, "random_weight": 0.5005927372256257, "id": 17}, {"weight": 1, "random_weight": 0.1831521158452929, "id": 21}], [{"weight": 1, "random_weight": 0.9305013718548899, "id": 15}, {"weight": 2, "random_weight": 0.5258791432495455, "id": 26}, {"weight": 1, "random_weight": 0.26374238068100775, "id": 27}], [{"weight": 1, "random_weight": 0.9305013718548899, "id": 14}, {"weight": 2, "random_weight": 0.4992242560484129, "id": 19}, {"weight": 2, "random_weight": 0.6906196400903228, "id": 26}], [{"weight": 2, "random_weight": 0.41481340323656524, "id": 6}, {"weight": 2, "random_weight": 0.8211625019737627, "id": 13}, {"weight": 2, "random_weight": 0.14793401269178574, "id": 17}, {"weight": 2, "random_weight": 0.5813080908301195, "id": 25}], [{"weight": 1, "random_weight": 0.5005927372256257, "id": 13}, {"weight": 2, "random_weight": 0.14793401269178574, "id": 16}, {"weight": 2, "random_weight": 0.8784128357459189, "id": 18}, {"weight": 2, "random_weight": 0.5719068604224791, "id": 21}, {"weight": 1, "random_weight": 0.7975133584491192, "id": 25}], [{"weight": 1, "random_weight": 0.9895730244540752, "id": 8}, {"weight": 2, "random_weight": 0.09823467605329872, "id": 9}, {"weight": 2, "random_weight": 0.8784128357459189, "id": 17}, {"weight": 1, "random_weight": 0.2892419622359593, "id": 25}, {"weight": 1, "random_weight": 0.37956338140872237, "id": 31}, {"weight": 1, "random_weight": 0.4530062004695059, "id": 32}], [{"weight": 2, "random_weight": 0.6786945140826844, "id": 0}, {"weight": 1, "random_weight": 0.6568591135151429, "id": 4}, {"weight": 2, "random_weight": 0.4992242560484129, "id": 15}, {"weight": 1, "random_weight": 0.45632033703079633, "id": 26}, {"weight": 1, "random_weight": 0.11761300641886208, "id": 45}], [{"weight": 1, "random_weight": 0.5590876361541621, "id": 33}, {"weight": 2, "random_weight": 0.4675762195119454, "id": 34}, {"weight": 1, "random_weight": 0.4860195195787771, "id": 37}, {"weight": 1, "random_weight": 0.47347180884319984, "id": 41}], [{"weight": 1, "random_weight": 0.9746438170145042, "id": 0}, {"weight": 3, "random_weight": 0.5445160431690051, "id": 4}, {"weight": 1, "random_weight": 0.5589064315755781, "id": 8}, {"weight": 1, "random_weight": 0.1831521158452929, "id": 13}, {"weight": 2, "random_weight": 0.5719068604224791, "id": 17}], [{"weight": 3, "random_weight": 0.8241774820102196, "id": 23}, {"weight": 1, "random_weight": 0.5530609512671476, "id": 24}, {"weight": 1, "random_weight": 0.38184763425725454, "id": 29}, {"weight": 2, "random_weight": 0.6715458575994061, "id": 30}, {"weight": 1, "random_weight": 0.27463165719538585, "id": 47}], [{"weight": 2, "random_weight": 0.07149808151374948, "id": 11}, {"weight": 3, "random_weight": 0.8241774820102196, "id": 22}, {"weight": 1, "random_weight": 0.4615134839794467, "id": 24}], [{"weight": 1, "random_weight": 0.5530609512671476, "id": 22}, {"weight": 1, "random_weight": 0.4615134839794467, "id": 23}, {"weight": 3, "random_weight": 0.16603908899277398, "id": 28}, {"weight": 1, "random_weight": 0.2122886689391803, "id": 29}], [{"weight": 1, "random_weight": 0.7167820285566371, "id": 6}, {"weight": 2, "random_weight": 0.5813080908301195, "id": 16}, {"weight": 1, "random_weight": 0.7975133584491192, "id": 17}, {"weight": 1, "random_weight": 0.2892419622359593, "id": 18}, {"weight": 2, "random_weight": 0.10777556482180295, "id": 31}], [{"weight": 2, "random_weight": 0.5258791432495455, "id": 14}, {"weight": 2, "random_weight": 0.6906196400903228, "id": 15}, {"weight": 1, "random_weight": 0.45632033703079633, "id": 19}, {"weight": 2, "random_weight": 0.4683913233894401, "id": 27}, {"weight": 1, "random_weight": 0.8892062964076382, "id": 45}], [{"weight": 1, "random_weight": 0.26374238068100775, "id": 14}, {"weight": 2, "random_weight": 0.4683913233894401, "id": 26}, {"weight": 2, "random_weight": 0.09261358270053621, "id": 40}, {"weight": 1, "random_weight": 0.512167006112681, "id": 41}, {"weight": 1, "random_weight": 0.15860704775607548, "id": 45}], [{"weight": 3, "random_weight": 0.16603908899277398, "id": 24}, {"weight": 1, "random_weight": 0.9507830587818971, "id": 29}, {"weight": 1, "random_weight": 0.8897599151263984, "id": 38}, {"weight": 2, "random_weight": 0.6119550344342665, "id": 42}], [{"weight": 1, "random_weight": 0.6330448901327874, "id": 8}, {"weight": 1, "random_weight": 0.38184763425725454, "id": 22}, {"weight": 1, "random_weight": 0.2122886689391803, "id": 24}, {"weight": 1, "random_weight": 0.9507830587818971, "id": 28}, {"weight": 2, "random_weight": 0.7718846029255196, "id": 38}, {"weight": 2, "random_weight": 0.250902965185009, "id": 47}], [{"weight": 1, "random_weight": 0.7028128707127789, "id": 11}, {"weight": 2, "random_weight": 0.6715458575994061, "id": 22}, {"weight": 1, "random_weight": 0.8343163802104872, "id": 34}, {"weight": 1, "random_weight": 0.7220223389776974, "id": 37}, {"weight": 2, "random_weight": 0.12292440757392298, "id": 44}, {"weight": 1, "random_weight": 0.6674767786810945, "id": 47}], [{"weight": 1, "random_weight": 0.37956338140872237, "id": 18}, {"weight": 2, "random_weight": 0.10777556482180295, "id": 25}, {"weight": 2, "random_weight": 0.10344141265891982, "id": 32}, {"weight": 1, "random_weight": 0.6377439041805868, "id": 36}], [{"weight": 1, "random_weight": 0.7406671683041312, "id": 9}, {"weight": 1, "random_weight": 0.4530062004695059, "id": 18}, {"weight": 2, "random_weight": 0.10344141265891982, "id": 31}, {"weight": 2, "random_weight": 0.5166441205582016, "id": 35}, {"weight": 2, "random_weight": 0.17424467409265176, "id": 36}], [{"weight": 1, "random_weight": 0.5590876361541621, "id": 20}, {"weight": 2, "random_weight": 0.9800264189739241, "id": 34}, {"weight": 1, "random_weight": 0.7190328896340175, "id": 39}, {"weight": 1, "random_weight": 0.7092838329146596, "id": 40}, {"weight": 1, "random_weight": 0.7633898062611452, "id": 41}, {"weight": 2, "random_weight": 0.8210882958447557, "id": 44}], [{"weight": 2, "random_weight": 0.4675762195119454, "id": 20}, {"weight": 1, "random_weight": 0.8343163802104872, "id": 30}, {"weight": 2, "random_weight": 0.9800264189739241, "id": 33}, {"weight": 2, "random_weight": 0.4267408547200642, "id": 37}, {"weight": 1, "random_weight": 0.278608371334528, "id": 44}], [{"weight": 2, "random_weight": 0.7467986366483552, "id": 9}, {"weight": 1, "random_weight": 0.1471461507413936, "id": 12}, {"weight": 2, "random_weight": 0.5166441205582016, "id": 32}, {"weight": 1, "random_weight": 0.09031206403294889, "id": 36}, {"weight": 2, "random_weight": 0.3671138477066205, "id": 38}], [{"weight": 2, "random_weight": 0.28872277941517377, "id": 3}, {"weight": 1, "random_weight": 0.08073677566994308, "id": 12}, {"weight": 1, "random_weight": 0.6377439041805868, "id": 31}, {"weight": 2, "random_weight": 0.17424467409265176, "id": 32}, {"weight": 1, "random_weight": 0.09031206403294889, "id": 35}], [{"weight": 1, "random_weight": 0.6365358415348658, "id": 10}, {"weight": 1, "random_weight": 0.5112898425381573, "id": 11}, {"weight": 1, "random_weight": 0.4860195195787771, "id": 20}, {"weight": 1, "random_weight": 0.7220223389776974, "id": 30}, {"weight": 2, "random_weight": 0.4267408547200642, "id": 34}], [{"weight": 1, "random_weight": 0.9529979444564946, "id": 9}, {"weight": 1, "random_weight": 0.9847337819869832, "id": 12}, {"weight": 1, "random_weight": 0.8897599151263984, "id": 28}, {"weight": 2, "random_weight": 0.7718846029255196, "id": 29}, {"weight": 2, "random_weight": 0.3671138477066205, "id": 35}, {"weight": 1, "random_weight": 0.5328279588764344, "id": 42}], [{"weight": 1, "random_weight": 0.7190328896340175, "id": 33}, {"weight": 2, "random_weight": 0.8652422039768783, "id": 43}, {"weight": 2, "random_weight": 0.24910785129598711, "id": 44}, {"weight": 2, "random_weight": 0.5320683560508238, "id": 46}, {"weight": 1, "random_weight": 0.766801212087604, "id": 47}], [{"weight": 2, "random_weight": 0.09261358270053621, "id": 27}, {"weight": 1, "random_weight": 0.7092838329146596, "id": 33}, {"weight": 3, "random_weight": 0.7889882595435916, "id": 41}, {"weight": 2, "random_weight": 0.36236517315057615, "id": 46}], [{"weight": 1, "random_weight": 0.47347180884319984, "id": 20}, {"weight": 1, "random_weight": 0.512167006112681, "id": 27}, {"weight": 1, "random_weight": 0.7633898062611452, "id": 33}, {"weight": 3, "random_weight": 0.7889882595435916, "id": 40}], [{"weight": 1, "random_weight": 0.3273691125782475, "id": 2}, {"weight": 2, "random_weight": 0.8442192625974418, "id": 12}, {"weight": 2, "random_weight": 0.6119550344342665, "id": 28}, {"weight": 1, "random_weight": 0.5328279588764344, "id": 38}], [{"weight": 1, "random_weight": 0.23988118708464956, "id": 4}, {"weight": 3, "random_weight": 0.9960903523186795, "id": 8}, {"weight": 2, "random_weight": 0.8652422039768783, "id": 39}, {"weight": 2, "random_weight": 0.15408963474718007, "id": 47}], [{"weight": 2, "random_weight": 0.12292440757392298, "id": 30}, {"weight": 2, "random_weight": 0.8210882958447557, "id": 33}, {"weight": 1, "random_weight": 0.278608371334528, "id": 34}, {"weight": 2, "random_weight": 0.24910785129598711, "id": 39}, {"weight": 1, "random_weight": 0.7249361956923224, "id": 47}], [{"weight": 2, "random_weight": 0.9493881483159231, "id": 4}, {"weight": 1, "random_weight": 0.11761300641886208, "id": 19}, {"weight": 1, "random_weight": 0.8892062964076382, "id": 26}, {"weight": 1, "random_weight": 0.15860704775607548, "id": 27}, {"weight": 3, "random_weight": 0.9119205493663052, "id": 46}], [{"weight": 1, "random_weight": 0.611549018871601, "id": 4}, {"weight": 2, "random_weight": 0.5320683560508238, "id": 39}, {"weight": 2, "random_weight": 0.36236517315057615, "id": 40}, {"weight": 3, "random_weight": 0.9119205493663052, "id": 45}], [{"weight": 1, "random_weight": 0.27463165719538585, "id": 22}, {"weight": 2, "random_weight": 0.250902965185009, "id": 29}, {"weight": 1, "random_weight": 0.6674767786810945, "id": 30}, {"weight": 1, "random_weight": 0.766801212087604, "id": 39}, {"weight": 2, "random_weight": 0.15408963474718007, "id": 43}, {"weight": 1, "random_weight": 0.7249361956923224, "id": 44}]]}