{"directed": false, "multigraph": false, "graph": [], "nodes": [{"graph": null, "nnodes": 3, "nedges": 2, "density": 0.6666666666666666, "atomics": "[138, 139, 140]", "group_pop": 3, "init_part_assignment": 5, "id": 0}, {"graph": null, "nnodes": 3, "nedges": 2, "density": 0.6666666666666666, "atomics": "[10, 11, 22]", "group_pop": 3, "init_part_assignment": 4, "id": 1}, {"graph": null, "nnodes": 3, "nedges": 2, "density": 0.6666666666666666, "atomics": "[35, 23, 47]", "group_pop": 3, "init_part_assignment": 6, "id": 2}, {"graph": null, "nnodes": 3, "nedges": 2, "density": 0.6666666666666666, "atomics": "[88, 89, 90]", "group_pop": 3, "init_part_assignment": 11, "id": 3}, {"graph": null, "nnodes": 3, "nedges": 2, "density": 0.6666666666666666, "atomics": "[101, 102, 103]", "group_pop": 3, "init_part_assignment": 0, "id": 4}, {"graph": null, "nnodes": 3, "nedges": 2, "density": 0.6666666666666666, "atomics": "[113, 114, 115]", "group_pop": 3, "init_part_assignment": 0, "id": 5}, {"graph": null, "nnodes": 3, "nedges": 2, "density": 0.6666666666666666, "atomics": "[130, 131, 118]", "group_pop": 3, "init_part_assignment": 5, "id": 6}, {"graph": null, "nnodes": 3, "nedges": 2, "density": 0.6666666666666666, "atomics": "[106, 107, 119]", "group_pop": 3, "init_part_assignment": 7, "id": 7}, {"graph": null, "nnodes": 3, "nedges": 2, "density": 0.6666666666666666, "atomics": "[141, 142, 143]", "group_pop": 3, "init_part_assignment": 5, "id": 8}, {"graph": null, "nnodes": 3, "nedges": 2, "density": 0.6666666666666666, "atomics": "[128, 129, 117]", "group_pop": 3, "init_part_assignment": 5, "id": 9}, {"graph": null, "nnodes": 3, "nedges": 2, "density": 0.6666666666666666, "atomics": "[65, 66, 67]", "group_pop": 3, "init_part_assignment": 9, "id": 10}, {"graph": null, "nnodes": 3, "nedges": 2, "density": 0.6666666666666666, "atomics": "[42, 54, 30]", "group_pop": 3, "init_part_assignment": 9, "id": 11}, {"graph": null, "nnodes": 3, "nedges": 2, "density": 0.6666666666666666, "atomics": "[0, 1, 2]", "group_pop": 3, "init_part_assignment": 3, "id": 12}, {"graph": null, "nnodes": 3, "nedges": 2, "density": 0.6666666666666666, "atomics": "[34, 45, 46]", "group_pop": 3, "init_part_assignment": 4, "id": 13}, {"graph": null, "nnodes": 3, "nedges": 2, "density": 0.6666666666666666, "atomics": "[125, 126, 127]", "group_pop": 3, "init_part_assignment": 0, "id": 14}, {"graph": null, "nnodes": 3, "nedges": 2, "density": 0.6666666666666666, "atomics": "[132, 133, 134]", "group_pop": 3, "init_part_assignment": 1, "id": 15}, {"graph": null, "nnodes": 3, "nedges": 2, "density": 0.6666666666666666, "atomics": "[104, 105, 116]", "group_pop": 3, "init_part_assignment": 7, "id": 16}, {"graph": null, "nnodes": 3, "nedges": 2, "density": 0.6666666666666666, "atomics": "[91, 92, 79]", "group_pop": 3, "init_part_assignment": 7, "id": 17}, {"graph": null, "nnodes": 3, "nedges": 2, "density": 0.6666666666666666, "atomics": "[136, 137, 124]", "group_pop": 3, "init_part_assignment": 0, "id": 18}, {"graph": null, "nnodes": 3, "nedges": 2, "density": 0.6666666666666666, "atomics": "[122, 123, 135]", "group_pop": 3, "init_part_assignment": 1, "id": 19}, {"graph": null, "nnodes": 3, "nedges": 2, "density": 0.6666666666666666, "atomics": "[72, 73, 61]", "group_pop": 3, "init_part_assignment": 2, "id": 20}, {"graph": null, "nnodes": 3, "nedges": 2, "density": 0.6666666666666666, "atomics": "[48, 49, 60]", "group_pop": 3, "init_part_assignment": 10, "id": 21}, {"graph": null, "nnodes": 3, "nedges": 2, "density": 0.6666666666666666, "atomics": "[76, 77, 78]", "group_pop": 3, "init_part_assignment": 11, "id": 22}, {"graph": null, "nnodes": 3, "nedges": 2, "density": 0.6666666666666666, "atomics": "[16, 3, 4]", "group_pop": 3, "init_part_assignment": 8, "id": 23}, {"graph": null, "nnodes": 3, "nedges": 2, "density": 0.6666666666666666, "atomics": "[5, 6, 7]", "group_pop": 3, "init_part_assignment": 4, "id": 24}, {"graph": null, "nnodes": 3, "nedges": 2, "density": 0.6666666666666666, "atomics": "[80, 68, 69]", "group_pop": 3, "init_part_assignment": 9, "id": 25}, {"graph": null, "nnodes": 3, "nedges": 2, "density": 0.6666666666666666, "atomics": "[81, 82, 83]", "group_pop": 3, "init_part_assignment": 9, "id": 26}, {"graph": null, "nnodes": 3, "nedges": 2, "density": 0.6666666666666666, "atomics": "[93, 94, 95]", "group_pop": 3, "init_part_assignment": 7, "id": 27}, {"graph": null, "nnodes": 3, "nedges": 2, "density": 0.6666666666666666, "atomics": "[26, 14, 15]", "group_pop": 3, "init_part_assignment": 3, "id": 28}, {"graph": null, "nnodes": 3, "nedges": 2, "density": 0.6666666666666666, "atomics": "[120, 121, 109]", "group_pop": 3, "init_part_assignment": 1, "id": 29}, {"graph": null, "nnodes": 3, "nedges": 2, "density": 0.6666666666666666, "atomics": "[18, 19, 31]", "group_pop": 3, "init_part_assignment": 8, "id": 30}, {"graph": null, "nnodes": 3, "nedges": 2, "density": 0.6666666666666666, "atomics": "[17, 29, 41]", "group_pop": 3, "init_part_assignment": 8, "id": 31}, {"graph": null, "nnodes": 3, "nedges": 2, "density": 0.6666666666666666, "atomics": "[27, 28, 39]", "group_pop": 3, "init_part_assignment": 3, "id": 32}, {"graph": null, "nnodes": 3, "nedges": 2, "density": 0.6666666666666666, "atomics": "[59, 70, 71]", "group_pop": 3, "init_part_assignment": 6, "id": 33}, {"graph": null, "nnodes": 3, "nedges": 2, "density": 0.6666666666666666, "atomics": "[56, 57, 58]", "group_pop": 3, "init_part_assignment": 6, "id": 34}, {"graph": null, "nnodes": 3, "nedges": 2, "density": 0.6666666666666666, "atomics": "[24, 36, 12]", "group_pop": 3, "init_part_assignment": 10, "id": 35}, {"graph": null, "nnodes": 3, "nedges": 2, "density": 0.6666666666666666, "atomics": "[25, 37, 13]", "group_pop": 3, "init_part_assignment": 3, "id": 36}, {"graph": null, "nnodes": 3, "nedges": 2, "density": 0.6666666666666666, "atomics": "[32, 33, 20]", "group_pop": 3, "init_part_assignment": 8, "id": 37}, {"graph": null, "nnodes": 3, "nedges": 2, "density": 0.6666666666666666, "atomics": "[43, 44, 55]", "group_pop": 3, "init_part_assignment": 6, "id": 38}, {"graph": null, "nnodes": 3, "nedges": 2, "density": 0.6666666666666666, "atomics": "[86, 74, 62]", "group_pop": 3, "init_part_assignment": 2, "id": 39}, {"graph": null, "nnodes": 3, "nedges": 2, "density": 0.6666666666666666, "atomics": "[64, 75, 63]", "group_pop": 3, "init_part_assignment": 11, "id": 40}, {"graph": null, "nnodes": 3, "nedges": 2, "density": 0.6666666666666666, "atomics": "[96, 108, 84]", "group_pop": 3, "init_part_assignment": 2, "id": 41}, {"graph": null, "nnodes": 3, "nedges": 2, "density": 0.6666666666666666, "atomics": "[97, 98, 85]", "group_pop": 3, "init_part_assignment": 2, "id": 42}, {"graph": null, "nnodes": 3, "nedges": 2, "density": 0.6666666666666666, "atomics": "[8, 9, 21]", "group_pop": 3, "init_part_assignment": 4, "id": 43}, {"graph": null, "nnodes": 3, "nedges": 2, "density": 0.6666666666666666, "atomics": "[40, 52, 53]", "group_pop": 3, "init_part_assignment": 10, "id": 44}, {"graph": null, "nnodes": 3, "nedges": 2, "density": 0.6666666666666666, "atomics": "[50, 51, 38]", "group_pop": 3, "init_part_assignment": 10, "id": 45}, {"graph": null, "nnodes": 3, "nedges": 2, "density": 0.6666666666666666, "atomics": "[112, 110, 111]", "group_pop": 3, "init_part_assignment": 1, "id": 46}, {"graph": null, "nnodes": 3, "nedges": 2, "density": 0.6666666666666666, "atomics": "[99, 100, 87]", "group_pop": 3, "init_part_assignment": 11, "id": 47}], "adjacency": [[{"weight": 1, "random_weight": 0.8117311341991852, "id": 8}, {"weight": 1, "random_weight": 0.6764961407355061, "id": 9}, {"weight": 2, "random_weight": 0.2920523999815079, "id": 14}, {"weight": 1, "random_weight": 0.5640678267139394, "id": 18}], [{"weight": 2, "random_weight": 0.964461759094623, "id": 2}, {"weight": 1, "random_weight": 0.32225628088833447, "id": 13}, {"weight": 2, "random_weight": 0.5418358449851444, "id": 43}], [{"weight": 2, "random_weight": 0.964461759094623, "id": 1}, {"weight": 2, "random_weight": 0.7994059890025148, "id": 13}, {"weight": 1, "random_weight": 0.12134636605174898, "id": 33}], [{"weight": 2, "random_weight": 0.7786475040014846, "id": 4}, {"weight": 1, "random_weight": 0.439737377966376, "id": 17}, {"weight": 3, "random_weight": 0.10082315222578297, "id": 22}, {"weight": 2, "random_weight": 0.7393493639364813, "id": 47}], [{"weight": 2, "random_weight": 0.7786475040014846, "id": 3}, {"weight": 3, "random_weight": 0.1358882429864865, "id": 5}, {"weight": 1, "random_weight": 0.6525761040962674, "id": 16}, {"weight": 1, "random_weight": 0.7193515498482834, "id": 17}, {"weight": 1, "random_weight": 0.7001269768089227, "id": 47}], [{"weight": 3, "random_weight": 0.1358882429864865, "id": 4}, {"weight": 3, "random_weight": 0.4509149246909745, "id": 14}, {"weight": 1, "random_weight": 0.7447916823300905, "id": 16}, {"weight": 1, "random_weight": 0.5604828913214708, "id": 46}], [{"weight": 3, "random_weight": 0.9635609994112536, "id": 7}, {"weight": 2, "random_weight": 0.2881433056368381, "id": 8}, {"weight": 2, "random_weight": 0.9516066632792638, "id": 9}], [{"weight": 3, "random_weight": 0.9635609994112536, "id": 6}, {"weight": 1, "random_weight": 0.27495323770486524, "id": 16}, {"weight": 2, "random_weight": 0.48716858438111177, "id": 27}], [{"weight": 1, "random_weight": 0.8117311341991852, "id": 0}, {"weight": 2, "random_weight": 0.2881433056368381, "id": 6}, {"weight": 1, "random_weight": 0.7886751734834113, "id": 9}], [{"weight": 1, "random_weight": 0.6764961407355061, "id": 0}, {"weight": 2, "random_weight": 0.9516066632792638, "id": 6}, {"weight": 1, "random_weight": 0.7886751734834113, "id": 8}, {"weight": 1, "random_weight": 0.3405751117418052, "id": 14}, {"weight": 3, "random_weight": 0.7885202301608257, "id": 16}], [{"weight": 1, "random_weight": 0.1384096997513542, "id": 11}, {"weight": 1, "random_weight": 0.6454906913543853, "id": 17}, {"weight": 2, "random_weight": 0.7057637426611966, "id": 22}, {"weight": 1, "random_weight": 0.37775465503082084, "id": 25}, {"weight": 1, "random_weight": 0.7460893860188431, "id": 38}, {"weight": 1, "random_weight": 0.3903334355220921, "id": 40}, {"weight": 1, "random_weight": 0.07831955577250749, "id": 44}], [{"weight": 1, "random_weight": 0.1384096997513542, "id": 10}, {"weight": 2, "random_weight": 0.2271562583599922, "id": 30}, {"weight": 2, "random_weight": 0.9254917188948617, "id": 31}, {"weight": 2, "random_weight": 0.6938493077941844, "id": 38}, {"weight": 1, "random_weight": 0.6007219731673826, "id": 44}], [{"weight": 1, "random_weight": 0.5075843926758614, "id": 23}, {"weight": 1, "random_weight": 0.3112170187857469, "id": 28}, {"weight": 1, "random_weight": 0.7846631890132583, "id": 35}, {"weight": 1, "random_weight": 0.3099277534200039, "id": 36}], [{"weight": 1, "random_weight": 0.32225628088833447, "id": 1}, {"weight": 2, "random_weight": 0.7994059890025148, "id": 2}, {"weight": 2, "random_weight": 0.8813789073873939, "id": 34}, {"weight": 2, "random_weight": 0.8200311505650365, "id": 37}, {"weight": 1, "random_weight": 0.6490963913105892, "id": 38}], [{"weight": 2, "random_weight": 0.2920523999815079, "id": 0}, {"weight": 3, "random_weight": 0.4509149246909745, "id": 5}, {"weight": 1, "random_weight": 0.3405751117418052, "id": 9}, {"weight": 2, "random_weight": 0.512499853210104, "id": 18}], [{"weight": 2, "random_weight": 0.4611118932556513, "id": 19}, {"weight": 2, "random_weight": 0.7346916375544268, "id": 29}], [{"weight": 1, "random_weight": 0.6525761040962674, "id": 4}, {"weight": 1, "random_weight": 0.7447916823300905, "id": 5}, {"weight": 1, "random_weight": 0.27495323770486524, "id": 7}, {"weight": 3, "random_weight": 0.7885202301608257, "id": 9}, {"weight": 1, "random_weight": 0.07605905048542216, "id": 17}, {"weight": 1, "random_weight": 0.6041460982525133, "id": 27}], [{"weight": 1, "random_weight": 0.439737377966376, "id": 3}, {"weight": 1, "random_weight": 0.7193515498482834, "id": 4}, {"weight": 1, "random_weight": 0.6454906913543853, "id": 10}, {"weight": 1, "random_weight": 0.07605905048542216, "id": 16}, {"weight": 1, "random_weight": 0.2768400916201178, "id": 22}, {"weight": 2, "random_weight": 0.8186287159465215, "id": 25}, {"weight": 1, "random_weight": 0.613300967770935, "id": 27}], [{"weight": 1, "random_weight": 0.5640678267139394, "id": 0}, {"weight": 2, "random_weight": 0.512499853210104, "id": 14}, {"weight": 2, "random_weight": 0.6735455554712703, "id": 19}, {"weight": 1, "random_weight": 0.8539878141439349, "id": 46}], [{"weight": 2, "random_weight": 0.4611118932556513, "id": 15}, {"weight": 2, "random_weight": 0.6735455554712703, "id": 18}, {"weight": 1, "random_weight": 0.1156698883375199, "id": 29}, {"weight": 2, "random_weight": 0.8415140322426203, "id": 46}], [{"weight": 3, "random_weight": 0.8305795395868963, "id": 21}, {"weight": 2, "random_weight": 0.4763824157769566, "id": 39}, {"weight": 1, "random_weight": 0.649614694384978, "id": 41}, {"weight": 1, "random_weight": 0.39524214513255274, "id": 42}], [{"weight": 3, "random_weight": 0.8305795395868963, "id": 20}, {"weight": 1, "random_weight": 0.4770066936195909, "id": 35}, {"weight": 1, "random_weight": 0.6394035552987171, "id": 36}, {"weight": 1, "random_weight": 0.5863214777850525, "id": 45}], [{"weight": 3, "random_weight": 0.10082315222578297, "id": 3}, {"weight": 2, "random_weight": 0.7057637426611966, "id": 10}, {"weight": 1, "random_weight": 0.2768400916201178, "id": 17}, {"weight": 2, "random_weight": 0.5178864680421856, "id": 40}], [{"weight": 1, "random_weight": 0.5075843926758614, "id": 12}, {"weight": 1, "random_weight": 0.5476584595958534, "id": 24}, {"weight": 2, "random_weight": 0.8478392146451488, "id": 28}, {"weight": 1, "random_weight": 0.5456816318553906, "id": 31}, {"weight": 1, "random_weight": 0.5230909290456747, "id": 32}], [{"weight": 1, "random_weight": 0.5476584595958534, "id": 23}, {"weight": 2, "random_weight": 0.14199430702520943, "id": 30}, {"weight": 1, "random_weight": 0.9640882012589773, "id": 31}, {"weight": 1, "random_weight": 0.08569166634968006, "id": 43}], [{"weight": 1, "random_weight": 0.37775465503082084, "id": 10}, {"weight": 2, "random_weight": 0.8186287159465215, "id": 17}, {"weight": 2, "random_weight": 0.2052685947003806, "id": 26}, {"weight": 1, "random_weight": 0.9058089405881476, "id": 33}, {"weight": 2, "random_weight": 0.5954964174937198, "id": 34}], [{"weight": 2, "random_weight": 0.2052685947003806, "id": 25}, {"weight": 3, "random_weight": 0.5032699455752603, "id": 27}, {"weight": 2, "random_weight": 0.027401205939371676, "id": 33}], [{"weight": 2, "random_weight": 0.48716858438111177, "id": 7}, {"weight": 1, "random_weight": 0.6041460982525133, "id": 16}, {"weight": 1, "random_weight": 0.613300967770935, "id": 17}, {"weight": 3, "random_weight": 0.5032699455752603, "id": 26}], [{"weight": 1, "random_weight": 0.3112170187857469, "id": 12}, {"weight": 2, "random_weight": 0.8478392146451488, "id": 23}, {"weight": 2, "random_weight": 0.09609511267621385, "id": 32}, {"weight": 2, "random_weight": 0.8777598568560623, "id": 36}, {"weight": 1, "random_weight": 0.38793943887494287, "id": 45}], [{"weight": 2, "random_weight": 0.7346916375544268, "id": 15}, {"weight": 1, "random_weight": 0.1156698883375199, "id": 19}, {"weight": 2, "random_weight": 0.18865627505117566, "id": 41}, {"weight": 1, "random_weight": 0.4605716111361884, "id": 42}, {"weight": 1, "random_weight": 0.23634155308648774, "id": 46}], [{"weight": 2, "random_weight": 0.2271562583599922, "id": 11}, {"weight": 2, "random_weight": 0.14199430702520943, "id": 24}, {"weight": 1, "random_weight": 0.8631465054802346, "id": 31}, {"weight": 2, "random_weight": 0.8630940146294056, "id": 37}, {"weight": 1, "random_weight": 0.7497963043156446, "id": 38}], [{"weight": 2, "random_weight": 0.9254917188948617, "id": 11}, {"weight": 1, "random_weight": 0.5456816318553906, "id": 23}, {"weight": 1, "random_weight": 0.9640882012589773, "id": 24}, {"weight": 1, "random_weight": 0.8631465054802346, "id": 30}, {"weight": 1, "random_weight": 0.9392599451244886, "id": 32}, {"weight": 2, "random_weight": 0.9710238258799445, "id": 44}], [{"weight": 1, "random_weight": 0.5230909290456747, "id": 23}, {"weight": 2, "random_weight": 0.09609511267621385, "id": 28}, {"weight": 1, "random_weight": 0.9392599451244886, "id": 31}, {"weight": 2, "random_weight": 0.5864052547650724, "id": 44}, {"weight": 2, "random_weight": 0.6694866451206787, "id": 45}], [{"weight": 1, "random_weight": 0.12134636605174898, "id": 2}, {"weight": 1, "random_weight": 0.9058089405881476, "id": 25}, {"weight": 2, "random_weight": 0.027401205939371676, "id": 26}, {"weight": 2, "random_weight": 0.21335035695715254, "id": 34}], [{"weight": 2, "random_weight": 0.8813789073873939, "id": 13}, {"weight": 2, "random_weight": 0.5954964174937198, "id": 25}, {"weight": 2, "random_weight": 0.21335035695715254, "id": 33}, {"weight": 2, "random_weight": 0.4705889373502402, "id": 38}], [{"weight": 1, "random_weight": 0.7846631890132583, "id": 12}, {"weight": 1, "random_weight": 0.4770066936195909, "id": 21}, {"weight": 3, "random_weight": 0.8162820395978462, "id": 36}], [{"weight": 1, "random_weight": 0.3099277534200039, "id": 12}, {"weight": 1, "random_weight": 0.6394035552987171, "id": 21}, {"weight": 2, "random_weight": 0.8777598568560623, "id": 28}, {"weight": 3, "random_weight": 0.8162820395978462, "id": 35}, {"weight": 1, "random_weight": 0.3475808394641159, "id": 45}], [{"weight": 2, "random_weight": 0.8200311505650365, "id": 13}, {"weight": 2, "random_weight": 0.8630940146294056, "id": 30}, {"weight": 1, "random_weight": 0.9065041605857214, "id": 38}, {"weight": 3, "random_weight": 0.6999889870285763, "id": 43}], [{"weight": 1, "random_weight": 0.7460893860188431, "id": 10}, {"weight": 2, "random_weight": 0.6938493077941844, "id": 11}, {"weight": 1, "random_weight": 0.6490963913105892, "id": 13}, {"weight": 1, "random_weight": 0.7497963043156446, "id": 30}, {"weight": 2, "random_weight": 0.4705889373502402, "id": 34}, {"weight": 1, "random_weight": 0.9065041605857214, "id": 37}], [{"weight": 2, "random_weight": 0.4763824157769566, "id": 20}, {"weight": 2, "random_weight": 0.007720043113227826, "id": 40}, {"weight": 2, "random_weight": 0.06015415346155928, "id": 42}, {"weight": 1, "random_weight": 0.38208692518781584, "id": 45}, {"weight": 1, "random_weight": 0.662573679706581, "id": 47}], [{"weight": 1, "random_weight": 0.3903334355220921, "id": 10}, {"weight": 2, "random_weight": 0.5178864680421856, "id": 22}, {"weight": 2, "random_weight": 0.007720043113227826, "id": 39}, {"weight": 1, "random_weight": 0.8593946168402314, "id": 44}, {"weight": 1, "random_weight": 0.5401838256323216, "id": 45}, {"weight": 1, "random_weight": 0.5249759915747575, "id": 47}], [{"weight": 1, "random_weight": 0.649614694384978, "id": 20}, {"weight": 2, "random_weight": 0.18865627505117566, "id": 29}, {"weight": 2, "random_weight": 0.15501288795188006, "id": 42}], [{"weight": 1, "random_weight": 0.39524214513255274, "id": 20}, {"weight": 1, "random_weight": 0.4605716111361884, "id": 29}, {"weight": 2, "random_weight": 0.06015415346155928, "id": 39}, {"weight": 2, "random_weight": 0.15501288795188006, "id": 41}, {"weight": 1, "random_weight": 0.3614786904519216, "id": 46}, {"weight": 1, "random_weight": 0.9090097085817125, "id": 47}], [{"weight": 2, "random_weight": 0.5418358449851444, "id": 1}, {"weight": 1, "random_weight": 0.08569166634968006, "id": 24}, {"weight": 3, "random_weight": 0.6999889870285763, "id": 37}], [{"weight": 1, "random_weight": 0.07831955577250749, "id": 10}, {"weight": 1, "random_weight": 0.6007219731673826, "id": 11}, {"weight": 2, "random_weight": 0.9710238258799445, "id": 31}, {"weight": 2, "random_weight": 0.5864052547650724, "id": 32}, {"weight": 1, "random_weight": 0.8593946168402314, "id": 40}, {"weight": 1, "random_weight": 0.5770975483323953, "id": 45}], [{"weight": 1, "random_weight": 0.5863214777850525, "id": 21}, {"weight": 1, "random_weight": 0.38793943887494287, "id": 28}, {"weight": 2, "random_weight": 0.6694866451206787, "id": 32}, {"weight": 1, "random_weight": 0.3475808394641159, "id": 36}, {"weight": 1, "random_weight": 0.38208692518781584, "id": 39}, {"weight": 1, "random_weight": 0.5401838256323216, "id": 40}, {"weight": 1, "random_weight": 0.5770975483323953, "id": 44}], [{"weight": 1, "random_weight": 0.5604828913214708, "id": 5}, {"weight": 1, "random_weight": 0.8539878141439349, "id": 18}, {"weight": 2, "random_weight": 0.8415140322426203, "id": 19}, {"weight": 1, "random_weight": 0.23634155308648774, "id": 29}, {"weight": 1, "random_weight": 0.3614786904519216, "id": 42}, {"weight": 2, "random_weight": 0.5441046985947126, "id": 47}], [{"weight": 2, "random_weight": 0.7393493639364813, "id": 3}, {"weight": 1, "random_weight": 0.7001269768089227, "id": 4}, {"weight": 1, "random_weight": 0.662573679706581, "id": 39}, {"weight": 1, "random_weight": 0.5249759915747575, "id": 40}, {"weight": 1, "random_weight": 0.9090097085817125, "id": 42}, {"weight": 2, "random_weight": 0.5441046985947126, "id": 46}]]}