{"directed": false, "multigraph": false, "graph": [], "nodes": [{"graph": null, "nnodes": 3, "nedges": 2, "density": 0.6666666666666666, "atomics": "[138, 139, 140]", "group_pop": 3, "init_part_assignment": 4, "id": 0}, {"graph": null, "nnodes": 3, "nedges": 2, "density": 0.6666666666666666, "atomics": "[10, 11, 22]", "group_pop": 3, "init_part_assignment": 2, "id": 1}, {"graph": null, "nnodes": 3, "nedges": 2, "density": 0.6666666666666666, "atomics": "[34, 35, 23]", "group_pop": 3, "init_part_assignment": 6, "id": 2}, {"graph": null, "nnodes": 3, "nedges": 2, "density": 0.6666666666666666, "atomics": "[89, 101, 77]", "group_pop": 3, "init_part_assignment": 10, "id": 3}, {"graph": null, "nnodes": 3, "nedges": 2, "density": 0.6666666666666666, "atomics": "[112, 113, 100]", "group_pop": 3, "init_part_assignment": 10, "id": 4}, {"graph": null, "nnodes": 3, "nedges": 2, "density": 0.6666666666666666, "atomics": "[131, 142, 143]", "group_pop": 3, "init_part_assignment": 0, "id": 5}, {"graph": null, "nnodes": 3, "nedges": 2, "density": 0.6666666666666666, "atomics": "[130, 118, 119]", "group_pop": 3, "init_part_assignment": 0, "id": 6}, {"graph": null, "nnodes": 3, "nedges": 2, "density": 0.6666666666666666, "atomics": "[128, 129, 141]", "group_pop": 3, "init_part_assignment": 0, "id": 7}, {"graph": null, "nnodes": 3, "nedges": 2, "density": 0.6666666666666666, "atomics": "[65, 66, 54]", "group_pop": 3, "init_part_assignment": 10, "id": 8}, {"graph": null, "nnodes": 3, "nedges": 2, "density": 0.6666666666666666, "atomics": "[67, 68, 79]", "group_pop": 3, "init_part_assignment": 7, "id": 9}, {"graph": null, "nnodes": 3, "nedges": 2, "density": 0.6666666666666666, "atomics": "[0, 12, 13]", "group_pop": 3, "init_part_assignment": 1, "id": 10}, {"graph": null, "nnodes": 3, "nedges": 2, "density": 0.6666666666666666, "atomics": "[1, 2, 3]", "group_pop": 3, "init_part_assignment": 3, "id": 11}, {"graph": null, "nnodes": 3, "nedges": 2, "density": 0.6666666666666666, "atomics": "[59, 47, 71]", "group_pop": 3, "init_part_assignment": 6, "id": 12}, {"graph": null, "nnodes": 3, "nedges": 2, "density": 0.6666666666666666, "atomics": "[115, 116, 127]", "group_pop": 3, "init_part_assignment": 4, "id": 13}, {"graph": null, "nnodes": 3, "nedges": 2, "density": 0.6666666666666666, "atomics": "[132, 133, 134]", "group_pop": 3, "init_part_assignment": 9, "id": 14}, {"graph": null, "nnodes": 3, "nedges": 2, "density": 0.6666666666666666, "atomics": "[104, 80, 92]", "group_pop": 3, "init_part_assignment": 7, "id": 15}, {"graph": null, "nnodes": 3, "nedges": 2, "density": 0.6666666666666666, "atomics": "[114, 102, 103]", "group_pop": 3, "init_part_assignment": 4, "id": 16}, {"graph": null, "nnodes": 3, "nedges": 2, "density": 0.6666666666666666, "atomics": "[90, 91, 78]", "group_pop": 3, "init_part_assignment": 10, "id": 17}, {"graph": null, "nnodes": 3, "nedges": 2, "density": 0.6666666666666666, "atomics": "[136, 124, 135]", "group_pop": 3, "init_part_assignment": 8, "id": 18}, {"graph": null, "nnodes": 3, "nedges": 2, "density": 0.6666666666666666, "atomics": "[137, 125, 126]", "group_pop": 3, "init_part_assignment": 4, "id": 19}, {"graph": null, "nnodes": 3, "nedges": 2, "density": 0.6666666666666666, "atomics": "[105, 106, 117]", "group_pop": 3, "init_part_assignment": 0, "id": 20}, {"graph": null, "nnodes": 3, "nedges": 2, "density": 0.6666666666666666, "atomics": "[72, 73, 60]", "group_pop": 3, "init_part_assignment": 5, "id": 21}, {"graph": null, "nnodes": 3, "nedges": 2, "density": 0.6666666666666666, "atomics": "[48, 49, 61]", "group_pop": 3, "init_part_assignment": 1, "id": 22}, {"graph": null, "nnodes": 3, "nedges": 2, "density": 0.6666666666666666, "atomics": "[107, 83, 95]", "group_pop": 3, "init_part_assignment": 6, "id": 23}, {"graph": null, "nnodes": 3, "nedges": 2, "density": 0.6666666666666666, "atomics": "[16, 4, 5]", "group_pop": 3, "init_part_assignment": 3, "id": 24}, {"graph": null, "nnodes": 3, "nedges": 2, "density": 0.6666666666666666, "atomics": "[81, 69, 57]", "group_pop": 3, "init_part_assignment": 7, "id": 25}, {"graph": null, "nnodes": 3, "nedges": 2, "density": 0.6666666666666666, "atomics": "[82, 93, 94]", "group_pop": 3, "init_part_assignment": 7, "id": 26}, {"graph": null, "nnodes": 3, "nedges": 2, "density": 0.6666666666666666, "atomics": "[25, 26, 14]", "group_pop": 3, "init_part_assignment": 1, "id": 27}, {"graph": null, "nnodes": 3, "nedges": 2, "density": 0.6666666666666666, "atomics": "[27, 28, 15]", "group_pop": 3, "init_part_assignment": 3, "id": 28}, {"graph": null, "nnodes": 3, "nedges": 2, "density": 0.6666666666666666, "atomics": "[120, 108, 96]", "group_pop": 3, "init_part_assignment": 9, "id": 29}, {"graph": null, "nnodes": 3, "nedges": 2, "density": 0.6666666666666666, "atomics": "[121, 122, 123]", "group_pop": 3, "init_part_assignment": 8, "id": 30}, {"graph": null, "nnodes": 3, "nedges": 2, "density": 0.6666666666666666, "atomics": "[97, 98, 109]", "group_pop": 3, "init_part_assignment": 8, "id": 31}, {"graph": null, "nnodes": 3, "nedges": 2, "density": 0.6666666666666666, "atomics": "[19, 6, 7]", "group_pop": 3, "init_part_assignment": 11, "id": 32}, {"graph": null, "nnodes": 3, "nedges": 2, "density": 0.6666666666666666, "atomics": "[17, 18, 30]", "group_pop": 3, "init_part_assignment": 3, "id": 33}, {"graph": null, "nnodes": 3, "nedges": 2, "density": 0.6666666666666666, "atomics": "[41, 42, 29]", "group_pop": 3, "init_part_assignment": 11, "id": 34}, {"graph": null, "nnodes": 3, "nedges": 2, "density": 0.6666666666666666, "atomics": "[40, 51, 39]", "group_pop": 3, "init_part_assignment": 5, "id": 35}, {"graph": null, "nnodes": 3, "nedges": 2, "density": 0.6666666666666666, "atomics": "[70, 58, 46]", "group_pop": 3, "init_part_assignment": 6, "id": 36}, {"graph": null, "nnodes": 3, "nedges": 2, "density": 0.6666666666666666, "atomics": "[56, 32, 44]", "group_pop": 3, "init_part_assignment": 2, "id": 37}, {"graph": null, "nnodes": 3, "nedges": 2, "density": 0.6666666666666666, "atomics": "[24, 36, 37]", "group_pop": 3, "init_part_assignment": 1, "id": 38}, {"graph": null, "nnodes": 3, "nedges": 2, "density": 0.6666666666666666, "atomics": "[33, 45, 21]", "group_pop": 3, "init_part_assignment": 2, "id": 39}, {"graph": null, "nnodes": 3, "nedges": 2, "density": 0.6666666666666666, "atomics": "[43, 55, 31]", "group_pop": 3, "init_part_assignment": 11, "id": 40}, {"graph": null, "nnodes": 3, "nedges": 2, "density": 0.6666666666666666, "atomics": "[74, 75, 63]", "group_pop": 3, "init_part_assignment": 5, "id": 41}, {"graph": null, "nnodes": 3, "nedges": 2, "density": 0.6666666666666666, "atomics": "[84, 85, 86]", "group_pop": 3, "init_part_assignment": 9, "id": 42}, {"graph": null, "nnodes": 3, "nedges": 2, "density": 0.6666666666666666, "atomics": "[8, 9, 20]", "group_pop": 3, "init_part_assignment": 2, "id": 43}, {"graph": null, "nnodes": 3, "nedges": 2, "density": 0.6666666666666666, "atomics": "[64, 52, 53]", "group_pop": 3, "init_part_assignment": 11, "id": 44}, {"graph": null, "nnodes": 3, "nedges": 2, "density": 0.6666666666666666, "atomics": "[38, 50, 62]", "group_pop": 3, "init_part_assignment": 5, "id": 45}, {"graph": null, "nnodes": 3, "nedges": 2, "density": 0.6666666666666666, "atomics": "[99, 110, 111]", "group_pop": 3, "init_part_assignment": 8, "id": 46}, {"graph": null, "nnodes": 3, "nedges": 2, "density": 0.6666666666666666, "atomics": "[88, 76, 87]", "group_pop": 3, "init_part_assignment": 9, "id": 47}], "adjacency": [[{"weight": 2, "random_weight": 0.6587119690309104, "id": 7}, {"weight": 1, "random_weight": 0.6289210038881544, "id": 13}, {"weight": 2, "random_weight": 0.6591827641779792, "id": 19}], [{"weight": 3, "random_weight": 0.8635152344326347, "id": 2}, {"weight": 1, "random_weight": 0.8207860488560708, "id": 39}, {"weight": 1, "random_weight": 0.5915065500331032, "id": 43}], [{"weight": 3, "random_weight": 0.8635152344326347, "id": 1}, {"weight": 1, "random_weight": 0.6493225865003358, "id": 12}, {"weight": 1, "random_weight": 0.7539162317316619, "id": 36}, {"weight": 1, "random_weight": 0.9577114775867844, "id": 39}], [{"weight": 2, "random_weight": 0.39386403751289956, "id": 4}, {"weight": 1, "random_weight": 0.839698288893919, "id": 8}, {"weight": 1, "random_weight": 0.4284780801172082, "id": 16}, {"weight": 2, "random_weight": 0.27208782934539744, "id": 17}, {"weight": 2, "random_weight": 0.9248990887326562, "id": 47}], [{"weight": 2, "random_weight": 0.39386403751289956, "id": 3}, {"weight": 1, "random_weight": 0.8625973799277346, "id": 16}, {"weight": 1, "random_weight": 0.8645066869594323, "id": 18}, {"weight": 1, "random_weight": 0.8250705669037157, "id": 19}, {"weight": 2, "random_weight": 0.573691046870269, "id": 46}, {"weight": 1, "random_weight": 0.3925094807342937, "id": 47}], [{"weight": 3, "random_weight": 0.7892663558149589, "id": 6}, {"weight": 1, "random_weight": 0.7972065477446895, "id": 7}], [{"weight": 3, "random_weight": 0.7892663558149589, "id": 5}, {"weight": 1, "random_weight": 0.3719463628623615, "id": 7}, {"weight": 2, "random_weight": 0.9731132736782957, "id": 20}, {"weight": 1, "random_weight": 0.6989204768879098, "id": 23}], [{"weight": 2, "random_weight": 0.6587119690309104, "id": 0}, {"weight": 1, "random_weight": 0.7972065477446895, "id": 5}, {"weight": 1, "random_weight": 0.3719463628623615, "id": 6}, {"weight": 2, "random_weight": 0.10627538248053348, "id": 13}, {"weight": 1, "random_weight": 0.02879918495972955, "id": 20}], [{"weight": 1, "random_weight": 0.839698288893919, "id": 3}, {"weight": 1, "random_weight": 0.6391558162409771, "id": 9}, {"weight": 1, "random_weight": 0.6196750148823514, "id": 17}, {"weight": 1, "random_weight": 0.7878609929685066, "id": 34}, {"weight": 1, "random_weight": 0.8760457404838663, "id": 40}, {"weight": 3, "random_weight": 0.9923712604880234, "id": 44}], [{"weight": 1, "random_weight": 0.6391558162409771, "id": 8}, {"weight": 2, "random_weight": 0.4756145860469474, "id": 15}, {"weight": 2, "random_weight": 0.8528927147939124, "id": 17}, {"weight": 1, "random_weight": 0.943944173073825, "id": 25}, {"weight": 1, "random_weight": 0.7379023224137007, "id": 37}, {"weight": 1, "random_weight": 0.4768226486604449, "id": 40}], [{"weight": 2, "random_weight": 0.3229653826322533, "id": 11}, {"weight": 2, "random_weight": 0.3192139141560524, "id": 27}, {"weight": 1, "random_weight": 0.39908100812788483, "id": 38}], [{"weight": 2, "random_weight": 0.3229653826322533, "id": 10}, {"weight": 1, "random_weight": 0.8247496898487928, "id": 24}, {"weight": 1, "random_weight": 0.6072482824381056, "id": 27}, {"weight": 1, "random_weight": 0.18936721704458115, "id": 28}], [{"weight": 1, "random_weight": 0.6493225865003358, "id": 2}, {"weight": 1, "random_weight": 0.8876873272099589, "id": 23}, {"weight": 3, "random_weight": 0.6349023450570902, "id": 36}], [{"weight": 1, "random_weight": 0.6289210038881544, "id": 0}, {"weight": 2, "random_weight": 0.10627538248053348, "id": 7}, {"weight": 1, "random_weight": 0.6505601458265396, "id": 15}, {"weight": 2, "random_weight": 0.039339831511739365, "id": 16}, {"weight": 1, "random_weight": 0.3527352394718497, "id": 19}, {"weight": 1, "random_weight": 0.41839603733339603, "id": 20}], [{"weight": 1, "random_weight": 0.6192431239368689, "id": 18}, {"weight": 1, "random_weight": 0.5377220060271317, "id": 29}, {"weight": 2, "random_weight": 0.3124623179509123, "id": 30}], [{"weight": 2, "random_weight": 0.4756145860469474, "id": 9}, {"weight": 1, "random_weight": 0.6505601458265396, "id": 13}, {"weight": 1, "random_weight": 0.7410665662256946, "id": 16}, {"weight": 1, "random_weight": 0.8275846055534423, "id": 17}, {"weight": 1, "random_weight": 0.5440559690141683, "id": 20}, {"weight": 1, "random_weight": 0.21570513711442552, "id": 25}, {"weight": 1, "random_weight": 0.3666047155345107, "id": 26}], [{"weight": 1, "random_weight": 0.4284780801172082, "id": 3}, {"weight": 1, "random_weight": 0.8625973799277346, "id": 4}, {"weight": 2, "random_weight": 0.039339831511739365, "id": 13}, {"weight": 1, "random_weight": 0.7410665662256946, "id": 15}, {"weight": 2, "random_weight": 0.9406061181763372, "id": 17}, {"weight": 1, "random_weight": 0.40684986574241755, "id": 19}], [{"weight": 2, "random_weight": 0.27208782934539744, "id": 3}, {"weight": 1, "random_weight": 0.6196750148823514, "id": 8}, {"weight": 2, "random_weight": 0.8528927147939124, "id": 9}, {"weight": 1, "random_weight": 0.8275846055534423, "id": 15}, {"weight": 2, "random_weight": 0.9406061181763372, "id": 16}], [{"weight": 1, "random_weight": 0.8645066869594323, "id": 4}, {"weight": 1, "random_weight": 0.6192431239368689, "id": 14}, {"weight": 2, "random_weight": 0.0722800112432963, "id": 19}, {"weight": 2, "random_weight": 0.5507634626640595, "id": 30}], [{"weight": 2, "random_weight": 0.6591827641779792, "id": 0}, {"weight": 1, "random_weight": 0.8250705669037157, "id": 4}, {"weight": 1, "random_weight": 0.3527352394718497, "id": 13}, {"weight": 1, "random_weight": 0.40684986574241755, "id": 16}, {"weight": 2, "random_weight": 0.0722800112432963, "id": 18}], [{"weight": 2, "random_weight": 0.9731132736782957, "id": 6}, {"weight": 1, "random_weight": 0.02879918495972955, "id": 7}, {"weight": 1, "random_weight": 0.41839603733339603, "id": 13}, {"weight": 1, "random_weight": 0.5440559690141683, "id": 15}, {"weight": 1, "random_weight": 0.7975505362517715, "id": 23}, {"weight": 2, "random_weight": 0.6495988801402879, "id": 26}], [{"weight": 3, "random_weight": 0.6161366824773719, "id": 22}, {"weight": 1, "random_weight": 0.5278345372142528, "id": 41}, {"weight": 2, "random_weight": 0.6204599790121338, "id": 42}], [{"weight": 3, "random_weight": 0.6161366824773719, "id": 21}, {"weight": 2, "random_weight": 0.040453122981066625, "id": 38}, {"weight": 2, "random_weight": 0.8838018987239146, "id": 45}], [{"weight": 1, "random_weight": 0.6989204768879098, "id": 6}, {"weight": 1, "random_weight": 0.8876873272099589, "id": 12}, {"weight": 1, "random_weight": 0.7975505362517715, "id": 20}, {"weight": 2, "random_weight": 0.9440911003987197, "id": 26}], [{"weight": 1, "random_weight": 0.8247496898487928, "id": 11}, {"weight": 2, "random_weight": 0.5180985869165101, "id": 28}, {"weight": 1, "random_weight": 0.9165065366671032, "id": 32}, {"weight": 2, "random_weight": 0.41378395295851045, "id": 33}], [{"weight": 1, "random_weight": 0.943944173073825, "id": 9}, {"weight": 1, "random_weight": 0.21570513711442552, "id": 15}, {"weight": 2, "random_weight": 0.10930297113684284, "id": 26}, {"weight": 2, "random_weight": 0.9917663787780826, "id": 36}, {"weight": 1, "random_weight": 0.6038203142886159, "id": 37}, {"weight": 1, "random_weight": 0.5349677453357167, "id": 39}], [{"weight": 1, "random_weight": 0.3666047155345107, "id": 15}, {"weight": 2, "random_weight": 0.6495988801402879, "id": 20}, {"weight": 2, "random_weight": 0.9440911003987197, "id": 23}, {"weight": 2, "random_weight": 0.10930297113684284, "id": 25}, {"weight": 1, "random_weight": 0.6640238259297278, "id": 36}], [{"weight": 2, "random_weight": 0.3192139141560524, "id": 10}, {"weight": 1, "random_weight": 0.6072482824381056, "id": 11}, {"weight": 2, "random_weight": 0.17555846499310523, "id": 28}, {"weight": 2, "random_weight": 0.4275938404655679, "id": 38}, {"weight": 1, "random_weight": 0.9474542076001248, "id": 45}], [{"weight": 1, "random_weight": 0.18936721704458115, "id": 11}, {"weight": 2, "random_weight": 0.5180985869165101, "id": 24}, {"weight": 2, "random_weight": 0.17555846499310523, "id": 27}, {"weight": 1, "random_weight": 0.06809381023178007, "id": 34}, {"weight": 2, "random_weight": 0.52631960769349, "id": 35}], [{"weight": 1, "random_weight": 0.5377220060271317, "id": 14}, {"weight": 1, "random_weight": 0.4479569953616973, "id": 30}, {"weight": 2, "random_weight": 0.9755766365838998, "id": 31}, {"weight": 1, "random_weight": 0.046491591504370655, "id": 42}], [{"weight": 2, "random_weight": 0.3124623179509123, "id": 14}, {"weight": 2, "random_weight": 0.5507634626640595, "id": 18}, {"weight": 1, "random_weight": 0.4479569953616973, "id": 29}, {"weight": 1, "random_weight": 0.2528487373715649, "id": 31}, {"weight": 2, "random_weight": 0.7545323893782474, "id": 46}], [{"weight": 2, "random_weight": 0.9755766365838998, "id": 29}, {"weight": 1, "random_weight": 0.2528487373715649, "id": 30}, {"weight": 2, "random_weight": 0.33241314781899767, "id": 42}, {"weight": 3, "random_weight": 0.016101189739796573, "id": 46}], [{"weight": 1, "random_weight": 0.9165065366671032, "id": 24}, {"weight": 2, "random_weight": 0.569499215798835, "id": 33}, {"weight": 1, "random_weight": 0.9479237094435748, "id": 40}, {"weight": 2, "random_weight": 0.9043961859401978, "id": 43}], [{"weight": 2, "random_weight": 0.41378395295851045, "id": 24}, {"weight": 2, "random_weight": 0.569499215798835, "id": 32}, {"weight": 3, "random_weight": 0.7733704513784796, "id": 34}, {"weight": 1, "random_weight": 0.708888036200522, "id": 40}], [{"weight": 1, "random_weight": 0.7878609929685066, "id": 8}, {"weight": 1, "random_weight": 0.06809381023178007, "id": 28}, {"weight": 3, "random_weight": 0.7733704513784796, "id": 33}, {"weight": 1, "random_weight": 0.8438397000126348, "id": 35}, {"weight": 1, "random_weight": 0.5387582345174236, "id": 40}, {"weight": 1, "random_weight": 0.6640144984573877, "id": 44}], [{"weight": 2, "random_weight": 0.52631960769349, "id": 28}, {"weight": 1, "random_weight": 0.8438397000126348, "id": 34}, {"weight": 1, "random_weight": 0.643076615527474, "id": 41}, {"weight": 2, "random_weight": 0.924285012304078, "id": 44}, {"weight": 2, "random_weight": 0.8867481041379338, "id": 45}], [{"weight": 1, "random_weight": 0.7539162317316619, "id": 2}, {"weight": 3, "random_weight": 0.6349023450570902, "id": 12}, {"weight": 2, "random_weight": 0.9917663787780826, "id": 25}, {"weight": 1, "random_weight": 0.6640238259297278, "id": 26}, {"weight": 1, "random_weight": 0.9864695503643116, "id": 39}], [{"weight": 1, "random_weight": 0.7379023224137007, "id": 9}, {"weight": 1, "random_weight": 0.6038203142886159, "id": 25}, {"weight": 2, "random_weight": 0.15264996229972028, "id": 39}, {"weight": 3, "random_weight": 0.8050418864047666, "id": 40}, {"weight": 1, "random_weight": 0.16723152850604617, "id": 43}], [{"weight": 1, "random_weight": 0.39908100812788483, "id": 10}, {"weight": 2, "random_weight": 0.040453122981066625, "id": 22}, {"weight": 2, "random_weight": 0.4275938404655679, "id": 27}, {"weight": 1, "random_weight": 0.6975487735985038, "id": 45}], [{"weight": 1, "random_weight": 0.8207860488560708, "id": 1}, {"weight": 1, "random_weight": 0.9577114775867844, "id": 2}, {"weight": 1, "random_weight": 0.5349677453357167, "id": 25}, {"weight": 1, "random_weight": 0.9864695503643116, "id": 36}, {"weight": 2, "random_weight": 0.15264996229972028, "id": 37}, {"weight": 2, "random_weight": 0.42881356517828517, "id": 43}], [{"weight": 1, "random_weight": 0.8760457404838663, "id": 8}, {"weight": 1, "random_weight": 0.4768226486604449, "id": 9}, {"weight": 1, "random_weight": 0.9479237094435748, "id": 32}, {"weight": 1, "random_weight": 0.708888036200522, "id": 33}, {"weight": 1, "random_weight": 0.5387582345174236, "id": 34}, {"weight": 3, "random_weight": 0.8050418864047666, "id": 37}], [{"weight": 1, "random_weight": 0.5278345372142528, "id": 21}, {"weight": 1, "random_weight": 0.643076615527474, "id": 35}, {"weight": 1, "random_weight": 0.8916611257441364, "id": 42}, {"weight": 1, "random_weight": 0.4461276965411337, "id": 44}, {"weight": 2, "random_weight": 0.8479282687745207, "id": 45}, {"weight": 2, "random_weight": 0.5221330912024812, "id": 47}], [{"weight": 2, "random_weight": 0.6204599790121338, "id": 21}, {"weight": 1, "random_weight": 0.046491591504370655, "id": 29}, {"weight": 2, "random_weight": 0.33241314781899767, "id": 31}, {"weight": 1, "random_weight": 0.8916611257441364, "id": 41}, {"weight": 1, "random_weight": 0.41086069485423793, "id": 47}], [{"weight": 1, "random_weight": 0.5915065500331032, "id": 1}, {"weight": 2, "random_weight": 0.9043961859401978, "id": 32}, {"weight": 1, "random_weight": 0.16723152850604617, "id": 37}, {"weight": 2, "random_weight": 0.42881356517828517, "id": 39}], [{"weight": 3, "random_weight": 0.9923712604880234, "id": 8}, {"weight": 1, "random_weight": 0.6640144984573877, "id": 34}, {"weight": 2, "random_weight": 0.924285012304078, "id": 35}, {"weight": 1, "random_weight": 0.4461276965411337, "id": 41}, {"weight": 1, "random_weight": 0.7858372408035105, "id": 47}], [{"weight": 2, "random_weight": 0.8838018987239146, "id": 22}, {"weight": 1, "random_weight": 0.9474542076001248, "id": 27}, {"weight": 2, "random_weight": 0.8867481041379338, "id": 35}, {"weight": 1, "random_weight": 0.6975487735985038, "id": 38}, {"weight": 2, "random_weight": 0.8479282687745207, "id": 41}], [{"weight": 2, "random_weight": 0.573691046870269, "id": 4}, {"weight": 2, "random_weight": 0.7545323893782474, "id": 30}, {"weight": 3, "random_weight": 0.016101189739796573, "id": 31}, {"weight": 1, "random_weight": 0.5232779434053946, "id": 47}], [{"weight": 2, "random_weight": 0.9248990887326562, "id": 3}, {"weight": 1, "random_weight": 0.3925094807342937, "id": 4}, {"weight": 2, "random_weight": 0.5221330912024812, "id": 41}, {"weight": 1, "random_weight": 0.41086069485423793, "id": 42}, {"weight": 1, "random_weight": 0.7858372408035105, "id": 44}, {"weight": 1, "random_weight": 0.5232779434053946, "id": 46}]]}