{"directed": false, "multigraph": false, "graph": [], "nodes": [{"graph": null, "nnodes": 3, "nedges": 2, "density": 0.6666666666666666, "atomics": "[138, 125, 126]", "group_pop": 3, "init_part_assignment": 3, "id": 0}, {"graph": null, "nnodes": 3, "nedges": 2, "density": 0.6666666666666666, "atomics": "[128, 139, 140]", "group_pop": 3, "init_part_assignment": 3, "id": 1}, {"graph": null, "nnodes": 3, "nedges": 2, "density": 0.6666666666666666, "atomics": "[9, 10, 11]", "group_pop": 3, "init_part_assignment": 4, "id": 2}, {"graph": null, "nnodes": 3, "nedges": 2, "density": 0.6666666666666666, "atomics": "[35, 23, 47]", "group_pop": 3, "init_part_assignment": 4, "id": 3}, {"graph": null, "nnodes": 3, "nedges": 2, "density": 0.6666666666666666, "atomics": "[88, 89, 100]", "group_pop": 3, "init_part_assignment": 6, "id": 4}, {"graph": null, "nnodes": 3, "nedges": 2, "density": 0.6666666666666666, "atomics": "[112, 113, 101]", "group_pop": 3, "init_part_assignment": 6, "id": 5}, {"graph": null, "nnodes": 3, "nedges": 2, "density": 0.6666666666666666, "atomics": "[131, 119, 143]", "group_pop": 3, "init_part_assignment": 2, "id": 6}, {"graph": null, "nnodes": 3, "nedges": 2, "density": 0.6666666666666666, "atomics": "[129, 141, 142]", "group_pop": 3, "init_part_assignment": 3, "id": 7}, {"graph": null, "nnodes": 3, "nedges": 2, "density": 0.6666666666666666, "atomics": "[66, 53, 54]", "group_pop": 3, "init_part_assignment": 5, "id": 8}, {"graph": null, "nnodes": 3, "nedges": 2, "density": 0.6666666666666666, "atomics": "[67, 91, 79]", "group_pop": 3, "init_part_assignment": 5, "id": 9}, {"graph": null, "nnodes": 3, "nedges": 2, "density": 0.6666666666666666, "atomics": "[0, 1, 13]", "group_pop": 3, "init_part_assignment": 10, "id": 10}, {"graph": null, "nnodes": 3, "nedges": 2, "density": 0.6666666666666666, "atomics": "[2, 3, 14]", "group_pop": 3, "init_part_assignment": 10, "id": 11}, {"graph": null, "nnodes": 3, "nedges": 2, "density": 0.6666666666666666, "atomics": "[33, 34, 45]", "group_pop": 3, "init_part_assignment": 4, "id": 12}, {"graph": null, "nnodes": 3, "nedges": 2, "density": 0.6666666666666666, "atomics": "[115, 116, 127]", "group_pop": 3, "init_part_assignment": 3, "id": 13}, {"graph": null, "nnodes": 3, "nedges": 2, "density": 0.6666666666666666, "atomics": "[120, 132, 108]", "group_pop": 3, "init_part_assignment": 0, "id": 14}, {"graph": null, "nnodes": 3, "nedges": 2, "density": 0.6666666666666666, "atomics": "[121, 133, 134]", "group_pop": 3, "init_part_assignment": 0, "id": 15}, {"graph": null, "nnodes": 3, "nedges": 2, "density": 0.6666666666666666, "atomics": "[104, 105, 103]", "group_pop": 3, "init_part_assignment": 5, "id": 16}, {"graph": null, "nnodes": 3, "nedges": 2, "density": 0.6666666666666666, "atomics": "[92, 93, 94]", "group_pop": 3, "init_part_assignment": 2, "id": 17}, {"graph": null, "nnodes": 3, "nedges": 2, "density": 0.6666666666666666, "atomics": "[136, 137, 135]", "group_pop": 3, "init_part_assignment": 0, "id": 18}, {"graph": null, "nnodes": 3, "nedges": 2, "density": 0.6666666666666666, "atomics": "[130, 117, 118]", "group_pop": 3, "init_part_assignment": 2, "id": 19}, {"graph": null, "nnodes": 3, "nedges": 2, "density": 0.6666666666666666, "atomics": "[72, 73, 85]", "group_pop": 3, "init_part_assignment": 7, "id": 20}, {"graph": null, "nnodes": 3, "nedges": 2, "density": 0.6666666666666666, "atomics": "[48, 49, 60]", "group_pop": 3, "init_part_assignment": 8, "id": 21}, {"graph": null, "nnodes": 3, "nedges": 2, "density": 0.6666666666666666, "atomics": "[106, 107, 95]", "group_pop": 3, "init_part_assignment": 2, "id": 22}, {"graph": null, "nnodes": 3, "nedges": 2, "density": 0.6666666666666666, "atomics": "[114, 90, 102]", "group_pop": 3, "init_part_assignment": 6, "id": 23}, {"graph": null, "nnodes": 3, "nedges": 2, "density": 0.6666666666666666, "atomics": "[76, 77, 78]", "group_pop": 3, "init_part_assignment": 6, "id": 24}, {"graph": null, "nnodes": 3, "nedges": 2, "density": 0.6666666666666666, "atomics": "[16, 27, 15]", "group_pop": 3, "init_part_assignment": 11, "id": 25}, {"graph": null, "nnodes": 3, "nedges": 2, "density": 0.6666666666666666, "atomics": "[17, 4, 5]", "group_pop": 3, "init_part_assignment": 11, "id": 26}, {"graph": null, "nnodes": 3, "nedges": 2, "density": 0.6666666666666666, "atomics": "[80, 81, 68]", "group_pop": 3, "init_part_assignment": 1, "id": 27}, {"graph": null, "nnodes": 3, "nedges": 2, "density": 0.6666666666666666, "atomics": "[109, 110, 111]", "group_pop": 3, "init_part_assignment": 7, "id": 28}, {"graph": null, "nnodes": 3, "nedges": 2, "density": 0.6666666666666666, "atomics": "[8, 19, 7]", "group_pop": 3, "init_part_assignment": 9, "id": 29}, {"graph": null, "nnodes": 3, "nedges": 2, "density": 0.6666666666666666, "atomics": "[18, 6, 30]", "group_pop": 3, "init_part_assignment": 9, "id": 30}, {"graph": null, "nnodes": 3, "nedges": 2, "density": 0.6666666666666666, "atomics": "[41, 42, 29]", "group_pop": 3, "init_part_assignment": 11, "id": 31}, {"graph": null, "nnodes": 3, "nedges": 2, "density": 0.6666666666666666, "atomics": "[40, 28, 39]", "group_pop": 3, "init_part_assignment": 11, "id": 32}, {"graph": null, "nnodes": 3, "nedges": 2, "density": 0.6666666666666666, "atomics": "[82, 83, 71]", "group_pop": 3, "init_part_assignment": 1, "id": 33}, {"graph": null, "nnodes": 3, "nedges": 2, "density": 0.6666666666666666, "atomics": "[57, 69, 70]", "group_pop": 3, "init_part_assignment": 1, "id": 34}, {"graph": null, "nnodes": 3, "nedges": 2, "density": 0.6666666666666666, "atomics": "[74, 61, 62]", "group_pop": 3, "init_part_assignment": 8, "id": 35}, {"graph": null, "nnodes": 3, "nedges": 2, "density": 0.6666666666666666, "atomics": "[56, 44, 55]", "group_pop": 3, "init_part_assignment": 1, "id": 36}, {"graph": null, "nnodes": 3, "nedges": 2, "density": 0.6666666666666666, "atomics": "[58, 59, 46]", "group_pop": 3, "init_part_assignment": 4, "id": 37}, {"graph": null, "nnodes": 3, "nedges": 2, "density": 0.6666666666666666, "atomics": "[24, 36, 12]", "group_pop": 3, "init_part_assignment": 10, "id": 38}, {"graph": null, "nnodes": 3, "nedges": 2, "density": 0.6666666666666666, "atomics": "[25, 26, 37]", "group_pop": 3, "init_part_assignment": 10, "id": 39}, {"graph": null, "nnodes": 3, "nedges": 2, "density": 0.6666666666666666, "atomics": "[32, 43, 31]", "group_pop": 3, "init_part_assignment": 9, "id": 40}, {"graph": null, "nnodes": 3, "nedges": 2, "density": 0.6666666666666666, "atomics": "[75, 87, 63]", "group_pop": 3, "init_part_assignment": 8, "id": 41}, {"graph": null, "nnodes": 3, "nedges": 2, "density": 0.6666666666666666, "atomics": "[98, 99, 86]", "group_pop": 3, "init_part_assignment": 7, "id": 42}, {"graph": null, "nnodes": 3, "nedges": 2, "density": 0.6666666666666666, "atomics": "[122, 123, 124]", "group_pop": 3, "init_part_assignment": 0, "id": 43}, {"graph": null, "nnodes": 3, "nedges": 2, "density": 0.6666666666666666, "atomics": "[96, 97, 84]", "group_pop": 3, "init_part_assignment": 7, "id": 44}, {"graph": null, "nnodes": 3, "nedges": 2, "density": 0.6666666666666666, "atomics": "[20, 21, 22]", "group_pop": 3, "init_part_assignment": 9, "id": 45}, {"graph": null, "nnodes": 3, "nedges": 2, "density": 0.6666666666666666, "atomics": "[64, 65, 52]", "group_pop": 3, "init_part_assignment": 5, "id": 46}, {"graph": null, "nnodes": 3, "nedges": 2, "density": 0.6666666666666666, "atomics": "[50, 51, 38]", "group_pop": 3, "init_part_assignment": 8, "id": 47}], "adjacency": [[{"weight": 1, "random_weight": 0.9904080872200842, "id": 1}, {"weight": 1, "random_weight": 0.28454282978002254, "id": 5}, {"weight": 1, "random_weight": 0.21968941077534454, "id": 13}, {"weight": 2, "random_weight": 0.5226248516405463, "id": 18}, {"weight": 1, "random_weight": 0.3145161459667102, "id": 23}, {"weight": 1, "random_weight": 0.33859034312820013, "id": 43}], [{"weight": 1, "random_weight": 0.9904080872200842, "id": 0}, {"weight": 2, "random_weight": 0.7465664559322557, "id": 7}, {"weight": 3, "random_weight": 0.33489225673511347, "id": 13}], [{"weight": 1, "random_weight": 0.5340601494914406, "id": 3}, {"weight": 1, "random_weight": 0.46437238202404163, "id": 29}, {"weight": 2, "random_weight": 0.26779764923459914, "id": 45}], [{"weight": 1, "random_weight": 0.5340601494914406, "id": 2}, {"weight": 1, "random_weight": 0.015016839478732003, "id": 12}, {"weight": 2, "random_weight": 0.18119073303308653, "id": 37}, {"weight": 1, "random_weight": 0.6502577475108672, "id": 45}], [{"weight": 3, "random_weight": 0.6887296161941036, "id": 5}, {"weight": 1, "random_weight": 0.14079484588591906, "id": 23}, {"weight": 2, "random_weight": 0.9429420487213037, "id": 24}, {"weight": 1, "random_weight": 0.6569422777115332, "id": 41}, {"weight": 1, "random_weight": 0.8308048735005789, "id": 42}], [{"weight": 1, "random_weight": 0.28454282978002254, "id": 0}, {"weight": 3, "random_weight": 0.6887296161941036, "id": 4}, {"weight": 2, "random_weight": 0.28912012970879597, "id": 23}, {"weight": 1, "random_weight": 0.6332926212518432, "id": 28}, {"weight": 1, "random_weight": 0.714348115483711, "id": 43}], [{"weight": 1, "random_weight": 0.8300759231568268, "id": 7}, {"weight": 2, "random_weight": 0.17216659595148698, "id": 19}, {"weight": 1, "random_weight": 0.20724813602530634, "id": 22}], [{"weight": 2, "random_weight": 0.7465664559322557, "id": 1}, {"weight": 1, "random_weight": 0.8300759231568268, "id": 6}, {"weight": 3, "random_weight": 0.8305536388665201, "id": 19}], [{"weight": 1, "random_weight": 0.006778642679870717, "id": 9}, {"weight": 1, "random_weight": 0.7126501533511796, "id": 24}, {"weight": 2, "random_weight": 0.8391234888857001, "id": 31}, {"weight": 1, "random_weight": 0.15366249814727495, "id": 36}, {"weight": 3, "random_weight": 0.5442203557847791, "id": 46}], [{"weight": 1, "random_weight": 0.006778642679870717, "id": 8}, {"weight": 1, "random_weight": 0.10504395177759529, "id": 16}, {"weight": 1, "random_weight": 0.9715095069034909, "id": 17}, {"weight": 1, "random_weight": 0.7139962481681388, "id": 23}, {"weight": 1, "random_weight": 0.8790848708878461, "id": 24}, {"weight": 2, "random_weight": 0.6166572842175192, "id": 27}, {"weight": 1, "random_weight": 0.21735916590616133, "id": 36}], [{"weight": 2, "random_weight": 0.5913567591065141, "id": 11}, {"weight": 2, "random_weight": 0.274825040260152, "id": 38}, {"weight": 1, "random_weight": 0.02197895380424897, "id": 39}], [{"weight": 2, "random_weight": 0.5913567591065141, "id": 10}, {"weight": 2, "random_weight": 0.7310956809645183, "id": 25}, {"weight": 1, "random_weight": 0.7057355752046124, "id": 26}, {"weight": 1, "random_weight": 0.7774190363823862, "id": 39}], [{"weight": 1, "random_weight": 0.015016839478732003, "id": 3}, {"weight": 1, "random_weight": 0.8503643339650053, "id": 34}, {"weight": 1, "random_weight": 0.6221382100119742, "id": 36}, {"weight": 2, "random_weight": 0.26348827787818563, "id": 37}, {"weight": 1, "random_weight": 0.8016316273387031, "id": 40}, {"weight": 2, "random_weight": 0.8835491411858821, "id": 45}], [{"weight": 1, "random_weight": 0.21968941077534454, "id": 0}, {"weight": 3, "random_weight": 0.33489225673511347, "id": 1}, {"weight": 2, "random_weight": 0.6351632974183934, "id": 16}, {"weight": 1, "random_weight": 0.1374814875907867, "id": 19}, {"weight": 1, "random_weight": 0.3033955697321379, "id": 23}], [{"weight": 2, "random_weight": 0.11366135645333442, "id": 15}, {"weight": 1, "random_weight": 0.7070510322293965, "id": 28}, {"weight": 1, "random_weight": 0.6175663989745054, "id": 44}], [{"weight": 2, "random_weight": 0.11366135645333442, "id": 14}, {"weight": 1, "random_weight": 0.7603407824267558, "id": 18}, {"weight": 1, "random_weight": 0.5673847816012367, "id": 28}, {"weight": 2, "random_weight": 0.3247726139867101, "id": 43}], [{"weight": 1, "random_weight": 0.10504395177759529, "id": 9}, {"weight": 2, "random_weight": 0.6351632974183934, "id": 13}, {"weight": 2, "random_weight": 0.3909556423338778, "id": 17}, {"weight": 1, "random_weight": 0.4259055663897552, "id": 19}, {"weight": 1, "random_weight": 0.5416195757806, "id": 22}, {"weight": 1, "random_weight": 0.8031234092265166, "id": 23}], [{"weight": 1, "random_weight": 0.9715095069034909, "id": 9}, {"weight": 2, "random_weight": 0.3909556423338778, "id": 16}, {"weight": 2, "random_weight": 0.11755797412590208, "id": 22}, {"weight": 2, "random_weight": 0.9205973295575451, "id": 27}, {"weight": 1, "random_weight": 0.5044520046370328, "id": 33}], [{"weight": 2, "random_weight": 0.5226248516405463, "id": 0}, {"weight": 1, "random_weight": 0.7603407824267558, "id": 15}, {"weight": 2, "random_weight": 0.005512892145501658, "id": 43}], [{"weight": 2, "random_weight": 0.17216659595148698, "id": 6}, {"weight": 3, "random_weight": 0.8305536388665201, "id": 7}, {"weight": 1, "random_weight": 0.1374814875907867, "id": 13}, {"weight": 1, "random_weight": 0.4259055663897552, "id": 16}, {"weight": 1, "random_weight": 0.5200163274619961, "id": 22}], [{"weight": 1, "random_weight": 0.5115030078592698, "id": 21}, {"weight": 2, "random_weight": 0.1158792392307767, "id": 35}, {"weight": 1, "random_weight": 0.8424559008818796, "id": 42}, {"weight": 3, "random_weight": 0.10575218734041003, "id": 44}], [{"weight": 1, "random_weight": 0.5115030078592698, "id": 20}, {"weight": 2, "random_weight": 0.06843043868632814, "id": 35}, {"weight": 1, "random_weight": 0.13647501660777261, "id": 38}, {"weight": 1, "random_weight": 0.8089221429766338, "id": 39}, {"weight": 1, "random_weight": 0.010427729246282547, "id": 47}], [{"weight": 1, "random_weight": 0.20724813602530634, "id": 6}, {"weight": 1, "random_weight": 0.5416195757806, "id": 16}, {"weight": 2, "random_weight": 0.11755797412590208, "id": 17}, {"weight": 1, "random_weight": 0.5200163274619961, "id": 19}, {"weight": 1, "random_weight": 0.48031574071524374, "id": 33}], [{"weight": 1, "random_weight": 0.3145161459667102, "id": 0}, {"weight": 1, "random_weight": 0.14079484588591906, "id": 4}, {"weight": 2, "random_weight": 0.28912012970879597, "id": 5}, {"weight": 1, "random_weight": 0.7139962481681388, "id": 9}, {"weight": 1, "random_weight": 0.3033955697321379, "id": 13}, {"weight": 1, "random_weight": 0.8031234092265166, "id": 16}, {"weight": 1, "random_weight": 0.4387555495339085, "id": 24}], [{"weight": 2, "random_weight": 0.9429420487213037, "id": 4}, {"weight": 1, "random_weight": 0.7126501533511796, "id": 8}, {"weight": 1, "random_weight": 0.8790848708878461, "id": 9}, {"weight": 1, "random_weight": 0.4387555495339085, "id": 23}, {"weight": 1, "random_weight": 0.9443293213927909, "id": 41}, {"weight": 2, "random_weight": 0.8847213929319536, "id": 46}], [{"weight": 2, "random_weight": 0.7310956809645183, "id": 11}, {"weight": 2, "random_weight": 0.12442366140453576, "id": 26}, {"weight": 3, "random_weight": 0.8039378913488877, "id": 32}, {"weight": 1, "random_weight": 0.34778635113778955, "id": 39}], [{"weight": 1, "random_weight": 0.7057355752046124, "id": 11}, {"weight": 2, "random_weight": 0.12442366140453576, "id": 25}, {"weight": 2, "random_weight": 0.8919550958131338, "id": 30}, {"weight": 1, "random_weight": 0.9342291821476725, "id": 31}], [{"weight": 2, "random_weight": 0.6166572842175192, "id": 9}, {"weight": 2, "random_weight": 0.9205973295575451, "id": 17}, {"weight": 1, "random_weight": 0.45147144040404263, "id": 33}, {"weight": 2, "random_weight": 0.6587325620271146, "id": 34}, {"weight": 1, "random_weight": 0.04906975475928965, "id": 36}], [{"weight": 1, "random_weight": 0.6332926212518432, "id": 5}, {"weight": 1, "random_weight": 0.7070510322293965, "id": 14}, {"weight": 1, "random_weight": 0.5673847816012367, "id": 15}, {"weight": 2, "random_weight": 0.258222047090234, "id": 42}, {"weight": 2, "random_weight": 0.45775313077342694, "id": 43}, {"weight": 1, "random_weight": 0.07622202057641658, "id": 44}], [{"weight": 1, "random_weight": 0.46437238202404163, "id": 2}, {"weight": 2, "random_weight": 0.16189902903294406, "id": 30}, {"weight": 1, "random_weight": 0.9825548083439961, "id": 40}, {"weight": 2, "random_weight": 0.40737994661707766, "id": 45}], [{"weight": 2, "random_weight": 0.8919550958131338, "id": 26}, {"weight": 2, "random_weight": 0.16189902903294406, "id": 29}, {"weight": 2, "random_weight": 0.0249044382921062, "id": 31}, {"weight": 1, "random_weight": 0.37569526380591556, "id": 40}], [{"weight": 2, "random_weight": 0.8391234888857001, "id": 8}, {"weight": 1, "random_weight": 0.9342291821476725, "id": 26}, {"weight": 2, "random_weight": 0.0249044382921062, "id": 30}, {"weight": 2, "random_weight": 0.8300736390956023, "id": 32}, {"weight": 1, "random_weight": 0.9346072779688864, "id": 40}], [{"weight": 3, "random_weight": 0.8039378913488877, "id": 25}, {"weight": 2, "random_weight": 0.8300736390956023, "id": 31}, {"weight": 1, "random_weight": 0.8438712916377327, "id": 46}, {"weight": 2, "random_weight": 0.9651505570823521, "id": 47}], [{"weight": 1, "random_weight": 0.5044520046370328, "id": 17}, {"weight": 1, "random_weight": 0.48031574071524374, "id": 22}, {"weight": 1, "random_weight": 0.45147144040404263, "id": 27}, {"weight": 2, "random_weight": 0.8965212712790464, "id": 34}, {"weight": 1, "random_weight": 0.8840984190123649, "id": 37}], [{"weight": 1, "random_weight": 0.8503643339650053, "id": 12}, {"weight": 2, "random_weight": 0.6587325620271146, "id": 27}, {"weight": 2, "random_weight": 0.8965212712790464, "id": 33}, {"weight": 1, "random_weight": 0.09495028869373512, "id": 36}, {"weight": 2, "random_weight": 0.9982510077908748, "id": 37}], [{"weight": 2, "random_weight": 0.1158792392307767, "id": 20}, {"weight": 2, "random_weight": 0.06843043868632814, "id": 21}, {"weight": 2, "random_weight": 0.6848606555784257, "id": 41}, {"weight": 1, "random_weight": 0.4245461587384026, "id": 42}, {"weight": 1, "random_weight": 0.12576783358101518, "id": 47}], [{"weight": 1, "random_weight": 0.15366249814727495, "id": 8}, {"weight": 1, "random_weight": 0.21735916590616133, "id": 9}, {"weight": 1, "random_weight": 0.6221382100119742, "id": 12}, {"weight": 1, "random_weight": 0.04906975475928965, "id": 27}, {"weight": 1, "random_weight": 0.09495028869373512, "id": 34}, {"weight": 3, "random_weight": 0.7198469148696327, "id": 40}], [{"weight": 2, "random_weight": 0.18119073303308653, "id": 3}, {"weight": 2, "random_weight": 0.26348827787818563, "id": 12}, {"weight": 1, "random_weight": 0.8840984190123649, "id": 33}, {"weight": 2, "random_weight": 0.9982510077908748, "id": 34}], [{"weight": 2, "random_weight": 0.274825040260152, "id": 10}, {"weight": 1, "random_weight": 0.13647501660777261, "id": 21}, {"weight": 2, "random_weight": 0.11407594134075882, "id": 39}], [{"weight": 1, "random_weight": 0.02197895380424897, "id": 10}, {"weight": 1, "random_weight": 0.7774190363823862, "id": 11}, {"weight": 1, "random_weight": 0.8089221429766338, "id": 21}, {"weight": 1, "random_weight": 0.34778635113778955, "id": 25}, {"weight": 2, "random_weight": 0.11407594134075882, "id": 38}, {"weight": 2, "random_weight": 0.4482428973358943, "id": 47}], [{"weight": 1, "random_weight": 0.8016316273387031, "id": 12}, {"weight": 1, "random_weight": 0.9825548083439961, "id": 29}, {"weight": 1, "random_weight": 0.37569526380591556, "id": 30}, {"weight": 1, "random_weight": 0.9346072779688864, "id": 31}, {"weight": 3, "random_weight": 0.7198469148696327, "id": 36}, {"weight": 1, "random_weight": 0.16274957561254288, "id": 45}], [{"weight": 1, "random_weight": 0.6569422777115332, "id": 4}, {"weight": 1, "random_weight": 0.9443293213927909, "id": 24}, {"weight": 2, "random_weight": 0.6848606555784257, "id": 35}, {"weight": 2, "random_weight": 0.6036583661822568, "id": 42}, {"weight": 1, "random_weight": 0.048594859406068336, "id": 46}, {"weight": 1, "random_weight": 0.8697597075435767, "id": 47}], [{"weight": 1, "random_weight": 0.8308048735005789, "id": 4}, {"weight": 1, "random_weight": 0.8424559008818796, "id": 20}, {"weight": 2, "random_weight": 0.258222047090234, "id": 28}, {"weight": 1, "random_weight": 0.4245461587384026, "id": 35}, {"weight": 2, "random_weight": 0.6036583661822568, "id": 41}, {"weight": 1, "random_weight": 0.7112358242676048, "id": 44}], [{"weight": 1, "random_weight": 0.33859034312820013, "id": 0}, {"weight": 1, "random_weight": 0.714348115483711, "id": 5}, {"weight": 2, "random_weight": 0.3247726139867101, "id": 15}, {"weight": 2, "random_weight": 0.005512892145501658, "id": 18}, {"weight": 2, "random_weight": 0.45775313077342694, "id": 28}], [{"weight": 1, "random_weight": 0.6175663989745054, "id": 14}, {"weight": 3, "random_weight": 0.10575218734041003, "id": 20}, {"weight": 1, "random_weight": 0.07622202057641658, "id": 28}, {"weight": 1, "random_weight": 0.7112358242676048, "id": 42}], [{"weight": 2, "random_weight": 0.26779764923459914, "id": 2}, {"weight": 1, "random_weight": 0.6502577475108672, "id": 3}, {"weight": 2, "random_weight": 0.8835491411858821, "id": 12}, {"weight": 2, "random_weight": 0.40737994661707766, "id": 29}, {"weight": 1, "random_weight": 0.16274957561254288, "id": 40}], [{"weight": 3, "random_weight": 0.5442203557847791, "id": 8}, {"weight": 2, "random_weight": 0.8847213929319536, "id": 24}, {"weight": 1, "random_weight": 0.8438712916377327, "id": 32}, {"weight": 1, "random_weight": 0.048594859406068336, "id": 41}, {"weight": 1, "random_weight": 0.7676098573382589, "id": 47}], [{"weight": 1, "random_weight": 0.010427729246282547, "id": 21}, {"weight": 2, "random_weight": 0.9651505570823521, "id": 32}, {"weight": 1, "random_weight": 0.12576783358101518, "id": 35}, {"weight": 2, "random_weight": 0.4482428973358943, "id": 39}, {"weight": 1, "random_weight": 0.8697597075435767, "id": 41}, {"weight": 1, "random_weight": 0.7676098573382589, "id": 46}]]}