{"directed": false, "multigraph": false, "graph": [], "nodes": [{"graph": null, "nnodes": 3, "nedges": 2, "density": 0.6666666666666666, "atomics": "[138, 139, 140]", "group_pop": 3, "init_part_assignment": 7, "id": 0}, {"graph": null, "nnodes": 3, "nedges": 2, "density": 0.6666666666666666, "atomics": "[9, 10, 11]", "group_pop": 3, "init_part_assignment": 6, "id": 1}, {"graph": null, "nnodes": 3, "nedges": 2, "density": 0.6666666666666666, "atomics": "[35, 22, 23]", "group_pop": 3, "init_part_assignment": 6, "id": 2}, {"graph": null, "nnodes": 3, "nedges": 2, "density": 0.6666666666666666, "atomics": "[89, 90, 77]", "group_pop": 3, "init_part_assignment": 10, "id": 3}, {"graph": null, "nnodes": 3, "nedges": 2, "density": 0.6666666666666666, "atomics": "[114, 101, 102]", "group_pop": 3, "init_part_assignment": 10, "id": 4}, {"graph": null, "nnodes": 3, "nedges": 2, "density": 0.6666666666666666, "atomics": "[113, 125, 126]", "group_pop": 3, "init_part_assignment": 9, "id": 5}, {"graph": null, "nnodes": 3, "nedges": 2, "density": 0.6666666666666666, "atomics": "[107, 131, 119]", "group_pop": 3, "init_part_assignment": 4, "id": 6}, {"graph": null, "nnodes": 3, "nedges": 2, "density": 0.6666666666666666, "atomics": "[141, 142, 143]", "group_pop": 3, "init_part_assignment": 7, "id": 7}, {"graph": null, "nnodes": 3, "nedges": 2, "density": 0.6666666666666666, "atomics": "[129, 130, 118]", "group_pop": 3, "init_part_assignment": 4, "id": 8}, {"graph": null, "nnodes": 3, "nedges": 2, "density": 0.6666666666666666, "atomics": "[66, 67, 78]", "group_pop": 3, "init_part_assignment": 10, "id": 9}, {"graph": null, "nnodes": 3, "nedges": 2, "density": 0.6666666666666666, "atomics": "[53, 54, 55]", "group_pop": 3, "init_part_assignment": 11, "id": 10}, {"graph": null, "nnodes": 3, "nedges": 2, "density": 0.6666666666666666, "atomics": "[0, 24, 12]", "group_pop": 3, "init_part_assignment": 0, "id": 11}, {"graph": null, "nnodes": 3, "nedges": 2, "density": 0.6666666666666666, "atomics": "[1, 13, 14]", "group_pop": 3, "init_part_assignment": 0, "id": 12}, {"graph": null, "nnodes": 3, "nedges": 2, "density": 0.6666666666666666, "atomics": "[2, 3, 15]", "group_pop": 3, "init_part_assignment": 0, "id": 13}, {"graph": null, "nnodes": 3, "nedges": 2, "density": 0.6666666666666666, "atomics": "[33, 34, 45]", "group_pop": 3, "init_part_assignment": 5, "id": 14}, {"graph": null, "nnodes": 3, "nedges": 2, "density": 0.6666666666666666, "atomics": "[58, 46, 47]", "group_pop": 3, "init_part_assignment": 6, "id": 15}, {"graph": null, "nnodes": 3, "nedges": 2, "density": 0.6666666666666666, "atomics": "[128, 116, 117]", "group_pop": 3, "init_part_assignment": 7, "id": 16}, {"graph": null, "nnodes": 3, "nedges": 2, "density": 0.6666666666666666, "atomics": "[115, 127, 103]", "group_pop": 3, "init_part_assignment": 7, "id": 17}, {"graph": null, "nnodes": 3, "nedges": 2, "density": 0.6666666666666666, "atomics": "[120, 132, 133]", "group_pop": 3, "init_part_assignment": 1, "id": 18}, {"graph": null, "nnodes": 3, "nedges": 2, "density": 0.6666666666666666, "atomics": "[121, 122, 134]", "group_pop": 3, "init_part_assignment": 1, "id": 19}, {"graph": null, "nnodes": 3, "nedges": 2, "density": 0.6666666666666666, "atomics": "[104, 105, 106]", "group_pop": 3, "init_part_assignment": 4, "id": 20}, {"graph": null, "nnodes": 3, "nedges": 2, "density": 0.6666666666666666, "atomics": "[91, 92, 93]", "group_pop": 3, "init_part_assignment": 5, "id": 21}, {"graph": null, "nnodes": 3, "nedges": 2, "density": 0.6666666666666666, "atomics": "[80, 81, 79]", "group_pop": 3, "init_part_assignment": 5, "id": 22}, {"graph": null, "nnodes": 3, "nedges": 2, "density": 0.6666666666666666, "atomics": "[136, 137, 135]", "group_pop": 3, "init_part_assignment": 9, "id": 23}, {"graph": null, "nnodes": 3, "nedges": 2, "density": 0.6666666666666666, "atomics": "[72, 73, 60]", "group_pop": 3, "init_part_assignment": 2, "id": 24}, {"graph": null, "nnodes": 3, "nedges": 2, "density": 0.6666666666666666, "atomics": "[48, 49, 61]", "group_pop": 3, "init_part_assignment": 3, "id": 25}, {"graph": null, "nnodes": 3, "nedges": 2, "density": 0.6666666666666666, "atomics": "[16, 28, 29]", "group_pop": 3, "init_part_assignment": 8, "id": 26}, {"graph": null, "nnodes": 3, "nedges": 2, "density": 0.6666666666666666, "atomics": "[17, 4, 5]", "group_pop": 3, "init_part_assignment": 0, "id": 27}, {"graph": null, "nnodes": 3, "nedges": 2, "density": 0.6666666666666666, "atomics": "[97, 109, 110]", "group_pop": 3, "init_part_assignment": 1, "id": 28}, {"graph": null, "nnodes": 3, "nedges": 2, "density": 0.6666666666666666, "atomics": "[19, 20, 21]", "group_pop": 3, "init_part_assignment": 8, "id": 29}, {"graph": null, "nnodes": 3, "nedges": 2, "density": 0.6666666666666666, "atomics": "[8, 6, 7]", "group_pop": 3, "init_part_assignment": 8, "id": 30}, {"graph": null, "nnodes": 3, "nedges": 2, "density": 0.6666666666666666, "atomics": "[18, 42, 30]", "group_pop": 3, "init_part_assignment": 8, "id": 31}, {"graph": null, "nnodes": 3, "nedges": 2, "density": 0.6666666666666666, "atomics": "[26, 27, 38]", "group_pop": 3, "init_part_assignment": 3, "id": 32}, {"graph": null, "nnodes": 3, "nedges": 2, "density": 0.6666666666666666, "atomics": "[40, 41, 39]", "group_pop": 3, "init_part_assignment": 11, "id": 33}, {"graph": null, "nnodes": 3, "nedges": 2, "density": 0.6666666666666666, "atomics": "[82, 94, 95]", "group_pop": 3, "init_part_assignment": 4, "id": 34}, {"graph": null, "nnodes": 3, "nedges": 2, "density": 0.6666666666666666, "atomics": "[57, 69, 70]", "group_pop": 3, "init_part_assignment": 5, "id": 35}, {"graph": null, "nnodes": 3, "nedges": 2, "density": 0.6666666666666666, "atomics": "[56, 68, 44]", "group_pop": 3, "init_part_assignment": 11, "id": 36}, {"graph": null, "nnodes": 3, "nedges": 2, "density": 0.6666666666666666, "atomics": "[83, 59, 71]", "group_pop": 3, "init_part_assignment": 6, "id": 37}, {"graph": null, "nnodes": 3, "nedges": 2, "density": 0.6666666666666666, "atomics": "[25, 36, 37]", "group_pop": 3, "init_part_assignment": 3, "id": 38}, {"graph": null, "nnodes": 3, "nedges": 2, "density": 0.6666666666666666, "atomics": "[32, 43, 31]", "group_pop": 3, "init_part_assignment": 11, "id": 39}, {"graph": null, "nnodes": 3, "nedges": 2, "density": 0.6666666666666666, "atomics": "[74, 75, 62]", "group_pop": 3, "init_part_assignment": 2, "id": 40}, {"graph": null, "nnodes": 3, "nedges": 2, "density": 0.6666666666666666, "atomics": "[98, 85, 86]", "group_pop": 3, "init_part_assignment": 2, "id": 41}, {"graph": null, "nnodes": 3, "nedges": 2, "density": 0.6666666666666666, "atomics": "[123, 99, 111]", "group_pop": 3, "init_part_assignment": 9, "id": 42}, {"graph": null, "nnodes": 3, "nedges": 2, "density": 0.6666666666666666, "atomics": "[112, 124, 100]", "group_pop": 3, "init_part_assignment": 9, "id": 43}, {"graph": null, "nnodes": 3, "nedges": 2, "density": 0.6666666666666666, "atomics": "[96, 108, 84]", "group_pop": 3, "init_part_assignment": 1, "id": 44}, {"graph": null, "nnodes": 3, "nedges": 2, "density": 0.6666666666666666, "atomics": "[64, 65, 63]", "group_pop": 3, "init_part_assignment": 10, "id": 45}, {"graph": null, "nnodes": 3, "nedges": 2, "density": 0.6666666666666666, "atomics": "[50, 51, 52]", "group_pop": 3, "init_part_assignment": 3, "id": 46}, {"graph": null, "nnodes": 3, "nedges": 2, "density": 0.6666666666666666, "atomics": "[88, 76, 87]", "group_pop": 3, "init_part_assignment": 2, "id": 47}], "adjacency": [[{"weight": 1, "random_weight": 0.8467686147883209, "id": 5}, {"weight": 1, "random_weight": 0.85866446408011, "id": 7}, {"weight": 1, "random_weight": 0.7033096926650684, "id": 16}, {"weight": 1, "random_weight": 0.5254836758267082, "id": 17}, {"weight": 1, "random_weight": 0.9704704685874511, "id": 23}], [{"weight": 2, "random_weight": 0.22672073785431812, "id": 2}, {"weight": 1, "random_weight": 0.9428363705182577, "id": 29}, {"weight": 1, "random_weight": 0.00916862726226264, "id": 30}], [{"weight": 2, "random_weight": 0.22672073785431812, "id": 1}, {"weight": 2, "random_weight": 0.9941112072302756, "id": 14}, {"weight": 1, "random_weight": 0.055389152033198163, "id": 15}, {"weight": 1, "random_weight": 0.23330367657914441, "id": 29}], [{"weight": 2, "random_weight": 0.48705586971546355, "id": 4}, {"weight": 2, "random_weight": 0.27420469537616887, "id": 9}, {"weight": 1, "random_weight": 0.5602643991774224, "id": 21}, {"weight": 1, "random_weight": 0.06733970512835585, "id": 45}, {"weight": 2, "random_weight": 0.5809377551692374, "id": 47}], [{"weight": 2, "random_weight": 0.48705586971546355, "id": 3}, {"weight": 3, "random_weight": 0.5643330539166546, "id": 5}, {"weight": 2, "random_weight": 0.21328839422338164, "id": 17}, {"weight": 1, "random_weight": 0.6705709870509682, "id": 43}], [{"weight": 1, "random_weight": 0.8467686147883209, "id": 0}, {"weight": 3, "random_weight": 0.5643330539166546, "id": 4}, {"weight": 1, "random_weight": 0.754464126292639, "id": 17}, {"weight": 1, "random_weight": 0.9778255072364505, "id": 23}, {"weight": 2, "random_weight": 0.19191705412011983, "id": 43}], [{"weight": 1, "random_weight": 0.7349536804321368, "id": 7}, {"weight": 2, "random_weight": 0.03332145987657453, "id": 8}, {"weight": 1, "random_weight": 0.8600890756317439, "id": 20}, {"weight": 1, "random_weight": 0.2991521600747977, "id": 34}], [{"weight": 1, "random_weight": 0.85866446408011, "id": 0}, {"weight": 1, "random_weight": 0.7349536804321368, "id": 6}, {"weight": 2, "random_weight": 0.9600489418666329, "id": 8}], [{"weight": 2, "random_weight": 0.03332145987657453, "id": 6}, {"weight": 2, "random_weight": 0.9600489418666329, "id": 7}, {"weight": 3, "random_weight": 0.025315961792553132, "id": 16}, {"weight": 1, "random_weight": 0.30370686316438744, "id": 20}], [{"weight": 2, "random_weight": 0.27420469537616887, "id": 3}, {"weight": 2, "random_weight": 0.8331811412576672, "id": 10}, {"weight": 2, "random_weight": 0.5273810282519704, "id": 22}, {"weight": 1, "random_weight": 0.962993325632392, "id": 36}, {"weight": 1, "random_weight": 0.28870714627705996, "id": 45}], [{"weight": 2, "random_weight": 0.8331811412576672, "id": 9}, {"weight": 1, "random_weight": 0.5641940282666044, "id": 31}, {"weight": 1, "random_weight": 0.08803919308870167, "id": 33}, {"weight": 1, "random_weight": 0.12137304332927246, "id": 36}, {"weight": 1, "random_weight": 0.786782517057328, "id": 39}, {"weight": 1, "random_weight": 0.11022145665619465, "id": 45}, {"weight": 1, "random_weight": 0.5281663906107925, "id": 46}], [{"weight": 2, "random_weight": 0.7303015984638649, "id": 12}, {"weight": 2, "random_weight": 0.7748392917256754, "id": 38}], [{"weight": 2, "random_weight": 0.7303015984638649, "id": 11}, {"weight": 3, "random_weight": 0.042767703578621474, "id": 13}, {"weight": 1, "random_weight": 0.5936415518084004, "id": 32}, {"weight": 1, "random_weight": 0.020357253008221998, "id": 38}], [{"weight": 3, "random_weight": 0.042767703578621474, "id": 12}, {"weight": 1, "random_weight": 0.6986686180966263, "id": 26}, {"weight": 1, "random_weight": 0.6493449771442532, "id": 27}, {"weight": 1, "random_weight": 0.8929232311720644, "id": 32}], [{"weight": 2, "random_weight": 0.9941112072302756, "id": 2}, {"weight": 2, "random_weight": 0.5613351580848742, "id": 15}, {"weight": 1, "random_weight": 0.815161195121942, "id": 29}, {"weight": 1, "random_weight": 0.4448504634087349, "id": 35}, {"weight": 1, "random_weight": 0.952665784840792, "id": 36}, {"weight": 1, "random_weight": 0.9068499395227319, "id": 39}], [{"weight": 1, "random_weight": 0.055389152033198163, "id": 2}, {"weight": 2, "random_weight": 0.5613351580848742, "id": 14}, {"weight": 2, "random_weight": 0.6744563951225305, "id": 35}, {"weight": 2, "random_weight": 0.2654986289207334, "id": 37}], [{"weight": 1, "random_weight": 0.7033096926650684, "id": 0}, {"weight": 3, "random_weight": 0.025315961792553132, "id": 8}, {"weight": 2, "random_weight": 0.3535533881231051, "id": 17}, {"weight": 2, "random_weight": 0.32513103445077907, "id": 20}], [{"weight": 1, "random_weight": 0.5254836758267082, "id": 0}, {"weight": 2, "random_weight": 0.21328839422338164, "id": 4}, {"weight": 1, "random_weight": 0.754464126292639, "id": 5}, {"weight": 2, "random_weight": 0.3535533881231051, "id": 16}, {"weight": 1, "random_weight": 0.9717189200184028, "id": 20}, {"weight": 1, "random_weight": 0.9194755854652981, "id": 21}], [{"weight": 3, "random_weight": 0.08241635711539519, "id": 19}, {"weight": 1, "random_weight": 0.06325820955563288, "id": 44}], [{"weight": 3, "random_weight": 0.08241635711539519, "id": 18}, {"weight": 1, "random_weight": 0.7724120791477412, "id": 23}, {"weight": 2, "random_weight": 0.2620928699551226, "id": 28}, {"weight": 1, "random_weight": 0.3581973592259724, "id": 42}], [{"weight": 1, "random_weight": 0.8600890756317439, "id": 6}, {"weight": 1, "random_weight": 0.30370686316438744, "id": 8}, {"weight": 2, "random_weight": 0.32513103445077907, "id": 16}, {"weight": 1, "random_weight": 0.9717189200184028, "id": 17}, {"weight": 2, "random_weight": 0.4275000647567463, "id": 21}, {"weight": 1, "random_weight": 0.651247004348089, "id": 34}], [{"weight": 1, "random_weight": 0.5602643991774224, "id": 3}, {"weight": 1, "random_weight": 0.9194755854652981, "id": 17}, {"weight": 2, "random_weight": 0.4275000647567463, "id": 20}, {"weight": 3, "random_weight": 0.29445060168510384, "id": 22}, {"weight": 1, "random_weight": 0.4580412785536876, "id": 34}], [{"weight": 2, "random_weight": 0.5273810282519704, "id": 9}, {"weight": 3, "random_weight": 0.29445060168510384, "id": 21}, {"weight": 1, "random_weight": 0.9165001094872197, "id": 34}, {"weight": 1, "random_weight": 0.4168212239844119, "id": 35}, {"weight": 1, "random_weight": 0.5383095087715944, "id": 36}], [{"weight": 1, "random_weight": 0.9704704685874511, "id": 0}, {"weight": 1, "random_weight": 0.9778255072364505, "id": 5}, {"weight": 1, "random_weight": 0.7724120791477412, "id": 19}, {"weight": 1, "random_weight": 0.7142253408864512, "id": 42}, {"weight": 1, "random_weight": 0.6825740139149511, "id": 43}], [{"weight": 3, "random_weight": 0.645133048213023, "id": 25}, {"weight": 1, "random_weight": 0.05061139034249451, "id": 40}, {"weight": 1, "random_weight": 0.423224102250493, "id": 41}, {"weight": 1, "random_weight": 0.4163322340807353, "id": 44}], [{"weight": 3, "random_weight": 0.645133048213023, "id": 24}, {"weight": 2, "random_weight": 0.6163587120081652, "id": 38}, {"weight": 1, "random_weight": 0.631474631440046, "id": 40}, {"weight": 1, "random_weight": 0.6746481226475074, "id": 46}], [{"weight": 1, "random_weight": 0.6986686180966263, "id": 13}, {"weight": 3, "random_weight": 0.7656825828615127, "id": 27}, {"weight": 1, "random_weight": 0.008660951659598792, "id": 31}, {"weight": 1, "random_weight": 0.9188766762613143, "id": 32}, {"weight": 2, "random_weight": 0.12950490467282283, "id": 33}], [{"weight": 1, "random_weight": 0.6493449771442532, "id": 13}, {"weight": 3, "random_weight": 0.7656825828615127, "id": 26}, {"weight": 1, "random_weight": 0.8642771729984061, "id": 30}, {"weight": 1, "random_weight": 0.7953189305096482, "id": 31}], [{"weight": 2, "random_weight": 0.2620928699551226, "id": 19}, {"weight": 3, "random_weight": 0.36282640911680997, "id": 41}, {"weight": 1, "random_weight": 0.11815736566682422, "id": 42}, {"weight": 2, "random_weight": 0.6409935169386458, "id": 44}], [{"weight": 1, "random_weight": 0.9428363705182577, "id": 1}, {"weight": 1, "random_weight": 0.23330367657914441, "id": 2}, {"weight": 1, "random_weight": 0.815161195121942, "id": 14}, {"weight": 2, "random_weight": 0.3219289402081368, "id": 30}, {"weight": 1, "random_weight": 0.27804825038708847, "id": 31}, {"weight": 2, "random_weight": 0.661111904061288, "id": 39}], [{"weight": 1, "random_weight": 0.00916862726226264, "id": 1}, {"weight": 1, "random_weight": 0.8642771729984061, "id": 27}, {"weight": 2, "random_weight": 0.3219289402081368, "id": 29}, {"weight": 1, "random_weight": 0.3602743629090307, "id": 31}], [{"weight": 1, "random_weight": 0.5641940282666044, "id": 10}, {"weight": 1, "random_weight": 0.008660951659598792, "id": 26}, {"weight": 1, "random_weight": 0.7953189305096482, "id": 27}, {"weight": 1, "random_weight": 0.27804825038708847, "id": 29}, {"weight": 1, "random_weight": 0.3602743629090307, "id": 30}, {"weight": 1, "random_weight": 0.21053166634064024, "id": 33}, {"weight": 2, "random_weight": 0.455829475945398, "id": 39}], [{"weight": 1, "random_weight": 0.5936415518084004, "id": 12}, {"weight": 1, "random_weight": 0.8929232311720644, "id": 13}, {"weight": 1, "random_weight": 0.9188766762613143, "id": 26}, {"weight": 2, "random_weight": 0.5441457576193011, "id": 33}, {"weight": 2, "random_weight": 0.09811351942135571, "id": 38}, {"weight": 1, "random_weight": 0.48441197819490145, "id": 46}], [{"weight": 1, "random_weight": 0.08803919308870167, "id": 10}, {"weight": 2, "random_weight": 0.12950490467282283, "id": 26}, {"weight": 1, "random_weight": 0.21053166634064024, "id": 31}, {"weight": 2, "random_weight": 0.5441457576193011, "id": 32}, {"weight": 2, "random_weight": 0.9873731452867521, "id": 46}], [{"weight": 1, "random_weight": 0.2991521600747977, "id": 6}, {"weight": 1, "random_weight": 0.651247004348089, "id": 20}, {"weight": 1, "random_weight": 0.4580412785536876, "id": 21}, {"weight": 1, "random_weight": 0.9165001094872197, "id": 22}, {"weight": 1, "random_weight": 0.7762011419829531, "id": 35}, {"weight": 2, "random_weight": 0.5529968783909678, "id": 37}], [{"weight": 1, "random_weight": 0.4448504634087349, "id": 14}, {"weight": 2, "random_weight": 0.6744563951225305, "id": 15}, {"weight": 1, "random_weight": 0.4168212239844119, "id": 22}, {"weight": 1, "random_weight": 0.7762011419829531, "id": 34}, {"weight": 2, "random_weight": 0.8406780537763167, "id": 36}, {"weight": 1, "random_weight": 0.6952049064068961, "id": 37}], [{"weight": 1, "random_weight": 0.962993325632392, "id": 9}, {"weight": 1, "random_weight": 0.12137304332927246, "id": 10}, {"weight": 1, "random_weight": 0.952665784840792, "id": 14}, {"weight": 1, "random_weight": 0.5383095087715944, "id": 22}, {"weight": 2, "random_weight": 0.8406780537763167, "id": 35}, {"weight": 2, "random_weight": 0.4793362481830348, "id": 39}], [{"weight": 2, "random_weight": 0.2654986289207334, "id": 15}, {"weight": 2, "random_weight": 0.5529968783909678, "id": 34}, {"weight": 1, "random_weight": 0.6952049064068961, "id": 35}], [{"weight": 2, "random_weight": 0.7748392917256754, "id": 11}, {"weight": 1, "random_weight": 0.020357253008221998, "id": 12}, {"weight": 2, "random_weight": 0.6163587120081652, "id": 25}, {"weight": 2, "random_weight": 0.09811351942135571, "id": 32}], [{"weight": 1, "random_weight": 0.786782517057328, "id": 10}, {"weight": 1, "random_weight": 0.9068499395227319, "id": 14}, {"weight": 2, "random_weight": 0.661111904061288, "id": 29}, {"weight": 2, "random_weight": 0.455829475945398, "id": 31}, {"weight": 2, "random_weight": 0.4793362481830348, "id": 36}], [{"weight": 1, "random_weight": 0.05061139034249451, "id": 24}, {"weight": 1, "random_weight": 0.631474631440046, "id": 25}, {"weight": 1, "random_weight": 0.04245764023839427, "id": 41}, {"weight": 2, "random_weight": 0.6820305727481092, "id": 45}, {"weight": 1, "random_weight": 0.944352483632587, "id": 46}, {"weight": 2, "random_weight": 0.9514588863713203, "id": 47}], [{"weight": 1, "random_weight": 0.423224102250493, "id": 24}, {"weight": 3, "random_weight": 0.36282640911680997, "id": 28}, {"weight": 1, "random_weight": 0.04245764023839427, "id": 40}, {"weight": 1, "random_weight": 0.5258811905143399, "id": 42}, {"weight": 1, "random_weight": 0.5447276759528221, "id": 44}, {"weight": 1, "random_weight": 0.09017717444667928, "id": 47}], [{"weight": 1, "random_weight": 0.3581973592259724, "id": 19}, {"weight": 1, "random_weight": 0.7142253408864512, "id": 23}, {"weight": 1, "random_weight": 0.11815736566682422, "id": 28}, {"weight": 1, "random_weight": 0.5258811905143399, "id": 41}, {"weight": 3, "random_weight": 0.9143330142284871, "id": 43}, {"weight": 1, "random_weight": 0.9956604703547747, "id": 47}], [{"weight": 1, "random_weight": 0.6705709870509682, "id": 4}, {"weight": 2, "random_weight": 0.19191705412011983, "id": 5}, {"weight": 1, "random_weight": 0.6825740139149511, "id": 23}, {"weight": 3, "random_weight": 0.9143330142284871, "id": 42}, {"weight": 1, "random_weight": 0.36362983439980534, "id": 47}], [{"weight": 1, "random_weight": 0.06325820955563288, "id": 18}, {"weight": 1, "random_weight": 0.4163322340807353, "id": 24}, {"weight": 2, "random_weight": 0.6409935169386458, "id": 28}, {"weight": 1, "random_weight": 0.5447276759528221, "id": 41}], [{"weight": 1, "random_weight": 0.06733970512835585, "id": 3}, {"weight": 1, "random_weight": 0.28870714627705996, "id": 9}, {"weight": 1, "random_weight": 0.11022145665619465, "id": 10}, {"weight": 2, "random_weight": 0.6820305727481092, "id": 40}, {"weight": 2, "random_weight": 0.5871477853472868, "id": 46}, {"weight": 1, "random_weight": 0.8841601800537372, "id": 47}], [{"weight": 1, "random_weight": 0.5281663906107925, "id": 10}, {"weight": 1, "random_weight": 0.6746481226475074, "id": 25}, {"weight": 1, "random_weight": 0.48441197819490145, "id": 32}, {"weight": 2, "random_weight": 0.9873731452867521, "id": 33}, {"weight": 1, "random_weight": 0.944352483632587, "id": 40}, {"weight": 2, "random_weight": 0.5871477853472868, "id": 45}], [{"weight": 2, "random_weight": 0.5809377551692374, "id": 3}, {"weight": 2, "random_weight": 0.9514588863713203, "id": 40}, {"weight": 1, "random_weight": 0.09017717444667928, "id": 41}, {"weight": 1, "random_weight": 0.9956604703547747, "id": 42}, {"weight": 1, "random_weight": 0.36362983439980534, "id": 43}, {"weight": 1, "random_weight": 0.8841601800537372, "id": 45}]]}