{"directed": false, "multigraph": false, "graph": [], "nodes": [{"graph": null, "nnodes": 3, "nedges": 2, "density": 0.6666666666666666, "atomics": "[138, 139, 126]", "group_pop": 3, "init_part_assignment": 10, "id": 0}, {"graph": null, "nnodes": 3, "nedges": 2, "density": 0.6666666666666666, "atomics": "[128, 140, 127]", "group_pop": 3, "init_part_assignment": 0, "id": 1}, {"graph": null, "nnodes": 3, "nedges": 2, "density": 0.6666666666666666, "atomics": "[9, 10, 21]", "group_pop": 3, "init_part_assignment": 4, "id": 2}, {"graph": null, "nnodes": 3, "nedges": 2, "density": 0.6666666666666666, "atomics": "[11, 35, 23]", "group_pop": 3, "init_part_assignment": 4, "id": 3}, {"graph": null, "nnodes": 3, "nedges": 2, "density": 0.6666666666666666, "atomics": "[89, 101, 77]", "group_pop": 3, "init_part_assignment": 9, "id": 4}, {"graph": null, "nnodes": 3, "nedges": 2, "density": 0.6666666666666666, "atomics": "[112, 113, 124]", "group_pop": 3, "init_part_assignment": 10, "id": 5}, {"graph": null, "nnodes": 3, "nedges": 2, "density": 0.6666666666666666, "atomics": "[131, 142, 143]", "group_pop": 3, "init_part_assignment": 0, "id": 6}, {"graph": null, "nnodes": 3, "nedges": 2, "density": 0.6666666666666666, "atomics": "[107, 119, 95]", "group_pop": 3, "init_part_assignment": 3, "id": 7}, {"graph": null, "nnodes": 3, "nedges": 2, "density": 0.6666666666666666, "atomics": "[129, 117, 141]", "group_pop": 3, "init_part_assignment": 0, "id": 8}, {"graph": null, "nnodes": 3, "nedges": 2, "density": 0.6666666666666666, "atomics": "[66, 78, 79]", "group_pop": 3, "init_part_assignment": 11, "id": 9}, {"graph": null, "nnodes": 3, "nedges": 2, "density": 0.6666666666666666, "atomics": "[56, 67, 55]", "group_pop": 3, "init_part_assignment": 11, "id": 10}, {"graph": null, "nnodes": 3, "nedges": 2, "density": 0.6666666666666666, "atomics": "[65, 53, 54]", "group_pop": 3, "init_part_assignment": 8, "id": 11}, {"graph": null, "nnodes": 3, "nedges": 2, "density": 0.6666666666666666, "atomics": "[0, 1, 12]", "group_pop": 3, "init_part_assignment": 2, "id": 12}, {"graph": null, "nnodes": 3, "nedges": 2, "density": 0.6666666666666666, "atomics": "[2, 26, 14]", "group_pop": 3, "init_part_assignment": 2, "id": 13}, {"graph": null, "nnodes": 3, "nedges": 2, "density": 0.6666666666666666, "atomics": "[33, 34, 22]", "group_pop": 3, "init_part_assignment": 4, "id": 14}, {"graph": null, "nnodes": 3, "nedges": 2, "density": 0.6666666666666666, "atomics": "[58, 59, 47]", "group_pop": 3, "init_part_assignment": 4, "id": 15}, {"graph": null, "nnodes": 3, "nedges": 2, "density": 0.6666666666666666, "atomics": "[115, 91, 103]", "group_pop": 3, "init_part_assignment": 11, "id": 16}, {"graph": null, "nnodes": 3, "nedges": 2, "density": 0.6666666666666666, "atomics": "[120, 132, 108]", "group_pop": 3, "init_part_assignment": 1, "id": 17}, {"graph": null, "nnodes": 3, "nedges": 2, "density": 0.6666666666666666, "atomics": "[133, 134, 135]", "group_pop": 3, "init_part_assignment": 1, "id": 18}, {"graph": null, "nnodes": 3, "nedges": 2, "density": 0.6666666666666666, "atomics": "[104, 116, 92]", "group_pop": 3, "init_part_assignment": 0, "id": 19}, {"graph": null, "nnodes": 3, "nedges": 2, "density": 0.6666666666666666, "atomics": "[136, 137, 125]", "group_pop": 3, "init_part_assignment": 10, "id": 20}, {"graph": null, "nnodes": 3, "nedges": 2, "density": 0.6666666666666666, "atomics": "[130, 118, 106]", "group_pop": 3, "init_part_assignment": 3, "id": 21}, {"graph": null, "nnodes": 3, "nedges": 2, "density": 0.6666666666666666, "atomics": "[72, 73, 74]", "group_pop": 3, "init_part_assignment": 5, "id": 22}, {"graph": null, "nnodes": 3, "nedges": 2, "density": 0.6666666666666666, "atomics": "[48, 60, 36]", "group_pop": 3, "init_part_assignment": 5, "id": 23}, {"graph": null, "nnodes": 3, "nedges": 2, "density": 0.6666666666666666, "atomics": "[105, 93, 94]", "group_pop": 3, "init_part_assignment": 3, "id": 24}, {"graph": null, "nnodes": 3, "nedges": 2, "density": 0.6666666666666666, "atomics": "[114, 90, 102]", "group_pop": 3, "init_part_assignment": 10, "id": 25}, {"graph": null, "nnodes": 3, "nedges": 2, "density": 0.6666666666666666, "atomics": "[16, 3, 4]", "group_pop": 3, "init_part_assignment": 2, "id": 26}, {"graph": null, "nnodes": 3, "nedges": 2, "density": 0.6666666666666666, "atomics": "[5, 6, 7]", "group_pop": 3, "init_part_assignment": 6, "id": 27}, {"graph": null, "nnodes": 3, "nedges": 2, "density": 0.6666666666666666, "atomics": "[80, 81, 68]", "group_pop": 3, "init_part_assignment": 11, "id": 28}, {"graph": null, "nnodes": 3, "nedges": 2, "density": 0.6666666666666666, "atomics": "[27, 15, 39]", "group_pop": 3, "init_part_assignment": 7, "id": 29}, {"graph": null, "nnodes": 3, "nedges": 2, "density": 0.6666666666666666, "atomics": "[121, 122, 123]", "group_pop": 3, "init_part_assignment": 1, "id": 30}, {"graph": null, "nnodes": 3, "nedges": 2, "density": 0.6666666666666666, "atomics": "[97, 109, 110]", "group_pop": 3, "init_part_assignment": 9, "id": 31}, {"graph": null, "nnodes": 3, "nedges": 2, "density": 0.6666666666666666, "atomics": "[18, 19, 31]", "group_pop": 3, "init_part_assignment": 8, "id": 32}, {"graph": null, "nnodes": 3, "nedges": 2, "density": 0.6666666666666666, "atomics": "[17, 28, 29]", "group_pop": 3, "init_part_assignment": 8, "id": 33}, {"graph": null, "nnodes": 3, "nedges": 2, "density": 0.6666666666666666, "atomics": "[82, 83, 71]", "group_pop": 3, "init_part_assignment": 3, "id": 34}, {"graph": null, "nnodes": 3, "nedges": 2, "density": 0.6666666666666666, "atomics": "[57, 69, 70]", "group_pop": 3, "init_part_assignment": 6, "id": 35}, {"graph": null, "nnodes": 3, "nedges": 2, "density": 0.6666666666666666, "atomics": "[49, 61, 37]", "group_pop": 3, "init_part_assignment": 5, "id": 36}, {"graph": null, "nnodes": 3, "nedges": 2, "density": 0.6666666666666666, "atomics": "[24, 25, 13]", "group_pop": 3, "init_part_assignment": 2, "id": 37}, {"graph": null, "nnodes": 3, "nedges": 2, "density": 0.6666666666666666, "atomics": "[44, 45, 46]", "group_pop": 3, "init_part_assignment": 6, "id": 38}, {"graph": null, "nnodes": 3, "nedges": 2, "density": 0.6666666666666666, "atomics": "[42, 43, 30]", "group_pop": 3, "init_part_assignment": 8, "id": 39}, {"graph": null, "nnodes": 3, "nedges": 2, "density": 0.6666666666666666, "atomics": "[88, 75, 76]", "group_pop": 3, "init_part_assignment": 7, "id": 40}, {"graph": null, "nnodes": 3, "nedges": 2, "density": 0.6666666666666666, "atomics": "[98, 86, 87]", "group_pop": 3, "init_part_assignment": 9, "id": 41}, {"graph": null, "nnodes": 3, "nedges": 2, "density": 0.6666666666666666, "atomics": "[96, 84, 85]", "group_pop": 3, "init_part_assignment": 1, "id": 42}, {"graph": null, "nnodes": 3, "nedges": 2, "density": 0.6666666666666666, "atomics": "[32, 8, 20]", "group_pop": 3, "init_part_assignment": 6, "id": 43}, {"graph": null, "nnodes": 3, "nedges": 2, "density": 0.6666666666666666, "atomics": "[38, 50, 62]", "group_pop": 3, "init_part_assignment": 5, "id": 44}, {"graph": null, "nnodes": 3, "nedges": 2, "density": 0.6666666666666666, "atomics": "[99, 100, 111]", "group_pop": 3, "init_part_assignment": 9, "id": 45}, {"graph": null, "nnodes": 3, "nedges": 2, "density": 0.6666666666666666, "atomics": "[64, 51, 63]", "group_pop": 3, "init_part_assignment": 7, "id": 46}, {"graph": null, "nnodes": 3, "nedges": 2, "density": 0.6666666666666666, "atomics": "[40, 41, 52]", "group_pop": 3, "init_part_assignment": 7, "id": 47}], "adjacency": [[{"weight": 3, "random_weight": 0.22450256641477595, "id": 1}, {"weight": 2, "random_weight": 0.8905031148673818, "id": 20}, {"weight": 1, "random_weight": 0.9509942812472355, "id": 25}], [{"weight": 3, "random_weight": 0.22450256641477595, "id": 0}, {"weight": 2, "random_weight": 0.1690345335077057, "id": 8}, {"weight": 1, "random_weight": 0.8554914167629725, "id": 16}, {"weight": 1, "random_weight": 0.6313792587125532, "id": 19}], [{"weight": 1, "random_weight": 0.9608508634922572, "id": 3}, {"weight": 3, "random_weight": 0.5661200785312525, "id": 14}, {"weight": 2, "random_weight": 0.8056279550731714, "id": 43}], [{"weight": 1, "random_weight": 0.9608508634922572, "id": 2}, {"weight": 2, "random_weight": 0.38705233248091264, "id": 14}, {"weight": 1, "random_weight": 0.4160045060612074, "id": 15}], [{"weight": 1, "random_weight": 0.3848460579758267, "id": 5}, {"weight": 1, "random_weight": 0.9458314245557233, "id": 9}, {"weight": 1, "random_weight": 0.830969353249749, "id": 11}, {"weight": 2, "random_weight": 0.7758308912161637, "id": 25}, {"weight": 2, "random_weight": 0.8094185945906837, "id": 40}, {"weight": 1, "random_weight": 0.2755063242384138, "id": 45}], [{"weight": 1, "random_weight": 0.3848460579758267, "id": 4}, {"weight": 3, "random_weight": 0.5042942513291144, "id": 20}, {"weight": 1, "random_weight": 0.7432924971665851, "id": 25}, {"weight": 1, "random_weight": 0.9486480859382015, "id": 30}, {"weight": 2, "random_weight": 0.27077209545105263, "id": 45}], [{"weight": 1, "random_weight": 0.824123736775936, "id": 7}, {"weight": 1, "random_weight": 0.06957893726585274, "id": 8}, {"weight": 2, "random_weight": 0.6240610755588364, "id": 21}], [{"weight": 1, "random_weight": 0.824123736775936, "id": 6}, {"weight": 2, "random_weight": 0.6755269488411696, "id": 21}, {"weight": 1, "random_weight": 0.6332375427126167, "id": 24}, {"weight": 1, "random_weight": 0.3986609774208488, "id": 34}], [{"weight": 2, "random_weight": 0.1690345335077057, "id": 1}, {"weight": 1, "random_weight": 0.06957893726585274, "id": 6}, {"weight": 1, "random_weight": 0.8628750554632709, "id": 19}, {"weight": 2, "random_weight": 0.8216934607735015, "id": 21}, {"weight": 1, "random_weight": 0.9131152087877308, "id": 24}], [{"weight": 1, "random_weight": 0.9458314245557233, "id": 4}, {"weight": 2, "random_weight": 0.6927454353815341, "id": 10}, {"weight": 2, "random_weight": 0.7393689000091336, "id": 11}, {"weight": 1, "random_weight": 0.6820896639978142, "id": 16}, {"weight": 1, "random_weight": 0.9139560807504337, "id": 25}, {"weight": 1, "random_weight": 0.17104439540247773, "id": 28}], [{"weight": 2, "random_weight": 0.6927454353815341, "id": 9}, {"weight": 1, "random_weight": 0.27407746173581293, "id": 11}, {"weight": 2, "random_weight": 0.7406159123836535, "id": 28}, {"weight": 1, "random_weight": 0.9392375224712342, "id": 35}, {"weight": 1, "random_weight": 0.6357351511752671, "id": 38}, {"weight": 1, "random_weight": 0.7461355716338995, "id": 39}], [{"weight": 1, "random_weight": 0.830969353249749, "id": 4}, {"weight": 2, "random_weight": 0.7393689000091336, "id": 9}, {"weight": 1, "random_weight": 0.27407746173581293, "id": 10}, {"weight": 1, "random_weight": 0.19532318653975267, "id": 39}, {"weight": 1, "random_weight": 0.029822010166577928, "id": 46}, {"weight": 2, "random_weight": 0.7139823063907899, "id": 47}], [{"weight": 1, "random_weight": 0.45370525718724897, "id": 13}, {"weight": 3, "random_weight": 0.5785462234591537, "id": 37}], [{"weight": 1, "random_weight": 0.45370525718724897, "id": 12}, {"weight": 1, "random_weight": 0.43324724929625935, "id": 26}, {"weight": 2, "random_weight": 0.662620743107464, "id": 29}, {"weight": 2, "random_weight": 0.48189917432472684, "id": 37}, {"weight": 1, "random_weight": 0.9687109948838002, "id": 44}], [{"weight": 3, "random_weight": 0.5661200785312525, "id": 2}, {"weight": 2, "random_weight": 0.38705233248091264, "id": 3}, {"weight": 2, "random_weight": 0.48009116683858766, "id": 38}, {"weight": 1, "random_weight": 0.522907597719408, "id": 43}], [{"weight": 1, "random_weight": 0.4160045060612074, "id": 3}, {"weight": 1, "random_weight": 0.982479879947033, "id": 34}, {"weight": 2, "random_weight": 0.8243320411290678, "id": 35}, {"weight": 2, "random_weight": 0.5352401748053609, "id": 38}], [{"weight": 1, "random_weight": 0.8554914167629725, "id": 1}, {"weight": 1, "random_weight": 0.6820896639978142, "id": 9}, {"weight": 3, "random_weight": 0.8536672305989156, "id": 19}, {"weight": 3, "random_weight": 0.5278944215944605, "id": 25}], [{"weight": 1, "random_weight": 0.08193289160950723, "id": 18}, {"weight": 1, "random_weight": 0.48877380963963457, "id": 30}, {"weight": 1, "random_weight": 0.44913270914544623, "id": 31}, {"weight": 1, "random_weight": 0.40674998302975873, "id": 42}], [{"weight": 1, "random_weight": 0.08193289160950723, "id": 17}, {"weight": 1, "random_weight": 0.9503961116249164, "id": 20}, {"weight": 3, "random_weight": 0.2611866261893342, "id": 30}], [{"weight": 1, "random_weight": 0.6313792587125532, "id": 1}, {"weight": 1, "random_weight": 0.8628750554632709, "id": 8}, {"weight": 3, "random_weight": 0.8536672305989156, "id": 16}, {"weight": 2, "random_weight": 0.8034234070718975, "id": 24}, {"weight": 1, "random_weight": 0.8347743572541857, "id": 28}], [{"weight": 2, "random_weight": 0.8905031148673818, "id": 0}, {"weight": 3, "random_weight": 0.5042942513291144, "id": 5}, {"weight": 1, "random_weight": 0.9503961116249164, "id": 18}], [{"weight": 2, "random_weight": 0.6240610755588364, "id": 6}, {"weight": 2, "random_weight": 0.6755269488411696, "id": 7}, {"weight": 2, "random_weight": 0.8216934607735015, "id": 8}, {"weight": 2, "random_weight": 0.16409346768291222, "id": 24}], [{"weight": 1, "random_weight": 0.8715020027640005, "id": 23}, {"weight": 1, "random_weight": 0.35851333245097905, "id": 36}, {"weight": 1, "random_weight": 0.4059439834070364, "id": 40}, {"weight": 1, "random_weight": 0.49211379328263083, "id": 41}, {"weight": 2, "random_weight": 0.5646684752300305, "id": 42}, {"weight": 1, "random_weight": 0.24518082014507958, "id": 44}], [{"weight": 1, "random_weight": 0.8715020027640005, "id": 22}, {"weight": 3, "random_weight": 0.7077555483923638, "id": 36}, {"weight": 1, "random_weight": 0.7213877604627376, "id": 37}], [{"weight": 1, "random_weight": 0.6332375427126167, "id": 7}, {"weight": 1, "random_weight": 0.9131152087877308, "id": 8}, {"weight": 2, "random_weight": 0.8034234070718975, "id": 19}, {"weight": 2, "random_weight": 0.16409346768291222, "id": 21}, {"weight": 1, "random_weight": 0.8065115591580856, "id": 28}, {"weight": 1, "random_weight": 0.761570431589078, "id": 34}], [{"weight": 1, "random_weight": 0.9509942812472355, "id": 0}, {"weight": 2, "random_weight": 0.7758308912161637, "id": 4}, {"weight": 1, "random_weight": 0.7432924971665851, "id": 5}, {"weight": 1, "random_weight": 0.9139560807504337, "id": 9}, {"weight": 3, "random_weight": 0.5278944215944605, "id": 16}], [{"weight": 1, "random_weight": 0.43324724929625935, "id": 13}, {"weight": 1, "random_weight": 0.2629034515449522, "id": 27}, {"weight": 2, "random_weight": 0.4862327294109825, "id": 29}, {"weight": 2, "random_weight": 0.7170583323205063, "id": 33}], [{"weight": 1, "random_weight": 0.2629034515449522, "id": 26}, {"weight": 2, "random_weight": 0.18447669514959242, "id": 32}, {"weight": 1, "random_weight": 0.624160228041363, "id": 33}, {"weight": 1, "random_weight": 0.08478945759027812, "id": 43}], [{"weight": 1, "random_weight": 0.17104439540247773, "id": 9}, {"weight": 2, "random_weight": 0.7406159123836535, "id": 10}, {"weight": 1, "random_weight": 0.8347743572541857, "id": 19}, {"weight": 1, "random_weight": 0.8065115591580856, "id": 24}, {"weight": 1, "random_weight": 0.746624106731056, "id": 34}, {"weight": 2, "random_weight": 0.6292402832119182, "id": 35}], [{"weight": 2, "random_weight": 0.662620743107464, "id": 13}, {"weight": 2, "random_weight": 0.4862327294109825, "id": 26}, {"weight": 1, "random_weight": 0.6174075504214199, "id": 33}, {"weight": 1, "random_weight": 0.7805589208679423, "id": 44}, {"weight": 1, "random_weight": 0.6609252699327884, "id": 46}, {"weight": 1, "random_weight": 0.06214430482225297, "id": 47}], [{"weight": 1, "random_weight": 0.9486480859382015, "id": 5}, {"weight": 1, "random_weight": 0.48877380963963457, "id": 17}, {"weight": 3, "random_weight": 0.2611866261893342, "id": 18}, {"weight": 2, "random_weight": 0.48508852666127056, "id": 31}, {"weight": 1, "random_weight": 0.5998332316371147, "id": 45}], [{"weight": 1, "random_weight": 0.44913270914544623, "id": 17}, {"weight": 2, "random_weight": 0.48508852666127056, "id": 30}, {"weight": 2, "random_weight": 0.7880239825359573, "id": 41}, {"weight": 2, "random_weight": 0.022173176250452675, "id": 42}, {"weight": 1, "random_weight": 0.7659459106562231, "id": 45}], [{"weight": 2, "random_weight": 0.18447669514959242, "id": 27}, {"weight": 1, "random_weight": 0.3549010610240858, "id": 33}, {"weight": 3, "random_weight": 0.22652425327094616, "id": 39}, {"weight": 2, "random_weight": 0.6636031190396847, "id": 43}], [{"weight": 2, "random_weight": 0.7170583323205063, "id": 26}, {"weight": 1, "random_weight": 0.624160228041363, "id": 27}, {"weight": 1, "random_weight": 0.6174075504214199, "id": 29}, {"weight": 1, "random_weight": 0.3549010610240858, "id": 32}, {"weight": 1, "random_weight": 0.3823758522683305, "id": 39}, {"weight": 2, "random_weight": 0.805639541651259, "id": 47}], [{"weight": 1, "random_weight": 0.3986609774208488, "id": 7}, {"weight": 1, "random_weight": 0.982479879947033, "id": 15}, {"weight": 1, "random_weight": 0.761570431589078, "id": 24}, {"weight": 1, "random_weight": 0.746624106731056, "id": 28}, {"weight": 2, "random_weight": 0.6697586461739775, "id": 35}], [{"weight": 1, "random_weight": 0.9392375224712342, "id": 10}, {"weight": 2, "random_weight": 0.8243320411290678, "id": 15}, {"weight": 2, "random_weight": 0.6292402832119182, "id": 28}, {"weight": 2, "random_weight": 0.6697586461739775, "id": 34}, {"weight": 1, "random_weight": 0.1847682940767893, "id": 38}], [{"weight": 1, "random_weight": 0.35851333245097905, "id": 22}, {"weight": 3, "random_weight": 0.7077555483923638, "id": 23}, {"weight": 1, "random_weight": 0.7581066769252881, "id": 37}, {"weight": 3, "random_weight": 0.20927329609437406, "id": 44}], [{"weight": 3, "random_weight": 0.5785462234591537, "id": 12}, {"weight": 2, "random_weight": 0.48189917432472684, "id": 13}, {"weight": 1, "random_weight": 0.7213877604627376, "id": 23}, {"weight": 1, "random_weight": 0.7581066769252881, "id": 36}], [{"weight": 1, "random_weight": 0.6357351511752671, "id": 10}, {"weight": 2, "random_weight": 0.48009116683858766, "id": 14}, {"weight": 2, "random_weight": 0.5352401748053609, "id": 15}, {"weight": 1, "random_weight": 0.1847682940767893, "id": 35}, {"weight": 1, "random_weight": 0.512775125686263, "id": 39}, {"weight": 1, "random_weight": 0.39398935387962086, "id": 43}], [{"weight": 1, "random_weight": 0.7461355716338995, "id": 10}, {"weight": 1, "random_weight": 0.19532318653975267, "id": 11}, {"weight": 3, "random_weight": 0.22652425327094616, "id": 32}, {"weight": 1, "random_weight": 0.3823758522683305, "id": 33}, {"weight": 1, "random_weight": 0.512775125686263, "id": 38}, {"weight": 1, "random_weight": 0.9659190746542854, "id": 47}], [{"weight": 2, "random_weight": 0.8094185945906837, "id": 4}, {"weight": 1, "random_weight": 0.4059439834070364, "id": 22}, {"weight": 2, "random_weight": 0.8497771539725149, "id": 41}, {"weight": 1, "random_weight": 0.6321149866963516, "id": 45}, {"weight": 2, "random_weight": 0.009168318701434197, "id": 46}], [{"weight": 1, "random_weight": 0.49211379328263083, "id": 22}, {"weight": 2, "random_weight": 0.7880239825359573, "id": 31}, {"weight": 2, "random_weight": 0.8497771539725149, "id": 40}, {"weight": 1, "random_weight": 0.7717247602790694, "id": 42}, {"weight": 2, "random_weight": 0.9041340847230831, "id": 45}], [{"weight": 1, "random_weight": 0.40674998302975873, "id": 17}, {"weight": 2, "random_weight": 0.5646684752300305, "id": 22}, {"weight": 2, "random_weight": 0.022173176250452675, "id": 31}, {"weight": 1, "random_weight": 0.7717247602790694, "id": 41}], [{"weight": 2, "random_weight": 0.8056279550731714, "id": 2}, {"weight": 1, "random_weight": 0.522907597719408, "id": 14}, {"weight": 1, "random_weight": 0.08478945759027812, "id": 27}, {"weight": 2, "random_weight": 0.6636031190396847, "id": 32}, {"weight": 1, "random_weight": 0.39398935387962086, "id": 38}], [{"weight": 1, "random_weight": 0.9687109948838002, "id": 13}, {"weight": 1, "random_weight": 0.24518082014507958, "id": 22}, {"weight": 1, "random_weight": 0.7805589208679423, "id": 29}, {"weight": 3, "random_weight": 0.20927329609437406, "id": 36}, {"weight": 2, "random_weight": 0.06335514575903733, "id": 46}], [{"weight": 1, "random_weight": 0.2755063242384138, "id": 4}, {"weight": 2, "random_weight": 0.27077209545105263, "id": 5}, {"weight": 1, "random_weight": 0.5998332316371147, "id": 30}, {"weight": 1, "random_weight": 0.7659459106562231, "id": 31}, {"weight": 1, "random_weight": 0.6321149866963516, "id": 40}, {"weight": 2, "random_weight": 0.9041340847230831, "id": 41}], [{"weight": 1, "random_weight": 0.029822010166577928, "id": 11}, {"weight": 1, "random_weight": 0.6609252699327884, "id": 29}, {"weight": 2, "random_weight": 0.009168318701434197, "id": 40}, {"weight": 2, "random_weight": 0.06335514575903733, "id": 44}, {"weight": 2, "random_weight": 0.4746605108969796, "id": 47}], [{"weight": 2, "random_weight": 0.7139823063907899, "id": 11}, {"weight": 1, "random_weight": 0.06214430482225297, "id": 29}, {"weight": 2, "random_weight": 0.805639541651259, "id": 33}, {"weight": 1, "random_weight": 0.9659190746542854, "id": 39}, {"weight": 2, "random_weight": 0.4746605108969796, "id": 46}]]}