{"directed": false, "multigraph": false, "graph": [], "nodes": [{"graph": null, "nnodes": 2, "nedges": 1, "density": 1.0, "atomics": "[80, 81]", "group_pop": 2, "init_part_assignment": 8, "id": 0}, {"graph": null, "nnodes": 2, "nedges": 1, "density": 1.0, "atomics": "[68, 69]", "group_pop": 2, "init_part_assignment": 8, "id": 1}, {"graph": null, "nnodes": 2, "nedges": 1, "density": 1.0, "atomics": "[82, 70]", "group_pop": 2, "init_part_assignment": 4, "id": 2}, {"graph": null, "nnodes": 2, "nedges": 1, "density": 1.0, "atomics": "[74, 86]", "group_pop": 2, "init_part_assignment": 10, "id": 3}, {"graph": null, "nnodes": 2, "nedges": 1, "density": 1.0, "atomics": "[75, 63]", "group_pop": 2, "init_part_assignment": 10, "id": 4}, {"graph": null, "nnodes": 2, "nedges": 1, "density": 1.0, "atomics": "[42, 54]", "group_pop": 2, "init_part_assignment": 2, "id": 5}, {"graph": null, "nnodes": 2, "nedges": 1, "density": 1.0, "atomics": "[43, 44]", "group_pop": 2, "init_part_assignment": 3, "id": 6}, {"graph": null, "nnodes": 2, "nedges": 1, "density": 1.0, "atomics": "[73, 61]", "group_pop": 2, "init_part_assignment": 11, "id": 7}, {"graph": null, "nnodes": 2, "nedges": 1, "density": 1.0, "atomics": "[50, 62]", "group_pop": 2, "init_part_assignment": 10, "id": 8}, {"graph": null, "nnodes": 2, "nedges": 1, "density": 1.0, "atomics": "[32, 33]", "group_pop": 2, "init_part_assignment": 0, "id": 9}, {"graph": null, "nnodes": 2, "nedges": 1, "density": 1.0, "atomics": "[20, 21]", "group_pop": 2, "init_part_assignment": 0, "id": 10}, {"graph": null, "nnodes": 2, "nedges": 1, "density": 1.0, "atomics": "[142, 143]", "group_pop": 2, "init_part_assignment": 4, "id": 11}, {"graph": null, "nnodes": 2, "nedges": 1, "density": 1.0, "atomics": "[41, 29]", "group_pop": 2, "init_part_assignment": 2, "id": 12}, {"graph": null, "nnodes": 2, "nedges": 1, "density": 1.0, "atomics": "[8, 9]", "group_pop": 2, "init_part_assignment": 0, "id": 13}, {"graph": null, "nnodes": 2, "nedges": 1, "density": 1.0, "atomics": "[34, 35]", "group_pop": 2, "init_part_assignment": 0, "id": 14}, {"graph": null, "nnodes": 2, "nedges": 1, "density": 1.0, "atomics": "[11, 23]", "group_pop": 2, "init_part_assignment": 0, "id": 15}, {"graph": null, "nnodes": 2, "nedges": 1, "density": 1.0, "atomics": "[48, 49]", "group_pop": 2, "init_part_assignment": 11, "id": 16}, {"graph": null, "nnodes": 2, "nedges": 1, "density": 1.0, "atomics": "[25, 37]", "group_pop": 2, "init_part_assignment": 6, "id": 17}, {"graph": null, "nnodes": 2, "nedges": 1, "density": 1.0, "atomics": "[120, 108]", "group_pop": 2, "init_part_assignment": 5, "id": 18}, {"graph": null, "nnodes": 2, "nedges": 1, "density": 1.0, "atomics": "[132, 133]", "group_pop": 2, "init_part_assignment": 5, "id": 19}, {"graph": null, "nnodes": 2, "nedges": 1, "density": 1.0, "atomics": "[24, 36]", "group_pop": 2, "init_part_assignment": 11, "id": 20}, {"graph": null, "nnodes": 2, "nedges": 1, "density": 1.0, "atomics": "[130, 118]", "group_pop": 2, "init_part_assignment": 4, "id": 21}, {"graph": null, "nnodes": 2, "nedges": 1, "density": 1.0, "atomics": "[131, 119]", "group_pop": 2, "init_part_assignment": 4, "id": 22}, {"graph": null, "nnodes": 2, "nedges": 1, "density": 1.0, "atomics": "[18, 19]", "group_pop": 2, "init_part_assignment": 1, "id": 23}, {"graph": null, "nnodes": 2, "nedges": 1, "density": 1.0, "atomics": "[30, 31]", "group_pop": 2, "init_part_assignment": 2, "id": 24}, {"graph": null, "nnodes": 2, "nedges": 1, "density": 1.0, "atomics": "[83, 71]", "group_pop": 2, "init_part_assignment": 3, "id": 25}, {"graph": null, "nnodes": 2, "nedges": 1, "density": 1.0, "atomics": "[122, 123]", "group_pop": 2, "init_part_assignment": 5, "id": 26}, {"graph": null, "nnodes": 2, "nedges": 1, "density": 1.0, "atomics": "[134, 135]", "group_pop": 2, "init_part_assignment": 5, "id": 27}, {"graph": null, "nnodes": 2, "nedges": 1, "density": 1.0, "atomics": "[10, 22]", "group_pop": 2, "init_part_assignment": 0, "id": 28}, {"graph": null, "nnodes": 2, "nedges": 1, "density": 1.0, "atomics": "[96, 97]", "group_pop": 2, "init_part_assignment": 11, "id": 29}, {"graph": null, "nnodes": 2, "nedges": 1, "density": 1.0, "atomics": "[129, 141]", "group_pop": 2, "init_part_assignment": 7, "id": 30}, {"graph": null, "nnodes": 2, "nedges": 1, "density": 1.0, "atomics": "[116, 117]", "group_pop": 2, "init_part_assignment": 7, "id": 31}, {"graph": null, "nnodes": 2, "nedges": 1, "density": 1.0, "atomics": "[1, 13]", "group_pop": 2, "init_part_assignment": 6, "id": 32}, {"graph": null, "nnodes": 2, "nedges": 1, "density": 1.0, "atomics": "[66, 67]", "group_pop": 2, "init_part_assignment": 2, "id": 33}, {"graph": null, "nnodes": 2, "nedges": 1, "density": 1.0, "atomics": "[78, 79]", "group_pop": 2, "init_part_assignment": 8, "id": 34}, {"graph": null, "nnodes": 2, "nedges": 1, "density": 1.0, "atomics": "[57, 45]", "group_pop": 2, "init_part_assignment": 3, "id": 35}, {"graph": null, "nnodes": 2, "nedges": 1, "density": 1.0, "atomics": "[58, 59]", "group_pop": 2, "init_part_assignment": 3, "id": 36}, {"graph": null, "nnodes": 2, "nedges": 1, "density": 1.0, "atomics": "[72, 60]", "group_pop": 2, "init_part_assignment": 11, "id": 37}, {"graph": null, "nnodes": 2, "nedges": 1, "density": 1.0, "atomics": "[136, 137]", "group_pop": 2, "init_part_assignment": 5, "id": 38}, {"graph": null, "nnodes": 2, "nedges": 1, "density": 1.0, "atomics": "[124, 125]", "group_pop": 2, "init_part_assignment": 5, "id": 39}, {"graph": null, "nnodes": 2, "nedges": 1, "density": 1.0, "atomics": "[6, 7]", "group_pop": 2, "init_part_assignment": 1, "id": 40}, {"graph": null, "nnodes": 2, "nedges": 1, "density": 1.0, "atomics": "[40, 28]", "group_pop": 2, "init_part_assignment": 1, "id": 41}, {"graph": null, "nnodes": 2, "nedges": 1, "density": 1.0, "atomics": "[0, 12]", "group_pop": 2, "init_part_assignment": 6, "id": 42}, {"graph": null, "nnodes": 2, "nedges": 1, "density": 1.0, "atomics": "[128, 127]", "group_pop": 2, "init_part_assignment": 7, "id": 43}, {"graph": null, "nnodes": 2, "nedges": 1, "density": 1.0, "atomics": "[121, 109]", "group_pop": 2, "init_part_assignment": 10, "id": 44}, {"graph": null, "nnodes": 2, "nedges": 1, "density": 1.0, "atomics": "[112, 113]", "group_pop": 2, "init_part_assignment": 9, "id": 45}, {"graph": null, "nnodes": 2, "nedges": 1, "density": 1.0, "atomics": "[2, 3]", "group_pop": 2, "init_part_assignment": 1, "id": 46}, {"graph": null, "nnodes": 2, "nedges": 1, "density": 1.0, "atomics": "[16, 17]", "group_pop": 2, "init_part_assignment": 1, "id": 47}, {"graph": null, "nnodes": 2, "nedges": 1, "density": 1.0, "atomics": "[4, 5]", "group_pop": 2, "init_part_assignment": 1, "id": 48}, {"graph": null, "nnodes": 2, "nedges": 1, "density": 1.0, "atomics": "[139, 140]", "group_pop": 2, "init_part_assignment": 7, "id": 49}, {"graph": null, "nnodes": 2, "nedges": 1, "density": 1.0, "atomics": "[27, 15]", "group_pop": 2, "init_part_assignment": 6, "id": 50}, {"graph": null, "nnodes": 2, "nedges": 1, "density": 1.0, "atomics": "[98, 110]", "group_pop": 2, "init_part_assignment": 10, "id": 51}, {"graph": null, "nnodes": 2, "nedges": 1, "density": 1.0, "atomics": "[99, 111]", "group_pop": 2, "init_part_assignment": 9, "id": 52}, {"graph": null, "nnodes": 2, "nedges": 1, "density": 1.0, "atomics": "[84, 85]", "group_pop": 2, "init_part_assignment": 11, "id": 53}, {"graph": null, "nnodes": 2, "nedges": 1, "density": 1.0, "atomics": "[46, 47]", "group_pop": 2, "init_part_assignment": 3, "id": 54}, {"graph": null, "nnodes": 2, "nedges": 1, "density": 1.0, "atomics": "[100, 101]", "group_pop": 2, "init_part_assignment": 9, "id": 55}, {"graph": null, "nnodes": 2, "nedges": 1, "density": 1.0, "atomics": "[64, 76]", "group_pop": 2, "init_part_assignment": 2, "id": 56}, {"graph": null, "nnodes": 2, "nedges": 1, "density": 1.0, "atomics": "[106, 94]", "group_pop": 2, "init_part_assignment": 4, "id": 57}, {"graph": null, "nnodes": 2, "nedges": 1, "density": 1.0, "atomics": "[107, 95]", "group_pop": 2, "init_part_assignment": 3, "id": 58}, {"graph": null, "nnodes": 2, "nedges": 1, "density": 1.0, "atomics": "[56, 55]", "group_pop": 2, "init_part_assignment": 8, "id": 59}, {"graph": null, "nnodes": 2, "nedges": 1, "density": 1.0, "atomics": "[115, 103]", "group_pop": 2, "init_part_assignment": 7, "id": 60}, {"graph": null, "nnodes": 2, "nedges": 1, "density": 1.0, "atomics": "[138, 126]", "group_pop": 2, "init_part_assignment": 7, "id": 61}, {"graph": null, "nnodes": 2, "nedges": 1, "density": 1.0, "atomics": "[38, 39]", "group_pop": 2, "init_part_assignment": 6, "id": 62}, {"graph": null, "nnodes": 2, "nedges": 1, "density": 1.0, "atomics": "[114, 102]", "group_pop": 2, "init_part_assignment": 9, "id": 63}, {"graph": null, "nnodes": 2, "nedges": 1, "density": 1.0, "atomics": "[105, 93]", "group_pop": 2, "init_part_assignment": 4, "id": 64}, {"graph": null, "nnodes": 2, "nedges": 1, "density": 1.0, "atomics": "[26, 14]", "group_pop": 2, "init_part_assignment": 6, "id": 65}, {"graph": null, "nnodes": 2, "nedges": 1, "density": 1.0, "atomics": "[88, 87]", "group_pop": 2, "init_part_assignment": 9, "id": 66}, {"graph": null, "nnodes": 2, "nedges": 1, "density": 1.0, "atomics": "[51, 52]", "group_pop": 2, "init_part_assignment": 10, "id": 67}, {"graph": null, "nnodes": 2, "nedges": 1, "density": 1.0, "atomics": "[104, 92]", "group_pop": 2, "init_part_assignment": 8, "id": 68}, {"graph": null, "nnodes": 2, "nedges": 1, "density": 1.0, "atomics": "[65, 53]", "group_pop": 2, "init_part_assignment": 2, "id": 69}, {"graph": null, "nnodes": 2, "nedges": 1, "density": 1.0, "atomics": "[89, 77]", "group_pop": 2, "init_part_assignment": 9, "id": 70}, {"graph": null, "nnodes": 2, "nedges": 1, "density": 1.0, "atomics": "[90, 91]", "group_pop": 2, "init_part_assignment": 8, "id": 71}], "adjacency": [[{"weight": 2, "random_weight": 0.5159861575096271, "id": 1}, {"weight": 1, "random_weight": 0.5086750685544947, "id": 2}, {"weight": 1, "random_weight": 0.09828285225857103, "id": 34}, {"weight": 1, "random_weight": 0.5201176079068157, "id": 64}, {"weight": 1, "random_weight": 0.5553611874610165, "id": 68}], [{"weight": 2, "random_weight": 0.5159861575096271, "id": 0}, {"weight": 1, "random_weight": 0.7045134611353082, "id": 2}, {"weight": 1, "random_weight": 0.4155721013001846, "id": 33}, {"weight": 1, "random_weight": 0.6274001984604759, "id": 35}, {"weight": 1, "random_weight": 0.5798104066713792, "id": 59}], [{"weight": 1, "random_weight": 0.5086750685544947, "id": 0}, {"weight": 1, "random_weight": 0.7045134611353082, "id": 1}, {"weight": 2, "random_weight": 0.5128508173477134, "id": 25}, {"weight": 1, "random_weight": 0.29283061211861583, "id": 36}, {"weight": 1, "random_weight": 0.07744592116988613, "id": 57}], [{"weight": 1, "random_weight": 0.9643426242932147, "id": 4}, {"weight": 1, "random_weight": 0.08748744024786026, "id": 7}, {"weight": 1, "random_weight": 0.20118132441152003, "id": 8}, {"weight": 1, "random_weight": 0.6920518278764969, "id": 51}, {"weight": 1, "random_weight": 0.6560303062967304, "id": 53}, {"weight": 1, "random_weight": 0.7196365558214677, "id": 66}], [{"weight": 1, "random_weight": 0.9643426242932147, "id": 3}, {"weight": 1, "random_weight": 0.962399178143037, "id": 8}, {"weight": 2, "random_weight": 0.6135517330559049, "id": 56}, {"weight": 1, "random_weight": 0.8027425901719425, "id": 66}, {"weight": 1, "random_weight": 0.48877116963742784, "id": 67}], [{"weight": 1, "random_weight": 0.9871608910007584, "id": 6}, {"weight": 1, "random_weight": 0.008581268788658392, "id": 12}, {"weight": 1, "random_weight": 0.13483480458898833, "id": 24}, {"weight": 1, "random_weight": 0.6079006870740389, "id": 33}, {"weight": 1, "random_weight": 0.6504845694411765, "id": 59}, {"weight": 1, "random_weight": 0.8363380960444913, "id": 69}], [{"weight": 1, "random_weight": 0.9871608910007584, "id": 5}, {"weight": 1, "random_weight": 0.8440671421230037, "id": 9}, {"weight": 1, "random_weight": 0.7124963226907304, "id": 24}, {"weight": 1, "random_weight": 0.8566944405241712, "id": 35}, {"weight": 2, "random_weight": 0.9777406006751512, "id": 59}], [{"weight": 1, "random_weight": 0.08748744024786026, "id": 3}, {"weight": 1, "random_weight": 0.5455993797657077, "id": 8}, {"weight": 1, "random_weight": 0.5887981507209635, "id": 16}, {"weight": 2, "random_weight": 0.9165552338152364, "id": 37}, {"weight": 1, "random_weight": 0.638373612716673, "id": 53}], [{"weight": 1, "random_weight": 0.20118132441152003, "id": 3}, {"weight": 1, "random_weight": 0.962399178143037, "id": 4}, {"weight": 1, "random_weight": 0.5455993797657077, "id": 7}, {"weight": 1, "random_weight": 0.6187174354132794, "id": 16}, {"weight": 1, "random_weight": 0.1809701041721271, "id": 62}, {"weight": 1, "random_weight": 0.7743276912430204, "id": 67}], [{"weight": 1, "random_weight": 0.8440671421230037, "id": 6}, {"weight": 2, "random_weight": 0.6130700047894423, "id": 10}, {"weight": 1, "random_weight": 0.10673603657003061, "id": 14}, {"weight": 1, "random_weight": 0.7185664643905488, "id": 24}, {"weight": 1, "random_weight": 0.9659169649339429, "id": 35}], [{"weight": 2, "random_weight": 0.6130700047894423, "id": 9}, {"weight": 2, "random_weight": 0.7107732345690556, "id": 13}, {"weight": 1, "random_weight": 0.6544061153693476, "id": 23}, {"weight": 1, "random_weight": 0.6874928684135495, "id": 28}], [{"weight": 1, "random_weight": 0.43884745142482784, "id": 21}, {"weight": 1, "random_weight": 0.7042279055231675, "id": 22}, {"weight": 1, "random_weight": 0.9242791815587956, "id": 30}], [{"weight": 1, "random_weight": 0.008581268788658392, "id": 5}, {"weight": 1, "random_weight": 0.8942285561724308, "id": 24}, {"weight": 2, "random_weight": 0.7697503171282926, "id": 41}, {"weight": 1, "random_weight": 0.7975782090818853, "id": 47}, {"weight": 1, "random_weight": 0.9742398697564603, "id": 69}], [{"weight": 2, "random_weight": 0.7107732345690556, "id": 10}, {"weight": 1, "random_weight": 0.5788622083242055, "id": 28}, {"weight": 1, "random_weight": 0.18477161532772757, "id": 40}], [{"weight": 1, "random_weight": 0.10673603657003061, "id": 9}, {"weight": 1, "random_weight": 0.8491450250556579, "id": 15}, {"weight": 1, "random_weight": 0.49115210866586, "id": 28}, {"weight": 2, "random_weight": 0.6051907996838627, "id": 54}], [{"weight": 1, "random_weight": 0.8491450250556579, "id": 14}, {"weight": 2, "random_weight": 0.9480560031581495, "id": 28}], [{"weight": 1, "random_weight": 0.5887981507209635, "id": 7}, {"weight": 1, "random_weight": 0.6187174354132794, "id": 8}, {"weight": 1, "random_weight": 0.5126267408347195, "id": 17}, {"weight": 1, "random_weight": 0.2690944966329678, "id": 20}, {"weight": 1, "random_weight": 0.7614461095685845, "id": 37}], [{"weight": 1, "random_weight": 0.5126267408347195, "id": 16}, {"weight": 2, "random_weight": 0.5086065211145617, "id": 20}, {"weight": 1, "random_weight": 0.42956018160421805, "id": 32}, {"weight": 1, "random_weight": 0.6621369592381038, "id": 62}, {"weight": 1, "random_weight": 0.8673599503175033, "id": 65}], [{"weight": 1, "random_weight": 0.024963133180100683, "id": 19}, {"weight": 1, "random_weight": 0.5482259332067537, "id": 29}, {"weight": 2, "random_weight": 0.3486836879725741, "id": 44}], [{"weight": 1, "random_weight": 0.024963133180100683, "id": 18}, {"weight": 1, "random_weight": 0.15157072170683594, "id": 27}, {"weight": 1, "random_weight": 0.14406670820530554, "id": 44}], [{"weight": 1, "random_weight": 0.2690944966329678, "id": 16}, {"weight": 2, "random_weight": 0.5086065211145617, "id": 17}, {"weight": 1, "random_weight": 0.5472512649941567, "id": 42}], [{"weight": 1, "random_weight": 0.43884745142482784, "id": 11}, {"weight": 2, "random_weight": 0.6328242191668888, "id": 22}, {"weight": 1, "random_weight": 0.7178534076974351, "id": 30}, {"weight": 1, "random_weight": 0.44746262479115717, "id": 31}, {"weight": 1, "random_weight": 0.08194114445670386, "id": 57}], [{"weight": 1, "random_weight": 0.7042279055231675, "id": 11}, {"weight": 2, "random_weight": 0.6328242191668888, "id": 21}, {"weight": 1, "random_weight": 0.700775731732544, "id": 58}], [{"weight": 1, "random_weight": 0.6544061153693476, "id": 10}, {"weight": 2, "random_weight": 0.753204085343745, "id": 24}, {"weight": 2, "random_weight": 0.8008280810257391, "id": 40}, {"weight": 1, "random_weight": 0.11437279352717411, "id": 47}], [{"weight": 1, "random_weight": 0.13483480458898833, "id": 5}, {"weight": 1, "random_weight": 0.7124963226907304, "id": 6}, {"weight": 1, "random_weight": 0.7185664643905488, "id": 9}, {"weight": 1, "random_weight": 0.8942285561724308, "id": 12}, {"weight": 2, "random_weight": 0.753204085343745, "id": 23}], [{"weight": 2, "random_weight": 0.5128508173477134, "id": 2}, {"weight": 1, "random_weight": 0.35342014140845135, "id": 36}, {"weight": 1, "random_weight": 0.41055153043219506, "id": 58}], [{"weight": 2, "random_weight": 0.8453387389078865, "id": 27}, {"weight": 1, "random_weight": 0.025354398873491224, "id": 39}, {"weight": 1, "random_weight": 0.451760017080441, "id": 44}, {"weight": 1, "random_weight": 0.9760762056626247, "id": 51}, {"weight": 1, "random_weight": 0.6285242098443932, "id": 52}], [{"weight": 1, "random_weight": 0.15157072170683594, "id": 19}, {"weight": 2, "random_weight": 0.8453387389078865, "id": 26}, {"weight": 1, "random_weight": 0.22317461580163023, "id": 38}], [{"weight": 1, "random_weight": 0.6874928684135495, "id": 10}, {"weight": 1, "random_weight": 0.5788622083242055, "id": 13}, {"weight": 1, "random_weight": 0.49115210866586, "id": 14}, {"weight": 2, "random_weight": 0.9480560031581495, "id": 15}], [{"weight": 1, "random_weight": 0.5482259332067537, "id": 18}, {"weight": 1, "random_weight": 0.9938703796556209, "id": 44}, {"weight": 1, "random_weight": 0.973960642913773, "id": 51}, {"weight": 2, "random_weight": 0.05861172197249087, "id": 53}], [{"weight": 1, "random_weight": 0.9242791815587956, "id": 11}, {"weight": 1, "random_weight": 0.7178534076974351, "id": 21}, {"weight": 1, "random_weight": 0.030224936488300602, "id": 31}, {"weight": 1, "random_weight": 0.21067857712250493, "id": 43}, {"weight": 1, "random_weight": 0.4960300032713565, "id": 49}], [{"weight": 1, "random_weight": 0.44746262479115717, "id": 21}, {"weight": 1, "random_weight": 0.030224936488300602, "id": 30}, {"weight": 1, "random_weight": 0.6521981403541097, "id": 43}, {"weight": 1, "random_weight": 0.2721520755669926, "id": 60}, {"weight": 1, "random_weight": 0.6635008986971784, "id": 64}, {"weight": 1, "random_weight": 0.2980294646479891, "id": 68}], [{"weight": 1, "random_weight": 0.42956018160421805, "id": 17}, {"weight": 2, "random_weight": 0.3482525379996809, "id": 42}, {"weight": 1, "random_weight": 0.5404524738919522, "id": 46}, {"weight": 1, "random_weight": 0.10776784635404024, "id": 65}], [{"weight": 1, "random_weight": 0.4155721013001846, "id": 1}, {"weight": 1, "random_weight": 0.6079006870740389, "id": 5}, {"weight": 2, "random_weight": 0.5482621246481331, "id": 34}, {"weight": 1, "random_weight": 0.7300932144804725, "id": 59}, {"weight": 1, "random_weight": 0.2800333691591991, "id": 69}], [{"weight": 1, "random_weight": 0.09828285225857103, "id": 0}, {"weight": 2, "random_weight": 0.5482621246481331, "id": 33}, {"weight": 1, "random_weight": 0.5011891874564586, "id": 70}, {"weight": 2, "random_weight": 0.9482775573082912, "id": 71}], [{"weight": 1, "random_weight": 0.6274001984604759, "id": 1}, {"weight": 1, "random_weight": 0.8566944405241712, "id": 6}, {"weight": 1, "random_weight": 0.9659169649339429, "id": 9}, {"weight": 1, "random_weight": 0.3012076131930739, "id": 36}, {"weight": 1, "random_weight": 0.7706472937235535, "id": 54}, {"weight": 1, "random_weight": 0.5600880971882897, "id": 59}], [{"weight": 1, "random_weight": 0.29283061211861583, "id": 2}, {"weight": 1, "random_weight": 0.35342014140845135, "id": 25}, {"weight": 1, "random_weight": 0.3012076131930739, "id": 35}, {"weight": 2, "random_weight": 0.775327021502738, "id": 54}], [{"weight": 2, "random_weight": 0.9165552338152364, "id": 7}, {"weight": 1, "random_weight": 0.7614461095685845, "id": 16}, {"weight": 1, "random_weight": 0.5570431147425942, "id": 53}], [{"weight": 1, "random_weight": 0.22317461580163023, "id": 27}, {"weight": 2, "random_weight": 0.16888361214182535, "id": 39}, {"weight": 1, "random_weight": 0.9648760722358088, "id": 61}], [{"weight": 1, "random_weight": 0.025354398873491224, "id": 26}, {"weight": 2, "random_weight": 0.16888361214182535, "id": 38}, {"weight": 2, "random_weight": 0.629297948732367, "id": 45}, {"weight": 1, "random_weight": 0.8190101560440719, "id": 61}], [{"weight": 1, "random_weight": 0.18477161532772757, "id": 13}, {"weight": 2, "random_weight": 0.8008280810257391, "id": 23}, {"weight": 1, "random_weight": 0.26964778070815476, "id": 48}], [{"weight": 2, "random_weight": 0.7697503171282926, "id": 12}, {"weight": 1, "random_weight": 0.09374791444927222, "id": 47}, {"weight": 1, "random_weight": 0.14227431366399046, "id": 50}, {"weight": 1, "random_weight": 0.5594029059783018, "id": 62}, {"weight": 1, "random_weight": 0.49582054735711645, "id": 67}], [{"weight": 1, "random_weight": 0.5472512649941567, "id": 20}, {"weight": 2, "random_weight": 0.3482525379996809, "id": 32}], [{"weight": 1, "random_weight": 0.21067857712250493, "id": 30}, {"weight": 1, "random_weight": 0.6521981403541097, "id": 31}, {"weight": 2, "random_weight": 0.1257656308357311, "id": 49}, {"weight": 1, "random_weight": 0.02352276279152765, "id": 60}, {"weight": 1, "random_weight": 0.5157860575397419, "id": 61}], [{"weight": 2, "random_weight": 0.3486836879725741, "id": 18}, {"weight": 1, "random_weight": 0.14406670820530554, "id": 19}, {"weight": 1, "random_weight": 0.451760017080441, "id": 26}, {"weight": 1, "random_weight": 0.9938703796556209, "id": 29}, {"weight": 1, "random_weight": 0.6457134235317821, "id": 51}], [{"weight": 2, "random_weight": 0.629297948732367, "id": 39}, {"weight": 1, "random_weight": 0.15487348373074838, "id": 52}, {"weight": 2, "random_weight": 0.11235785516774077, "id": 55}, {"weight": 1, "random_weight": 0.7893050918089665, "id": 63}], [{"weight": 1, "random_weight": 0.5404524738919522, "id": 32}, {"weight": 1, "random_weight": 0.08962780005460236, "id": 48}, {"weight": 1, "random_weight": 0.9236479611886622, "id": 50}, {"weight": 1, "random_weight": 0.33488274475081947, "id": 65}], [{"weight": 1, "random_weight": 0.7975782090818853, "id": 12}, {"weight": 1, "random_weight": 0.11437279352717411, "id": 23}, {"weight": 1, "random_weight": 0.09374791444927222, "id": 41}, {"weight": 2, "random_weight": 0.035008744978916595, "id": 48}, {"weight": 1, "random_weight": 0.10494701143236385, "id": 50}], [{"weight": 1, "random_weight": 0.26964778070815476, "id": 40}, {"weight": 1, "random_weight": 0.08962780005460236, "id": 46}, {"weight": 2, "random_weight": 0.035008744978916595, "id": 47}], [{"weight": 1, "random_weight": 0.4960300032713565, "id": 30}, {"weight": 2, "random_weight": 0.1257656308357311, "id": 43}, {"weight": 1, "random_weight": 0.527632778174659, "id": 61}], [{"weight": 1, "random_weight": 0.14227431366399046, "id": 41}, {"weight": 1, "random_weight": 0.9236479611886622, "id": 46}, {"weight": 1, "random_weight": 0.10494701143236385, "id": 47}, {"weight": 1, "random_weight": 0.1782588855738766, "id": 62}, {"weight": 2, "random_weight": 0.7586201260485534, "id": 65}], [{"weight": 1, "random_weight": 0.6920518278764969, "id": 3}, {"weight": 1, "random_weight": 0.9760762056626247, "id": 26}, {"weight": 1, "random_weight": 0.973960642913773, "id": 29}, {"weight": 1, "random_weight": 0.6457134235317821, "id": 44}, {"weight": 2, "random_weight": 0.12670089401230444, "id": 52}], [{"weight": 1, "random_weight": 0.6285242098443932, "id": 26}, {"weight": 1, "random_weight": 0.15487348373074838, "id": 45}, {"weight": 2, "random_weight": 0.12670089401230444, "id": 51}, {"weight": 1, "random_weight": 0.7887771114546198, "id": 55}, {"weight": 1, "random_weight": 0.05016022108471119, "id": 66}], [{"weight": 1, "random_weight": 0.6560303062967304, "id": 3}, {"weight": 1, "random_weight": 0.638373612716673, "id": 7}, {"weight": 2, "random_weight": 0.05861172197249087, "id": 29}, {"weight": 1, "random_weight": 0.5570431147425942, "id": 37}], [{"weight": 2, "random_weight": 0.6051907996838627, "id": 14}, {"weight": 1, "random_weight": 0.7706472937235535, "id": 35}, {"weight": 2, "random_weight": 0.775327021502738, "id": 36}], [{"weight": 2, "random_weight": 0.11235785516774077, "id": 45}, {"weight": 1, "random_weight": 0.7887771114546198, "id": 52}, {"weight": 1, "random_weight": 0.922021215188097, "id": 63}, {"weight": 1, "random_weight": 0.00851204653530635, "id": 66}, {"weight": 1, "random_weight": 0.0653631930787828, "id": 70}], [{"weight": 2, "random_weight": 0.6135517330559049, "id": 4}, {"weight": 1, "random_weight": 0.8805560039609759, "id": 66}, {"weight": 1, "random_weight": 0.7951016988293103, "id": 67}, {"weight": 1, "random_weight": 0.24293258950315888, "id": 69}, {"weight": 1, "random_weight": 0.36057586046773604, "id": 70}], [{"weight": 1, "random_weight": 0.07744592116988613, "id": 2}, {"weight": 1, "random_weight": 0.08194114445670386, "id": 21}, {"weight": 2, "random_weight": 0.8667516051031572, "id": 58}, {"weight": 2, "random_weight": 0.051773820528479675, "id": 64}], [{"weight": 1, "random_weight": 0.700775731732544, "id": 22}, {"weight": 1, "random_weight": 0.41055153043219506, "id": 25}, {"weight": 2, "random_weight": 0.8667516051031572, "id": 57}], [{"weight": 1, "random_weight": 0.5798104066713792, "id": 1}, {"weight": 1, "random_weight": 0.6504845694411765, "id": 5}, {"weight": 2, "random_weight": 0.9777406006751512, "id": 6}, {"weight": 1, "random_weight": 0.7300932144804725, "id": 33}, {"weight": 1, "random_weight": 0.5600880971882897, "id": 35}], [{"weight": 1, "random_weight": 0.2721520755669926, "id": 31}, {"weight": 1, "random_weight": 0.02352276279152765, "id": 43}, {"weight": 2, "random_weight": 0.8059380198368339, "id": 63}, {"weight": 1, "random_weight": 0.8871026182525611, "id": 68}, {"weight": 1, "random_weight": 0.22485088168231915, "id": 71}], [{"weight": 1, "random_weight": 0.9648760722358088, "id": 38}, {"weight": 1, "random_weight": 0.8190101560440719, "id": 39}, {"weight": 1, "random_weight": 0.5157860575397419, "id": 43}, {"weight": 1, "random_weight": 0.527632778174659, "id": 49}, {"weight": 1, "random_weight": 0.7604349240426681, "id": 63}], [{"weight": 1, "random_weight": 0.1809701041721271, "id": 8}, {"weight": 1, "random_weight": 0.6621369592381038, "id": 17}, {"weight": 1, "random_weight": 0.5594029059783018, "id": 41}, {"weight": 1, "random_weight": 0.1782588855738766, "id": 50}, {"weight": 1, "random_weight": 0.07340278338145712, "id": 65}, {"weight": 1, "random_weight": 0.9707047366480626, "id": 67}], [{"weight": 1, "random_weight": 0.7893050918089665, "id": 45}, {"weight": 1, "random_weight": 0.922021215188097, "id": 55}, {"weight": 2, "random_weight": 0.8059380198368339, "id": 60}, {"weight": 1, "random_weight": 0.7604349240426681, "id": 61}, {"weight": 1, "random_weight": 0.8576401047424789, "id": 71}], [{"weight": 1, "random_weight": 0.5201176079068157, "id": 0}, {"weight": 1, "random_weight": 0.6635008986971784, "id": 31}, {"weight": 2, "random_weight": 0.051773820528479675, "id": 57}, {"weight": 2, "random_weight": 0.5956332371265589, "id": 68}], [{"weight": 1, "random_weight": 0.8673599503175033, "id": 17}, {"weight": 1, "random_weight": 0.10776784635404024, "id": 32}, {"weight": 1, "random_weight": 0.33488274475081947, "id": 46}, {"weight": 2, "random_weight": 0.7586201260485534, "id": 50}, {"weight": 1, "random_weight": 0.07340278338145712, "id": 62}], [{"weight": 1, "random_weight": 0.7196365558214677, "id": 3}, {"weight": 1, "random_weight": 0.8027425901719425, "id": 4}, {"weight": 1, "random_weight": 0.05016022108471119, "id": 52}, {"weight": 1, "random_weight": 0.00851204653530635, "id": 55}, {"weight": 1, "random_weight": 0.8805560039609759, "id": 56}, {"weight": 1, "random_weight": 0.4475169247839219, "id": 70}], [{"weight": 1, "random_weight": 0.48877116963742784, "id": 4}, {"weight": 1, "random_weight": 0.7743276912430204, "id": 8}, {"weight": 1, "random_weight": 0.49582054735711645, "id": 41}, {"weight": 1, "random_weight": 0.7951016988293103, "id": 56}, {"weight": 1, "random_weight": 0.9707047366480626, "id": 62}, {"weight": 1, "random_weight": 0.9524275838684924, "id": 69}], [{"weight": 1, "random_weight": 0.5553611874610165, "id": 0}, {"weight": 1, "random_weight": 0.2980294646479891, "id": 31}, {"weight": 1, "random_weight": 0.8871026182525611, "id": 60}, {"weight": 2, "random_weight": 0.5956332371265589, "id": 64}, {"weight": 1, "random_weight": 0.16749418684066164, "id": 71}], [{"weight": 1, "random_weight": 0.8363380960444913, "id": 5}, {"weight": 1, "random_weight": 0.9742398697564603, "id": 12}, {"weight": 1, "random_weight": 0.2800333691591991, "id": 33}, {"weight": 1, "random_weight": 0.24293258950315888, "id": 56}, {"weight": 1, "random_weight": 0.9524275838684924, "id": 67}, {"weight": 1, "random_weight": 0.38574700815450924, "id": 70}], [{"weight": 1, "random_weight": 0.5011891874564586, "id": 34}, {"weight": 1, "random_weight": 0.0653631930787828, "id": 55}, {"weight": 1, "random_weight": 0.36057586046773604, "id": 56}, {"weight": 1, "random_weight": 0.4475169247839219, "id": 66}, {"weight": 1, "random_weight": 0.38574700815450924, "id": 69}, {"weight": 1, "random_weight": 0.8528506273656828, "id": 71}], [{"weight": 2, "random_weight": 0.9482775573082912, "id": 34}, {"weight": 1, "random_weight": 0.22485088168231915, "id": 60}, {"weight": 1, "random_weight": 0.8576401047424789, "id": 63}, {"weight": 1, "random_weight": 0.16749418684066164, "id": 68}, {"weight": 1, "random_weight": 0.8528506273656828, "id": 70}]]}