{"directed": false, "multigraph": false, "graph": [], "nodes": [{"graph": null, "nnodes": 2, "nedges": 1, "density": 1.0, "atomics": "[80, 81]", "group_pop": 2, "init_part_assignment": 2, "id": 0}, {"graph": null, "nnodes": 2, "nedges": 1, "density": 1.0, "atomics": "[69, 70]", "group_pop": 2, "init_part_assignment": 2, "id": 1}, {"graph": null, "nnodes": 2, "nedges": 1, "density": 1.0, "atomics": "[82, 83]", "group_pop": 2, "init_part_assignment": 2, "id": 2}, {"graph": null, "nnodes": 2, "nedges": 1, "density": 1.0, "atomics": "[74, 86]", "group_pop": 2, "init_part_assignment": 5, "id": 3}, {"graph": null, "nnodes": 2, "nedges": 1, "density": 1.0, "atomics": "[75, 76]", "group_pop": 2, "init_part_assignment": 9, "id": 4}, {"graph": null, "nnodes": 2, "nedges": 1, "density": 1.0, "atomics": "[42, 30]", "group_pop": 2, "init_part_assignment": 4, "id": 5}, {"graph": null, "nnodes": 2, "nedges": 1, "density": 1.0, "atomics": "[43, 44]", "group_pop": 2, "init_part_assignment": 4, "id": 6}, {"graph": null, "nnodes": 2, "nedges": 1, "density": 1.0, "atomics": "[73, 61]", "group_pop": 2, "init_part_assignment": 5, "id": 7}, {"graph": null, "nnodes": 2, "nedges": 1, "density": 1.0, "atomics": "[62, 63]", "group_pop": 2, "init_part_assignment": 11, "id": 8}, {"graph": null, "nnodes": 2, "nedges": 1, "density": 1.0, "atomics": "[32, 31]", "group_pop": 2, "init_part_assignment": 4, "id": 9}, {"graph": null, "nnodes": 2, "nedges": 1, "density": 1.0, "atomics": "[8, 20]", "group_pop": 2, "init_part_assignment": 4, "id": 10}, {"graph": null, "nnodes": 2, "nedges": 1, "density": 1.0, "atomics": "[142, 143]", "group_pop": 2, "init_part_assignment": 1, "id": 11}, {"graph": null, "nnodes": 2, "nedges": 1, "density": 1.0, "atomics": "[41, 29]", "group_pop": 2, "init_part_assignment": 10, "id": 12}, {"graph": null, "nnodes": 2, "nedges": 1, "density": 1.0, "atomics": "[9, 21]", "group_pop": 2, "init_part_assignment": 3, "id": 13}, {"graph": null, "nnodes": 2, "nedges": 1, "density": 1.0, "atomics": "[34, 46]", "group_pop": 2, "init_part_assignment": 3, "id": 14}, {"graph": null, "nnodes": 2, "nedges": 1, "density": 1.0, "atomics": "[35, 47]", "group_pop": 2, "init_part_assignment": 3, "id": 15}, {"graph": null, "nnodes": 2, "nedges": 1, "density": 1.0, "atomics": "[10, 11]", "group_pop": 2, "init_part_assignment": 3, "id": 16}, {"graph": null, "nnodes": 2, "nedges": 1, "density": 1.0, "atomics": "[22, 23]", "group_pop": 2, "init_part_assignment": 3, "id": 17}, {"graph": null, "nnodes": 2, "nedges": 1, "density": 1.0, "atomics": "[48, 49]", "group_pop": 2, "init_part_assignment": 5, "id": 18}, {"graph": null, "nnodes": 2, "nedges": 1, "density": 1.0, "atomics": "[36, 37]", "group_pop": 2, "init_part_assignment": 10, "id": 19}, {"graph": null, "nnodes": 2, "nedges": 1, "density": 1.0, "atomics": "[120, 132]", "group_pop": 2, "init_part_assignment": 6, "id": 20}, {"graph": null, "nnodes": 2, "nedges": 1, "density": 1.0, "atomics": "[24, 25]", "group_pop": 2, "init_part_assignment": 10, "id": 21}, {"graph": null, "nnodes": 2, "nedges": 1, "density": 1.0, "atomics": "[129, 130]", "group_pop": 2, "init_part_assignment": 1, "id": 22}, {"graph": null, "nnodes": 2, "nedges": 1, "density": 1.0, "atomics": "[131, 119]", "group_pop": 2, "init_part_assignment": 1, "id": 23}, {"graph": null, "nnodes": 2, "nedges": 1, "density": 1.0, "atomics": "[19, 7]", "group_pop": 2, "init_part_assignment": 4, "id": 24}, {"graph": null, "nnodes": 2, "nedges": 1, "density": 1.0, "atomics": "[59, 71]", "group_pop": 2, "init_part_assignment": 2, "id": 25}, {"graph": null, "nnodes": 2, "nedges": 1, "density": 1.0, "atomics": "[18, 6]", "group_pop": 2, "init_part_assignment": 0, "id": 26}, {"graph": null, "nnodes": 2, "nedges": 1, "density": 1.0, "atomics": "[123, 135]", "group_pop": 2, "init_part_assignment": 6, "id": 27}, {"graph": null, "nnodes": 2, "nedges": 1, "density": 1.0, "atomics": "[96, 108]", "group_pop": 2, "init_part_assignment": 5, "id": 28}, {"graph": null, "nnodes": 2, "nedges": 1, "density": 1.0, "atomics": "[117, 118]", "group_pop": 2, "init_part_assignment": 7, "id": 29}, {"graph": null, "nnodes": 2, "nedges": 1, "density": 1.0, "atomics": "[12, 13]", "group_pop": 2, "init_part_assignment": 0, "id": 30}, {"graph": null, "nnodes": 2, "nedges": 1, "density": 1.0, "atomics": "[66, 67]", "group_pop": 2, "init_part_assignment": 11, "id": 31}, {"graph": null, "nnodes": 2, "nedges": 1, "density": 1.0, "atomics": "[78, 79]", "group_pop": 2, "init_part_assignment": 9, "id": 32}, {"graph": null, "nnodes": 2, "nedges": 1, "density": 1.0, "atomics": "[57, 58]", "group_pop": 2, "init_part_assignment": 2, "id": 33}, {"graph": null, "nnodes": 2, "nedges": 1, "density": 1.0, "atomics": "[72, 60]", "group_pop": 2, "init_part_assignment": 5, "id": 34}, {"graph": null, "nnodes": 2, "nedges": 1, "density": 1.0, "atomics": "[136, 124]", "group_pop": 2, "init_part_assignment": 8, "id": 35}, {"graph": null, "nnodes": 2, "nedges": 1, "density": 1.0, "atomics": "[33, 45]", "group_pop": 2, "init_part_assignment": 3, "id": 36}, {"graph": null, "nnodes": 2, "nedges": 1, "density": 1.0, "atomics": "[40, 39]", "group_pop": 2, "init_part_assignment": 11, "id": 37}, {"graph": null, "nnodes": 2, "nedges": 1, "density": 1.0, "atomics": "[27, 28]", "group_pop": 2, "init_part_assignment": 10, "id": 38}, {"graph": null, "nnodes": 2, "nedges": 1, "density": 1.0, "atomics": "[0, 1]", "group_pop": 2, "init_part_assignment": 0, "id": 39}, {"graph": null, "nnodes": 2, "nedges": 1, "density": 1.0, "atomics": "[128, 116]", "group_pop": 2, "init_part_assignment": 7, "id": 40}, {"graph": null, "nnodes": 2, "nedges": 1, "density": 1.0, "atomics": "[133, 134]", "group_pop": 2, "init_part_assignment": 6, "id": 41}, {"graph": null, "nnodes": 2, "nedges": 1, "density": 1.0, "atomics": "[121, 109]", "group_pop": 2, "init_part_assignment": 6, "id": 42}, {"graph": null, "nnodes": 2, "nedges": 1, "density": 1.0, "atomics": "[122, 110]", "group_pop": 2, "init_part_assignment": 6, "id": 43}, {"graph": null, "nnodes": 2, "nedges": 1, "density": 1.0, "atomics": "[112, 111]", "group_pop": 2, "init_part_assignment": 8, "id": 44}, {"graph": null, "nnodes": 2, "nedges": 1, "density": 1.0, "atomics": "[113, 101]", "group_pop": 2, "init_part_assignment": 8, "id": 45}, {"graph": null, "nnodes": 2, "nedges": 1, "density": 1.0, "atomics": "[2, 3]", "group_pop": 2, "init_part_assignment": 0, "id": 46}, {"graph": null, "nnodes": 2, "nedges": 1, "density": 1.0, "atomics": "[17, 5]", "group_pop": 2, "init_part_assignment": 0, "id": 47}, {"graph": null, "nnodes": 2, "nedges": 1, "density": 1.0, "atomics": "[140, 141]", "group_pop": 2, "init_part_assignment": 1, "id": 48}, {"graph": null, "nnodes": 2, "nedges": 1, "density": 1.0, "atomics": "[16, 4]", "group_pop": 2, "init_part_assignment": 0, "id": 49}, {"graph": null, "nnodes": 2, "nedges": 1, "density": 1.0, "atomics": "[97, 98]", "group_pop": 2, "init_part_assignment": 6, "id": 50}, {"graph": null, "nnodes": 2, "nedges": 1, "density": 1.0, "atomics": "[137, 125]", "group_pop": 2, "init_part_assignment": 8, "id": 51}, {"graph": null, "nnodes": 2, "nedges": 1, "density": 1.0, "atomics": "[14, 15]", "group_pop": 2, "init_part_assignment": 10, "id": 52}, {"graph": null, "nnodes": 2, "nedges": 1, "density": 1.0, "atomics": "[84, 85]", "group_pop": 2, "init_part_assignment": 5, "id": 53}, {"graph": null, "nnodes": 2, "nedges": 1, "density": 1.0, "atomics": "[56, 68]", "group_pop": 2, "init_part_assignment": 2, "id": 54}, {"graph": null, "nnodes": 2, "nedges": 1, "density": 1.0, "atomics": "[99, 100]", "group_pop": 2, "init_part_assignment": 9, "id": 55}, {"graph": null, "nnodes": 2, "nedges": 1, "density": 1.0, "atomics": "[64, 52]", "group_pop": 2, "init_part_assignment": 11, "id": 56}, {"graph": null, "nnodes": 2, "nedges": 1, "density": 1.0, "atomics": "[138, 139]", "group_pop": 2, "init_part_assignment": 7, "id": 57}, {"graph": null, "nnodes": 2, "nedges": 1, "density": 1.0, "atomics": "[115, 127]", "group_pop": 2, "init_part_assignment": 7, "id": 58}, {"graph": null, "nnodes": 2, "nedges": 1, "density": 1.0, "atomics": "[93, 94]", "group_pop": 2, "init_part_assignment": 7, "id": 59}, {"graph": null, "nnodes": 2, "nedges": 1, "density": 1.0, "atomics": "[107, 95]", "group_pop": 2, "init_part_assignment": 1, "id": 60}, {"graph": null, "nnodes": 2, "nedges": 1, "density": 1.0, "atomics": "[54, 55]", "group_pop": 2, "init_part_assignment": 4, "id": 61}, {"graph": null, "nnodes": 2, "nedges": 1, "density": 1.0, "atomics": "[102, 103]", "group_pop": 2, "init_part_assignment": 8, "id": 62}, {"graph": null, "nnodes": 2, "nedges": 1, "density": 1.0, "atomics": "[114, 126]", "group_pop": 2, "init_part_assignment": 8, "id": 63}, {"graph": null, "nnodes": 2, "nedges": 1, "density": 1.0, "atomics": "[50, 51]", "group_pop": 2, "init_part_assignment": 11, "id": 64}, {"graph": null, "nnodes": 2, "nedges": 1, "density": 1.0, "atomics": "[26, 38]", "group_pop": 2, "init_part_assignment": 10, "id": 65}, {"graph": null, "nnodes": 2, "nedges": 1, "density": 1.0, "atomics": "[105, 106]", "group_pop": 2, "init_part_assignment": 1, "id": 66}, {"graph": null, "nnodes": 2, "nedges": 1, "density": 1.0, "atomics": "[88, 87]", "group_pop": 2, "init_part_assignment": 9, "id": 67}, {"graph": null, "nnodes": 2, "nedges": 1, "density": 1.0, "atomics": "[104, 92]", "group_pop": 2, "init_part_assignment": 7, "id": 68}, {"graph": null, "nnodes": 2, "nedges": 1, "density": 1.0, "atomics": "[65, 53]", "group_pop": 2, "init_part_assignment": 11, "id": 69}, {"graph": null, "nnodes": 2, "nedges": 1, "density": 1.0, "atomics": "[89, 77]", "group_pop": 2, "init_part_assignment": 9, "id": 70}, {"graph": null, "nnodes": 2, "nedges": 1, "density": 1.0, "atomics": "[90, 91]", "group_pop": 2, "init_part_assignment": 9, "id": 71}], "adjacency": [[{"weight": 1, "random_weight": 0.02194103628973254, "id": 1}, {"weight": 1, "random_weight": 0.923337534187285, "id": 2}, {"weight": 1, "random_weight": 0.6042867656797433, "id": 32}, {"weight": 1, "random_weight": 0.3343472963050538, "id": 54}, {"weight": 1, "random_weight": 0.883056180571247, "id": 59}, {"weight": 1, "random_weight": 0.6322594907314701, "id": 68}], [{"weight": 1, "random_weight": 0.02194103628973254, "id": 0}, {"weight": 1, "random_weight": 0.6473886532054265, "id": 2}, {"weight": 1, "random_weight": 0.7665078778221907, "id": 25}, {"weight": 2, "random_weight": 0.0367345588205672, "id": 33}, {"weight": 1, "random_weight": 0.5231314886924144, "id": 54}], [{"weight": 1, "random_weight": 0.923337534187285, "id": 0}, {"weight": 1, "random_weight": 0.6473886532054265, "id": 1}, {"weight": 1, "random_weight": 0.8160049199540018, "id": 25}, {"weight": 1, "random_weight": 0.9438484771511615, "id": 59}, {"weight": 1, "random_weight": 0.7256056260644926, "id": 60}], [{"weight": 1, "random_weight": 0.7122227892617735, "id": 4}, {"weight": 1, "random_weight": 0.5553762622556799, "id": 7}, {"weight": 1, "random_weight": 0.930697755210824, "id": 8}, {"weight": 1, "random_weight": 0.9947941633255557, "id": 50}, {"weight": 1, "random_weight": 0.5444734851391664, "id": 53}, {"weight": 1, "random_weight": 0.6336195330517496, "id": 67}], [{"weight": 1, "random_weight": 0.7122227892617735, "id": 3}, {"weight": 1, "random_weight": 0.9628144761518098, "id": 8}, {"weight": 1, "random_weight": 0.8176849712891829, "id": 56}, {"weight": 2, "random_weight": 0.7085555446232195, "id": 67}, {"weight": 1, "random_weight": 0.7331384048627118, "id": 70}], [{"weight": 1, "random_weight": 0.5388586407982704, "id": 6}, {"weight": 1, "random_weight": 0.7461086270763517, "id": 9}, {"weight": 2, "random_weight": 0.11154731164373499, "id": 12}, {"weight": 1, "random_weight": 0.7556097121243236, "id": 26}, {"weight": 1, "random_weight": 0.7041724038814664, "id": 61}], [{"weight": 1, "random_weight": 0.5388586407982704, "id": 5}, {"weight": 2, "random_weight": 0.9739542626821885, "id": 9}, {"weight": 1, "random_weight": 0.3257905744239654, "id": 36}, {"weight": 1, "random_weight": 0.6074947168953201, "id": 54}, {"weight": 1, "random_weight": 0.49393261438080094, "id": 61}], [{"weight": 1, "random_weight": 0.5553762622556799, "id": 3}, {"weight": 1, "random_weight": 0.9831047840482, "id": 8}, {"weight": 1, "random_weight": 0.01804728570141323, "id": 18}, {"weight": 2, "random_weight": 0.003874170683329403, "id": 34}, {"weight": 1, "random_weight": 0.9281528003788129, "id": 53}], [{"weight": 1, "random_weight": 0.930697755210824, "id": 3}, {"weight": 1, "random_weight": 0.9628144761518098, "id": 4}, {"weight": 1, "random_weight": 0.9831047840482, "id": 7}, {"weight": 1, "random_weight": 0.03202746600194162, "id": 56}, {"weight": 2, "random_weight": 0.058353086559044476, "id": 64}], [{"weight": 1, "random_weight": 0.7461086270763517, "id": 5}, {"weight": 2, "random_weight": 0.9739542626821885, "id": 6}, {"weight": 1, "random_weight": 0.7697610739733782, "id": 10}, {"weight": 1, "random_weight": 0.6939999961069407, "id": 24}, {"weight": 1, "random_weight": 0.9602285001810976, "id": 36}], [{"weight": 1, "random_weight": 0.7697610739733782, "id": 9}, {"weight": 2, "random_weight": 0.9272403358267832, "id": 13}, {"weight": 2, "random_weight": 0.5498903138412906, "id": 24}], [{"weight": 1, "random_weight": 0.4898280118652625, "id": 22}, {"weight": 1, "random_weight": 0.6864440817023238, "id": 23}, {"weight": 1, "random_weight": 0.673706061567393, "id": 48}], [{"weight": 2, "random_weight": 0.11154731164373499, "id": 5}, {"weight": 1, "random_weight": 0.603972529749893, "id": 37}, {"weight": 1, "random_weight": 0.37329460287752425, "id": 38}, {"weight": 1, "random_weight": 0.14251918189558987, "id": 47}, {"weight": 1, "random_weight": 0.8352258653420778, "id": 69}], [{"weight": 2, "random_weight": 0.9272403358267832, "id": 10}, {"weight": 1, "random_weight": 0.1369014386865237, "id": 16}, {"weight": 1, "random_weight": 0.12782442797077798, "id": 17}, {"weight": 1, "random_weight": 0.9165473412957055, "id": 36}], [{"weight": 2, "random_weight": 0.6926019329032351, "id": 15}, {"weight": 1, "random_weight": 0.5482920981275994, "id": 17}, {"weight": 1, "random_weight": 0.303976039290232, "id": 33}, {"weight": 2, "random_weight": 0.11574314340121983, "id": 36}], [{"weight": 2, "random_weight": 0.6926019329032351, "id": 14}, {"weight": 1, "random_weight": 0.22857015586384277, "id": 17}, {"weight": 1, "random_weight": 0.830991888152373, "id": 25}], [{"weight": 1, "random_weight": 0.1369014386865237, "id": 13}, {"weight": 2, "random_weight": 0.5176070615973569, "id": 17}], [{"weight": 1, "random_weight": 0.12782442797077798, "id": 13}, {"weight": 1, "random_weight": 0.5482920981275994, "id": 14}, {"weight": 1, "random_weight": 0.22857015586384277, "id": 15}, {"weight": 2, "random_weight": 0.5176070615973569, "id": 16}], [{"weight": 1, "random_weight": 0.01804728570141323, "id": 7}, {"weight": 2, "random_weight": 0.8038340966444325, "id": 19}, {"weight": 1, "random_weight": 0.12829647490011442, "id": 34}, {"weight": 1, "random_weight": 0.7823656913796933, "id": 64}], [{"weight": 2, "random_weight": 0.8038340966444325, "id": 18}, {"weight": 2, "random_weight": 0.4869506958448019, "id": 21}, {"weight": 1, "random_weight": 0.2884799123949321, "id": 65}], [{"weight": 1, "random_weight": 0.7330866881912508, "id": 28}, {"weight": 1, "random_weight": 0.8475923271908395, "id": 41}, {"weight": 1, "random_weight": 0.5562789070370752, "id": 42}], [{"weight": 2, "random_weight": 0.4869506958448019, "id": 19}, {"weight": 2, "random_weight": 0.7875777116962142, "id": 30}, {"weight": 1, "random_weight": 0.7382054734554523, "id": 65}], [{"weight": 1, "random_weight": 0.4898280118652625, "id": 11}, {"weight": 1, "random_weight": 0.7593296813638145, "id": 23}, {"weight": 2, "random_weight": 0.9424897181017624, "id": 29}, {"weight": 1, "random_weight": 0.8851307566199588, "id": 40}, {"weight": 1, "random_weight": 0.7548336746445352, "id": 48}], [{"weight": 1, "random_weight": 0.6864440817023238, "id": 11}, {"weight": 1, "random_weight": 0.7593296813638145, "id": 22}, {"weight": 1, "random_weight": 0.5608608614204705, "id": 29}, {"weight": 1, "random_weight": 0.3358854038391006, "id": 60}], [{"weight": 1, "random_weight": 0.6939999961069407, "id": 9}, {"weight": 2, "random_weight": 0.5498903138412906, "id": 10}, {"weight": 2, "random_weight": 0.7575848792446471, "id": 26}], [{"weight": 1, "random_weight": 0.7665078778221907, "id": 1}, {"weight": 1, "random_weight": 0.8160049199540018, "id": 2}, {"weight": 1, "random_weight": 0.830991888152373, "id": 15}, {"weight": 1, "random_weight": 0.1987278733930763, "id": 33}], [{"weight": 1, "random_weight": 0.7556097121243236, "id": 5}, {"weight": 2, "random_weight": 0.7575848792446471, "id": 24}, {"weight": 2, "random_weight": 0.41559763626569446, "id": 47}], [{"weight": 2, "random_weight": 0.49041429160644856, "id": 35}, {"weight": 1, "random_weight": 0.002400553990901444, "id": 41}, {"weight": 1, "random_weight": 0.27813718066155846, "id": 43}, {"weight": 1, "random_weight": 0.3103153409678151, "id": 44}], [{"weight": 1, "random_weight": 0.7330866881912508, "id": 20}, {"weight": 1, "random_weight": 0.3501040458278937, "id": 42}, {"weight": 1, "random_weight": 0.6359789788623509, "id": 50}, {"weight": 1, "random_weight": 0.3370409702076118, "id": 53}], [{"weight": 2, "random_weight": 0.9424897181017624, "id": 22}, {"weight": 1, "random_weight": 0.5608608614204705, "id": 23}, {"weight": 1, "random_weight": 0.2575641317532297, "id": 40}, {"weight": 2, "random_weight": 0.814864001478038, "id": 66}], [{"weight": 2, "random_weight": 0.7875777116962142, "id": 21}, {"weight": 2, "random_weight": 0.649084531032718, "id": 39}, {"weight": 1, "random_weight": 0.83009869642168, "id": 52}], [{"weight": 2, "random_weight": 0.9433767291409031, "id": 32}, {"weight": 1, "random_weight": 0.6605532381245631, "id": 54}, {"weight": 2, "random_weight": 0.8129496279441644, "id": 61}, {"weight": 1, "random_weight": 0.6783637545483201, "id": 69}], [{"weight": 1, "random_weight": 0.6042867656797433, "id": 0}, {"weight": 2, "random_weight": 0.9433767291409031, "id": 31}, {"weight": 1, "random_weight": 0.4410013136471539, "id": 70}, {"weight": 2, "random_weight": 0.07451319918284482, "id": 71}], [{"weight": 2, "random_weight": 0.0367345588205672, "id": 1}, {"weight": 1, "random_weight": 0.303976039290232, "id": 14}, {"weight": 1, "random_weight": 0.1987278733930763, "id": 25}, {"weight": 1, "random_weight": 0.45945256196001405, "id": 36}, {"weight": 1, "random_weight": 0.4882323477382381, "id": 54}], [{"weight": 2, "random_weight": 0.003874170683329403, "id": 7}, {"weight": 1, "random_weight": 0.12829647490011442, "id": 18}, {"weight": 1, "random_weight": 0.3662322856383805, "id": 53}], [{"weight": 2, "random_weight": 0.49041429160644856, "id": 27}, {"weight": 1, "random_weight": 0.26477099140122384, "id": 44}, {"weight": 2, "random_weight": 0.6912182799797413, "id": 51}], [{"weight": 1, "random_weight": 0.3257905744239654, "id": 6}, {"weight": 1, "random_weight": 0.9602285001810976, "id": 9}, {"weight": 1, "random_weight": 0.9165473412957055, "id": 13}, {"weight": 2, "random_weight": 0.11574314340121983, "id": 14}, {"weight": 1, "random_weight": 0.45945256196001405, "id": 33}], [{"weight": 1, "random_weight": 0.603972529749893, "id": 12}, {"weight": 2, "random_weight": 0.4603077018481063, "id": 38}, {"weight": 1, "random_weight": 0.5564778613783983, "id": 56}, {"weight": 1, "random_weight": 0.4353537954781923, "id": 64}, {"weight": 1, "random_weight": 0.8177463774645576, "id": 65}], [{"weight": 1, "random_weight": 0.37329460287752425, "id": 12}, {"weight": 2, "random_weight": 0.4603077018481063, "id": 37}, {"weight": 1, "random_weight": 0.9182264321017534, "id": 49}, {"weight": 1, "random_weight": 0.1970506589408808, "id": 52}, {"weight": 1, "random_weight": 0.16167890879293212, "id": 65}], [{"weight": 2, "random_weight": 0.649084531032718, "id": 30}, {"weight": 1, "random_weight": 0.09621108303019343, "id": 46}], [{"weight": 1, "random_weight": 0.8851307566199588, "id": 22}, {"weight": 1, "random_weight": 0.2575641317532297, "id": 29}, {"weight": 1, "random_weight": 0.9266623232778022, "id": 48}, {"weight": 2, "random_weight": 0.3124509268798339, "id": 58}, {"weight": 1, "random_weight": 0.41585681999962587, "id": 68}], [{"weight": 1, "random_weight": 0.8475923271908395, "id": 20}, {"weight": 1, "random_weight": 0.002400553990901444, "id": 27}, {"weight": 1, "random_weight": 0.1774299828581657, "id": 42}, {"weight": 1, "random_weight": 0.37771053548464906, "id": 43}], [{"weight": 1, "random_weight": 0.5562789070370752, "id": 20}, {"weight": 1, "random_weight": 0.3501040458278937, "id": 28}, {"weight": 1, "random_weight": 0.1774299828581657, "id": 41}, {"weight": 2, "random_weight": 0.31244418362792337, "id": 43}, {"weight": 1, "random_weight": 0.019237889467704106, "id": 50}], [{"weight": 1, "random_weight": 0.27813718066155846, "id": 27}, {"weight": 1, "random_weight": 0.37771053548464906, "id": 41}, {"weight": 2, "random_weight": 0.31244418362792337, "id": 42}, {"weight": 1, "random_weight": 0.863295456323866, "id": 44}, {"weight": 1, "random_weight": 0.8316037409869514, "id": 50}], [{"weight": 1, "random_weight": 0.3103153409678151, "id": 27}, {"weight": 1, "random_weight": 0.26477099140122384, "id": 35}, {"weight": 1, "random_weight": 0.863295456323866, "id": 43}, {"weight": 1, "random_weight": 0.7710936176087253, "id": 45}, {"weight": 2, "random_weight": 0.7881558273533976, "id": 55}], [{"weight": 1, "random_weight": 0.7710936176087253, "id": 44}, {"weight": 1, "random_weight": 0.5899689435404843, "id": 51}, {"weight": 1, "random_weight": 0.2600157585920849, "id": 55}, {"weight": 1, "random_weight": 0.9016547605995788, "id": 62}, {"weight": 1, "random_weight": 0.7308928422213996, "id": 63}, {"weight": 1, "random_weight": 0.09509407453635121, "id": 70}], [{"weight": 1, "random_weight": 0.09621108303019343, "id": 39}, {"weight": 1, "random_weight": 0.01596076642819355, "id": 49}, {"weight": 2, "random_weight": 0.9564073214502785, "id": 52}], [{"weight": 1, "random_weight": 0.14251918189558987, "id": 12}, {"weight": 2, "random_weight": 0.41559763626569446, "id": 26}, {"weight": 2, "random_weight": 0.755722091302486, "id": 49}], [{"weight": 1, "random_weight": 0.673706061567393, "id": 11}, {"weight": 1, "random_weight": 0.7548336746445352, "id": 22}, {"weight": 1, "random_weight": 0.9266623232778022, "id": 40}, {"weight": 1, "random_weight": 0.8170231438813665, "id": 57}], [{"weight": 1, "random_weight": 0.9182264321017534, "id": 38}, {"weight": 1, "random_weight": 0.01596076642819355, "id": 46}, {"weight": 2, "random_weight": 0.755722091302486, "id": 47}, {"weight": 1, "random_weight": 0.8340845853001153, "id": 52}], [{"weight": 1, "random_weight": 0.9947941633255557, "id": 3}, {"weight": 1, "random_weight": 0.6359789788623509, "id": 28}, {"weight": 1, "random_weight": 0.019237889467704106, "id": 42}, {"weight": 1, "random_weight": 0.8316037409869514, "id": 43}, {"weight": 1, "random_weight": 0.6895501150030698, "id": 53}, {"weight": 1, "random_weight": 0.16727346393063725, "id": 55}], [{"weight": 2, "random_weight": 0.6912182799797413, "id": 35}, {"weight": 1, "random_weight": 0.5899689435404843, "id": 45}, {"weight": 1, "random_weight": 0.864688697628438, "id": 57}, {"weight": 1, "random_weight": 0.6912202609160438, "id": 63}], [{"weight": 1, "random_weight": 0.83009869642168, "id": 30}, {"weight": 1, "random_weight": 0.1970506589408808, "id": 38}, {"weight": 2, "random_weight": 0.9564073214502785, "id": 46}, {"weight": 1, "random_weight": 0.8340845853001153, "id": 49}, {"weight": 1, "random_weight": 0.8461040777168455, "id": 65}], [{"weight": 1, "random_weight": 0.5444734851391664, "id": 3}, {"weight": 1, "random_weight": 0.9281528003788129, "id": 7}, {"weight": 1, "random_weight": 0.3370409702076118, "id": 28}, {"weight": 1, "random_weight": 0.3662322856383805, "id": 34}, {"weight": 1, "random_weight": 0.6895501150030698, "id": 50}], [{"weight": 1, "random_weight": 0.3343472963050538, "id": 0}, {"weight": 1, "random_weight": 0.5231314886924144, "id": 1}, {"weight": 1, "random_weight": 0.6074947168953201, "id": 6}, {"weight": 1, "random_weight": 0.6605532381245631, "id": 31}, {"weight": 1, "random_weight": 0.4882323477382381, "id": 33}, {"weight": 1, "random_weight": 0.8045027729782948, "id": 61}], [{"weight": 2, "random_weight": 0.7881558273533976, "id": 44}, {"weight": 1, "random_weight": 0.2600157585920849, "id": 45}, {"weight": 1, "random_weight": 0.16727346393063725, "id": 50}, {"weight": 2, "random_weight": 0.2544378146044637, "id": 67}], [{"weight": 1, "random_weight": 0.8176849712891829, "id": 4}, {"weight": 1, "random_weight": 0.03202746600194162, "id": 8}, {"weight": 1, "random_weight": 0.5564778613783983, "id": 37}, {"weight": 1, "random_weight": 0.9178216445835752, "id": 64}, {"weight": 2, "random_weight": 0.6389185920428456, "id": 69}], [{"weight": 1, "random_weight": 0.8170231438813665, "id": 48}, {"weight": 1, "random_weight": 0.864688697628438, "id": 51}, {"weight": 1, "random_weight": 0.1818328408373051, "id": 58}, {"weight": 1, "random_weight": 0.0685863018823557, "id": 63}], [{"weight": 2, "random_weight": 0.3124509268798339, "id": 40}, {"weight": 1, "random_weight": 0.1818328408373051, "id": 57}, {"weight": 1, "random_weight": 0.40244985441474734, "id": 62}, {"weight": 2, "random_weight": 0.21101135140477745, "id": 63}], [{"weight": 1, "random_weight": 0.883056180571247, "id": 0}, {"weight": 1, "random_weight": 0.9438484771511615, "id": 2}, {"weight": 1, "random_weight": 0.45117067122187127, "id": 60}, {"weight": 2, "random_weight": 0.9898745448447804, "id": 66}, {"weight": 1, "random_weight": 0.846821689820407, "id": 68}], [{"weight": 1, "random_weight": 0.7256056260644926, "id": 2}, {"weight": 1, "random_weight": 0.3358854038391006, "id": 23}, {"weight": 1, "random_weight": 0.45117067122187127, "id": 59}, {"weight": 1, "random_weight": 0.673982112921452, "id": 66}], [{"weight": 1, "random_weight": 0.7041724038814664, "id": 5}, {"weight": 1, "random_weight": 0.49393261438080094, "id": 6}, {"weight": 2, "random_weight": 0.8129496279441644, "id": 31}, {"weight": 1, "random_weight": 0.8045027729782948, "id": 54}, {"weight": 1, "random_weight": 0.9331324426256038, "id": 69}], [{"weight": 1, "random_weight": 0.9016547605995788, "id": 45}, {"weight": 1, "random_weight": 0.40244985441474734, "id": 58}, {"weight": 1, "random_weight": 0.43166343082179415, "id": 63}, {"weight": 1, "random_weight": 0.7841937645453169, "id": 68}, {"weight": 2, "random_weight": 0.7024710974272392, "id": 71}], [{"weight": 1, "random_weight": 0.7308928422213996, "id": 45}, {"weight": 1, "random_weight": 0.6912202609160438, "id": 51}, {"weight": 1, "random_weight": 0.0685863018823557, "id": 57}, {"weight": 2, "random_weight": 0.21101135140477745, "id": 58}, {"weight": 1, "random_weight": 0.43166343082179415, "id": 62}], [{"weight": 2, "random_weight": 0.058353086559044476, "id": 8}, {"weight": 1, "random_weight": 0.7823656913796933, "id": 18}, {"weight": 1, "random_weight": 0.4353537954781923, "id": 37}, {"weight": 1, "random_weight": 0.9178216445835752, "id": 56}, {"weight": 1, "random_weight": 0.26945443085765197, "id": 65}], [{"weight": 1, "random_weight": 0.2884799123949321, "id": 19}, {"weight": 1, "random_weight": 0.7382054734554523, "id": 21}, {"weight": 1, "random_weight": 0.8177463774645576, "id": 37}, {"weight": 1, "random_weight": 0.16167890879293212, "id": 38}, {"weight": 1, "random_weight": 0.8461040777168455, "id": 52}, {"weight": 1, "random_weight": 0.26945443085765197, "id": 64}], [{"weight": 2, "random_weight": 0.814864001478038, "id": 29}, {"weight": 2, "random_weight": 0.9898745448447804, "id": 59}, {"weight": 1, "random_weight": 0.673982112921452, "id": 60}, {"weight": 1, "random_weight": 0.8430377155111174, "id": 68}], [{"weight": 1, "random_weight": 0.6336195330517496, "id": 3}, {"weight": 2, "random_weight": 0.7085555446232195, "id": 4}, {"weight": 2, "random_weight": 0.2544378146044637, "id": 55}, {"weight": 1, "random_weight": 0.522127857729932, "id": 70}], [{"weight": 1, "random_weight": 0.6322594907314701, "id": 0}, {"weight": 1, "random_weight": 0.41585681999962587, "id": 40}, {"weight": 1, "random_weight": 0.846821689820407, "id": 59}, {"weight": 1, "random_weight": 0.7841937645453169, "id": 62}, {"weight": 1, "random_weight": 0.8430377155111174, "id": 66}, {"weight": 1, "random_weight": 0.9968055023644163, "id": 71}], [{"weight": 1, "random_weight": 0.8352258653420778, "id": 12}, {"weight": 1, "random_weight": 0.6783637545483201, "id": 31}, {"weight": 2, "random_weight": 0.6389185920428456, "id": 56}, {"weight": 1, "random_weight": 0.9331324426256038, "id": 61}, {"weight": 1, "random_weight": 0.5036765188257213, "id": 70}], [{"weight": 1, "random_weight": 0.7331384048627118, "id": 4}, {"weight": 1, "random_weight": 0.4410013136471539, "id": 32}, {"weight": 1, "random_weight": 0.09509407453635121, "id": 45}, {"weight": 1, "random_weight": 0.522127857729932, "id": 67}, {"weight": 1, "random_weight": 0.5036765188257213, "id": 69}, {"weight": 1, "random_weight": 0.8408094405259807, "id": 71}], [{"weight": 2, "random_weight": 0.07451319918284482, "id": 32}, {"weight": 2, "random_weight": 0.7024710974272392, "id": 62}, {"weight": 1, "random_weight": 0.9968055023644163, "id": 68}, {"weight": 1, "random_weight": 0.8408094405259807, "id": 70}]]}