{"directed": false, "multigraph": false, "graph": [], "nodes": [{"graph": null, "nnodes": 2, "nedges": 1, "density": 1.0, "atomics": "[80, 81]", "group_pop": 2, "init_part_assignment": 6, "id": 0}, {"graph": null, "nnodes": 2, "nedges": 1, "density": 1.0, "atomics": "[57, 69]", "group_pop": 2, "init_part_assignment": 6, "id": 1}, {"graph": null, "nnodes": 2, "nedges": 1, "density": 1.0, "atomics": "[82, 70]", "group_pop": 2, "init_part_assignment": 6, "id": 2}, {"graph": null, "nnodes": 2, "nedges": 1, "density": 1.0, "atomics": "[74, 86]", "group_pop": 2, "init_part_assignment": 9, "id": 3}, {"graph": null, "nnodes": 2, "nedges": 1, "density": 1.0, "atomics": "[75, 87]", "group_pop": 2, "init_part_assignment": 9, "id": 4}, {"graph": null, "nnodes": 2, "nedges": 1, "density": 1.0, "atomics": "[41, 42]", "group_pop": 2, "init_part_assignment": 2, "id": 5}, {"graph": null, "nnodes": 2, "nedges": 1, "density": 1.0, "atomics": "[43, 31]", "group_pop": 2, "init_part_assignment": 2, "id": 6}, {"graph": null, "nnodes": 2, "nedges": 1, "density": 1.0, "atomics": "[49, 61]", "group_pop": 2, "init_part_assignment": 9, "id": 7}, {"graph": null, "nnodes": 2, "nedges": 1, "density": 1.0, "atomics": "[50, 62]", "group_pop": 2, "init_part_assignment": 11, "id": 8}, {"graph": null, "nnodes": 2, "nedges": 1, "density": 1.0, "atomics": "[32, 44]", "group_pop": 2, "init_part_assignment": 1, "id": 9}, {"graph": null, "nnodes": 2, "nedges": 1, "density": 1.0, "atomics": "[20, 21]", "group_pop": 2, "init_part_assignment": 1, "id": 10}, {"graph": null, "nnodes": 2, "nedges": 1, "density": 1.0, "atomics": "[142, 143]", "group_pop": 2, "init_part_assignment": 0, "id": 11}, {"graph": null, "nnodes": 2, "nedges": 1, "density": 1.0, "atomics": "[29, 30]", "group_pop": 2, "init_part_assignment": 11, "id": 12}, {"graph": null, "nnodes": 2, "nedges": 1, "density": 1.0, "atomics": "[8, 9]", "group_pop": 2, "init_part_assignment": 1, "id": 13}, {"graph": null, "nnodes": 2, "nedges": 1, "density": 1.0, "atomics": "[33, 34]", "group_pop": 2, "init_part_assignment": 1, "id": 14}, {"graph": null, "nnodes": 2, "nedges": 1, "density": 1.0, "atomics": "[35, 47]", "group_pop": 2, "init_part_assignment": 5, "id": 15}, {"graph": null, "nnodes": 2, "nedges": 1, "density": 1.0, "atomics": "[10, 11]", "group_pop": 2, "init_part_assignment": 1, "id": 16}, {"graph": null, "nnodes": 2, "nedges": 1, "density": 1.0, "atomics": "[22, 23]", "group_pop": 2, "init_part_assignment": 5, "id": 17}, {"graph": null, "nnodes": 2, "nedges": 1, "density": 1.0, "atomics": "[37, 38]", "group_pop": 2, "init_part_assignment": 11, "id": 18}, {"graph": null, "nnodes": 2, "nedges": 1, "density": 1.0, "atomics": "[120, 121]", "group_pop": 2, "init_part_assignment": 4, "id": 19}, {"graph": null, "nnodes": 2, "nedges": 1, "density": 1.0, "atomics": "[132, 133]", "group_pop": 2, "init_part_assignment": 4, "id": 20}, {"graph": null, "nnodes": 2, "nedges": 1, "density": 1.0, "atomics": "[24, 36]", "group_pop": 2, "init_part_assignment": 10, "id": 21}, {"graph": null, "nnodes": 2, "nedges": 1, "density": 1.0, "atomics": "[130, 131]", "group_pop": 2, "init_part_assignment": 0, "id": 22}, {"graph": null, "nnodes": 2, "nedges": 1, "density": 1.0, "atomics": "[18, 19]", "group_pop": 2, "init_part_assignment": 2, "id": 23}, {"graph": null, "nnodes": 2, "nedges": 1, "density": 1.0, "atomics": "[83, 71]", "group_pop": 2, "init_part_assignment": 5, "id": 24}, {"graph": null, "nnodes": 2, "nedges": 1, "density": 1.0, "atomics": "[123, 135]", "group_pop": 2, "init_part_assignment": 7, "id": 25}, {"graph": null, "nnodes": 2, "nedges": 1, "density": 1.0, "atomics": "[96, 97]", "group_pop": 2, "init_part_assignment": 4, "id": 26}, {"graph": null, "nnodes": 2, "nedges": 1, "density": 1.0, "atomics": "[108, 109]", "group_pop": 2, "init_part_assignment": 4, "id": 27}, {"graph": null, "nnodes": 2, "nedges": 1, "density": 1.0, "atomics": "[129, 141]", "group_pop": 2, "init_part_assignment": 3, "id": 28}, {"graph": null, "nnodes": 2, "nedges": 1, "density": 1.0, "atomics": "[116, 117]", "group_pop": 2, "init_part_assignment": 3, "id": 29}, {"graph": null, "nnodes": 2, "nedges": 1, "density": 1.0, "atomics": "[25, 13]", "group_pop": 2, "init_part_assignment": 10, "id": 30}, {"graph": null, "nnodes": 2, "nedges": 1, "density": 1.0, "atomics": "[67, 68]", "group_pop": 2, "init_part_assignment": 6, "id": 31}, {"graph": null, "nnodes": 2, "nedges": 1, "density": 1.0, "atomics": "[91, 79]", "group_pop": 2, "init_part_assignment": 8, "id": 32}, {"graph": null, "nnodes": 2, "nedges": 1, "density": 1.0, "atomics": "[58, 59]", "group_pop": 2, "init_part_assignment": 5, "id": 33}, {"graph": null, "nnodes": 2, "nedges": 1, "density": 1.0, "atomics": "[48, 60]", "group_pop": 2, "init_part_assignment": 9, "id": 34}, {"graph": null, "nnodes": 2, "nedges": 1, "density": 1.0, "atomics": "[136, 124]", "group_pop": 2, "init_part_assignment": 7, "id": 35}, {"graph": null, "nnodes": 2, "nedges": 1, "density": 1.0, "atomics": "[6, 7]", "group_pop": 2, "init_part_assignment": 1, "id": 36}, {"graph": null, "nnodes": 2, "nedges": 1, "density": 1.0, "atomics": "[40, 39]", "group_pop": 2, "init_part_assignment": 11, "id": 37}, {"graph": null, "nnodes": 2, "nedges": 1, "density": 1.0, "atomics": "[16, 28]", "group_pop": 2, "init_part_assignment": 11, "id": 38}, {"graph": null, "nnodes": 2, "nedges": 1, "density": 1.0, "atomics": "[0, 12]", "group_pop": 2, "init_part_assignment": 10, "id": 39}, {"graph": null, "nnodes": 2, "nedges": 1, "density": 1.0, "atomics": "[128, 140]", "group_pop": 2, "init_part_assignment": 3, "id": 40}, {"graph": null, "nnodes": 2, "nedges": 1, "density": 1.0, "atomics": "[122, 134]", "group_pop": 2, "init_part_assignment": 4, "id": 41}, {"graph": null, "nnodes": 2, "nedges": 1, "density": 1.0, "atomics": "[112, 111]", "group_pop": 2, "init_part_assignment": 7, "id": 42}, {"graph": null, "nnodes": 2, "nedges": 1, "density": 1.0, "atomics": "[113, 101]", "group_pop": 2, "init_part_assignment": 7, "id": 43}, {"graph": null, "nnodes": 2, "nedges": 1, "density": 1.0, "atomics": "[1, 2]", "group_pop": 2, "init_part_assignment": 10, "id": 44}, {"graph": null, "nnodes": 2, "nedges": 1, "density": 1.0, "atomics": "[17, 5]", "group_pop": 2, "init_part_assignment": 2, "id": 45}, {"graph": null, "nnodes": 2, "nedges": 1, "density": 1.0, "atomics": "[3, 4]", "group_pop": 2, "init_part_assignment": 10, "id": 46}, {"graph": null, "nnodes": 2, "nedges": 1, "density": 1.0, "atomics": "[137, 125]", "group_pop": 2, "init_part_assignment": 7, "id": 47}, {"graph": null, "nnodes": 2, "nedges": 1, "density": 1.0, "atomics": "[66, 54]", "group_pop": 2, "init_part_assignment": 2, "id": 48}, {"graph": null, "nnodes": 2, "nedges": 1, "density": 1.0, "atomics": "[77, 78]", "group_pop": 2, "init_part_assignment": 8, "id": 49}, {"graph": null, "nnodes": 2, "nedges": 1, "density": 1.0, "atomics": "[14, 15]", "group_pop": 2, "init_part_assignment": 10, "id": 50}, {"graph": null, "nnodes": 2, "nedges": 1, "density": 1.0, "atomics": "[98, 110]", "group_pop": 2, "init_part_assignment": 4, "id": 51}, {"graph": null, "nnodes": 2, "nedges": 1, "density": 1.0, "atomics": "[72, 73]", "group_pop": 2, "init_part_assignment": 9, "id": 52}, {"graph": null, "nnodes": 2, "nedges": 1, "density": 1.0, "atomics": "[84, 85]", "group_pop": 2, "init_part_assignment": 9, "id": 53}, {"graph": null, "nnodes": 2, "nedges": 1, "density": 1.0, "atomics": "[99, 100]", "group_pop": 2, "init_part_assignment": 7, "id": 54}, {"graph": null, "nnodes": 2, "nedges": 1, "density": 1.0, "atomics": "[64, 52]", "group_pop": 2, "init_part_assignment": 8, "id": 55}, {"graph": null, "nnodes": 2, "nedges": 1, "density": 1.0, "atomics": "[51, 63]", "group_pop": 2, "init_part_assignment": 8, "id": 56}, {"graph": null, "nnodes": 2, "nedges": 1, "density": 1.0, "atomics": "[138, 139]", "group_pop": 2, "init_part_assignment": 3, "id": 57}, {"graph": null, "nnodes": 2, "nedges": 1, "density": 1.0, "atomics": "[115, 127]", "group_pop": 2, "init_part_assignment": 3, "id": 58}, {"graph": null, "nnodes": 2, "nedges": 1, "density": 1.0, "atomics": "[94, 95]", "group_pop": 2, "init_part_assignment": 5, "id": 59}, {"graph": null, "nnodes": 2, "nedges": 1, "density": 1.0, "atomics": "[45, 46]", "group_pop": 2, "init_part_assignment": 5, "id": 60}, {"graph": null, "nnodes": 2, "nedges": 1, "density": 1.0, "atomics": "[56, 55]", "group_pop": 2, "init_part_assignment": 6, "id": 61}, {"graph": null, "nnodes": 2, "nedges": 1, "density": 1.0, "atomics": "[106, 107]", "group_pop": 2, "init_part_assignment": 0, "id": 62}, {"graph": null, "nnodes": 2, "nedges": 1, "density": 1.0, "atomics": "[118, 119]", "group_pop": 2, "init_part_assignment": 0, "id": 63}, {"graph": null, "nnodes": 2, "nedges": 1, "density": 1.0, "atomics": "[102, 103]", "group_pop": 2, "init_part_assignment": 0, "id": 64}, {"graph": null, "nnodes": 2, "nedges": 1, "density": 1.0, "atomics": "[114, 126]", "group_pop": 2, "init_part_assignment": 3, "id": 65}, {"graph": null, "nnodes": 2, "nedges": 1, "density": 1.0, "atomics": "[104, 105]", "group_pop": 2, "init_part_assignment": 0, "id": 66}, {"graph": null, "nnodes": 2, "nedges": 1, "density": 1.0, "atomics": "[92, 93]", "group_pop": 2, "init_part_assignment": 6, "id": 67}, {"graph": null, "nnodes": 2, "nedges": 1, "density": 1.0, "atomics": "[26, 27]", "group_pop": 2, "init_part_assignment": 11, "id": 68}, {"graph": null, "nnodes": 2, "nedges": 1, "density": 1.0, "atomics": "[65, 53]", "group_pop": 2, "init_part_assignment": 2, "id": 69}, {"graph": null, "nnodes": 2, "nedges": 1, "density": 1.0, "atomics": "[88, 76]", "group_pop": 2, "init_part_assignment": 8, "id": 70}, {"graph": null, "nnodes": 2, "nedges": 1, "density": 1.0, "atomics": "[89, 90]", "group_pop": 2, "init_part_assignment": 8, "id": 71}], "adjacency": [[{"weight": 1, "random_weight": 0.9963600886935973, "id": 1}, {"weight": 1, "random_weight": 0.34393273468503305, "id": 2}, {"weight": 1, "random_weight": 0.2505497361655331, "id": 31}, {"weight": 1, "random_weight": 0.9608731440469078, "id": 32}, {"weight": 2, "random_weight": 0.28411024400145246, "id": 67}], [{"weight": 1, "random_weight": 0.9963600886935973, "id": 0}, {"weight": 1, "random_weight": 0.9323374002069538, "id": 2}, {"weight": 1, "random_weight": 0.08434542156362268, "id": 31}, {"weight": 1, "random_weight": 0.5251108318779929, "id": 33}, {"weight": 1, "random_weight": 0.8391433649945405, "id": 60}, {"weight": 1, "random_weight": 0.47217784072286006, "id": 61}], [{"weight": 1, "random_weight": 0.34393273468503305, "id": 0}, {"weight": 1, "random_weight": 0.9323374002069538, "id": 1}, {"weight": 2, "random_weight": 0.38178655334304334, "id": 24}, {"weight": 1, "random_weight": 0.14183386002547915, "id": 33}, {"weight": 1, "random_weight": 0.4409280133875212, "id": 59}], [{"weight": 2, "random_weight": 0.5897035553212592, "id": 4}, {"weight": 1, "random_weight": 0.06505661852059375, "id": 8}, {"weight": 1, "random_weight": 0.9040716111305444, "id": 51}, {"weight": 1, "random_weight": 0.23131115132335633, "id": 52}, {"weight": 1, "random_weight": 0.26481624638705814, "id": 53}], [{"weight": 2, "random_weight": 0.5897035553212592, "id": 3}, {"weight": 1, "random_weight": 0.15400846936737078, "id": 54}, {"weight": 1, "random_weight": 0.8699116734271403, "id": 56}, {"weight": 2, "random_weight": 0.8592361373800728, "id": 70}], [{"weight": 1, "random_weight": 0.07920460545358454, "id": 6}, {"weight": 2, "random_weight": 0.057408204675623464, "id": 12}, {"weight": 1, "random_weight": 0.995485208553659, "id": 37}, {"weight": 1, "random_weight": 0.7368516821214481, "id": 48}, {"weight": 1, "random_weight": 0.4740526819152463, "id": 69}], [{"weight": 1, "random_weight": 0.07920460545358454, "id": 5}, {"weight": 2, "random_weight": 0.7283640301493449, "id": 9}, {"weight": 1, "random_weight": 0.24173862775188049, "id": 12}, {"weight": 1, "random_weight": 0.5597487248142831, "id": 23}, {"weight": 1, "random_weight": 0.7921302751847998, "id": 61}], [{"weight": 2, "random_weight": 0.5778235078092141, "id": 8}, {"weight": 1, "random_weight": 0.3741421370108362, "id": 18}, {"weight": 2, "random_weight": 0.8086740241903531, "id": 34}, {"weight": 1, "random_weight": 0.2983504495861845, "id": 52}], [{"weight": 1, "random_weight": 0.06505661852059375, "id": 3}, {"weight": 2, "random_weight": 0.5778235078092141, "id": 7}, {"weight": 1, "random_weight": 0.7621014517454056, "id": 18}, {"weight": 2, "random_weight": 0.9754786799204332, "id": 56}], [{"weight": 2, "random_weight": 0.7283640301493449, "id": 6}, {"weight": 1, "random_weight": 0.29203150810492906, "id": 10}, {"weight": 1, "random_weight": 0.6805867420084529, "id": 14}, {"weight": 1, "random_weight": 0.5754731161450279, "id": 60}, {"weight": 1, "random_weight": 0.9543365313467509, "id": 61}], [{"weight": 1, "random_weight": 0.29203150810492906, "id": 9}, {"weight": 2, "random_weight": 0.3420915741926923, "id": 13}, {"weight": 1, "random_weight": 0.18849424537293225, "id": 14}, {"weight": 1, "random_weight": 0.2242826207079064, "id": 17}, {"weight": 1, "random_weight": 0.5194556357568866, "id": 23}], [{"weight": 2, "random_weight": 0.9139981794069008, "id": 22}, {"weight": 1, "random_weight": 0.9808090393572714, "id": 28}], [{"weight": 2, "random_weight": 0.057408204675623464, "id": 5}, {"weight": 1, "random_weight": 0.24173862775188049, "id": 6}, {"weight": 1, "random_weight": 0.8425379152003852, "id": 23}, {"weight": 1, "random_weight": 0.9187026806570159, "id": 38}, {"weight": 1, "random_weight": 0.9491516686223117, "id": 45}], [{"weight": 2, "random_weight": 0.3420915741926923, "id": 10}, {"weight": 1, "random_weight": 0.019362743007425687, "id": 16}, {"weight": 1, "random_weight": 0.07264803433206835, "id": 36}], [{"weight": 1, "random_weight": 0.6805867420084529, "id": 9}, {"weight": 1, "random_weight": 0.18849424537293225, "id": 10}, {"weight": 1, "random_weight": 0.9507006837831308, "id": 15}, {"weight": 1, "random_weight": 0.48609835565776494, "id": 17}, {"weight": 2, "random_weight": 0.8674006618507726, "id": 60}], [{"weight": 1, "random_weight": 0.9507006837831308, "id": 14}, {"weight": 1, "random_weight": 0.5068565137891036, "id": 17}, {"weight": 1, "random_weight": 0.13274968880941396, "id": 33}, {"weight": 1, "random_weight": 0.9880095935418431, "id": 60}], [{"weight": 1, "random_weight": 0.019362743007425687, "id": 13}, {"weight": 2, "random_weight": 0.7767165943794715, "id": 17}], [{"weight": 1, "random_weight": 0.2242826207079064, "id": 10}, {"weight": 1, "random_weight": 0.48609835565776494, "id": 14}, {"weight": 1, "random_weight": 0.5068565137891036, "id": 15}, {"weight": 2, "random_weight": 0.7767165943794715, "id": 16}], [{"weight": 1, "random_weight": 0.3741421370108362, "id": 7}, {"weight": 1, "random_weight": 0.7621014517454056, "id": 8}, {"weight": 1, "random_weight": 0.7004111061935074, "id": 21}, {"weight": 1, "random_weight": 0.6969541025816277, "id": 30}, {"weight": 1, "random_weight": 0.17000873059039023, "id": 37}, {"weight": 1, "random_weight": 0.333569849348072, "id": 68}], [{"weight": 2, "random_weight": 0.6349440955541826, "id": 20}, {"weight": 2, "random_weight": 0.7303826719191335, "id": 27}, {"weight": 1, "random_weight": 0.016679243088354, "id": 41}], [{"weight": 2, "random_weight": 0.6349440955541826, "id": 19}, {"weight": 1, "random_weight": 0.18340734317928342, "id": 41}], [{"weight": 1, "random_weight": 0.7004111061935074, "id": 18}, {"weight": 1, "random_weight": 0.21221571228302671, "id": 30}, {"weight": 1, "random_weight": 0.6794904230102904, "id": 34}, {"weight": 1, "random_weight": 0.7611608260008643, "id": 39}], [{"weight": 2, "random_weight": 0.9139981794069008, "id": 11}, {"weight": 1, "random_weight": 0.9963051815797187, "id": 28}, {"weight": 2, "random_weight": 0.45076261949730057, "id": 63}], [{"weight": 1, "random_weight": 0.5597487248142831, "id": 6}, {"weight": 1, "random_weight": 0.5194556357568866, "id": 10}, {"weight": 1, "random_weight": 0.8425379152003852, "id": 12}, {"weight": 2, "random_weight": 0.6539043343908142, "id": 36}, {"weight": 1, "random_weight": 0.5172290788756189, "id": 45}], [{"weight": 2, "random_weight": 0.38178655334304334, "id": 2}, {"weight": 1, "random_weight": 0.333238962742856, "id": 33}, {"weight": 1, "random_weight": 0.09397942436362738, "id": 59}], [{"weight": 2, "random_weight": 0.5666048619765052, "id": 35}, {"weight": 2, "random_weight": 0.9355514543513047, "id": 41}, {"weight": 1, "random_weight": 0.25228991729660444, "id": 42}], [{"weight": 2, "random_weight": 0.5264207540888433, "id": 27}, {"weight": 1, "random_weight": 0.8830279783646766, "id": 51}, {"weight": 2, "random_weight": 0.7198878378177762, "id": 53}], [{"weight": 2, "random_weight": 0.7303826719191335, "id": 19}, {"weight": 2, "random_weight": 0.5264207540888433, "id": 26}, {"weight": 1, "random_weight": 0.6133225063999316, "id": 51}], [{"weight": 1, "random_weight": 0.9808090393572714, "id": 11}, {"weight": 1, "random_weight": 0.9963051815797187, "id": 22}, {"weight": 1, "random_weight": 0.099215513477101, "id": 29}, {"weight": 2, "random_weight": 0.48892865298142874, "id": 40}], [{"weight": 1, "random_weight": 0.099215513477101, "id": 28}, {"weight": 1, "random_weight": 0.9651125070983171, "id": 40}, {"weight": 1, "random_weight": 0.8741423349599159, "id": 58}, {"weight": 1, "random_weight": 0.6594319843801125, "id": 63}, {"weight": 2, "random_weight": 0.6294468459836301, "id": 66}], [{"weight": 1, "random_weight": 0.6969541025816277, "id": 18}, {"weight": 1, "random_weight": 0.21221571228302671, "id": 21}, {"weight": 1, "random_weight": 0.7917148427638915, "id": 39}, {"weight": 1, "random_weight": 0.5701493931038623, "id": 44}, {"weight": 1, "random_weight": 0.013641914975663916, "id": 50}, {"weight": 1, "random_weight": 0.48830334954151255, "id": 68}], [{"weight": 1, "random_weight": 0.2505497361655331, "id": 0}, {"weight": 1, "random_weight": 0.08434542156362268, "id": 1}, {"weight": 1, "random_weight": 0.7067427163452041, "id": 32}, {"weight": 1, "random_weight": 0.7964598701901648, "id": 48}, {"weight": 2, "random_weight": 0.1886715179114965, "id": 61}], [{"weight": 1, "random_weight": 0.9608731440469078, "id": 0}, {"weight": 1, "random_weight": 0.7067427163452041, "id": 31}, {"weight": 1, "random_weight": 0.7522897696242075, "id": 49}, {"weight": 1, "random_weight": 0.9667471656606778, "id": 64}, {"weight": 1, "random_weight": 0.5360948753050035, "id": 67}, {"weight": 1, "random_weight": 0.803813030350852, "id": 71}], [{"weight": 1, "random_weight": 0.5251108318779929, "id": 1}, {"weight": 1, "random_weight": 0.14183386002547915, "id": 2}, {"weight": 1, "random_weight": 0.13274968880941396, "id": 15}, {"weight": 1, "random_weight": 0.333238962742856, "id": 24}, {"weight": 1, "random_weight": 0.8219925608497691, "id": 60}], [{"weight": 2, "random_weight": 0.8086740241903531, "id": 7}, {"weight": 1, "random_weight": 0.6794904230102904, "id": 21}, {"weight": 1, "random_weight": 0.6115727465775236, "id": 52}], [{"weight": 2, "random_weight": 0.5666048619765052, "id": 25}, {"weight": 1, "random_weight": 0.7046628055585374, "id": 42}, {"weight": 2, "random_weight": 0.8010186168108945, "id": 47}], [{"weight": 1, "random_weight": 0.07264803433206835, "id": 13}, {"weight": 2, "random_weight": 0.6539043343908142, "id": 23}, {"weight": 1, "random_weight": 0.8561208082304173, "id": 45}], [{"weight": 1, "random_weight": 0.995485208553659, "id": 5}, {"weight": 1, "random_weight": 0.17000873059039023, "id": 18}, {"weight": 1, "random_weight": 0.3773690770539946, "id": 38}, {"weight": 1, "random_weight": 0.23257932252558744, "id": 55}, {"weight": 1, "random_weight": 0.9460755338036121, "id": 56}, {"weight": 1, "random_weight": 0.4307106678216095, "id": 68}], [{"weight": 1, "random_weight": 0.9187026806570159, "id": 12}, {"weight": 1, "random_weight": 0.3773690770539946, "id": 37}, {"weight": 1, "random_weight": 0.625365228876313, "id": 45}, {"weight": 1, "random_weight": 0.8746872921325284, "id": 46}, {"weight": 1, "random_weight": 0.9207203316401992, "id": 50}, {"weight": 1, "random_weight": 0.7205029605743122, "id": 68}], [{"weight": 1, "random_weight": 0.7611608260008643, "id": 21}, {"weight": 1, "random_weight": 0.7917148427638915, "id": 30}, {"weight": 1, "random_weight": 0.8832218843236397, "id": 44}], [{"weight": 2, "random_weight": 0.48892865298142874, "id": 28}, {"weight": 1, "random_weight": 0.9651125070983171, "id": 29}, {"weight": 1, "random_weight": 0.4288700547503632, "id": 57}, {"weight": 1, "random_weight": 0.34430549635767715, "id": 58}], [{"weight": 1, "random_weight": 0.016679243088354, "id": 19}, {"weight": 1, "random_weight": 0.18340734317928342, "id": 20}, {"weight": 2, "random_weight": 0.9355514543513047, "id": 25}, {"weight": 1, "random_weight": 0.8948473075231174, "id": 51}], [{"weight": 1, "random_weight": 0.25228991729660444, "id": 25}, {"weight": 1, "random_weight": 0.7046628055585374, "id": 35}, {"weight": 1, "random_weight": 0.6860311606602113, "id": 43}, {"weight": 1, "random_weight": 0.10939739620618716, "id": 51}, {"weight": 2, "random_weight": 0.559286156571969, "id": 54}], [{"weight": 1, "random_weight": 0.6860311606602113, "id": 42}, {"weight": 1, "random_weight": 0.7810083466956459, "id": 47}, {"weight": 1, "random_weight": 0.011084194985603646, "id": 54}, {"weight": 1, "random_weight": 0.5627189856196593, "id": 64}, {"weight": 1, "random_weight": 0.8269523187320827, "id": 65}, {"weight": 1, "random_weight": 0.8749296583302056, "id": 71}], [{"weight": 1, "random_weight": 0.5701493931038623, "id": 30}, {"weight": 1, "random_weight": 0.8832218843236397, "id": 39}, {"weight": 1, "random_weight": 0.18898239835440322, "id": 46}, {"weight": 1, "random_weight": 0.14408770426592077, "id": 50}], [{"weight": 1, "random_weight": 0.9491516686223117, "id": 12}, {"weight": 1, "random_weight": 0.5172290788756189, "id": 23}, {"weight": 1, "random_weight": 0.8561208082304173, "id": 36}, {"weight": 1, "random_weight": 0.625365228876313, "id": 38}, {"weight": 1, "random_weight": 0.9288700145430412, "id": 46}], [{"weight": 1, "random_weight": 0.8746872921325284, "id": 38}, {"weight": 1, "random_weight": 0.18898239835440322, "id": 44}, {"weight": 1, "random_weight": 0.9288700145430412, "id": 45}, {"weight": 1, "random_weight": 0.8125414515243954, "id": 50}], [{"weight": 2, "random_weight": 0.8010186168108945, "id": 35}, {"weight": 1, "random_weight": 0.7810083466956459, "id": 43}, {"weight": 1, "random_weight": 0.5597716293206311, "id": 57}, {"weight": 1, "random_weight": 0.009492518940359185, "id": 65}], [{"weight": 1, "random_weight": 0.7368516821214481, "id": 5}, {"weight": 1, "random_weight": 0.7964598701901648, "id": 31}, {"weight": 1, "random_weight": 0.5782866611241059, "id": 49}, {"weight": 1, "random_weight": 0.9536525566598388, "id": 61}, {"weight": 2, "random_weight": 0.5306404986037327, "id": 69}], [{"weight": 1, "random_weight": 0.7522897696242075, "id": 32}, {"weight": 1, "random_weight": 0.5782866611241059, "id": 48}, {"weight": 1, "random_weight": 0.6539691615467218, "id": 69}, {"weight": 1, "random_weight": 0.47220183838546625, "id": 70}, {"weight": 2, "random_weight": 0.6164403176203584, "id": 71}], [{"weight": 1, "random_weight": 0.013641914975663916, "id": 30}, {"weight": 1, "random_weight": 0.9207203316401992, "id": 38}, {"weight": 1, "random_weight": 0.14408770426592077, "id": 44}, {"weight": 1, "random_weight": 0.8125414515243954, "id": 46}, {"weight": 2, "random_weight": 0.20609763159489103, "id": 68}], [{"weight": 1, "random_weight": 0.9040716111305444, "id": 3}, {"weight": 1, "random_weight": 0.8830279783646766, "id": 26}, {"weight": 1, "random_weight": 0.6133225063999316, "id": 27}, {"weight": 1, "random_weight": 0.8948473075231174, "id": 41}, {"weight": 1, "random_weight": 0.10939739620618716, "id": 42}, {"weight": 1, "random_weight": 0.88451080085758, "id": 54}], [{"weight": 1, "random_weight": 0.23131115132335633, "id": 3}, {"weight": 1, "random_weight": 0.2983504495861845, "id": 7}, {"weight": 1, "random_weight": 0.6115727465775236, "id": 34}, {"weight": 2, "random_weight": 0.7157022237651969, "id": 53}], [{"weight": 1, "random_weight": 0.26481624638705814, "id": 3}, {"weight": 2, "random_weight": 0.7198878378177762, "id": 26}, {"weight": 2, "random_weight": 0.7157022237651969, "id": 52}], [{"weight": 1, "random_weight": 0.15400846936737078, "id": 4}, {"weight": 2, "random_weight": 0.559286156571969, "id": 42}, {"weight": 1, "random_weight": 0.011084194985603646, "id": 43}, {"weight": 1, "random_weight": 0.88451080085758, "id": 51}, {"weight": 1, "random_weight": 0.24917596363501782, "id": 70}], [{"weight": 1, "random_weight": 0.23257932252558744, "id": 37}, {"weight": 2, "random_weight": 0.016392228314203394, "id": 56}, {"weight": 2, "random_weight": 0.6132373917128047, "id": 69}, {"weight": 1, "random_weight": 0.6258597332454119, "id": 70}], [{"weight": 1, "random_weight": 0.8699116734271403, "id": 4}, {"weight": 2, "random_weight": 0.9754786799204332, "id": 8}, {"weight": 1, "random_weight": 0.9460755338036121, "id": 37}, {"weight": 2, "random_weight": 0.016392228314203394, "id": 55}], [{"weight": 1, "random_weight": 0.4288700547503632, "id": 40}, {"weight": 1, "random_weight": 0.5597716293206311, "id": 47}, {"weight": 1, "random_weight": 0.695532178666925, "id": 58}, {"weight": 1, "random_weight": 0.03611892753748036, "id": 65}], [{"weight": 1, "random_weight": 0.8741423349599159, "id": 29}, {"weight": 1, "random_weight": 0.34430549635767715, "id": 40}, {"weight": 1, "random_weight": 0.695532178666925, "id": 57}, {"weight": 1, "random_weight": 0.8374706900712436, "id": 64}, {"weight": 2, "random_weight": 0.5367993949988249, "id": 65}], [{"weight": 1, "random_weight": 0.4409280133875212, "id": 2}, {"weight": 1, "random_weight": 0.09397942436362738, "id": 24}, {"weight": 2, "random_weight": 0.47930385274974885, "id": 62}, {"weight": 1, "random_weight": 0.5838169000706083, "id": 67}], [{"weight": 1, "random_weight": 0.8391433649945405, "id": 1}, {"weight": 1, "random_weight": 0.5754731161450279, "id": 9}, {"weight": 2, "random_weight": 0.8674006618507726, "id": 14}, {"weight": 1, "random_weight": 0.9880095935418431, "id": 15}, {"weight": 1, "random_weight": 0.8219925608497691, "id": 33}], [{"weight": 1, "random_weight": 0.47217784072286006, "id": 1}, {"weight": 1, "random_weight": 0.7921302751847998, "id": 6}, {"weight": 1, "random_weight": 0.9543365313467509, "id": 9}, {"weight": 2, "random_weight": 0.1886715179114965, "id": 31}, {"weight": 1, "random_weight": 0.9536525566598388, "id": 48}], [{"weight": 2, "random_weight": 0.47930385274974885, "id": 59}, {"weight": 2, "random_weight": 0.1381590801781043, "id": 63}, {"weight": 1, "random_weight": 0.261790206237005, "id": 66}], [{"weight": 2, "random_weight": 0.45076261949730057, "id": 22}, {"weight": 1, "random_weight": 0.6594319843801125, "id": 29}, {"weight": 2, "random_weight": 0.1381590801781043, "id": 62}], [{"weight": 1, "random_weight": 0.9667471656606778, "id": 32}, {"weight": 1, "random_weight": 0.5627189856196593, "id": 43}, {"weight": 1, "random_weight": 0.8374706900712436, "id": 58}, {"weight": 1, "random_weight": 0.9050663724723099, "id": 65}, {"weight": 1, "random_weight": 0.3925088036895047, "id": 66}, {"weight": 1, "random_weight": 0.9471151157742969, "id": 71}], [{"weight": 1, "random_weight": 0.8269523187320827, "id": 43}, {"weight": 1, "random_weight": 0.009492518940359185, "id": 47}, {"weight": 1, "random_weight": 0.03611892753748036, "id": 57}, {"weight": 2, "random_weight": 0.5367993949988249, "id": 58}, {"weight": 1, "random_weight": 0.9050663724723099, "id": 64}], [{"weight": 2, "random_weight": 0.6294468459836301, "id": 29}, {"weight": 1, "random_weight": 0.261790206237005, "id": 62}, {"weight": 1, "random_weight": 0.3925088036895047, "id": 64}, {"weight": 2, "random_weight": 0.030483225615118292, "id": 67}], [{"weight": 2, "random_weight": 0.28411024400145246, "id": 0}, {"weight": 1, "random_weight": 0.5360948753050035, "id": 32}, {"weight": 1, "random_weight": 0.5838169000706083, "id": 59}, {"weight": 2, "random_weight": 0.030483225615118292, "id": 66}], [{"weight": 1, "random_weight": 0.333569849348072, "id": 18}, {"weight": 1, "random_weight": 0.48830334954151255, "id": 30}, {"weight": 1, "random_weight": 0.4307106678216095, "id": 37}, {"weight": 1, "random_weight": 0.7205029605743122, "id": 38}, {"weight": 2, "random_weight": 0.20609763159489103, "id": 50}], [{"weight": 1, "random_weight": 0.4740526819152463, "id": 5}, {"weight": 2, "random_weight": 0.5306404986037327, "id": 48}, {"weight": 1, "random_weight": 0.6539691615467218, "id": 49}, {"weight": 2, "random_weight": 0.6132373917128047, "id": 55}], [{"weight": 2, "random_weight": 0.8592361373800728, "id": 4}, {"weight": 1, "random_weight": 0.47220183838546625, "id": 49}, {"weight": 1, "random_weight": 0.24917596363501782, "id": 54}, {"weight": 1, "random_weight": 0.6258597332454119, "id": 55}, {"weight": 1, "random_weight": 0.07695786378428016, "id": 71}], [{"weight": 1, "random_weight": 0.803813030350852, "id": 32}, {"weight": 1, "random_weight": 0.8749296583302056, "id": 43}, {"weight": 2, "random_weight": 0.6164403176203584, "id": 49}, {"weight": 1, "random_weight": 0.9471151157742969, "id": 64}, {"weight": 1, "random_weight": 0.07695786378428016, "id": 70}]]}