{"directed": false, "multigraph": false, "graph": [], "nodes": [{"graph": null, "nnodes": 2, "nedges": 1, "density": 1.0, "atomics": "[81, 69]", "group_pop": 2, "init_part_assignment": 0, "id": 0}, {"graph": null, "nnodes": 2, "nedges": 1, "density": 1.0, "atomics": "[82, 70]", "group_pop": 2, "init_part_assignment": 8, "id": 1}, {"graph": null, "nnodes": 2, "nedges": 1, "density": 1.0, "atomics": "[73, 74]", "group_pop": 2, "init_part_assignment": 6, "id": 2}, {"graph": null, "nnodes": 2, "nedges": 1, "density": 1.0, "atomics": "[75, 87]", "group_pop": 2, "init_part_assignment": 9, "id": 3}, {"graph": null, "nnodes": 2, "nedges": 1, "density": 1.0, "atomics": "[41, 42]", "group_pop": 2, "init_part_assignment": 0, "id": 4}, {"graph": null, "nnodes": 2, "nedges": 1, "density": 1.0, "atomics": "[43, 55]", "group_pop": 2, "init_part_assignment": 0, "id": 5}, {"graph": null, "nnodes": 2, "nedges": 1, "density": 1.0, "atomics": "[60, 61]", "group_pop": 2, "init_part_assignment": 9, "id": 6}, {"graph": null, "nnodes": 2, "nedges": 1, "density": 1.0, "atomics": "[62, 63]", "group_pop": 2, "init_part_assignment": 6, "id": 7}, {"graph": null, "nnodes": 2, "nedges": 1, "density": 1.0, "atomics": "[32, 20]", "group_pop": 2, "init_part_assignment": 3, "id": 8}, {"graph": null, "nnodes": 2, "nedges": 1, "density": 1.0, "atomics": "[130, 142]", "group_pop": 2, "init_part_assignment": 10, "id": 9}, {"graph": null, "nnodes": 2, "nedges": 1, "density": 1.0, "atomics": "[131, 143]", "group_pop": 2, "init_part_assignment": 10, "id": 10}, {"graph": null, "nnodes": 2, "nedges": 1, "density": 1.0, "atomics": "[29, 30]", "group_pop": 2, "init_part_assignment": 0, "id": 11}, {"graph": null, "nnodes": 2, "nedges": 1, "density": 1.0, "atomics": "[8, 9]", "group_pop": 2, "init_part_assignment": 4, "id": 12}, {"graph": null, "nnodes": 2, "nedges": 1, "density": 1.0, "atomics": "[33, 34]", "group_pop": 2, "init_part_assignment": 3, "id": 13}, {"graph": null, "nnodes": 2, "nedges": 1, "density": 1.0, "atomics": "[35, 23]", "group_pop": 2, "init_part_assignment": 3, "id": 14}, {"graph": null, "nnodes": 2, "nedges": 1, "density": 1.0, "atomics": "[10, 11]", "group_pop": 2, "init_part_assignment": 3, "id": 15}, {"graph": null, "nnodes": 2, "nedges": 1, "density": 1.0, "atomics": "[49, 37]", "group_pop": 2, "init_part_assignment": 6, "id": 16}, {"graph": null, "nnodes": 2, "nedges": 1, "density": 1.0, "atomics": "[120, 132]", "group_pop": 2, "init_part_assignment": 2, "id": 17}, {"graph": null, "nnodes": 2, "nedges": 1, "density": 1.0, "atomics": "[24, 25]", "group_pop": 2, "init_part_assignment": 6, "id": 18}, {"graph": null, "nnodes": 2, "nedges": 1, "density": 1.0, "atomics": "[48, 36]", "group_pop": 2, "init_part_assignment": 9, "id": 19}, {"graph": null, "nnodes": 2, "nedges": 1, "density": 1.0, "atomics": "[19, 31]", "group_pop": 2, "init_part_assignment": 0, "id": 20}, {"graph": null, "nnodes": 2, "nedges": 1, "density": 1.0, "atomics": "[83, 71]", "group_pop": 2, "init_part_assignment": 8, "id": 21}, {"graph": null, "nnodes": 2, "nedges": 1, "density": 1.0, "atomics": "[17, 18]", "group_pop": 2, "init_part_assignment": 4, "id": 22}, {"graph": null, "nnodes": 2, "nedges": 1, "density": 1.0, "atomics": "[122, 123]", "group_pop": 2, "init_part_assignment": 2, "id": 23}, {"graph": null, "nnodes": 2, "nedges": 1, "density": 1.0, "atomics": "[134, 135]", "group_pop": 2, "init_part_assignment": 2, "id": 24}, {"graph": null, "nnodes": 2, "nedges": 1, "density": 1.0, "atomics": "[21, 22]", "group_pop": 2, "init_part_assignment": 3, "id": 25}, {"graph": null, "nnodes": 2, "nedges": 1, "density": 1.0, "atomics": "[96, 108]", "group_pop": 2, "init_part_assignment": 2, "id": 26}, {"graph": null, "nnodes": 2, "nedges": 1, "density": 1.0, "atomics": "[129, 117]", "group_pop": 2, "init_part_assignment": 10, "id": 27}, {"graph": null, "nnodes": 2, "nedges": 1, "density": 1.0, "atomics": "[12, 13]", "group_pop": 2, "init_part_assignment": 1, "id": 28}, {"graph": null, "nnodes": 2, "nedges": 1, "density": 1.0, "atomics": "[67, 79]", "group_pop": 2, "init_part_assignment": 7, "id": 29}, {"graph": null, "nnodes": 2, "nedges": 1, "density": 1.0, "atomics": "[56, 57]", "group_pop": 2, "init_part_assignment": 0, "id": 30}, {"graph": null, "nnodes": 2, "nedges": 1, "density": 1.0, "atomics": "[58, 46]", "group_pop": 2, "init_part_assignment": 8, "id": 31}, {"graph": null, "nnodes": 2, "nedges": 1, "density": 1.0, "atomics": "[136, 124]", "group_pop": 2, "init_part_assignment": 5, "id": 32}, {"graph": null, "nnodes": 2, "nedges": 1, "density": 1.0, "atomics": "[6, 7]", "group_pop": 2, "init_part_assignment": 4, "id": 33}, {"graph": null, "nnodes": 2, "nedges": 1, "density": 1.0, "atomics": "[40, 52]", "group_pop": 2, "init_part_assignment": 4, "id": 34}, {"graph": null, "nnodes": 2, "nedges": 1, "density": 1.0, "atomics": "[16, 28]", "group_pop": 2, "init_part_assignment": 4, "id": 35}, {"graph": null, "nnodes": 2, "nedges": 1, "density": 1.0, "atomics": "[0, 1]", "group_pop": 2, "init_part_assignment": 1, "id": 36}, {"graph": null, "nnodes": 2, "nedges": 1, "density": 1.0, "atomics": "[128, 127]", "group_pop": 2, "init_part_assignment": 11, "id": 37}, {"graph": null, "nnodes": 2, "nedges": 1, "density": 1.0, "atomics": "[115, 116]", "group_pop": 2, "init_part_assignment": 11, "id": 38}, {"graph": null, "nnodes": 2, "nedges": 1, "density": 1.0, "atomics": "[121, 133]", "group_pop": 2, "init_part_assignment": 2, "id": 39}, {"graph": null, "nnodes": 2, "nedges": 1, "density": 1.0, "atomics": "[112, 113]", "group_pop": 2, "init_part_assignment": 5, "id": 40}, {"graph": null, "nnodes": 2, "nedges": 1, "density": 1.0, "atomics": "[2, 3]", "group_pop": 2, "init_part_assignment": 1, "id": 41}, {"graph": null, "nnodes": 2, "nedges": 1, "density": 1.0, "atomics": "[4, 5]", "group_pop": 2, "init_part_assignment": 1, "id": 42}, {"graph": null, "nnodes": 2, "nedges": 1, "density": 1.0, "atomics": "[140, 141]", "group_pop": 2, "init_part_assignment": 11, "id": 43}, {"graph": null, "nnodes": 2, "nedges": 1, "density": 1.0, "atomics": "[97, 109]", "group_pop": 2, "init_part_assignment": 2, "id": 44}, {"graph": null, "nnodes": 2, "nedges": 1, "density": 1.0, "atomics": "[137, 125]", "group_pop": 2, "init_part_assignment": 5, "id": 45}, {"graph": null, "nnodes": 2, "nedges": 1, "density": 1.0, "atomics": "[66, 78]", "group_pop": 2, "init_part_assignment": 7, "id": 46}, {"graph": null, "nnodes": 2, "nedges": 1, "density": 1.0, "atomics": "[14, 15]", "group_pop": 2, "init_part_assignment": 1, "id": 47}, {"graph": null, "nnodes": 2, "nedges": 1, "density": 1.0, "atomics": "[98, 110]", "group_pop": 2, "init_part_assignment": 5, "id": 48}, {"graph": null, "nnodes": 2, "nedges": 1, "density": 1.0, "atomics": "[99, 111]", "group_pop": 2, "init_part_assignment": 5, "id": 49}, {"graph": null, "nnodes": 2, "nedges": 1, "density": 1.0, "atomics": "[72, 84]", "group_pop": 2, "init_part_assignment": 9, "id": 50}, {"graph": null, "nnodes": 2, "nedges": 1, "density": 1.0, "atomics": "[59, 47]", "group_pop": 2, "init_part_assignment": 8, "id": 51}, {"graph": null, "nnodes": 2, "nedges": 1, "density": 1.0, "atomics": "[80, 68]", "group_pop": 2, "init_part_assignment": 7, "id": 52}, {"graph": null, "nnodes": 2, "nedges": 1, "density": 1.0, "atomics": "[88, 100]", "group_pop": 2, "init_part_assignment": 9, "id": 53}, {"graph": null, "nnodes": 2, "nedges": 1, "density": 1.0, "atomics": "[101, 102]", "group_pop": 2, "init_part_assignment": 11, "id": 54}, {"graph": null, "nnodes": 2, "nedges": 1, "density": 1.0, "atomics": "[64, 65]", "group_pop": 2, "init_part_assignment": 7, "id": 55}, {"graph": null, "nnodes": 2, "nedges": 1, "density": 1.0, "atomics": "[138, 139]", "group_pop": 2, "init_part_assignment": 11, "id": 56}, {"graph": null, "nnodes": 2, "nedges": 1, "density": 1.0, "atomics": "[106, 94]", "group_pop": 2, "init_part_assignment": 8, "id": 57}, {"graph": null, "nnodes": 2, "nedges": 1, "density": 1.0, "atomics": "[107, 95]", "group_pop": 2, "init_part_assignment": 8, "id": 58}, {"graph": null, "nnodes": 2, "nedges": 1, "density": 1.0, "atomics": "[44, 45]", "group_pop": 2, "init_part_assignment": 3, "id": 59}, {"graph": null, "nnodes": 2, "nedges": 1, "density": 1.0, "atomics": "[85, 86]", "group_pop": 2, "init_part_assignment": 9, "id": 60}, {"graph": null, "nnodes": 2, "nedges": 1, "density": 1.0, "atomics": "[118, 119]", "group_pop": 2, "init_part_assignment": 10, "id": 61}, {"graph": null, "nnodes": 2, "nedges": 1, "density": 1.0, "atomics": "[53, 54]", "group_pop": 2, "init_part_assignment": 4, "id": 62}, {"graph": null, "nnodes": 2, "nedges": 1, "density": 1.0, "atomics": "[91, 103]", "group_pop": 2, "init_part_assignment": 11, "id": 63}, {"graph": null, "nnodes": 2, "nedges": 1, "density": 1.0, "atomics": "[114, 126]", "group_pop": 2, "init_part_assignment": 5, "id": 64}, {"graph": null, "nnodes": 2, "nedges": 1, "density": 1.0, "atomics": "[50, 38]", "group_pop": 2, "init_part_assignment": 6, "id": 65}, {"graph": null, "nnodes": 2, "nedges": 1, "density": 1.0, "atomics": "[105, 93]", "group_pop": 2, "init_part_assignment": 10, "id": 66}, {"graph": null, "nnodes": 2, "nedges": 1, "density": 1.0, "atomics": "[26, 27]", "group_pop": 2, "init_part_assignment": 1, "id": 67}, {"graph": null, "nnodes": 2, "nedges": 1, "density": 1.0, "atomics": "[51, 39]", "group_pop": 2, "init_part_assignment": 6, "id": 68}, {"graph": null, "nnodes": 2, "nedges": 1, "density": 1.0, "atomics": "[104, 92]", "group_pop": 2, "init_part_assignment": 10, "id": 69}, {"graph": null, "nnodes": 2, "nedges": 1, "density": 1.0, "atomics": "[76, 77]", "group_pop": 2, "init_part_assignment": 7, "id": 70}, {"graph": null, "nnodes": 2, "nedges": 1, "density": 1.0, "atomics": "[89, 90]", "group_pop": 2, "init_part_assignment": 7, "id": 71}], "adjacency": [[{"weight": 2, "random_weight": 0.7985828182852076, "id": 1}, {"weight": 1, "random_weight": 0.04918614530343013, "id": 30}, {"weight": 2, "random_weight": 0.8316749644794806, "id": 52}, {"weight": 1, "random_weight": 0.621027044392127, "id": 66}], [{"weight": 2, "random_weight": 0.7985828182852076, "id": 0}, {"weight": 2, "random_weight": 0.9214041392011102, "id": 21}, {"weight": 1, "random_weight": 0.823160870741022, "id": 31}, {"weight": 1, "random_weight": 0.02294415705121, "id": 57}], [{"weight": 1, "random_weight": 0.6261778675996884, "id": 3}, {"weight": 1, "random_weight": 0.3230690182997378, "id": 6}, {"weight": 1, "random_weight": 0.12471830829069541, "id": 7}, {"weight": 1, "random_weight": 0.4452160400483681, "id": 50}, {"weight": 2, "random_weight": 0.3383163838933616, "id": 60}], [{"weight": 1, "random_weight": 0.6261778675996884, "id": 2}, {"weight": 1, "random_weight": 0.7707762015470365, "id": 7}, {"weight": 1, "random_weight": 0.8557487984573892, "id": 49}, {"weight": 1, "random_weight": 0.3780806772261541, "id": 53}, {"weight": 1, "random_weight": 0.21242426688719118, "id": 60}, {"weight": 1, "random_weight": 0.8920766944581383, "id": 70}], [{"weight": 1, "random_weight": 0.28971201753080034, "id": 5}, {"weight": 2, "random_weight": 0.6692478006479348, "id": 11}, {"weight": 1, "random_weight": 0.7588079532497801, "id": 34}, {"weight": 2, "random_weight": 0.6802712861403326, "id": 62}], [{"weight": 1, "random_weight": 0.28971201753080034, "id": 4}, {"weight": 1, "random_weight": 0.09984976883475916, "id": 20}, {"weight": 1, "random_weight": 0.8990221545616507, "id": 29}, {"weight": 1, "random_weight": 0.0446637988271501, "id": 30}, {"weight": 1, "random_weight": 0.7073590433341483, "id": 59}, {"weight": 1, "random_weight": 0.8087076307168545, "id": 62}], [{"weight": 1, "random_weight": 0.3230690182997378, "id": 2}, {"weight": 1, "random_weight": 0.1045928006286515, "id": 7}, {"weight": 1, "random_weight": 0.5915272060128463, "id": 16}, {"weight": 1, "random_weight": 0.5590428963440319, "id": 19}, {"weight": 1, "random_weight": 0.7446842123789382, "id": 50}], [{"weight": 1, "random_weight": 0.12471830829069541, "id": 2}, {"weight": 1, "random_weight": 0.7707762015470365, "id": 3}, {"weight": 1, "random_weight": 0.1045928006286515, "id": 6}, {"weight": 1, "random_weight": 0.902314992750097, "id": 55}, {"weight": 1, "random_weight": 0.2923915533852073, "id": 65}, {"weight": 1, "random_weight": 0.1850020874733146, "id": 68}], [{"weight": 1, "random_weight": 0.3769220830916509, "id": 12}, {"weight": 1, "random_weight": 0.1504766921484878, "id": 13}, {"weight": 2, "random_weight": 0.7226655511535278, "id": 20}, {"weight": 1, "random_weight": 0.20636934299493803, "id": 25}, {"weight": 1, "random_weight": 0.5152637948938784, "id": 59}], [{"weight": 2, "random_weight": 0.9391246319226094, "id": 10}, {"weight": 1, "random_weight": 0.2944730454044795, "id": 27}, {"weight": 1, "random_weight": 0.4634577604821728, "id": 43}, {"weight": 1, "random_weight": 0.07875395443448518, "id": 61}], [{"weight": 2, "random_weight": 0.9391246319226094, "id": 9}, {"weight": 1, "random_weight": 0.31826828832609855, "id": 61}], [{"weight": 2, "random_weight": 0.6692478006479348, "id": 4}, {"weight": 1, "random_weight": 0.11966951555824512, "id": 20}, {"weight": 2, "random_weight": 0.8373384603197824, "id": 22}, {"weight": 1, "random_weight": 0.7200969913110662, "id": 35}], [{"weight": 1, "random_weight": 0.3769220830916509, "id": 8}, {"weight": 1, "random_weight": 0.6157774177850367, "id": 15}, {"weight": 1, "random_weight": 0.7047486923713195, "id": 25}, {"weight": 1, "random_weight": 0.019394832889009228, "id": 33}], [{"weight": 1, "random_weight": 0.1504766921484878, "id": 8}, {"weight": 1, "random_weight": 0.4277938535725546, "id": 14}, {"weight": 2, "random_weight": 0.345483314392805, "id": 25}, {"weight": 1, "random_weight": 0.9514193601704645, "id": 31}, {"weight": 1, "random_weight": 0.39362415475286694, "id": 59}], [{"weight": 1, "random_weight": 0.4277938535725546, "id": 13}, {"weight": 1, "random_weight": 0.26082939673333616, "id": 15}, {"weight": 1, "random_weight": 0.32880140468190544, "id": 25}, {"weight": 1, "random_weight": 0.992826526543834, "id": 51}], [{"weight": 1, "random_weight": 0.6157774177850367, "id": 12}, {"weight": 1, "random_weight": 0.26082939673333616, "id": 14}, {"weight": 1, "random_weight": 0.37779616690546713, "id": 25}], [{"weight": 1, "random_weight": 0.5915272060128463, "id": 6}, {"weight": 1, "random_weight": 0.10405587377927483, "id": 18}, {"weight": 2, "random_weight": 0.8499063293050313, "id": 19}, {"weight": 2, "random_weight": 0.2775010072089742, "id": 65}], [{"weight": 1, "random_weight": 0.23503728731566376, "id": 26}, {"weight": 2, "random_weight": 0.6258517912768977, "id": 39}], [{"weight": 1, "random_weight": 0.10405587377927483, "id": 16}, {"weight": 1, "random_weight": 0.7816214101064219, "id": 19}, {"weight": 2, "random_weight": 0.3850149452051205, "id": 28}, {"weight": 1, "random_weight": 0.625214081298632, "id": 67}], [{"weight": 1, "random_weight": 0.5590428963440319, "id": 6}, {"weight": 2, "random_weight": 0.8499063293050313, "id": 16}, {"weight": 1, "random_weight": 0.7816214101064219, "id": 18}], [{"weight": 1, "random_weight": 0.09984976883475916, "id": 5}, {"weight": 2, "random_weight": 0.7226655511535278, "id": 8}, {"weight": 1, "random_weight": 0.11966951555824512, "id": 11}, {"weight": 1, "random_weight": 0.8264415015923293, "id": 22}, {"weight": 1, "random_weight": 0.048290317983813225, "id": 33}], [{"weight": 2, "random_weight": 0.9214041392011102, "id": 1}, {"weight": 1, "random_weight": 0.5533497356319255, "id": 51}, {"weight": 1, "random_weight": 0.973886308076219, "id": 58}], [{"weight": 2, "random_weight": 0.8373384603197824, "id": 11}, {"weight": 1, "random_weight": 0.8264415015923293, "id": 20}, {"weight": 1, "random_weight": 0.5881108731248861, "id": 33}, {"weight": 1, "random_weight": 0.19315793430874062, "id": 35}, {"weight": 1, "random_weight": 0.9847768584477633, "id": 42}], [{"weight": 2, "random_weight": 0.7347829944418244, "id": 24}, {"weight": 1, "random_weight": 0.6571874411313544, "id": 32}, {"weight": 1, "random_weight": 0.3004335535244582, "id": 39}, {"weight": 1, "random_weight": 0.8359141514570331, "id": 48}, {"weight": 1, "random_weight": 0.3222423428630662, "id": 49}], [{"weight": 2, "random_weight": 0.7347829944418244, "id": 23}, {"weight": 1, "random_weight": 0.6113514246846007, "id": 32}, {"weight": 1, "random_weight": 0.27906970933506614, "id": 39}], [{"weight": 1, "random_weight": 0.20636934299493803, "id": 8}, {"weight": 1, "random_weight": 0.7047486923713195, "id": 12}, {"weight": 2, "random_weight": 0.345483314392805, "id": 13}, {"weight": 1, "random_weight": 0.32880140468190544, "id": 14}, {"weight": 1, "random_weight": 0.37779616690546713, "id": 15}], [{"weight": 1, "random_weight": 0.23503728731566376, "id": 17}, {"weight": 2, "random_weight": 0.952649754232058, "id": 44}, {"weight": 1, "random_weight": 0.923071655647225, "id": 50}], [{"weight": 1, "random_weight": 0.2944730454044795, "id": 9}, {"weight": 1, "random_weight": 0.9854354838414148, "id": 37}, {"weight": 1, "random_weight": 0.49788430571568587, "id": 38}, {"weight": 1, "random_weight": 0.8559009078321654, "id": 43}, {"weight": 1, "random_weight": 0.24849483825045926, "id": 61}, {"weight": 1, "random_weight": 0.6380430471791421, "id": 66}], [{"weight": 2, "random_weight": 0.3850149452051205, "id": 18}, {"weight": 2, "random_weight": 0.385906531341188, "id": 36}, {"weight": 1, "random_weight": 0.10461808781437243, "id": 47}], [{"weight": 1, "random_weight": 0.8990221545616507, "id": 5}, {"weight": 2, "random_weight": 0.18889776226866373, "id": 46}, {"weight": 2, "random_weight": 0.16173491927571615, "id": 52}, {"weight": 1, "random_weight": 0.796708939067805, "id": 63}], [{"weight": 1, "random_weight": 0.04918614530343013, "id": 0}, {"weight": 1, "random_weight": 0.0446637988271501, "id": 5}, {"weight": 1, "random_weight": 0.5719916158804271, "id": 31}, {"weight": 1, "random_weight": 0.9676357430864417, "id": 52}, {"weight": 2, "random_weight": 0.9731764603551808, "id": 59}], [{"weight": 1, "random_weight": 0.823160870741022, "id": 1}, {"weight": 1, "random_weight": 0.9514193601704645, "id": 13}, {"weight": 1, "random_weight": 0.5719916158804271, "id": 30}, {"weight": 2, "random_weight": 0.1070764137304342, "id": 51}, {"weight": 1, "random_weight": 0.8374833227069555, "id": 59}], [{"weight": 1, "random_weight": 0.6571874411313544, "id": 23}, {"weight": 1, "random_weight": 0.6113514246846007, "id": 24}, {"weight": 1, "random_weight": 0.6080583989976261, "id": 40}, {"weight": 2, "random_weight": 0.3108158269749881, "id": 45}], [{"weight": 1, "random_weight": 0.019394832889009228, "id": 12}, {"weight": 1, "random_weight": 0.048290317983813225, "id": 20}, {"weight": 1, "random_weight": 0.5881108731248861, "id": 22}, {"weight": 1, "random_weight": 0.6536171609905758, "id": 42}], [{"weight": 1, "random_weight": 0.7588079532497801, "id": 4}, {"weight": 1, "random_weight": 0.9713417242780962, "id": 35}, {"weight": 1, "random_weight": 0.3817663240261052, "id": 55}, {"weight": 1, "random_weight": 0.037478803405918804, "id": 62}, {"weight": 2, "random_weight": 0.7538921149770605, "id": 68}], [{"weight": 1, "random_weight": 0.7200969913110662, "id": 11}, {"weight": 1, "random_weight": 0.19315793430874062, "id": 22}, {"weight": 1, "random_weight": 0.9713417242780962, "id": 34}, {"weight": 1, "random_weight": 0.46196085772706885, "id": 42}, {"weight": 1, "random_weight": 0.18377907292052575, "id": 47}, {"weight": 1, "random_weight": 0.7995384520429644, "id": 67}], [{"weight": 2, "random_weight": 0.385906531341188, "id": 28}, {"weight": 1, "random_weight": 0.7697897759009199, "id": 41}], [{"weight": 1, "random_weight": 0.9854354838414148, "id": 27}, {"weight": 2, "random_weight": 0.12588967166143317, "id": 38}, {"weight": 1, "random_weight": 0.2783411518124589, "id": 43}, {"weight": 1, "random_weight": 0.6675655525328942, "id": 56}, {"weight": 1, "random_weight": 0.8476260896640764, "id": 64}], [{"weight": 1, "random_weight": 0.49788430571568587, "id": 27}, {"weight": 2, "random_weight": 0.12588967166143317, "id": 37}, {"weight": 1, "random_weight": 0.21700427996181682, "id": 63}, {"weight": 1, "random_weight": 0.7155864927077409, "id": 64}, {"weight": 1, "random_weight": 0.8179518876200402, "id": 69}], [{"weight": 2, "random_weight": 0.6258517912768977, "id": 17}, {"weight": 1, "random_weight": 0.3004335535244582, "id": 23}, {"weight": 1, "random_weight": 0.27906970933506614, "id": 24}, {"weight": 1, "random_weight": 0.1234546968359449, "id": 44}], [{"weight": 1, "random_weight": 0.6080583989976261, "id": 32}, {"weight": 1, "random_weight": 0.3811917916107581, "id": 45}, {"weight": 1, "random_weight": 0.3213257983783667, "id": 49}, {"weight": 1, "random_weight": 0.6375801652063473, "id": 53}, {"weight": 1, "random_weight": 0.9830778838122646, "id": 54}, {"weight": 1, "random_weight": 0.014738592264600725, "id": 64}], [{"weight": 1, "random_weight": 0.7697897759009199, "id": 36}, {"weight": 1, "random_weight": 0.3932550804216708, "id": 42}, {"weight": 2, "random_weight": 0.05646311963065587, "id": 47}], [{"weight": 1, "random_weight": 0.9847768584477633, "id": 22}, {"weight": 1, "random_weight": 0.6536171609905758, "id": 33}, {"weight": 1, "random_weight": 0.46196085772706885, "id": 35}, {"weight": 1, "random_weight": 0.3932550804216708, "id": 41}], [{"weight": 1, "random_weight": 0.4634577604821728, "id": 9}, {"weight": 1, "random_weight": 0.8559009078321654, "id": 27}, {"weight": 1, "random_weight": 0.2783411518124589, "id": 37}, {"weight": 1, "random_weight": 0.31240110072227445, "id": 56}], [{"weight": 2, "random_weight": 0.952649754232058, "id": 26}, {"weight": 1, "random_weight": 0.1234546968359449, "id": 39}, {"weight": 2, "random_weight": 0.6887711393291838, "id": 48}, {"weight": 1, "random_weight": 0.4995991971744702, "id": 60}], [{"weight": 2, "random_weight": 0.3108158269749881, "id": 32}, {"weight": 1, "random_weight": 0.3811917916107581, "id": 40}, {"weight": 1, "random_weight": 0.7906178331991934, "id": 56}, {"weight": 1, "random_weight": 0.5349846040098711, "id": 64}], [{"weight": 2, "random_weight": 0.18889776226866373, "id": 29}, {"weight": 1, "random_weight": 0.17816302349662105, "id": 55}, {"weight": 1, "random_weight": 0.5177967722074964, "id": 62}, {"weight": 1, "random_weight": 0.9745374998130549, "id": 70}, {"weight": 1, "random_weight": 0.5341518285350738, "id": 71}], [{"weight": 1, "random_weight": 0.10461808781437243, "id": 28}, {"weight": 1, "random_weight": 0.18377907292052575, "id": 35}, {"weight": 2, "random_weight": 0.05646311963065587, "id": 41}, {"weight": 2, "random_weight": 0.3268093494225104, "id": 67}], [{"weight": 1, "random_weight": 0.8359141514570331, "id": 23}, {"weight": 2, "random_weight": 0.6887711393291838, "id": 44}, {"weight": 2, "random_weight": 0.36077978206903816, "id": 49}, {"weight": 1, "random_weight": 0.8717272603731159, "id": 60}], [{"weight": 1, "random_weight": 0.8557487984573892, "id": 3}, {"weight": 1, "random_weight": 0.3222423428630662, "id": 23}, {"weight": 1, "random_weight": 0.3213257983783667, "id": 40}, {"weight": 2, "random_weight": 0.36077978206903816, "id": 48}, {"weight": 1, "random_weight": 0.8828425685519189, "id": 53}], [{"weight": 1, "random_weight": 0.4452160400483681, "id": 2}, {"weight": 1, "random_weight": 0.7446842123789382, "id": 6}, {"weight": 1, "random_weight": 0.923071655647225, "id": 26}, {"weight": 1, "random_weight": 0.5699690215127805, "id": 60}], [{"weight": 1, "random_weight": 0.992826526543834, "id": 14}, {"weight": 1, "random_weight": 0.5533497356319255, "id": 21}, {"weight": 2, "random_weight": 0.1070764137304342, "id": 31}], [{"weight": 2, "random_weight": 0.8316749644794806, "id": 0}, {"weight": 2, "random_weight": 0.16173491927571615, "id": 29}, {"weight": 1, "random_weight": 0.9676357430864417, "id": 30}, {"weight": 1, "random_weight": 0.5692599156576922, "id": 69}], [{"weight": 1, "random_weight": 0.3780806772261541, "id": 3}, {"weight": 1, "random_weight": 0.6375801652063473, "id": 40}, {"weight": 1, "random_weight": 0.8828425685519189, "id": 49}, {"weight": 1, "random_weight": 0.25099546503783965, "id": 54}, {"weight": 1, "random_weight": 0.7098975744493711, "id": 70}, {"weight": 1, "random_weight": 0.597846848226251, "id": 71}], [{"weight": 1, "random_weight": 0.9830778838122646, "id": 40}, {"weight": 1, "random_weight": 0.25099546503783965, "id": 53}, {"weight": 1, "random_weight": 0.32302318156374676, "id": 63}, {"weight": 1, "random_weight": 0.6759588851628423, "id": 64}, {"weight": 2, "random_weight": 0.7439669296296348, "id": 71}], [{"weight": 1, "random_weight": 0.902314992750097, "id": 7}, {"weight": 1, "random_weight": 0.3817663240261052, "id": 34}, {"weight": 1, "random_weight": 0.17816302349662105, "id": 46}, {"weight": 1, "random_weight": 0.6156714354024396, "id": 62}, {"weight": 2, "random_weight": 0.6029402114724899, "id": 70}], [{"weight": 1, "random_weight": 0.6675655525328942, "id": 37}, {"weight": 1, "random_weight": 0.31240110072227445, "id": 43}, {"weight": 1, "random_weight": 0.7906178331991934, "id": 45}, {"weight": 1, "random_weight": 0.37355426626414967, "id": 64}], [{"weight": 1, "random_weight": 0.02294415705121, "id": 1}, {"weight": 2, "random_weight": 0.13119628494961255, "id": 58}, {"weight": 1, "random_weight": 0.2703504341150017, "id": 61}, {"weight": 2, "random_weight": 0.2401391296622678, "id": 66}], [{"weight": 1, "random_weight": 0.973886308076219, "id": 21}, {"weight": 2, "random_weight": 0.13119628494961255, "id": 57}, {"weight": 1, "random_weight": 0.6522823965501497, "id": 61}], [{"weight": 1, "random_weight": 0.7073590433341483, "id": 5}, {"weight": 1, "random_weight": 0.5152637948938784, "id": 8}, {"weight": 1, "random_weight": 0.39362415475286694, "id": 13}, {"weight": 2, "random_weight": 0.9731764603551808, "id": 30}, {"weight": 1, "random_weight": 0.8374833227069555, "id": 31}], [{"weight": 2, "random_weight": 0.3383163838933616, "id": 2}, {"weight": 1, "random_weight": 0.21242426688719118, "id": 3}, {"weight": 1, "random_weight": 0.4995991971744702, "id": 44}, {"weight": 1, "random_weight": 0.8717272603731159, "id": 48}, {"weight": 1, "random_weight": 0.5699690215127805, "id": 50}], [{"weight": 1, "random_weight": 0.07875395443448518, "id": 9}, {"weight": 1, "random_weight": 0.31826828832609855, "id": 10}, {"weight": 1, "random_weight": 0.24849483825045926, "id": 27}, {"weight": 1, "random_weight": 0.2703504341150017, "id": 57}, {"weight": 1, "random_weight": 0.6522823965501497, "id": 58}], [{"weight": 2, "random_weight": 0.6802712861403326, "id": 4}, {"weight": 1, "random_weight": 0.8087076307168545, "id": 5}, {"weight": 1, "random_weight": 0.037478803405918804, "id": 34}, {"weight": 1, "random_weight": 0.5177967722074964, "id": 46}, {"weight": 1, "random_weight": 0.6156714354024396, "id": 55}], [{"weight": 1, "random_weight": 0.796708939067805, "id": 29}, {"weight": 1, "random_weight": 0.21700427996181682, "id": 38}, {"weight": 1, "random_weight": 0.32302318156374676, "id": 54}, {"weight": 2, "random_weight": 0.7532425578455215, "id": 69}, {"weight": 1, "random_weight": 0.9094133719573215, "id": 71}], [{"weight": 1, "random_weight": 0.8476260896640764, "id": 37}, {"weight": 1, "random_weight": 0.7155864927077409, "id": 38}, {"weight": 1, "random_weight": 0.014738592264600725, "id": 40}, {"weight": 1, "random_weight": 0.5349846040098711, "id": 45}, {"weight": 1, "random_weight": 0.6759588851628423, "id": 54}, {"weight": 1, "random_weight": 0.37355426626414967, "id": 56}], [{"weight": 1, "random_weight": 0.2923915533852073, "id": 7}, {"weight": 2, "random_weight": 0.2775010072089742, "id": 16}, {"weight": 1, "random_weight": 0.3373938927953294, "id": 67}, {"weight": 2, "random_weight": 0.9029997451678349, "id": 68}], [{"weight": 1, "random_weight": 0.621027044392127, "id": 0}, {"weight": 1, "random_weight": 0.6380430471791421, "id": 27}, {"weight": 2, "random_weight": 0.2401391296622678, "id": 57}, {"weight": 2, "random_weight": 0.4087309837263985, "id": 69}], [{"weight": 1, "random_weight": 0.625214081298632, "id": 18}, {"weight": 1, "random_weight": 0.7995384520429644, "id": 35}, {"weight": 2, "random_weight": 0.3268093494225104, "id": 47}, {"weight": 1, "random_weight": 0.3373938927953294, "id": 65}, {"weight": 1, "random_weight": 0.8232052490062804, "id": 68}], [{"weight": 1, "random_weight": 0.1850020874733146, "id": 7}, {"weight": 2, "random_weight": 0.7538921149770605, "id": 34}, {"weight": 2, "random_weight": 0.9029997451678349, "id": 65}, {"weight": 1, "random_weight": 0.8232052490062804, "id": 67}], [{"weight": 1, "random_weight": 0.8179518876200402, "id": 38}, {"weight": 1, "random_weight": 0.5692599156576922, "id": 52}, {"weight": 2, "random_weight": 0.7532425578455215, "id": 63}, {"weight": 2, "random_weight": 0.4087309837263985, "id": 66}], [{"weight": 1, "random_weight": 0.8920766944581383, "id": 3}, {"weight": 1, "random_weight": 0.9745374998130549, "id": 46}, {"weight": 1, "random_weight": 0.7098975744493711, "id": 53}, {"weight": 2, "random_weight": 0.6029402114724899, "id": 55}, {"weight": 1, "random_weight": 0.4307735897538293, "id": 71}], [{"weight": 1, "random_weight": 0.5341518285350738, "id": 46}, {"weight": 1, "random_weight": 0.597846848226251, "id": 53}, {"weight": 2, "random_weight": 0.7439669296296348, "id": 54}, {"weight": 1, "random_weight": 0.9094133719573215, "id": 63}, {"weight": 1, "random_weight": 0.4307735897538293, "id": 70}]]}