{"directed": false, "multigraph": false, "graph": [], "nodes": [{"graph": null, "nnodes": 2, "nedges": 1, "density": 1.0, "atomics": "[80, 81]", "group_pop": 2, "init_part_assignment": 0, "id": 0}, {"graph": null, "nnodes": 2, "nedges": 1, "density": 1.0, "atomics": "[57, 69]", "group_pop": 2, "init_part_assignment": 2, "id": 1}, {"graph": null, "nnodes": 2, "nedges": 1, "density": 1.0, "atomics": "[82, 83]", "group_pop": 2, "init_part_assignment": 2, "id": 2}, {"graph": null, "nnodes": 2, "nedges": 1, "density": 1.0, "atomics": "[58, 70]", "group_pop": 2, "init_part_assignment": 2, "id": 3}, {"graph": null, "nnodes": 2, "nedges": 1, "density": 1.0, "atomics": "[73, 74]", "group_pop": 2, "init_part_assignment": 8, "id": 4}, {"graph": null, "nnodes": 2, "nedges": 1, "density": 1.0, "atomics": "[75, 87]", "group_pop": 2, "init_part_assignment": 8, "id": 5}, {"graph": null, "nnodes": 2, "nedges": 1, "density": 1.0, "atomics": "[42, 54]", "group_pop": 2, "init_part_assignment": 1, "id": 6}, {"graph": null, "nnodes": 2, "nedges": 1, "density": 1.0, "atomics": "[43, 31]", "group_pop": 2, "init_part_assignment": 2, "id": 7}, {"graph": null, "nnodes": 2, "nedges": 1, "density": 1.0, "atomics": "[60, 61]", "group_pop": 2, "init_part_assignment": 8, "id": 8}, {"graph": null, "nnodes": 2, "nedges": 1, "density": 1.0, "atomics": "[62, 63]", "group_pop": 2, "init_part_assignment": 3, "id": 9}, {"graph": null, "nnodes": 2, "nedges": 1, "density": 1.0, "atomics": "[32, 44]", "group_pop": 2, "init_part_assignment": 10, "id": 10}, {"graph": null, "nnodes": 2, "nedges": 1, "density": 1.0, "atomics": "[19, 20]", "group_pop": 2, "init_part_assignment": 10, "id": 11}, {"graph": null, "nnodes": 2, "nedges": 1, "density": 1.0, "atomics": "[142, 143]", "group_pop": 2, "init_part_assignment": 6, "id": 12}, {"graph": null, "nnodes": 2, "nedges": 1, "density": 1.0, "atomics": "[41, 53]", "group_pop": 2, "init_part_assignment": 1, "id": 13}, {"graph": null, "nnodes": 2, "nedges": 1, "density": 1.0, "atomics": "[29, 30]", "group_pop": 2, "init_part_assignment": 1, "id": 14}, {"graph": null, "nnodes": 2, "nedges": 1, "density": 1.0, "atomics": "[8, 7]", "group_pop": 2, "init_part_assignment": 10, "id": 15}, {"graph": null, "nnodes": 2, "nedges": 1, "density": 1.0, "atomics": "[9, 21]", "group_pop": 2, "init_part_assignment": 11, "id": 16}, {"graph": null, "nnodes": 2, "nedges": 1, "density": 1.0, "atomics": "[34, 46]", "group_pop": 2, "init_part_assignment": 11, "id": 17}, {"graph": null, "nnodes": 2, "nedges": 1, "density": 1.0, "atomics": "[35, 47]", "group_pop": 2, "init_part_assignment": 11, "id": 18}, {"graph": null, "nnodes": 2, "nedges": 1, "density": 1.0, "atomics": "[10, 11]", "group_pop": 2, "init_part_assignment": 11, "id": 19}, {"graph": null, "nnodes": 2, "nedges": 1, "density": 1.0, "atomics": "[22, 23]", "group_pop": 2, "init_part_assignment": 11, "id": 20}, {"graph": null, "nnodes": 2, "nedges": 1, "density": 1.0, "atomics": "[49, 37]", "group_pop": 2, "init_part_assignment": 9, "id": 21}, {"graph": null, "nnodes": 2, "nedges": 1, "density": 1.0, "atomics": "[120, 132]", "group_pop": 2, "init_part_assignment": 5, "id": 22}, {"graph": null, "nnodes": 2, "nedges": 1, "density": 1.0, "atomics": "[24, 25]", "group_pop": 2, "init_part_assignment": 9, "id": 23}, {"graph": null, "nnodes": 2, "nedges": 1, "density": 1.0, "atomics": "[48, 36]", "group_pop": 2, "init_part_assignment": 8, "id": 24}, {"graph": null, "nnodes": 2, "nedges": 1, "density": 1.0, "atomics": "[130, 118]", "group_pop": 2, "init_part_assignment": 6, "id": 25}, {"graph": null, "nnodes": 2, "nedges": 1, "density": 1.0, "atomics": "[131, 119]", "group_pop": 2, "init_part_assignment": 6, "id": 26}, {"graph": null, "nnodes": 2, "nedges": 1, "density": 1.0, "atomics": "[59, 71]", "group_pop": 2, "init_part_assignment": 2, "id": 27}, {"graph": null, "nnodes": 2, "nedges": 1, "density": 1.0, "atomics": "[17, 18]", "group_pop": 2, "init_part_assignment": 10, "id": 28}, {"graph": null, "nnodes": 2, "nedges": 1, "density": 1.0, "atomics": "[123, 124]", "group_pop": 2, "init_part_assignment": 7, "id": 29}, {"graph": null, "nnodes": 2, "nedges": 1, "density": 1.0, "atomics": "[136, 135]", "group_pop": 2, "init_part_assignment": 7, "id": 30}, {"graph": null, "nnodes": 2, "nedges": 1, "density": 1.0, "atomics": "[96, 97]", "group_pop": 2, "init_part_assignment": 5, "id": 31}, {"graph": null, "nnodes": 2, "nedges": 1, "density": 1.0, "atomics": "[108, 109]", "group_pop": 2, "init_part_assignment": 5, "id": 32}, {"graph": null, "nnodes": 2, "nedges": 1, "density": 1.0, "atomics": "[129, 117]", "group_pop": 2, "init_part_assignment": 6, "id": 33}, {"graph": null, "nnodes": 2, "nedges": 1, "density": 1.0, "atomics": "[12, 13]", "group_pop": 2, "init_part_assignment": 9, "id": 34}, {"graph": null, "nnodes": 2, "nedges": 1, "density": 1.0, "atomics": "[67, 68]", "group_pop": 2, "init_part_assignment": 0, "id": 35}, {"graph": null, "nnodes": 2, "nedges": 1, "density": 1.0, "atomics": "[91, 79]", "group_pop": 2, "init_part_assignment": 0, "id": 36}, {"graph": null, "nnodes": 2, "nedges": 1, "density": 1.0, "atomics": "[5, 6]", "group_pop": 2, "init_part_assignment": 10, "id": 37}, {"graph": null, "nnodes": 2, "nedges": 1, "density": 1.0, "atomics": "[33, 45]", "group_pop": 2, "init_part_assignment": 11, "id": 38}, {"graph": null, "nnodes": 2, "nedges": 1, "density": 1.0, "atomics": "[40, 28]", "group_pop": 2, "init_part_assignment": 3, "id": 39}, {"graph": null, "nnodes": 2, "nedges": 1, "density": 1.0, "atomics": "[0, 1]", "group_pop": 2, "init_part_assignment": 9, "id": 40}, {"graph": null, "nnodes": 2, "nedges": 1, "density": 1.0, "atomics": "[128, 116]", "group_pop": 2, "init_part_assignment": 6, "id": 41}, {"graph": null, "nnodes": 2, "nedges": 1, "density": 1.0, "atomics": "[133, 134]", "group_pop": 2, "init_part_assignment": 5, "id": 42}, {"graph": null, "nnodes": 2, "nedges": 1, "density": 1.0, "atomics": "[121, 122]", "group_pop": 2, "init_part_assignment": 5, "id": 43}, {"graph": null, "nnodes": 2, "nedges": 1, "density": 1.0, "atomics": "[112, 100]", "group_pop": 2, "init_part_assignment": 4, "id": 44}, {"graph": null, "nnodes": 2, "nedges": 1, "density": 1.0, "atomics": "[113, 101]", "group_pop": 2, "init_part_assignment": 4, "id": 45}, {"graph": null, "nnodes": 2, "nedges": 1, "density": 1.0, "atomics": "[2, 3]", "group_pop": 2, "init_part_assignment": 9, "id": 46}, {"graph": null, "nnodes": 2, "nedges": 1, "density": 1.0, "atomics": "[140, 141]", "group_pop": 2, "init_part_assignment": 7, "id": 47}, {"graph": null, "nnodes": 2, "nedges": 1, "density": 1.0, "atomics": "[16, 4]", "group_pop": 2, "init_part_assignment": 10, "id": 48}, {"graph": null, "nnodes": 2, "nedges": 1, "density": 1.0, "atomics": "[137, 125]", "group_pop": 2, "init_part_assignment": 7, "id": 49}, {"graph": null, "nnodes": 2, "nedges": 1, "density": 1.0, "atomics": "[65, 66]", "group_pop": 2, "init_part_assignment": 1, "id": 50}, {"graph": null, "nnodes": 2, "nedges": 1, "density": 1.0, "atomics": "[90, 78]", "group_pop": 2, "init_part_assignment": 1, "id": 51}, {"graph": null, "nnodes": 2, "nedges": 1, "density": 1.0, "atomics": "[27, 15]", "group_pop": 2, "init_part_assignment": 3, "id": 52}, {"graph": null, "nnodes": 2, "nedges": 1, "density": 1.0, "atomics": "[98, 110]", "group_pop": 2, "init_part_assignment": 5, "id": 53}, {"graph": null, "nnodes": 2, "nedges": 1, "density": 1.0, "atomics": "[99, 111]", "group_pop": 2, "init_part_assignment": 7, "id": 54}, {"graph": null, "nnodes": 2, "nedges": 1, "density": 1.0, "atomics": "[72, 84]", "group_pop": 2, "init_part_assignment": 8, "id": 55}, {"graph": null, "nnodes": 2, "nedges": 1, "density": 1.0, "atomics": "[64, 52]", "group_pop": 2, "init_part_assignment": 3, "id": 56}, {"graph": null, "nnodes": 2, "nedges": 1, "density": 1.0, "atomics": "[138, 139]", "group_pop": 2, "init_part_assignment": 7, "id": 57}, {"graph": null, "nnodes": 2, "nedges": 1, "density": 1.0, "atomics": "[126, 127]", "group_pop": 2, "init_part_assignment": 4, "id": 58}, {"graph": null, "nnodes": 2, "nedges": 1, "density": 1.0, "atomics": "[94, 95]", "group_pop": 2, "init_part_assignment": 0, "id": 59}, {"graph": null, "nnodes": 2, "nedges": 1, "density": 1.0, "atomics": "[56, 55]", "group_pop": 2, "init_part_assignment": 2, "id": 60}, {"graph": null, "nnodes": 2, "nedges": 1, "density": 1.0, "atomics": "[85, 86]", "group_pop": 2, "init_part_assignment": 8, "id": 61}, {"graph": null, "nnodes": 2, "nedges": 1, "density": 1.0, "atomics": "[106, 107]", "group_pop": 2, "init_part_assignment": 6, "id": 62}, {"graph": null, "nnodes": 2, "nedges": 1, "density": 1.0, "atomics": "[114, 115]", "group_pop": 2, "init_part_assignment": 4, "id": 63}, {"graph": null, "nnodes": 2, "nedges": 1, "density": 1.0, "atomics": "[102, 103]", "group_pop": 2, "init_part_assignment": 4, "id": 64}, {"graph": null, "nnodes": 2, "nedges": 1, "density": 1.0, "atomics": "[50, 38]", "group_pop": 2, "init_part_assignment": 3, "id": 65}, {"graph": null, "nnodes": 2, "nedges": 1, "density": 1.0, "atomics": "[105, 93]", "group_pop": 2, "init_part_assignment": 0, "id": 66}, {"graph": null, "nnodes": 2, "nedges": 1, "density": 1.0, "atomics": "[26, 14]", "group_pop": 2, "init_part_assignment": 9, "id": 67}, {"graph": null, "nnodes": 2, "nedges": 1, "density": 1.0, "atomics": "[51, 39]", "group_pop": 2, "init_part_assignment": 3, "id": 68}, {"graph": null, "nnodes": 2, "nedges": 1, "density": 1.0, "atomics": "[104, 92]", "group_pop": 2, "init_part_assignment": 0, "id": 69}, {"graph": null, "nnodes": 2, "nedges": 1, "density": 1.0, "atomics": "[88, 76]", "group_pop": 2, "init_part_assignment": 4, "id": 70}, {"graph": null, "nnodes": 2, "nedges": 1, "density": 1.0, "atomics": "[89, 77]", "group_pop": 2, "init_part_assignment": 1, "id": 71}], "adjacency": [[{"weight": 1, "random_weight": 0.7702557581702018, "id": 1}, {"weight": 1, "random_weight": 0.9161941190103606, "id": 2}, {"weight": 1, "random_weight": 0.45918570454326624, "id": 35}, {"weight": 1, "random_weight": 0.6654930087749756, "id": 36}, {"weight": 1, "random_weight": 0.12479267957045737, "id": 66}, {"weight": 1, "random_weight": 0.44270635917129375, "id": 69}], [{"weight": 1, "random_weight": 0.7702557581702018, "id": 0}, {"weight": 2, "random_weight": 0.07094651475113234, "id": 3}, {"weight": 1, "random_weight": 0.33610629236197864, "id": 35}, {"weight": 1, "random_weight": 0.5581480696066008, "id": 38}, {"weight": 1, "random_weight": 0.2120058275518858, "id": 60}], [{"weight": 1, "random_weight": 0.9161941190103606, "id": 0}, {"weight": 1, "random_weight": 0.6533604009600337, "id": 3}, {"weight": 1, "random_weight": 0.4736627076041968, "id": 27}, {"weight": 2, "random_weight": 0.8138525464903748, "id": 59}], [{"weight": 2, "random_weight": 0.07094651475113234, "id": 1}, {"weight": 1, "random_weight": 0.6533604009600337, "id": 2}, {"weight": 1, "random_weight": 0.5742831961642174, "id": 17}, {"weight": 2, "random_weight": 0.6932346120427827, "id": 27}], [{"weight": 1, "random_weight": 0.8552421952311723, "id": 5}, {"weight": 1, "random_weight": 0.7079540376604047, "id": 8}, {"weight": 1, "random_weight": 0.7939820253301973, "id": 9}, {"weight": 1, "random_weight": 0.08332925113172573, "id": 55}, {"weight": 2, "random_weight": 0.3801172759042787, "id": 61}], [{"weight": 1, "random_weight": 0.8552421952311723, "id": 4}, {"weight": 1, "random_weight": 0.5834069833215088, "id": 9}, {"weight": 1, "random_weight": 0.9034571888187455, "id": 54}, {"weight": 1, "random_weight": 0.23389184075184155, "id": 61}, {"weight": 2, "random_weight": 0.7924733880952333, "id": 70}], [{"weight": 1, "random_weight": 0.8398428103554433, "id": 7}, {"weight": 2, "random_weight": 0.7755688753672582, "id": 13}, {"weight": 1, "random_weight": 0.9065009909199201, "id": 14}, {"weight": 1, "random_weight": 0.8222559368052286, "id": 50}, {"weight": 1, "random_weight": 0.9172821749497609, "id": 60}], [{"weight": 1, "random_weight": 0.8398428103554433, "id": 6}, {"weight": 2, "random_weight": 0.7805285198077422, "id": 10}, {"weight": 1, "random_weight": 0.7308124932597619, "id": 11}, {"weight": 1, "random_weight": 0.728728191382179, "id": 14}, {"weight": 1, "random_weight": 0.09336920662603931, "id": 60}], [{"weight": 1, "random_weight": 0.7079540376604047, "id": 4}, {"weight": 1, "random_weight": 0.6335445031428898, "id": 9}, {"weight": 1, "random_weight": 0.02682551770940822, "id": 21}, {"weight": 1, "random_weight": 0.5362752818041612, "id": 24}, {"weight": 1, "random_weight": 0.36279011078279455, "id": 55}], [{"weight": 1, "random_weight": 0.7939820253301973, "id": 4}, {"weight": 1, "random_weight": 0.5834069833215088, "id": 5}, {"weight": 1, "random_weight": 0.6335445031428898, "id": 8}, {"weight": 1, "random_weight": 0.9219968741780366, "id": 56}, {"weight": 1, "random_weight": 0.7940755890435341, "id": 65}, {"weight": 1, "random_weight": 0.10066288171051485, "id": 68}], [{"weight": 2, "random_weight": 0.7805285198077422, "id": 7}, {"weight": 1, "random_weight": 0.7532072991671493, "id": 11}, {"weight": 2, "random_weight": 0.7815644429860339, "id": 38}, {"weight": 1, "random_weight": 0.737393384801761, "id": 60}], [{"weight": 1, "random_weight": 0.7308124932597619, "id": 7}, {"weight": 1, "random_weight": 0.7532072991671493, "id": 10}, {"weight": 2, "random_weight": 0.002330858024178095, "id": 15}, {"weight": 1, "random_weight": 0.2800584459684362, "id": 16}, {"weight": 1, "random_weight": 0.19093954459403173, "id": 28}], [{"weight": 1, "random_weight": 0.1495780867331319, "id": 25}, {"weight": 1, "random_weight": 0.15065126014552022, "id": 26}, {"weight": 1, "random_weight": 0.9272610909121416, "id": 47}], [{"weight": 2, "random_weight": 0.7755688753672582, "id": 6}, {"weight": 1, "random_weight": 0.09817812531249137, "id": 14}, {"weight": 1, "random_weight": 0.3052277319155413, "id": 39}, {"weight": 1, "random_weight": 0.09415224899190389, "id": 50}, {"weight": 1, "random_weight": 0.9159606417594615, "id": 56}], [{"weight": 1, "random_weight": 0.9065009909199201, "id": 6}, {"weight": 1, "random_weight": 0.728728191382179, "id": 7}, {"weight": 1, "random_weight": 0.09817812531249137, "id": 13}, {"weight": 2, "random_weight": 0.7861684214121616, "id": 28}, {"weight": 1, "random_weight": 0.7340242206955006, "id": 39}], [{"weight": 2, "random_weight": 0.002330858024178095, "id": 11}, {"weight": 1, "random_weight": 0.8853598279203425, "id": 16}, {"weight": 1, "random_weight": 0.14261805461812305, "id": 37}], [{"weight": 1, "random_weight": 0.2800584459684362, "id": 11}, {"weight": 1, "random_weight": 0.8853598279203425, "id": 15}, {"weight": 1, "random_weight": 0.7433370768748723, "id": 19}, {"weight": 1, "random_weight": 0.7036380651139829, "id": 20}, {"weight": 1, "random_weight": 0.39913270954434676, "id": 38}], [{"weight": 1, "random_weight": 0.5742831961642174, "id": 3}, {"weight": 2, "random_weight": 0.28029869152460885, "id": 18}, {"weight": 1, "random_weight": 0.36450599727751887, "id": 20}, {"weight": 2, "random_weight": 0.33571769037125754, "id": 38}], [{"weight": 2, "random_weight": 0.28029869152460885, "id": 17}, {"weight": 1, "random_weight": 0.12258071316225705, "id": 20}, {"weight": 1, "random_weight": 0.7690062160128383, "id": 27}], [{"weight": 1, "random_weight": 0.7433370768748723, "id": 16}, {"weight": 2, "random_weight": 0.48203107275095325, "id": 20}], [{"weight": 1, "random_weight": 0.7036380651139829, "id": 16}, {"weight": 1, "random_weight": 0.36450599727751887, "id": 17}, {"weight": 1, "random_weight": 0.12258071316225705, "id": 18}, {"weight": 2, "random_weight": 0.48203107275095325, "id": 19}], [{"weight": 1, "random_weight": 0.02682551770940822, "id": 8}, {"weight": 1, "random_weight": 0.21105752872311334, "id": 23}, {"weight": 2, "random_weight": 0.7332744222277002, "id": 24}, {"weight": 2, "random_weight": 0.9464357569965021, "id": 65}], [{"weight": 1, "random_weight": 0.6677104948675792, "id": 32}, {"weight": 1, "random_weight": 0.2659770888189845, "id": 42}, {"weight": 1, "random_weight": 0.6974094968973719, "id": 43}], [{"weight": 1, "random_weight": 0.21105752872311334, "id": 21}, {"weight": 1, "random_weight": 0.8007731333607955, "id": 24}, {"weight": 2, "random_weight": 0.23517463014898854, "id": 34}, {"weight": 1, "random_weight": 0.33091597886968604, "id": 67}], [{"weight": 1, "random_weight": 0.5362752818041612, "id": 8}, {"weight": 2, "random_weight": 0.7332744222277002, "id": 21}, {"weight": 1, "random_weight": 0.8007731333607955, "id": 23}], [{"weight": 1, "random_weight": 0.1495780867331319, "id": 12}, {"weight": 2, "random_weight": 0.07473662146198945, "id": 26}, {"weight": 2, "random_weight": 0.556517914973478, "id": 33}, {"weight": 1, "random_weight": 0.3281459917144277, "id": 62}], [{"weight": 1, "random_weight": 0.15065126014552022, "id": 12}, {"weight": 2, "random_weight": 0.07473662146198945, "id": 25}, {"weight": 1, "random_weight": 0.41708711163733303, "id": 62}], [{"weight": 1, "random_weight": 0.4736627076041968, "id": 2}, {"weight": 2, "random_weight": 0.6932346120427827, "id": 3}, {"weight": 1, "random_weight": 0.7690062160128383, "id": 18}], [{"weight": 1, "random_weight": 0.19093954459403173, "id": 11}, {"weight": 2, "random_weight": 0.7861684214121616, "id": 14}, {"weight": 2, "random_weight": 0.1156512051647971, "id": 37}, {"weight": 1, "random_weight": 0.6864304696153053, "id": 48}], [{"weight": 2, "random_weight": 0.837846853203288, "id": 30}, {"weight": 1, "random_weight": 0.5313665797631043, "id": 43}, {"weight": 1, "random_weight": 0.7303468347084925, "id": 44}, {"weight": 1, "random_weight": 0.6469721653374118, "id": 49}, {"weight": 1, "random_weight": 0.169741126261426, "id": 54}], [{"weight": 2, "random_weight": 0.837846853203288, "id": 29}, {"weight": 1, "random_weight": 0.7754609277646295, "id": 42}, {"weight": 1, "random_weight": 0.14618292932593635, "id": 49}], [{"weight": 2, "random_weight": 0.019035234635801812, "id": 32}, {"weight": 1, "random_weight": 0.5687529826407515, "id": 53}, {"weight": 1, "random_weight": 0.467411465680699, "id": 55}, {"weight": 1, "random_weight": 0.7724118962263802, "id": 61}], [{"weight": 1, "random_weight": 0.6677104948675792, "id": 22}, {"weight": 2, "random_weight": 0.019035234635801812, "id": 31}, {"weight": 1, "random_weight": 0.31442211784786567, "id": 43}, {"weight": 1, "random_weight": 0.6858012784702419, "id": 53}], [{"weight": 2, "random_weight": 0.556517914973478, "id": 25}, {"weight": 2, "random_weight": 0.2662495092589805, "id": 41}, {"weight": 1, "random_weight": 0.2783494542731427, "id": 47}, {"weight": 1, "random_weight": 0.8618133073089151, "id": 66}], [{"weight": 2, "random_weight": 0.23517463014898854, "id": 23}, {"weight": 2, "random_weight": 0.21008442291090268, "id": 40}, {"weight": 1, "random_weight": 0.8151666682831367, "id": 67}], [{"weight": 1, "random_weight": 0.45918570454326624, "id": 0}, {"weight": 1, "random_weight": 0.33610629236197864, "id": 1}, {"weight": 1, "random_weight": 0.2355543335891097, "id": 36}, {"weight": 1, "random_weight": 0.9526581188639948, "id": 50}, {"weight": 2, "random_weight": 0.8323711562779864, "id": 60}], [{"weight": 1, "random_weight": 0.6654930087749756, "id": 0}, {"weight": 1, "random_weight": 0.2355543335891097, "id": 35}, {"weight": 2, "random_weight": 0.4688176120794739, "id": 51}, {"weight": 1, "random_weight": 0.7343193893964429, "id": 64}, {"weight": 1, "random_weight": 0.46823667812399905, "id": 69}], [{"weight": 1, "random_weight": 0.14261805461812305, "id": 15}, {"weight": 2, "random_weight": 0.1156512051647971, "id": 28}, {"weight": 1, "random_weight": 0.7811427647954066, "id": 48}], [{"weight": 1, "random_weight": 0.5581480696066008, "id": 1}, {"weight": 2, "random_weight": 0.7815644429860339, "id": 10}, {"weight": 1, "random_weight": 0.39913270954434676, "id": 16}, {"weight": 2, "random_weight": 0.33571769037125754, "id": 17}], [{"weight": 1, "random_weight": 0.3052277319155413, "id": 13}, {"weight": 1, "random_weight": 0.7340242206955006, "id": 14}, {"weight": 1, "random_weight": 0.9696424170404077, "id": 48}, {"weight": 1, "random_weight": 0.48423703886011693, "id": 52}, {"weight": 1, "random_weight": 0.24930160448833005, "id": 56}, {"weight": 1, "random_weight": 0.8575687179662407, "id": 68}], [{"weight": 2, "random_weight": 0.21008442291090268, "id": 34}, {"weight": 1, "random_weight": 0.5294982015148485, "id": 46}], [{"weight": 2, "random_weight": 0.2662495092589805, "id": 33}, {"weight": 1, "random_weight": 0.731942470471905, "id": 47}, {"weight": 1, "random_weight": 0.8904304446967204, "id": 58}, {"weight": 1, "random_weight": 0.972443091035313, "id": 63}, {"weight": 1, "random_weight": 0.9615374281840096, "id": 69}], [{"weight": 1, "random_weight": 0.2659770888189845, "id": 22}, {"weight": 1, "random_weight": 0.7754609277646295, "id": 30}, {"weight": 2, "random_weight": 0.305420396775511, "id": 43}], [{"weight": 1, "random_weight": 0.6974094968973719, "id": 22}, {"weight": 1, "random_weight": 0.5313665797631043, "id": 29}, {"weight": 1, "random_weight": 0.31442211784786567, "id": 32}, {"weight": 2, "random_weight": 0.305420396775511, "id": 42}, {"weight": 1, "random_weight": 0.28678397302148095, "id": 53}], [{"weight": 1, "random_weight": 0.7303468347084925, "id": 29}, {"weight": 2, "random_weight": 0.04553757035390482, "id": 45}, {"weight": 2, "random_weight": 0.7382097245398852, "id": 54}, {"weight": 1, "random_weight": 0.6438813883791943, "id": 70}], [{"weight": 2, "random_weight": 0.04553757035390482, "id": 44}, {"weight": 1, "random_weight": 0.4981302895077466, "id": 49}, {"weight": 1, "random_weight": 0.19642675549893396, "id": 63}, {"weight": 1, "random_weight": 0.19061777736005137, "id": 64}, {"weight": 1, "random_weight": 0.7711526487364124, "id": 71}], [{"weight": 1, "random_weight": 0.5294982015148485, "id": 40}, {"weight": 1, "random_weight": 0.1695375965650029, "id": 48}, {"weight": 1, "random_weight": 0.2558926686485742, "id": 52}, {"weight": 1, "random_weight": 0.8974167385422722, "id": 67}], [{"weight": 1, "random_weight": 0.9272610909121416, "id": 12}, {"weight": 1, "random_weight": 0.2783494542731427, "id": 33}, {"weight": 1, "random_weight": 0.731942470471905, "id": 41}, {"weight": 1, "random_weight": 0.5043991359549681, "id": 57}], [{"weight": 1, "random_weight": 0.6864304696153053, "id": 28}, {"weight": 1, "random_weight": 0.7811427647954066, "id": 37}, {"weight": 1, "random_weight": 0.9696424170404077, "id": 39}, {"weight": 1, "random_weight": 0.1695375965650029, "id": 46}, {"weight": 1, "random_weight": 0.4768690626601998, "id": 52}], [{"weight": 1, "random_weight": 0.6469721653374118, "id": 29}, {"weight": 1, "random_weight": 0.14618292932593635, "id": 30}, {"weight": 1, "random_weight": 0.4981302895077466, "id": 45}, {"weight": 1, "random_weight": 0.9721992915040483, "id": 57}, {"weight": 1, "random_weight": 0.3315163201768415, "id": 58}], [{"weight": 1, "random_weight": 0.8222559368052286, "id": 6}, {"weight": 1, "random_weight": 0.09415224899190389, "id": 13}, {"weight": 1, "random_weight": 0.9526581188639948, "id": 35}, {"weight": 1, "random_weight": 0.3257693813540111, "id": 51}, {"weight": 1, "random_weight": 0.7048572220319145, "id": 56}, {"weight": 1, "random_weight": 0.6836773073077552, "id": 71}], [{"weight": 2, "random_weight": 0.4688176120794739, "id": 36}, {"weight": 1, "random_weight": 0.3257693813540111, "id": 50}, {"weight": 1, "random_weight": 0.9135216377266274, "id": 64}, {"weight": 2, "random_weight": 0.42783265162325024, "id": 71}], [{"weight": 1, "random_weight": 0.48423703886011693, "id": 39}, {"weight": 1, "random_weight": 0.2558926686485742, "id": 46}, {"weight": 1, "random_weight": 0.4768690626601998, "id": 48}, {"weight": 2, "random_weight": 0.5884391226206783, "id": 67}, {"weight": 1, "random_weight": 0.7044301294692932, "id": 68}], [{"weight": 1, "random_weight": 0.5687529826407515, "id": 31}, {"weight": 1, "random_weight": 0.6858012784702419, "id": 32}, {"weight": 1, "random_weight": 0.28678397302148095, "id": 43}, {"weight": 2, "random_weight": 0.9633914850428578, "id": 54}, {"weight": 1, "random_weight": 0.5567470798129113, "id": 61}], [{"weight": 1, "random_weight": 0.9034571888187455, "id": 5}, {"weight": 1, "random_weight": 0.169741126261426, "id": 29}, {"weight": 2, "random_weight": 0.7382097245398852, "id": 44}, {"weight": 2, "random_weight": 0.9633914850428578, "id": 53}], [{"weight": 1, "random_weight": 0.08332925113172573, "id": 4}, {"weight": 1, "random_weight": 0.36279011078279455, "id": 8}, {"weight": 1, "random_weight": 0.467411465680699, "id": 31}, {"weight": 1, "random_weight": 0.733487623064948, "id": 61}], [{"weight": 1, "random_weight": 0.9219968741780366, "id": 9}, {"weight": 1, "random_weight": 0.9159606417594615, "id": 13}, {"weight": 1, "random_weight": 0.24930160448833005, "id": 39}, {"weight": 1, "random_weight": 0.7048572220319145, "id": 50}, {"weight": 1, "random_weight": 0.3412332691495865, "id": 68}, {"weight": 1, "random_weight": 0.5870899792080626, "id": 70}], [{"weight": 1, "random_weight": 0.5043991359549681, "id": 47}, {"weight": 1, "random_weight": 0.9721992915040483, "id": 49}, {"weight": 2, "random_weight": 0.907218535218932, "id": 58}], [{"weight": 1, "random_weight": 0.8904304446967204, "id": 41}, {"weight": 1, "random_weight": 0.3315163201768415, "id": 49}, {"weight": 2, "random_weight": 0.907218535218932, "id": 57}, {"weight": 2, "random_weight": 0.44062830940824105, "id": 63}], [{"weight": 2, "random_weight": 0.8138525464903748, "id": 2}, {"weight": 2, "random_weight": 0.8284383171039862, "id": 62}, {"weight": 1, "random_weight": 0.6914449254225679, "id": 66}], [{"weight": 1, "random_weight": 0.2120058275518858, "id": 1}, {"weight": 1, "random_weight": 0.9172821749497609, "id": 6}, {"weight": 1, "random_weight": 0.09336920662603931, "id": 7}, {"weight": 1, "random_weight": 0.737393384801761, "id": 10}, {"weight": 2, "random_weight": 0.8323711562779864, "id": 35}], [{"weight": 2, "random_weight": 0.3801172759042787, "id": 4}, {"weight": 1, "random_weight": 0.23389184075184155, "id": 5}, {"weight": 1, "random_weight": 0.7724118962263802, "id": 31}, {"weight": 1, "random_weight": 0.5567470798129113, "id": 53}, {"weight": 1, "random_weight": 0.733487623064948, "id": 55}], [{"weight": 1, "random_weight": 0.3281459917144277, "id": 25}, {"weight": 1, "random_weight": 0.41708711163733303, "id": 26}, {"weight": 2, "random_weight": 0.8284383171039862, "id": 59}, {"weight": 1, "random_weight": 0.9858228441481598, "id": 66}], [{"weight": 1, "random_weight": 0.972443091035313, "id": 41}, {"weight": 1, "random_weight": 0.19642675549893396, "id": 45}, {"weight": 2, "random_weight": 0.44062830940824105, "id": 58}, {"weight": 2, "random_weight": 0.3776760189972983, "id": 64}], [{"weight": 1, "random_weight": 0.7343193893964429, "id": 36}, {"weight": 1, "random_weight": 0.19061777736005137, "id": 45}, {"weight": 1, "random_weight": 0.9135216377266274, "id": 51}, {"weight": 2, "random_weight": 0.3776760189972983, "id": 63}, {"weight": 1, "random_weight": 0.8096955721072886, "id": 69}], [{"weight": 1, "random_weight": 0.7940755890435341, "id": 9}, {"weight": 2, "random_weight": 0.9464357569965021, "id": 21}, {"weight": 1, "random_weight": 0.8888494081357113, "id": 67}, {"weight": 2, "random_weight": 0.09892817513044694, "id": 68}], [{"weight": 1, "random_weight": 0.12479267957045737, "id": 0}, {"weight": 1, "random_weight": 0.8618133073089151, "id": 33}, {"weight": 1, "random_weight": 0.6914449254225679, "id": 59}, {"weight": 1, "random_weight": 0.9858228441481598, "id": 62}, {"weight": 2, "random_weight": 0.28011432394932245, "id": 69}], [{"weight": 1, "random_weight": 0.33091597886968604, "id": 23}, {"weight": 1, "random_weight": 0.8151666682831367, "id": 34}, {"weight": 1, "random_weight": 0.8974167385422722, "id": 46}, {"weight": 2, "random_weight": 0.5884391226206783, "id": 52}, {"weight": 1, "random_weight": 0.8888494081357113, "id": 65}], [{"weight": 1, "random_weight": 0.10066288171051485, "id": 9}, {"weight": 1, "random_weight": 0.8575687179662407, "id": 39}, {"weight": 1, "random_weight": 0.7044301294692932, "id": 52}, {"weight": 1, "random_weight": 0.3412332691495865, "id": 56}, {"weight": 2, "random_weight": 0.09892817513044694, "id": 65}], [{"weight": 1, "random_weight": 0.44270635917129375, "id": 0}, {"weight": 1, "random_weight": 0.46823667812399905, "id": 36}, {"weight": 1, "random_weight": 0.9615374281840096, "id": 41}, {"weight": 1, "random_weight": 0.8096955721072886, "id": 64}, {"weight": 2, "random_weight": 0.28011432394932245, "id": 66}], [{"weight": 2, "random_weight": 0.7924733880952333, "id": 5}, {"weight": 1, "random_weight": 0.6438813883791943, "id": 44}, {"weight": 1, "random_weight": 0.5870899792080626, "id": 56}, {"weight": 2, "random_weight": 0.9270416499512839, "id": 71}], [{"weight": 1, "random_weight": 0.7711526487364124, "id": 45}, {"weight": 1, "random_weight": 0.6836773073077552, "id": 50}, {"weight": 2, "random_weight": 0.42783265162325024, "id": 51}, {"weight": 2, "random_weight": 0.9270416499512839, "id": 70}]]}