{"directed": false, "multigraph": false, "graph": [], "nodes": [{"graph": null, "nnodes": 2, "nedges": 1, "density": 1.0, "atomics": "[81, 69]", "group_pop": 2, "init_part_assignment": 3, "id": 0}, {"graph": null, "nnodes": 2, "nedges": 1, "density": 1.0, "atomics": "[82, 70]", "group_pop": 2, "init_part_assignment": 3, "id": 1}, {"graph": null, "nnodes": 2, "nedges": 1, "density": 1.0, "atomics": "[73, 74]", "group_pop": 2, "init_part_assignment": 7, "id": 2}, {"graph": null, "nnodes": 2, "nedges": 1, "density": 1.0, "atomics": "[75, 87]", "group_pop": 2, "init_part_assignment": 10, "id": 3}, {"graph": null, "nnodes": 2, "nedges": 1, "density": 1.0, "atomics": "[41, 42]", "group_pop": 2, "init_part_assignment": 11, "id": 4}, {"graph": null, "nnodes": 2, "nedges": 1, "density": 1.0, "atomics": "[43, 31]", "group_pop": 2, "init_part_assignment": 8, "id": 5}, {"graph": null, "nnodes": 2, "nedges": 1, "density": 1.0, "atomics": "[49, 61]", "group_pop": 2, "init_part_assignment": 7, "id": 6}, {"graph": null, "nnodes": 2, "nedges": 1, "density": 1.0, "atomics": "[50, 62]", "group_pop": 2, "init_part_assignment": 6, "id": 7}, {"graph": null, "nnodes": 2, "nedges": 1, "density": 1.0, "atomics": "[32, 44]", "group_pop": 2, "init_part_assignment": 0, "id": 8}, {"graph": null, "nnodes": 2, "nedges": 1, "density": 1.0, "atomics": "[19, 20]", "group_pop": 2, "init_part_assignment": 8, "id": 9}, {"graph": null, "nnodes": 2, "nedges": 1, "density": 1.0, "atomics": "[130, 142]", "group_pop": 2, "init_part_assignment": 1, "id": 10}, {"graph": null, "nnodes": 2, "nedges": 1, "density": 1.0, "atomics": "[131, 143]", "group_pop": 2, "init_part_assignment": 1, "id": 11}, {"graph": null, "nnodes": 2, "nedges": 1, "density": 1.0, "atomics": "[17, 29]", "group_pop": 2, "init_part_assignment": 11, "id": 12}, {"graph": null, "nnodes": 2, "nedges": 1, "density": 1.0, "atomics": "[8, 7]", "group_pop": 2, "init_part_assignment": 8, "id": 13}, {"graph": null, "nnodes": 2, "nedges": 1, "density": 1.0, "atomics": "[9, 10]", "group_pop": 2, "init_part_assignment": 8, "id": 14}, {"graph": null, "nnodes": 2, "nedges": 1, "density": 1.0, "atomics": "[34, 35]", "group_pop": 2, "init_part_assignment": 0, "id": 15}, {"graph": null, "nnodes": 2, "nedges": 1, "density": 1.0, "atomics": "[11, 23]", "group_pop": 2, "init_part_assignment": 0, "id": 16}, {"graph": null, "nnodes": 2, "nedges": 1, "density": 1.0, "atomics": "[25, 37]", "group_pop": 2, "init_part_assignment": 6, "id": 17}, {"graph": null, "nnodes": 2, "nedges": 1, "density": 1.0, "atomics": "[120, 121]", "group_pop": 2, "init_part_assignment": 2, "id": 18}, {"graph": null, "nnodes": 2, "nedges": 1, "density": 1.0, "atomics": "[132, 133]", "group_pop": 2, "init_part_assignment": 2, "id": 19}, {"graph": null, "nnodes": 2, "nedges": 1, "density": 1.0, "atomics": "[24, 36]", "group_pop": 2, "init_part_assignment": 9, "id": 20}, {"graph": null, "nnodes": 2, "nedges": 1, "density": 1.0, "atomics": "[83, 95]", "group_pop": 2, "init_part_assignment": 3, "id": 21}, {"graph": null, "nnodes": 2, "nedges": 1, "density": 1.0, "atomics": "[59, 71]", "group_pop": 2, "init_part_assignment": 3, "id": 22}, {"graph": null, "nnodes": 2, "nedges": 1, "density": 1.0, "atomics": "[18, 30]", "group_pop": 2, "init_part_assignment": 8, "id": 23}, {"graph": null, "nnodes": 2, "nedges": 1, "density": 1.0, "atomics": "[123, 124]", "group_pop": 2, "init_part_assignment": 2, "id": 24}, {"graph": null, "nnodes": 2, "nedges": 1, "density": 1.0, "atomics": "[136, 135]", "group_pop": 2, "init_part_assignment": 2, "id": 25}, {"graph": null, "nnodes": 2, "nedges": 1, "density": 1.0, "atomics": "[21, 22]", "group_pop": 2, "init_part_assignment": 0, "id": 26}, {"graph": null, "nnodes": 2, "nedges": 1, "density": 1.0, "atomics": "[96, 97]", "group_pop": 2, "init_part_assignment": 7, "id": 27}, {"graph": null, "nnodes": 2, "nedges": 1, "density": 1.0, "atomics": "[108, 109]", "group_pop": 2, "init_part_assignment": 2, "id": 28}, {"graph": null, "nnodes": 2, "nedges": 1, "density": 1.0, "atomics": "[129, 117]", "group_pop": 2, "init_part_assignment": 1, "id": 29}, {"graph": null, "nnodes": 2, "nedges": 1, "density": 1.0, "atomics": "[12, 13]", "group_pop": 2, "init_part_assignment": 9, "id": 30}, {"graph": null, "nnodes": 2, "nedges": 1, "density": 1.0, "atomics": "[66, 67]", "group_pop": 2, "init_part_assignment": 11, "id": 31}, {"graph": null, "nnodes": 2, "nedges": 1, "density": 1.0, "atomics": "[78, 79]", "group_pop": 2, "init_part_assignment": 4, "id": 32}, {"graph": null, "nnodes": 2, "nedges": 1, "density": 1.0, "atomics": "[57, 58]", "group_pop": 2, "init_part_assignment": 11, "id": 33}, {"graph": null, "nnodes": 2, "nedges": 1, "density": 1.0, "atomics": "[48, 60]", "group_pop": 2, "init_part_assignment": 7, "id": 34}, {"graph": null, "nnodes": 2, "nedges": 1, "density": 1.0, "atomics": "[5, 6]", "group_pop": 2, "init_part_assignment": 8, "id": 35}, {"graph": null, "nnodes": 2, "nedges": 1, "density": 1.0, "atomics": "[33, 45]", "group_pop": 2, "init_part_assignment": 0, "id": 36}, {"graph": null, "nnodes": 2, "nedges": 1, "density": 1.0, "atomics": "[40, 28]", "group_pop": 2, "init_part_assignment": 6, "id": 37}, {"graph": null, "nnodes": 2, "nedges": 1, "density": 1.0, "atomics": "[0, 1]", "group_pop": 2, "init_part_assignment": 9, "id": 38}, {"graph": null, "nnodes": 2, "nedges": 1, "density": 1.0, "atomics": "[128, 116]", "group_pop": 2, "init_part_assignment": 1, "id": 39}, {"graph": null, "nnodes": 2, "nedges": 1, "density": 1.0, "atomics": "[122, 134]", "group_pop": 2, "init_part_assignment": 2, "id": 40}, {"graph": null, "nnodes": 2, "nedges": 1, "density": 1.0, "atomics": "[112, 111]", "group_pop": 2, "init_part_assignment": 5, "id": 41}, {"graph": null, "nnodes": 2, "nedges": 1, "density": 1.0, "atomics": "[113, 101]", "group_pop": 2, "init_part_assignment": 5, "id": 42}, {"graph": null, "nnodes": 2, "nedges": 1, "density": 1.0, "atomics": "[2, 14]", "group_pop": 2, "init_part_assignment": 9, "id": 43}, {"graph": null, "nnodes": 2, "nedges": 1, "density": 1.0, "atomics": "[140, 141]", "group_pop": 2, "init_part_assignment": 1, "id": 44}, {"graph": null, "nnodes": 2, "nedges": 1, "density": 1.0, "atomics": "[3, 15]", "group_pop": 2, "init_part_assignment": 9, "id": 45}, {"graph": null, "nnodes": 2, "nedges": 1, "density": 1.0, "atomics": "[16, 4]", "group_pop": 2, "init_part_assignment": 9, "id": 46}, {"graph": null, "nnodes": 2, "nedges": 1, "density": 1.0, "atomics": "[137, 125]", "group_pop": 2, "init_part_assignment": 5, "id": 47}, {"graph": null, "nnodes": 2, "nedges": 1, "density": 1.0, "atomics": "[98, 110]", "group_pop": 2, "init_part_assignment": 5, "id": 48}, {"graph": null, "nnodes": 2, "nedges": 1, "density": 1.0, "atomics": "[72, 84]", "group_pop": 2, "init_part_assignment": 7, "id": 49}, {"graph": null, "nnodes": 2, "nedges": 1, "density": 1.0, "atomics": "[46, 47]", "group_pop": 2, "init_part_assignment": 0, "id": 50}, {"graph": null, "nnodes": 2, "nedges": 1, "density": 1.0, "atomics": "[80, 92]", "group_pop": 2, "init_part_assignment": 4, "id": 51}, {"graph": null, "nnodes": 2, "nedges": 1, "density": 1.0, "atomics": "[56, 68]", "group_pop": 2, "init_part_assignment": 11, "id": 52}, {"graph": null, "nnodes": 2, "nedges": 1, "density": 1.0, "atomics": "[99, 100]", "group_pop": 2, "init_part_assignment": 10, "id": 53}, {"graph": null, "nnodes": 2, "nedges": 1, "density": 1.0, "atomics": "[64, 52]", "group_pop": 2, "init_part_assignment": 10, "id": 54}, {"graph": null, "nnodes": 2, "nedges": 1, "density": 1.0, "atomics": "[51, 63]", "group_pop": 2, "init_part_assignment": 6, "id": 55}, {"graph": null, "nnodes": 2, "nedges": 1, "density": 1.0, "atomics": "[138, 139]", "group_pop": 2, "init_part_assignment": 5, "id": 56}, {"graph": null, "nnodes": 2, "nedges": 1, "density": 1.0, "atomics": "[115, 127]", "group_pop": 2, "init_part_assignment": 4, "id": 57}, {"graph": null, "nnodes": 2, "nedges": 1, "density": 1.0, "atomics": "[93, 94]", "group_pop": 2, "init_part_assignment": 3, "id": 58}, {"graph": null, "nnodes": 2, "nedges": 1, "density": 1.0, "atomics": "[85, 86]", "group_pop": 2, "init_part_assignment": 7, "id": 59}, {"graph": null, "nnodes": 2, "nedges": 1, "density": 1.0, "atomics": "[106, 107]", "group_pop": 2, "init_part_assignment": 3, "id": 60}, {"graph": null, "nnodes": 2, "nedges": 1, "density": 1.0, "atomics": "[118, 119]", "group_pop": 2, "init_part_assignment": 1, "id": 61}, {"graph": null, "nnodes": 2, "nedges": 1, "density": 1.0, "atomics": "[54, 55]", "group_pop": 2, "init_part_assignment": 11, "id": 62}, {"graph": null, "nnodes": 2, "nedges": 1, "density": 1.0, "atomics": "[91, 103]", "group_pop": 2, "init_part_assignment": 4, "id": 63}, {"graph": null, "nnodes": 2, "nedges": 1, "density": 1.0, "atomics": "[114, 126]", "group_pop": 2, "init_part_assignment": 5, "id": 64}, {"graph": null, "nnodes": 2, "nedges": 1, "density": 1.0, "atomics": "[38, 39]", "group_pop": 2, "init_part_assignment": 6, "id": 65}, {"graph": null, "nnodes": 2, "nedges": 1, "density": 1.0, "atomics": "[90, 102]", "group_pop": 2, "init_part_assignment": 4, "id": 66}, {"graph": null, "nnodes": 2, "nedges": 1, "density": 1.0, "atomics": "[104, 105]", "group_pop": 2, "init_part_assignment": 4, "id": 67}, {"graph": null, "nnodes": 2, "nedges": 1, "density": 1.0, "atomics": "[26, 27]", "group_pop": 2, "init_part_assignment": 6, "id": 68}, {"graph": null, "nnodes": 2, "nedges": 1, "density": 1.0, "atomics": "[65, 53]", "group_pop": 2, "init_part_assignment": 10, "id": 69}, {"graph": null, "nnodes": 2, "nedges": 1, "density": 1.0, "atomics": "[76, 77]", "group_pop": 2, "init_part_assignment": 10, "id": 70}, {"graph": null, "nnodes": 2, "nedges": 1, "density": 1.0, "atomics": "[88, 89]", "group_pop": 2, "init_part_assignment": 10, "id": 71}], "adjacency": [[{"weight": 2, "random_weight": 0.18430738886695097, "id": 1}, {"weight": 1, "random_weight": 0.77204267248313, "id": 33}, {"weight": 1, "random_weight": 0.8692217508530843, "id": 51}, {"weight": 1, "random_weight": 0.8664635823471737, "id": 52}, {"weight": 1, "random_weight": 0.7117905266364906, "id": 58}], [{"weight": 2, "random_weight": 0.18430738886695097, "id": 0}, {"weight": 1, "random_weight": 0.02721856914825793, "id": 21}, {"weight": 1, "random_weight": 0.6054364229300063, "id": 22}, {"weight": 1, "random_weight": 0.9643451805025092, "id": 33}, {"weight": 1, "random_weight": 0.9574087676755866, "id": 58}], [{"weight": 1, "random_weight": 0.8446232129060297, "id": 3}, {"weight": 1, "random_weight": 0.09613766578216165, "id": 6}, {"weight": 1, "random_weight": 0.9504760356826365, "id": 7}, {"weight": 1, "random_weight": 0.32012078295716173, "id": 49}, {"weight": 2, "random_weight": 0.2984751655911806, "id": 59}], [{"weight": 1, "random_weight": 0.8446232129060297, "id": 2}, {"weight": 1, "random_weight": 0.14715496332493627, "id": 53}, {"weight": 1, "random_weight": 0.03169022313100445, "id": 55}, {"weight": 1, "random_weight": 0.8578517212728932, "id": 59}, {"weight": 1, "random_weight": 0.7452726353256262, "id": 70}, {"weight": 1, "random_weight": 0.279922754181968, "id": 71}], [{"weight": 1, "random_weight": 0.9954014045673394, "id": 5}, {"weight": 1, "random_weight": 0.4003044668719038, "id": 12}, {"weight": 1, "random_weight": 0.9410832077132953, "id": 23}, {"weight": 1, "random_weight": 0.872108477958305, "id": 37}, {"weight": 1, "random_weight": 0.4914883450346258, "id": 62}, {"weight": 1, "random_weight": 0.729248839978675, "id": 69}], [{"weight": 1, "random_weight": 0.9954014045673394, "id": 4}, {"weight": 2, "random_weight": 0.8108651638895406, "id": 8}, {"weight": 1, "random_weight": 0.34928801312635394, "id": 9}, {"weight": 1, "random_weight": 0.4132262051910217, "id": 23}, {"weight": 1, "random_weight": 0.5228913598429081, "id": 62}], [{"weight": 1, "random_weight": 0.09613766578216165, "id": 2}, {"weight": 2, "random_weight": 0.8206313635670833, "id": 7}, {"weight": 1, "random_weight": 0.9009620523609161, "id": 17}, {"weight": 2, "random_weight": 0.29574131526047553, "id": 34}], [{"weight": 1, "random_weight": 0.9504760356826365, "id": 2}, {"weight": 2, "random_weight": 0.8206313635670833, "id": 6}, {"weight": 2, "random_weight": 0.41919743643141194, "id": 55}, {"weight": 1, "random_weight": 0.1780890852808943, "id": 65}], [{"weight": 2, "random_weight": 0.8108651638895406, "id": 5}, {"weight": 1, "random_weight": 0.7581909807051426, "id": 9}, {"weight": 2, "random_weight": 0.0011760805111934447, "id": 36}, {"weight": 1, "random_weight": 0.2812961731682969, "id": 52}], [{"weight": 1, "random_weight": 0.34928801312635394, "id": 5}, {"weight": 1, "random_weight": 0.7581909807051426, "id": 8}, {"weight": 2, "random_weight": 0.7065345416689623, "id": 13}, {"weight": 1, "random_weight": 0.08070750935837079, "id": 23}, {"weight": 1, "random_weight": 0.7236304578825029, "id": 26}], [{"weight": 2, "random_weight": 0.6191013402137366, "id": 11}, {"weight": 1, "random_weight": 0.20561718675206775, "id": 29}, {"weight": 1, "random_weight": 0.2820033765133694, "id": 44}, {"weight": 1, "random_weight": 0.021969188393311967, "id": 61}], [{"weight": 2, "random_weight": 0.6191013402137366, "id": 10}, {"weight": 1, "random_weight": 0.14763049758875435, "id": 61}], [{"weight": 1, "random_weight": 0.4003044668719038, "id": 4}, {"weight": 2, "random_weight": 0.2966678551361708, "id": 23}, {"weight": 1, "random_weight": 0.018083010054413706, "id": 35}, {"weight": 1, "random_weight": 0.6699815041255368, "id": 37}, {"weight": 1, "random_weight": 0.44979277859240396, "id": 46}], [{"weight": 2, "random_weight": 0.7065345416689623, "id": 9}, {"weight": 1, "random_weight": 0.7433849721900682, "id": 14}, {"weight": 1, "random_weight": 0.2958288005066978, "id": 35}], [{"weight": 1, "random_weight": 0.7433849721900682, "id": 13}, {"weight": 1, "random_weight": 0.8464081369441481, "id": 16}, {"weight": 2, "random_weight": 0.6882197735224607, "id": 26}], [{"weight": 1, "random_weight": 0.2502793666624773, "id": 16}, {"weight": 1, "random_weight": 0.010052452098792575, "id": 26}, {"weight": 1, "random_weight": 0.6879627003441986, "id": 36}, {"weight": 2, "random_weight": 0.5005778135580693, "id": 50}], [{"weight": 1, "random_weight": 0.8464081369441481, "id": 14}, {"weight": 1, "random_weight": 0.2502793666624773, "id": 15}, {"weight": 1, "random_weight": 0.9264349315687915, "id": 26}], [{"weight": 1, "random_weight": 0.9009620523609161, "id": 6}, {"weight": 2, "random_weight": 0.5827602423995762, "id": 20}, {"weight": 1, "random_weight": 0.6756765991476885, "id": 30}, {"weight": 1, "random_weight": 0.3257124969977606, "id": 65}, {"weight": 1, "random_weight": 0.4227826887079098, "id": 68}], [{"weight": 2, "random_weight": 0.6561522968845303, "id": 19}, {"weight": 2, "random_weight": 0.17729678067993404, "id": 28}, {"weight": 1, "random_weight": 0.41214301480362403, "id": 40}], [{"weight": 2, "random_weight": 0.6561522968845303, "id": 18}, {"weight": 1, "random_weight": 0.9205415598428445, "id": 40}], [{"weight": 2, "random_weight": 0.5827602423995762, "id": 17}, {"weight": 1, "random_weight": 0.43957846467035244, "id": 30}, {"weight": 1, "random_weight": 0.16416758755392735, "id": 34}], [{"weight": 1, "random_weight": 0.02721856914825793, "id": 1}, {"weight": 1, "random_weight": 0.5953770604556412, "id": 22}, {"weight": 1, "random_weight": 0.7031966490937595, "id": 58}, {"weight": 1, "random_weight": 0.0013417942789960557, "id": 60}], [{"weight": 1, "random_weight": 0.6054364229300063, "id": 1}, {"weight": 1, "random_weight": 0.5953770604556412, "id": 21}, {"weight": 1, "random_weight": 0.31683085129354993, "id": 33}, {"weight": 1, "random_weight": 0.8191945325057369, "id": 50}], [{"weight": 1, "random_weight": 0.9410832077132953, "id": 4}, {"weight": 1, "random_weight": 0.4132262051910217, "id": 5}, {"weight": 1, "random_weight": 0.08070750935837079, "id": 9}, {"weight": 2, "random_weight": 0.2966678551361708, "id": 12}, {"weight": 1, "random_weight": 0.037317310859776964, "id": 35}], [{"weight": 2, "random_weight": 0.6041598443185949, "id": 25}, {"weight": 1, "random_weight": 0.043065946655431175, "id": 40}, {"weight": 2, "random_weight": 0.6840393665798321, "id": 41}, {"weight": 1, "random_weight": 0.6999067492648856, "id": 47}], [{"weight": 2, "random_weight": 0.6041598443185949, "id": 24}, {"weight": 1, "random_weight": 0.21273762005324393, "id": 40}, {"weight": 1, "random_weight": 0.6499851672166689, "id": 47}], [{"weight": 1, "random_weight": 0.7236304578825029, "id": 9}, {"weight": 2, "random_weight": 0.6882197735224607, "id": 14}, {"weight": 1, "random_weight": 0.010052452098792575, "id": 15}, {"weight": 1, "random_weight": 0.9264349315687915, "id": 16}, {"weight": 1, "random_weight": 0.332815834191597, "id": 36}], [{"weight": 2, "random_weight": 0.06415337997145809, "id": 28}, {"weight": 1, "random_weight": 0.8471977855657254, "id": 48}, {"weight": 1, "random_weight": 0.053024143664605505, "id": 49}, {"weight": 1, "random_weight": 0.05015019096210693, "id": 59}], [{"weight": 2, "random_weight": 0.17729678067993404, "id": 18}, {"weight": 2, "random_weight": 0.06415337997145809, "id": 27}, {"weight": 1, "random_weight": 0.8853393537968575, "id": 48}], [{"weight": 1, "random_weight": 0.20561718675206775, "id": 10}, {"weight": 2, "random_weight": 0.9037998017877961, "id": 39}, {"weight": 1, "random_weight": 0.31625628759448765, "id": 44}, {"weight": 1, "random_weight": 0.822886292620142, "id": 61}, {"weight": 1, "random_weight": 0.5852600960100954, "id": 67}], [{"weight": 1, "random_weight": 0.6756765991476885, "id": 17}, {"weight": 1, "random_weight": 0.43957846467035244, "id": 20}, {"weight": 2, "random_weight": 0.6952117257345948, "id": 38}, {"weight": 1, "random_weight": 0.3569070923123071, "id": 43}], [{"weight": 2, "random_weight": 0.8860168335197784, "id": 32}, {"weight": 1, "random_weight": 0.9742007613292076, "id": 52}, {"weight": 2, "random_weight": 0.5296667505422059, "id": 62}, {"weight": 1, "random_weight": 0.6557802082552249, "id": 69}], [{"weight": 2, "random_weight": 0.8860168335197784, "id": 31}, {"weight": 1, "random_weight": 0.2184176701524978, "id": 51}, {"weight": 1, "random_weight": 0.6594042990444118, "id": 63}, {"weight": 1, "random_weight": 0.14181026118894835, "id": 66}, {"weight": 1, "random_weight": 0.6333473923346324, "id": 70}], [{"weight": 1, "random_weight": 0.77204267248313, "id": 0}, {"weight": 1, "random_weight": 0.9643451805025092, "id": 1}, {"weight": 1, "random_weight": 0.31683085129354993, "id": 22}, {"weight": 1, "random_weight": 0.2876108978900359, "id": 36}, {"weight": 1, "random_weight": 0.5702720274849329, "id": 50}, {"weight": 1, "random_weight": 0.962521652026436, "id": 52}], [{"weight": 2, "random_weight": 0.29574131526047553, "id": 6}, {"weight": 1, "random_weight": 0.16416758755392735, "id": 20}, {"weight": 1, "random_weight": 0.6620677783327678, "id": 49}], [{"weight": 1, "random_weight": 0.018083010054413706, "id": 12}, {"weight": 1, "random_weight": 0.2958288005066978, "id": 13}, {"weight": 1, "random_weight": 0.037317310859776964, "id": 23}, {"weight": 1, "random_weight": 0.9615607882966468, "id": 46}], [{"weight": 2, "random_weight": 0.0011760805111934447, "id": 8}, {"weight": 1, "random_weight": 0.6879627003441986, "id": 15}, {"weight": 1, "random_weight": 0.332815834191597, "id": 26}, {"weight": 1, "random_weight": 0.2876108978900359, "id": 33}, {"weight": 1, "random_weight": 0.8745465055470675, "id": 50}], [{"weight": 1, "random_weight": 0.872108477958305, "id": 4}, {"weight": 1, "random_weight": 0.6699815041255368, "id": 12}, {"weight": 1, "random_weight": 0.8243194953189175, "id": 46}, {"weight": 1, "random_weight": 0.4516419704242114, "id": 54}, {"weight": 1, "random_weight": 0.6642357259944408, "id": 65}, {"weight": 1, "random_weight": 0.25844223895732377, "id": 68}], [{"weight": 2, "random_weight": 0.6952117257345948, "id": 30}, {"weight": 1, "random_weight": 0.607958840700322, "id": 43}], [{"weight": 2, "random_weight": 0.9037998017877961, "id": 29}, {"weight": 1, "random_weight": 0.13751619266370108, "id": 44}, {"weight": 2, "random_weight": 0.8611765242912048, "id": 57}, {"weight": 1, "random_weight": 0.030075142738619665, "id": 67}], [{"weight": 1, "random_weight": 0.41214301480362403, "id": 18}, {"weight": 1, "random_weight": 0.9205415598428445, "id": 19}, {"weight": 1, "random_weight": 0.043065946655431175, "id": 24}, {"weight": 1, "random_weight": 0.21273762005324393, "id": 25}, {"weight": 1, "random_weight": 0.6686582672557415, "id": 48}], [{"weight": 2, "random_weight": 0.6840393665798321, "id": 24}, {"weight": 1, "random_weight": 0.5505848044794781, "id": 42}, {"weight": 1, "random_weight": 0.4246990450468483, "id": 48}, {"weight": 2, "random_weight": 0.8227581753490973, "id": 53}], [{"weight": 1, "random_weight": 0.5505848044794781, "id": 41}, {"weight": 1, "random_weight": 0.921917749229203, "id": 47}, {"weight": 1, "random_weight": 0.6148930715509626, "id": 53}, {"weight": 1, "random_weight": 0.7164515538666412, "id": 64}, {"weight": 1, "random_weight": 0.43715225826155346, "id": 66}, {"weight": 1, "random_weight": 0.742010788367702, "id": 71}], [{"weight": 1, "random_weight": 0.3569070923123071, "id": 30}, {"weight": 1, "random_weight": 0.607958840700322, "id": 38}, {"weight": 2, "random_weight": 0.5624163737832687, "id": 45}, {"weight": 1, "random_weight": 0.697102497512329, "id": 68}], [{"weight": 1, "random_weight": 0.2820033765133694, "id": 10}, {"weight": 1, "random_weight": 0.31625628759448765, "id": 29}, {"weight": 1, "random_weight": 0.13751619266370108, "id": 39}, {"weight": 1, "random_weight": 0.6652084839391672, "id": 56}], [{"weight": 2, "random_weight": 0.5624163737832687, "id": 43}, {"weight": 2, "random_weight": 0.6323076723008941, "id": 46}, {"weight": 1, "random_weight": 0.887060602869637, "id": 68}], [{"weight": 1, "random_weight": 0.44979277859240396, "id": 12}, {"weight": 1, "random_weight": 0.9615607882966468, "id": 35}, {"weight": 1, "random_weight": 0.8243194953189175, "id": 37}, {"weight": 2, "random_weight": 0.6323076723008941, "id": 45}], [{"weight": 1, "random_weight": 0.6999067492648856, "id": 24}, {"weight": 1, "random_weight": 0.6499851672166689, "id": 25}, {"weight": 1, "random_weight": 0.921917749229203, "id": 42}, {"weight": 1, "random_weight": 0.7612726179904422, "id": 56}, {"weight": 1, "random_weight": 0.16643794211019725, "id": 64}], [{"weight": 1, "random_weight": 0.8471977855657254, "id": 27}, {"weight": 1, "random_weight": 0.8853393537968575, "id": 28}, {"weight": 1, "random_weight": 0.6686582672557415, "id": 40}, {"weight": 1, "random_weight": 0.4246990450468483, "id": 41}, {"weight": 1, "random_weight": 0.19978462666710417, "id": 53}, {"weight": 1, "random_weight": 0.4927500441410657, "id": 59}], [{"weight": 1, "random_weight": 0.32012078295716173, "id": 2}, {"weight": 1, "random_weight": 0.053024143664605505, "id": 27}, {"weight": 1, "random_weight": 0.6620677783327678, "id": 34}, {"weight": 1, "random_weight": 0.058911973528727346, "id": 59}], [{"weight": 2, "random_weight": 0.5005778135580693, "id": 15}, {"weight": 1, "random_weight": 0.8191945325057369, "id": 22}, {"weight": 1, "random_weight": 0.5702720274849329, "id": 33}, {"weight": 1, "random_weight": 0.8745465055470675, "id": 36}], [{"weight": 1, "random_weight": 0.8692217508530843, "id": 0}, {"weight": 1, "random_weight": 0.2184176701524978, "id": 32}, {"weight": 1, "random_weight": 0.897894511016262, "id": 52}, {"weight": 1, "random_weight": 0.7812215003622657, "id": 58}, {"weight": 1, "random_weight": 0.8050681572742869, "id": 63}, {"weight": 1, "random_weight": 0.26856340158657954, "id": 67}], [{"weight": 1, "random_weight": 0.8664635823471737, "id": 0}, {"weight": 1, "random_weight": 0.2812961731682969, "id": 8}, {"weight": 1, "random_weight": 0.9742007613292076, "id": 31}, {"weight": 1, "random_weight": 0.962521652026436, "id": 33}, {"weight": 1, "random_weight": 0.897894511016262, "id": 51}, {"weight": 1, "random_weight": 0.2052786010262918, "id": 62}], [{"weight": 1, "random_weight": 0.14715496332493627, "id": 3}, {"weight": 2, "random_weight": 0.8227581753490973, "id": 41}, {"weight": 1, "random_weight": 0.6148930715509626, "id": 42}, {"weight": 1, "random_weight": 0.19978462666710417, "id": 48}, {"weight": 1, "random_weight": 0.6244160815475648, "id": 71}], [{"weight": 1, "random_weight": 0.4516419704242114, "id": 37}, {"weight": 2, "random_weight": 0.5688220900580084, "id": 55}, {"weight": 2, "random_weight": 0.33375465730942633, "id": 69}, {"weight": 1, "random_weight": 0.33947793429653483, "id": 70}], [{"weight": 1, "random_weight": 0.03169022313100445, "id": 3}, {"weight": 2, "random_weight": 0.41919743643141194, "id": 7}, {"weight": 2, "random_weight": 0.5688220900580084, "id": 54}, {"weight": 1, "random_weight": 0.1709729296625414, "id": 65}], [{"weight": 1, "random_weight": 0.6652084839391672, "id": 44}, {"weight": 1, "random_weight": 0.7612726179904422, "id": 47}, {"weight": 1, "random_weight": 0.6093104421664071, "id": 57}, {"weight": 1, "random_weight": 0.2744460087207099, "id": 64}], [{"weight": 2, "random_weight": 0.8611765242912048, "id": 39}, {"weight": 1, "random_weight": 0.6093104421664071, "id": 56}, {"weight": 1, "random_weight": 0.4709460711848571, "id": 63}, {"weight": 2, "random_weight": 0.6105721526352218, "id": 64}], [{"weight": 1, "random_weight": 0.7117905266364906, "id": 0}, {"weight": 1, "random_weight": 0.9574087676755866, "id": 1}, {"weight": 1, "random_weight": 0.7031966490937595, "id": 21}, {"weight": 1, "random_weight": 0.7812215003622657, "id": 51}, {"weight": 1, "random_weight": 0.1381699118062817, "id": 60}, {"weight": 1, "random_weight": 0.8271164212972986, "id": 67}], [{"weight": 2, "random_weight": 0.2984751655911806, "id": 2}, {"weight": 1, "random_weight": 0.8578517212728932, "id": 3}, {"weight": 1, "random_weight": 0.05015019096210693, "id": 27}, {"weight": 1, "random_weight": 0.4927500441410657, "id": 48}, {"weight": 1, "random_weight": 0.058911973528727346, "id": 49}], [{"weight": 1, "random_weight": 0.0013417942789960557, "id": 21}, {"weight": 1, "random_weight": 0.1381699118062817, "id": 58}, {"weight": 2, "random_weight": 0.6297480852297904, "id": 61}, {"weight": 1, "random_weight": 0.9143906483842121, "id": 67}], [{"weight": 1, "random_weight": 0.021969188393311967, "id": 10}, {"weight": 1, "random_weight": 0.14763049758875435, "id": 11}, {"weight": 1, "random_weight": 0.822886292620142, "id": 29}, {"weight": 2, "random_weight": 0.6297480852297904, "id": 60}], [{"weight": 1, "random_weight": 0.4914883450346258, "id": 4}, {"weight": 1, "random_weight": 0.5228913598429081, "id": 5}, {"weight": 2, "random_weight": 0.5296667505422059, "id": 31}, {"weight": 1, "random_weight": 0.2052786010262918, "id": 52}, {"weight": 1, "random_weight": 0.9072824346555803, "id": 69}], [{"weight": 1, "random_weight": 0.6594042990444118, "id": 32}, {"weight": 1, "random_weight": 0.8050681572742869, "id": 51}, {"weight": 1, "random_weight": 0.4709460711848571, "id": 57}, {"weight": 2, "random_weight": 0.15741692812544217, "id": 66}, {"weight": 1, "random_weight": 0.8632265504722024, "id": 67}], [{"weight": 1, "random_weight": 0.7164515538666412, "id": 42}, {"weight": 1, "random_weight": 0.16643794211019725, "id": 47}, {"weight": 1, "random_weight": 0.2744460087207099, "id": 56}, {"weight": 2, "random_weight": 0.6105721526352218, "id": 57}, {"weight": 1, "random_weight": 0.748887103256835, "id": 66}], [{"weight": 1, "random_weight": 0.1780890852808943, "id": 7}, {"weight": 1, "random_weight": 0.3257124969977606, "id": 17}, {"weight": 1, "random_weight": 0.6642357259944408, "id": 37}, {"weight": 1, "random_weight": 0.1709729296625414, "id": 55}, {"weight": 2, "random_weight": 0.4612615051725364, "id": 68}], [{"weight": 1, "random_weight": 0.14181026118894835, "id": 32}, {"weight": 1, "random_weight": 0.43715225826155346, "id": 42}, {"weight": 2, "random_weight": 0.15741692812544217, "id": 63}, {"weight": 1, "random_weight": 0.748887103256835, "id": 64}, {"weight": 1, "random_weight": 0.906058319630914, "id": 71}], [{"weight": 1, "random_weight": 0.5852600960100954, "id": 29}, {"weight": 1, "random_weight": 0.030075142738619665, "id": 39}, {"weight": 1, "random_weight": 0.26856340158657954, "id": 51}, {"weight": 1, "random_weight": 0.8271164212972986, "id": 58}, {"weight": 1, "random_weight": 0.9143906483842121, "id": 60}, {"weight": 1, "random_weight": 0.8632265504722024, "id": 63}], [{"weight": 1, "random_weight": 0.4227826887079098, "id": 17}, {"weight": 1, "random_weight": 0.25844223895732377, "id": 37}, {"weight": 1, "random_weight": 0.697102497512329, "id": 43}, {"weight": 1, "random_weight": 0.887060602869637, "id": 45}, {"weight": 2, "random_weight": 0.4612615051725364, "id": 65}], [{"weight": 1, "random_weight": 0.729248839978675, "id": 4}, {"weight": 1, "random_weight": 0.6557802082552249, "id": 31}, {"weight": 2, "random_weight": 0.33375465730942633, "id": 54}, {"weight": 1, "random_weight": 0.9072824346555803, "id": 62}, {"weight": 1, "random_weight": 0.5861275989849024, "id": 70}], [{"weight": 1, "random_weight": 0.7452726353256262, "id": 3}, {"weight": 1, "random_weight": 0.6333473923346324, "id": 32}, {"weight": 1, "random_weight": 0.33947793429653483, "id": 54}, {"weight": 1, "random_weight": 0.5861275989849024, "id": 69}, {"weight": 2, "random_weight": 0.6815817058496941, "id": 71}], [{"weight": 1, "random_weight": 0.279922754181968, "id": 3}, {"weight": 1, "random_weight": 0.742010788367702, "id": 42}, {"weight": 1, "random_weight": 0.6244160815475648, "id": 53}, {"weight": 1, "random_weight": 0.906058319630914, "id": 66}, {"weight": 2, "random_weight": 0.6815817058496941, "id": 70}]]}