{"directed": false, "multigraph": false, "graph": [], "nodes": [{"graph": null, "nnodes": 2, "nedges": 1, "density": 1.0, "atomics": "[81, 93]", "group_pop": 2, "init_part_assignment": 11, "id": 0}, {"graph": null, "nnodes": 2, "nedges": 1, "density": 1.0, "atomics": "[57, 69]", "group_pop": 2, "init_part_assignment": 8, "id": 1}, {"graph": null, "nnodes": 2, "nedges": 1, "density": 1.0, "atomics": "[82, 70]", "group_pop": 2, "init_part_assignment": 8, "id": 2}, {"graph": null, "nnodes": 2, "nedges": 1, "density": 1.0, "atomics": "[74, 75]", "group_pop": 2, "init_part_assignment": 4, "id": 3}, {"graph": null, "nnodes": 2, "nedges": 1, "density": 1.0, "atomics": "[41, 42]", "group_pop": 2, "init_part_assignment": 10, "id": 4}, {"graph": null, "nnodes": 2, "nedges": 1, "density": 1.0, "atomics": "[43, 55]", "group_pop": 2, "init_part_assignment": 11, "id": 5}, {"graph": null, "nnodes": 2, "nedges": 1, "density": 1.0, "atomics": "[49, 61]", "group_pop": 2, "init_part_assignment": 0, "id": 6}, {"graph": null, "nnodes": 2, "nedges": 1, "density": 1.0, "atomics": "[62, 63]", "group_pop": 2, "init_part_assignment": 0, "id": 7}, {"graph": null, "nnodes": 2, "nedges": 1, "density": 1.0, "atomics": "[32, 44]", "group_pop": 2, "init_part_assignment": 9, "id": 8}, {"graph": null, "nnodes": 2, "nedges": 1, "density": 1.0, "atomics": "[8, 20]", "group_pop": 2, "init_part_assignment": 9, "id": 9}, {"graph": null, "nnodes": 2, "nedges": 1, "density": 1.0, "atomics": "[141, 142]", "group_pop": 2, "init_part_assignment": 3, "id": 10}, {"graph": null, "nnodes": 2, "nedges": 1, "density": 1.0, "atomics": "[131, 143]", "group_pop": 2, "init_part_assignment": 3, "id": 11}, {"graph": null, "nnodes": 2, "nedges": 1, "density": 1.0, "atomics": "[28, 29]", "group_pop": 2, "init_part_assignment": 7, "id": 12}, {"graph": null, "nnodes": 2, "nedges": 1, "density": 1.0, "atomics": "[9, 21]", "group_pop": 2, "init_part_assignment": 6, "id": 13}, {"graph": null, "nnodes": 2, "nedges": 1, "density": 1.0, "atomics": "[34, 35]", "group_pop": 2, "init_part_assignment": 6, "id": 14}, {"graph": null, "nnodes": 2, "nedges": 1, "density": 1.0, "atomics": "[10, 11]", "group_pop": 2, "init_part_assignment": 6, "id": 15}, {"graph": null, "nnodes": 2, "nedges": 1, "density": 1.0, "atomics": "[22, 23]", "group_pop": 2, "init_part_assignment": 6, "id": 16}, {"graph": null, "nnodes": 2, "nedges": 1, "density": 1.0, "atomics": "[36, 37]", "group_pop": 2, "init_part_assignment": 0, "id": 17}, {"graph": null, "nnodes": 2, "nedges": 1, "density": 1.0, "atomics": "[120, 132]", "group_pop": 2, "init_part_assignment": 1, "id": 18}, {"graph": null, "nnodes": 2, "nedges": 1, "density": 1.0, "atomics": "[24, 12]", "group_pop": 2, "init_part_assignment": 7, "id": 19}, {"graph": null, "nnodes": 2, "nedges": 1, "density": 1.0, "atomics": "[129, 130]", "group_pop": 2, "init_part_assignment": 3, "id": 20}, {"graph": null, "nnodes": 2, "nedges": 1, "density": 1.0, "atomics": "[18, 19]", "group_pop": 2, "init_part_assignment": 9, "id": 21}, {"graph": null, "nnodes": 2, "nedges": 1, "density": 1.0, "atomics": "[30, 31]", "group_pop": 2, "init_part_assignment": 10, "id": 22}, {"graph": null, "nnodes": 2, "nedges": 1, "density": 1.0, "atomics": "[83, 71]", "group_pop": 2, "init_part_assignment": 8, "id": 23}, {"graph": null, "nnodes": 2, "nedges": 1, "density": 1.0, "atomics": "[123, 124]", "group_pop": 2, "init_part_assignment": 2, "id": 24}, {"graph": null, "nnodes": 2, "nedges": 1, "density": 1.0, "atomics": "[136, 135]", "group_pop": 2, "init_part_assignment": 1, "id": 25}, {"graph": null, "nnodes": 2, "nedges": 1, "density": 1.0, "atomics": "[96, 108]", "group_pop": 2, "init_part_assignment": 1, "id": 26}, {"graph": null, "nnodes": 2, "nedges": 1, "density": 1.0, "atomics": "[116, 117]", "group_pop": 2, "init_part_assignment": 5, "id": 27}, {"graph": null, "nnodes": 2, "nedges": 1, "density": 1.0, "atomics": "[25, 26]", "group_pop": 2, "init_part_assignment": 10, "id": 28}, {"graph": null, "nnodes": 2, "nedges": 1, "density": 1.0, "atomics": "[13, 14]", "group_pop": 2, "init_part_assignment": 7, "id": 29}, {"graph": null, "nnodes": 2, "nedges": 1, "density": 1.0, "atomics": "[67, 79]", "group_pop": 2, "init_part_assignment": 11, "id": 30}, {"graph": null, "nnodes": 2, "nedges": 1, "density": 1.0, "atomics": "[58, 59]", "group_pop": 2, "init_part_assignment": 8, "id": 31}, {"graph": null, "nnodes": 2, "nedges": 1, "density": 1.0, "atomics": "[48, 60]", "group_pop": 2, "init_part_assignment": 0, "id": 32}, {"graph": null, "nnodes": 2, "nedges": 1, "density": 1.0, "atomics": "[6, 7]", "group_pop": 2, "init_part_assignment": 9, "id": 33}, {"graph": null, "nnodes": 2, "nedges": 1, "density": 1.0, "atomics": "[33, 45]", "group_pop": 2, "init_part_assignment": 6, "id": 34}, {"graph": null, "nnodes": 2, "nedges": 1, "density": 1.0, "atomics": "[40, 52]", "group_pop": 2, "init_part_assignment": 10, "id": 35}, {"graph": null, "nnodes": 2, "nedges": 1, "density": 1.0, "atomics": "[0, 1]", "group_pop": 2, "init_part_assignment": 7, "id": 36}, {"graph": null, "nnodes": 2, "nedges": 1, "density": 1.0, "atomics": "[128, 140]", "group_pop": 2, "init_part_assignment": 3, "id": 37}, {"graph": null, "nnodes": 2, "nedges": 1, "density": 1.0, "atomics": "[121, 133]", "group_pop": 2, "init_part_assignment": 1, "id": 38}, {"graph": null, "nnodes": 2, "nedges": 1, "density": 1.0, "atomics": "[122, 134]", "group_pop": 2, "init_part_assignment": 1, "id": 39}, {"graph": null, "nnodes": 2, "nedges": 1, "density": 1.0, "atomics": "[112, 113]", "group_pop": 2, "init_part_assignment": 5, "id": 40}, {"graph": null, "nnodes": 2, "nedges": 1, "density": 1.0, "atomics": "[2, 3]", "group_pop": 2, "init_part_assignment": 7, "id": 41}, {"graph": null, "nnodes": 2, "nedges": 1, "density": 1.0, "atomics": "[16, 17]", "group_pop": 2, "init_part_assignment": 9, "id": 42}, {"graph": null, "nnodes": 2, "nedges": 1, "density": 1.0, "atomics": "[4, 5]", "group_pop": 2, "init_part_assignment": 9, "id": 43}, {"graph": null, "nnodes": 2, "nedges": 1, "density": 1.0, "atomics": "[97, 98]", "group_pop": 2, "init_part_assignment": 2, "id": 44}, {"graph": null, "nnodes": 2, "nedges": 1, "density": 1.0, "atomics": "[109, 110]", "group_pop": 2, "init_part_assignment": 1, "id": 45}, {"graph": null, "nnodes": 2, "nedges": 1, "density": 1.0, "atomics": "[137, 138]", "group_pop": 2, "init_part_assignment": 2, "id": 46}, {"graph": null, "nnodes": 2, "nedges": 1, "density": 1.0, "atomics": "[125, 126]", "group_pop": 2, "init_part_assignment": 2, "id": 47}, {"graph": null, "nnodes": 2, "nedges": 1, "density": 1.0, "atomics": "[66, 78]", "group_pop": 2, "init_part_assignment": 4, "id": 48}, {"graph": null, "nnodes": 2, "nedges": 1, "density": 1.0, "atomics": "[27, 15]", "group_pop": 2, "init_part_assignment": 7, "id": 49}, {"graph": null, "nnodes": 2, "nedges": 1, "density": 1.0, "atomics": "[99, 111]", "group_pop": 2, "init_part_assignment": 2, "id": 50}, {"graph": null, "nnodes": 2, "nedges": 1, "density": 1.0, "atomics": "[72, 73]", "group_pop": 2, "init_part_assignment": 0, "id": 51}, {"graph": null, "nnodes": 2, "nedges": 1, "density": 1.0, "atomics": "[84, 85]", "group_pop": 2, "init_part_assignment": 0, "id": 52}, {"graph": null, "nnodes": 2, "nedges": 1, "density": 1.0, "atomics": "[46, 47]", "group_pop": 2, "init_part_assignment": 6, "id": 53}, {"graph": null, "nnodes": 2, "nedges": 1, "density": 1.0, "atomics": "[80, 92]", "group_pop": 2, "init_part_assignment": 11, "id": 54}, {"graph": null, "nnodes": 2, "nedges": 1, "density": 1.0, "atomics": "[56, 68]", "group_pop": 2, "init_part_assignment": 11, "id": 55}, {"graph": null, "nnodes": 2, "nedges": 1, "density": 1.0, "atomics": "[100, 101]", "group_pop": 2, "init_part_assignment": 5, "id": 56}, {"graph": null, "nnodes": 2, "nedges": 1, "density": 1.0, "atomics": "[64, 65]", "group_pop": 2, "init_part_assignment": 4, "id": 57}, {"graph": null, "nnodes": 2, "nedges": 1, "density": 1.0, "atomics": "[139, 127]", "group_pop": 2, "init_part_assignment": 3, "id": 58}, {"graph": null, "nnodes": 2, "nedges": 1, "density": 1.0, "atomics": "[94, 95]", "group_pop": 2, "init_part_assignment": 8, "id": 59}, {"graph": null, "nnodes": 2, "nedges": 1, "density": 1.0, "atomics": "[107, 119]", "group_pop": 2, "init_part_assignment": 3, "id": 60}, {"graph": null, "nnodes": 2, "nedges": 1, "density": 1.0, "atomics": "[53, 54]", "group_pop": 2, "init_part_assignment": 4, "id": 61}, {"graph": null, "nnodes": 2, "nedges": 1, "density": 1.0, "atomics": "[114, 115]", "group_pop": 2, "init_part_assignment": 5, "id": 62}, {"graph": null, "nnodes": 2, "nedges": 1, "density": 1.0, "atomics": "[102, 103]", "group_pop": 2, "init_part_assignment": 5, "id": 63}, {"graph": null, "nnodes": 2, "nedges": 1, "density": 1.0, "atomics": "[50, 51]", "group_pop": 2, "init_part_assignment": 10, "id": 64}, {"graph": null, "nnodes": 2, "nedges": 1, "density": 1.0, "atomics": "[38, 39]", "group_pop": 2, "init_part_assignment": 10, "id": 65}, {"graph": null, "nnodes": 2, "nedges": 1, "density": 1.0, "atomics": "[86, 87]", "group_pop": 2, "init_part_assignment": 2, "id": 66}, {"graph": null, "nnodes": 2, "nedges": 1, "density": 1.0, "atomics": "[106, 118]", "group_pop": 2, "init_part_assignment": 8, "id": 67}, {"graph": null, "nnodes": 2, "nedges": 1, "density": 1.0, "atomics": "[104, 105]", "group_pop": 2, "init_part_assignment": 11, "id": 68}, {"graph": null, "nnodes": 2, "nedges": 1, "density": 1.0, "atomics": "[88, 76]", "group_pop": 2, "init_part_assignment": 4, "id": 69}, {"graph": null, "nnodes": 2, "nedges": 1, "density": 1.0, "atomics": "[89, 77]", "group_pop": 2, "init_part_assignment": 4, "id": 70}, {"graph": null, "nnodes": 2, "nedges": 1, "density": 1.0, "atomics": "[90, 91]", "group_pop": 2, "init_part_assignment": 5, "id": 71}], "adjacency": [[{"weight": 1, "random_weight": 0.528935001485693, "id": 1}, {"weight": 1, "random_weight": 0.7189254038277753, "id": 2}, {"weight": 2, "random_weight": 0.6576094157243507, "id": 54}, {"weight": 1, "random_weight": 0.9531604304027377, "id": 59}, {"weight": 1, "random_weight": 0.38275845320328084, "id": 68}], [{"weight": 1, "random_weight": 0.528935001485693, "id": 0}, {"weight": 1, "random_weight": 0.31701604543680206, "id": 2}, {"weight": 1, "random_weight": 0.21387184408259075, "id": 31}, {"weight": 1, "random_weight": 0.8345800056272249, "id": 34}, {"weight": 2, "random_weight": 0.76373394722832, "id": 55}], [{"weight": 1, "random_weight": 0.7189254038277753, "id": 0}, {"weight": 1, "random_weight": 0.31701604543680206, "id": 1}, {"weight": 2, "random_weight": 0.7057061528887282, "id": 23}, {"weight": 1, "random_weight": 0.7648705788729528, "id": 31}, {"weight": 1, "random_weight": 0.000648603666173031, "id": 59}], [{"weight": 2, "random_weight": 0.8573496066702487, "id": 7}, {"weight": 1, "random_weight": 0.5397953195482403, "id": 51}, {"weight": 2, "random_weight": 0.734160446042365, "id": 66}, {"weight": 1, "random_weight": 0.5374765961327653, "id": 69}], [{"weight": 1, "random_weight": 0.5515522391156841, "id": 5}, {"weight": 1, "random_weight": 0.513926823036687, "id": 12}, {"weight": 1, "random_weight": 0.03633203079154357, "id": 22}, {"weight": 1, "random_weight": 0.9001567457977944, "id": 35}, {"weight": 2, "random_weight": 0.8350067077174136, "id": 61}], [{"weight": 1, "random_weight": 0.5515522391156841, "id": 4}, {"weight": 1, "random_weight": 0.6414993555764512, "id": 8}, {"weight": 1, "random_weight": 0.966036239652203, "id": 22}, {"weight": 1, "random_weight": 0.8773333420205188, "id": 30}, {"weight": 1, "random_weight": 0.9030255678738613, "id": 55}, {"weight": 1, "random_weight": 0.5410377952880394, "id": 61}], [{"weight": 1, "random_weight": 0.6640665959736206, "id": 7}, {"weight": 1, "random_weight": 0.280213810213064, "id": 17}, {"weight": 2, "random_weight": 0.4983487440737363, "id": 32}, {"weight": 1, "random_weight": 0.4785654356663184, "id": 51}, {"weight": 1, "random_weight": 0.2840829815681498, "id": 64}], [{"weight": 2, "random_weight": 0.8573496066702487, "id": 3}, {"weight": 1, "random_weight": 0.6640665959736206, "id": 6}, {"weight": 1, "random_weight": 0.7912689794298206, "id": 57}, {"weight": 2, "random_weight": 0.6846355299422923, "id": 64}], [{"weight": 1, "random_weight": 0.6414993555764512, "id": 5}, {"weight": 1, "random_weight": 0.8469359191275974, "id": 9}, {"weight": 1, "random_weight": 0.9679244011056625, "id": 22}, {"weight": 2, "random_weight": 0.9366582106613868, "id": 34}, {"weight": 1, "random_weight": 0.47586723230317896, "id": 55}], [{"weight": 1, "random_weight": 0.8469359191275974, "id": 8}, {"weight": 2, "random_weight": 0.8704297343976529, "id": 13}, {"weight": 1, "random_weight": 0.9600234053176365, "id": 21}, {"weight": 1, "random_weight": 0.3615022768995214, "id": 33}], [{"weight": 1, "random_weight": 0.12025022041598243, "id": 11}, {"weight": 2, "random_weight": 0.7488318858641386, "id": 20}, {"weight": 1, "random_weight": 0.3365888195871882, "id": 37}], [{"weight": 1, "random_weight": 0.12025022041598243, "id": 10}, {"weight": 1, "random_weight": 0.29807897647362236, "id": 20}, {"weight": 1, "random_weight": 0.49742004241899773, "id": 60}], [{"weight": 1, "random_weight": 0.513926823036687, "id": 4}, {"weight": 1, "random_weight": 0.4569644854334265, "id": 22}, {"weight": 1, "random_weight": 0.6622679419171285, "id": 35}, {"weight": 2, "random_weight": 0.7898197894532784, "id": 42}, {"weight": 1, "random_weight": 0.3503044078933879, "id": 49}], [{"weight": 2, "random_weight": 0.8704297343976529, "id": 9}, {"weight": 1, "random_weight": 0.41946529483308403, "id": 15}, {"weight": 1, "random_weight": 0.10514554398703668, "id": 16}, {"weight": 1, "random_weight": 0.5560050152332211, "id": 34}], [{"weight": 2, "random_weight": 0.3422428892987257, "id": 16}, {"weight": 1, "random_weight": 0.5146959987863058, "id": 34}, {"weight": 2, "random_weight": 0.6912833277809806, "id": 53}], [{"weight": 1, "random_weight": 0.41946529483308403, "id": 13}, {"weight": 2, "random_weight": 0.008540607222966567, "id": 16}], [{"weight": 1, "random_weight": 0.10514554398703668, "id": 13}, {"weight": 2, "random_weight": 0.3422428892987257, "id": 14}, {"weight": 2, "random_weight": 0.008540607222966567, "id": 15}], [{"weight": 1, "random_weight": 0.280213810213064, "id": 6}, {"weight": 1, "random_weight": 0.5669890820140427, "id": 19}, {"weight": 1, "random_weight": 0.4466482454378401, "id": 28}, {"weight": 1, "random_weight": 0.20355535835912508, "id": 32}, {"weight": 1, "random_weight": 0.015785181278311855, "id": 65}], [{"weight": 1, "random_weight": 0.9866713747611189, "id": 26}, {"weight": 2, "random_weight": 0.9268571166581083, "id": 38}], [{"weight": 1, "random_weight": 0.5669890820140427, "id": 17}, {"weight": 1, "random_weight": 0.6440303417085443, "id": 28}, {"weight": 1, "random_weight": 0.4114650481506549, "id": 29}, {"weight": 1, "random_weight": 0.9252974628653962, "id": 36}], [{"weight": 2, "random_weight": 0.7488318858641386, "id": 10}, {"weight": 1, "random_weight": 0.29807897647362236, "id": 11}, {"weight": 1, "random_weight": 0.5079278044863728, "id": 27}, {"weight": 1, "random_weight": 0.5721677164017683, "id": 37}, {"weight": 1, "random_weight": 0.6994018275361227, "id": 67}], [{"weight": 1, "random_weight": 0.9600234053176365, "id": 9}, {"weight": 2, "random_weight": 0.8876401874628478, "id": 22}, {"weight": 2, "random_weight": 0.33413691090543207, "id": 33}, {"weight": 1, "random_weight": 0.5732490616332406, "id": 42}], [{"weight": 1, "random_weight": 0.03633203079154357, "id": 4}, {"weight": 1, "random_weight": 0.966036239652203, "id": 5}, {"weight": 1, "random_weight": 0.9679244011056625, "id": 8}, {"weight": 1, "random_weight": 0.4569644854334265, "id": 12}, {"weight": 2, "random_weight": 0.8876401874628478, "id": 21}], [{"weight": 2, "random_weight": 0.7057061528887282, "id": 2}, {"weight": 1, "random_weight": 0.1628483363283747, "id": 31}, {"weight": 1, "random_weight": 0.31408773967302106, "id": 59}], [{"weight": 2, "random_weight": 0.8052623183549962, "id": 25}, {"weight": 1, "random_weight": 0.7145562158970196, "id": 39}, {"weight": 1, "random_weight": 0.8029750725560066, "id": 40}, {"weight": 1, "random_weight": 0.624575057232018, "id": 47}, {"weight": 1, "random_weight": 0.6245644731887171, "id": 50}], [{"weight": 2, "random_weight": 0.8052623183549962, "id": 24}, {"weight": 1, "random_weight": 0.181752714904028, "id": 39}, {"weight": 1, "random_weight": 0.7765986525303724, "id": 46}], [{"weight": 1, "random_weight": 0.9866713747611189, "id": 18}, {"weight": 1, "random_weight": 0.7328760227705567, "id": 44}, {"weight": 1, "random_weight": 0.06801563260571009, "id": 45}, {"weight": 1, "random_weight": 0.5414004235130925, "id": 52}], [{"weight": 1, "random_weight": 0.5079278044863728, "id": 20}, {"weight": 1, "random_weight": 0.7783523089711162, "id": 37}, {"weight": 1, "random_weight": 0.2389891787365116, "id": 62}, {"weight": 1, "random_weight": 0.21551502042015436, "id": 67}, {"weight": 2, "random_weight": 0.8183245757691113, "id": 68}], [{"weight": 1, "random_weight": 0.4466482454378401, "id": 17}, {"weight": 1, "random_weight": 0.6440303417085443, "id": 19}, {"weight": 2, "random_weight": 0.7307821790566736, "id": 29}, {"weight": 1, "random_weight": 0.8970442186102453, "id": 49}, {"weight": 1, "random_weight": 0.3590305792064278, "id": 65}], [{"weight": 1, "random_weight": 0.4114650481506549, "id": 19}, {"weight": 2, "random_weight": 0.7307821790566736, "id": 28}, {"weight": 1, "random_weight": 0.004995823681790412, "id": 36}, {"weight": 1, "random_weight": 0.9855406803970358, "id": 41}, {"weight": 1, "random_weight": 0.6644631865971963, "id": 49}], [{"weight": 1, "random_weight": 0.8773333420205188, "id": 5}, {"weight": 2, "random_weight": 0.9265233822860802, "id": 48}, {"weight": 1, "random_weight": 0.6386889294912331, "id": 54}, {"weight": 1, "random_weight": 0.6424001240206684, "id": 55}, {"weight": 1, "random_weight": 0.8043543814736234, "id": 71}], [{"weight": 1, "random_weight": 0.21387184408259075, "id": 1}, {"weight": 1, "random_weight": 0.7648705788729528, "id": 2}, {"weight": 1, "random_weight": 0.1628483363283747, "id": 23}, {"weight": 2, "random_weight": 0.761381496732096, "id": 53}], [{"weight": 2, "random_weight": 0.4983487440737363, "id": 6}, {"weight": 1, "random_weight": 0.20355535835912508, "id": 17}, {"weight": 1, "random_weight": 0.8407577124713335, "id": 51}], [{"weight": 1, "random_weight": 0.3615022768995214, "id": 9}, {"weight": 2, "random_weight": 0.33413691090543207, "id": 21}, {"weight": 1, "random_weight": 0.1584195766329859, "id": 43}], [{"weight": 1, "random_weight": 0.8345800056272249, "id": 1}, {"weight": 2, "random_weight": 0.9366582106613868, "id": 8}, {"weight": 1, "random_weight": 0.5560050152332211, "id": 13}, {"weight": 1, "random_weight": 0.5146959987863058, "id": 14}, {"weight": 1, "random_weight": 0.9183326209782323, "id": 53}], [{"weight": 1, "random_weight": 0.9001567457977944, "id": 4}, {"weight": 1, "random_weight": 0.6622679419171285, "id": 12}, {"weight": 1, "random_weight": 0.5765818591051967, "id": 57}, {"weight": 1, "random_weight": 0.5017529553174226, "id": 61}, {"weight": 1, "random_weight": 0.536394121700393, "id": 64}, {"weight": 1, "random_weight": 0.8424519360194083, "id": 65}], [{"weight": 1, "random_weight": 0.9252974628653962, "id": 19}, {"weight": 1, "random_weight": 0.004995823681790412, "id": 29}, {"weight": 1, "random_weight": 0.06772787206182229, "id": 41}], [{"weight": 1, "random_weight": 0.3365888195871882, "id": 10}, {"weight": 1, "random_weight": 0.5721677164017683, "id": 20}, {"weight": 1, "random_weight": 0.7783523089711162, "id": 27}, {"weight": 2, "random_weight": 0.6379931778201529, "id": 58}], [{"weight": 2, "random_weight": 0.9268571166581083, "id": 18}, {"weight": 2, "random_weight": 0.6028015064908055, "id": 39}, {"weight": 1, "random_weight": 0.4493570765995496, "id": 45}], [{"weight": 1, "random_weight": 0.7145562158970196, "id": 24}, {"weight": 1, "random_weight": 0.181752714904028, "id": 25}, {"weight": 2, "random_weight": 0.6028015064908055, "id": 38}, {"weight": 1, "random_weight": 0.14955925093732925, "id": 45}], [{"weight": 1, "random_weight": 0.8029750725560066, "id": 24}, {"weight": 1, "random_weight": 0.7217941307321066, "id": 47}, {"weight": 1, "random_weight": 0.9736591271065884, "id": 50}, {"weight": 2, "random_weight": 0.7268688619853915, "id": 56}, {"weight": 1, "random_weight": 0.6092672550256687, "id": 62}], [{"weight": 1, "random_weight": 0.9855406803970358, "id": 29}, {"weight": 1, "random_weight": 0.06772787206182229, "id": 36}, {"weight": 1, "random_weight": 0.7674951938290973, "id": 43}, {"weight": 1, "random_weight": 0.6199726349986654, "id": 49}], [{"weight": 2, "random_weight": 0.7898197894532784, "id": 12}, {"weight": 1, "random_weight": 0.5732490616332406, "id": 21}, {"weight": 2, "random_weight": 0.7333812070707231, "id": 43}, {"weight": 1, "random_weight": 0.298149572600803, "id": 49}], [{"weight": 1, "random_weight": 0.1584195766329859, "id": 33}, {"weight": 1, "random_weight": 0.7674951938290973, "id": 41}, {"weight": 2, "random_weight": 0.7333812070707231, "id": 42}], [{"weight": 1, "random_weight": 0.7328760227705567, "id": 26}, {"weight": 2, "random_weight": 0.2039903166084316, "id": 45}, {"weight": 1, "random_weight": 0.6838627582065454, "id": 50}, {"weight": 1, "random_weight": 0.5263820448374569, "id": 52}, {"weight": 1, "random_weight": 0.33198813408597716, "id": 66}], [{"weight": 1, "random_weight": 0.06801563260571009, "id": 26}, {"weight": 1, "random_weight": 0.4493570765995496, "id": 38}, {"weight": 1, "random_weight": 0.14955925093732925, "id": 39}, {"weight": 2, "random_weight": 0.2039903166084316, "id": 44}, {"weight": 1, "random_weight": 0.8371294148269396, "id": 50}], [{"weight": 1, "random_weight": 0.7765986525303724, "id": 25}, {"weight": 2, "random_weight": 0.7304736317332837, "id": 47}, {"weight": 1, "random_weight": 0.7883830925528227, "id": 58}], [{"weight": 1, "random_weight": 0.624575057232018, "id": 24}, {"weight": 1, "random_weight": 0.7217941307321066, "id": 40}, {"weight": 2, "random_weight": 0.7304736317332837, "id": 46}, {"weight": 1, "random_weight": 0.9590688334375512, "id": 58}, {"weight": 1, "random_weight": 0.1987193470589389, "id": 62}], [{"weight": 2, "random_weight": 0.9265233822860802, "id": 30}, {"weight": 1, "random_weight": 0.3072511288519534, "id": 57}, {"weight": 1, "random_weight": 0.8454380135777465, "id": 61}, {"weight": 1, "random_weight": 0.4632629391536235, "id": 70}, {"weight": 1, "random_weight": 0.8443662519451515, "id": 71}], [{"weight": 1, "random_weight": 0.3503044078933879, "id": 12}, {"weight": 1, "random_weight": 0.8970442186102453, "id": 28}, {"weight": 1, "random_weight": 0.6644631865971963, "id": 29}, {"weight": 1, "random_weight": 0.6199726349986654, "id": 41}, {"weight": 1, "random_weight": 0.298149572600803, "id": 42}, {"weight": 1, "random_weight": 0.9310474639327639, "id": 65}], [{"weight": 1, "random_weight": 0.6245644731887171, "id": 24}, {"weight": 1, "random_weight": 0.9736591271065884, "id": 40}, {"weight": 1, "random_weight": 0.6838627582065454, "id": 44}, {"weight": 1, "random_weight": 0.8371294148269396, "id": 45}, {"weight": 1, "random_weight": 0.9444773130341702, "id": 56}, {"weight": 1, "random_weight": 0.24169586622496686, "id": 66}], [{"weight": 1, "random_weight": 0.5397953195482403, "id": 3}, {"weight": 1, "random_weight": 0.4785654356663184, "id": 6}, {"weight": 1, "random_weight": 0.8407577124713335, "id": 32}, {"weight": 2, "random_weight": 0.3600170746456317, "id": 52}], [{"weight": 1, "random_weight": 0.5414004235130925, "id": 26}, {"weight": 1, "random_weight": 0.5263820448374569, "id": 44}, {"weight": 2, "random_weight": 0.3600170746456317, "id": 51}, {"weight": 1, "random_weight": 0.7545834777536615, "id": 66}], [{"weight": 2, "random_weight": 0.6912833277809806, "id": 14}, {"weight": 2, "random_weight": 0.761381496732096, "id": 31}, {"weight": 1, "random_weight": 0.9183326209782323, "id": 34}], [{"weight": 2, "random_weight": 0.6576094157243507, "id": 0}, {"weight": 1, "random_weight": 0.6386889294912331, "id": 30}, {"weight": 1, "random_weight": 0.5551406795278426, "id": 55}, {"weight": 1, "random_weight": 0.14606346785685298, "id": 68}, {"weight": 1, "random_weight": 0.446703936085721, "id": 71}], [{"weight": 2, "random_weight": 0.76373394722832, "id": 1}, {"weight": 1, "random_weight": 0.9030255678738613, "id": 5}, {"weight": 1, "random_weight": 0.47586723230317896, "id": 8}, {"weight": 1, "random_weight": 0.6424001240206684, "id": 30}, {"weight": 1, "random_weight": 0.5551406795278426, "id": 54}], [{"weight": 2, "random_weight": 0.7268688619853915, "id": 40}, {"weight": 1, "random_weight": 0.9444773130341702, "id": 50}, {"weight": 1, "random_weight": 0.27075691217303566, "id": 63}, {"weight": 1, "random_weight": 0.7172195449787564, "id": 69}, {"weight": 1, "random_weight": 0.5929998947983197, "id": 70}], [{"weight": 1, "random_weight": 0.7912689794298206, "id": 7}, {"weight": 1, "random_weight": 0.5765818591051967, "id": 35}, {"weight": 1, "random_weight": 0.3072511288519534, "id": 48}, {"weight": 1, "random_weight": 0.10773376184530659, "id": 61}, {"weight": 1, "random_weight": 0.4956428279932573, "id": 69}, {"weight": 1, "random_weight": 0.6688975829079172, "id": 70}], [{"weight": 2, "random_weight": 0.6379931778201529, "id": 37}, {"weight": 1, "random_weight": 0.7883830925528227, "id": 46}, {"weight": 1, "random_weight": 0.9590688334375512, "id": 47}, {"weight": 1, "random_weight": 0.8823318515320165, "id": 62}], [{"weight": 1, "random_weight": 0.9531604304027377, "id": 0}, {"weight": 1, "random_weight": 0.000648603666173031, "id": 2}, {"weight": 1, "random_weight": 0.31408773967302106, "id": 23}, {"weight": 1, "random_weight": 0.3655210701424595, "id": 60}, {"weight": 1, "random_weight": 0.1729023922758509, "id": 67}], [{"weight": 1, "random_weight": 0.49742004241899773, "id": 11}, {"weight": 1, "random_weight": 0.3655210701424595, "id": 59}, {"weight": 2, "random_weight": 0.30413214504118213, "id": 67}], [{"weight": 2, "random_weight": 0.8350067077174136, "id": 4}, {"weight": 1, "random_weight": 0.5410377952880394, "id": 5}, {"weight": 1, "random_weight": 0.5017529553174226, "id": 35}, {"weight": 1, "random_weight": 0.8454380135777465, "id": 48}, {"weight": 1, "random_weight": 0.10773376184530659, "id": 57}], [{"weight": 1, "random_weight": 0.2389891787365116, "id": 27}, {"weight": 1, "random_weight": 0.6092672550256687, "id": 40}, {"weight": 1, "random_weight": 0.1987193470589389, "id": 47}, {"weight": 1, "random_weight": 0.8823318515320165, "id": 58}, {"weight": 2, "random_weight": 0.044850456377193315, "id": 63}], [{"weight": 1, "random_weight": 0.27075691217303566, "id": 56}, {"weight": 2, "random_weight": 0.044850456377193315, "id": 62}, {"weight": 1, "random_weight": 0.9798609087484859, "id": 68}, {"weight": 2, "random_weight": 0.19528337408517626, "id": 71}], [{"weight": 1, "random_weight": 0.2840829815681498, "id": 6}, {"weight": 2, "random_weight": 0.6846355299422923, "id": 7}, {"weight": 1, "random_weight": 0.536394121700393, "id": 35}, {"weight": 2, "random_weight": 0.5050648082487736, "id": 65}], [{"weight": 1, "random_weight": 0.015785181278311855, "id": 17}, {"weight": 1, "random_weight": 0.3590305792064278, "id": 28}, {"weight": 1, "random_weight": 0.8424519360194083, "id": 35}, {"weight": 1, "random_weight": 0.9310474639327639, "id": 49}, {"weight": 2, "random_weight": 0.5050648082487736, "id": 64}], [{"weight": 2, "random_weight": 0.734160446042365, "id": 3}, {"weight": 1, "random_weight": 0.33198813408597716, "id": 44}, {"weight": 1, "random_weight": 0.24169586622496686, "id": 50}, {"weight": 1, "random_weight": 0.7545834777536615, "id": 52}, {"weight": 1, "random_weight": 0.7237237127758713, "id": 69}], [{"weight": 1, "random_weight": 0.6994018275361227, "id": 20}, {"weight": 1, "random_weight": 0.21551502042015436, "id": 27}, {"weight": 1, "random_weight": 0.1729023922758509, "id": 59}, {"weight": 2, "random_weight": 0.30413214504118213, "id": 60}, {"weight": 1, "random_weight": 0.6209635676089876, "id": 68}], [{"weight": 1, "random_weight": 0.38275845320328084, "id": 0}, {"weight": 2, "random_weight": 0.8183245757691113, "id": 27}, {"weight": 1, "random_weight": 0.14606346785685298, "id": 54}, {"weight": 1, "random_weight": 0.9798609087484859, "id": 63}, {"weight": 1, "random_weight": 0.6209635676089876, "id": 67}], [{"weight": 1, "random_weight": 0.5374765961327653, "id": 3}, {"weight": 1, "random_weight": 0.7172195449787564, "id": 56}, {"weight": 1, "random_weight": 0.4956428279932573, "id": 57}, {"weight": 1, "random_weight": 0.7237237127758713, "id": 66}, {"weight": 2, "random_weight": 0.0069191411265062674, "id": 70}], [{"weight": 1, "random_weight": 0.4632629391536235, "id": 48}, {"weight": 1, "random_weight": 0.5929998947983197, "id": 56}, {"weight": 1, "random_weight": 0.6688975829079172, "id": 57}, {"weight": 2, "random_weight": 0.0069191411265062674, "id": 69}, {"weight": 1, "random_weight": 0.780839049968355, "id": 71}], [{"weight": 1, "random_weight": 0.8043543814736234, "id": 30}, {"weight": 1, "random_weight": 0.8443662519451515, "id": 48}, {"weight": 1, "random_weight": 0.446703936085721, "id": 54}, {"weight": 2, "random_weight": 0.19528337408517626, "id": 63}, {"weight": 1, "random_weight": 0.780839049968355, "id": 70}]]}