{"directed": false, "multigraph": false, "graph": [], "nodes": [{"graph": null, "nnodes": 2, "nedges": 1, "density": 1.0, "atomics": "[81, 93]", "group_pop": 2, "init_part_assignment": 9, "id": 0}, {"graph": null, "nnodes": 2, "nedges": 1, "density": 1.0, "atomics": "[68, 69]", "group_pop": 2, "init_part_assignment": 11, "id": 1}, {"graph": null, "nnodes": 2, "nedges": 1, "density": 1.0, "atomics": "[82, 94]", "group_pop": 2, "init_part_assignment": 9, "id": 2}, {"graph": null, "nnodes": 2, "nedges": 1, "density": 1.0, "atomics": "[70, 71]", "group_pop": 2, "init_part_assignment": 11, "id": 3}, {"graph": null, "nnodes": 2, "nedges": 1, "density": 1.0, "atomics": "[74, 75]", "group_pop": 2, "init_part_assignment": 0, "id": 4}, {"graph": null, "nnodes": 2, "nedges": 1, "density": 1.0, "atomics": "[42, 43]", "group_pop": 2, "init_part_assignment": 8, "id": 5}, {"graph": null, "nnodes": 2, "nedges": 1, "density": 1.0, "atomics": "[73, 61]", "group_pop": 2, "init_part_assignment": 4, "id": 6}, {"graph": null, "nnodes": 2, "nedges": 1, "density": 1.0, "atomics": "[62, 63]", "group_pop": 2, "init_part_assignment": 4, "id": 7}, {"graph": null, "nnodes": 2, "nedges": 1, "density": 1.0, "atomics": "[32, 31]", "group_pop": 2, "init_part_assignment": 8, "id": 8}, {"graph": null, "nnodes": 2, "nedges": 1, "density": 1.0, "atomics": "[19, 20]", "group_pop": 2, "init_part_assignment": 8, "id": 9}, {"graph": null, "nnodes": 2, "nedges": 1, "density": 1.0, "atomics": "[142, 143]", "group_pop": 2, "init_part_assignment": 1, "id": 10}, {"graph": null, "nnodes": 2, "nedges": 1, "density": 1.0, "atomics": "[41, 53]", "group_pop": 2, "init_part_assignment": 2, "id": 11}, {"graph": null, "nnodes": 2, "nedges": 1, "density": 1.0, "atomics": "[28, 29]", "group_pop": 2, "init_part_assignment": 7, "id": 12}, {"graph": null, "nnodes": 2, "nedges": 1, "density": 1.0, "atomics": "[8, 9]", "group_pop": 2, "init_part_assignment": 8, "id": 13}, {"graph": null, "nnodes": 2, "nedges": 1, "density": 1.0, "atomics": "[33, 34]", "group_pop": 2, "init_part_assignment": 10, "id": 14}, {"graph": null, "nnodes": 2, "nedges": 1, "density": 1.0, "atomics": "[35, 23]", "group_pop": 2, "init_part_assignment": 10, "id": 15}, {"graph": null, "nnodes": 2, "nedges": 1, "density": 1.0, "atomics": "[10, 11]", "group_pop": 2, "init_part_assignment": 10, "id": 16}, {"graph": null, "nnodes": 2, "nedges": 1, "density": 1.0, "atomics": "[49, 50]", "group_pop": 2, "init_part_assignment": 4, "id": 17}, {"graph": null, "nnodes": 2, "nedges": 1, "density": 1.0, "atomics": "[37, 38]", "group_pop": 2, "init_part_assignment": 6, "id": 18}, {"graph": null, "nnodes": 2, "nedges": 1, "density": 1.0, "atomics": "[120, 108]", "group_pop": 2, "init_part_assignment": 0, "id": 19}, {"graph": null, "nnodes": 2, "nedges": 1, "density": 1.0, "atomics": "[132, 133]", "group_pop": 2, "init_part_assignment": 0, "id": 20}, {"graph": null, "nnodes": 2, "nedges": 1, "density": 1.0, "atomics": "[24, 25]", "group_pop": 2, "init_part_assignment": 6, "id": 21}, {"graph": null, "nnodes": 2, "nedges": 1, "density": 1.0, "atomics": "[48, 36]", "group_pop": 2, "init_part_assignment": 6, "id": 22}, {"graph": null, "nnodes": 2, "nedges": 1, "density": 1.0, "atomics": "[130, 131]", "group_pop": 2, "init_part_assignment": 1, "id": 23}, {"graph": null, "nnodes": 2, "nedges": 1, "density": 1.0, "atomics": "[83, 95]", "group_pop": 2, "init_part_assignment": 9, "id": 24}, {"graph": null, "nnodes": 2, "nedges": 1, "density": 1.0, "atomics": "[18, 30]", "group_pop": 2, "init_part_assignment": 8, "id": 25}, {"graph": null, "nnodes": 2, "nedges": 1, "density": 1.0, "atomics": "[123, 124]", "group_pop": 2, "init_part_assignment": 3, "id": 26}, {"graph": null, "nnodes": 2, "nedges": 1, "density": 1.0, "atomics": "[134, 135]", "group_pop": 2, "init_part_assignment": 3, "id": 27}, {"graph": null, "nnodes": 2, "nedges": 1, "density": 1.0, "atomics": "[21, 22]", "group_pop": 2, "init_part_assignment": 10, "id": 28}, {"graph": null, "nnodes": 2, "nedges": 1, "density": 1.0, "atomics": "[96, 84]", "group_pop": 2, "init_part_assignment": 4, "id": 29}, {"graph": null, "nnodes": 2, "nedges": 1, "density": 1.0, "atomics": "[129, 141]", "group_pop": 2, "init_part_assignment": 1, "id": 30}, {"graph": null, "nnodes": 2, "nedges": 1, "density": 1.0, "atomics": "[116, 117]", "group_pop": 2, "init_part_assignment": 5, "id": 31}, {"graph": null, "nnodes": 2, "nedges": 1, "density": 1.0, "atomics": "[1, 13]", "group_pop": 2, "init_part_assignment": 6, "id": 32}, {"graph": null, "nnodes": 2, "nedges": 1, "density": 1.0, "atomics": "[66, 67]", "group_pop": 2, "init_part_assignment": 11, "id": 33}, {"graph": null, "nnodes": 2, "nedges": 1, "density": 1.0, "atomics": "[78, 79]", "group_pop": 2, "init_part_assignment": 9, "id": 34}, {"graph": null, "nnodes": 2, "nedges": 1, "density": 1.0, "atomics": "[56, 57]", "group_pop": 2, "init_part_assignment": 11, "id": 35}, {"graph": null, "nnodes": 2, "nedges": 1, "density": 1.0, "atomics": "[58, 59]", "group_pop": 2, "init_part_assignment": 11, "id": 36}, {"graph": null, "nnodes": 2, "nedges": 1, "density": 1.0, "atomics": "[72, 60]", "group_pop": 2, "init_part_assignment": 6, "id": 37}, {"graph": null, "nnodes": 2, "nedges": 1, "density": 1.0, "atomics": "[136, 137]", "group_pop": 2, "init_part_assignment": 3, "id": 38}, {"graph": null, "nnodes": 2, "nedges": 1, "density": 1.0, "atomics": "[6, 7]", "group_pop": 2, "init_part_assignment": 8, "id": 39}, {"graph": null, "nnodes": 2, "nedges": 1, "density": 1.0, "atomics": "[40, 52]", "group_pop": 2, "init_part_assignment": 2, "id": 40}, {"graph": null, "nnodes": 2, "nedges": 1, "density": 1.0, "atomics": "[0, 12]", "group_pop": 2, "init_part_assignment": 6, "id": 41}, {"graph": null, "nnodes": 2, "nedges": 1, "density": 1.0, "atomics": "[128, 127]", "group_pop": 2, "init_part_assignment": 5, "id": 42}, {"graph": null, "nnodes": 2, "nedges": 1, "density": 1.0, "atomics": "[121, 109]", "group_pop": 2, "init_part_assignment": 0, "id": 43}, {"graph": null, "nnodes": 2, "nedges": 1, "density": 1.0, "atomics": "[122, 110]", "group_pop": 2, "init_part_assignment": 0, "id": 44}, {"graph": null, "nnodes": 2, "nedges": 1, "density": 1.0, "atomics": "[112, 111]", "group_pop": 2, "init_part_assignment": 3, "id": 45}, {"graph": null, "nnodes": 2, "nedges": 1, "density": 1.0, "atomics": "[113, 125]", "group_pop": 2, "init_part_assignment": 3, "id": 46}, {"graph": null, "nnodes": 2, "nedges": 1, "density": 1.0, "atomics": "[2, 14]", "group_pop": 2, "init_part_assignment": 7, "id": 47}, {"graph": null, "nnodes": 2, "nedges": 1, "density": 1.0, "atomics": "[16, 17]", "group_pop": 2, "init_part_assignment": 7, "id": 48}, {"graph": null, "nnodes": 2, "nedges": 1, "density": 1.0, "atomics": "[4, 5]", "group_pop": 2, "init_part_assignment": 7, "id": 49}, {"graph": null, "nnodes": 2, "nedges": 1, "density": 1.0, "atomics": "[139, 140]", "group_pop": 2, "init_part_assignment": 1, "id": 50}, {"graph": null, "nnodes": 2, "nedges": 1, "density": 1.0, "atomics": "[3, 15]", "group_pop": 2, "init_part_assignment": 7, "id": 51}, {"graph": null, "nnodes": 2, "nedges": 1, "density": 1.0, "atomics": "[97, 85]", "group_pop": 2, "init_part_assignment": 4, "id": 52}, {"graph": null, "nnodes": 2, "nedges": 1, "density": 1.0, "atomics": "[46, 47]", "group_pop": 2, "init_part_assignment": 10, "id": 53}, {"graph": null, "nnodes": 2, "nedges": 1, "density": 1.0, "atomics": "[80, 92]", "group_pop": 2, "init_part_assignment": 9, "id": 54}, {"graph": null, "nnodes": 2, "nedges": 1, "density": 1.0, "atomics": "[99, 100]", "group_pop": 2, "init_part_assignment": 2, "id": 55}, {"graph": null, "nnodes": 2, "nedges": 1, "density": 1.0, "atomics": "[89, 101]", "group_pop": 2, "init_part_assignment": 3, "id": 56}, {"graph": null, "nnodes": 2, "nedges": 1, "density": 1.0, "atomics": "[64, 65]", "group_pop": 2, "init_part_assignment": 2, "id": 57}, {"graph": null, "nnodes": 2, "nedges": 1, "density": 1.0, "atomics": "[44, 45]", "group_pop": 2, "init_part_assignment": 10, "id": 58}, {"graph": null, "nnodes": 2, "nedges": 1, "density": 1.0, "atomics": "[107, 119]", "group_pop": 2, "init_part_assignment": 1, "id": 59}, {"graph": null, "nnodes": 2, "nedges": 1, "density": 1.0, "atomics": "[54, 55]", "group_pop": 2, "init_part_assignment": 11, "id": 60}, {"graph": null, "nnodes": 2, "nedges": 1, "density": 1.0, "atomics": "[114, 115]", "group_pop": 2, "init_part_assignment": 5, "id": 61}, {"graph": null, "nnodes": 2, "nedges": 1, "density": 1.0, "atomics": "[91, 103]", "group_pop": 2, "init_part_assignment": 5, "id": 62}, {"graph": null, "nnodes": 2, "nedges": 1, "density": 1.0, "atomics": "[138, 126]", "group_pop": 2, "init_part_assignment": 1, "id": 63}, {"graph": null, "nnodes": 2, "nedges": 1, "density": 1.0, "atomics": "[98, 86]", "group_pop": 2, "init_part_assignment": 0, "id": 64}, {"graph": null, "nnodes": 2, "nedges": 1, "density": 1.0, "atomics": "[90, 102]", "group_pop": 2, "init_part_assignment": 5, "id": 65}, {"graph": null, "nnodes": 2, "nedges": 1, "density": 1.0, "atomics": "[106, 118]", "group_pop": 2, "init_part_assignment": 9, "id": 66}, {"graph": null, "nnodes": 2, "nedges": 1, "density": 1.0, "atomics": "[104, 105]", "group_pop": 2, "init_part_assignment": 5, "id": 67}, {"graph": null, "nnodes": 2, "nedges": 1, "density": 1.0, "atomics": "[26, 27]", "group_pop": 2, "init_part_assignment": 7, "id": 68}, {"graph": null, "nnodes": 2, "nedges": 1, "density": 1.0, "atomics": "[51, 39]", "group_pop": 2, "init_part_assignment": 4, "id": 69}, {"graph": null, "nnodes": 2, "nedges": 1, "density": 1.0, "atomics": "[88, 87]", "group_pop": 2, "init_part_assignment": 2, "id": 70}, {"graph": null, "nnodes": 2, "nedges": 1, "density": 1.0, "atomics": "[76, 77]", "group_pop": 2, "init_part_assignment": 2, "id": 71}], "adjacency": [[{"weight": 1, "random_weight": 0.7692869140409261, "id": 1}, {"weight": 2, "random_weight": 0.6423195899147939, "id": 2}, {"weight": 2, "random_weight": 0.6527085965969396, "id": 54}, {"weight": 1, "random_weight": 0.07328523819183541, "id": 67}], [{"weight": 1, "random_weight": 0.7692869140409261, "id": 0}, {"weight": 1, "random_weight": 0.2737211776775249, "id": 3}, {"weight": 1, "random_weight": 0.39237030143158735, "id": 33}, {"weight": 2, "random_weight": 0.14342652948690848, "id": 35}, {"weight": 1, "random_weight": 0.865619716201533, "id": 54}], [{"weight": 2, "random_weight": 0.6423195899147939, "id": 0}, {"weight": 1, "random_weight": 0.14086159806855936, "id": 3}, {"weight": 2, "random_weight": 0.7052492595042097, "id": 24}, {"weight": 1, "random_weight": 0.0690911309843446, "id": 66}], [{"weight": 1, "random_weight": 0.2737211776775249, "id": 1}, {"weight": 1, "random_weight": 0.14086159806855936, "id": 2}, {"weight": 1, "random_weight": 0.8679614549128892, "id": 24}, {"weight": 2, "random_weight": 0.7254712822258668, "id": 36}], [{"weight": 1, "random_weight": 0.5781303625123705, "id": 6}, {"weight": 2, "random_weight": 0.7722304937838487, "id": 7}, {"weight": 1, "random_weight": 0.4038255470322719, "id": 64}, {"weight": 1, "random_weight": 0.8830931666746538, "id": 70}, {"weight": 1, "random_weight": 0.45046467360747644, "id": 71}], [{"weight": 1, "random_weight": 0.2814972532302398, "id": 8}, {"weight": 1, "random_weight": 0.8733775592541688, "id": 11}, {"weight": 1, "random_weight": 0.6368382371892115, "id": 25}, {"weight": 1, "random_weight": 0.7359651997311589, "id": 58}, {"weight": 2, "random_weight": 0.5144896665637823, "id": 60}], [{"weight": 1, "random_weight": 0.5781303625123705, "id": 4}, {"weight": 1, "random_weight": 0.4004732271813425, "id": 7}, {"weight": 1, "random_weight": 0.41134928327709197, "id": 17}, {"weight": 2, "random_weight": 0.7099466862825744, "id": 37}, {"weight": 1, "random_weight": 0.5741944466129745, "id": 52}], [{"weight": 2, "random_weight": 0.7722304937838487, "id": 4}, {"weight": 1, "random_weight": 0.4004732271813425, "id": 6}, {"weight": 1, "random_weight": 0.3123183207119864, "id": 17}, {"weight": 1, "random_weight": 0.87069551214047, "id": 57}, {"weight": 1, "random_weight": 0.4887465556893802, "id": 69}], [{"weight": 1, "random_weight": 0.2814972532302398, "id": 5}, {"weight": 2, "random_weight": 0.37870135180579845, "id": 9}, {"weight": 1, "random_weight": 0.06997784529548778, "id": 14}, {"weight": 1, "random_weight": 0.9614422880183426, "id": 25}, {"weight": 1, "random_weight": 0.5632103857511128, "id": 58}], [{"weight": 2, "random_weight": 0.37870135180579845, "id": 8}, {"weight": 1, "random_weight": 0.13307379476013248, "id": 13}, {"weight": 1, "random_weight": 0.5446475632085731, "id": 25}, {"weight": 1, "random_weight": 0.4407099551903464, "id": 28}, {"weight": 1, "random_weight": 0.7518223579498702, "id": 39}], [{"weight": 2, "random_weight": 0.15390024933718627, "id": 23}, {"weight": 1, "random_weight": 0.016835865269479666, "id": 30}], [{"weight": 1, "random_weight": 0.8733775592541688, "id": 5}, {"weight": 1, "random_weight": 0.5965649486776052, "id": 12}, {"weight": 2, "random_weight": 0.9113676610872885, "id": 40}, {"weight": 1, "random_weight": 0.1065927031963303, "id": 57}, {"weight": 1, "random_weight": 0.6038800475443675, "id": 60}], [{"weight": 1, "random_weight": 0.5965649486776052, "id": 11}, {"weight": 1, "random_weight": 0.9911059291547571, "id": 25}, {"weight": 1, "random_weight": 0.7918461551976255, "id": 40}, {"weight": 2, "random_weight": 0.7000397686542855, "id": 48}, {"weight": 1, "random_weight": 0.5607129597208205, "id": 68}], [{"weight": 1, "random_weight": 0.13307379476013248, "id": 9}, {"weight": 1, "random_weight": 0.7701254802173562, "id": 16}, {"weight": 1, "random_weight": 0.42788706741416616, "id": 28}, {"weight": 1, "random_weight": 0.747396349222836, "id": 39}], [{"weight": 1, "random_weight": 0.06997784529548778, "id": 8}, {"weight": 1, "random_weight": 0.34789430591780257, "id": 15}, {"weight": 2, "random_weight": 0.5266606818509905, "id": 28}, {"weight": 1, "random_weight": 0.3595409275268905, "id": 53}, {"weight": 1, "random_weight": 0.09592399160104281, "id": 58}], [{"weight": 1, "random_weight": 0.34789430591780257, "id": 14}, {"weight": 1, "random_weight": 0.5060487267849834, "id": 16}, {"weight": 1, "random_weight": 0.3646913434687459, "id": 28}, {"weight": 1, "random_weight": 0.33384782960062387, "id": 53}], [{"weight": 1, "random_weight": 0.7701254802173562, "id": 13}, {"weight": 1, "random_weight": 0.5060487267849834, "id": 15}, {"weight": 1, "random_weight": 0.08367637118745064, "id": 28}], [{"weight": 1, "random_weight": 0.41134928327709197, "id": 6}, {"weight": 1, "random_weight": 0.3123183207119864, "id": 7}, {"weight": 2, "random_weight": 0.8847662269110991, "id": 18}, {"weight": 1, "random_weight": 0.11024806375136165, "id": 22}, {"weight": 1, "random_weight": 0.4024301195916662, "id": 69}], [{"weight": 2, "random_weight": 0.8847662269110991, "id": 17}, {"weight": 1, "random_weight": 0.3951932147388979, "id": 21}, {"weight": 1, "random_weight": 0.6774470033366855, "id": 22}, {"weight": 1, "random_weight": 0.6233601238013157, "id": 68}, {"weight": 1, "random_weight": 0.4583757682642958, "id": 69}], [{"weight": 1, "random_weight": 0.5717622462964205, "id": 20}, {"weight": 1, "random_weight": 0.9145544406304212, "id": 29}, {"weight": 2, "random_weight": 0.5256838998537702, "id": 43}], [{"weight": 1, "random_weight": 0.5717622462964205, "id": 19}, {"weight": 1, "random_weight": 0.8368303177633469, "id": 27}, {"weight": 1, "random_weight": 0.2378877467878866, "id": 43}], [{"weight": 1, "random_weight": 0.3951932147388979, "id": 18}, {"weight": 1, "random_weight": 0.28655190291980004, "id": 22}, {"weight": 1, "random_weight": 0.48771697440962647, "id": 32}, {"weight": 1, "random_weight": 0.7065350145540937, "id": 41}, {"weight": 1, "random_weight": 0.8905297637181531, "id": 68}], [{"weight": 1, "random_weight": 0.11024806375136165, "id": 17}, {"weight": 1, "random_weight": 0.6774470033366855, "id": 18}, {"weight": 1, "random_weight": 0.28655190291980004, "id": 21}, {"weight": 1, "random_weight": 0.39769925671421635, "id": 37}], [{"weight": 2, "random_weight": 0.15390024933718627, "id": 10}, {"weight": 1, "random_weight": 0.6356526802845535, "id": 30}, {"weight": 1, "random_weight": 0.042602723053220104, "id": 59}, {"weight": 1, "random_weight": 0.4378697548417749, "id": 66}], [{"weight": 2, "random_weight": 0.7052492595042097, "id": 2}, {"weight": 1, "random_weight": 0.8679614549128892, "id": 3}, {"weight": 1, "random_weight": 0.5435057832052944, "id": 59}], [{"weight": 1, "random_weight": 0.6368382371892115, "id": 5}, {"weight": 1, "random_weight": 0.9614422880183426, "id": 8}, {"weight": 1, "random_weight": 0.5446475632085731, "id": 9}, {"weight": 1, "random_weight": 0.9911059291547571, "id": 12}, {"weight": 1, "random_weight": 0.47462150257876734, "id": 39}, {"weight": 1, "random_weight": 0.6034516545764311, "id": 48}], [{"weight": 1, "random_weight": 0.8933155423824657, "id": 27}, {"weight": 1, "random_weight": 0.701099560734317, "id": 38}, {"weight": 1, "random_weight": 0.7169609665813577, "id": 44}, {"weight": 2, "random_weight": 0.3620707889450394, "id": 45}, {"weight": 1, "random_weight": 0.22164773263421944, "id": 46}], [{"weight": 1, "random_weight": 0.8368303177633469, "id": 20}, {"weight": 1, "random_weight": 0.8933155423824657, "id": 26}, {"weight": 1, "random_weight": 0.816586880688137, "id": 38}, {"weight": 1, "random_weight": 0.24156805454377817, "id": 44}], [{"weight": 1, "random_weight": 0.4407099551903464, "id": 9}, {"weight": 1, "random_weight": 0.42788706741416616, "id": 13}, {"weight": 2, "random_weight": 0.5266606818509905, "id": 14}, {"weight": 1, "random_weight": 0.3646913434687459, "id": 15}, {"weight": 1, "random_weight": 0.08367637118745064, "id": 16}], [{"weight": 1, "random_weight": 0.9145544406304212, "id": 19}, {"weight": 1, "random_weight": 0.899533533763868, "id": 37}, {"weight": 2, "random_weight": 0.4878826884267383, "id": 52}], [{"weight": 1, "random_weight": 0.016835865269479666, "id": 10}, {"weight": 1, "random_weight": 0.6356526802845535, "id": 23}, {"weight": 1, "random_weight": 0.322653222396299, "id": 31}, {"weight": 1, "random_weight": 0.6641441066497085, "id": 42}, {"weight": 1, "random_weight": 0.2456856004527942, "id": 50}], [{"weight": 1, "random_weight": 0.322653222396299, "id": 30}, {"weight": 1, "random_weight": 0.4394518854571038, "id": 42}, {"weight": 1, "random_weight": 0.5831823977009222, "id": 61}, {"weight": 1, "random_weight": 0.7584875016414959, "id": 66}, {"weight": 2, "random_weight": 0.08615853660897488, "id": 67}], [{"weight": 1, "random_weight": 0.48771697440962647, "id": 21}, {"weight": 2, "random_weight": 0.30149417600975714, "id": 41}, {"weight": 2, "random_weight": 0.6206161839769835, "id": 47}], [{"weight": 1, "random_weight": 0.39237030143158735, "id": 1}, {"weight": 2, "random_weight": 0.850391845628062, "id": 34}, {"weight": 1, "random_weight": 0.4353558197272437, "id": 57}, {"weight": 2, "random_weight": 0.5892878540257857, "id": 60}], [{"weight": 2, "random_weight": 0.850391845628062, "id": 33}, {"weight": 1, "random_weight": 0.33589253862099333, "id": 54}, {"weight": 1, "random_weight": 0.5731472390997031, "id": 62}, {"weight": 1, "random_weight": 0.6877820018847474, "id": 65}, {"weight": 1, "random_weight": 0.9078542368256303, "id": 71}], [{"weight": 2, "random_weight": 0.14342652948690848, "id": 1}, {"weight": 1, "random_weight": 0.6829035315349191, "id": 36}, {"weight": 2, "random_weight": 0.15200102541899863, "id": 58}, {"weight": 1, "random_weight": 0.6303165111449379, "id": 60}], [{"weight": 2, "random_weight": 0.7254712822258668, "id": 3}, {"weight": 1, "random_weight": 0.6829035315349191, "id": 35}, {"weight": 2, "random_weight": 0.8686722165206863, "id": 53}], [{"weight": 2, "random_weight": 0.7099466862825744, "id": 6}, {"weight": 1, "random_weight": 0.39769925671421635, "id": 22}, {"weight": 1, "random_weight": 0.899533533763868, "id": 29}], [{"weight": 1, "random_weight": 0.701099560734317, "id": 26}, {"weight": 1, "random_weight": 0.816586880688137, "id": 27}, {"weight": 1, "random_weight": 0.37106067065191106, "id": 46}, {"weight": 1, "random_weight": 0.7712154707933508, "id": 63}], [{"weight": 1, "random_weight": 0.7518223579498702, "id": 9}, {"weight": 1, "random_weight": 0.747396349222836, "id": 13}, {"weight": 1, "random_weight": 0.47462150257876734, "id": 25}, {"weight": 1, "random_weight": 0.6314302452890596, "id": 49}], [{"weight": 2, "random_weight": 0.9113676610872885, "id": 11}, {"weight": 1, "random_weight": 0.7918461551976255, "id": 12}, {"weight": 1, "random_weight": 0.10069320124829484, "id": 57}, {"weight": 2, "random_weight": 0.6663384033575136, "id": 69}], [{"weight": 1, "random_weight": 0.7065350145540937, "id": 21}, {"weight": 2, "random_weight": 0.30149417600975714, "id": 32}], [{"weight": 1, "random_weight": 0.6641441066497085, "id": 30}, {"weight": 1, "random_weight": 0.4394518854571038, "id": 31}, {"weight": 2, "random_weight": 0.473678377555241, "id": 50}, {"weight": 1, "random_weight": 0.20232057845632812, "id": 61}, {"weight": 1, "random_weight": 0.7237005842487317, "id": 63}], [{"weight": 2, "random_weight": 0.5256838998537702, "id": 19}, {"weight": 1, "random_weight": 0.2378877467878866, "id": 20}, {"weight": 2, "random_weight": 0.5680861243773975, "id": 44}, {"weight": 1, "random_weight": 0.9099836778848172, "id": 52}], [{"weight": 1, "random_weight": 0.7169609665813577, "id": 26}, {"weight": 1, "random_weight": 0.24156805454377817, "id": 27}, {"weight": 2, "random_weight": 0.5680861243773975, "id": 43}, {"weight": 1, "random_weight": 0.43618292388805846, "id": 45}, {"weight": 1, "random_weight": 0.3214685569381268, "id": 64}], [{"weight": 2, "random_weight": 0.3620707889450394, "id": 26}, {"weight": 1, "random_weight": 0.43618292388805846, "id": 44}, {"weight": 1, "random_weight": 0.2956083644803448, "id": 46}, {"weight": 2, "random_weight": 0.6725695858231506, "id": 55}], [{"weight": 1, "random_weight": 0.22164773263421944, "id": 26}, {"weight": 1, "random_weight": 0.37106067065191106, "id": 38}, {"weight": 1, "random_weight": 0.2956083644803448, "id": 45}, {"weight": 1, "random_weight": 0.1692932727770311, "id": 56}, {"weight": 1, "random_weight": 0.707585052156865, "id": 61}, {"weight": 1, "random_weight": 0.41187577786377694, "id": 63}], [{"weight": 2, "random_weight": 0.6206161839769835, "id": 32}, {"weight": 2, "random_weight": 0.2978470299517466, "id": 51}, {"weight": 1, "random_weight": 0.030601964386893554, "id": 68}], [{"weight": 2, "random_weight": 0.7000397686542855, "id": 12}, {"weight": 1, "random_weight": 0.6034516545764311, "id": 25}, {"weight": 2, "random_weight": 0.32279601908917677, "id": 49}, {"weight": 1, "random_weight": 0.9382063377838551, "id": 51}], [{"weight": 1, "random_weight": 0.6314302452890596, "id": 39}, {"weight": 2, "random_weight": 0.32279601908917677, "id": 48}, {"weight": 1, "random_weight": 0.5366160976123092, "id": 51}], [{"weight": 1, "random_weight": 0.2456856004527942, "id": 30}, {"weight": 2, "random_weight": 0.473678377555241, "id": 42}, {"weight": 1, "random_weight": 0.29199002886748937, "id": 63}], [{"weight": 2, "random_weight": 0.2978470299517466, "id": 47}, {"weight": 1, "random_weight": 0.9382063377838551, "id": 48}, {"weight": 1, "random_weight": 0.5366160976123092, "id": 49}, {"weight": 1, "random_weight": 0.6232317946917116, "id": 68}], [{"weight": 1, "random_weight": 0.5741944466129745, "id": 6}, {"weight": 2, "random_weight": 0.4878826884267383, "id": 29}, {"weight": 1, "random_weight": 0.9099836778848172, "id": 43}, {"weight": 2, "random_weight": 0.5770702584268593, "id": 64}], [{"weight": 1, "random_weight": 0.3595409275268905, "id": 14}, {"weight": 1, "random_weight": 0.33384782960062387, "id": 15}, {"weight": 2, "random_weight": 0.8686722165206863, "id": 36}, {"weight": 1, "random_weight": 0.34066421725358487, "id": 58}], [{"weight": 2, "random_weight": 0.6527085965969396, "id": 0}, {"weight": 1, "random_weight": 0.865619716201533, "id": 1}, {"weight": 1, "random_weight": 0.33589253862099333, "id": 34}, {"weight": 1, "random_weight": 0.5912592953361046, "id": 62}, {"weight": 1, "random_weight": 0.9911671793991984, "id": 67}], [{"weight": 2, "random_weight": 0.6725695858231506, "id": 45}, {"weight": 1, "random_weight": 0.6212337522818798, "id": 56}, {"weight": 1, "random_weight": 0.3875126179327969, "id": 64}, {"weight": 2, "random_weight": 0.17632753263748135, "id": 70}], [{"weight": 1, "random_weight": 0.1692932727770311, "id": 46}, {"weight": 1, "random_weight": 0.6212337522818798, "id": 55}, {"weight": 2, "random_weight": 0.35150117665346103, "id": 65}, {"weight": 1, "random_weight": 0.9083353454956558, "id": 70}, {"weight": 1, "random_weight": 0.7252012787250272, "id": 71}], [{"weight": 1, "random_weight": 0.87069551214047, "id": 7}, {"weight": 1, "random_weight": 0.1065927031963303, "id": 11}, {"weight": 1, "random_weight": 0.4353558197272437, "id": 33}, {"weight": 1, "random_weight": 0.10069320124829484, "id": 40}, {"weight": 2, "random_weight": 0.3447363443146587, "id": 71}], [{"weight": 1, "random_weight": 0.7359651997311589, "id": 5}, {"weight": 1, "random_weight": 0.5632103857511128, "id": 8}, {"weight": 1, "random_weight": 0.09592399160104281, "id": 14}, {"weight": 2, "random_weight": 0.15200102541899863, "id": 35}, {"weight": 1, "random_weight": 0.34066421725358487, "id": 53}], [{"weight": 1, "random_weight": 0.042602723053220104, "id": 23}, {"weight": 1, "random_weight": 0.5435057832052944, "id": 24}, {"weight": 2, "random_weight": 0.41919912135294024, "id": 66}], [{"weight": 2, "random_weight": 0.5144896665637823, "id": 5}, {"weight": 1, "random_weight": 0.6038800475443675, "id": 11}, {"weight": 2, "random_weight": 0.5892878540257857, "id": 33}, {"weight": 1, "random_weight": 0.6303165111449379, "id": 35}], [{"weight": 1, "random_weight": 0.5831823977009222, "id": 31}, {"weight": 1, "random_weight": 0.20232057845632812, "id": 42}, {"weight": 1, "random_weight": 0.707585052156865, "id": 46}, {"weight": 1, "random_weight": 0.5680930809213768, "id": 62}, {"weight": 1, "random_weight": 0.15186950749546912, "id": 63}, {"weight": 1, "random_weight": 0.3849355707542047, "id": 65}], [{"weight": 1, "random_weight": 0.5731472390997031, "id": 34}, {"weight": 1, "random_weight": 0.5912592953361046, "id": 54}, {"weight": 1, "random_weight": 0.5680930809213768, "id": 61}, {"weight": 2, "random_weight": 0.12881557566641488, "id": 65}, {"weight": 1, "random_weight": 0.5839593059460694, "id": 67}], [{"weight": 1, "random_weight": 0.7712154707933508, "id": 38}, {"weight": 1, "random_weight": 0.7237005842487317, "id": 42}, {"weight": 1, "random_weight": 0.41187577786377694, "id": 46}, {"weight": 1, "random_weight": 0.29199002886748937, "id": 50}, {"weight": 1, "random_weight": 0.15186950749546912, "id": 61}], [{"weight": 1, "random_weight": 0.4038255470322719, "id": 4}, {"weight": 1, "random_weight": 0.3214685569381268, "id": 44}, {"weight": 2, "random_weight": 0.5770702584268593, "id": 52}, {"weight": 1, "random_weight": 0.3875126179327969, "id": 55}, {"weight": 1, "random_weight": 0.5050715157411497, "id": 70}], [{"weight": 1, "random_weight": 0.6877820018847474, "id": 34}, {"weight": 2, "random_weight": 0.35150117665346103, "id": 56}, {"weight": 1, "random_weight": 0.3849355707542047, "id": 61}, {"weight": 2, "random_weight": 0.12881557566641488, "id": 62}], [{"weight": 1, "random_weight": 0.0690911309843446, "id": 2}, {"weight": 1, "random_weight": 0.4378697548417749, "id": 23}, {"weight": 1, "random_weight": 0.7584875016414959, "id": 31}, {"weight": 2, "random_weight": 0.41919912135294024, "id": 59}, {"weight": 1, "random_weight": 0.7142504322720542, "id": 67}], [{"weight": 1, "random_weight": 0.07328523819183541, "id": 0}, {"weight": 2, "random_weight": 0.08615853660897488, "id": 31}, {"weight": 1, "random_weight": 0.9911671793991984, "id": 54}, {"weight": 1, "random_weight": 0.5839593059460694, "id": 62}, {"weight": 1, "random_weight": 0.7142504322720542, "id": 66}], [{"weight": 1, "random_weight": 0.5607129597208205, "id": 12}, {"weight": 1, "random_weight": 0.6233601238013157, "id": 18}, {"weight": 1, "random_weight": 0.8905297637181531, "id": 21}, {"weight": 1, "random_weight": 0.030601964386893554, "id": 47}, {"weight": 1, "random_weight": 0.6232317946917116, "id": 51}, {"weight": 1, "random_weight": 0.7003466049085773, "id": 69}], [{"weight": 1, "random_weight": 0.4887465556893802, "id": 7}, {"weight": 1, "random_weight": 0.4024301195916662, "id": 17}, {"weight": 1, "random_weight": 0.4583757682642958, "id": 18}, {"weight": 2, "random_weight": 0.6663384033575136, "id": 40}, {"weight": 1, "random_weight": 0.7003466049085773, "id": 68}], [{"weight": 1, "random_weight": 0.8830931666746538, "id": 4}, {"weight": 2, "random_weight": 0.17632753263748135, "id": 55}, {"weight": 1, "random_weight": 0.9083353454956558, "id": 56}, {"weight": 1, "random_weight": 0.5050715157411497, "id": 64}, {"weight": 1, "random_weight": 0.13326151867407654, "id": 71}], [{"weight": 1, "random_weight": 0.45046467360747644, "id": 4}, {"weight": 1, "random_weight": 0.9078542368256303, "id": 34}, {"weight": 1, "random_weight": 0.7252012787250272, "id": 56}, {"weight": 2, "random_weight": 0.3447363443146587, "id": 57}, {"weight": 1, "random_weight": 0.13326151867407654, "id": 70}]]}