{"directed": false, "multigraph": false, "graph": [], "nodes": [{"graph": null, "nnodes": 2, "nedges": 1, "density": 1.0, "atomics": "[81, 82]", "group_pop": 2, "init_part_assignment": 0, "id": 0}, {"graph": null, "nnodes": 2, "nedges": 1, "density": 1.0, "atomics": "[68, 69]", "group_pop": 2, "init_part_assignment": 0, "id": 1}, {"graph": null, "nnodes": 2, "nedges": 1, "density": 1.0, "atomics": "[70, 71]", "group_pop": 2, "init_part_assignment": 7, "id": 2}, {"graph": null, "nnodes": 2, "nedges": 1, "density": 1.0, "atomics": "[73, 74]", "group_pop": 2, "init_part_assignment": 3, "id": 3}, {"graph": null, "nnodes": 2, "nedges": 1, "density": 1.0, "atomics": "[75, 76]", "group_pop": 2, "init_part_assignment": 6, "id": 4}, {"graph": null, "nnodes": 2, "nedges": 1, "density": 1.0, "atomics": "[42, 43]", "group_pop": 2, "init_part_assignment": 10, "id": 5}, {"graph": null, "nnodes": 2, "nedges": 1, "density": 1.0, "atomics": "[61, 62]", "group_pop": 2, "init_part_assignment": 3, "id": 6}, {"graph": null, "nnodes": 2, "nedges": 1, "density": 1.0, "atomics": "[32, 44]", "group_pop": 2, "init_part_assignment": 10, "id": 7}, {"graph": null, "nnodes": 2, "nedges": 1, "density": 1.0, "atomics": "[8, 20]", "group_pop": 2, "init_part_assignment": 9, "id": 8}, {"graph": null, "nnodes": 2, "nedges": 1, "density": 1.0, "atomics": "[142, 143]", "group_pop": 2, "init_part_assignment": 1, "id": 9}, {"graph": null, "nnodes": 2, "nedges": 1, "density": 1.0, "atomics": "[41, 29]", "group_pop": 2, "init_part_assignment": 10, "id": 10}, {"graph": null, "nnodes": 2, "nedges": 1, "density": 1.0, "atomics": "[9, 10]", "group_pop": 2, "init_part_assignment": 9, "id": 11}, {"graph": null, "nnodes": 2, "nedges": 1, "density": 1.0, "atomics": "[34, 46]", "group_pop": 2, "init_part_assignment": 7, "id": 12}, {"graph": null, "nnodes": 2, "nedges": 1, "density": 1.0, "atomics": "[35, 47]", "group_pop": 2, "init_part_assignment": 7, "id": 13}, {"graph": null, "nnodes": 2, "nedges": 1, "density": 1.0, "atomics": "[11, 23]", "group_pop": 2, "init_part_assignment": 9, "id": 14}, {"graph": null, "nnodes": 2, "nedges": 1, "density": 1.0, "atomics": "[49, 50]", "group_pop": 2, "init_part_assignment": 3, "id": 15}, {"graph": null, "nnodes": 2, "nedges": 1, "density": 1.0, "atomics": "[37, 38]", "group_pop": 2, "init_part_assignment": 6, "id": 16}, {"graph": null, "nnodes": 2, "nedges": 1, "density": 1.0, "atomics": "[120, 132]", "group_pop": 2, "init_part_assignment": 2, "id": 17}, {"graph": null, "nnodes": 2, "nedges": 1, "density": 1.0, "atomics": "[24, 36]", "group_pop": 2, "init_part_assignment": 2, "id": 18}, {"graph": null, "nnodes": 2, "nedges": 1, "density": 1.0, "atomics": "[130, 131]", "group_pop": 2, "init_part_assignment": 1, "id": 19}, {"graph": null, "nnodes": 2, "nedges": 1, "density": 1.0, "atomics": "[18, 19]", "group_pop": 2, "init_part_assignment": 9, "id": 20}, {"graph": null, "nnodes": 2, "nedges": 1, "density": 1.0, "atomics": "[30, 31]", "group_pop": 2, "init_part_assignment": 10, "id": 21}, {"graph": null, "nnodes": 2, "nedges": 1, "density": 1.0, "atomics": "[83, 95]", "group_pop": 2, "init_part_assignment": 4, "id": 22}, {"graph": null, "nnodes": 2, "nedges": 1, "density": 1.0, "atomics": "[122, 123]", "group_pop": 2, "init_part_assignment": 8, "id": 23}, {"graph": null, "nnodes": 2, "nedges": 1, "density": 1.0, "atomics": "[134, 135]", "group_pop": 2, "init_part_assignment": 8, "id": 24}, {"graph": null, "nnodes": 2, "nedges": 1, "density": 1.0, "atomics": "[21, 22]", "group_pop": 2, "init_part_assignment": 7, "id": 25}, {"graph": null, "nnodes": 2, "nedges": 1, "density": 1.0, "atomics": "[96, 108]", "group_pop": 2, "init_part_assignment": 2, "id": 26}, {"graph": null, "nnodes": 2, "nedges": 1, "density": 1.0, "atomics": "[128, 129]", "group_pop": 2, "init_part_assignment": 1, "id": 27}, {"graph": null, "nnodes": 2, "nedges": 1, "density": 1.0, "atomics": "[116, 117]", "group_pop": 2, "init_part_assignment": 4, "id": 28}, {"graph": null, "nnodes": 2, "nedges": 1, "density": 1.0, "atomics": "[25, 26]", "group_pop": 2, "init_part_assignment": 5, "id": 29}, {"graph": null, "nnodes": 2, "nedges": 1, "density": 1.0, "atomics": "[1, 13]", "group_pop": 2, "init_part_assignment": 5, "id": 30}, {"graph": null, "nnodes": 2, "nedges": 1, "density": 1.0, "atomics": "[67, 55]", "group_pop": 2, "init_part_assignment": 0, "id": 31}, {"graph": null, "nnodes": 2, "nedges": 1, "density": 1.0, "atomics": "[91, 79]", "group_pop": 2, "init_part_assignment": 11, "id": 32}, {"graph": null, "nnodes": 2, "nedges": 1, "density": 1.0, "atomics": "[56, 57]", "group_pop": 2, "init_part_assignment": 0, "id": 33}, {"graph": null, "nnodes": 2, "nedges": 1, "density": 1.0, "atomics": "[58, 59]", "group_pop": 2, "init_part_assignment": 7, "id": 34}, {"graph": null, "nnodes": 2, "nedges": 1, "density": 1.0, "atomics": "[48, 60]", "group_pop": 2, "init_part_assignment": 2, "id": 35}, {"graph": null, "nnodes": 2, "nedges": 1, "density": 1.0, "atomics": "[136, 137]", "group_pop": 2, "init_part_assignment": 8, "id": 36}, {"graph": null, "nnodes": 2, "nedges": 1, "density": 1.0, "atomics": "[124, 125]", "group_pop": 2, "init_part_assignment": 8, "id": 37}, {"graph": null, "nnodes": 2, "nedges": 1, "density": 1.0, "atomics": "[6, 7]", "group_pop": 2, "init_part_assignment": 9, "id": 38}, {"graph": null, "nnodes": 2, "nedges": 1, "density": 1.0, "atomics": "[33, 45]", "group_pop": 2, "init_part_assignment": 7, "id": 39}, {"graph": null, "nnodes": 2, "nedges": 1, "density": 1.0, "atomics": "[40, 39]", "group_pop": 2, "init_part_assignment": 6, "id": 40}, {"graph": null, "nnodes": 2, "nedges": 1, "density": 1.0, "atomics": "[27, 28]", "group_pop": 2, "init_part_assignment": 5, "id": 41}, {"graph": null, "nnodes": 2, "nedges": 1, "density": 1.0, "atomics": "[0, 12]", "group_pop": 2, "init_part_assignment": 2, "id": 42}, {"graph": null, "nnodes": 2, "nedges": 1, "density": 1.0, "atomics": "[121, 133]", "group_pop": 2, "init_part_assignment": 3, "id": 43}, {"graph": null, "nnodes": 2, "nedges": 1, "density": 1.0, "atomics": "[112, 113]", "group_pop": 2, "init_part_assignment": 8, "id": 44}, {"graph": null, "nnodes": 2, "nedges": 1, "density": 1.0, "atomics": "[2, 3]", "group_pop": 2, "init_part_assignment": 5, "id": 45}, {"graph": null, "nnodes": 2, "nedges": 1, "density": 1.0, "atomics": "[17, 5]", "group_pop": 2, "init_part_assignment": 9, "id": 46}, {"graph": null, "nnodes": 2, "nedges": 1, "density": 1.0, "atomics": "[140, 141]", "group_pop": 2, "init_part_assignment": 1, "id": 47}, {"graph": null, "nnodes": 2, "nedges": 1, "density": 1.0, "atomics": "[16, 4]", "group_pop": 2, "init_part_assignment": 5, "id": 48}, {"graph": null, "nnodes": 2, "nedges": 1, "density": 1.0, "atomics": "[97, 109]", "group_pop": 2, "init_part_assignment": 3, "id": 49}, {"graph": null, "nnodes": 2, "nedges": 1, "density": 1.0, "atomics": "[66, 54]", "group_pop": 2, "init_part_assignment": 10, "id": 50}, {"graph": null, "nnodes": 2, "nedges": 1, "density": 1.0, "atomics": "[77, 78]", "group_pop": 2, "init_part_assignment": 11, "id": 51}, {"graph": null, "nnodes": 2, "nedges": 1, "density": 1.0, "atomics": "[14, 15]", "group_pop": 2, "init_part_assignment": 5, "id": 52}, {"graph": null, "nnodes": 2, "nedges": 1, "density": 1.0, "atomics": "[98, 110]", "group_pop": 2, "init_part_assignment": 8, "id": 53}, {"graph": null, "nnodes": 2, "nedges": 1, "density": 1.0, "atomics": "[99, 111]", "group_pop": 2, "init_part_assignment": 11, "id": 54}, {"graph": null, "nnodes": 2, "nedges": 1, "density": 1.0, "atomics": "[72, 84]", "group_pop": 2, "init_part_assignment": 2, "id": 55}, {"graph": null, "nnodes": 2, "nedges": 1, "density": 1.0, "atomics": "[80, 92]", "group_pop": 2, "init_part_assignment": 0, "id": 56}, {"graph": null, "nnodes": 2, "nedges": 1, "density": 1.0, "atomics": "[100, 101]", "group_pop": 2, "init_part_assignment": 11, "id": 57}, {"graph": null, "nnodes": 2, "nedges": 1, "density": 1.0, "atomics": "[64, 52]", "group_pop": 2, "init_part_assignment": 6, "id": 58}, {"graph": null, "nnodes": 2, "nedges": 1, "density": 1.0, "atomics": "[51, 63]", "group_pop": 2, "init_part_assignment": 6, "id": 59}, {"graph": null, "nnodes": 2, "nedges": 1, "density": 1.0, "atomics": "[138, 139]", "group_pop": 2, "init_part_assignment": 1, "id": 60}, {"graph": null, "nnodes": 2, "nedges": 1, "density": 1.0, "atomics": "[126, 127]", "group_pop": 2, "init_part_assignment": 1, "id": 61}, {"graph": null, "nnodes": 2, "nedges": 1, "density": 1.0, "atomics": "[93, 94]", "group_pop": 2, "init_part_assignment": 0, "id": 62}, {"graph": null, "nnodes": 2, "nedges": 1, "density": 1.0, "atomics": "[85, 86]", "group_pop": 2, "init_part_assignment": 3, "id": 63}, {"graph": null, "nnodes": 2, "nedges": 1, "density": 1.0, "atomics": "[106, 107]", "group_pop": 2, "init_part_assignment": 4, "id": 64}, {"graph": null, "nnodes": 2, "nedges": 1, "density": 1.0, "atomics": "[118, 119]", "group_pop": 2, "init_part_assignment": 4, "id": 65}, {"graph": null, "nnodes": 2, "nedges": 1, "density": 1.0, "atomics": "[114, 115]", "group_pop": 2, "init_part_assignment": 4, "id": 66}, {"graph": null, "nnodes": 2, "nedges": 1, "density": 1.0, "atomics": "[102, 103]", "group_pop": 2, "init_part_assignment": 11, "id": 67}, {"graph": null, "nnodes": 2, "nedges": 1, "density": 1.0, "atomics": "[104, 105]", "group_pop": 2, "init_part_assignment": 4, "id": 68}, {"graph": null, "nnodes": 2, "nedges": 1, "density": 1.0, "atomics": "[88, 87]", "group_pop": 2, "init_part_assignment": 6, "id": 69}, {"graph": null, "nnodes": 2, "nedges": 1, "density": 1.0, "atomics": "[65, 53]", "group_pop": 2, "init_part_assignment": 10, "id": 70}, {"graph": null, "nnodes": 2, "nedges": 1, "density": 1.0, "atomics": "[89, 90]", "group_pop": 2, "init_part_assignment": 11, "id": 71}], "adjacency": [[{"weight": 1, "random_weight": 0.8644441124405016, "id": 1}, {"weight": 1, "random_weight": 0.586943949872454, "id": 2}, {"weight": 1, "random_weight": 0.6130222759777836, "id": 22}, {"weight": 1, "random_weight": 0.39386641526928023, "id": 56}, {"weight": 2, "random_weight": 0.9186050926283493, "id": 62}], [{"weight": 1, "random_weight": 0.8644441124405016, "id": 0}, {"weight": 1, "random_weight": 0.6689629090109699, "id": 2}, {"weight": 1, "random_weight": 0.15411254897296578, "id": 31}, {"weight": 2, "random_weight": 0.5356987573566113, "id": 33}, {"weight": 1, "random_weight": 0.2983359843423694, "id": 56}], [{"weight": 1, "random_weight": 0.586943949872454, "id": 0}, {"weight": 1, "random_weight": 0.6689629090109699, "id": 1}, {"weight": 1, "random_weight": 0.28444067735676404, "id": 22}, {"weight": 2, "random_weight": 0.11429482887228237, "id": 34}], [{"weight": 1, "random_weight": 0.874801219991484, "id": 4}, {"weight": 2, "random_weight": 0.6832230637769829, "id": 6}, {"weight": 1, "random_weight": 0.9780802741631706, "id": 55}, {"weight": 2, "random_weight": 0.07747312939956918, "id": 63}], [{"weight": 1, "random_weight": 0.874801219991484, "id": 3}, {"weight": 1, "random_weight": 0.8262920049604376, "id": 51}, {"weight": 1, "random_weight": 0.1273690128814321, "id": 58}, {"weight": 1, "random_weight": 0.6293683020724167, "id": 59}, {"weight": 2, "random_weight": 0.7716291469541962, "id": 69}], [{"weight": 1, "random_weight": 0.32983791851355515, "id": 7}, {"weight": 1, "random_weight": 0.2539710783492345, "id": 10}, {"weight": 2, "random_weight": 0.9487020920501121, "id": 21}, {"weight": 1, "random_weight": 0.5492191567393819, "id": 31}, {"weight": 1, "random_weight": 0.7744106785117442, "id": 50}], [{"weight": 2, "random_weight": 0.6832230637769829, "id": 3}, {"weight": 2, "random_weight": 0.4193451989742467, "id": 15}, {"weight": 1, "random_weight": 0.3882887380400333, "id": 35}, {"weight": 1, "random_weight": 0.9788844023531491, "id": 59}], [{"weight": 1, "random_weight": 0.32983791851355515, "id": 5}, {"weight": 1, "random_weight": 0.9772155915694667, "id": 8}, {"weight": 1, "random_weight": 0.702999762793841, "id": 21}, {"weight": 1, "random_weight": 0.7656602713643168, "id": 33}, {"weight": 2, "random_weight": 0.604045863394949, "id": 39}], [{"weight": 1, "random_weight": 0.9772155915694667, "id": 7}, {"weight": 1, "random_weight": 0.6481001558652155, "id": 11}, {"weight": 1, "random_weight": 0.3671954282429948, "id": 20}, {"weight": 1, "random_weight": 0.8175801868092681, "id": 25}, {"weight": 1, "random_weight": 0.03787837275112249, "id": 38}], [{"weight": 2, "random_weight": 0.41931225841937025, "id": 19}, {"weight": 1, "random_weight": 0.9166964140280234, "id": 47}], [{"weight": 1, "random_weight": 0.2539710783492345, "id": 5}, {"weight": 1, "random_weight": 0.4763897881445667, "id": 21}, {"weight": 1, "random_weight": 0.835561730349969, "id": 40}, {"weight": 1, "random_weight": 0.31240458443536945, "id": 41}, {"weight": 1, "random_weight": 0.129495067580646, "id": 46}, {"weight": 1, "random_weight": 0.44513404836741166, "id": 70}], [{"weight": 1, "random_weight": 0.6481001558652155, "id": 8}, {"weight": 1, "random_weight": 0.6929019486675978, "id": 14}, {"weight": 2, "random_weight": 0.11689454665448507, "id": 25}], [{"weight": 2, "random_weight": 0.11995499575381885, "id": 13}, {"weight": 1, "random_weight": 0.17717064619971756, "id": 25}, {"weight": 1, "random_weight": 0.2133592675907321, "id": 34}, {"weight": 2, "random_weight": 0.08124658598104262, "id": 39}], [{"weight": 2, "random_weight": 0.11995499575381885, "id": 12}, {"weight": 1, "random_weight": 0.9246653298845908, "id": 14}, {"weight": 1, "random_weight": 0.4392779864709242, "id": 34}], [{"weight": 1, "random_weight": 0.6929019486675978, "id": 11}, {"weight": 1, "random_weight": 0.9246653298845908, "id": 13}, {"weight": 1, "random_weight": 0.8012697432108926, "id": 25}], [{"weight": 2, "random_weight": 0.4193451989742467, "id": 6}, {"weight": 2, "random_weight": 0.8708960836259911, "id": 16}, {"weight": 1, "random_weight": 0.7878348949599052, "id": 35}, {"weight": 1, "random_weight": 0.9211237489865601, "id": 59}], [{"weight": 2, "random_weight": 0.8708960836259911, "id": 15}, {"weight": 1, "random_weight": 0.6481775567358279, "id": 18}, {"weight": 2, "random_weight": 0.6772527939119403, "id": 29}, {"weight": 1, "random_weight": 0.2140310681477977, "id": 40}], [{"weight": 1, "random_weight": 0.021204975079729405, "id": 26}, {"weight": 2, "random_weight": 0.7316351657912833, "id": 43}], [{"weight": 1, "random_weight": 0.6481775567358279, "id": 16}, {"weight": 1, "random_weight": 0.7667471140796347, "id": 29}, {"weight": 1, "random_weight": 0.6403030264657612, "id": 35}, {"weight": 1, "random_weight": 0.10429339371369128, "id": 42}], [{"weight": 2, "random_weight": 0.41931225841937025, "id": 9}, {"weight": 1, "random_weight": 0.09753579797795686, "id": 27}, {"weight": 2, "random_weight": 0.20547672483691326, "id": 65}], [{"weight": 1, "random_weight": 0.3671954282429948, "id": 8}, {"weight": 2, "random_weight": 0.8606347766938843, "id": 21}, {"weight": 2, "random_weight": 0.6415336360120883, "id": 38}, {"weight": 1, "random_weight": 0.554381583028718, "id": 46}], [{"weight": 2, "random_weight": 0.9487020920501121, "id": 5}, {"weight": 1, "random_weight": 0.702999762793841, "id": 7}, {"weight": 1, "random_weight": 0.4763897881445667, "id": 10}, {"weight": 2, "random_weight": 0.8606347766938843, "id": 20}], [{"weight": 1, "random_weight": 0.6130222759777836, "id": 0}, {"weight": 1, "random_weight": 0.28444067735676404, "id": 2}, {"weight": 1, "random_weight": 0.49473279161716666, "id": 62}, {"weight": 1, "random_weight": 0.28058083937839196, "id": 64}], [{"weight": 2, "random_weight": 0.8884331671711511, "id": 24}, {"weight": 1, "random_weight": 0.2483145316398231, "id": 37}, {"weight": 1, "random_weight": 0.33024369616179927, "id": 43}, {"weight": 1, "random_weight": 0.8987023833467503, "id": 53}, {"weight": 1, "random_weight": 0.8784517563920852, "id": 54}], [{"weight": 2, "random_weight": 0.8884331671711511, "id": 23}, {"weight": 1, "random_weight": 0.27387432739156936, "id": 36}, {"weight": 1, "random_weight": 0.7723915947545581, "id": 43}], [{"weight": 1, "random_weight": 0.8175801868092681, "id": 8}, {"weight": 2, "random_weight": 0.11689454665448507, "id": 11}, {"weight": 1, "random_weight": 0.17717064619971756, "id": 12}, {"weight": 1, "random_weight": 0.8012697432108926, "id": 14}, {"weight": 1, "random_weight": 0.03392816038258706, "id": 39}], [{"weight": 1, "random_weight": 0.021204975079729405, "id": 17}, {"weight": 2, "random_weight": 0.5623058491686287, "id": 49}, {"weight": 1, "random_weight": 0.49481256213065095, "id": 55}], [{"weight": 1, "random_weight": 0.09753579797795686, "id": 19}, {"weight": 2, "random_weight": 0.9825383628297948, "id": 28}, {"weight": 2, "random_weight": 0.8082574889670457, "id": 47}, {"weight": 1, "random_weight": 0.08334942911444854, "id": 61}], [{"weight": 2, "random_weight": 0.9825383628297948, "id": 27}, {"weight": 1, "random_weight": 0.17475949322970707, "id": 65}, {"weight": 1, "random_weight": 0.2628131632962002, "id": 66}, {"weight": 2, "random_weight": 0.831136947930548, "id": 68}], [{"weight": 2, "random_weight": 0.6772527939119403, "id": 16}, {"weight": 1, "random_weight": 0.7667471140796347, "id": 18}, {"weight": 1, "random_weight": 0.16224397711102823, "id": 30}, {"weight": 1, "random_weight": 0.49843852098193897, "id": 41}, {"weight": 1, "random_weight": 0.014115286653618053, "id": 52}], [{"weight": 1, "random_weight": 0.16224397711102823, "id": 29}, {"weight": 2, "random_weight": 0.9479185382496502, "id": 42}, {"weight": 1, "random_weight": 0.8521805450620458, "id": 45}, {"weight": 1, "random_weight": 0.11766138579443441, "id": 52}], [{"weight": 1, "random_weight": 0.15411254897296578, "id": 1}, {"weight": 1, "random_weight": 0.5492191567393819, "id": 5}, {"weight": 1, "random_weight": 0.9050598603987785, "id": 32}, {"weight": 1, "random_weight": 0.08746720936331054, "id": 33}, {"weight": 2, "random_weight": 0.8686791965791754, "id": 50}], [{"weight": 1, "random_weight": 0.9050598603987785, "id": 31}, {"weight": 1, "random_weight": 0.8101857259259093, "id": 51}, {"weight": 2, "random_weight": 0.622291167509663, "id": 56}, {"weight": 1, "random_weight": 0.5345479659989331, "id": 67}, {"weight": 1, "random_weight": 0.4240664192978273, "id": 71}], [{"weight": 2, "random_weight": 0.5356987573566113, "id": 1}, {"weight": 1, "random_weight": 0.7656602713643168, "id": 7}, {"weight": 1, "random_weight": 0.08746720936331054, "id": 31}, {"weight": 1, "random_weight": 0.6446687533198266, "id": 34}, {"weight": 1, "random_weight": 0.542442130915459, "id": 39}], [{"weight": 2, "random_weight": 0.11429482887228237, "id": 2}, {"weight": 1, "random_weight": 0.2133592675907321, "id": 12}, {"weight": 1, "random_weight": 0.4392779864709242, "id": 13}, {"weight": 1, "random_weight": 0.6446687533198266, "id": 33}], [{"weight": 1, "random_weight": 0.3882887380400333, "id": 6}, {"weight": 1, "random_weight": 0.7878348949599052, "id": 15}, {"weight": 1, "random_weight": 0.6403030264657612, "id": 18}, {"weight": 1, "random_weight": 0.45740742719477334, "id": 55}], [{"weight": 1, "random_weight": 0.27387432739156936, "id": 24}, {"weight": 2, "random_weight": 0.9394430843902709, "id": 37}, {"weight": 1, "random_weight": 0.8871867792171493, "id": 60}], [{"weight": 1, "random_weight": 0.2483145316398231, "id": 23}, {"weight": 2, "random_weight": 0.9394430843902709, "id": 36}, {"weight": 2, "random_weight": 0.7055953499845866, "id": 44}, {"weight": 1, "random_weight": 0.9474986847937759, "id": 61}], [{"weight": 1, "random_weight": 0.03787837275112249, "id": 8}, {"weight": 2, "random_weight": 0.6415336360120883, "id": 20}, {"weight": 1, "random_weight": 0.756605845401404, "id": 46}], [{"weight": 2, "random_weight": 0.604045863394949, "id": 7}, {"weight": 2, "random_weight": 0.08124658598104262, "id": 12}, {"weight": 1, "random_weight": 0.03392816038258706, "id": 25}, {"weight": 1, "random_weight": 0.542442130915459, "id": 33}], [{"weight": 1, "random_weight": 0.835561730349969, "id": 10}, {"weight": 1, "random_weight": 0.2140310681477977, "id": 16}, {"weight": 2, "random_weight": 0.8132781778538271, "id": 41}, {"weight": 1, "random_weight": 0.9055185216892077, "id": 58}, {"weight": 1, "random_weight": 0.6080840154558573, "id": 59}], [{"weight": 1, "random_weight": 0.31240458443536945, "id": 10}, {"weight": 1, "random_weight": 0.49843852098193897, "id": 29}, {"weight": 2, "random_weight": 0.8132781778538271, "id": 40}, {"weight": 1, "random_weight": 0.4154254877668532, "id": 48}, {"weight": 1, "random_weight": 0.6455608059649193, "id": 52}], [{"weight": 1, "random_weight": 0.10429339371369128, "id": 18}, {"weight": 2, "random_weight": 0.9479185382496502, "id": 30}], [{"weight": 2, "random_weight": 0.7316351657912833, "id": 17}, {"weight": 1, "random_weight": 0.33024369616179927, "id": 23}, {"weight": 1, "random_weight": 0.7723915947545581, "id": 24}, {"weight": 1, "random_weight": 0.0718439466070655, "id": 49}], [{"weight": 2, "random_weight": 0.7055953499845866, "id": 37}, {"weight": 1, "random_weight": 0.6888108844320667, "id": 54}, {"weight": 2, "random_weight": 0.9020352146252757, "id": 57}, {"weight": 1, "random_weight": 0.7201030790614329, "id": 66}], [{"weight": 1, "random_weight": 0.8521805450620458, "id": 30}, {"weight": 1, "random_weight": 0.7344613196074562, "id": 48}, {"weight": 2, "random_weight": 0.2555814859327038, "id": 52}], [{"weight": 1, "random_weight": 0.129495067580646, "id": 10}, {"weight": 1, "random_weight": 0.554381583028718, "id": 20}, {"weight": 1, "random_weight": 0.756605845401404, "id": 38}, {"weight": 2, "random_weight": 0.8252772037746804, "id": 48}], [{"weight": 1, "random_weight": 0.9166964140280234, "id": 9}, {"weight": 2, "random_weight": 0.8082574889670457, "id": 27}, {"weight": 1, "random_weight": 0.7280019133026842, "id": 60}], [{"weight": 1, "random_weight": 0.4154254877668532, "id": 41}, {"weight": 1, "random_weight": 0.7344613196074562, "id": 45}, {"weight": 2, "random_weight": 0.8252772037746804, "id": 46}, {"weight": 1, "random_weight": 0.2053026168131662, "id": 52}], [{"weight": 2, "random_weight": 0.5623058491686287, "id": 26}, {"weight": 1, "random_weight": 0.0718439466070655, "id": 43}, {"weight": 2, "random_weight": 0.4315727734123955, "id": 53}, {"weight": 1, "random_weight": 0.043446190786819994, "id": 63}], [{"weight": 1, "random_weight": 0.7744106785117442, "id": 5}, {"weight": 2, "random_weight": 0.8686791965791754, "id": 31}, {"weight": 1, "random_weight": 0.38079471621316574, "id": 51}, {"weight": 2, "random_weight": 0.2477828989097529, "id": 70}], [{"weight": 1, "random_weight": 0.8262920049604376, "id": 4}, {"weight": 1, "random_weight": 0.8101857259259093, "id": 32}, {"weight": 1, "random_weight": 0.38079471621316574, "id": 50}, {"weight": 1, "random_weight": 0.39546841745663097, "id": 70}, {"weight": 2, "random_weight": 0.5890721957203318, "id": 71}], [{"weight": 1, "random_weight": 0.014115286653618053, "id": 29}, {"weight": 1, "random_weight": 0.11766138579443441, "id": 30}, {"weight": 1, "random_weight": 0.6455608059649193, "id": 41}, {"weight": 2, "random_weight": 0.2555814859327038, "id": 45}, {"weight": 1, "random_weight": 0.2053026168131662, "id": 48}], [{"weight": 1, "random_weight": 0.8987023833467503, "id": 23}, {"weight": 2, "random_weight": 0.4315727734123955, "id": 49}, {"weight": 2, "random_weight": 0.993193985747452, "id": 54}, {"weight": 1, "random_weight": 0.19082648912474498, "id": 63}], [{"weight": 1, "random_weight": 0.8784517563920852, "id": 23}, {"weight": 1, "random_weight": 0.6888108844320667, "id": 44}, {"weight": 2, "random_weight": 0.993193985747452, "id": 53}, {"weight": 1, "random_weight": 0.10390292620036334, "id": 57}, {"weight": 1, "random_weight": 0.9010728816075018, "id": 69}], [{"weight": 1, "random_weight": 0.9780802741631706, "id": 3}, {"weight": 1, "random_weight": 0.49481256213065095, "id": 26}, {"weight": 1, "random_weight": 0.45740742719477334, "id": 35}, {"weight": 1, "random_weight": 0.621311325842899, "id": 63}], [{"weight": 1, "random_weight": 0.39386641526928023, "id": 0}, {"weight": 1, "random_weight": 0.2983359843423694, "id": 1}, {"weight": 2, "random_weight": 0.622291167509663, "id": 32}, {"weight": 1, "random_weight": 0.4162258535759895, "id": 62}, {"weight": 1, "random_weight": 0.45073474349912535, "id": 68}], [{"weight": 2, "random_weight": 0.9020352146252757, "id": 44}, {"weight": 1, "random_weight": 0.10390292620036334, "id": 54}, {"weight": 1, "random_weight": 0.49112342914525753, "id": 67}, {"weight": 1, "random_weight": 0.7911281017249714, "id": 69}, {"weight": 1, "random_weight": 0.018420389311922136, "id": 71}], [{"weight": 1, "random_weight": 0.1273690128814321, "id": 4}, {"weight": 1, "random_weight": 0.9055185216892077, "id": 40}, {"weight": 2, "random_weight": 0.6605683165296212, "id": 59}, {"weight": 2, "random_weight": 0.7794560834441896, "id": 70}], [{"weight": 1, "random_weight": 0.6293683020724167, "id": 4}, {"weight": 1, "random_weight": 0.9788844023531491, "id": 6}, {"weight": 1, "random_weight": 0.9211237489865601, "id": 15}, {"weight": 1, "random_weight": 0.6080840154558573, "id": 40}, {"weight": 2, "random_weight": 0.6605683165296212, "id": 58}], [{"weight": 1, "random_weight": 0.8871867792171493, "id": 36}, {"weight": 1, "random_weight": 0.7280019133026842, "id": 47}, {"weight": 2, "random_weight": 0.7854851606090734, "id": 61}], [{"weight": 1, "random_weight": 0.08334942911444854, "id": 27}, {"weight": 1, "random_weight": 0.9474986847937759, "id": 37}, {"weight": 2, "random_weight": 0.7854851606090734, "id": 60}, {"weight": 2, "random_weight": 0.5697900937720494, "id": 66}], [{"weight": 2, "random_weight": 0.9186050926283493, "id": 0}, {"weight": 1, "random_weight": 0.49473279161716666, "id": 22}, {"weight": 1, "random_weight": 0.4162258535759895, "id": 56}, {"weight": 1, "random_weight": 0.8150027875478465, "id": 64}, {"weight": 1, "random_weight": 0.30145811636493125, "id": 68}], [{"weight": 2, "random_weight": 0.07747312939956918, "id": 3}, {"weight": 1, "random_weight": 0.043446190786819994, "id": 49}, {"weight": 1, "random_weight": 0.19082648912474498, "id": 53}, {"weight": 1, "random_weight": 0.621311325842899, "id": 55}, {"weight": 1, "random_weight": 0.6385558155117462, "id": 69}], [{"weight": 1, "random_weight": 0.28058083937839196, "id": 22}, {"weight": 1, "random_weight": 0.8150027875478465, "id": 62}, {"weight": 2, "random_weight": 0.01413274690044386, "id": 65}, {"weight": 1, "random_weight": 0.7703230835577859, "id": 68}], [{"weight": 2, "random_weight": 0.20547672483691326, "id": 19}, {"weight": 1, "random_weight": 0.17475949322970707, "id": 28}, {"weight": 2, "random_weight": 0.01413274690044386, "id": 64}], [{"weight": 1, "random_weight": 0.2628131632962002, "id": 28}, {"weight": 1, "random_weight": 0.7201030790614329, "id": 44}, {"weight": 2, "random_weight": 0.5697900937720494, "id": 61}, {"weight": 2, "random_weight": 0.6880745747728254, "id": 67}], [{"weight": 1, "random_weight": 0.5345479659989331, "id": 32}, {"weight": 1, "random_weight": 0.49112342914525753, "id": 57}, {"weight": 2, "random_weight": 0.6880745747728254, "id": 66}, {"weight": 1, "random_weight": 0.8112790719864104, "id": 68}, {"weight": 1, "random_weight": 0.9264326303415051, "id": 71}], [{"weight": 2, "random_weight": 0.831136947930548, "id": 28}, {"weight": 1, "random_weight": 0.45073474349912535, "id": 56}, {"weight": 1, "random_weight": 0.30145811636493125, "id": 62}, {"weight": 1, "random_weight": 0.7703230835577859, "id": 64}, {"weight": 1, "random_weight": 0.8112790719864104, "id": 67}], [{"weight": 2, "random_weight": 0.7716291469541962, "id": 4}, {"weight": 1, "random_weight": 0.9010728816075018, "id": 54}, {"weight": 1, "random_weight": 0.7911281017249714, "id": 57}, {"weight": 1, "random_weight": 0.6385558155117462, "id": 63}, {"weight": 1, "random_weight": 0.6677500164944344, "id": 71}], [{"weight": 1, "random_weight": 0.44513404836741166, "id": 10}, {"weight": 2, "random_weight": 0.2477828989097529, "id": 50}, {"weight": 1, "random_weight": 0.39546841745663097, "id": 51}, {"weight": 2, "random_weight": 0.7794560834441896, "id": 58}], [{"weight": 1, "random_weight": 0.4240664192978273, "id": 32}, {"weight": 2, "random_weight": 0.5890721957203318, "id": 51}, {"weight": 1, "random_weight": 0.018420389311922136, "id": 57}, {"weight": 1, "random_weight": 0.9264326303415051, "id": 67}, {"weight": 1, "random_weight": 0.6677500164944344, "id": 69}]]}