{"directed": false, "multigraph": false, "graph": [], "nodes": [{"graph": null, "nnodes": 2, "nedges": 1, "density": 1.0, "atomics": "[80, 81]", "group_pop": 2, "init_part_assignment": 9, "id": 0}, {"graph": null, "nnodes": 2, "nedges": 1, "density": 1.0, "atomics": "[57, 69]", "group_pop": 2, "init_part_assignment": 9, "id": 1}, {"graph": null, "nnodes": 2, "nedges": 1, "density": 1.0, "atomics": "[82, 70]", "group_pop": 2, "init_part_assignment": 2, "id": 2}, {"graph": null, "nnodes": 2, "nedges": 1, "density": 1.0, "atomics": "[74, 86]", "group_pop": 2, "init_part_assignment": 6, "id": 3}, {"graph": null, "nnodes": 2, "nedges": 1, "density": 1.0, "atomics": "[75, 63]", "group_pop": 2, "init_part_assignment": 1, "id": 4}, {"graph": null, "nnodes": 2, "nedges": 1, "density": 1.0, "atomics": "[41, 42]", "group_pop": 2, "init_part_assignment": 1, "id": 5}, {"graph": null, "nnodes": 2, "nedges": 1, "density": 1.0, "atomics": "[43, 31]", "group_pop": 2, "init_part_assignment": 5, "id": 6}, {"graph": null, "nnodes": 2, "nedges": 1, "density": 1.0, "atomics": "[61, 62]", "group_pop": 2, "init_part_assignment": 6, "id": 7}, {"graph": null, "nnodes": 2, "nedges": 1, "density": 1.0, "atomics": "[32, 33]", "group_pop": 2, "init_part_assignment": 5, "id": 8}, {"graph": null, "nnodes": 2, "nedges": 1, "density": 1.0, "atomics": "[19, 20]", "group_pop": 2, "init_part_assignment": 4, "id": 9}, {"graph": null, "nnodes": 2, "nedges": 1, "density": 1.0, "atomics": "[130, 142]", "group_pop": 2, "init_part_assignment": 7, "id": 10}, {"graph": null, "nnodes": 2, "nedges": 1, "density": 1.0, "atomics": "[131, 143]", "group_pop": 2, "init_part_assignment": 7, "id": 11}, {"graph": null, "nnodes": 2, "nedges": 1, "density": 1.0, "atomics": "[29, 30]", "group_pop": 2, "init_part_assignment": 5, "id": 12}, {"graph": null, "nnodes": 2, "nedges": 1, "density": 1.0, "atomics": "[8, 7]", "group_pop": 2, "init_part_assignment": 4, "id": 13}, {"graph": null, "nnodes": 2, "nedges": 1, "density": 1.0, "atomics": "[9, 21]", "group_pop": 2, "init_part_assignment": 4, "id": 14}, {"graph": null, "nnodes": 2, "nedges": 1, "density": 1.0, "atomics": "[34, 46]", "group_pop": 2, "init_part_assignment": 2, "id": 15}, {"graph": null, "nnodes": 2, "nedges": 1, "density": 1.0, "atomics": "[35, 47]", "group_pop": 2, "init_part_assignment": 2, "id": 16}, {"graph": null, "nnodes": 2, "nedges": 1, "density": 1.0, "atomics": "[10, 11]", "group_pop": 2, "init_part_assignment": 4, "id": 17}, {"graph": null, "nnodes": 2, "nedges": 1, "density": 1.0, "atomics": "[22, 23]", "group_pop": 2, "init_part_assignment": 4, "id": 18}, {"graph": null, "nnodes": 2, "nedges": 1, "density": 1.0, "atomics": "[49, 50]", "group_pop": 2, "init_part_assignment": 1, "id": 19}, {"graph": null, "nnodes": 2, "nedges": 1, "density": 1.0, "atomics": "[37, 38]", "group_pop": 2, "init_part_assignment": 0, "id": 20}, {"graph": null, "nnodes": 2, "nedges": 1, "density": 1.0, "atomics": "[120, 132]", "group_pop": 2, "init_part_assignment": 3, "id": 21}, {"graph": null, "nnodes": 2, "nedges": 1, "density": 1.0, "atomics": "[24, 36]", "group_pop": 2, "init_part_assignment": 6, "id": 22}, {"graph": null, "nnodes": 2, "nedges": 1, "density": 1.0, "atomics": "[83, 71]", "group_pop": 2, "init_part_assignment": 2, "id": 23}, {"graph": null, "nnodes": 2, "nedges": 1, "density": 1.0, "atomics": "[17, 18]", "group_pop": 2, "init_part_assignment": 5, "id": 24}, {"graph": null, "nnodes": 2, "nedges": 1, "density": 1.0, "atomics": "[123, 135]", "group_pop": 2, "init_part_assignment": 11, "id": 25}, {"graph": null, "nnodes": 2, "nedges": 1, "density": 1.0, "atomics": "[96, 108]", "group_pop": 2, "init_part_assignment": 3, "id": 26}, {"graph": null, "nnodes": 2, "nedges": 1, "density": 1.0, "atomics": "[129, 141]", "group_pop": 2, "init_part_assignment": 7, "id": 27}, {"graph": null, "nnodes": 2, "nedges": 1, "density": 1.0, "atomics": "[117, 118]", "group_pop": 2, "init_part_assignment": 7, "id": 28}, {"graph": null, "nnodes": 2, "nedges": 1, "density": 1.0, "atomics": "[25, 26]", "group_pop": 2, "init_part_assignment": 0, "id": 29}, {"graph": null, "nnodes": 2, "nedges": 1, "density": 1.0, "atomics": "[12, 13]", "group_pop": 2, "init_part_assignment": 0, "id": 30}, {"graph": null, "nnodes": 2, "nedges": 1, "density": 1.0, "atomics": "[67, 55]", "group_pop": 2, "init_part_assignment": 9, "id": 31}, {"graph": null, "nnodes": 2, "nedges": 1, "density": 1.0, "atomics": "[91, 79]", "group_pop": 2, "init_part_assignment": 10, "id": 32}, {"graph": null, "nnodes": 2, "nedges": 1, "density": 1.0, "atomics": "[58, 59]", "group_pop": 2, "init_part_assignment": 2, "id": 33}, {"graph": null, "nnodes": 2, "nedges": 1, "density": 1.0, "atomics": "[48, 60]", "group_pop": 2, "init_part_assignment": 6, "id": 34}, {"graph": null, "nnodes": 2, "nedges": 1, "density": 1.0, "atomics": "[136, 137]", "group_pop": 2, "init_part_assignment": 11, "id": 35}, {"graph": null, "nnodes": 2, "nedges": 1, "density": 1.0, "atomics": "[124, 125]", "group_pop": 2, "init_part_assignment": 10, "id": 36}, {"graph": null, "nnodes": 2, "nedges": 1, "density": 1.0, "atomics": "[5, 6]", "group_pop": 2, "init_part_assignment": 4, "id": 37}, {"graph": null, "nnodes": 2, "nedges": 1, "density": 1.0, "atomics": "[40, 52]", "group_pop": 2, "init_part_assignment": 1, "id": 38}, {"graph": null, "nnodes": 2, "nedges": 1, "density": 1.0, "atomics": "[27, 28]", "group_pop": 2, "init_part_assignment": 1, "id": 39}, {"graph": null, "nnodes": 2, "nedges": 1, "density": 1.0, "atomics": "[0, 1]", "group_pop": 2, "init_part_assignment": 0, "id": 40}, {"graph": null, "nnodes": 2, "nedges": 1, "density": 1.0, "atomics": "[128, 127]", "group_pop": 2, "init_part_assignment": 11, "id": 41}, {"graph": null, "nnodes": 2, "nedges": 1, "density": 1.0, "atomics": "[115, 116]", "group_pop": 2, "init_part_assignment": 10, "id": 42}, {"graph": null, "nnodes": 2, "nedges": 1, "density": 1.0, "atomics": "[133, 134]", "group_pop": 2, "init_part_assignment": 11, "id": 43}, {"graph": null, "nnodes": 2, "nedges": 1, "density": 1.0, "atomics": "[121, 109]", "group_pop": 2, "init_part_assignment": 3, "id": 44}, {"graph": null, "nnodes": 2, "nedges": 1, "density": 1.0, "atomics": "[122, 110]", "group_pop": 2, "init_part_assignment": 3, "id": 45}, {"graph": null, "nnodes": 2, "nedges": 1, "density": 1.0, "atomics": "[112, 100]", "group_pop": 2, "init_part_assignment": 8, "id": 46}, {"graph": null, "nnodes": 2, "nedges": 1, "density": 1.0, "atomics": "[113, 114]", "group_pop": 2, "init_part_assignment": 10, "id": 47}, {"graph": null, "nnodes": 2, "nedges": 1, "density": 1.0, "atomics": "[2, 3]", "group_pop": 2, "init_part_assignment": 0, "id": 48}, {"graph": null, "nnodes": 2, "nedges": 1, "density": 1.0, "atomics": "[139, 140]", "group_pop": 2, "init_part_assignment": 11, "id": 49}, {"graph": null, "nnodes": 2, "nedges": 1, "density": 1.0, "atomics": "[16, 4]", "group_pop": 2, "init_part_assignment": 5, "id": 50}, {"graph": null, "nnodes": 2, "nedges": 1, "density": 1.0, "atomics": "[97, 98]", "group_pop": 2, "init_part_assignment": 3, "id": 51}, {"graph": null, "nnodes": 2, "nedges": 1, "density": 1.0, "atomics": "[66, 78]", "group_pop": 2, "init_part_assignment": 8, "id": 52}, {"graph": null, "nnodes": 2, "nedges": 1, "density": 1.0, "atomics": "[14, 15]", "group_pop": 2, "init_part_assignment": 0, "id": 53}, {"graph": null, "nnodes": 2, "nedges": 1, "density": 1.0, "atomics": "[99, 111]", "group_pop": 2, "init_part_assignment": 3, "id": 54}, {"graph": null, "nnodes": 2, "nedges": 1, "density": 1.0, "atomics": "[72, 84]", "group_pop": 2, "init_part_assignment": 6, "id": 55}, {"graph": null, "nnodes": 2, "nedges": 1, "density": 1.0, "atomics": "[56, 68]", "group_pop": 2, "init_part_assignment": 9, "id": 56}, {"graph": null, "nnodes": 2, "nedges": 1, "density": 1.0, "atomics": "[89, 101]", "group_pop": 2, "init_part_assignment": 8, "id": 57}, {"graph": null, "nnodes": 2, "nedges": 1, "density": 1.0, "atomics": "[64, 65]", "group_pop": 2, "init_part_assignment": 8, "id": 58}, {"graph": null, "nnodes": 2, "nedges": 1, "density": 1.0, "atomics": "[94, 95]", "group_pop": 2, "init_part_assignment": 2, "id": 59}, {"graph": null, "nnodes": 2, "nedges": 1, "density": 1.0, "atomics": "[44, 45]", "group_pop": 2, "init_part_assignment": 5, "id": 60}, {"graph": null, "nnodes": 2, "nedges": 1, "density": 1.0, "atomics": "[73, 85]", "group_pop": 2, "init_part_assignment": 6, "id": 61}, {"graph": null, "nnodes": 2, "nedges": 1, "density": 1.0, "atomics": "[107, 119]", "group_pop": 2, "init_part_assignment": 7, "id": 62}, {"graph": null, "nnodes": 2, "nedges": 1, "density": 1.0, "atomics": "[53, 54]", "group_pop": 2, "init_part_assignment": 9, "id": 63}, {"graph": null, "nnodes": 2, "nedges": 1, "density": 1.0, "atomics": "[104, 103]", "group_pop": 2, "init_part_assignment": 10, "id": 64}, {"graph": null, "nnodes": 2, "nedges": 1, "density": 1.0, "atomics": "[138, 126]", "group_pop": 2, "init_part_assignment": 11, "id": 65}, {"graph": null, "nnodes": 2, "nedges": 1, "density": 1.0, "atomics": "[90, 102]", "group_pop": 2, "init_part_assignment": 10, "id": 66}, {"graph": null, "nnodes": 2, "nedges": 1, "density": 1.0, "atomics": "[105, 106]", "group_pop": 2, "init_part_assignment": 7, "id": 67}, {"graph": null, "nnodes": 2, "nedges": 1, "density": 1.0, "atomics": "[92, 93]", "group_pop": 2, "init_part_assignment": 9, "id": 68}, {"graph": null, "nnodes": 2, "nedges": 1, "density": 1.0, "atomics": "[51, 39]", "group_pop": 2, "init_part_assignment": 1, "id": 69}, {"graph": null, "nnodes": 2, "nedges": 1, "density": 1.0, "atomics": "[88, 87]", "group_pop": 2, "init_part_assignment": 8, "id": 70}, {"graph": null, "nnodes": 2, "nedges": 1, "density": 1.0, "atomics": "[76, 77]", "group_pop": 2, "init_part_assignment": 8, "id": 71}], "adjacency": [[{"weight": 1, "random_weight": 0.4004300336779939, "id": 1}, {"weight": 1, "random_weight": 0.46239271768650003, "id": 2}, {"weight": 1, "random_weight": 0.8990672091749627, "id": 32}, {"weight": 1, "random_weight": 0.3365542599949277, "id": 56}, {"weight": 2, "random_weight": 0.5541925132768343, "id": 68}], [{"weight": 1, "random_weight": 0.4004300336779939, "id": 0}, {"weight": 1, "random_weight": 0.5656013009728543, "id": 2}, {"weight": 1, "random_weight": 0.5046406245440578, "id": 33}, {"weight": 2, "random_weight": 0.2792130106265429, "id": 56}, {"weight": 1, "random_weight": 0.49625173705142556, "id": 60}], [{"weight": 1, "random_weight": 0.46239271768650003, "id": 0}, {"weight": 1, "random_weight": 0.5656013009728543, "id": 1}, {"weight": 2, "random_weight": 0.10320411436115207, "id": 23}, {"weight": 1, "random_weight": 0.7964020348781483, "id": 33}, {"weight": 1, "random_weight": 0.3405633575896895, "id": 59}], [{"weight": 1, "random_weight": 0.5621998821133114, "id": 4}, {"weight": 1, "random_weight": 0.27222104343922826, "id": 7}, {"weight": 1, "random_weight": 0.5845837610847318, "id": 51}, {"weight": 2, "random_weight": 0.5595779490147309, "id": 61}, {"weight": 1, "random_weight": 0.28476682893164673, "id": 70}], [{"weight": 1, "random_weight": 0.5621998821133114, "id": 3}, {"weight": 1, "random_weight": 0.5660249134957432, "id": 7}, {"weight": 1, "random_weight": 0.8908919350838708, "id": 58}, {"weight": 1, "random_weight": 0.13868074535130803, "id": 69}, {"weight": 1, "random_weight": 0.6130611124722314, "id": 70}, {"weight": 1, "random_weight": 0.9475317963377579, "id": 71}], [{"weight": 1, "random_weight": 0.9289332574175675, "id": 6}, {"weight": 2, "random_weight": 0.6594112794769169, "id": 12}, {"weight": 1, "random_weight": 0.024365167740298177, "id": 38}, {"weight": 2, "random_weight": 0.2658775032540661, "id": 63}], [{"weight": 1, "random_weight": 0.9289332574175675, "id": 5}, {"weight": 1, "random_weight": 0.652408634015979, "id": 8}, {"weight": 1, "random_weight": 0.8449613646426577, "id": 9}, {"weight": 1, "random_weight": 0.5175850884995828, "id": 12}, {"weight": 1, "random_weight": 0.8835545992862938, "id": 31}, {"weight": 1, "random_weight": 0.7765850808775665, "id": 60}], [{"weight": 1, "random_weight": 0.27222104343922826, "id": 3}, {"weight": 1, "random_weight": 0.5660249134957432, "id": 4}, {"weight": 2, "random_weight": 0.8544994799798165, "id": 19}, {"weight": 1, "random_weight": 0.03366096970246857, "id": 34}, {"weight": 1, "random_weight": 0.5123302487465411, "id": 61}], [{"weight": 1, "random_weight": 0.652408634015979, "id": 6}, {"weight": 1, "random_weight": 0.8542174483360788, "id": 9}, {"weight": 1, "random_weight": 0.6159926686398333, "id": 14}, {"weight": 1, "random_weight": 0.7987903474449386, "id": 15}, {"weight": 2, "random_weight": 0.6060870149944274, "id": 60}], [{"weight": 1, "random_weight": 0.8449613646426577, "id": 6}, {"weight": 1, "random_weight": 0.8542174483360788, "id": 8}, {"weight": 2, "random_weight": 0.8170451858672888, "id": 13}, {"weight": 1, "random_weight": 0.3927742875021327, "id": 14}, {"weight": 1, "random_weight": 0.6028813398712235, "id": 24}], [{"weight": 2, "random_weight": 0.3617741762830985, "id": 11}, {"weight": 2, "random_weight": 0.9275905450648455, "id": 27}, {"weight": 1, "random_weight": 0.23632857694124632, "id": 28}], [{"weight": 2, "random_weight": 0.3617741762830985, "id": 10}, {"weight": 1, "random_weight": 0.09290767192898342, "id": 62}], [{"weight": 2, "random_weight": 0.6594112794769169, "id": 5}, {"weight": 1, "random_weight": 0.5175850884995828, "id": 6}, {"weight": 2, "random_weight": 0.3086787693960811, "id": 24}, {"weight": 1, "random_weight": 0.7940829661186711, "id": 39}], [{"weight": 2, "random_weight": 0.8170451858672888, "id": 9}, {"weight": 1, "random_weight": 0.48625917350044057, "id": 14}, {"weight": 1, "random_weight": 0.2366954209801957, "id": 37}], [{"weight": 1, "random_weight": 0.6159926686398333, "id": 8}, {"weight": 1, "random_weight": 0.3927742875021327, "id": 9}, {"weight": 1, "random_weight": 0.48625917350044057, "id": 13}, {"weight": 1, "random_weight": 0.05799557453295401, "id": 17}, {"weight": 1, "random_weight": 0.720735856450104, "id": 18}], [{"weight": 1, "random_weight": 0.7987903474449386, "id": 8}, {"weight": 2, "random_weight": 0.3680080046989319, "id": 16}, {"weight": 1, "random_weight": 0.7542472353915249, "id": 18}, {"weight": 1, "random_weight": 0.5290682714318684, "id": 33}, {"weight": 1, "random_weight": 0.7459854775386813, "id": 60}], [{"weight": 2, "random_weight": 0.3680080046989319, "id": 15}, {"weight": 1, "random_weight": 0.7152285689294549, "id": 18}, {"weight": 1, "random_weight": 0.08491031846044261, "id": 33}], [{"weight": 1, "random_weight": 0.05799557453295401, "id": 14}, {"weight": 2, "random_weight": 0.7453611284038507, "id": 18}], [{"weight": 1, "random_weight": 0.720735856450104, "id": 14}, {"weight": 1, "random_weight": 0.7542472353915249, "id": 15}, {"weight": 1, "random_weight": 0.7152285689294549, "id": 16}, {"weight": 2, "random_weight": 0.7453611284038507, "id": 17}], [{"weight": 2, "random_weight": 0.8544994799798165, "id": 7}, {"weight": 2, "random_weight": 0.325165453603823, "id": 20}, {"weight": 1, "random_weight": 0.96657813968707, "id": 34}, {"weight": 1, "random_weight": 0.5330909584918574, "id": 69}], [{"weight": 2, "random_weight": 0.325165453603823, "id": 19}, {"weight": 1, "random_weight": 0.37697142445888, "id": 22}, {"weight": 2, "random_weight": 0.38703594622910686, "id": 29}, {"weight": 1, "random_weight": 0.6739464169421708, "id": 69}], [{"weight": 1, "random_weight": 0.3381616333772466, "id": 26}, {"weight": 1, "random_weight": 0.36111362267004055, "id": 43}, {"weight": 1, "random_weight": 0.1653933967990311, "id": 44}], [{"weight": 1, "random_weight": 0.37697142445888, "id": 20}, {"weight": 1, "random_weight": 0.7509111685131302, "id": 29}, {"weight": 1, "random_weight": 0.9476630463723357, "id": 30}, {"weight": 1, "random_weight": 0.6451549322858594, "id": 34}], [{"weight": 2, "random_weight": 0.10320411436115207, "id": 2}, {"weight": 1, "random_weight": 0.016710504545837224, "id": 33}, {"weight": 1, "random_weight": 0.46287323312134254, "id": 59}], [{"weight": 1, "random_weight": 0.6028813398712235, "id": 9}, {"weight": 2, "random_weight": 0.3086787693960811, "id": 12}, {"weight": 2, "random_weight": 0.19547513375130077, "id": 37}, {"weight": 1, "random_weight": 0.7545517140141286, "id": 50}], [{"weight": 1, "random_weight": 0.689575911402619, "id": 35}, {"weight": 1, "random_weight": 0.9541549913503481, "id": 36}, {"weight": 1, "random_weight": 0.131212280993255, "id": 43}, {"weight": 1, "random_weight": 0.3691202557600566, "id": 45}, {"weight": 1, "random_weight": 0.9042696514619283, "id": 54}], [{"weight": 1, "random_weight": 0.3381616333772466, "id": 21}, {"weight": 1, "random_weight": 0.5013151521481729, "id": 44}, {"weight": 1, "random_weight": 0.18958524497924079, "id": 51}, {"weight": 1, "random_weight": 0.5473571594741615, "id": 55}], [{"weight": 2, "random_weight": 0.9275905450648455, "id": 10}, {"weight": 1, "random_weight": 0.6493405917080429, "id": 28}, {"weight": 1, "random_weight": 0.9882671910542002, "id": 41}, {"weight": 1, "random_weight": 0.7426342692312844, "id": 49}], [{"weight": 1, "random_weight": 0.23632857694124632, "id": 10}, {"weight": 1, "random_weight": 0.6493405917080429, "id": 27}, {"weight": 1, "random_weight": 0.6617896927296313, "id": 42}, {"weight": 1, "random_weight": 0.7085201803088388, "id": 62}, {"weight": 2, "random_weight": 0.4199811207937334, "id": 67}], [{"weight": 2, "random_weight": 0.38703594622910686, "id": 20}, {"weight": 1, "random_weight": 0.7509111685131302, "id": 22}, {"weight": 1, "random_weight": 0.6919988260381785, "id": 30}, {"weight": 1, "random_weight": 0.4220171323454559, "id": 39}, {"weight": 1, "random_weight": 0.1058841441686682, "id": 53}], [{"weight": 1, "random_weight": 0.9476630463723357, "id": 22}, {"weight": 1, "random_weight": 0.6919988260381785, "id": 29}, {"weight": 2, "random_weight": 0.8941351976339857, "id": 40}, {"weight": 1, "random_weight": 0.7332651009598535, "id": 53}], [{"weight": 1, "random_weight": 0.8835545992862938, "id": 6}, {"weight": 1, "random_weight": 0.9762123867002087, "id": 32}, {"weight": 1, "random_weight": 0.9876175113208476, "id": 52}, {"weight": 2, "random_weight": 0.37979503072511733, "id": 56}, {"weight": 1, "random_weight": 0.7863571578285049, "id": 63}], [{"weight": 1, "random_weight": 0.8990672091749627, "id": 0}, {"weight": 1, "random_weight": 0.9762123867002087, "id": 31}, {"weight": 1, "random_weight": 0.7774168023141532, "id": 52}, {"weight": 1, "random_weight": 0.30023353631094163, "id": 64}, {"weight": 1, "random_weight": 0.6789896508507202, "id": 66}, {"weight": 1, "random_weight": 0.7173856044456093, "id": 68}], [{"weight": 1, "random_weight": 0.5046406245440578, "id": 1}, {"weight": 1, "random_weight": 0.7964020348781483, "id": 2}, {"weight": 1, "random_weight": 0.5290682714318684, "id": 15}, {"weight": 1, "random_weight": 0.08491031846044261, "id": 16}, {"weight": 1, "random_weight": 0.016710504545837224, "id": 23}], [{"weight": 1, "random_weight": 0.03366096970246857, "id": 7}, {"weight": 1, "random_weight": 0.96657813968707, "id": 19}, {"weight": 1, "random_weight": 0.6451549322858594, "id": 22}, {"weight": 1, "random_weight": 0.5765181732291331, "id": 55}], [{"weight": 1, "random_weight": 0.689575911402619, "id": 25}, {"weight": 2, "random_weight": 0.41188259794641346, "id": 36}, {"weight": 1, "random_weight": 0.3351647120818445, "id": 65}], [{"weight": 1, "random_weight": 0.9541549913503481, "id": 25}, {"weight": 2, "random_weight": 0.41188259794641346, "id": 35}, {"weight": 1, "random_weight": 0.6784682216047884, "id": 46}, {"weight": 1, "random_weight": 0.2117259559197502, "id": 47}, {"weight": 1, "random_weight": 0.4478507204323041, "id": 65}], [{"weight": 1, "random_weight": 0.2366954209801957, "id": 13}, {"weight": 2, "random_weight": 0.19547513375130077, "id": 24}, {"weight": 1, "random_weight": 0.7762369217664278, "id": 50}], [{"weight": 1, "random_weight": 0.024365167740298177, "id": 5}, {"weight": 1, "random_weight": 0.07728284918199435, "id": 39}, {"weight": 1, "random_weight": 0.31686387716598985, "id": 58}, {"weight": 1, "random_weight": 0.5491372429426185, "id": 63}, {"weight": 2, "random_weight": 0.22975430807727304, "id": 69}], [{"weight": 1, "random_weight": 0.7940829661186711, "id": 12}, {"weight": 1, "random_weight": 0.4220171323454559, "id": 29}, {"weight": 1, "random_weight": 0.07728284918199435, "id": 38}, {"weight": 1, "random_weight": 0.7327775847961159, "id": 50}, {"weight": 1, "random_weight": 0.9900191139053707, "id": 53}, {"weight": 1, "random_weight": 0.9311155388735377, "id": 69}], [{"weight": 2, "random_weight": 0.8941351976339857, "id": 30}, {"weight": 1, "random_weight": 0.25056235357964385, "id": 48}], [{"weight": 1, "random_weight": 0.9882671910542002, "id": 27}, {"weight": 2, "random_weight": 0.8773825933526163, "id": 42}, {"weight": 2, "random_weight": 0.8734448754336106, "id": 49}, {"weight": 1, "random_weight": 0.43546952383323145, "id": 65}], [{"weight": 1, "random_weight": 0.6617896927296313, "id": 28}, {"weight": 2, "random_weight": 0.8773825933526163, "id": 41}, {"weight": 1, "random_weight": 0.19144823758742457, "id": 47}, {"weight": 2, "random_weight": 0.42310197868413624, "id": 64}], [{"weight": 1, "random_weight": 0.36111362267004055, "id": 21}, {"weight": 1, "random_weight": 0.131212280993255, "id": 25}, {"weight": 1, "random_weight": 0.8193095880109866, "id": 44}, {"weight": 1, "random_weight": 0.29624877315687304, "id": 45}], [{"weight": 1, "random_weight": 0.1653933967990311, "id": 21}, {"weight": 1, "random_weight": 0.5013151521481729, "id": 26}, {"weight": 1, "random_weight": 0.8193095880109866, "id": 43}, {"weight": 2, "random_weight": 0.20855009317118123, "id": 45}, {"weight": 1, "random_weight": 0.2904263015517007, "id": 51}], [{"weight": 1, "random_weight": 0.3691202557600566, "id": 25}, {"weight": 1, "random_weight": 0.29624877315687304, "id": 43}, {"weight": 2, "random_weight": 0.20855009317118123, "id": 44}, {"weight": 1, "random_weight": 0.014216415925825121, "id": 51}, {"weight": 1, "random_weight": 0.6129983461812238, "id": 54}], [{"weight": 1, "random_weight": 0.6784682216047884, "id": 36}, {"weight": 1, "random_weight": 0.6717738059510777, "id": 47}, {"weight": 2, "random_weight": 0.846748831615615, "id": 54}, {"weight": 1, "random_weight": 0.09800887830463823, "id": 57}, {"weight": 1, "random_weight": 0.19742251014721446, "id": 70}], [{"weight": 1, "random_weight": 0.2117259559197502, "id": 36}, {"weight": 1, "random_weight": 0.19144823758742457, "id": 42}, {"weight": 1, "random_weight": 0.6717738059510777, "id": 46}, {"weight": 1, "random_weight": 0.22222682515436387, "id": 57}, {"weight": 1, "random_weight": 0.17798421101144424, "id": 65}, {"weight": 1, "random_weight": 0.20029345912384144, "id": 66}], [{"weight": 1, "random_weight": 0.25056235357964385, "id": 40}, {"weight": 1, "random_weight": 0.455870319699497, "id": 50}, {"weight": 2, "random_weight": 0.3612542988676616, "id": 53}], [{"weight": 1, "random_weight": 0.7426342692312844, "id": 27}, {"weight": 2, "random_weight": 0.8734448754336106, "id": 41}, {"weight": 1, "random_weight": 0.661548538525706, "id": 65}], [{"weight": 1, "random_weight": 0.7545517140141286, "id": 24}, {"weight": 1, "random_weight": 0.7762369217664278, "id": 37}, {"weight": 1, "random_weight": 0.7327775847961159, "id": 39}, {"weight": 1, "random_weight": 0.455870319699497, "id": 48}, {"weight": 1, "random_weight": 0.821566658767444, "id": 53}], [{"weight": 1, "random_weight": 0.5845837610847318, "id": 3}, {"weight": 1, "random_weight": 0.18958524497924079, "id": 26}, {"weight": 1, "random_weight": 0.2904263015517007, "id": 44}, {"weight": 1, "random_weight": 0.014216415925825121, "id": 45}, {"weight": 1, "random_weight": 0.882557581125431, "id": 54}, {"weight": 1, "random_weight": 0.920905075853849, "id": 61}], [{"weight": 1, "random_weight": 0.9876175113208476, "id": 31}, {"weight": 1, "random_weight": 0.7774168023141532, "id": 32}, {"weight": 1, "random_weight": 0.5683295091213519, "id": 58}, {"weight": 1, "random_weight": 0.7278045841533447, "id": 63}, {"weight": 1, "random_weight": 0.34404112945450394, "id": 66}, {"weight": 1, "random_weight": 0.1792831278137792, "id": 71}], [{"weight": 1, "random_weight": 0.1058841441686682, "id": 29}, {"weight": 1, "random_weight": 0.7332651009598535, "id": 30}, {"weight": 1, "random_weight": 0.9900191139053707, "id": 39}, {"weight": 2, "random_weight": 0.3612542988676616, "id": 48}, {"weight": 1, "random_weight": 0.821566658767444, "id": 50}], [{"weight": 1, "random_weight": 0.9042696514619283, "id": 25}, {"weight": 1, "random_weight": 0.6129983461812238, "id": 45}, {"weight": 2, "random_weight": 0.846748831615615, "id": 46}, {"weight": 1, "random_weight": 0.882557581125431, "id": 51}, {"weight": 1, "random_weight": 0.7564407728728504, "id": 70}], [{"weight": 1, "random_weight": 0.5473571594741615, "id": 26}, {"weight": 1, "random_weight": 0.5765181732291331, "id": 34}, {"weight": 2, "random_weight": 0.280998403327822, "id": 61}], [{"weight": 1, "random_weight": 0.3365542599949277, "id": 0}, {"weight": 2, "random_weight": 0.2792130106265429, "id": 1}, {"weight": 2, "random_weight": 0.37979503072511733, "id": 31}, {"weight": 1, "random_weight": 0.12227324984337529, "id": 60}], [{"weight": 1, "random_weight": 0.09800887830463823, "id": 46}, {"weight": 1, "random_weight": 0.22222682515436387, "id": 47}, {"weight": 2, "random_weight": 0.07666044672323058, "id": 66}, {"weight": 1, "random_weight": 0.18074436416367046, "id": 70}, {"weight": 1, "random_weight": 0.2596103542327377, "id": 71}], [{"weight": 1, "random_weight": 0.8908919350838708, "id": 4}, {"weight": 1, "random_weight": 0.31686387716598985, "id": 38}, {"weight": 1, "random_weight": 0.5683295091213519, "id": 52}, {"weight": 1, "random_weight": 0.9577959664494202, "id": 63}, {"weight": 2, "random_weight": 0.8871767473085934, "id": 71}], [{"weight": 1, "random_weight": 0.3405633575896895, "id": 2}, {"weight": 1, "random_weight": 0.46287323312134254, "id": 23}, {"weight": 1, "random_weight": 0.1010283826738464, "id": 62}, {"weight": 1, "random_weight": 0.6082010492847879, "id": 67}, {"weight": 1, "random_weight": 0.4228152726772725, "id": 68}], [{"weight": 1, "random_weight": 0.49625173705142556, "id": 1}, {"weight": 1, "random_weight": 0.7765850808775665, "id": 6}, {"weight": 2, "random_weight": 0.6060870149944274, "id": 8}, {"weight": 1, "random_weight": 0.7459854775386813, "id": 15}, {"weight": 1, "random_weight": 0.12227324984337529, "id": 56}], [{"weight": 2, "random_weight": 0.5595779490147309, "id": 3}, {"weight": 1, "random_weight": 0.5123302487465411, "id": 7}, {"weight": 1, "random_weight": 0.920905075853849, "id": 51}, {"weight": 2, "random_weight": 0.280998403327822, "id": 55}], [{"weight": 1, "random_weight": 0.09290767192898342, "id": 11}, {"weight": 1, "random_weight": 0.7085201803088388, "id": 28}, {"weight": 1, "random_weight": 0.1010283826738464, "id": 59}, {"weight": 1, "random_weight": 0.7233722568718743, "id": 67}], [{"weight": 2, "random_weight": 0.2658775032540661, "id": 5}, {"weight": 1, "random_weight": 0.7863571578285049, "id": 31}, {"weight": 1, "random_weight": 0.5491372429426185, "id": 38}, {"weight": 1, "random_weight": 0.7278045841533447, "id": 52}, {"weight": 1, "random_weight": 0.9577959664494202, "id": 58}], [{"weight": 1, "random_weight": 0.30023353631094163, "id": 32}, {"weight": 2, "random_weight": 0.42310197868413624, "id": 42}, {"weight": 1, "random_weight": 0.031904938413575, "id": 66}, {"weight": 1, "random_weight": 0.22045339801148112, "id": 67}, {"weight": 1, "random_weight": 0.23115515760346783, "id": 68}], [{"weight": 1, "random_weight": 0.3351647120818445, "id": 35}, {"weight": 1, "random_weight": 0.4478507204323041, "id": 36}, {"weight": 1, "random_weight": 0.43546952383323145, "id": 41}, {"weight": 1, "random_weight": 0.17798421101144424, "id": 47}, {"weight": 1, "random_weight": 0.661548538525706, "id": 49}], [{"weight": 1, "random_weight": 0.6789896508507202, "id": 32}, {"weight": 1, "random_weight": 0.20029345912384144, "id": 47}, {"weight": 1, "random_weight": 0.34404112945450394, "id": 52}, {"weight": 2, "random_weight": 0.07666044672323058, "id": 57}, {"weight": 1, "random_weight": 0.031904938413575, "id": 64}], [{"weight": 2, "random_weight": 0.4199811207937334, "id": 28}, {"weight": 1, "random_weight": 0.6082010492847879, "id": 59}, {"weight": 1, "random_weight": 0.7233722568718743, "id": 62}, {"weight": 1, "random_weight": 0.22045339801148112, "id": 64}, {"weight": 1, "random_weight": 0.7432788453661018, "id": 68}], [{"weight": 2, "random_weight": 0.5541925132768343, "id": 0}, {"weight": 1, "random_weight": 0.7173856044456093, "id": 32}, {"weight": 1, "random_weight": 0.4228152726772725, "id": 59}, {"weight": 1, "random_weight": 0.23115515760346783, "id": 64}, {"weight": 1, "random_weight": 0.7432788453661018, "id": 67}], [{"weight": 1, "random_weight": 0.13868074535130803, "id": 4}, {"weight": 1, "random_weight": 0.5330909584918574, "id": 19}, {"weight": 1, "random_weight": 0.6739464169421708, "id": 20}, {"weight": 2, "random_weight": 0.22975430807727304, "id": 38}, {"weight": 1, "random_weight": 0.9311155388735377, "id": 39}], [{"weight": 1, "random_weight": 0.28476682893164673, "id": 3}, {"weight": 1, "random_weight": 0.6130611124722314, "id": 4}, {"weight": 1, "random_weight": 0.19742251014721446, "id": 46}, {"weight": 1, "random_weight": 0.7564407728728504, "id": 54}, {"weight": 1, "random_weight": 0.18074436416367046, "id": 57}, {"weight": 1, "random_weight": 0.7630722948761963, "id": 71}], [{"weight": 1, "random_weight": 0.9475317963377579, "id": 4}, {"weight": 1, "random_weight": 0.1792831278137792, "id": 52}, {"weight": 1, "random_weight": 0.2596103542327377, "id": 57}, {"weight": 2, "random_weight": 0.8871767473085934, "id": 58}, {"weight": 1, "random_weight": 0.7630722948761963, "id": 70}]]}