{"directed": false, "multigraph": false, "graph": [], "nodes": [{"graph": null, "nnodes": 2, "nedges": 1, "density": 1.0, "atomics": "[81, 69]", "group_pop": 2, "init_part_assignment": 5, "id": 0}, {"graph": null, "nnodes": 2, "nedges": 1, "density": 1.0, "atomics": "[82, 83]", "group_pop": 2, "init_part_assignment": 5, "id": 1}, {"graph": null, "nnodes": 2, "nedges": 1, "density": 1.0, "atomics": "[70, 71]", "group_pop": 2, "init_part_assignment": 3, "id": 2}, {"graph": null, "nnodes": 2, "nedges": 1, "density": 1.0, "atomics": "[74, 86]", "group_pop": 2, "init_part_assignment": 11, "id": 3}, {"graph": null, "nnodes": 2, "nedges": 1, "density": 1.0, "atomics": "[75, 87]", "group_pop": 2, "init_part_assignment": 11, "id": 4}, {"graph": null, "nnodes": 2, "nedges": 1, "density": 1.0, "atomics": "[42, 30]", "group_pop": 2, "init_part_assignment": 4, "id": 5}, {"graph": null, "nnodes": 2, "nedges": 1, "density": 1.0, "atomics": "[43, 44]", "group_pop": 2, "init_part_assignment": 6, "id": 6}, {"graph": null, "nnodes": 2, "nedges": 1, "density": 1.0, "atomics": "[73, 61]", "group_pop": 2, "init_part_assignment": 11, "id": 7}, {"graph": null, "nnodes": 2, "nedges": 1, "density": 1.0, "atomics": "[62, 63]", "group_pop": 2, "init_part_assignment": 11, "id": 8}, {"graph": null, "nnodes": 2, "nedges": 1, "density": 1.0, "atomics": "[32, 31]", "group_pop": 2, "init_part_assignment": 4, "id": 9}, {"graph": null, "nnodes": 2, "nedges": 1, "density": 1.0, "atomics": "[19, 20]", "group_pop": 2, "init_part_assignment": 4, "id": 10}, {"graph": null, "nnodes": 2, "nedges": 1, "density": 1.0, "atomics": "[142, 143]", "group_pop": 2, "init_part_assignment": 2, "id": 11}, {"graph": null, "nnodes": 2, "nedges": 1, "density": 1.0, "atomics": "[41, 29]", "group_pop": 2, "init_part_assignment": 1, "id": 12}, {"graph": null, "nnodes": 2, "nedges": 1, "density": 1.0, "atomics": "[8, 9]", "group_pop": 2, "init_part_assignment": 4, "id": 13}, {"graph": null, "nnodes": 2, "nedges": 1, "density": 1.0, "atomics": "[34, 35]", "group_pop": 2, "init_part_assignment": 3, "id": 14}, {"graph": null, "nnodes": 2, "nedges": 1, "density": 1.0, "atomics": "[11, 23]", "group_pop": 2, "init_part_assignment": 3, "id": 15}, {"graph": null, "nnodes": 2, "nedges": 1, "density": 1.0, "atomics": "[49, 37]", "group_pop": 2, "init_part_assignment": 10, "id": 16}, {"graph": null, "nnodes": 2, "nedges": 1, "density": 1.0, "atomics": "[120, 121]", "group_pop": 2, "init_part_assignment": 8, "id": 17}, {"graph": null, "nnodes": 2, "nedges": 1, "density": 1.0, "atomics": "[132, 133]", "group_pop": 2, "init_part_assignment": 8, "id": 18}, {"graph": null, "nnodes": 2, "nedges": 1, "density": 1.0, "atomics": "[24, 12]", "group_pop": 2, "init_part_assignment": 9, "id": 19}, {"graph": null, "nnodes": 2, "nedges": 1, "density": 1.0, "atomics": "[48, 36]", "group_pop": 2, "init_part_assignment": 9, "id": 20}, {"graph": null, "nnodes": 2, "nedges": 1, "density": 1.0, "atomics": "[130, 131]", "group_pop": 2, "init_part_assignment": 2, "id": 21}, {"graph": null, "nnodes": 2, "nedges": 1, "density": 1.0, "atomics": "[17, 18]", "group_pop": 2, "init_part_assignment": 1, "id": 22}, {"graph": null, "nnodes": 2, "nedges": 1, "density": 1.0, "atomics": "[123, 124]", "group_pop": 2, "init_part_assignment": 8, "id": 23}, {"graph": null, "nnodes": 2, "nedges": 1, "density": 1.0, "atomics": "[136, 135]", "group_pop": 2, "init_part_assignment": 8, "id": 24}, {"graph": null, "nnodes": 2, "nedges": 1, "density": 1.0, "atomics": "[10, 22]", "group_pop": 2, "init_part_assignment": 3, "id": 25}, {"graph": null, "nnodes": 2, "nedges": 1, "density": 1.0, "atomics": "[96, 108]", "group_pop": 2, "init_part_assignment": 8, "id": 26}, {"graph": null, "nnodes": 2, "nedges": 1, "density": 1.0, "atomics": "[129, 141]", "group_pop": 2, "init_part_assignment": 2, "id": 27}, {"graph": null, "nnodes": 2, "nedges": 1, "density": 1.0, "atomics": "[116, 117]", "group_pop": 2, "init_part_assignment": 0, "id": 28}, {"graph": null, "nnodes": 2, "nedges": 1, "density": 1.0, "atomics": "[25, 26]", "group_pop": 2, "init_part_assignment": 1, "id": 29}, {"graph": null, "nnodes": 2, "nedges": 1, "density": 1.0, "atomics": "[13, 14]", "group_pop": 2, "init_part_assignment": 1, "id": 30}, {"graph": null, "nnodes": 2, "nedges": 1, "density": 1.0, "atomics": "[67, 55]", "group_pop": 2, "init_part_assignment": 6, "id": 31}, {"graph": null, "nnodes": 2, "nedges": 1, "density": 1.0, "atomics": "[80, 79]", "group_pop": 2, "init_part_assignment": 6, "id": 32}, {"graph": null, "nnodes": 2, "nedges": 1, "density": 1.0, "atomics": "[57, 45]", "group_pop": 2, "init_part_assignment": 5, "id": 33}, {"graph": null, "nnodes": 2, "nedges": 1, "density": 1.0, "atomics": "[58, 46]", "group_pop": 2, "init_part_assignment": 3, "id": 34}, {"graph": null, "nnodes": 2, "nedges": 1, "density": 1.0, "atomics": "[72, 60]", "group_pop": 2, "init_part_assignment": 9, "id": 35}, {"graph": null, "nnodes": 2, "nedges": 1, "density": 1.0, "atomics": "[6, 7]", "group_pop": 2, "init_part_assignment": 4, "id": 36}, {"graph": null, "nnodes": 2, "nedges": 1, "density": 1.0, "atomics": "[33, 21]", "group_pop": 2, "init_part_assignment": 4, "id": 37}, {"graph": null, "nnodes": 2, "nedges": 1, "density": 1.0, "atomics": "[40, 28]", "group_pop": 2, "init_part_assignment": 10, "id": 38}, {"graph": null, "nnodes": 2, "nedges": 1, "density": 1.0, "atomics": "[0, 1]", "group_pop": 2, "init_part_assignment": 9, "id": 39}, {"graph": null, "nnodes": 2, "nedges": 1, "density": 1.0, "atomics": "[128, 140]", "group_pop": 2, "init_part_assignment": 0, "id": 40}, {"graph": null, "nnodes": 2, "nedges": 1, "density": 1.0, "atomics": "[122, 134]", "group_pop": 2, "init_part_assignment": 8, "id": 41}, {"graph": null, "nnodes": 2, "nedges": 1, "density": 1.0, "atomics": "[112, 113]", "group_pop": 2, "init_part_assignment": 7, "id": 42}, {"graph": null, "nnodes": 2, "nedges": 1, "density": 1.0, "atomics": "[2, 3]", "group_pop": 2, "init_part_assignment": 1, "id": 43}, {"graph": null, "nnodes": 2, "nedges": 1, "density": 1.0, "atomics": "[4, 5]", "group_pop": 2, "init_part_assignment": 1, "id": 44}, {"graph": null, "nnodes": 2, "nedges": 1, "density": 1.0, "atomics": "[97, 109]", "group_pop": 2, "init_part_assignment": 9, "id": 45}, {"graph": null, "nnodes": 2, "nedges": 1, "density": 1.0, "atomics": "[137, 125]", "group_pop": 2, "init_part_assignment": 7, "id": 46}, {"graph": null, "nnodes": 2, "nedges": 1, "density": 1.0, "atomics": "[66, 78]", "group_pop": 2, "init_part_assignment": 6, "id": 47}, {"graph": null, "nnodes": 2, "nedges": 1, "density": 1.0, "atomics": "[16, 15]", "group_pop": 2, "init_part_assignment": 10, "id": 48}, {"graph": null, "nnodes": 2, "nedges": 1, "density": 1.0, "atomics": "[98, 110]", "group_pop": 2, "init_part_assignment": 11, "id": 49}, {"graph": null, "nnodes": 2, "nedges": 1, "density": 1.0, "atomics": "[99, 111]", "group_pop": 2, "init_part_assignment": 11, "id": 50}, {"graph": null, "nnodes": 2, "nedges": 1, "density": 1.0, "atomics": "[84, 85]", "group_pop": 2, "init_part_assignment": 9, "id": 51}, {"graph": null, "nnodes": 2, "nedges": 1, "density": 1.0, "atomics": "[59, 47]", "group_pop": 2, "init_part_assignment": 3, "id": 52}, {"graph": null, "nnodes": 2, "nedges": 1, "density": 1.0, "atomics": "[56, 68]", "group_pop": 2, "init_part_assignment": 6, "id": 53}, {"graph": null, "nnodes": 2, "nedges": 1, "density": 1.0, "atomics": "[88, 100]", "group_pop": 2, "init_part_assignment": 7, "id": 54}, {"graph": null, "nnodes": 2, "nedges": 1, "density": 1.0, "atomics": "[89, 101]", "group_pop": 2, "init_part_assignment": 7, "id": 55}, {"graph": null, "nnodes": 2, "nedges": 1, "density": 1.0, "atomics": "[64, 76]", "group_pop": 2, "init_part_assignment": 7, "id": 56}, {"graph": null, "nnodes": 2, "nedges": 1, "density": 1.0, "atomics": "[138, 139]", "group_pop": 2, "init_part_assignment": 0, "id": 57}, {"graph": null, "nnodes": 2, "nedges": 1, "density": 1.0, "atomics": "[126, 127]", "group_pop": 2, "init_part_assignment": 0, "id": 58}, {"graph": null, "nnodes": 2, "nedges": 1, "density": 1.0, "atomics": "[93, 94]", "group_pop": 2, "init_part_assignment": 5, "id": 59}, {"graph": null, "nnodes": 2, "nedges": 1, "density": 1.0, "atomics": "[107, 95]", "group_pop": 2, "init_part_assignment": 2, "id": 60}, {"graph": null, "nnodes": 2, "nedges": 1, "density": 1.0, "atomics": "[118, 119]", "group_pop": 2, "init_part_assignment": 2, "id": 61}, {"graph": null, "nnodes": 2, "nedges": 1, "density": 1.0, "atomics": "[53, 54]", "group_pop": 2, "init_part_assignment": 6, "id": 62}, {"graph": null, "nnodes": 2, "nedges": 1, "density": 1.0, "atomics": "[114, 115]", "group_pop": 2, "init_part_assignment": 0, "id": 63}, {"graph": null, "nnodes": 2, "nedges": 1, "density": 1.0, "atomics": "[91, 103]", "group_pop": 2, "init_part_assignment": 5, "id": 64}, {"graph": null, "nnodes": 2, "nedges": 1, "density": 1.0, "atomics": "[50, 38]", "group_pop": 2, "init_part_assignment": 10, "id": 65}, {"graph": null, "nnodes": 2, "nedges": 1, "density": 1.0, "atomics": "[90, 102]", "group_pop": 2, "init_part_assignment": 0, "id": 66}, {"graph": null, "nnodes": 2, "nedges": 1, "density": 1.0, "atomics": "[105, 106]", "group_pop": 2, "init_part_assignment": 2, "id": 67}, {"graph": null, "nnodes": 2, "nedges": 1, "density": 1.0, "atomics": "[27, 39]", "group_pop": 2, "init_part_assignment": 10, "id": 68}, {"graph": null, "nnodes": 2, "nedges": 1, "density": 1.0, "atomics": "[51, 52]", "group_pop": 2, "init_part_assignment": 10, "id": 69}, {"graph": null, "nnodes": 2, "nedges": 1, "density": 1.0, "atomics": "[104, 92]", "group_pop": 2, "init_part_assignment": 5, "id": 70}, {"graph": null, "nnodes": 2, "nedges": 1, "density": 1.0, "atomics": "[65, 77]", "group_pop": 2, "init_part_assignment": 7, "id": 71}], "adjacency": [[{"weight": 1, "random_weight": 0.9963956451740693, "id": 1}, {"weight": 1, "random_weight": 0.5909504054774777, "id": 2}, {"weight": 1, "random_weight": 0.9869130155350326, "id": 32}, {"weight": 1, "random_weight": 0.305111741417725, "id": 33}, {"weight": 1, "random_weight": 0.12541863439849077, "id": 53}, {"weight": 1, "random_weight": 0.3503826268425877, "id": 59}], [{"weight": 1, "random_weight": 0.9963956451740693, "id": 0}, {"weight": 2, "random_weight": 0.8303883506954051, "id": 2}, {"weight": 1, "random_weight": 0.42801660751404336, "id": 59}, {"weight": 1, "random_weight": 0.16351635155067323, "id": 60}], [{"weight": 1, "random_weight": 0.5909504054774777, "id": 0}, {"weight": 2, "random_weight": 0.8303883506954051, "id": 1}, {"weight": 1, "random_weight": 0.4548942646206161, "id": 34}, {"weight": 1, "random_weight": 0.7399115601823314, "id": 52}], [{"weight": 2, "random_weight": 0.6949616291737235, "id": 4}, {"weight": 1, "random_weight": 0.1611909126058464, "id": 7}, {"weight": 1, "random_weight": 0.7462380877628165, "id": 8}, {"weight": 1, "random_weight": 0.7890805516306153, "id": 49}, {"weight": 1, "random_weight": 0.9283312814192974, "id": 51}], [{"weight": 2, "random_weight": 0.6949616291737235, "id": 3}, {"weight": 1, "random_weight": 0.5979956995049298, "id": 8}, {"weight": 1, "random_weight": 0.32425195985745336, "id": 50}, {"weight": 1, "random_weight": 0.7832747517330453, "id": 54}, {"weight": 1, "random_weight": 0.022345678861623197, "id": 56}], [{"weight": 1, "random_weight": 0.6032091953684808, "id": 6}, {"weight": 1, "random_weight": 0.03825146311304417, "id": 9}, {"weight": 2, "random_weight": 0.9721438680483043, "id": 12}, {"weight": 1, "random_weight": 0.8625482146256198, "id": 22}, {"weight": 1, "random_weight": 0.46344930479088686, "id": 62}], [{"weight": 1, "random_weight": 0.6032091953684808, "id": 5}, {"weight": 2, "random_weight": 0.1133189092385396, "id": 9}, {"weight": 1, "random_weight": 0.5569039506534812, "id": 31}, {"weight": 1, "random_weight": 0.4740761695296154, "id": 33}, {"weight": 1, "random_weight": 0.44643758441136827, "id": 53}], [{"weight": 1, "random_weight": 0.1611909126058464, "id": 3}, {"weight": 1, "random_weight": 0.3098469980027949, "id": 8}, {"weight": 1, "random_weight": 0.7451109130163607, "id": 16}, {"weight": 2, "random_weight": 0.5319218031629129, "id": 35}, {"weight": 1, "random_weight": 0.22703118081755558, "id": 51}], [{"weight": 1, "random_weight": 0.7462380877628165, "id": 3}, {"weight": 1, "random_weight": 0.5979956995049298, "id": 4}, {"weight": 1, "random_weight": 0.3098469980027949, "id": 7}, {"weight": 1, "random_weight": 0.942555817222201, "id": 56}, {"weight": 1, "random_weight": 0.4021206570563658, "id": 65}, {"weight": 1, "random_weight": 0.6904186046989228, "id": 69}], [{"weight": 1, "random_weight": 0.03825146311304417, "id": 5}, {"weight": 2, "random_weight": 0.1133189092385396, "id": 6}, {"weight": 2, "random_weight": 0.7335238772698967, "id": 10}, {"weight": 1, "random_weight": 0.015604374850827551, "id": 37}], [{"weight": 2, "random_weight": 0.7335238772698967, "id": 9}, {"weight": 1, "random_weight": 0.7381951256085454, "id": 13}, {"weight": 1, "random_weight": 0.6937795223863328, "id": 22}, {"weight": 1, "random_weight": 0.6112641656347503, "id": 36}, {"weight": 1, "random_weight": 0.12212286857961929, "id": 37}], [{"weight": 2, "random_weight": 0.21621453726232542, "id": 21}, {"weight": 1, "random_weight": 0.9495094726981882, "id": 27}], [{"weight": 2, "random_weight": 0.9721438680483043, "id": 5}, {"weight": 1, "random_weight": 0.10347284617528019, "id": 22}, {"weight": 2, "random_weight": 0.4714825731764307, "id": 38}, {"weight": 1, "random_weight": 0.7925333690112908, "id": 62}], [{"weight": 1, "random_weight": 0.7381951256085454, "id": 10}, {"weight": 1, "random_weight": 0.675618023246704, "id": 25}, {"weight": 1, "random_weight": 0.3234022958301368, "id": 36}, {"weight": 1, "random_weight": 0.9037860555803415, "id": 37}], [{"weight": 1, "random_weight": 0.041771077875177975, "id": 15}, {"weight": 1, "random_weight": 0.08069484315300313, "id": 25}, {"weight": 1, "random_weight": 0.5915994917890028, "id": 34}, {"weight": 1, "random_weight": 0.617553786812409, "id": 37}, {"weight": 1, "random_weight": 0.8624768826796597, "id": 52}], [{"weight": 1, "random_weight": 0.041771077875177975, "id": 14}, {"weight": 2, "random_weight": 0.21008902785397787, "id": 25}], [{"weight": 1, "random_weight": 0.7451109130163607, "id": 7}, {"weight": 2, "random_weight": 0.7812460493743801, "id": 20}, {"weight": 1, "random_weight": 0.921175460649398, "id": 29}, {"weight": 2, "random_weight": 0.04031308765734809, "id": 65}], [{"weight": 2, "random_weight": 0.9655401837346245, "id": 18}, {"weight": 1, "random_weight": 0.3204586785114908, "id": 26}, {"weight": 1, "random_weight": 0.7739050362329, "id": 41}, {"weight": 1, "random_weight": 0.5877415610627309, "id": 45}], [{"weight": 2, "random_weight": 0.9655401837346245, "id": 17}, {"weight": 1, "random_weight": 0.4134989234361769, "id": 41}], [{"weight": 1, "random_weight": 0.1728874095596764, "id": 20}, {"weight": 1, "random_weight": 0.6406792483098365, "id": 29}, {"weight": 1, "random_weight": 0.6682801909514073, "id": 30}, {"weight": 1, "random_weight": 0.2361992428500277, "id": 39}], [{"weight": 2, "random_weight": 0.7812460493743801, "id": 16}, {"weight": 1, "random_weight": 0.1728874095596764, "id": 19}, {"weight": 1, "random_weight": 0.3139911043567688, "id": 35}], [{"weight": 2, "random_weight": 0.21621453726232542, "id": 11}, {"weight": 1, "random_weight": 0.13988158613015622, "id": 27}, {"weight": 2, "random_weight": 0.7013308819916856, "id": 61}], [{"weight": 1, "random_weight": 0.8625482146256198, "id": 5}, {"weight": 1, "random_weight": 0.6937795223863328, "id": 10}, {"weight": 1, "random_weight": 0.10347284617528019, "id": 12}, {"weight": 1, "random_weight": 0.9708929942229066, "id": 36}, {"weight": 1, "random_weight": 0.11106645675128524, "id": 44}, {"weight": 1, "random_weight": 0.5934748350241308, "id": 48}], [{"weight": 2, "random_weight": 0.18782245646997453, "id": 24}, {"weight": 1, "random_weight": 0.8598609872031708, "id": 41}, {"weight": 1, "random_weight": 0.6516699196207529, "id": 42}, {"weight": 1, "random_weight": 0.8675876510840359, "id": 46}, {"weight": 1, "random_weight": 0.9023710620873047, "id": 50}], [{"weight": 2, "random_weight": 0.18782245646997453, "id": 23}, {"weight": 1, "random_weight": 0.3949598994292346, "id": 41}, {"weight": 1, "random_weight": 0.8651388932013908, "id": 46}], [{"weight": 1, "random_weight": 0.675618023246704, "id": 13}, {"weight": 1, "random_weight": 0.08069484315300313, "id": 14}, {"weight": 2, "random_weight": 0.21008902785397787, "id": 15}, {"weight": 1, "random_weight": 0.6583371641546417, "id": 37}], [{"weight": 1, "random_weight": 0.3204586785114908, "id": 17}, {"weight": 2, "random_weight": 0.7523228319305338, "id": 45}, {"weight": 1, "random_weight": 0.6233164088965732, "id": 51}], [{"weight": 1, "random_weight": 0.9495094726981882, "id": 11}, {"weight": 1, "random_weight": 0.13988158613015622, "id": 21}, {"weight": 1, "random_weight": 0.8822300846933016, "id": 28}, {"weight": 2, "random_weight": 0.9989471870345736, "id": 40}], [{"weight": 1, "random_weight": 0.8822300846933016, "id": 27}, {"weight": 1, "random_weight": 0.38003375888552393, "id": 40}, {"weight": 1, "random_weight": 0.16053885652953515, "id": 61}, {"weight": 1, "random_weight": 0.1916917463109703, "id": 63}, {"weight": 1, "random_weight": 0.646038407964389, "id": 67}, {"weight": 1, "random_weight": 0.5084486048890867, "id": 70}], [{"weight": 1, "random_weight": 0.921175460649398, "id": 16}, {"weight": 1, "random_weight": 0.6406792483098365, "id": 19}, {"weight": 2, "random_weight": 0.3202298217109928, "id": 30}, {"weight": 1, "random_weight": 0.9479918973921638, "id": 65}, {"weight": 1, "random_weight": 0.8972707537641746, "id": 68}], [{"weight": 1, "random_weight": 0.6682801909514073, "id": 19}, {"weight": 2, "random_weight": 0.3202298217109928, "id": 29}, {"weight": 1, "random_weight": 0.5653297818907962, "id": 39}, {"weight": 1, "random_weight": 0.37562973683663003, "id": 43}, {"weight": 1, "random_weight": 0.8652180447804589, "id": 48}], [{"weight": 1, "random_weight": 0.5569039506534812, "id": 6}, {"weight": 1, "random_weight": 0.6607065133441674, "id": 32}, {"weight": 1, "random_weight": 0.07018444766740739, "id": 47}, {"weight": 2, "random_weight": 0.2590906751767932, "id": 53}, {"weight": 1, "random_weight": 0.5148775860891075, "id": 62}], [{"weight": 1, "random_weight": 0.9869130155350326, "id": 0}, {"weight": 1, "random_weight": 0.6607065133441674, "id": 31}, {"weight": 1, "random_weight": 0.3651409474126034, "id": 47}, {"weight": 1, "random_weight": 0.53136681674562, "id": 53}, {"weight": 1, "random_weight": 0.9833645637803098, "id": 64}, {"weight": 1, "random_weight": 0.806186436068602, "id": 70}], [{"weight": 1, "random_weight": 0.305111741417725, "id": 0}, {"weight": 1, "random_weight": 0.4740761695296154, "id": 6}, {"weight": 2, "random_weight": 0.8594055205866632, "id": 34}, {"weight": 1, "random_weight": 0.5849988226187169, "id": 37}, {"weight": 1, "random_weight": 0.4747943987432308, "id": 53}], [{"weight": 1, "random_weight": 0.4548942646206161, "id": 2}, {"weight": 1, "random_weight": 0.5915994917890028, "id": 14}, {"weight": 2, "random_weight": 0.8594055205866632, "id": 33}, {"weight": 2, "random_weight": 0.15228584881127527, "id": 52}], [{"weight": 2, "random_weight": 0.5319218031629129, "id": 7}, {"weight": 1, "random_weight": 0.3139911043567688, "id": 20}, {"weight": 1, "random_weight": 0.23202061246169647, "id": 51}], [{"weight": 1, "random_weight": 0.6112641656347503, "id": 10}, {"weight": 1, "random_weight": 0.3234022958301368, "id": 13}, {"weight": 1, "random_weight": 0.9708929942229066, "id": 22}, {"weight": 1, "random_weight": 0.9684995015210991, "id": 44}], [{"weight": 1, "random_weight": 0.015604374850827551, "id": 9}, {"weight": 1, "random_weight": 0.12212286857961929, "id": 10}, {"weight": 1, "random_weight": 0.9037860555803415, "id": 13}, {"weight": 1, "random_weight": 0.617553786812409, "id": 14}, {"weight": 1, "random_weight": 0.6583371641546417, "id": 25}, {"weight": 1, "random_weight": 0.5849988226187169, "id": 33}], [{"weight": 2, "random_weight": 0.4714825731764307, "id": 12}, {"weight": 1, "random_weight": 0.15532577334708986, "id": 48}, {"weight": 2, "random_weight": 0.24534870762213523, "id": 68}, {"weight": 1, "random_weight": 0.7585631411571621, "id": 69}], [{"weight": 1, "random_weight": 0.2361992428500277, "id": 19}, {"weight": 1, "random_weight": 0.5653297818907962, "id": 30}, {"weight": 1, "random_weight": 0.2776082269580149, "id": 43}], [{"weight": 2, "random_weight": 0.9989471870345736, "id": 27}, {"weight": 1, "random_weight": 0.38003375888552393, "id": 28}, {"weight": 1, "random_weight": 0.35962250878998947, "id": 57}, {"weight": 1, "random_weight": 0.01130422086923688, "id": 58}], [{"weight": 1, "random_weight": 0.7739050362329, "id": 17}, {"weight": 1, "random_weight": 0.4134989234361769, "id": 18}, {"weight": 1, "random_weight": 0.8598609872031708, "id": 23}, {"weight": 1, "random_weight": 0.3949598994292346, "id": 24}, {"weight": 1, "random_weight": 0.9043455775470735, "id": 49}], [{"weight": 1, "random_weight": 0.6516699196207529, "id": 23}, {"weight": 1, "random_weight": 0.20270281934130874, "id": 46}, {"weight": 1, "random_weight": 0.5956780200383133, "id": 50}, {"weight": 1, "random_weight": 0.3136271086100201, "id": 54}, {"weight": 1, "random_weight": 0.1949210995482622, "id": 55}, {"weight": 1, "random_weight": 0.9356462988912437, "id": 63}], [{"weight": 1, "random_weight": 0.37562973683663003, "id": 30}, {"weight": 1, "random_weight": 0.2776082269580149, "id": 39}, {"weight": 1, "random_weight": 0.4677427982679272, "id": 44}, {"weight": 1, "random_weight": 0.7143887987118686, "id": 48}], [{"weight": 1, "random_weight": 0.11106645675128524, "id": 22}, {"weight": 1, "random_weight": 0.9684995015210991, "id": 36}, {"weight": 1, "random_weight": 0.4677427982679272, "id": 43}, {"weight": 1, "random_weight": 0.7602885455239178, "id": 48}], [{"weight": 1, "random_weight": 0.5877415610627309, "id": 17}, {"weight": 2, "random_weight": 0.7523228319305338, "id": 26}, {"weight": 2, "random_weight": 0.5618252834053873, "id": 49}, {"weight": 1, "random_weight": 0.3336207786950295, "id": 51}], [{"weight": 1, "random_weight": 0.8675876510840359, "id": 23}, {"weight": 1, "random_weight": 0.8651388932013908, "id": 24}, {"weight": 1, "random_weight": 0.20270281934130874, "id": 42}, {"weight": 1, "random_weight": 0.7230241501961029, "id": 57}, {"weight": 1, "random_weight": 0.7567852076799433, "id": 58}], [{"weight": 1, "random_weight": 0.07018444766740739, "id": 31}, {"weight": 1, "random_weight": 0.3651409474126034, "id": 32}, {"weight": 1, "random_weight": 0.5131110306132141, "id": 62}, {"weight": 1, "random_weight": 0.5835152634544299, "id": 66}, {"weight": 2, "random_weight": 0.9246411469901606, "id": 71}], [{"weight": 1, "random_weight": 0.5934748350241308, "id": 22}, {"weight": 1, "random_weight": 0.8652180447804589, "id": 30}, {"weight": 1, "random_weight": 0.15532577334708986, "id": 38}, {"weight": 1, "random_weight": 0.7143887987118686, "id": 43}, {"weight": 1, "random_weight": 0.7602885455239178, "id": 44}, {"weight": 1, "random_weight": 0.7365652561256689, "id": 68}], [{"weight": 1, "random_weight": 0.7890805516306153, "id": 3}, {"weight": 1, "random_weight": 0.9043455775470735, "id": 41}, {"weight": 2, "random_weight": 0.5618252834053873, "id": 45}, {"weight": 2, "random_weight": 0.19922306864024242, "id": 50}], [{"weight": 1, "random_weight": 0.32425195985745336, "id": 4}, {"weight": 1, "random_weight": 0.9023710620873047, "id": 23}, {"weight": 1, "random_weight": 0.5956780200383133, "id": 42}, {"weight": 2, "random_weight": 0.19922306864024242, "id": 49}, {"weight": 1, "random_weight": 0.9770757251032919, "id": 54}], [{"weight": 1, "random_weight": 0.9283312814192974, "id": 3}, {"weight": 1, "random_weight": 0.22703118081755558, "id": 7}, {"weight": 1, "random_weight": 0.6233164088965732, "id": 26}, {"weight": 1, "random_weight": 0.23202061246169647, "id": 35}, {"weight": 1, "random_weight": 0.3336207786950295, "id": 45}], [{"weight": 1, "random_weight": 0.7399115601823314, "id": 2}, {"weight": 1, "random_weight": 0.8624768826796597, "id": 14}, {"weight": 2, "random_weight": 0.15228584881127527, "id": 34}], [{"weight": 1, "random_weight": 0.12541863439849077, "id": 0}, {"weight": 1, "random_weight": 0.44643758441136827, "id": 6}, {"weight": 2, "random_weight": 0.2590906751767932, "id": 31}, {"weight": 1, "random_weight": 0.53136681674562, "id": 32}, {"weight": 1, "random_weight": 0.4747943987432308, "id": 33}], [{"weight": 1, "random_weight": 0.7832747517330453, "id": 4}, {"weight": 1, "random_weight": 0.3136271086100201, "id": 42}, {"weight": 1, "random_weight": 0.9770757251032919, "id": 50}, {"weight": 2, "random_weight": 0.7430929817679088, "id": 55}, {"weight": 1, "random_weight": 0.28460753529347005, "id": 56}], [{"weight": 1, "random_weight": 0.1949210995482622, "id": 42}, {"weight": 2, "random_weight": 0.7430929817679088, "id": 54}, {"weight": 2, "random_weight": 0.7068211717188033, "id": 66}, {"weight": 1, "random_weight": 0.5630824430174903, "id": 71}], [{"weight": 1, "random_weight": 0.022345678861623197, "id": 4}, {"weight": 1, "random_weight": 0.942555817222201, "id": 8}, {"weight": 1, "random_weight": 0.28460753529347005, "id": 54}, {"weight": 1, "random_weight": 0.5186877050564858, "id": 69}, {"weight": 2, "random_weight": 0.9303137305824315, "id": 71}], [{"weight": 1, "random_weight": 0.35962250878998947, "id": 40}, {"weight": 1, "random_weight": 0.7230241501961029, "id": 46}, {"weight": 2, "random_weight": 0.40878633192260594, "id": 58}], [{"weight": 1, "random_weight": 0.01130422086923688, "id": 40}, {"weight": 1, "random_weight": 0.7567852076799433, "id": 46}, {"weight": 2, "random_weight": 0.40878633192260594, "id": 57}, {"weight": 2, "random_weight": 0.006377821380851079, "id": 63}], [{"weight": 1, "random_weight": 0.3503826268425877, "id": 0}, {"weight": 1, "random_weight": 0.42801660751404336, "id": 1}, {"weight": 1, "random_weight": 0.5108298824987128, "id": 60}, {"weight": 2, "random_weight": 0.2371605876112738, "id": 67}, {"weight": 1, "random_weight": 0.00043091200166245347, "id": 70}], [{"weight": 1, "random_weight": 0.16351635155067323, "id": 1}, {"weight": 1, "random_weight": 0.5108298824987128, "id": 59}, {"weight": 1, "random_weight": 0.031359203531935775, "id": 61}, {"weight": 1, "random_weight": 0.603341154042316, "id": 67}], [{"weight": 2, "random_weight": 0.7013308819916856, "id": 21}, {"weight": 1, "random_weight": 0.16053885652953515, "id": 28}, {"weight": 1, "random_weight": 0.031359203531935775, "id": 60}, {"weight": 1, "random_weight": 0.09191352577797884, "id": 67}], [{"weight": 1, "random_weight": 0.46344930479088686, "id": 5}, {"weight": 1, "random_weight": 0.7925333690112908, "id": 12}, {"weight": 1, "random_weight": 0.5148775860891075, "id": 31}, {"weight": 1, "random_weight": 0.5131110306132141, "id": 47}, {"weight": 1, "random_weight": 0.09054436059678861, "id": 69}, {"weight": 1, "random_weight": 0.483125205796489, "id": 71}], [{"weight": 1, "random_weight": 0.1916917463109703, "id": 28}, {"weight": 1, "random_weight": 0.9356462988912437, "id": 42}, {"weight": 2, "random_weight": 0.006377821380851079, "id": 58}, {"weight": 1, "random_weight": 0.9774263821207935, "id": 64}, {"weight": 1, "random_weight": 0.5595691356563414, "id": 66}], [{"weight": 1, "random_weight": 0.9833645637803098, "id": 32}, {"weight": 1, "random_weight": 0.9774263821207935, "id": 63}, {"weight": 2, "random_weight": 0.7633274180155806, "id": 66}, {"weight": 2, "random_weight": 0.6212086990742224, "id": 70}], [{"weight": 1, "random_weight": 0.4021206570563658, "id": 8}, {"weight": 2, "random_weight": 0.04031308765734809, "id": 16}, {"weight": 1, "random_weight": 0.9479918973921638, "id": 29}, {"weight": 1, "random_weight": 0.3902994959210375, "id": 68}, {"weight": 1, "random_weight": 0.049464050786729885, "id": 69}], [{"weight": 1, "random_weight": 0.5835152634544299, "id": 47}, {"weight": 2, "random_weight": 0.7068211717188033, "id": 55}, {"weight": 1, "random_weight": 0.5595691356563414, "id": 63}, {"weight": 2, "random_weight": 0.7633274180155806, "id": 64}], [{"weight": 1, "random_weight": 0.646038407964389, "id": 28}, {"weight": 2, "random_weight": 0.2371605876112738, "id": 59}, {"weight": 1, "random_weight": 0.603341154042316, "id": 60}, {"weight": 1, "random_weight": 0.09191352577797884, "id": 61}, {"weight": 1, "random_weight": 0.3121803386390887, "id": 70}], [{"weight": 1, "random_weight": 0.8972707537641746, "id": 29}, {"weight": 2, "random_weight": 0.24534870762213523, "id": 38}, {"weight": 1, "random_weight": 0.7365652561256689, "id": 48}, {"weight": 1, "random_weight": 0.3902994959210375, "id": 65}, {"weight": 1, "random_weight": 0.7719708655013399, "id": 69}], [{"weight": 1, "random_weight": 0.6904186046989228, "id": 8}, {"weight": 1, "random_weight": 0.7585631411571621, "id": 38}, {"weight": 1, "random_weight": 0.5186877050564858, "id": 56}, {"weight": 1, "random_weight": 0.09054436059678861, "id": 62}, {"weight": 1, "random_weight": 0.049464050786729885, "id": 65}, {"weight": 1, "random_weight": 0.7719708655013399, "id": 68}], [{"weight": 1, "random_weight": 0.5084486048890867, "id": 28}, {"weight": 1, "random_weight": 0.806186436068602, "id": 32}, {"weight": 1, "random_weight": 0.00043091200166245347, "id": 59}, {"weight": 2, "random_weight": 0.6212086990742224, "id": 64}, {"weight": 1, "random_weight": 0.3121803386390887, "id": 67}], [{"weight": 2, "random_weight": 0.9246411469901606, "id": 47}, {"weight": 1, "random_weight": 0.5630824430174903, "id": 55}, {"weight": 2, "random_weight": 0.9303137305824315, "id": 56}, {"weight": 1, "random_weight": 0.483125205796489, "id": 62}]]}