{"directed": false, "multigraph": false, "graph": [], "nodes": [{"graph": null, "nnodes": 2, "nedges": 1, "density": 1.0, "atomics": "[81, 69]", "group_pop": 2, "init_part_assignment": 1, "id": 0}, {"graph": null, "nnodes": 2, "nedges": 1, "density": 1.0, "atomics": "[82, 83]", "group_pop": 2, "init_part_assignment": 1, "id": 1}, {"graph": null, "nnodes": 2, "nedges": 1, "density": 1.0, "atomics": "[70, 71]", "group_pop": 2, "init_part_assignment": 1, "id": 2}, {"graph": null, "nnodes": 2, "nedges": 1, "density": 1.0, "atomics": "[74, 86]", "group_pop": 2, "init_part_assignment": 10, "id": 3}, {"graph": null, "nnodes": 2, "nedges": 1, "density": 1.0, "atomics": "[75, 87]", "group_pop": 2, "init_part_assignment": 11, "id": 4}, {"graph": null, "nnodes": 2, "nedges": 1, "density": 1.0, "atomics": "[42, 54]", "group_pop": 2, "init_part_assignment": 8, "id": 5}, {"graph": null, "nnodes": 2, "nedges": 1, "density": 1.0, "atomics": "[43, 55]", "group_pop": 2, "init_part_assignment": 8, "id": 6}, {"graph": null, "nnodes": 2, "nedges": 1, "density": 1.0, "atomics": "[61, 62]", "group_pop": 2, "init_part_assignment": 10, "id": 7}, {"graph": null, "nnodes": 2, "nedges": 1, "density": 1.0, "atomics": "[32, 44]", "group_pop": 2, "init_part_assignment": 8, "id": 8}, {"graph": null, "nnodes": 2, "nedges": 1, "density": 1.0, "atomics": "[20, 21]", "group_pop": 2, "init_part_assignment": 8, "id": 9}, {"graph": null, "nnodes": 2, "nedges": 1, "density": 1.0, "atomics": "[142, 143]", "group_pop": 2, "init_part_assignment": 1, "id": 10}, {"graph": null, "nnodes": 2, "nedges": 1, "density": 1.0, "atomics": "[41, 29]", "group_pop": 2, "init_part_assignment": 8, "id": 11}, {"graph": null, "nnodes": 2, "nedges": 1, "density": 1.0, "atomics": "[8, 9]", "group_pop": 2, "init_part_assignment": 7, "id": 12}, {"graph": null, "nnodes": 2, "nedges": 1, "density": 1.0, "atomics": "[34, 35]", "group_pop": 2, "init_part_assignment": 2, "id": 13}, {"graph": null, "nnodes": 2, "nedges": 1, "density": 1.0, "atomics": "[11, 23]", "group_pop": 2, "init_part_assignment": 2, "id": 14}, {"graph": null, "nnodes": 2, "nedges": 1, "density": 1.0, "atomics": "[49, 50]", "group_pop": 2, "init_part_assignment": 10, "id": 15}, {"graph": null, "nnodes": 2, "nedges": 1, "density": 1.0, "atomics": "[36, 37]", "group_pop": 2, "init_part_assignment": 10, "id": 16}, {"graph": null, "nnodes": 2, "nedges": 1, "density": 1.0, "atomics": "[120, 108]", "group_pop": 2, "init_part_assignment": 9, "id": 17}, {"graph": null, "nnodes": 2, "nedges": 1, "density": 1.0, "atomics": "[132, 133]", "group_pop": 2, "init_part_assignment": 5, "id": 18}, {"graph": null, "nnodes": 2, "nedges": 1, "density": 1.0, "atomics": "[24, 25]", "group_pop": 2, "init_part_assignment": 3, "id": 19}, {"graph": null, "nnodes": 2, "nedges": 1, "density": 1.0, "atomics": "[130, 118]", "group_pop": 2, "init_part_assignment": 4, "id": 20}, {"graph": null, "nnodes": 2, "nedges": 1, "density": 1.0, "atomics": "[131, 119]", "group_pop": 2, "init_part_assignment": 1, "id": 21}, {"graph": null, "nnodes": 2, "nedges": 1, "density": 1.0, "atomics": "[19, 7]", "group_pop": 2, "init_part_assignment": 7, "id": 22}, {"graph": null, "nnodes": 2, "nedges": 1, "density": 1.0, "atomics": "[30, 31]", "group_pop": 2, "init_part_assignment": 7, "id": 23}, {"graph": null, "nnodes": 2, "nedges": 1, "density": 1.0, "atomics": "[18, 6]", "group_pop": 2, "init_part_assignment": 7, "id": 24}, {"graph": null, "nnodes": 2, "nedges": 1, "density": 1.0, "atomics": "[122, 123]", "group_pop": 2, "init_part_assignment": 5, "id": 25}, {"graph": null, "nnodes": 2, "nedges": 1, "density": 1.0, "atomics": "[134, 135]", "group_pop": 2, "init_part_assignment": 5, "id": 26}, {"graph": null, "nnodes": 2, "nedges": 1, "density": 1.0, "atomics": "[10, 22]", "group_pop": 2, "init_part_assignment": 2, "id": 27}, {"graph": null, "nnodes": 2, "nedges": 1, "density": 1.0, "atomics": "[96, 97]", "group_pop": 2, "init_part_assignment": 9, "id": 28}, {"graph": null, "nnodes": 2, "nedges": 1, "density": 1.0, "atomics": "[129, 141]", "group_pop": 2, "init_part_assignment": 4, "id": 29}, {"graph": null, "nnodes": 2, "nedges": 1, "density": 1.0, "atomics": "[116, 117]", "group_pop": 2, "init_part_assignment": 4, "id": 30}, {"graph": null, "nnodes": 2, "nedges": 1, "density": 1.0, "atomics": "[12, 13]", "group_pop": 2, "init_part_assignment": 3, "id": 31}, {"graph": null, "nnodes": 2, "nedges": 1, "density": 1.0, "atomics": "[66, 67]", "group_pop": 2, "init_part_assignment": 0, "id": 32}, {"graph": null, "nnodes": 2, "nedges": 1, "density": 1.0, "atomics": "[91, 79]", "group_pop": 2, "init_part_assignment": 0, "id": 33}, {"graph": null, "nnodes": 2, "nedges": 1, "density": 1.0, "atomics": "[56, 57]", "group_pop": 2, "init_part_assignment": 0, "id": 34}, {"graph": null, "nnodes": 2, "nedges": 1, "density": 1.0, "atomics": "[58, 59]", "group_pop": 2, "init_part_assignment": 2, "id": 35}, {"graph": null, "nnodes": 2, "nedges": 1, "density": 1.0, "atomics": "[48, 60]", "group_pop": 2, "init_part_assignment": 10, "id": 36}, {"graph": null, "nnodes": 2, "nedges": 1, "density": 1.0, "atomics": "[136, 137]", "group_pop": 2, "init_part_assignment": 5, "id": 37}, {"graph": null, "nnodes": 2, "nedges": 1, "density": 1.0, "atomics": "[112, 124]", "group_pop": 2, "init_part_assignment": 5, "id": 38}, {"graph": null, "nnodes": 2, "nedges": 1, "density": 1.0, "atomics": "[33, 45]", "group_pop": 2, "init_part_assignment": 2, "id": 39}, {"graph": null, "nnodes": 2, "nedges": 1, "density": 1.0, "atomics": "[40, 39]", "group_pop": 2, "init_part_assignment": 11, "id": 40}, {"graph": null, "nnodes": 2, "nedges": 1, "density": 1.0, "atomics": "[27, 28]", "group_pop": 2, "init_part_assignment": 11, "id": 41}, {"graph": null, "nnodes": 2, "nedges": 1, "density": 1.0, "atomics": "[0, 1]", "group_pop": 2, "init_part_assignment": 3, "id": 42}, {"graph": null, "nnodes": 2, "nedges": 1, "density": 1.0, "atomics": "[128, 140]", "group_pop": 2, "init_part_assignment": 4, "id": 43}, {"graph": null, "nnodes": 2, "nedges": 1, "density": 1.0, "atomics": "[121, 109]", "group_pop": 2, "init_part_assignment": 9, "id": 44}, {"graph": null, "nnodes": 2, "nedges": 1, "density": 1.0, "atomics": "[113, 125]", "group_pop": 2, "init_part_assignment": 5, "id": 45}, {"graph": null, "nnodes": 2, "nedges": 1, "density": 1.0, "atomics": "[2, 3]", "group_pop": 2, "init_part_assignment": 3, "id": 46}, {"graph": null, "nnodes": 2, "nedges": 1, "density": 1.0, "atomics": "[17, 5]", "group_pop": 2, "init_part_assignment": 7, "id": 47}, {"graph": null, "nnodes": 2, "nedges": 1, "density": 1.0, "atomics": "[16, 4]", "group_pop": 2, "init_part_assignment": 7, "id": 48}, {"graph": null, "nnodes": 2, "nedges": 1, "density": 1.0, "atomics": "[90, 78]", "group_pop": 2, "init_part_assignment": 0, "id": 49}, {"graph": null, "nnodes": 2, "nedges": 1, "density": 1.0, "atomics": "[14, 15]", "group_pop": 2, "init_part_assignment": 3, "id": 50}, {"graph": null, "nnodes": 2, "nedges": 1, "density": 1.0, "atomics": "[98, 110]", "group_pop": 2, "init_part_assignment": 9, "id": 51}, {"graph": null, "nnodes": 2, "nedges": 1, "density": 1.0, "atomics": "[99, 111]", "group_pop": 2, "init_part_assignment": 9, "id": 52}, {"graph": null, "nnodes": 2, "nedges": 1, "density": 1.0, "atomics": "[72, 73]", "group_pop": 2, "init_part_assignment": 10, "id": 53}, {"graph": null, "nnodes": 2, "nedges": 1, "density": 1.0, "atomics": "[84, 85]", "group_pop": 2, "init_part_assignment": 9, "id": 54}, {"graph": null, "nnodes": 2, "nedges": 1, "density": 1.0, "atomics": "[46, 47]", "group_pop": 2, "init_part_assignment": 2, "id": 55}, {"graph": null, "nnodes": 2, "nedges": 1, "density": 1.0, "atomics": "[80, 68]", "group_pop": 2, "init_part_assignment": 0, "id": 56}, {"graph": null, "nnodes": 2, "nedges": 1, "density": 1.0, "atomics": "[100, 101]", "group_pop": 2, "init_part_assignment": 6, "id": 57}, {"graph": null, "nnodes": 2, "nedges": 1, "density": 1.0, "atomics": "[64, 52]", "group_pop": 2, "init_part_assignment": 11, "id": 58}, {"graph": null, "nnodes": 2, "nedges": 1, "density": 1.0, "atomics": "[51, 63]", "group_pop": 2, "init_part_assignment": 11, "id": 59}, {"graph": null, "nnodes": 2, "nedges": 1, "density": 1.0, "atomics": "[138, 139]", "group_pop": 2, "init_part_assignment": 4, "id": 60}, {"graph": null, "nnodes": 2, "nedges": 1, "density": 1.0, "atomics": "[115, 127]", "group_pop": 2, "init_part_assignment": 4, "id": 61}, {"graph": null, "nnodes": 2, "nedges": 1, "density": 1.0, "atomics": "[106, 94]", "group_pop": 2, "init_part_assignment": 6, "id": 62}, {"graph": null, "nnodes": 2, "nedges": 1, "density": 1.0, "atomics": "[107, 95]", "group_pop": 2, "init_part_assignment": 1, "id": 63}, {"graph": null, "nnodes": 2, "nedges": 1, "density": 1.0, "atomics": "[102, 103]", "group_pop": 2, "init_part_assignment": 6, "id": 64}, {"graph": null, "nnodes": 2, "nedges": 1, "density": 1.0, "atomics": "[114, 126]", "group_pop": 2, "init_part_assignment": 6, "id": 65}, {"graph": null, "nnodes": 2, "nedges": 1, "density": 1.0, "atomics": "[26, 38]", "group_pop": 2, "init_part_assignment": 3, "id": 66}, {"graph": null, "nnodes": 2, "nedges": 1, "density": 1.0, "atomics": "[104, 105]", "group_pop": 2, "init_part_assignment": 6, "id": 67}, {"graph": null, "nnodes": 2, "nedges": 1, "density": 1.0, "atomics": "[92, 93]", "group_pop": 2, "init_part_assignment": 6, "id": 68}, {"graph": null, "nnodes": 2, "nedges": 1, "density": 1.0, "atomics": "[65, 53]", "group_pop": 2, "init_part_assignment": 8, "id": 69}, {"graph": null, "nnodes": 2, "nedges": 1, "density": 1.0, "atomics": "[76, 77]", "group_pop": 2, "init_part_assignment": 0, "id": 70}, {"graph": null, "nnodes": 2, "nedges": 1, "density": 1.0, "atomics": "[88, 89]", "group_pop": 2, "init_part_assignment": 11, "id": 71}], "adjacency": [[{"weight": 1, "random_weight": 0.390342873224214, "id": 1}, {"weight": 1, "random_weight": 0.34965568561938165, "id": 2}, {"weight": 1, "random_weight": 0.7247775153899431, "id": 34}, {"weight": 2, "random_weight": 0.5991198596641265, "id": 56}, {"weight": 1, "random_weight": 0.8116486128158943, "id": 68}], [{"weight": 1, "random_weight": 0.390342873224214, "id": 0}, {"weight": 2, "random_weight": 0.6306579339312679, "id": 2}, {"weight": 1, "random_weight": 0.37148210908658164, "id": 62}, {"weight": 1, "random_weight": 0.13535691396784832, "id": 63}], [{"weight": 1, "random_weight": 0.34965568561938165, "id": 0}, {"weight": 2, "random_weight": 0.6306579339312679, "id": 1}, {"weight": 2, "random_weight": 0.6670821966226317, "id": 35}], [{"weight": 2, "random_weight": 0.19355778743311114, "id": 4}, {"weight": 1, "random_weight": 0.4018924710060091, "id": 7}, {"weight": 1, "random_weight": 0.44456876043457305, "id": 51}, {"weight": 1, "random_weight": 0.3765407761352223, "id": 53}, {"weight": 1, "random_weight": 0.6795564402772217, "id": 54}], [{"weight": 2, "random_weight": 0.19355778743311114, "id": 3}, {"weight": 1, "random_weight": 0.9294094130210289, "id": 52}, {"weight": 1, "random_weight": 0.2929608932024723, "id": 59}, {"weight": 1, "random_weight": 0.6659468785807282, "id": 70}, {"weight": 1, "random_weight": 0.5014728947250848, "id": 71}], [{"weight": 2, "random_weight": 0.3228020454561359, "id": 6}, {"weight": 1, "random_weight": 0.600127732631057, "id": 11}, {"weight": 1, "random_weight": 0.9357961566532973, "id": 23}, {"weight": 1, "random_weight": 0.8490037505558747, "id": 32}, {"weight": 1, "random_weight": 0.29173680209675545, "id": 69}], [{"weight": 2, "random_weight": 0.3228020454561359, "id": 5}, {"weight": 1, "random_weight": 0.4623678182879146, "id": 8}, {"weight": 1, "random_weight": 0.7509820250631005, "id": 23}, {"weight": 1, "random_weight": 0.6933641799390099, "id": 32}, {"weight": 1, "random_weight": 0.8587993583507564, "id": 34}], [{"weight": 1, "random_weight": 0.4018924710060091, "id": 3}, {"weight": 2, "random_weight": 0.9488917718380083, "id": 15}, {"weight": 1, "random_weight": 0.7295512667980044, "id": 36}, {"weight": 1, "random_weight": 0.5649037691280199, "id": 53}, {"weight": 1, "random_weight": 0.5085991634620926, "id": 59}], [{"weight": 1, "random_weight": 0.4623678182879146, "id": 6}, {"weight": 1, "random_weight": 0.05185358191704725, "id": 9}, {"weight": 1, "random_weight": 0.4569692213699046, "id": 23}, {"weight": 1, "random_weight": 0.6532557525969659, "id": 34}, {"weight": 2, "random_weight": 0.8665585788194513, "id": 39}], [{"weight": 1, "random_weight": 0.05185358191704725, "id": 8}, {"weight": 2, "random_weight": 0.5815259873322861, "id": 12}, {"weight": 1, "random_weight": 0.6646338731406167, "id": 22}, {"weight": 1, "random_weight": 0.9947354891072301, "id": 27}, {"weight": 1, "random_weight": 0.8668880212870957, "id": 39}], [{"weight": 1, "random_weight": 0.8304306309850723, "id": 20}, {"weight": 1, "random_weight": 0.396629473248467, "id": 21}, {"weight": 1, "random_weight": 0.9214946954443882, "id": 29}], [{"weight": 1, "random_weight": 0.600127732631057, "id": 5}, {"weight": 1, "random_weight": 0.8943135234636297, "id": 23}, {"weight": 1, "random_weight": 0.8291453684270783, "id": 40}, {"weight": 1, "random_weight": 0.9941791882432406, "id": 41}, {"weight": 1, "random_weight": 0.9722273311001682, "id": 47}, {"weight": 1, "random_weight": 0.47022322216214996, "id": 69}], [{"weight": 2, "random_weight": 0.5815259873322861, "id": 9}, {"weight": 1, "random_weight": 0.42789748316228726, "id": 22}, {"weight": 1, "random_weight": 0.17318029412516212, "id": 27}], [{"weight": 1, "random_weight": 0.8100023612692696, "id": 14}, {"weight": 1, "random_weight": 0.5732323305350195, "id": 27}, {"weight": 1, "random_weight": 0.25824125270842324, "id": 39}, {"weight": 2, "random_weight": 0.45346481459367705, "id": 55}], [{"weight": 1, "random_weight": 0.8100023612692696, "id": 13}, {"weight": 2, "random_weight": 0.1219135952610062, "id": 27}], [{"weight": 2, "random_weight": 0.9488917718380083, "id": 7}, {"weight": 1, "random_weight": 0.2647215011960171, "id": 16}, {"weight": 1, "random_weight": 0.4667746692931152, "id": 36}, {"weight": 1, "random_weight": 0.5929784769174707, "id": 59}, {"weight": 1, "random_weight": 0.08852419493753261, "id": 66}], [{"weight": 1, "random_weight": 0.2647215011960171, "id": 15}, {"weight": 2, "random_weight": 0.9468840233336082, "id": 19}, {"weight": 1, "random_weight": 0.6841607052383655, "id": 36}, {"weight": 1, "random_weight": 0.058494434389694705, "id": 66}], [{"weight": 1, "random_weight": 0.6733448207309322, "id": 18}, {"weight": 1, "random_weight": 0.32985164547240264, "id": 28}, {"weight": 2, "random_weight": 0.9914631909461517, "id": 44}], [{"weight": 1, "random_weight": 0.6733448207309322, "id": 17}, {"weight": 1, "random_weight": 0.3211334618000533, "id": 26}, {"weight": 1, "random_weight": 0.24571804796752972, "id": 44}], [{"weight": 2, "random_weight": 0.9468840233336082, "id": 16}, {"weight": 2, "random_weight": 0.19807472370856694, "id": 31}, {"weight": 1, "random_weight": 0.9653665044969829, "id": 66}], [{"weight": 1, "random_weight": 0.8304306309850723, "id": 10}, {"weight": 2, "random_weight": 0.8727734770402381, "id": 21}, {"weight": 1, "random_weight": 0.23791315773148514, "id": 29}, {"weight": 1, "random_weight": 0.24417012484054523, "id": 30}, {"weight": 1, "random_weight": 0.7633864252497707, "id": 62}], [{"weight": 1, "random_weight": 0.396629473248467, "id": 10}, {"weight": 2, "random_weight": 0.8727734770402381, "id": 20}, {"weight": 1, "random_weight": 0.04166027468610067, "id": 63}], [{"weight": 1, "random_weight": 0.6646338731406167, "id": 9}, {"weight": 1, "random_weight": 0.42789748316228726, "id": 12}, {"weight": 1, "random_weight": 0.33758578421154695, "id": 23}, {"weight": 2, "random_weight": 0.845692239984745, "id": 24}], [{"weight": 1, "random_weight": 0.9357961566532973, "id": 5}, {"weight": 1, "random_weight": 0.7509820250631005, "id": 6}, {"weight": 1, "random_weight": 0.4569692213699046, "id": 8}, {"weight": 1, "random_weight": 0.8943135234636297, "id": 11}, {"weight": 1, "random_weight": 0.33758578421154695, "id": 22}, {"weight": 1, "random_weight": 0.47355025870129275, "id": 24}], [{"weight": 2, "random_weight": 0.845692239984745, "id": 22}, {"weight": 1, "random_weight": 0.47355025870129275, "id": 23}, {"weight": 2, "random_weight": 0.06825517758320965, "id": 47}], [{"weight": 2, "random_weight": 0.22885933469713726, "id": 26}, {"weight": 1, "random_weight": 0.014620892927214024, "id": 38}, {"weight": 1, "random_weight": 0.6758829035409276, "id": 44}, {"weight": 1, "random_weight": 0.5502267885786271, "id": 51}, {"weight": 1, "random_weight": 0.5267851851223059, "id": 52}], [{"weight": 1, "random_weight": 0.3211334618000533, "id": 18}, {"weight": 2, "random_weight": 0.22885933469713726, "id": 25}, {"weight": 1, "random_weight": 0.8529877317568086, "id": 37}], [{"weight": 1, "random_weight": 0.9947354891072301, "id": 9}, {"weight": 1, "random_weight": 0.17318029412516212, "id": 12}, {"weight": 1, "random_weight": 0.5732323305350195, "id": 13}, {"weight": 2, "random_weight": 0.1219135952610062, "id": 14}], [{"weight": 1, "random_weight": 0.32985164547240264, "id": 17}, {"weight": 1, "random_weight": 0.20580092324485122, "id": 44}, {"weight": 1, "random_weight": 0.37950287439644714, "id": 51}, {"weight": 2, "random_weight": 0.19058289678129126, "id": 54}], [{"weight": 1, "random_weight": 0.9214946954443882, "id": 10}, {"weight": 1, "random_weight": 0.23791315773148514, "id": 20}, {"weight": 1, "random_weight": 0.2851065845313776, "id": 30}, {"weight": 2, "random_weight": 0.23228868401563085, "id": 43}], [{"weight": 1, "random_weight": 0.24417012484054523, "id": 20}, {"weight": 1, "random_weight": 0.2851065845313776, "id": 29}, {"weight": 1, "random_weight": 0.32972797856449176, "id": 43}, {"weight": 1, "random_weight": 0.727429136006719, "id": 61}, {"weight": 2, "random_weight": 0.8504037404251951, "id": 67}], [{"weight": 2, "random_weight": 0.19807472370856694, "id": 19}, {"weight": 2, "random_weight": 0.1500938140948982, "id": 42}, {"weight": 1, "random_weight": 0.4614081322694008, "id": 50}], [{"weight": 1, "random_weight": 0.8490037505558747, "id": 5}, {"weight": 1, "random_weight": 0.6933641799390099, "id": 6}, {"weight": 1, "random_weight": 0.6269466909089505, "id": 33}, {"weight": 1, "random_weight": 0.06905965301114991, "id": 49}, {"weight": 1, "random_weight": 0.518653220608581, "id": 56}, {"weight": 1, "random_weight": 0.4621804261846668, "id": 69}], [{"weight": 1, "random_weight": 0.6269466909089505, "id": 32}, {"weight": 2, "random_weight": 0.017491467935232596, "id": 49}, {"weight": 1, "random_weight": 0.3962843513033498, "id": 56}, {"weight": 1, "random_weight": 0.38970859350779996, "id": 64}, {"weight": 1, "random_weight": 0.9793094253043015, "id": 68}], [{"weight": 1, "random_weight": 0.7247775153899431, "id": 0}, {"weight": 1, "random_weight": 0.8587993583507564, "id": 6}, {"weight": 1, "random_weight": 0.6532557525969659, "id": 8}, {"weight": 1, "random_weight": 0.8619049246826389, "id": 35}, {"weight": 1, "random_weight": 0.6954751104135836, "id": 39}, {"weight": 1, "random_weight": 0.4838205409192473, "id": 56}], [{"weight": 2, "random_weight": 0.6670821966226317, "id": 2}, {"weight": 1, "random_weight": 0.8619049246826389, "id": 34}, {"weight": 2, "random_weight": 0.7518657358584063, "id": 55}], [{"weight": 1, "random_weight": 0.7295512667980044, "id": 7}, {"weight": 1, "random_weight": 0.4667746692931152, "id": 15}, {"weight": 1, "random_weight": 0.6841607052383655, "id": 16}, {"weight": 1, "random_weight": 0.09336458997106734, "id": 53}], [{"weight": 1, "random_weight": 0.8529877317568086, "id": 26}, {"weight": 1, "random_weight": 0.20865307255537424, "id": 38}, {"weight": 1, "random_weight": 0.6552882302106932, "id": 45}, {"weight": 1, "random_weight": 0.49262806950614535, "id": 60}], [{"weight": 1, "random_weight": 0.014620892927214024, "id": 25}, {"weight": 1, "random_weight": 0.20865307255537424, "id": 37}, {"weight": 2, "random_weight": 0.3208712077824014, "id": 45}, {"weight": 1, "random_weight": 0.48012806610233394, "id": 52}, {"weight": 1, "random_weight": 0.8299491991473354, "id": 57}], [{"weight": 2, "random_weight": 0.8665585788194513, "id": 8}, {"weight": 1, "random_weight": 0.8668880212870957, "id": 9}, {"weight": 1, "random_weight": 0.25824125270842324, "id": 13}, {"weight": 1, "random_weight": 0.6954751104135836, "id": 34}, {"weight": 1, "random_weight": 0.802870055323148, "id": 55}], [{"weight": 1, "random_weight": 0.8291453684270783, "id": 11}, {"weight": 2, "random_weight": 0.19808528673374393, "id": 41}, {"weight": 1, "random_weight": 0.06134655887026952, "id": 58}, {"weight": 1, "random_weight": 0.7538266244290774, "id": 59}, {"weight": 1, "random_weight": 0.7052898040826773, "id": 66}], [{"weight": 1, "random_weight": 0.9941791882432406, "id": 11}, {"weight": 2, "random_weight": 0.19808528673374393, "id": 40}, {"weight": 1, "random_weight": 0.8424123411724382, "id": 48}, {"weight": 1, "random_weight": 0.6233019416974348, "id": 50}, {"weight": 1, "random_weight": 0.9188790300910157, "id": 66}], [{"weight": 2, "random_weight": 0.1500938140948982, "id": 31}, {"weight": 1, "random_weight": 0.299353115904056, "id": 46}], [{"weight": 2, "random_weight": 0.23228868401563085, "id": 29}, {"weight": 1, "random_weight": 0.32972797856449176, "id": 30}, {"weight": 1, "random_weight": 0.41432839714214587, "id": 60}, {"weight": 1, "random_weight": 0.2954782752339439, "id": 61}], [{"weight": 2, "random_weight": 0.9914631909461517, "id": 17}, {"weight": 1, "random_weight": 0.24571804796752972, "id": 18}, {"weight": 1, "random_weight": 0.6758829035409276, "id": 25}, {"weight": 1, "random_weight": 0.20580092324485122, "id": 28}, {"weight": 1, "random_weight": 0.028830656758698225, "id": 51}], [{"weight": 1, "random_weight": 0.6552882302106932, "id": 37}, {"weight": 2, "random_weight": 0.3208712077824014, "id": 38}, {"weight": 1, "random_weight": 0.949622536927386, "id": 57}, {"weight": 2, "random_weight": 0.5982262210852602, "id": 65}], [{"weight": 1, "random_weight": 0.299353115904056, "id": 42}, {"weight": 1, "random_weight": 0.9493635330930682, "id": 48}, {"weight": 2, "random_weight": 0.46826547794620255, "id": 50}], [{"weight": 1, "random_weight": 0.9722273311001682, "id": 11}, {"weight": 2, "random_weight": 0.06825517758320965, "id": 24}, {"weight": 2, "random_weight": 0.6829584296734621, "id": 48}], [{"weight": 1, "random_weight": 0.8424123411724382, "id": 41}, {"weight": 1, "random_weight": 0.9493635330930682, "id": 46}, {"weight": 2, "random_weight": 0.6829584296734621, "id": 47}, {"weight": 1, "random_weight": 0.5615029995057268, "id": 50}], [{"weight": 1, "random_weight": 0.06905965301114991, "id": 32}, {"weight": 2, "random_weight": 0.017491467935232596, "id": 33}, {"weight": 1, "random_weight": 0.38359268451558903, "id": 64}, {"weight": 1, "random_weight": 0.36310270269427924, "id": 70}, {"weight": 1, "random_weight": 0.8490793681541637, "id": 71}], [{"weight": 1, "random_weight": 0.4614081322694008, "id": 31}, {"weight": 1, "random_weight": 0.6233019416974348, "id": 41}, {"weight": 2, "random_weight": 0.46826547794620255, "id": 46}, {"weight": 1, "random_weight": 0.5615029995057268, "id": 48}, {"weight": 1, "random_weight": 0.314979976335936, "id": 66}], [{"weight": 1, "random_weight": 0.44456876043457305, "id": 3}, {"weight": 1, "random_weight": 0.5502267885786271, "id": 25}, {"weight": 1, "random_weight": 0.37950287439644714, "id": 28}, {"weight": 1, "random_weight": 0.028830656758698225, "id": 44}, {"weight": 2, "random_weight": 0.09287649736097858, "id": 52}], [{"weight": 1, "random_weight": 0.9294094130210289, "id": 4}, {"weight": 1, "random_weight": 0.5267851851223059, "id": 25}, {"weight": 1, "random_weight": 0.48012806610233394, "id": 38}, {"weight": 2, "random_weight": 0.09287649736097858, "id": 51}, {"weight": 1, "random_weight": 0.47232831125265584, "id": 57}], [{"weight": 1, "random_weight": 0.3765407761352223, "id": 3}, {"weight": 1, "random_weight": 0.5649037691280199, "id": 7}, {"weight": 1, "random_weight": 0.09336458997106734, "id": 36}, {"weight": 2, "random_weight": 0.11306879311200058, "id": 54}], [{"weight": 1, "random_weight": 0.6795564402772217, "id": 3}, {"weight": 2, "random_weight": 0.19058289678129126, "id": 28}, {"weight": 2, "random_weight": 0.11306879311200058, "id": 53}], [{"weight": 2, "random_weight": 0.45346481459367705, "id": 13}, {"weight": 2, "random_weight": 0.7518657358584063, "id": 35}, {"weight": 1, "random_weight": 0.802870055323148, "id": 39}], [{"weight": 2, "random_weight": 0.5991198596641265, "id": 0}, {"weight": 1, "random_weight": 0.518653220608581, "id": 32}, {"weight": 1, "random_weight": 0.3962843513033498, "id": 33}, {"weight": 1, "random_weight": 0.4838205409192473, "id": 34}, {"weight": 1, "random_weight": 0.799332311808323, "id": 68}], [{"weight": 1, "random_weight": 0.8299491991473354, "id": 38}, {"weight": 1, "random_weight": 0.949622536927386, "id": 45}, {"weight": 1, "random_weight": 0.47232831125265584, "id": 52}, {"weight": 1, "random_weight": 0.4167125192050145, "id": 64}, {"weight": 2, "random_weight": 0.03138685296362764, "id": 71}], [{"weight": 1, "random_weight": 0.06134655887026952, "id": 40}, {"weight": 2, "random_weight": 0.7487489291946845, "id": 59}, {"weight": 2, "random_weight": 0.3597204850938053, "id": 69}, {"weight": 1, "random_weight": 0.8369365202598406, "id": 70}], [{"weight": 1, "random_weight": 0.2929608932024723, "id": 4}, {"weight": 1, "random_weight": 0.5085991634620926, "id": 7}, {"weight": 1, "random_weight": 0.5929784769174707, "id": 15}, {"weight": 1, "random_weight": 0.7538266244290774, "id": 40}, {"weight": 2, "random_weight": 0.7487489291946845, "id": 58}], [{"weight": 1, "random_weight": 0.49262806950614535, "id": 37}, {"weight": 1, "random_weight": 0.41432839714214587, "id": 43}, {"weight": 1, "random_weight": 0.7379452804729755, "id": 61}, {"weight": 1, "random_weight": 0.4770183798454539, "id": 65}], [{"weight": 1, "random_weight": 0.727429136006719, "id": 30}, {"weight": 1, "random_weight": 0.2954782752339439, "id": 43}, {"weight": 1, "random_weight": 0.7379452804729755, "id": 60}, {"weight": 1, "random_weight": 0.6220364242070173, "id": 64}, {"weight": 2, "random_weight": 0.4802607226056088, "id": 65}], [{"weight": 1, "random_weight": 0.37148210908658164, "id": 1}, {"weight": 1, "random_weight": 0.7633864252497707, "id": 20}, {"weight": 2, "random_weight": 0.4914659936562834, "id": 63}, {"weight": 1, "random_weight": 0.6483512987979099, "id": 67}, {"weight": 1, "random_weight": 0.7708882139947958, "id": 68}], [{"weight": 1, "random_weight": 0.13535691396784832, "id": 1}, {"weight": 1, "random_weight": 0.04166027468610067, "id": 21}, {"weight": 2, "random_weight": 0.4914659936562834, "id": 62}], [{"weight": 1, "random_weight": 0.38970859350779996, "id": 33}, {"weight": 1, "random_weight": 0.38359268451558903, "id": 49}, {"weight": 1, "random_weight": 0.4167125192050145, "id": 57}, {"weight": 1, "random_weight": 0.6220364242070173, "id": 61}, {"weight": 1, "random_weight": 0.7919417447473129, "id": 65}, {"weight": 1, "random_weight": 0.6163964348817822, "id": 67}], [{"weight": 2, "random_weight": 0.5982262210852602, "id": 45}, {"weight": 1, "random_weight": 0.4770183798454539, "id": 60}, {"weight": 2, "random_weight": 0.4802607226056088, "id": 61}, {"weight": 1, "random_weight": 0.7919417447473129, "id": 64}], [{"weight": 1, "random_weight": 0.08852419493753261, "id": 15}, {"weight": 1, "random_weight": 0.058494434389694705, "id": 16}, {"weight": 1, "random_weight": 0.9653665044969829, "id": 19}, {"weight": 1, "random_weight": 0.7052898040826773, "id": 40}, {"weight": 1, "random_weight": 0.9188790300910157, "id": 41}, {"weight": 1, "random_weight": 0.314979976335936, "id": 50}], [{"weight": 2, "random_weight": 0.8504037404251951, "id": 30}, {"weight": 1, "random_weight": 0.6483512987979099, "id": 62}, {"weight": 1, "random_weight": 0.6163964348817822, "id": 64}, {"weight": 2, "random_weight": 0.04311029330081162, "id": 68}], [{"weight": 1, "random_weight": 0.8116486128158943, "id": 0}, {"weight": 1, "random_weight": 0.9793094253043015, "id": 33}, {"weight": 1, "random_weight": 0.799332311808323, "id": 56}, {"weight": 1, "random_weight": 0.7708882139947958, "id": 62}, {"weight": 2, "random_weight": 0.04311029330081162, "id": 67}], [{"weight": 1, "random_weight": 0.29173680209675545, "id": 5}, {"weight": 1, "random_weight": 0.47022322216214996, "id": 11}, {"weight": 1, "random_weight": 0.4621804261846668, "id": 32}, {"weight": 2, "random_weight": 0.3597204850938053, "id": 58}, {"weight": 1, "random_weight": 0.566377823757286, "id": 70}], [{"weight": 1, "random_weight": 0.6659468785807282, "id": 4}, {"weight": 1, "random_weight": 0.36310270269427924, "id": 49}, {"weight": 1, "random_weight": 0.8369365202598406, "id": 58}, {"weight": 1, "random_weight": 0.566377823757286, "id": 69}, {"weight": 2, "random_weight": 0.8175895003259858, "id": 71}], [{"weight": 1, "random_weight": 0.5014728947250848, "id": 4}, {"weight": 1, "random_weight": 0.8490793681541637, "id": 49}, {"weight": 2, "random_weight": 0.03138685296362764, "id": 57}, {"weight": 2, "random_weight": 0.8175895003259858, "id": 70}]]}