{"directed": false, "multigraph": false, "graph": [], "nodes": [{"graph": null, "nnodes": 2, "nedges": 1, "density": 1.0, "atomics": "[80, 81]", "group_pop": 2, "init_part_assignment": 10, "id": 0}, {"graph": null, "nnodes": 2, "nedges": 1, "density": 1.0, "atomics": "[69, 70]", "group_pop": 2, "init_part_assignment": 11, "id": 1}, {"graph": null, "nnodes": 2, "nedges": 1, "density": 1.0, "atomics": "[82, 94]", "group_pop": 2, "init_part_assignment": 11, "id": 2}, {"graph": null, "nnodes": 2, "nedges": 1, "density": 1.0, "atomics": "[73, 74]", "group_pop": 2, "init_part_assignment": 8, "id": 3}, {"graph": null, "nnodes": 2, "nedges": 1, "density": 1.0, "atomics": "[75, 87]", "group_pop": 2, "init_part_assignment": 8, "id": 4}, {"graph": null, "nnodes": 2, "nedges": 1, "density": 1.0, "atomics": "[42, 30]", "group_pop": 2, "init_part_assignment": 7, "id": 5}, {"graph": null, "nnodes": 2, "nedges": 1, "density": 1.0, "atomics": "[43, 31]", "group_pop": 2, "init_part_assignment": 1, "id": 6}, {"graph": null, "nnodes": 2, "nedges": 1, "density": 1.0, "atomics": "[60, 61]", "group_pop": 2, "init_part_assignment": 9, "id": 7}, {"graph": null, "nnodes": 2, "nedges": 1, "density": 1.0, "atomics": "[62, 63]", "group_pop": 2, "init_part_assignment": 9, "id": 8}, {"graph": null, "nnodes": 2, "nedges": 1, "density": 1.0, "atomics": "[32, 33]", "group_pop": 2, "init_part_assignment": 1, "id": 9}, {"graph": null, "nnodes": 2, "nedges": 1, "density": 1.0, "atomics": "[19, 20]", "group_pop": 2, "init_part_assignment": 0, "id": 10}, {"graph": null, "nnodes": 2, "nedges": 1, "density": 1.0, "atomics": "[141, 142]", "group_pop": 2, "init_part_assignment": 4, "id": 11}, {"graph": null, "nnodes": 2, "nedges": 1, "density": 1.0, "atomics": "[131, 143]", "group_pop": 2, "init_part_assignment": 3, "id": 12}, {"graph": null, "nnodes": 2, "nedges": 1, "density": 1.0, "atomics": "[40, 41]", "group_pop": 2, "init_part_assignment": 7, "id": 13}, {"graph": null, "nnodes": 2, "nedges": 1, "density": 1.0, "atomics": "[28, 29]", "group_pop": 2, "init_part_assignment": 7, "id": 14}, {"graph": null, "nnodes": 2, "nedges": 1, "density": 1.0, "atomics": "[8, 7]", "group_pop": 2, "init_part_assignment": 0, "id": 15}, {"graph": null, "nnodes": 2, "nedges": 1, "density": 1.0, "atomics": "[9, 21]", "group_pop": 2, "init_part_assignment": 0, "id": 16}, {"graph": null, "nnodes": 2, "nedges": 1, "density": 1.0, "atomics": "[34, 46]", "group_pop": 2, "init_part_assignment": 1, "id": 17}, {"graph": null, "nnodes": 2, "nedges": 1, "density": 1.0, "atomics": "[35, 47]", "group_pop": 2, "init_part_assignment": 0, "id": 18}, {"graph": null, "nnodes": 2, "nedges": 1, "density": 1.0, "atomics": "[11, 23]", "group_pop": 2, "init_part_assignment": 0, "id": 19}, {"graph": null, "nnodes": 2, "nedges": 1, "density": 1.0, "atomics": "[49, 37]", "group_pop": 2, "init_part_assignment": 9, "id": 20}, {"graph": null, "nnodes": 2, "nedges": 1, "density": 1.0, "atomics": "[120, 132]", "group_pop": 2, "init_part_assignment": 2, "id": 21}, {"graph": null, "nnodes": 2, "nedges": 1, "density": 1.0, "atomics": "[24, 12]", "group_pop": 2, "init_part_assignment": 9, "id": 22}, {"graph": null, "nnodes": 2, "nedges": 1, "density": 1.0, "atomics": "[48, 36]", "group_pop": 2, "init_part_assignment": 9, "id": 23}, {"graph": null, "nnodes": 2, "nedges": 1, "density": 1.0, "atomics": "[129, 130]", "group_pop": 2, "init_part_assignment": 3, "id": 24}, {"graph": null, "nnodes": 2, "nedges": 1, "density": 1.0, "atomics": "[83, 95]", "group_pop": 2, "init_part_assignment": 3, "id": 25}, {"graph": null, "nnodes": 2, "nedges": 1, "density": 1.0, "atomics": "[59, 71]", "group_pop": 2, "init_part_assignment": 11, "id": 26}, {"graph": null, "nnodes": 2, "nedges": 1, "density": 1.0, "atomics": "[17, 18]", "group_pop": 2, "init_part_assignment": 7, "id": 27}, {"graph": null, "nnodes": 2, "nedges": 1, "density": 1.0, "atomics": "[123, 135]", "group_pop": 2, "init_part_assignment": 2, "id": 28}, {"graph": null, "nnodes": 2, "nedges": 1, "density": 1.0, "atomics": "[10, 22]", "group_pop": 2, "init_part_assignment": 0, "id": 29}, {"graph": null, "nnodes": 2, "nedges": 1, "density": 1.0, "atomics": "[96, 108]", "group_pop": 2, "init_part_assignment": 2, "id": 30}, {"graph": null, "nnodes": 2, "nedges": 1, "density": 1.0, "atomics": "[105, 117]", "group_pop": 2, "init_part_assignment": 3, "id": 31}, {"graph": null, "nnodes": 2, "nedges": 1, "density": 1.0, "atomics": "[25, 26]", "group_pop": 2, "init_part_assignment": 5, "id": 32}, {"graph": null, "nnodes": 2, "nedges": 1, "density": 1.0, "atomics": "[13, 14]", "group_pop": 2, "init_part_assignment": 5, "id": 33}, {"graph": null, "nnodes": 2, "nedges": 1, "density": 1.0, "atomics": "[67, 55]", "group_pop": 2, "init_part_assignment": 1, "id": 34}, {"graph": null, "nnodes": 2, "nedges": 1, "density": 1.0, "atomics": "[78, 79]", "group_pop": 2, "init_part_assignment": 10, "id": 35}, {"graph": null, "nnodes": 2, "nedges": 1, "density": 1.0, "atomics": "[57, 58]", "group_pop": 2, "init_part_assignment": 11, "id": 36}, {"graph": null, "nnodes": 2, "nedges": 1, "density": 1.0, "atomics": "[136, 137]", "group_pop": 2, "init_part_assignment": 6, "id": 37}, {"graph": null, "nnodes": 2, "nedges": 1, "density": 1.0, "atomics": "[112, 124]", "group_pop": 2, "init_part_assignment": 6, "id": 38}, {"graph": null, "nnodes": 2, "nedges": 1, "density": 1.0, "atomics": "[5, 6]", "group_pop": 2, "init_part_assignment": 7, "id": 39}, {"graph": null, "nnodes": 2, "nedges": 1, "density": 1.0, "atomics": "[0, 1]", "group_pop": 2, "init_part_assignment": 5, "id": 40}, {"graph": null, "nnodes": 2, "nedges": 1, "density": 1.0, "atomics": "[128, 140]", "group_pop": 2, "init_part_assignment": 4, "id": 41}, {"graph": null, "nnodes": 2, "nedges": 1, "density": 1.0, "atomics": "[104, 116]", "group_pop": 2, "init_part_assignment": 4, "id": 42}, {"graph": null, "nnodes": 2, "nedges": 1, "density": 1.0, "atomics": "[133, 134]", "group_pop": 2, "init_part_assignment": 2, "id": 43}, {"graph": null, "nnodes": 2, "nedges": 1, "density": 1.0, "atomics": "[121, 122]", "group_pop": 2, "init_part_assignment": 2, "id": 44}, {"graph": null, "nnodes": 2, "nedges": 1, "density": 1.0, "atomics": "[113, 125]", "group_pop": 2, "init_part_assignment": 6, "id": 45}, {"graph": null, "nnodes": 2, "nedges": 1, "density": 1.0, "atomics": "[2, 3]", "group_pop": 2, "init_part_assignment": 5, "id": 46}, {"graph": null, "nnodes": 2, "nedges": 1, "density": 1.0, "atomics": "[16, 4]", "group_pop": 2, "init_part_assignment": 5, "id": 47}, {"graph": null, "nnodes": 2, "nedges": 1, "density": 1.0, "atomics": "[97, 109]", "group_pop": 2, "init_part_assignment": 2, "id": 48}, {"graph": null, "nnodes": 2, "nedges": 1, "density": 1.0, "atomics": "[66, 54]", "group_pop": 2, "init_part_assignment": 1, "id": 49}, {"graph": null, "nnodes": 2, "nedges": 1, "density": 1.0, "atomics": "[27, 15]", "group_pop": 2, "init_part_assignment": 5, "id": 50}, {"graph": null, "nnodes": 2, "nedges": 1, "density": 1.0, "atomics": "[110, 111]", "group_pop": 2, "init_part_assignment": 8, "id": 51}, {"graph": null, "nnodes": 2, "nedges": 1, "density": 1.0, "atomics": "[72, 84]", "group_pop": 2, "init_part_assignment": 8, "id": 52}, {"graph": null, "nnodes": 2, "nedges": 1, "density": 1.0, "atomics": "[56, 68]", "group_pop": 2, "init_part_assignment": 11, "id": 53}, {"graph": null, "nnodes": 2, "nedges": 1, "density": 1.0, "atomics": "[100, 101]", "group_pop": 2, "init_part_assignment": 6, "id": 54}, {"graph": null, "nnodes": 2, "nedges": 1, "density": 1.0, "atomics": "[64, 52]", "group_pop": 2, "init_part_assignment": 10, "id": 55}, {"graph": null, "nnodes": 2, "nedges": 1, "density": 1.0, "atomics": "[138, 139]", "group_pop": 2, "init_part_assignment": 4, "id": 56}, {"graph": null, "nnodes": 2, "nedges": 1, "density": 1.0, "atomics": "[126, 127]", "group_pop": 2, "init_part_assignment": 4, "id": 57}, {"graph": null, "nnodes": 2, "nedges": 1, "density": 1.0, "atomics": "[44, 45]", "group_pop": 2, "init_part_assignment": 1, "id": 58}, {"graph": null, "nnodes": 2, "nedges": 1, "density": 1.0, "atomics": "[85, 86]", "group_pop": 2, "init_part_assignment": 8, "id": 59}, {"graph": null, "nnodes": 2, "nedges": 1, "density": 1.0, "atomics": "[107, 119]", "group_pop": 2, "init_part_assignment": 3, "id": 60}, {"graph": null, "nnodes": 2, "nedges": 1, "density": 1.0, "atomics": "[114, 115]", "group_pop": 2, "init_part_assignment": 6, "id": 61}, {"graph": null, "nnodes": 2, "nedges": 1, "density": 1.0, "atomics": "[91, 103]", "group_pop": 2, "init_part_assignment": 4, "id": 62}, {"graph": null, "nnodes": 2, "nedges": 1, "density": 1.0, "atomics": "[50, 51]", "group_pop": 2, "init_part_assignment": 9, "id": 63}, {"graph": null, "nnodes": 2, "nedges": 1, "density": 1.0, "atomics": "[38, 39]", "group_pop": 2, "init_part_assignment": 7, "id": 64}, {"graph": null, "nnodes": 2, "nedges": 1, "density": 1.0, "atomics": "[98, 99]", "group_pop": 2, "init_part_assignment": 8, "id": 65}, {"graph": null, "nnodes": 2, "nedges": 1, "density": 1.0, "atomics": "[90, 102]", "group_pop": 2, "init_part_assignment": 6, "id": 66}, {"graph": null, "nnodes": 2, "nedges": 1, "density": 1.0, "atomics": "[106, 118]", "group_pop": 2, "init_part_assignment": 3, "id": 67}, {"graph": null, "nnodes": 2, "nedges": 1, "density": 1.0, "atomics": "[92, 93]", "group_pop": 2, "init_part_assignment": 11, "id": 68}, {"graph": null, "nnodes": 2, "nedges": 1, "density": 1.0, "atomics": "[65, 53]", "group_pop": 2, "init_part_assignment": 10, "id": 69}, {"graph": null, "nnodes": 2, "nedges": 1, "density": 1.0, "atomics": "[88, 76]", "group_pop": 2, "init_part_assignment": 10, "id": 70}, {"graph": null, "nnodes": 2, "nedges": 1, "density": 1.0, "atomics": "[89, 77]", "group_pop": 2, "init_part_assignment": 10, "id": 71}], "adjacency": [[{"weight": 1, "random_weight": 0.7595509769000344, "id": 1}, {"weight": 1, "random_weight": 0.9515269030899108, "id": 2}, {"weight": 1, "random_weight": 0.6594467820307691, "id": 35}, {"weight": 1, "random_weight": 0.8680284908551037, "id": 53}, {"weight": 2, "random_weight": 0.2241866407639379, "id": 68}], [{"weight": 1, "random_weight": 0.7595509769000344, "id": 0}, {"weight": 1, "random_weight": 0.25552438132641975, "id": 2}, {"weight": 1, "random_weight": 0.09379523163539616, "id": 26}, {"weight": 2, "random_weight": 0.20558554694300257, "id": 36}, {"weight": 1, "random_weight": 0.1948568511058345, "id": 53}], [{"weight": 1, "random_weight": 0.9515269030899108, "id": 0}, {"weight": 1, "random_weight": 0.25552438132641975, "id": 1}, {"weight": 2, "random_weight": 0.8388394847451679, "id": 25}, {"weight": 1, "random_weight": 0.6594141960583086, "id": 67}, {"weight": 1, "random_weight": 0.6077389530481321, "id": 68}], [{"weight": 1, "random_weight": 0.8515652012476033, "id": 4}, {"weight": 1, "random_weight": 0.18337554723215388, "id": 7}, {"weight": 1, "random_weight": 0.9442749304568878, "id": 8}, {"weight": 1, "random_weight": 0.7111752901555084, "id": 52}, {"weight": 2, "random_weight": 0.3116050848452526, "id": 59}], [{"weight": 1, "random_weight": 0.8515652012476033, "id": 3}, {"weight": 1, "random_weight": 0.4912335000872785, "id": 8}, {"weight": 1, "random_weight": 0.8986059869520475, "id": 59}, {"weight": 1, "random_weight": 0.021176372853782044, "id": 65}, {"weight": 2, "random_weight": 0.9627131597976402, "id": 70}], [{"weight": 2, "random_weight": 0.6240693745287701, "id": 6}, {"weight": 1, "random_weight": 0.4703449634601483, "id": 13}, {"weight": 1, "random_weight": 0.03697921722880104, "id": 14}, {"weight": 1, "random_weight": 0.2884177435958406, "id": 27}, {"weight": 1, "random_weight": 0.9991733699216133, "id": 49}], [{"weight": 2, "random_weight": 0.6240693745287701, "id": 5}, {"weight": 1, "random_weight": 0.5035192780887474, "id": 9}, {"weight": 1, "random_weight": 0.4196346892296624, "id": 10}, {"weight": 1, "random_weight": 0.09218912462684825, "id": 34}, {"weight": 1, "random_weight": 0.6923777224919673, "id": 58}], [{"weight": 1, "random_weight": 0.18337554723215388, "id": 3}, {"weight": 1, "random_weight": 0.78963244545601, "id": 8}, {"weight": 1, "random_weight": 0.8340343752618025, "id": 20}, {"weight": 1, "random_weight": 0.030132685614332688, "id": 23}, {"weight": 1, "random_weight": 0.942690294368665, "id": 52}], [{"weight": 1, "random_weight": 0.9442749304568878, "id": 3}, {"weight": 1, "random_weight": 0.4912335000872785, "id": 4}, {"weight": 1, "random_weight": 0.78963244545601, "id": 7}, {"weight": 1, "random_weight": 0.8309215743250097, "id": 55}, {"weight": 2, "random_weight": 0.5821801532540489, "id": 63}], [{"weight": 1, "random_weight": 0.5035192780887474, "id": 6}, {"weight": 1, "random_weight": 0.12828663119230743, "id": 10}, {"weight": 1, "random_weight": 0.5892083239241289, "id": 16}, {"weight": 1, "random_weight": 0.17296050645312033, "id": 17}, {"weight": 2, "random_weight": 0.36064969608607855, "id": 58}], [{"weight": 1, "random_weight": 0.4196346892296624, "id": 6}, {"weight": 1, "random_weight": 0.12828663119230743, "id": 9}, {"weight": 2, "random_weight": 0.2928679651357159, "id": 15}, {"weight": 1, "random_weight": 0.23015532653403092, "id": 16}, {"weight": 1, "random_weight": 0.3954482223689616, "id": 27}], [{"weight": 1, "random_weight": 0.7561747020116827, "id": 12}, {"weight": 2, "random_weight": 0.8204424546685428, "id": 24}, {"weight": 1, "random_weight": 0.5894351248422685, "id": 41}], [{"weight": 1, "random_weight": 0.7561747020116827, "id": 11}, {"weight": 1, "random_weight": 0.42309813698470156, "id": 24}, {"weight": 1, "random_weight": 0.3516642634289966, "id": 60}], [{"weight": 1, "random_weight": 0.4703449634601483, "id": 5}, {"weight": 2, "random_weight": 0.07696402203776054, "id": 14}, {"weight": 1, "random_weight": 0.825868741652625, "id": 55}, {"weight": 1, "random_weight": 0.3811368856460877, "id": 64}, {"weight": 1, "random_weight": 0.6311641699869124, "id": 69}], [{"weight": 1, "random_weight": 0.03697921722880104, "id": 5}, {"weight": 2, "random_weight": 0.07696402203776054, "id": 13}, {"weight": 1, "random_weight": 0.5221600469403391, "id": 27}, {"weight": 1, "random_weight": 0.7349957454550943, "id": 47}, {"weight": 1, "random_weight": 0.6292230940809228, "id": 50}], [{"weight": 2, "random_weight": 0.2928679651357159, "id": 10}, {"weight": 1, "random_weight": 0.8971727074902752, "id": 16}, {"weight": 1, "random_weight": 0.7851249370987077, "id": 39}], [{"weight": 1, "random_weight": 0.5892083239241289, "id": 9}, {"weight": 1, "random_weight": 0.23015532653403092, "id": 10}, {"weight": 1, "random_weight": 0.8971727074902752, "id": 15}, {"weight": 2, "random_weight": 0.1251558064624282, "id": 29}], [{"weight": 1, "random_weight": 0.17296050645312033, "id": 9}, {"weight": 2, "random_weight": 0.6782573285104629, "id": 18}, {"weight": 1, "random_weight": 0.3768072310042039, "id": 29}, {"weight": 1, "random_weight": 0.84847022758197, "id": 36}, {"weight": 1, "random_weight": 0.24622543168566646, "id": 58}], [{"weight": 2, "random_weight": 0.6782573285104629, "id": 17}, {"weight": 1, "random_weight": 0.19127549776927955, "id": 19}, {"weight": 1, "random_weight": 0.5402937969065537, "id": 26}], [{"weight": 1, "random_weight": 0.19127549776927955, "id": 18}, {"weight": 2, "random_weight": 0.10637874107397716, "id": 29}], [{"weight": 1, "random_weight": 0.8340343752618025, "id": 7}, {"weight": 2, "random_weight": 0.8000867169382176, "id": 23}, {"weight": 1, "random_weight": 0.9582554609983239, "id": 32}, {"weight": 1, "random_weight": 0.38792875811130356, "id": 63}, {"weight": 1, "random_weight": 0.9021007271239174, "id": 64}], [{"weight": 1, "random_weight": 0.4146910067966726, "id": 30}, {"weight": 1, "random_weight": 0.21695525974084096, "id": 43}, {"weight": 1, "random_weight": 0.5563064769139314, "id": 44}], [{"weight": 1, "random_weight": 0.8388367264736731, "id": 23}, {"weight": 1, "random_weight": 0.7341113959930601, "id": 32}, {"weight": 1, "random_weight": 0.5439434617140612, "id": 33}, {"weight": 1, "random_weight": 0.7842467345800033, "id": 40}], [{"weight": 1, "random_weight": 0.030132685614332688, "id": 7}, {"weight": 2, "random_weight": 0.8000867169382176, "id": 20}, {"weight": 1, "random_weight": 0.8388367264736731, "id": 22}], [{"weight": 2, "random_weight": 0.8204424546685428, "id": 11}, {"weight": 1, "random_weight": 0.42309813698470156, "id": 12}, {"weight": 1, "random_weight": 0.9698690482306281, "id": 31}, {"weight": 1, "random_weight": 0.3674686048694744, "id": 41}, {"weight": 1, "random_weight": 0.5418185228615614, "id": 67}], [{"weight": 2, "random_weight": 0.8388394847451679, "id": 2}, {"weight": 1, "random_weight": 0.9392851815600146, "id": 26}, {"weight": 1, "random_weight": 0.35493191313479533, "id": 60}], [{"weight": 1, "random_weight": 0.09379523163539616, "id": 1}, {"weight": 1, "random_weight": 0.5402937969065537, "id": 18}, {"weight": 1, "random_weight": 0.9392851815600146, "id": 25}, {"weight": 1, "random_weight": 0.2660909342113924, "id": 36}], [{"weight": 1, "random_weight": 0.2884177435958406, "id": 5}, {"weight": 1, "random_weight": 0.3954482223689616, "id": 10}, {"weight": 1, "random_weight": 0.5221600469403391, "id": 14}, {"weight": 2, "random_weight": 0.1807902300169748, "id": 39}, {"weight": 1, "random_weight": 0.5509341908562752, "id": 47}], [{"weight": 1, "random_weight": 0.77557996660165, "id": 37}, {"weight": 1, "random_weight": 0.725767974506475, "id": 38}, {"weight": 1, "random_weight": 0.7997508230299385, "id": 43}, {"weight": 1, "random_weight": 0.3169004653307863, "id": 44}, {"weight": 1, "random_weight": 0.1517503818379422, "id": 51}], [{"weight": 2, "random_weight": 0.1251558064624282, "id": 16}, {"weight": 1, "random_weight": 0.3768072310042039, "id": 17}, {"weight": 2, "random_weight": 0.10637874107397716, "id": 19}], [{"weight": 1, "random_weight": 0.4146910067966726, "id": 21}, {"weight": 2, "random_weight": 0.018803456300478527, "id": 48}, {"weight": 1, "random_weight": 0.9925147891458447, "id": 52}], [{"weight": 1, "random_weight": 0.9698690482306281, "id": 24}, {"weight": 2, "random_weight": 0.7236208570109982, "id": 42}, {"weight": 2, "random_weight": 0.604761317666779, "id": 67}, {"weight": 1, "random_weight": 0.8918696443678122, "id": 68}], [{"weight": 1, "random_weight": 0.9582554609983239, "id": 20}, {"weight": 1, "random_weight": 0.7341113959930601, "id": 22}, {"weight": 2, "random_weight": 0.534176088337641, "id": 33}, {"weight": 1, "random_weight": 0.4482217699994273, "id": 50}, {"weight": 1, "random_weight": 0.2821591831740171, "id": 64}], [{"weight": 1, "random_weight": 0.5439434617140612, "id": 22}, {"weight": 2, "random_weight": 0.534176088337641, "id": 32}, {"weight": 1, "random_weight": 0.8430884937757335, "id": 40}, {"weight": 1, "random_weight": 0.05674977548234872, "id": 46}, {"weight": 1, "random_weight": 0.42633970108750985, "id": 50}], [{"weight": 1, "random_weight": 0.09218912462684825, "id": 6}, {"weight": 1, "random_weight": 0.6567394026975995, "id": 35}, {"weight": 2, "random_weight": 0.5224410508349008, "id": 49}, {"weight": 2, "random_weight": 0.8752296113195492, "id": 53}], [{"weight": 1, "random_weight": 0.6594467820307691, "id": 0}, {"weight": 1, "random_weight": 0.6567394026975995, "id": 34}, {"weight": 1, "random_weight": 0.9440763556122617, "id": 49}, {"weight": 1, "random_weight": 0.8661536427401465, "id": 62}, {"weight": 1, "random_weight": 0.021367535171008534, "id": 66}, {"weight": 1, "random_weight": 0.3463997396860191, "id": 71}], [{"weight": 2, "random_weight": 0.20558554694300257, "id": 1}, {"weight": 1, "random_weight": 0.84847022758197, "id": 17}, {"weight": 1, "random_weight": 0.2660909342113924, "id": 26}, {"weight": 1, "random_weight": 0.19912710493370223, "id": 53}, {"weight": 1, "random_weight": 0.08995820063541993, "id": 58}], [{"weight": 1, "random_weight": 0.77557996660165, "id": 28}, {"weight": 1, "random_weight": 0.4868041846514355, "id": 38}, {"weight": 1, "random_weight": 0.3755196054125013, "id": 45}, {"weight": 1, "random_weight": 0.8507894114022099, "id": 56}], [{"weight": 1, "random_weight": 0.725767974506475, "id": 28}, {"weight": 1, "random_weight": 0.4868041846514355, "id": 37}, {"weight": 2, "random_weight": 0.697635594346108, "id": 45}, {"weight": 1, "random_weight": 0.5125457390771095, "id": 51}, {"weight": 1, "random_weight": 0.8002055429598995, "id": 54}], [{"weight": 1, "random_weight": 0.7851249370987077, "id": 15}, {"weight": 2, "random_weight": 0.1807902300169748, "id": 27}, {"weight": 1, "random_weight": 0.6754322409995157, "id": 47}], [{"weight": 1, "random_weight": 0.7842467345800033, "id": 22}, {"weight": 1, "random_weight": 0.8430884937757335, "id": 33}, {"weight": 1, "random_weight": 0.4138176510606787, "id": 46}], [{"weight": 1, "random_weight": 0.5894351248422685, "id": 11}, {"weight": 1, "random_weight": 0.3674686048694744, "id": 24}, {"weight": 1, "random_weight": 0.2763505765313523, "id": 42}, {"weight": 1, "random_weight": 0.5251060048571342, "id": 56}, {"weight": 1, "random_weight": 0.14494684843228534, "id": 57}], [{"weight": 2, "random_weight": 0.7236208570109982, "id": 31}, {"weight": 1, "random_weight": 0.2763505765313523, "id": 41}, {"weight": 1, "random_weight": 0.7377691943269938, "id": 61}, {"weight": 1, "random_weight": 0.4659896855208224, "id": 62}, {"weight": 1, "random_weight": 0.6617046199197382, "id": 68}], [{"weight": 1, "random_weight": 0.21695525974084096, "id": 21}, {"weight": 1, "random_weight": 0.7997508230299385, "id": 28}, {"weight": 2, "random_weight": 0.2825563277718631, "id": 44}], [{"weight": 1, "random_weight": 0.5563064769139314, "id": 21}, {"weight": 1, "random_weight": 0.3169004653307863, "id": 28}, {"weight": 2, "random_weight": 0.2825563277718631, "id": 43}, {"weight": 1, "random_weight": 0.7576385280932916, "id": 48}, {"weight": 1, "random_weight": 0.9898393602226236, "id": 51}], [{"weight": 1, "random_weight": 0.3755196054125013, "id": 37}, {"weight": 2, "random_weight": 0.697635594346108, "id": 38}, {"weight": 1, "random_weight": 0.009511194073013818, "id": 54}, {"weight": 1, "random_weight": 0.8950104992223014, "id": 57}, {"weight": 1, "random_weight": 0.3605668657127651, "id": 61}], [{"weight": 1, "random_weight": 0.05674977548234872, "id": 33}, {"weight": 1, "random_weight": 0.4138176510606787, "id": 40}, {"weight": 1, "random_weight": 0.23616660404126533, "id": 47}, {"weight": 1, "random_weight": 0.8510715762704039, "id": 50}], [{"weight": 1, "random_weight": 0.7349957454550943, "id": 14}, {"weight": 1, "random_weight": 0.5509341908562752, "id": 27}, {"weight": 1, "random_weight": 0.6754322409995157, "id": 39}, {"weight": 1, "random_weight": 0.23616660404126533, "id": 46}, {"weight": 1, "random_weight": 0.9673296674278562, "id": 50}], [{"weight": 2, "random_weight": 0.018803456300478527, "id": 30}, {"weight": 1, "random_weight": 0.7576385280932916, "id": 44}, {"weight": 1, "random_weight": 0.5881243503604112, "id": 51}, {"weight": 1, "random_weight": 0.844927127812366, "id": 59}, {"weight": 1, "random_weight": 0.6540040939662206, "id": 65}], [{"weight": 1, "random_weight": 0.9991733699216133, "id": 5}, {"weight": 2, "random_weight": 0.5224410508349008, "id": 34}, {"weight": 1, "random_weight": 0.9440763556122617, "id": 35}, {"weight": 2, "random_weight": 0.9518871772938414, "id": 69}], [{"weight": 1, "random_weight": 0.6292230940809228, "id": 14}, {"weight": 1, "random_weight": 0.4482217699994273, "id": 32}, {"weight": 1, "random_weight": 0.42633970108750985, "id": 33}, {"weight": 1, "random_weight": 0.8510715762704039, "id": 46}, {"weight": 1, "random_weight": 0.9673296674278562, "id": 47}, {"weight": 1, "random_weight": 0.589194008599421, "id": 64}], [{"weight": 1, "random_weight": 0.1517503818379422, "id": 28}, {"weight": 1, "random_weight": 0.5125457390771095, "id": 38}, {"weight": 1, "random_weight": 0.9898393602226236, "id": 44}, {"weight": 1, "random_weight": 0.5881243503604112, "id": 48}, {"weight": 2, "random_weight": 0.8205970793207968, "id": 65}], [{"weight": 1, "random_weight": 0.7111752901555084, "id": 3}, {"weight": 1, "random_weight": 0.942690294368665, "id": 7}, {"weight": 1, "random_weight": 0.9925147891458447, "id": 30}, {"weight": 1, "random_weight": 0.522479262621249, "id": 59}], [{"weight": 1, "random_weight": 0.8680284908551037, "id": 0}, {"weight": 1, "random_weight": 0.1948568511058345, "id": 1}, {"weight": 2, "random_weight": 0.8752296113195492, "id": 34}, {"weight": 1, "random_weight": 0.19912710493370223, "id": 36}, {"weight": 1, "random_weight": 0.43367266681952943, "id": 58}], [{"weight": 1, "random_weight": 0.8002055429598995, "id": 38}, {"weight": 1, "random_weight": 0.009511194073013818, "id": 45}, {"weight": 1, "random_weight": 0.9512498349146609, "id": 65}, {"weight": 1, "random_weight": 0.6780990402784426, "id": 66}, {"weight": 1, "random_weight": 0.8927611546847333, "id": 70}, {"weight": 1, "random_weight": 0.6454977218922084, "id": 71}], [{"weight": 1, "random_weight": 0.8309215743250097, "id": 8}, {"weight": 1, "random_weight": 0.825868741652625, "id": 13}, {"weight": 1, "random_weight": 0.5355443838499896, "id": 63}, {"weight": 2, "random_weight": 0.5499158927113139, "id": 69}, {"weight": 1, "random_weight": 0.6990076797948517, "id": 70}], [{"weight": 1, "random_weight": 0.8507894114022099, "id": 37}, {"weight": 1, "random_weight": 0.5251060048571342, "id": 41}, {"weight": 2, "random_weight": 0.06247807978165765, "id": 57}], [{"weight": 1, "random_weight": 0.14494684843228534, "id": 41}, {"weight": 1, "random_weight": 0.8950104992223014, "id": 45}, {"weight": 2, "random_weight": 0.06247807978165765, "id": 56}, {"weight": 2, "random_weight": 0.5836343309782188, "id": 61}], [{"weight": 1, "random_weight": 0.6923777224919673, "id": 6}, {"weight": 2, "random_weight": 0.36064969608607855, "id": 9}, {"weight": 1, "random_weight": 0.24622543168566646, "id": 17}, {"weight": 1, "random_weight": 0.08995820063541993, "id": 36}, {"weight": 1, "random_weight": 0.43367266681952943, "id": 53}], [{"weight": 2, "random_weight": 0.3116050848452526, "id": 3}, {"weight": 1, "random_weight": 0.8986059869520475, "id": 4}, {"weight": 1, "random_weight": 0.844927127812366, "id": 48}, {"weight": 1, "random_weight": 0.522479262621249, "id": 52}, {"weight": 1, "random_weight": 0.2572960561685146, "id": 65}], [{"weight": 1, "random_weight": 0.3516642634289966, "id": 12}, {"weight": 1, "random_weight": 0.35493191313479533, "id": 25}, {"weight": 2, "random_weight": 0.9769741438598016, "id": 67}], [{"weight": 1, "random_weight": 0.7377691943269938, "id": 42}, {"weight": 1, "random_weight": 0.3605668657127651, "id": 45}, {"weight": 2, "random_weight": 0.5836343309782188, "id": 57}, {"weight": 1, "random_weight": 0.9906211801871353, "id": 62}, {"weight": 1, "random_weight": 0.5015701286330866, "id": 66}], [{"weight": 1, "random_weight": 0.8661536427401465, "id": 35}, {"weight": 1, "random_weight": 0.4659896855208224, "id": 42}, {"weight": 1, "random_weight": 0.9906211801871353, "id": 61}, {"weight": 2, "random_weight": 0.9687895670340325, "id": 66}, {"weight": 1, "random_weight": 0.032782937548598956, "id": 68}], [{"weight": 2, "random_weight": 0.5821801532540489, "id": 8}, {"weight": 1, "random_weight": 0.38792875811130356, "id": 20}, {"weight": 1, "random_weight": 0.5355443838499896, "id": 55}, {"weight": 2, "random_weight": 0.3032321811086266, "id": 64}], [{"weight": 1, "random_weight": 0.3811368856460877, "id": 13}, {"weight": 1, "random_weight": 0.9021007271239174, "id": 20}, {"weight": 1, "random_weight": 0.2821591831740171, "id": 32}, {"weight": 1, "random_weight": 0.589194008599421, "id": 50}, {"weight": 2, "random_weight": 0.3032321811086266, "id": 63}], [{"weight": 1, "random_weight": 0.021176372853782044, "id": 4}, {"weight": 1, "random_weight": 0.6540040939662206, "id": 48}, {"weight": 2, "random_weight": 0.8205970793207968, "id": 51}, {"weight": 1, "random_weight": 0.9512498349146609, "id": 54}, {"weight": 1, "random_weight": 0.2572960561685146, "id": 59}], [{"weight": 1, "random_weight": 0.021367535171008534, "id": 35}, {"weight": 1, "random_weight": 0.6780990402784426, "id": 54}, {"weight": 1, "random_weight": 0.5015701286330866, "id": 61}, {"weight": 2, "random_weight": 0.9687895670340325, "id": 62}, {"weight": 1, "random_weight": 0.3352489080225626, "id": 71}], [{"weight": 1, "random_weight": 0.6594141960583086, "id": 2}, {"weight": 1, "random_weight": 0.5418185228615614, "id": 24}, {"weight": 2, "random_weight": 0.604761317666779, "id": 31}, {"weight": 2, "random_weight": 0.9769741438598016, "id": 60}], [{"weight": 2, "random_weight": 0.2241866407639379, "id": 0}, {"weight": 1, "random_weight": 0.6077389530481321, "id": 2}, {"weight": 1, "random_weight": 0.8918696443678122, "id": 31}, {"weight": 1, "random_weight": 0.6617046199197382, "id": 42}, {"weight": 1, "random_weight": 0.032782937548598956, "id": 62}], [{"weight": 1, "random_weight": 0.6311641699869124, "id": 13}, {"weight": 2, "random_weight": 0.9518871772938414, "id": 49}, {"weight": 2, "random_weight": 0.5499158927113139, "id": 55}, {"weight": 1, "random_weight": 0.5305860990720301, "id": 71}], [{"weight": 2, "random_weight": 0.9627131597976402, "id": 4}, {"weight": 1, "random_weight": 0.8927611546847333, "id": 54}, {"weight": 1, "random_weight": 0.6990076797948517, "id": 55}, {"weight": 2, "random_weight": 0.0912182498982419, "id": 71}], [{"weight": 1, "random_weight": 0.3463997396860191, "id": 35}, {"weight": 1, "random_weight": 0.6454977218922084, "id": 54}, {"weight": 1, "random_weight": 0.3352489080225626, "id": 66}, {"weight": 1, "random_weight": 0.5305860990720301, "id": 69}, {"weight": 2, "random_weight": 0.0912182498982419, "id": 70}]]}