{"directed": false, "multigraph": false, "graph": [], "nodes": [{"graph": null, "nnodes": 2, "nedges": 1, "density": 1.0, "atomics": "[81, 82]", "group_pop": 2, "init_part_assignment": 7, "id": 0}, {"graph": null, "nnodes": 2, "nedges": 1, "density": 1.0, "atomics": "[68, 69]", "group_pop": 2, "init_part_assignment": 10, "id": 1}, {"graph": null, "nnodes": 2, "nedges": 1, "density": 1.0, "atomics": "[58, 70]", "group_pop": 2, "init_part_assignment": 2, "id": 2}, {"graph": null, "nnodes": 2, "nedges": 1, "density": 1.0, "atomics": "[74, 75]", "group_pop": 2, "init_part_assignment": 4, "id": 3}, {"graph": null, "nnodes": 2, "nedges": 1, "density": 1.0, "atomics": "[41, 42]", "group_pop": 2, "init_part_assignment": 11, "id": 4}, {"graph": null, "nnodes": 2, "nedges": 1, "density": 1.0, "atomics": "[43, 31]", "group_pop": 2, "init_part_assignment": 1, "id": 5}, {"graph": null, "nnodes": 2, "nedges": 1, "density": 1.0, "atomics": "[60, 61]", "group_pop": 2, "init_part_assignment": 4, "id": 6}, {"graph": null, "nnodes": 2, "nedges": 1, "density": 1.0, "atomics": "[50, 62]", "group_pop": 2, "init_part_assignment": 4, "id": 7}, {"graph": null, "nnodes": 2, "nedges": 1, "density": 1.0, "atomics": "[32, 44]", "group_pop": 2, "init_part_assignment": 1, "id": 8}, {"graph": null, "nnodes": 2, "nedges": 1, "density": 1.0, "atomics": "[19, 20]", "group_pop": 2, "init_part_assignment": 1, "id": 9}, {"graph": null, "nnodes": 2, "nedges": 1, "density": 1.0, "atomics": "[141, 142]", "group_pop": 2, "init_part_assignment": 6, "id": 10}, {"graph": null, "nnodes": 2, "nedges": 1, "density": 1.0, "atomics": "[131, 143]", "group_pop": 2, "init_part_assignment": 6, "id": 11}, {"graph": null, "nnodes": 2, "nedges": 1, "density": 1.0, "atomics": "[17, 29]", "group_pop": 2, "init_part_assignment": 11, "id": 12}, {"graph": null, "nnodes": 2, "nedges": 1, "density": 1.0, "atomics": "[8, 7]", "group_pop": 2, "init_part_assignment": 1, "id": 13}, {"graph": null, "nnodes": 2, "nedges": 1, "density": 1.0, "atomics": "[9, 21]", "group_pop": 2, "init_part_assignment": 1, "id": 14}, {"graph": null, "nnodes": 2, "nedges": 1, "density": 1.0, "atomics": "[34, 46]", "group_pop": 2, "init_part_assignment": 2, "id": 15}, {"graph": null, "nnodes": 2, "nedges": 1, "density": 1.0, "atomics": "[35, 47]", "group_pop": 2, "init_part_assignment": 2, "id": 16}, {"graph": null, "nnodes": 2, "nedges": 1, "density": 1.0, "atomics": "[11, 23]", "group_pop": 2, "init_part_assignment": 2, "id": 17}, {"graph": null, "nnodes": 2, "nedges": 1, "density": 1.0, "atomics": "[48, 49]", "group_pop": 2, "init_part_assignment": 4, "id": 18}, {"graph": null, "nnodes": 2, "nedges": 1, "density": 1.0, "atomics": "[25, 37]", "group_pop": 2, "init_part_assignment": 0, "id": 19}, {"graph": null, "nnodes": 2, "nedges": 1, "density": 1.0, "atomics": "[120, 132]", "group_pop": 2, "init_part_assignment": 3, "id": 20}, {"graph": null, "nnodes": 2, "nedges": 1, "density": 1.0, "atomics": "[24, 36]", "group_pop": 2, "init_part_assignment": 4, "id": 21}, {"graph": null, "nnodes": 2, "nedges": 1, "density": 1.0, "atomics": "[129, 130]", "group_pop": 2, "init_part_assignment": 6, "id": 22}, {"graph": null, "nnodes": 2, "nedges": 1, "density": 1.0, "atomics": "[83, 95]", "group_pop": 2, "init_part_assignment": 7, "id": 23}, {"graph": null, "nnodes": 2, "nedges": 1, "density": 1.0, "atomics": "[59, 71]", "group_pop": 2, "init_part_assignment": 2, "id": 24}, {"graph": null, "nnodes": 2, "nedges": 1, "density": 1.0, "atomics": "[18, 30]", "group_pop": 2, "init_part_assignment": 11, "id": 25}, {"graph": null, "nnodes": 2, "nedges": 1, "density": 1.0, "atomics": "[123, 135]", "group_pop": 2, "init_part_assignment": 5, "id": 26}, {"graph": null, "nnodes": 2, "nedges": 1, "density": 1.0, "atomics": "[10, 22]", "group_pop": 2, "init_part_assignment": 2, "id": 27}, {"graph": null, "nnodes": 2, "nedges": 1, "density": 1.0, "atomics": "[96, 108]", "group_pop": 2, "init_part_assignment": 3, "id": 28}, {"graph": null, "nnodes": 2, "nedges": 1, "density": 1.0, "atomics": "[105, 117]", "group_pop": 2, "init_part_assignment": 6, "id": 29}, {"graph": null, "nnodes": 2, "nedges": 1, "density": 1.0, "atomics": "[1, 13]", "group_pop": 2, "init_part_assignment": 0, "id": 30}, {"graph": null, "nnodes": 2, "nedges": 1, "density": 1.0, "atomics": "[67, 55]", "group_pop": 2, "init_part_assignment": 10, "id": 31}, {"graph": null, "nnodes": 2, "nedges": 1, "density": 1.0, "atomics": "[78, 79]", "group_pop": 2, "init_part_assignment": 10, "id": 32}, {"graph": null, "nnodes": 2, "nedges": 1, "density": 1.0, "atomics": "[56, 57]", "group_pop": 2, "init_part_assignment": 10, "id": 33}, {"graph": null, "nnodes": 2, "nedges": 1, "density": 1.0, "atomics": "[136, 137]", "group_pop": 2, "init_part_assignment": 5, "id": 34}, {"graph": null, "nnodes": 2, "nedges": 1, "density": 1.0, "atomics": "[124, 125]", "group_pop": 2, "init_part_assignment": 8, "id": 35}, {"graph": null, "nnodes": 2, "nedges": 1, "density": 1.0, "atomics": "[5, 6]", "group_pop": 2, "init_part_assignment": 0, "id": 36}, {"graph": null, "nnodes": 2, "nedges": 1, "density": 1.0, "atomics": "[33, 45]", "group_pop": 2, "init_part_assignment": 1, "id": 37}, {"graph": null, "nnodes": 2, "nedges": 1, "density": 1.0, "atomics": "[40, 39]", "group_pop": 2, "init_part_assignment": 9, "id": 38}, {"graph": null, "nnodes": 2, "nedges": 1, "density": 1.0, "atomics": "[16, 28]", "group_pop": 2, "init_part_assignment": 11, "id": 39}, {"graph": null, "nnodes": 2, "nedges": 1, "density": 1.0, "atomics": "[0, 12]", "group_pop": 2, "init_part_assignment": 0, "id": 40}, {"graph": null, "nnodes": 2, "nedges": 1, "density": 1.0, "atomics": "[128, 140]", "group_pop": 2, "init_part_assignment": 6, "id": 41}, {"graph": null, "nnodes": 2, "nedges": 1, "density": 1.0, "atomics": "[104, 116]", "group_pop": 2, "init_part_assignment": 7, "id": 42}, {"graph": null, "nnodes": 2, "nedges": 1, "density": 1.0, "atomics": "[121, 133]", "group_pop": 2, "init_part_assignment": 3, "id": 43}, {"graph": null, "nnodes": 2, "nedges": 1, "density": 1.0, "atomics": "[122, 134]", "group_pop": 2, "init_part_assignment": 5, "id": 44}, {"graph": null, "nnodes": 2, "nedges": 1, "density": 1.0, "atomics": "[112, 100]", "group_pop": 2, "init_part_assignment": 8, "id": 45}, {"graph": null, "nnodes": 2, "nedges": 1, "density": 1.0, "atomics": "[113, 114]", "group_pop": 2, "init_part_assignment": 8, "id": 46}, {"graph": null, "nnodes": 2, "nedges": 1, "density": 1.0, "atomics": "[2, 14]", "group_pop": 2, "init_part_assignment": 0, "id": 47}, {"graph": null, "nnodes": 2, "nedges": 1, "density": 1.0, "atomics": "[3, 4]", "group_pop": 2, "init_part_assignment": 0, "id": 48}, {"graph": null, "nnodes": 2, "nedges": 1, "density": 1.0, "atomics": "[97, 109]", "group_pop": 2, "init_part_assignment": 3, "id": 49}, {"graph": null, "nnodes": 2, "nedges": 1, "density": 1.0, "atomics": "[65, 66]", "group_pop": 2, "init_part_assignment": 10, "id": 50}, {"graph": null, "nnodes": 2, "nedges": 1, "density": 1.0, "atomics": "[27, 15]", "group_pop": 2, "init_part_assignment": 11, "id": 51}, {"graph": null, "nnodes": 2, "nedges": 1, "density": 1.0, "atomics": "[98, 110]", "group_pop": 2, "init_part_assignment": 5, "id": 52}, {"graph": null, "nnodes": 2, "nedges": 1, "density": 1.0, "atomics": "[99, 111]", "group_pop": 2, "init_part_assignment": 5, "id": 53}, {"graph": null, "nnodes": 2, "nedges": 1, "density": 1.0, "atomics": "[72, 73]", "group_pop": 2, "init_part_assignment": 4, "id": 54}, {"graph": null, "nnodes": 2, "nedges": 1, "density": 1.0, "atomics": "[84, 85]", "group_pop": 2, "init_part_assignment": 3, "id": 55}, {"graph": null, "nnodes": 2, "nedges": 1, "density": 1.0, "atomics": "[80, 92]", "group_pop": 2, "init_part_assignment": 7, "id": 56}, {"graph": null, "nnodes": 2, "nedges": 1, "density": 1.0, "atomics": "[101, 102]", "group_pop": 2, "init_part_assignment": 8, "id": 57}, {"graph": null, "nnodes": 2, "nedges": 1, "density": 1.0, "atomics": "[64, 52]", "group_pop": 2, "init_part_assignment": 9, "id": 58}, {"graph": null, "nnodes": 2, "nedges": 1, "density": 1.0, "atomics": "[51, 63]", "group_pop": 2, "init_part_assignment": 9, "id": 59}, {"graph": null, "nnodes": 2, "nedges": 1, "density": 1.0, "atomics": "[138, 139]", "group_pop": 2, "init_part_assignment": 5, "id": 60}, {"graph": null, "nnodes": 2, "nedges": 1, "density": 1.0, "atomics": "[126, 127]", "group_pop": 2, "init_part_assignment": 8, "id": 61}, {"graph": null, "nnodes": 2, "nedges": 1, "density": 1.0, "atomics": "[93, 94]", "group_pop": 2, "init_part_assignment": 7, "id": 62}, {"graph": null, "nnodes": 2, "nedges": 1, "density": 1.0, "atomics": "[106, 107]", "group_pop": 2, "init_part_assignment": 7, "id": 63}, {"graph": null, "nnodes": 2, "nedges": 1, "density": 1.0, "atomics": "[118, 119]", "group_pop": 2, "init_part_assignment": 6, "id": 64}, {"graph": null, "nnodes": 2, "nedges": 1, "density": 1.0, "atomics": "[53, 54]", "group_pop": 2, "init_part_assignment": 11, "id": 65}, {"graph": null, "nnodes": 2, "nedges": 1, "density": 1.0, "atomics": "[115, 103]", "group_pop": 2, "init_part_assignment": 8, "id": 66}, {"graph": null, "nnodes": 2, "nedges": 1, "density": 1.0, "atomics": "[26, 38]", "group_pop": 2, "init_part_assignment": 9, "id": 67}, {"graph": null, "nnodes": 2, "nedges": 1, "density": 1.0, "atomics": "[86, 87]", "group_pop": 2, "init_part_assignment": 3, "id": 68}, {"graph": null, "nnodes": 2, "nedges": 1, "density": 1.0, "atomics": "[88, 76]", "group_pop": 2, "init_part_assignment": 9, "id": 69}, {"graph": null, "nnodes": 2, "nedges": 1, "density": 1.0, "atomics": "[89, 77]", "group_pop": 2, "init_part_assignment": 9, "id": 70}, {"graph": null, "nnodes": 2, "nedges": 1, "density": 1.0, "atomics": "[90, 91]", "group_pop": 2, "init_part_assignment": 10, "id": 71}], "adjacency": [[{"weight": 1, "random_weight": 0.7029464687274449, "id": 1}, {"weight": 1, "random_weight": 0.5746372830726841, "id": 2}, {"weight": 1, "random_weight": 0.23342539047751387, "id": 23}, {"weight": 1, "random_weight": 0.5913667738141907, "id": 56}, {"weight": 2, "random_weight": 0.6997445359168022, "id": 62}], [{"weight": 1, "random_weight": 0.7029464687274449, "id": 0}, {"weight": 1, "random_weight": 0.6782388934735449, "id": 2}, {"weight": 1, "random_weight": 0.6646696951463045, "id": 31}, {"weight": 2, "random_weight": 0.25750593044855197, "id": 33}, {"weight": 1, "random_weight": 0.7384978734319777, "id": 56}], [{"weight": 1, "random_weight": 0.5746372830726841, "id": 0}, {"weight": 1, "random_weight": 0.6782388934735449, "id": 1}, {"weight": 1, "random_weight": 0.10889542023522203, "id": 15}, {"weight": 2, "random_weight": 0.5147534274905629, "id": 24}, {"weight": 1, "random_weight": 0.20183448564452822, "id": 33}], [{"weight": 1, "random_weight": 0.022903420402104135, "id": 7}, {"weight": 1, "random_weight": 0.32823002421043823, "id": 54}, {"weight": 1, "random_weight": 0.2401073781576034, "id": 59}, {"weight": 2, "random_weight": 0.11900147663886551, "id": 68}, {"weight": 1, "random_weight": 0.45064472748966833, "id": 69}], [{"weight": 1, "random_weight": 0.8709681386780062, "id": 5}, {"weight": 1, "random_weight": 0.4279471367831298, "id": 12}, {"weight": 1, "random_weight": 0.2765969812302238, "id": 25}, {"weight": 1, "random_weight": 0.709954109129946, "id": 38}, {"weight": 2, "random_weight": 0.3244062806632205, "id": 65}], [{"weight": 1, "random_weight": 0.8709681386780062, "id": 4}, {"weight": 2, "random_weight": 0.8459844148084661, "id": 8}, {"weight": 1, "random_weight": 0.29339741141336173, "id": 9}, {"weight": 1, "random_weight": 0.30126090920069204, "id": 25}, {"weight": 1, "random_weight": 0.6593105754864855, "id": 31}], [{"weight": 1, "random_weight": 0.8201624600784976, "id": 7}, {"weight": 2, "random_weight": 0.07037632735780963, "id": 18}, {"weight": 2, "random_weight": 0.8194989947642248, "id": 54}], [{"weight": 1, "random_weight": 0.022903420402104135, "id": 3}, {"weight": 1, "random_weight": 0.8201624600784976, "id": 6}, {"weight": 1, "random_weight": 0.016368930693625883, "id": 18}, {"weight": 2, "random_weight": 0.5750405779135337, "id": 59}, {"weight": 1, "random_weight": 0.3206526693620202, "id": 67}], [{"weight": 2, "random_weight": 0.8459844148084661, "id": 5}, {"weight": 1, "random_weight": 0.7573700924408451, "id": 9}, {"weight": 1, "random_weight": 0.522626232816568, "id": 33}, {"weight": 2, "random_weight": 0.4563123467045147, "id": 37}], [{"weight": 1, "random_weight": 0.29339741141336173, "id": 5}, {"weight": 1, "random_weight": 0.7573700924408451, "id": 8}, {"weight": 2, "random_weight": 0.8069108580006017, "id": 13}, {"weight": 1, "random_weight": 0.1275009488165102, "id": 14}, {"weight": 1, "random_weight": 0.11389355960735081, "id": 25}], [{"weight": 1, "random_weight": 0.08788195731870752, "id": 11}, {"weight": 2, "random_weight": 0.27754687928827015, "id": 22}, {"weight": 1, "random_weight": 0.2550583964595212, "id": 41}], [{"weight": 1, "random_weight": 0.08788195731870752, "id": 10}, {"weight": 1, "random_weight": 0.539844749398746, "id": 22}, {"weight": 1, "random_weight": 0.7885036232067978, "id": 64}], [{"weight": 1, "random_weight": 0.4279471367831298, "id": 4}, {"weight": 2, "random_weight": 0.27622205925978693, "id": 25}, {"weight": 1, "random_weight": 0.6811971283175308, "id": 36}, {"weight": 2, "random_weight": 0.4186796104581362, "id": 39}], [{"weight": 2, "random_weight": 0.8069108580006017, "id": 9}, {"weight": 1, "random_weight": 0.038353144804553874, "id": 14}, {"weight": 1, "random_weight": 0.6352082624985615, "id": 36}], [{"weight": 1, "random_weight": 0.1275009488165102, "id": 9}, {"weight": 1, "random_weight": 0.038353144804553874, "id": 13}, {"weight": 2, "random_weight": 0.9291891517403476, "id": 27}, {"weight": 1, "random_weight": 0.20709994179976365, "id": 37}], [{"weight": 1, "random_weight": 0.10889542023522203, "id": 2}, {"weight": 2, "random_weight": 0.8926024772078446, "id": 16}, {"weight": 1, "random_weight": 0.00044957587376459607, "id": 27}, {"weight": 2, "random_weight": 0.8031840747794919, "id": 37}], [{"weight": 2, "random_weight": 0.8926024772078446, "id": 15}, {"weight": 1, "random_weight": 0.7079618424530321, "id": 17}, {"weight": 1, "random_weight": 0.963483299785197, "id": 24}], [{"weight": 1, "random_weight": 0.7079618424530321, "id": 16}, {"weight": 2, "random_weight": 0.28930454015967366, "id": 27}], [{"weight": 2, "random_weight": 0.07037632735780963, "id": 6}, {"weight": 1, "random_weight": 0.016368930693625883, "id": 7}, {"weight": 1, "random_weight": 0.7919490279187718, "id": 19}, {"weight": 1, "random_weight": 0.5200569173241222, "id": 21}], [{"weight": 1, "random_weight": 0.7919490279187718, "id": 18}, {"weight": 2, "random_weight": 0.7923463362429787, "id": 21}, {"weight": 1, "random_weight": 0.46060973656347337, "id": 30}, {"weight": 2, "random_weight": 0.7604703046505281, "id": 67}], [{"weight": 1, "random_weight": 0.23597533190970899, "id": 28}, {"weight": 2, "random_weight": 0.7148054616226025, "id": 43}], [{"weight": 1, "random_weight": 0.5200569173241222, "id": 18}, {"weight": 2, "random_weight": 0.7923463362429787, "id": 19}, {"weight": 1, "random_weight": 0.6889790034253382, "id": 40}], [{"weight": 2, "random_weight": 0.27754687928827015, "id": 10}, {"weight": 1, "random_weight": 0.539844749398746, "id": 11}, {"weight": 1, "random_weight": 0.21328445260981, "id": 29}, {"weight": 1, "random_weight": 0.3280233151371469, "id": 41}, {"weight": 1, "random_weight": 0.6907087013572172, "id": 64}], [{"weight": 1, "random_weight": 0.23342539047751387, "id": 0}, {"weight": 1, "random_weight": 0.5895034300195044, "id": 24}, {"weight": 1, "random_weight": 0.8198079416080547, "id": 62}, {"weight": 1, "random_weight": 0.3605257585877285, "id": 63}], [{"weight": 2, "random_weight": 0.5147534274905629, "id": 2}, {"weight": 1, "random_weight": 0.963483299785197, "id": 16}, {"weight": 1, "random_weight": 0.5895034300195044, "id": 23}], [{"weight": 1, "random_weight": 0.2765969812302238, "id": 4}, {"weight": 1, "random_weight": 0.30126090920069204, "id": 5}, {"weight": 1, "random_weight": 0.11389355960735081, "id": 9}, {"weight": 2, "random_weight": 0.27622205925978693, "id": 12}, {"weight": 1, "random_weight": 0.464358900485752, "id": 36}], [{"weight": 1, "random_weight": 0.01832052446835697, "id": 34}, {"weight": 1, "random_weight": 0.8161507054417879, "id": 35}, {"weight": 2, "random_weight": 0.3859637214885091, "id": 44}, {"weight": 1, "random_weight": 0.11174382776371794, "id": 53}], [{"weight": 2, "random_weight": 0.9291891517403476, "id": 14}, {"weight": 1, "random_weight": 0.00044957587376459607, "id": 15}, {"weight": 2, "random_weight": 0.28930454015967366, "id": 17}], [{"weight": 1, "random_weight": 0.23597533190970899, "id": 20}, {"weight": 2, "random_weight": 0.42545394478712084, "id": 49}, {"weight": 1, "random_weight": 0.22306020444768215, "id": 55}], [{"weight": 1, "random_weight": 0.21328445260981, "id": 22}, {"weight": 2, "random_weight": 0.813654995746067, "id": 42}, {"weight": 1, "random_weight": 0.7723862812261283, "id": 62}, {"weight": 1, "random_weight": 0.8452222354723647, "id": 63}, {"weight": 1, "random_weight": 0.8930778614245499, "id": 64}], [{"weight": 1, "random_weight": 0.46060973656347337, "id": 19}, {"weight": 2, "random_weight": 0.6438803175055046, "id": 40}, {"weight": 2, "random_weight": 0.03576291981745561, "id": 47}], [{"weight": 1, "random_weight": 0.6646696951463045, "id": 1}, {"weight": 1, "random_weight": 0.6593105754864855, "id": 5}, {"weight": 1, "random_weight": 0.10352725886148562, "id": 32}, {"weight": 1, "random_weight": 0.4324618439028619, "id": 33}, {"weight": 1, "random_weight": 0.8386992815623457, "id": 50}, {"weight": 1, "random_weight": 0.42056435619028476, "id": 65}], [{"weight": 1, "random_weight": 0.10352725886148562, "id": 31}, {"weight": 1, "random_weight": 0.5298000385980127, "id": 50}, {"weight": 1, "random_weight": 0.7376195957580721, "id": 56}, {"weight": 1, "random_weight": 0.20654961699595287, "id": 70}, {"weight": 2, "random_weight": 0.8595968007818166, "id": 71}], [{"weight": 2, "random_weight": 0.25750593044855197, "id": 1}, {"weight": 1, "random_weight": 0.20183448564452822, "id": 2}, {"weight": 1, "random_weight": 0.522626232816568, "id": 8}, {"weight": 1, "random_weight": 0.4324618439028619, "id": 31}, {"weight": 1, "random_weight": 0.8602893529921452, "id": 37}], [{"weight": 1, "random_weight": 0.01832052446835697, "id": 26}, {"weight": 2, "random_weight": 0.990168604767846, "id": 35}, {"weight": 1, "random_weight": 0.18634048365879208, "id": 60}], [{"weight": 1, "random_weight": 0.8161507054417879, "id": 26}, {"weight": 2, "random_weight": 0.990168604767846, "id": 34}, {"weight": 1, "random_weight": 0.17052701578111573, "id": 45}, {"weight": 1, "random_weight": 0.4849416361473827, "id": 46}, {"weight": 1, "random_weight": 0.961202469927918, "id": 61}], [{"weight": 1, "random_weight": 0.6811971283175308, "id": 12}, {"weight": 1, "random_weight": 0.6352082624985615, "id": 13}, {"weight": 1, "random_weight": 0.464358900485752, "id": 25}, {"weight": 1, "random_weight": 0.5608656175891094, "id": 48}], [{"weight": 2, "random_weight": 0.4563123467045147, "id": 8}, {"weight": 1, "random_weight": 0.20709994179976365, "id": 14}, {"weight": 2, "random_weight": 0.8031840747794919, "id": 15}, {"weight": 1, "random_weight": 0.8602893529921452, "id": 33}], [{"weight": 1, "random_weight": 0.709954109129946, "id": 4}, {"weight": 1, "random_weight": 0.7969091531517851, "id": 39}, {"weight": 1, "random_weight": 0.5454789452228254, "id": 51}, {"weight": 1, "random_weight": 0.37610850705630594, "id": 58}, {"weight": 1, "random_weight": 0.23114908933078204, "id": 59}, {"weight": 1, "random_weight": 0.4862122753526189, "id": 67}], [{"weight": 2, "random_weight": 0.4186796104581362, "id": 12}, {"weight": 1, "random_weight": 0.7969091531517851, "id": 38}, {"weight": 1, "random_weight": 0.6176661917431835, "id": 48}, {"weight": 2, "random_weight": 0.715635705292665, "id": 51}], [{"weight": 1, "random_weight": 0.6889790034253382, "id": 21}, {"weight": 2, "random_weight": 0.6438803175055046, "id": 30}], [{"weight": 1, "random_weight": 0.2550583964595212, "id": 10}, {"weight": 1, "random_weight": 0.3280233151371469, "id": 22}, {"weight": 1, "random_weight": 0.7682663798774062, "id": 42}, {"weight": 1, "random_weight": 0.7528396792219192, "id": 60}, {"weight": 1, "random_weight": 0.31607568896401883, "id": 61}], [{"weight": 2, "random_weight": 0.813654995746067, "id": 29}, {"weight": 1, "random_weight": 0.7682663798774062, "id": 41}, {"weight": 1, "random_weight": 0.36558696995939943, "id": 56}, {"weight": 2, "random_weight": 0.4686224796067453, "id": 66}], [{"weight": 2, "random_weight": 0.7148054616226025, "id": 20}, {"weight": 2, "random_weight": 0.9681755275141447, "id": 44}, {"weight": 1, "random_weight": 0.660431254784109, "id": 49}], [{"weight": 2, "random_weight": 0.3859637214885091, "id": 26}, {"weight": 2, "random_weight": 0.9681755275141447, "id": 43}, {"weight": 1, "random_weight": 0.5451387458097487, "id": 52}], [{"weight": 1, "random_weight": 0.17052701578111573, "id": 35}, {"weight": 1, "random_weight": 0.705790026847503, "id": 46}, {"weight": 2, "random_weight": 0.03552502810736269, "id": 53}, {"weight": 1, "random_weight": 0.49208724948197957, "id": 57}, {"weight": 1, "random_weight": 0.9663650688905273, "id": 69}], [{"weight": 1, "random_weight": 0.4849416361473827, "id": 35}, {"weight": 1, "random_weight": 0.705790026847503, "id": 45}, {"weight": 2, "random_weight": 0.9755771832416226, "id": 57}, {"weight": 1, "random_weight": 0.9449885998668233, "id": 61}, {"weight": 1, "random_weight": 0.803949340610471, "id": 66}], [{"weight": 2, "random_weight": 0.03576291981745561, "id": 30}, {"weight": 1, "random_weight": 0.19011454084860935, "id": 48}, {"weight": 1, "random_weight": 0.9143500826873863, "id": 51}, {"weight": 1, "random_weight": 0.6098660333274397, "id": 67}], [{"weight": 1, "random_weight": 0.5608656175891094, "id": 36}, {"weight": 1, "random_weight": 0.6176661917431835, "id": 39}, {"weight": 1, "random_weight": 0.19011454084860935, "id": 47}, {"weight": 1, "random_weight": 0.8844343616916953, "id": 51}], [{"weight": 2, "random_weight": 0.42545394478712084, "id": 28}, {"weight": 1, "random_weight": 0.660431254784109, "id": 43}, {"weight": 2, "random_weight": 0.7744981388578343, "id": 52}, {"weight": 1, "random_weight": 0.8690998612669556, "id": 55}], [{"weight": 1, "random_weight": 0.8386992815623457, "id": 31}, {"weight": 1, "random_weight": 0.5298000385980127, "id": 32}, {"weight": 1, "random_weight": 0.9128430131900833, "id": 58}, {"weight": 2, "random_weight": 0.6970688955606575, "id": 65}, {"weight": 1, "random_weight": 0.6998249389913883, "id": 70}], [{"weight": 1, "random_weight": 0.5454789452228254, "id": 38}, {"weight": 2, "random_weight": 0.715635705292665, "id": 39}, {"weight": 1, "random_weight": 0.9143500826873863, "id": 47}, {"weight": 1, "random_weight": 0.8844343616916953, "id": 48}, {"weight": 1, "random_weight": 0.5634185600560511, "id": 67}], [{"weight": 1, "random_weight": 0.5451387458097487, "id": 44}, {"weight": 2, "random_weight": 0.7744981388578343, "id": 49}, {"weight": 2, "random_weight": 0.6025152707713929, "id": 53}, {"weight": 1, "random_weight": 0.9518467451181398, "id": 68}], [{"weight": 1, "random_weight": 0.11174382776371794, "id": 26}, {"weight": 2, "random_weight": 0.03552502810736269, "id": 45}, {"weight": 2, "random_weight": 0.6025152707713929, "id": 52}, {"weight": 1, "random_weight": 0.978101221805999, "id": 68}], [{"weight": 1, "random_weight": 0.32823002421043823, "id": 3}, {"weight": 2, "random_weight": 0.8194989947642248, "id": 6}, {"weight": 2, "random_weight": 0.5119206012566496, "id": 55}], [{"weight": 1, "random_weight": 0.22306020444768215, "id": 28}, {"weight": 1, "random_weight": 0.8690998612669556, "id": 49}, {"weight": 2, "random_weight": 0.5119206012566496, "id": 54}, {"weight": 1, "random_weight": 0.14902748061017423, "id": 68}], [{"weight": 1, "random_weight": 0.5913667738141907, "id": 0}, {"weight": 1, "random_weight": 0.7384978734319777, "id": 1}, {"weight": 1, "random_weight": 0.7376195957580721, "id": 32}, {"weight": 1, "random_weight": 0.36558696995939943, "id": 42}, {"weight": 1, "random_weight": 0.25122238248123663, "id": 62}, {"weight": 1, "random_weight": 0.2847076667449464, "id": 71}], [{"weight": 1, "random_weight": 0.49208724948197957, "id": 45}, {"weight": 2, "random_weight": 0.9755771832416226, "id": 46}, {"weight": 1, "random_weight": 0.2542316248706802, "id": 66}, {"weight": 1, "random_weight": 0.13171030910914538, "id": 70}, {"weight": 1, "random_weight": 0.4977049771592109, "id": 71}], [{"weight": 1, "random_weight": 0.37610850705630594, "id": 38}, {"weight": 1, "random_weight": 0.9128430131900833, "id": 50}, {"weight": 2, "random_weight": 0.4941969072942165, "id": 59}, {"weight": 1, "random_weight": 0.890691289362463, "id": 65}, {"weight": 1, "random_weight": 0.11996353288310657, "id": 69}], [{"weight": 1, "random_weight": 0.2401073781576034, "id": 3}, {"weight": 2, "random_weight": 0.5750405779135337, "id": 7}, {"weight": 1, "random_weight": 0.23114908933078204, "id": 38}, {"weight": 2, "random_weight": 0.4941969072942165, "id": 58}], [{"weight": 1, "random_weight": 0.18634048365879208, "id": 34}, {"weight": 1, "random_weight": 0.7528396792219192, "id": 41}, {"weight": 2, "random_weight": 0.6607590986671183, "id": 61}], [{"weight": 1, "random_weight": 0.961202469927918, "id": 35}, {"weight": 1, "random_weight": 0.31607568896401883, "id": 41}, {"weight": 1, "random_weight": 0.9449885998668233, "id": 46}, {"weight": 2, "random_weight": 0.6607590986671183, "id": 60}, {"weight": 1, "random_weight": 0.4552051694785586, "id": 66}], [{"weight": 2, "random_weight": 0.6997445359168022, "id": 0}, {"weight": 1, "random_weight": 0.8198079416080547, "id": 23}, {"weight": 1, "random_weight": 0.7723862812261283, "id": 29}, {"weight": 1, "random_weight": 0.25122238248123663, "id": 56}, {"weight": 1, "random_weight": 0.3950402953966594, "id": 63}], [{"weight": 1, "random_weight": 0.3605257585877285, "id": 23}, {"weight": 1, "random_weight": 0.8452222354723647, "id": 29}, {"weight": 1, "random_weight": 0.3950402953966594, "id": 62}, {"weight": 2, "random_weight": 0.8419317417256975, "id": 64}], [{"weight": 1, "random_weight": 0.7885036232067978, "id": 11}, {"weight": 1, "random_weight": 0.6907087013572172, "id": 22}, {"weight": 1, "random_weight": 0.8930778614245499, "id": 29}, {"weight": 2, "random_weight": 0.8419317417256975, "id": 63}], [{"weight": 2, "random_weight": 0.3244062806632205, "id": 4}, {"weight": 1, "random_weight": 0.42056435619028476, "id": 31}, {"weight": 2, "random_weight": 0.6970688955606575, "id": 50}, {"weight": 1, "random_weight": 0.890691289362463, "id": 58}], [{"weight": 2, "random_weight": 0.4686224796067453, "id": 42}, {"weight": 1, "random_weight": 0.803949340610471, "id": 46}, {"weight": 1, "random_weight": 0.2542316248706802, "id": 57}, {"weight": 1, "random_weight": 0.4552051694785586, "id": 61}, {"weight": 1, "random_weight": 0.42971077282176695, "id": 71}], [{"weight": 1, "random_weight": 0.3206526693620202, "id": 7}, {"weight": 2, "random_weight": 0.7604703046505281, "id": 19}, {"weight": 1, "random_weight": 0.4862122753526189, "id": 38}, {"weight": 1, "random_weight": 0.6098660333274397, "id": 47}, {"weight": 1, "random_weight": 0.5634185600560511, "id": 51}], [{"weight": 2, "random_weight": 0.11900147663886551, "id": 3}, {"weight": 1, "random_weight": 0.9518467451181398, "id": 52}, {"weight": 1, "random_weight": 0.978101221805999, "id": 53}, {"weight": 1, "random_weight": 0.14902748061017423, "id": 55}, {"weight": 1, "random_weight": 0.6129391705588695, "id": 69}], [{"weight": 1, "random_weight": 0.45064472748966833, "id": 3}, {"weight": 1, "random_weight": 0.9663650688905273, "id": 45}, {"weight": 1, "random_weight": 0.11996353288310657, "id": 58}, {"weight": 1, "random_weight": 0.6129391705588695, "id": 68}, {"weight": 2, "random_weight": 0.22798296138439877, "id": 70}], [{"weight": 1, "random_weight": 0.20654961699595287, "id": 32}, {"weight": 1, "random_weight": 0.6998249389913883, "id": 50}, {"weight": 1, "random_weight": 0.13171030910914538, "id": 57}, {"weight": 2, "random_weight": 0.22798296138439877, "id": 69}, {"weight": 1, "random_weight": 0.5889149853283591, "id": 71}], [{"weight": 2, "random_weight": 0.8595968007818166, "id": 32}, {"weight": 1, "random_weight": 0.2847076667449464, "id": 56}, {"weight": 1, "random_weight": 0.4977049771592109, "id": 57}, {"weight": 1, "random_weight": 0.42971077282176695, "id": 66}, {"weight": 1, "random_weight": 0.5889149853283591, "id": 70}]]}