{"directed": false, "multigraph": false, "graph": [], "nodes": [{"graph": null, "nnodes": 2, "nedges": 1, "density": 1.0, "atomics": "[80, 81]", "group_pop": 2, "init_part_assignment": 7, "id": 0}, {"graph": null, "nnodes": 2, "nedges": 1, "density": 1.0, "atomics": "[68, 69]", "group_pop": 2, "init_part_assignment": 11, "id": 1}, {"graph": null, "nnodes": 2, "nedges": 1, "density": 1.0, "atomics": "[82, 70]", "group_pop": 2, "init_part_assignment": 7, "id": 2}, {"graph": null, "nnodes": 2, "nedges": 1, "density": 1.0, "atomics": "[74, 86]", "group_pop": 2, "init_part_assignment": 9, "id": 3}, {"graph": null, "nnodes": 2, "nedges": 1, "density": 1.0, "atomics": "[75, 87]", "group_pop": 2, "init_part_assignment": 10, "id": 4}, {"graph": null, "nnodes": 2, "nedges": 1, "density": 1.0, "atomics": "[42, 43]", "group_pop": 2, "init_part_assignment": 11, "id": 5}, {"graph": null, "nnodes": 2, "nedges": 1, "density": 1.0, "atomics": "[61, 62]", "group_pop": 2, "init_part_assignment": 9, "id": 6}, {"graph": null, "nnodes": 2, "nedges": 1, "density": 1.0, "atomics": "[32, 20]", "group_pop": 2, "init_part_assignment": 4, "id": 7}, {"graph": null, "nnodes": 2, "nedges": 1, "density": 1.0, "atomics": "[142, 143]", "group_pop": 2, "init_part_assignment": 1, "id": 8}, {"graph": null, "nnodes": 2, "nedges": 1, "density": 1.0, "atomics": "[40, 41]", "group_pop": 2, "init_part_assignment": 11, "id": 9}, {"graph": null, "nnodes": 2, "nedges": 1, "density": 1.0, "atomics": "[28, 29]", "group_pop": 2, "init_part_assignment": 4, "id": 10}, {"graph": null, "nnodes": 2, "nedges": 1, "density": 1.0, "atomics": "[8, 9]", "group_pop": 2, "init_part_assignment": 5, "id": 11}, {"graph": null, "nnodes": 2, "nedges": 1, "density": 1.0, "atomics": "[34, 35]", "group_pop": 2, "init_part_assignment": 5, "id": 12}, {"graph": null, "nnodes": 2, "nedges": 1, "density": 1.0, "atomics": "[11, 23]", "group_pop": 2, "init_part_assignment": 5, "id": 13}, {"graph": null, "nnodes": 2, "nedges": 1, "density": 1.0, "atomics": "[49, 50]", "group_pop": 2, "init_part_assignment": 9, "id": 14}, {"graph": null, "nnodes": 2, "nedges": 1, "density": 1.0, "atomics": "[25, 37]", "group_pop": 2, "init_part_assignment": 2, "id": 15}, {"graph": null, "nnodes": 2, "nedges": 1, "density": 1.0, "atomics": "[120, 132]", "group_pop": 2, "init_part_assignment": 6, "id": 16}, {"graph": null, "nnodes": 2, "nedges": 1, "density": 1.0, "atomics": "[24, 36]", "group_pop": 2, "init_part_assignment": 2, "id": 17}, {"graph": null, "nnodes": 2, "nedges": 1, "density": 1.0, "atomics": "[130, 131]", "group_pop": 2, "init_part_assignment": 0, "id": 18}, {"graph": null, "nnodes": 2, "nedges": 1, "density": 1.0, "atomics": "[19, 31]", "group_pop": 2, "init_part_assignment": 4, "id": 19}, {"graph": null, "nnodes": 2, "nedges": 1, "density": 1.0, "atomics": "[83, 71]", "group_pop": 2, "init_part_assignment": 7, "id": 20}, {"graph": null, "nnodes": 2, "nedges": 1, "density": 1.0, "atomics": "[18, 30]", "group_pop": 2, "init_part_assignment": 4, "id": 21}, {"graph": null, "nnodes": 2, "nedges": 1, "density": 1.0, "atomics": "[123, 135]", "group_pop": 2, "init_part_assignment": 8, "id": 22}, {"graph": null, "nnodes": 2, "nedges": 1, "density": 1.0, "atomics": "[10, 22]", "group_pop": 2, "init_part_assignment": 5, "id": 23}, {"graph": null, "nnodes": 2, "nedges": 1, "density": 1.0, "atomics": "[96, 108]", "group_pop": 2, "init_part_assignment": 6, "id": 24}, {"graph": null, "nnodes": 2, "nedges": 1, "density": 1.0, "atomics": "[129, 117]", "group_pop": 2, "init_part_assignment": 0, "id": 25}, {"graph": null, "nnodes": 2, "nedges": 1, "density": 1.0, "atomics": "[12, 13]", "group_pop": 2, "init_part_assignment": 2, "id": 26}, {"graph": null, "nnodes": 2, "nedges": 1, "density": 1.0, "atomics": "[67, 55]", "group_pop": 2, "init_part_assignment": 3, "id": 27}, {"graph": null, "nnodes": 2, "nedges": 1, "density": 1.0, "atomics": "[91, 79]", "group_pop": 2, "init_part_assignment": 3, "id": 28}, {"graph": null, "nnodes": 2, "nedges": 1, "density": 1.0, "atomics": "[57, 58]", "group_pop": 2, "init_part_assignment": 7, "id": 29}, {"graph": null, "nnodes": 2, "nedges": 1, "density": 1.0, "atomics": "[48, 60]", "group_pop": 2, "init_part_assignment": 9, "id": 30}, {"graph": null, "nnodes": 2, "nedges": 1, "density": 1.0, "atomics": "[136, 137]", "group_pop": 2, "init_part_assignment": 8, "id": 31}, {"graph": null, "nnodes": 2, "nedges": 1, "density": 1.0, "atomics": "[124, 125]", "group_pop": 2, "init_part_assignment": 8, "id": 32}, {"graph": null, "nnodes": 2, "nedges": 1, "density": 1.0, "atomics": "[6, 7]", "group_pop": 2, "init_part_assignment": 5, "id": 33}, {"graph": null, "nnodes": 2, "nedges": 1, "density": 1.0, "atomics": "[33, 21]", "group_pop": 2, "init_part_assignment": 4, "id": 34}, {"graph": null, "nnodes": 2, "nedges": 1, "density": 1.0, "atomics": "[0, 1]", "group_pop": 2, "init_part_assignment": 2, "id": 35}, {"graph": null, "nnodes": 2, "nedges": 1, "density": 1.0, "atomics": "[128, 116]", "group_pop": 2, "init_part_assignment": 1, "id": 36}, {"graph": null, "nnodes": 2, "nedges": 1, "density": 1.0, "atomics": "[133, 134]", "group_pop": 2, "init_part_assignment": 6, "id": 37}, {"graph": null, "nnodes": 2, "nedges": 1, "density": 1.0, "atomics": "[121, 122]", "group_pop": 2, "init_part_assignment": 6, "id": 38}, {"graph": null, "nnodes": 2, "nedges": 1, "density": 1.0, "atomics": "[112, 113]", "group_pop": 2, "init_part_assignment": 8, "id": 39}, {"graph": null, "nnodes": 2, "nedges": 1, "density": 1.0, "atomics": "[2, 3]", "group_pop": 2, "init_part_assignment": 2, "id": 40}, {"graph": null, "nnodes": 2, "nedges": 1, "density": 1.0, "atomics": "[17, 5]", "group_pop": 2, "init_part_assignment": 5, "id": 41}, {"graph": null, "nnodes": 2, "nedges": 1, "density": 1.0, "atomics": "[140, 141]", "group_pop": 2, "init_part_assignment": 1, "id": 42}, {"graph": null, "nnodes": 2, "nedges": 1, "density": 1.0, "atomics": "[16, 4]", "group_pop": 2, "init_part_assignment": 4, "id": 43}, {"graph": null, "nnodes": 2, "nedges": 1, "density": 1.0, "atomics": "[97, 98]", "group_pop": 2, "init_part_assignment": 6, "id": 44}, {"graph": null, "nnodes": 2, "nedges": 1, "density": 1.0, "atomics": "[109, 110]", "group_pop": 2, "init_part_assignment": 6, "id": 45}, {"graph": null, "nnodes": 2, "nedges": 1, "density": 1.0, "atomics": "[66, 78]", "group_pop": 2, "init_part_assignment": 3, "id": 46}, {"graph": null, "nnodes": 2, "nedges": 1, "density": 1.0, "atomics": "[14, 15]", "group_pop": 2, "init_part_assignment": 2, "id": 47}, {"graph": null, "nnodes": 2, "nedges": 1, "density": 1.0, "atomics": "[99, 111]", "group_pop": 2, "init_part_assignment": 8, "id": 48}, {"graph": null, "nnodes": 2, "nedges": 1, "density": 1.0, "atomics": "[72, 73]", "group_pop": 2, "init_part_assignment": 9, "id": 49}, {"graph": null, "nnodes": 2, "nedges": 1, "density": 1.0, "atomics": "[84, 85]", "group_pop": 2, "init_part_assignment": 9, "id": 50}, {"graph": null, "nnodes": 2, "nedges": 1, "density": 1.0, "atomics": "[59, 47]", "group_pop": 2, "init_part_assignment": 7, "id": 51}, {"graph": null, "nnodes": 2, "nedges": 1, "density": 1.0, "atomics": "[100, 101]", "group_pop": 2, "init_part_assignment": 8, "id": 52}, {"graph": null, "nnodes": 2, "nedges": 1, "density": 1.0, "atomics": "[64, 52]", "group_pop": 2, "init_part_assignment": 10, "id": 53}, {"graph": null, "nnodes": 2, "nedges": 1, "density": 1.0, "atomics": "[51, 63]", "group_pop": 2, "init_part_assignment": 10, "id": 54}, {"graph": null, "nnodes": 2, "nedges": 1, "density": 1.0, "atomics": "[139, 127]", "group_pop": 2, "init_part_assignment": 1, "id": 55}, {"graph": null, "nnodes": 2, "nedges": 1, "density": 1.0, "atomics": "[106, 94]", "group_pop": 2, "init_part_assignment": 0, "id": 56}, {"graph": null, "nnodes": 2, "nedges": 1, "density": 1.0, "atomics": "[107, 95]", "group_pop": 2, "init_part_assignment": 0, "id": 57}, {"graph": null, "nnodes": 2, "nedges": 1, "density": 1.0, "atomics": "[45, 46]", "group_pop": 2, "init_part_assignment": 7, "id": 58}, {"graph": null, "nnodes": 2, "nedges": 1, "density": 1.0, "atomics": "[56, 44]", "group_pop": 2, "init_part_assignment": 11, "id": 59}, {"graph": null, "nnodes": 2, "nedges": 1, "density": 1.0, "atomics": "[118, 119]", "group_pop": 2, "init_part_assignment": 0, "id": 60}, {"graph": null, "nnodes": 2, "nedges": 1, "density": 1.0, "atomics": "[53, 54]", "group_pop": 2, "init_part_assignment": 3, "id": 61}, {"graph": null, "nnodes": 2, "nedges": 1, "density": 1.0, "atomics": "[115, 103]", "group_pop": 2, "init_part_assignment": 1, "id": 62}, {"graph": null, "nnodes": 2, "nedges": 1, "density": 1.0, "atomics": "[138, 126]", "group_pop": 2, "init_part_assignment": 1, "id": 63}, {"graph": null, "nnodes": 2, "nedges": 1, "density": 1.0, "atomics": "[26, 38]", "group_pop": 2, "init_part_assignment": 11, "id": 64}, {"graph": null, "nnodes": 2, "nedges": 1, "density": 1.0, "atomics": "[114, 102]", "group_pop": 2, "init_part_assignment": 10, "id": 65}, {"graph": null, "nnodes": 2, "nedges": 1, "density": 1.0, "atomics": "[104, 105]", "group_pop": 2, "init_part_assignment": 0, "id": 66}, {"graph": null, "nnodes": 2, "nedges": 1, "density": 1.0, "atomics": "[92, 93]", "group_pop": 2, "init_part_assignment": 3, "id": 67}, {"graph": null, "nnodes": 2, "nedges": 1, "density": 1.0, "atomics": "[27, 39]", "group_pop": 2, "init_part_assignment": 11, "id": 68}, {"graph": null, "nnodes": 2, "nedges": 1, "density": 1.0, "atomics": "[65, 77]", "group_pop": 2, "init_part_assignment": 3, "id": 69}, {"graph": null, "nnodes": 2, "nedges": 1, "density": 1.0, "atomics": "[88, 76]", "group_pop": 2, "init_part_assignment": 10, "id": 70}, {"graph": null, "nnodes": 2, "nedges": 1, "density": 1.0, "atomics": "[89, 90]", "group_pop": 2, "init_part_assignment": 10, "id": 71}], "adjacency": [[{"weight": 2, "random_weight": 0.9691091797121438, "id": 1}, {"weight": 1, "random_weight": 0.05350794005062043, "id": 2}, {"weight": 1, "random_weight": 0.9421332933654013, "id": 28}, {"weight": 2, "random_weight": 0.8639693534327203, "id": 67}], [{"weight": 2, "random_weight": 0.9691091797121438, "id": 0}, {"weight": 1, "random_weight": 0.7810365084480612, "id": 2}, {"weight": 1, "random_weight": 0.8888077014615376, "id": 27}, {"weight": 1, "random_weight": 0.5914805858341109, "id": 29}, {"weight": 1, "random_weight": 0.4573172569624977, "id": 59}], [{"weight": 1, "random_weight": 0.05350794005062043, "id": 0}, {"weight": 1, "random_weight": 0.7810365084480612, "id": 1}, {"weight": 2, "random_weight": 0.3949160816213334, "id": 20}, {"weight": 1, "random_weight": 0.7361811081138171, "id": 29}, {"weight": 1, "random_weight": 0.7662263977320881, "id": 56}], [{"weight": 2, "random_weight": 0.9657070782677832, "id": 4}, {"weight": 1, "random_weight": 0.8828153273683031, "id": 6}, {"weight": 1, "random_weight": 0.8988842761302173, "id": 44}, {"weight": 1, "random_weight": 0.3224017432616234, "id": 49}, {"weight": 1, "random_weight": 0.8627233501943772, "id": 50}], [{"weight": 2, "random_weight": 0.9657070782677832, "id": 3}, {"weight": 1, "random_weight": 0.6435488435443439, "id": 48}, {"weight": 1, "random_weight": 0.12799189954645096, "id": 54}, {"weight": 2, "random_weight": 0.8496146716396626, "id": 70}], [{"weight": 1, "random_weight": 0.15530772125058867, "id": 9}, {"weight": 1, "random_weight": 0.8964194401796244, "id": 19}, {"weight": 1, "random_weight": 0.6670683786879712, "id": 21}, {"weight": 1, "random_weight": 0.7500253217087066, "id": 27}, {"weight": 1, "random_weight": 0.753892603742695, "id": 59}, {"weight": 1, "random_weight": 0.9973086946613196, "id": 61}], [{"weight": 1, "random_weight": 0.8828153273683031, "id": 3}, {"weight": 2, "random_weight": 0.33019666745421095, "id": 14}, {"weight": 1, "random_weight": 0.3963715217140378, "id": 30}, {"weight": 1, "random_weight": 0.19894930025608637, "id": 49}, {"weight": 1, "random_weight": 0.9896689846230216, "id": 54}], [{"weight": 1, "random_weight": 0.6729007994774444, "id": 11}, {"weight": 2, "random_weight": 0.274298754233428, "id": 19}, {"weight": 2, "random_weight": 0.3113415764147748, "id": 34}, {"weight": 1, "random_weight": 0.9103188781763081, "id": 59}], [{"weight": 2, "random_weight": 0.6538575278300647, "id": 18}, {"weight": 1, "random_weight": 0.2726496829847511, "id": 42}], [{"weight": 1, "random_weight": 0.15530772125058867, "id": 5}, {"weight": 2, "random_weight": 0.7170144787146763, "id": 10}, {"weight": 1, "random_weight": 0.6823477755933911, "id": 53}, {"weight": 1, "random_weight": 0.40939061517201725, "id": 61}, {"weight": 1, "random_weight": 0.5774806135569878, "id": 68}], [{"weight": 2, "random_weight": 0.7170144787146763, "id": 9}, {"weight": 1, "random_weight": 0.04580492526372981, "id": 21}, {"weight": 1, "random_weight": 0.26773073805928815, "id": 41}, {"weight": 1, "random_weight": 0.3533448318565289, "id": 43}, {"weight": 1, "random_weight": 0.9470431389735378, "id": 68}], [{"weight": 1, "random_weight": 0.6729007994774444, "id": 7}, {"weight": 1, "random_weight": 0.6831456920700324, "id": 23}, {"weight": 1, "random_weight": 0.03811567562038709, "id": 33}, {"weight": 1, "random_weight": 0.3862920597908587, "id": 34}], [{"weight": 1, "random_weight": 0.22606575855834588, "id": 13}, {"weight": 1, "random_weight": 0.8169357987927106, "id": 23}, {"weight": 1, "random_weight": 0.9071765734679818, "id": 34}, {"weight": 1, "random_weight": 0.4947014167695162, "id": 51}, {"weight": 1, "random_weight": 0.8459075600809497, "id": 58}], [{"weight": 1, "random_weight": 0.22606575855834588, "id": 12}, {"weight": 2, "random_weight": 0.3938621957148817, "id": 23}], [{"weight": 2, "random_weight": 0.33019666745421095, "id": 6}, {"weight": 1, "random_weight": 0.7068603703326711, "id": 15}, {"weight": 1, "random_weight": 0.42547479882416606, "id": 30}, {"weight": 1, "random_weight": 0.7036575206694649, "id": 54}, {"weight": 1, "random_weight": 0.3976985699830341, "id": 64}], [{"weight": 1, "random_weight": 0.7068603703326711, "id": 14}, {"weight": 2, "random_weight": 0.1574036302367634, "id": 17}, {"weight": 1, "random_weight": 0.9778309331137786, "id": 26}, {"weight": 2, "random_weight": 0.5241352961557276, "id": 64}], [{"weight": 1, "random_weight": 0.0525142008526287, "id": 24}, {"weight": 1, "random_weight": 0.4779672188417391, "id": 37}, {"weight": 1, "random_weight": 0.35215866385288086, "id": 38}], [{"weight": 2, "random_weight": 0.1574036302367634, "id": 15}, {"weight": 1, "random_weight": 0.03846639180313993, "id": 26}, {"weight": 1, "random_weight": 0.5828883631638151, "id": 30}], [{"weight": 2, "random_weight": 0.6538575278300647, "id": 8}, {"weight": 1, "random_weight": 0.5317114621658112, "id": 25}, {"weight": 2, "random_weight": 0.3156030883590969, "id": 60}], [{"weight": 1, "random_weight": 0.8964194401796244, "id": 5}, {"weight": 2, "random_weight": 0.274298754233428, "id": 7}, {"weight": 2, "random_weight": 0.10106485160319056, "id": 21}, {"weight": 1, "random_weight": 0.1925183520735958, "id": 33}], [{"weight": 2, "random_weight": 0.3949160816213334, "id": 2}, {"weight": 1, "random_weight": 0.3546881978607952, "id": 51}, {"weight": 1, "random_weight": 0.8064804855721043, "id": 57}], [{"weight": 1, "random_weight": 0.6670683786879712, "id": 5}, {"weight": 1, "random_weight": 0.04580492526372981, "id": 10}, {"weight": 2, "random_weight": 0.10106485160319056, "id": 19}, {"weight": 1, "random_weight": 0.1154518975707799, "id": 33}, {"weight": 1, "random_weight": 0.27996051136711275, "id": 41}], [{"weight": 1, "random_weight": 0.13482710394581365, "id": 31}, {"weight": 1, "random_weight": 0.5931713722156955, "id": 32}, {"weight": 1, "random_weight": 0.4240879053169917, "id": 37}, {"weight": 1, "random_weight": 0.88511701156688, "id": 38}, {"weight": 1, "random_weight": 0.15005680578318625, "id": 48}], [{"weight": 1, "random_weight": 0.6831456920700324, "id": 11}, {"weight": 1, "random_weight": 0.8169357987927106, "id": 12}, {"weight": 2, "random_weight": 0.3938621957148817, "id": 13}, {"weight": 1, "random_weight": 0.8231837494381824, "id": 34}], [{"weight": 1, "random_weight": 0.0525142008526287, "id": 16}, {"weight": 1, "random_weight": 0.9436677823993953, "id": 44}, {"weight": 1, "random_weight": 0.9370068727837193, "id": 45}, {"weight": 1, "random_weight": 0.9495633060079138, "id": 50}], [{"weight": 1, "random_weight": 0.5317114621658112, "id": 18}, {"weight": 2, "random_weight": 0.7364303025970573, "id": 36}, {"weight": 1, "random_weight": 0.9811988692933512, "id": 42}, {"weight": 1, "random_weight": 0.37409192915545364, "id": 60}, {"weight": 1, "random_weight": 0.44904772039360563, "id": 66}], [{"weight": 1, "random_weight": 0.9778309331137786, "id": 15}, {"weight": 1, "random_weight": 0.03846639180313993, "id": 17}, {"weight": 2, "random_weight": 0.7507662029721923, "id": 35}, {"weight": 1, "random_weight": 0.22652424721429254, "id": 47}], [{"weight": 1, "random_weight": 0.8888077014615376, "id": 1}, {"weight": 1, "random_weight": 0.7500253217087066, "id": 5}, {"weight": 1, "random_weight": 0.22392795258628873, "id": 28}, {"weight": 1, "random_weight": 0.4894040841688393, "id": 46}, {"weight": 1, "random_weight": 0.7426627710258801, "id": 59}, {"weight": 1, "random_weight": 0.41247629737995906, "id": 61}], [{"weight": 1, "random_weight": 0.9421332933654013, "id": 0}, {"weight": 1, "random_weight": 0.22392795258628873, "id": 27}, {"weight": 1, "random_weight": 0.8621980209437178, "id": 46}, {"weight": 1, "random_weight": 0.22322291871721955, "id": 62}, {"weight": 1, "random_weight": 0.00962158161086657, "id": 67}, {"weight": 1, "random_weight": 0.566704257345609, "id": 71}], [{"weight": 1, "random_weight": 0.5914805858341109, "id": 1}, {"weight": 1, "random_weight": 0.7361811081138171, "id": 2}, {"weight": 1, "random_weight": 0.3474954689014992, "id": 51}, {"weight": 2, "random_weight": 0.04290803012971356, "id": 58}, {"weight": 1, "random_weight": 0.20962680139699585, "id": 59}], [{"weight": 1, "random_weight": 0.3963715217140378, "id": 6}, {"weight": 1, "random_weight": 0.42547479882416606, "id": 14}, {"weight": 1, "random_weight": 0.5828883631638151, "id": 17}, {"weight": 1, "random_weight": 0.8096225492472353, "id": 49}], [{"weight": 1, "random_weight": 0.13482710394581365, "id": 22}, {"weight": 2, "random_weight": 0.15642818727382524, "id": 32}, {"weight": 1, "random_weight": 0.6564726541279503, "id": 63}], [{"weight": 1, "random_weight": 0.5931713722156955, "id": 22}, {"weight": 2, "random_weight": 0.15642818727382524, "id": 31}, {"weight": 2, "random_weight": 0.3135605936398047, "id": 39}, {"weight": 1, "random_weight": 0.5434879596054855, "id": 63}], [{"weight": 1, "random_weight": 0.03811567562038709, "id": 11}, {"weight": 1, "random_weight": 0.1925183520735958, "id": 19}, {"weight": 1, "random_weight": 0.1154518975707799, "id": 21}, {"weight": 1, "random_weight": 0.48017280882411606, "id": 41}], [{"weight": 2, "random_weight": 0.3113415764147748, "id": 7}, {"weight": 1, "random_weight": 0.3862920597908587, "id": 11}, {"weight": 1, "random_weight": 0.9071765734679818, "id": 12}, {"weight": 1, "random_weight": 0.8231837494381824, "id": 23}, {"weight": 1, "random_weight": 0.5971576214017036, "id": 58}], [{"weight": 2, "random_weight": 0.7507662029721923, "id": 26}, {"weight": 1, "random_weight": 0.3970685438027094, "id": 40}], [{"weight": 2, "random_weight": 0.7364303025970573, "id": 25}, {"weight": 1, "random_weight": 0.23977594547596093, "id": 42}, {"weight": 1, "random_weight": 0.3451480477221822, "id": 55}, {"weight": 1, "random_weight": 0.12048400772220602, "id": 62}, {"weight": 1, "random_weight": 0.6050609131844122, "id": 66}], [{"weight": 1, "random_weight": 0.4779672188417391, "id": 16}, {"weight": 1, "random_weight": 0.4240879053169917, "id": 22}, {"weight": 2, "random_weight": 0.3446269467830505, "id": 38}], [{"weight": 1, "random_weight": 0.35215866385288086, "id": 16}, {"weight": 1, "random_weight": 0.88511701156688, "id": 22}, {"weight": 2, "random_weight": 0.3446269467830505, "id": 37}, {"weight": 2, "random_weight": 0.5545006638032068, "id": 45}], [{"weight": 2, "random_weight": 0.3135605936398047, "id": 32}, {"weight": 1, "random_weight": 0.4613320487966628, "id": 48}, {"weight": 2, "random_weight": 0.3716999433445902, "id": 52}, {"weight": 1, "random_weight": 0.43483824919370284, "id": 65}], [{"weight": 1, "random_weight": 0.3970685438027094, "id": 35}, {"weight": 1, "random_weight": 0.7849033465044998, "id": 43}, {"weight": 2, "random_weight": 0.5384674377654934, "id": 47}], [{"weight": 1, "random_weight": 0.26773073805928815, "id": 10}, {"weight": 1, "random_weight": 0.27996051136711275, "id": 21}, {"weight": 1, "random_weight": 0.48017280882411606, "id": 33}, {"weight": 2, "random_weight": 0.5516836753775709, "id": 43}], [{"weight": 1, "random_weight": 0.2726496829847511, "id": 8}, {"weight": 1, "random_weight": 0.9811988692933512, "id": 25}, {"weight": 1, "random_weight": 0.23977594547596093, "id": 36}, {"weight": 1, "random_weight": 0.9995186296782544, "id": 55}], [{"weight": 1, "random_weight": 0.3533448318565289, "id": 10}, {"weight": 1, "random_weight": 0.7849033465044998, "id": 40}, {"weight": 2, "random_weight": 0.5516836753775709, "id": 41}, {"weight": 1, "random_weight": 0.7146705245730367, "id": 47}], [{"weight": 1, "random_weight": 0.8988842761302173, "id": 3}, {"weight": 1, "random_weight": 0.9436677823993953, "id": 24}, {"weight": 2, "random_weight": 0.37275717851395995, "id": 45}, {"weight": 1, "random_weight": 0.7250253977085684, "id": 48}, {"weight": 1, "random_weight": 0.7929170802541774, "id": 50}], [{"weight": 1, "random_weight": 0.9370068727837193, "id": 24}, {"weight": 2, "random_weight": 0.5545006638032068, "id": 38}, {"weight": 2, "random_weight": 0.37275717851395995, "id": 44}, {"weight": 1, "random_weight": 0.9911392983268659, "id": 48}], [{"weight": 1, "random_weight": 0.4894040841688393, "id": 27}, {"weight": 1, "random_weight": 0.8621980209437178, "id": 28}, {"weight": 1, "random_weight": 0.12557092687380378, "id": 61}, {"weight": 2, "random_weight": 0.13213820364706563, "id": 69}, {"weight": 1, "random_weight": 0.3622954792476545, "id": 71}], [{"weight": 1, "random_weight": 0.22652424721429254, "id": 26}, {"weight": 2, "random_weight": 0.5384674377654934, "id": 40}, {"weight": 1, "random_weight": 0.7146705245730367, "id": 43}, {"weight": 1, "random_weight": 0.9163999450839069, "id": 64}, {"weight": 1, "random_weight": 0.29734456320477964, "id": 68}], [{"weight": 1, "random_weight": 0.6435488435443439, "id": 4}, {"weight": 1, "random_weight": 0.15005680578318625, "id": 22}, {"weight": 1, "random_weight": 0.4613320487966628, "id": 39}, {"weight": 1, "random_weight": 0.7250253977085684, "id": 44}, {"weight": 1, "random_weight": 0.9911392983268659, "id": 45}, {"weight": 1, "random_weight": 0.28547104696281, "id": 52}], [{"weight": 1, "random_weight": 0.3224017432616234, "id": 3}, {"weight": 1, "random_weight": 0.19894930025608637, "id": 6}, {"weight": 1, "random_weight": 0.8096225492472353, "id": 30}, {"weight": 2, "random_weight": 0.26192823791709363, "id": 50}], [{"weight": 1, "random_weight": 0.8627233501943772, "id": 3}, {"weight": 1, "random_weight": 0.9495633060079138, "id": 24}, {"weight": 1, "random_weight": 0.7929170802541774, "id": 44}, {"weight": 2, "random_weight": 0.26192823791709363, "id": 49}], [{"weight": 1, "random_weight": 0.4947014167695162, "id": 12}, {"weight": 1, "random_weight": 0.3546881978607952, "id": 20}, {"weight": 1, "random_weight": 0.3474954689014992, "id": 29}, {"weight": 1, "random_weight": 0.3044973083646505, "id": 58}], [{"weight": 2, "random_weight": 0.3716999433445902, "id": 39}, {"weight": 1, "random_weight": 0.28547104696281, "id": 48}, {"weight": 1, "random_weight": 0.10433475650176016, "id": 65}, {"weight": 1, "random_weight": 0.913990131633805, "id": 70}, {"weight": 1, "random_weight": 0.6134316002563288, "id": 71}], [{"weight": 1, "random_weight": 0.6823477755933911, "id": 9}, {"weight": 2, "random_weight": 0.2363159333057807, "id": 54}, {"weight": 1, "random_weight": 0.810809943112145, "id": 61}, {"weight": 1, "random_weight": 0.8383032697847073, "id": 69}, {"weight": 1, "random_weight": 0.9717334371852849, "id": 70}], [{"weight": 1, "random_weight": 0.12799189954645096, "id": 4}, {"weight": 1, "random_weight": 0.9896689846230216, "id": 6}, {"weight": 1, "random_weight": 0.7036575206694649, "id": 14}, {"weight": 2, "random_weight": 0.2363159333057807, "id": 53}, {"weight": 1, "random_weight": 0.0582408962435077, "id": 68}], [{"weight": 1, "random_weight": 0.3451480477221822, "id": 36}, {"weight": 1, "random_weight": 0.9995186296782544, "id": 42}, {"weight": 1, "random_weight": 0.9329879448800563, "id": 62}, {"weight": 2, "random_weight": 0.19076906936205784, "id": 63}], [{"weight": 1, "random_weight": 0.7662263977320881, "id": 2}, {"weight": 2, "random_weight": 0.6327363813786608, "id": 57}, {"weight": 1, "random_weight": 0.3220140674223875, "id": 60}, {"weight": 1, "random_weight": 0.9120080186230769, "id": 66}, {"weight": 1, "random_weight": 0.671593886500314, "id": 67}], [{"weight": 1, "random_weight": 0.8064804855721043, "id": 20}, {"weight": 2, "random_weight": 0.6327363813786608, "id": 56}, {"weight": 1, "random_weight": 0.9457859932637097, "id": 60}], [{"weight": 1, "random_weight": 0.8459075600809497, "id": 12}, {"weight": 2, "random_weight": 0.04290803012971356, "id": 29}, {"weight": 1, "random_weight": 0.5971576214017036, "id": 34}, {"weight": 1, "random_weight": 0.3044973083646505, "id": 51}, {"weight": 1, "random_weight": 0.6427020415525634, "id": 59}], [{"weight": 1, "random_weight": 0.4573172569624977, "id": 1}, {"weight": 1, "random_weight": 0.753892603742695, "id": 5}, {"weight": 1, "random_weight": 0.9103188781763081, "id": 7}, {"weight": 1, "random_weight": 0.7426627710258801, "id": 27}, {"weight": 1, "random_weight": 0.20962680139699585, "id": 29}, {"weight": 1, "random_weight": 0.6427020415525634, "id": 58}], [{"weight": 2, "random_weight": 0.3156030883590969, "id": 18}, {"weight": 1, "random_weight": 0.37409192915545364, "id": 25}, {"weight": 1, "random_weight": 0.3220140674223875, "id": 56}, {"weight": 1, "random_weight": 0.9457859932637097, "id": 57}], [{"weight": 1, "random_weight": 0.9973086946613196, "id": 5}, {"weight": 1, "random_weight": 0.40939061517201725, "id": 9}, {"weight": 1, "random_weight": 0.41247629737995906, "id": 27}, {"weight": 1, "random_weight": 0.12557092687380378, "id": 46}, {"weight": 1, "random_weight": 0.810809943112145, "id": 53}, {"weight": 1, "random_weight": 0.564912488142062, "id": 69}], [{"weight": 1, "random_weight": 0.22322291871721955, "id": 28}, {"weight": 1, "random_weight": 0.12048400772220602, "id": 36}, {"weight": 1, "random_weight": 0.9329879448800563, "id": 55}, {"weight": 2, "random_weight": 0.5773216725894608, "id": 65}, {"weight": 1, "random_weight": 0.8406551751568642, "id": 66}], [{"weight": 1, "random_weight": 0.6564726541279503, "id": 31}, {"weight": 1, "random_weight": 0.5434879596054855, "id": 32}, {"weight": 2, "random_weight": 0.19076906936205784, "id": 55}, {"weight": 1, "random_weight": 0.9573798549864959, "id": 65}], [{"weight": 1, "random_weight": 0.3976985699830341, "id": 14}, {"weight": 2, "random_weight": 0.5241352961557276, "id": 15}, {"weight": 1, "random_weight": 0.9163999450839069, "id": 47}, {"weight": 2, "random_weight": 0.7844861414480311, "id": 68}], [{"weight": 1, "random_weight": 0.43483824919370284, "id": 39}, {"weight": 1, "random_weight": 0.10433475650176016, "id": 52}, {"weight": 2, "random_weight": 0.5773216725894608, "id": 62}, {"weight": 1, "random_weight": 0.9573798549864959, "id": 63}, {"weight": 1, "random_weight": 0.832282824987928, "id": 71}], [{"weight": 1, "random_weight": 0.44904772039360563, "id": 25}, {"weight": 1, "random_weight": 0.6050609131844122, "id": 36}, {"weight": 1, "random_weight": 0.9120080186230769, "id": 56}, {"weight": 1, "random_weight": 0.8406551751568642, "id": 62}, {"weight": 2, "random_weight": 0.7432080992287238, "id": 67}], [{"weight": 2, "random_weight": 0.8639693534327203, "id": 0}, {"weight": 1, "random_weight": 0.00962158161086657, "id": 28}, {"weight": 1, "random_weight": 0.671593886500314, "id": 56}, {"weight": 2, "random_weight": 0.7432080992287238, "id": 66}], [{"weight": 1, "random_weight": 0.5774806135569878, "id": 9}, {"weight": 1, "random_weight": 0.9470431389735378, "id": 10}, {"weight": 1, "random_weight": 0.29734456320477964, "id": 47}, {"weight": 1, "random_weight": 0.0582408962435077, "id": 54}, {"weight": 2, "random_weight": 0.7844861414480311, "id": 64}], [{"weight": 2, "random_weight": 0.13213820364706563, "id": 46}, {"weight": 1, "random_weight": 0.8383032697847073, "id": 53}, {"weight": 1, "random_weight": 0.564912488142062, "id": 61}, {"weight": 1, "random_weight": 0.235430261182053, "id": 70}, {"weight": 1, "random_weight": 0.29725403249027627, "id": 71}], [{"weight": 2, "random_weight": 0.8496146716396626, "id": 4}, {"weight": 1, "random_weight": 0.913990131633805, "id": 52}, {"weight": 1, "random_weight": 0.9717334371852849, "id": 53}, {"weight": 1, "random_weight": 0.235430261182053, "id": 69}, {"weight": 1, "random_weight": 0.22378428088113178, "id": 71}], [{"weight": 1, "random_weight": 0.566704257345609, "id": 28}, {"weight": 1, "random_weight": 0.3622954792476545, "id": 46}, {"weight": 1, "random_weight": 0.6134316002563288, "id": 52}, {"weight": 1, "random_weight": 0.832282824987928, "id": 65}, {"weight": 1, "random_weight": 0.29725403249027627, "id": 69}, {"weight": 1, "random_weight": 0.22378428088113178, "id": 70}]]}