{"directed": false, "multigraph": false, "graph": [], "nodes": [{"graph": null, "nnodes": 2, "nedges": 1, "density": 1.0, "atomics": "[80, 81]", "group_pop": 2, "init_part_assignment": 10, "id": 0}, {"graph": null, "nnodes": 2, "nedges": 1, "density": 1.0, "atomics": "[68, 69]", "group_pop": 2, "init_part_assignment": 10, "id": 1}, {"graph": null, "nnodes": 2, "nedges": 1, "density": 1.0, "atomics": "[82, 83]", "group_pop": 2, "init_part_assignment": 7, "id": 2}, {"graph": null, "nnodes": 2, "nedges": 1, "density": 1.0, "atomics": "[70, 71]", "group_pop": 2, "init_part_assignment": 7, "id": 3}, {"graph": null, "nnodes": 2, "nedges": 1, "density": 1.0, "atomics": "[74, 86]", "group_pop": 2, "init_part_assignment": 4, "id": 4}, {"graph": null, "nnodes": 2, "nedges": 1, "density": 1.0, "atomics": "[75, 87]", "group_pop": 2, "init_part_assignment": 4, "id": 5}, {"graph": null, "nnodes": 2, "nedges": 1, "density": 1.0, "atomics": "[41, 42]", "group_pop": 2, "init_part_assignment": 11, "id": 6}, {"graph": null, "nnodes": 2, "nedges": 1, "density": 1.0, "atomics": "[43, 44]", "group_pop": 2, "init_part_assignment": 11, "id": 7}, {"graph": null, "nnodes": 2, "nedges": 1, "density": 1.0, "atomics": "[60, 61]", "group_pop": 2, "init_part_assignment": 2, "id": 8}, {"graph": null, "nnodes": 2, "nedges": 1, "density": 1.0, "atomics": "[62, 63]", "group_pop": 2, "init_part_assignment": 2, "id": 9}, {"graph": null, "nnodes": 2, "nedges": 1, "density": 1.0, "atomics": "[32, 31]", "group_pop": 2, "init_part_assignment": 11, "id": 10}, {"graph": null, "nnodes": 2, "nedges": 1, "density": 1.0, "atomics": "[20, 21]", "group_pop": 2, "init_part_assignment": 3, "id": 11}, {"graph": null, "nnodes": 2, "nedges": 1, "density": 1.0, "atomics": "[141, 142]", "group_pop": 2, "init_part_assignment": 6, "id": 12}, {"graph": null, "nnodes": 2, "nedges": 1, "density": 1.0, "atomics": "[131, 143]", "group_pop": 2, "init_part_assignment": 6, "id": 13}, {"graph": null, "nnodes": 2, "nedges": 1, "density": 1.0, "atomics": "[29, 30]", "group_pop": 2, "init_part_assignment": 11, "id": 14}, {"graph": null, "nnodes": 2, "nedges": 1, "density": 1.0, "atomics": "[8, 9]", "group_pop": 2, "init_part_assignment": 5, "id": 15}, {"graph": null, "nnodes": 2, "nedges": 1, "density": 1.0, "atomics": "[34, 22]", "group_pop": 2, "init_part_assignment": 3, "id": 16}, {"graph": null, "nnodes": 2, "nedges": 1, "density": 1.0, "atomics": "[35, 23]", "group_pop": 2, "init_part_assignment": 3, "id": 17}, {"graph": null, "nnodes": 2, "nedges": 1, "density": 1.0, "atomics": "[10, 11]", "group_pop": 2, "init_part_assignment": 5, "id": 18}, {"graph": null, "nnodes": 2, "nedges": 1, "density": 1.0, "atomics": "[49, 37]", "group_pop": 2, "init_part_assignment": 2, "id": 19}, {"graph": null, "nnodes": 2, "nedges": 1, "density": 1.0, "atomics": "[120, 108]", "group_pop": 2, "init_part_assignment": 4, "id": 20}, {"graph": null, "nnodes": 2, "nedges": 1, "density": 1.0, "atomics": "[132, 133]", "group_pop": 2, "init_part_assignment": 8, "id": 21}, {"graph": null, "nnodes": 2, "nedges": 1, "density": 1.0, "atomics": "[24, 25]", "group_pop": 2, "init_part_assignment": 0, "id": 22}, {"graph": null, "nnodes": 2, "nedges": 1, "density": 1.0, "atomics": "[48, 36]", "group_pop": 2, "init_part_assignment": 2, "id": 23}, {"graph": null, "nnodes": 2, "nedges": 1, "density": 1.0, "atomics": "[129, 130]", "group_pop": 2, "init_part_assignment": 6, "id": 24}, {"graph": null, "nnodes": 2, "nedges": 1, "density": 1.0, "atomics": "[18, 19]", "group_pop": 2, "init_part_assignment": 5, "id": 25}, {"graph": null, "nnodes": 2, "nedges": 1, "density": 1.0, "atomics": "[122, 123]", "group_pop": 2, "init_part_assignment": 8, "id": 26}, {"graph": null, "nnodes": 2, "nedges": 1, "density": 1.0, "atomics": "[134, 135]", "group_pop": 2, "init_part_assignment": 8, "id": 27}, {"graph": null, "nnodes": 2, "nedges": 1, "density": 1.0, "atomics": "[96, 97]", "group_pop": 2, "init_part_assignment": 4, "id": 28}, {"graph": null, "nnodes": 2, "nedges": 1, "density": 1.0, "atomics": "[105, 117]", "group_pop": 2, "init_part_assignment": 6, "id": 29}, {"graph": null, "nnodes": 2, "nedges": 1, "density": 1.0, "atomics": "[1, 13]", "group_pop": 2, "init_part_assignment": 0, "id": 30}, {"graph": null, "nnodes": 2, "nedges": 1, "density": 1.0, "atomics": "[67, 55]", "group_pop": 2, "init_part_assignment": 10, "id": 31}, {"graph": null, "nnodes": 2, "nedges": 1, "density": 1.0, "atomics": "[91, 79]", "group_pop": 2, "init_part_assignment": 10, "id": 32}, {"graph": null, "nnodes": 2, "nedges": 1, "density": 1.0, "atomics": "[56, 57]", "group_pop": 2, "init_part_assignment": 10, "id": 33}, {"graph": null, "nnodes": 2, "nedges": 1, "density": 1.0, "atomics": "[58, 46]", "group_pop": 2, "init_part_assignment": 3, "id": 34}, {"graph": null, "nnodes": 2, "nedges": 1, "density": 1.0, "atomics": "[136, 124]", "group_pop": 2, "init_part_assignment": 9, "id": 35}, {"graph": null, "nnodes": 2, "nedges": 1, "density": 1.0, "atomics": "[6, 7]", "group_pop": 2, "init_part_assignment": 5, "id": 36}, {"graph": null, "nnodes": 2, "nedges": 1, "density": 1.0, "atomics": "[33, 45]", "group_pop": 2, "init_part_assignment": 3, "id": 37}, {"graph": null, "nnodes": 2, "nedges": 1, "density": 1.0, "atomics": "[40, 28]", "group_pop": 2, "init_part_assignment": 11, "id": 38}, {"graph": null, "nnodes": 2, "nedges": 1, "density": 1.0, "atomics": "[0, 12]", "group_pop": 2, "init_part_assignment": 0, "id": 39}, {"graph": null, "nnodes": 2, "nedges": 1, "density": 1.0, "atomics": "[128, 140]", "group_pop": 2, "init_part_assignment": 6, "id": 40}, {"graph": null, "nnodes": 2, "nedges": 1, "density": 1.0, "atomics": "[104, 116]", "group_pop": 2, "init_part_assignment": 7, "id": 41}, {"graph": null, "nnodes": 2, "nedges": 1, "density": 1.0, "atomics": "[121, 109]", "group_pop": 2, "init_part_assignment": 8, "id": 42}, {"graph": null, "nnodes": 2, "nedges": 1, "density": 1.0, "atomics": "[112, 100]", "group_pop": 2, "init_part_assignment": 9, "id": 43}, {"graph": null, "nnodes": 2, "nedges": 1, "density": 1.0, "atomics": "[113, 114]", "group_pop": 2, "init_part_assignment": 1, "id": 44}, {"graph": null, "nnodes": 2, "nedges": 1, "density": 1.0, "atomics": "[2, 3]", "group_pop": 2, "init_part_assignment": 0, "id": 45}, {"graph": null, "nnodes": 2, "nedges": 1, "density": 1.0, "atomics": "[17, 5]", "group_pop": 2, "init_part_assignment": 5, "id": 46}, {"graph": null, "nnodes": 2, "nedges": 1, "density": 1.0, "atomics": "[16, 4]", "group_pop": 2, "init_part_assignment": 5, "id": 47}, {"graph": null, "nnodes": 2, "nedges": 1, "density": 1.0, "atomics": "[137, 125]", "group_pop": 2, "init_part_assignment": 1, "id": 48}, {"graph": null, "nnodes": 2, "nedges": 1, "density": 1.0, "atomics": "[66, 54]", "group_pop": 2, "init_part_assignment": 10, "id": 49}, {"graph": null, "nnodes": 2, "nedges": 1, "density": 1.0, "atomics": "[77, 78]", "group_pop": 2, "init_part_assignment": 9, "id": 50}, {"graph": null, "nnodes": 2, "nedges": 1, "density": 1.0, "atomics": "[14, 15]", "group_pop": 2, "init_part_assignment": 0, "id": 51}, {"graph": null, "nnodes": 2, "nedges": 1, "density": 1.0, "atomics": "[98, 110]", "group_pop": 2, "init_part_assignment": 8, "id": 52}, {"graph": null, "nnodes": 2, "nedges": 1, "density": 1.0, "atomics": "[99, 111]", "group_pop": 2, "init_part_assignment": 8, "id": 53}, {"graph": null, "nnodes": 2, "nedges": 1, "density": 1.0, "atomics": "[72, 73]", "group_pop": 2, "init_part_assignment": 4, "id": 54}, {"graph": null, "nnodes": 2, "nedges": 1, "density": 1.0, "atomics": "[84, 85]", "group_pop": 2, "init_part_assignment": 4, "id": 55}, {"graph": null, "nnodes": 2, "nedges": 1, "density": 1.0, "atomics": "[59, 47]", "group_pop": 2, "init_part_assignment": 3, "id": 56}, {"graph": null, "nnodes": 2, "nedges": 1, "density": 1.0, "atomics": "[101, 102]", "group_pop": 2, "init_part_assignment": 1, "id": 57}, {"graph": null, "nnodes": 2, "nedges": 1, "density": 1.0, "atomics": "[64, 52]", "group_pop": 2, "init_part_assignment": 2, "id": 58}, {"graph": null, "nnodes": 2, "nedges": 1, "density": 1.0, "atomics": "[139, 127]", "group_pop": 2, "init_part_assignment": 1, "id": 59}, {"graph": null, "nnodes": 2, "nedges": 1, "density": 1.0, "atomics": "[94, 95]", "group_pop": 2, "init_part_assignment": 7, "id": 60}, {"graph": null, "nnodes": 2, "nedges": 1, "density": 1.0, "atomics": "[106, 107]", "group_pop": 2, "init_part_assignment": 7, "id": 61}, {"graph": null, "nnodes": 2, "nedges": 1, "density": 1.0, "atomics": "[118, 119]", "group_pop": 2, "init_part_assignment": 6, "id": 62}, {"graph": null, "nnodes": 2, "nedges": 1, "density": 1.0, "atomics": "[115, 103]", "group_pop": 2, "init_part_assignment": 1, "id": 63}, {"graph": null, "nnodes": 2, "nedges": 1, "density": 1.0, "atomics": "[138, 126]", "group_pop": 2, "init_part_assignment": 1, "id": 64}, {"graph": null, "nnodes": 2, "nedges": 1, "density": 1.0, "atomics": "[50, 51]", "group_pop": 2, "init_part_assignment": 2, "id": 65}, {"graph": null, "nnodes": 2, "nedges": 1, "density": 1.0, "atomics": "[26, 38]", "group_pop": 2, "init_part_assignment": 0, "id": 66}, {"graph": null, "nnodes": 2, "nedges": 1, "density": 1.0, "atomics": "[92, 93]", "group_pop": 2, "init_part_assignment": 7, "id": 67}, {"graph": null, "nnodes": 2, "nedges": 1, "density": 1.0, "atomics": "[27, 39]", "group_pop": 2, "init_part_assignment": 11, "id": 68}, {"graph": null, "nnodes": 2, "nedges": 1, "density": 1.0, "atomics": "[65, 53]", "group_pop": 2, "init_part_assignment": 9, "id": 69}, {"graph": null, "nnodes": 2, "nedges": 1, "density": 1.0, "atomics": "[88, 76]", "group_pop": 2, "init_part_assignment": 9, "id": 70}, {"graph": null, "nnodes": 2, "nedges": 1, "density": 1.0, "atomics": "[89, 90]", "group_pop": 2, "init_part_assignment": 9, "id": 71}], "adjacency": [[{"weight": 2, "random_weight": 0.5849989075347418, "id": 1}, {"weight": 1, "random_weight": 0.3088420802982763, "id": 2}, {"weight": 1, "random_weight": 0.9809363315688874, "id": 32}, {"weight": 2, "random_weight": 0.6786666134469249, "id": 67}], [{"weight": 2, "random_weight": 0.5849989075347418, "id": 0}, {"weight": 1, "random_weight": 0.9144101170108323, "id": 3}, {"weight": 1, "random_weight": 0.22013894433673575, "id": 31}, {"weight": 2, "random_weight": 0.16944106682905835, "id": 33}], [{"weight": 1, "random_weight": 0.3088420802982763, "id": 0}, {"weight": 2, "random_weight": 0.7819320862018614, "id": 3}, {"weight": 2, "random_weight": 0.1984918837133519, "id": 60}], [{"weight": 1, "random_weight": 0.9144101170108323, "id": 1}, {"weight": 2, "random_weight": 0.7819320862018614, "id": 2}, {"weight": 1, "random_weight": 0.9664639945607189, "id": 34}, {"weight": 1, "random_weight": 0.9918754377256225, "id": 56}], [{"weight": 2, "random_weight": 0.555670590418015, "id": 5}, {"weight": 1, "random_weight": 0.6982864480422448, "id": 9}, {"weight": 1, "random_weight": 0.5574438155843185, "id": 52}, {"weight": 1, "random_weight": 0.1860858724108979, "id": 54}, {"weight": 1, "random_weight": 0.9043307567247061, "id": 55}], [{"weight": 2, "random_weight": 0.555670590418015, "id": 4}, {"weight": 1, "random_weight": 0.47302930506179997, "id": 9}, {"weight": 1, "random_weight": 0.9970150696453535, "id": 53}, {"weight": 2, "random_weight": 0.8972440060418101, "id": 70}], [{"weight": 1, "random_weight": 0.33442568934510053, "id": 7}, {"weight": 2, "random_weight": 0.41977575869600536, "id": 14}, {"weight": 1, "random_weight": 0.1797920101123025, "id": 38}, {"weight": 1, "random_weight": 0.8350006559309654, "id": 49}, {"weight": 1, "random_weight": 0.8081254758447706, "id": 69}], [{"weight": 1, "random_weight": 0.33442568934510053, "id": 6}, {"weight": 2, "random_weight": 0.6272971183561857, "id": 10}, {"weight": 1, "random_weight": 0.9560170736691576, "id": 31}, {"weight": 1, "random_weight": 0.49613986477502725, "id": 33}, {"weight": 1, "random_weight": 0.7180858243193049, "id": 37}], [{"weight": 1, "random_weight": 0.08515147566347192, "id": 9}, {"weight": 1, "random_weight": 0.19436208587790493, "id": 19}, {"weight": 1, "random_weight": 0.3957699060922394, "id": 23}, {"weight": 2, "random_weight": 0.6744447248792435, "id": 54}], [{"weight": 1, "random_weight": 0.6982864480422448, "id": 4}, {"weight": 1, "random_weight": 0.47302930506179997, "id": 5}, {"weight": 1, "random_weight": 0.08515147566347192, "id": 8}, {"weight": 1, "random_weight": 0.3295487977115177, "id": 58}, {"weight": 2, "random_weight": 0.16630542391130332, "id": 65}], [{"weight": 2, "random_weight": 0.6272971183561857, "id": 7}, {"weight": 1, "random_weight": 0.9108580533893429, "id": 11}, {"weight": 1, "random_weight": 0.9709431114444698, "id": 14}, {"weight": 1, "random_weight": 0.9661666100558642, "id": 25}, {"weight": 1, "random_weight": 0.4239134518996045, "id": 37}], [{"weight": 1, "random_weight": 0.9108580533893429, "id": 10}, {"weight": 2, "random_weight": 0.7923427261163627, "id": 15}, {"weight": 1, "random_weight": 0.8638959314077247, "id": 16}, {"weight": 1, "random_weight": 0.2905060986093442, "id": 25}, {"weight": 1, "random_weight": 0.2475522434624562, "id": 37}], [{"weight": 1, "random_weight": 0.4342354134182015, "id": 13}, {"weight": 2, "random_weight": 0.7056733939478023, "id": 24}, {"weight": 1, "random_weight": 0.7616138492071349, "id": 40}], [{"weight": 1, "random_weight": 0.4342354134182015, "id": 12}, {"weight": 1, "random_weight": 0.1542466140115626, "id": 24}, {"weight": 1, "random_weight": 0.38442805238531874, "id": 62}], [{"weight": 2, "random_weight": 0.41977575869600536, "id": 6}, {"weight": 1, "random_weight": 0.9709431114444698, "id": 10}, {"weight": 1, "random_weight": 0.5705358053349847, "id": 25}, {"weight": 1, "random_weight": 0.25080954192917926, "id": 38}, {"weight": 1, "random_weight": 0.5364034170744131, "id": 46}], [{"weight": 2, "random_weight": 0.7923427261163627, "id": 11}, {"weight": 1, "random_weight": 0.11719018946733695, "id": 18}, {"weight": 1, "random_weight": 0.18971839528497847, "id": 36}], [{"weight": 1, "random_weight": 0.8638959314077247, "id": 11}, {"weight": 2, "random_weight": 0.011540365348093995, "id": 17}, {"weight": 1, "random_weight": 0.6619248527892965, "id": 18}, {"weight": 1, "random_weight": 0.5841073254832119, "id": 34}, {"weight": 1, "random_weight": 0.6698871157633549, "id": 37}], [{"weight": 2, "random_weight": 0.011540365348093995, "id": 16}, {"weight": 1, "random_weight": 0.4537672696910007, "id": 18}, {"weight": 1, "random_weight": 0.12399024314600038, "id": 56}], [{"weight": 1, "random_weight": 0.11719018946733695, "id": 15}, {"weight": 1, "random_weight": 0.6619248527892965, "id": 16}, {"weight": 1, "random_weight": 0.4537672696910007, "id": 17}], [{"weight": 1, "random_weight": 0.19436208587790493, "id": 8}, {"weight": 1, "random_weight": 0.3448598048609166, "id": 22}, {"weight": 2, "random_weight": 0.46461782638266924, "id": 23}, {"weight": 1, "random_weight": 0.036031545369462514, "id": 65}, {"weight": 1, "random_weight": 0.3689196824482398, "id": 66}], [{"weight": 1, "random_weight": 0.8115558040087587, "id": 21}, {"weight": 1, "random_weight": 0.051519003499918004, "id": 28}, {"weight": 2, "random_weight": 0.09216936624828909, "id": 42}], [{"weight": 1, "random_weight": 0.8115558040087587, "id": 20}, {"weight": 1, "random_weight": 0.5522412561021119, "id": 27}, {"weight": 1, "random_weight": 0.0044423170619819485, "id": 42}], [{"weight": 1, "random_weight": 0.3448598048609166, "id": 19}, {"weight": 1, "random_weight": 0.48515694538328835, "id": 23}, {"weight": 1, "random_weight": 0.0354130246836829, "id": 30}, {"weight": 1, "random_weight": 0.11940733216956334, "id": 39}, {"weight": 1, "random_weight": 0.08970431774216447, "id": 66}], [{"weight": 1, "random_weight": 0.3957699060922394, "id": 8}, {"weight": 2, "random_weight": 0.46461782638266924, "id": 19}, {"weight": 1, "random_weight": 0.48515694538328835, "id": 22}], [{"weight": 2, "random_weight": 0.7056733939478023, "id": 12}, {"weight": 1, "random_weight": 0.1542466140115626, "id": 13}, {"weight": 1, "random_weight": 0.2687671870906637, "id": 29}, {"weight": 1, "random_weight": 0.1776559339045478, "id": 40}, {"weight": 1, "random_weight": 0.32418324580635005, "id": 62}], [{"weight": 1, "random_weight": 0.9661666100558642, "id": 10}, {"weight": 1, "random_weight": 0.2905060986093442, "id": 11}, {"weight": 1, "random_weight": 0.5705358053349847, "id": 14}, {"weight": 2, "random_weight": 0.1051836904774367, "id": 36}, {"weight": 1, "random_weight": 0.2559170400453049, "id": 46}], [{"weight": 2, "random_weight": 0.02476098639160107, "id": 27}, {"weight": 1, "random_weight": 0.9612210634884969, "id": 35}, {"weight": 1, "random_weight": 0.47559193116170906, "id": 42}, {"weight": 1, "random_weight": 0.9326925066520836, "id": 52}, {"weight": 1, "random_weight": 0.2077260150815241, "id": 53}], [{"weight": 1, "random_weight": 0.5522412561021119, "id": 21}, {"weight": 2, "random_weight": 0.02476098639160107, "id": 26}, {"weight": 1, "random_weight": 0.7310217752339319, "id": 35}], [{"weight": 1, "random_weight": 0.051519003499918004, "id": 20}, {"weight": 1, "random_weight": 0.0028063779998589444, "id": 42}, {"weight": 1, "random_weight": 0.9286264609863012, "id": 52}, {"weight": 2, "random_weight": 0.07950136885929271, "id": 55}], [{"weight": 1, "random_weight": 0.2687671870906637, "id": 24}, {"weight": 2, "random_weight": 0.4598604154583602, "id": 41}, {"weight": 1, "random_weight": 0.5977779522624477, "id": 61}, {"weight": 1, "random_weight": 0.8502185464479568, "id": 62}, {"weight": 1, "random_weight": 0.8720686909096959, "id": 67}], [{"weight": 1, "random_weight": 0.0354130246836829, "id": 22}, {"weight": 2, "random_weight": 0.7885035620510171, "id": 39}, {"weight": 1, "random_weight": 0.2783621279319538, "id": 45}, {"weight": 1, "random_weight": 0.1501673745003762, "id": 51}], [{"weight": 1, "random_weight": 0.22013894433673575, "id": 1}, {"weight": 1, "random_weight": 0.9560170736691576, "id": 7}, {"weight": 1, "random_weight": 0.03434035569195759, "id": 32}, {"weight": 1, "random_weight": 0.8579536559687317, "id": 33}, {"weight": 2, "random_weight": 0.37888115991869653, "id": 49}], [{"weight": 1, "random_weight": 0.9809363315688874, "id": 0}, {"weight": 1, "random_weight": 0.03434035569195759, "id": 31}, {"weight": 1, "random_weight": 0.44661257053776005, "id": 50}, {"weight": 1, "random_weight": 0.6876212741176954, "id": 63}, {"weight": 1, "random_weight": 0.9826524664154918, "id": 67}, {"weight": 1, "random_weight": 0.8501079879480188, "id": 71}], [{"weight": 2, "random_weight": 0.16944106682905835, "id": 1}, {"weight": 1, "random_weight": 0.49613986477502725, "id": 7}, {"weight": 1, "random_weight": 0.8579536559687317, "id": 31}, {"weight": 1, "random_weight": 0.0480774692341962, "id": 34}, {"weight": 1, "random_weight": 0.5857293811802371, "id": 37}], [{"weight": 1, "random_weight": 0.9664639945607189, "id": 3}, {"weight": 1, "random_weight": 0.5841073254832119, "id": 16}, {"weight": 1, "random_weight": 0.0480774692341962, "id": 33}, {"weight": 1, "random_weight": 0.165684012809874, "id": 37}, {"weight": 2, "random_weight": 0.061303587842678975, "id": 56}], [{"weight": 1, "random_weight": 0.9612210634884969, "id": 26}, {"weight": 1, "random_weight": 0.7310217752339319, "id": 27}, {"weight": 1, "random_weight": 0.3286087989012898, "id": 43}, {"weight": 2, "random_weight": 0.5973905912838765, "id": 48}], [{"weight": 1, "random_weight": 0.18971839528497847, "id": 15}, {"weight": 2, "random_weight": 0.1051836904774367, "id": 25}, {"weight": 1, "random_weight": 0.6237377645181946, "id": 46}], [{"weight": 1, "random_weight": 0.7180858243193049, "id": 7}, {"weight": 1, "random_weight": 0.4239134518996045, "id": 10}, {"weight": 1, "random_weight": 0.2475522434624562, "id": 11}, {"weight": 1, "random_weight": 0.6698871157633549, "id": 16}, {"weight": 1, "random_weight": 0.5857293811802371, "id": 33}, {"weight": 1, "random_weight": 0.165684012809874, "id": 34}], [{"weight": 1, "random_weight": 0.1797920101123025, "id": 6}, {"weight": 1, "random_weight": 0.25080954192917926, "id": 14}, {"weight": 1, "random_weight": 0.3406889453303221, "id": 47}, {"weight": 1, "random_weight": 0.8809751916447403, "id": 58}, {"weight": 2, "random_weight": 0.14968843377549257, "id": 68}], [{"weight": 1, "random_weight": 0.11940733216956334, "id": 22}, {"weight": 2, "random_weight": 0.7885035620510171, "id": 30}], [{"weight": 1, "random_weight": 0.7616138492071349, "id": 12}, {"weight": 1, "random_weight": 0.1776559339045478, "id": 24}, {"weight": 1, "random_weight": 0.1208657222854338, "id": 41}, {"weight": 2, "random_weight": 0.4041492459830608, "id": 59}], [{"weight": 2, "random_weight": 0.4598604154583602, "id": 29}, {"weight": 1, "random_weight": 0.1208657222854338, "id": 40}, {"weight": 2, "random_weight": 0.19759732572096067, "id": 63}, {"weight": 1, "random_weight": 0.37070209556342715, "id": 67}], [{"weight": 2, "random_weight": 0.09216936624828909, "id": 20}, {"weight": 1, "random_weight": 0.0044423170619819485, "id": 21}, {"weight": 1, "random_weight": 0.47559193116170906, "id": 26}, {"weight": 1, "random_weight": 0.0028063779998589444, "id": 28}, {"weight": 1, "random_weight": 0.797582974278292, "id": 52}], [{"weight": 1, "random_weight": 0.3286087989012898, "id": 35}, {"weight": 1, "random_weight": 0.6274097572667403, "id": 44}, {"weight": 2, "random_weight": 0.34285732834221383, "id": 53}, {"weight": 1, "random_weight": 0.553443202695356, "id": 57}, {"weight": 1, "random_weight": 0.2706524607356292, "id": 70}], [{"weight": 1, "random_weight": 0.6274097572667403, "id": 43}, {"weight": 1, "random_weight": 0.3384533921098919, "id": 48}, {"weight": 2, "random_weight": 0.4820276683352567, "id": 57}, {"weight": 1, "random_weight": 0.6520650704820369, "id": 63}, {"weight": 1, "random_weight": 0.18475081076383715, "id": 64}], [{"weight": 1, "random_weight": 0.2783621279319538, "id": 30}, {"weight": 1, "random_weight": 0.9244483516489386, "id": 47}, {"weight": 2, "random_weight": 0.4178828384908244, "id": 51}], [{"weight": 1, "random_weight": 0.5364034170744131, "id": 14}, {"weight": 1, "random_weight": 0.2559170400453049, "id": 25}, {"weight": 1, "random_weight": 0.6237377645181946, "id": 36}, {"weight": 2, "random_weight": 0.29669940676067175, "id": 47}], [{"weight": 1, "random_weight": 0.3406889453303221, "id": 38}, {"weight": 1, "random_weight": 0.9244483516489386, "id": 45}, {"weight": 2, "random_weight": 0.29669940676067175, "id": 46}, {"weight": 1, "random_weight": 0.8886061956922807, "id": 51}], [{"weight": 2, "random_weight": 0.5973905912838765, "id": 35}, {"weight": 1, "random_weight": 0.3384533921098919, "id": 44}, {"weight": 2, "random_weight": 0.3161386362033203, "id": 64}], [{"weight": 1, "random_weight": 0.8350006559309654, "id": 6}, {"weight": 2, "random_weight": 0.37888115991869653, "id": 31}, {"weight": 1, "random_weight": 0.7226993725112958, "id": 50}, {"weight": 2, "random_weight": 0.00805403569465224, "id": 69}], [{"weight": 1, "random_weight": 0.44661257053776005, "id": 32}, {"weight": 1, "random_weight": 0.7226993725112958, "id": 49}, {"weight": 1, "random_weight": 0.2556970285185437, "id": 69}, {"weight": 1, "random_weight": 0.41308456150663897, "id": 70}, {"weight": 2, "random_weight": 0.2061287149136648, "id": 71}], [{"weight": 1, "random_weight": 0.1501673745003762, "id": 30}, {"weight": 2, "random_weight": 0.4178828384908244, "id": 45}, {"weight": 1, "random_weight": 0.8886061956922807, "id": 47}, {"weight": 1, "random_weight": 0.483267975249117, "id": 66}, {"weight": 1, "random_weight": 0.6947178859424512, "id": 68}], [{"weight": 1, "random_weight": 0.5574438155843185, "id": 4}, {"weight": 1, "random_weight": 0.9326925066520836, "id": 26}, {"weight": 1, "random_weight": 0.9286264609863012, "id": 28}, {"weight": 1, "random_weight": 0.797582974278292, "id": 42}, {"weight": 2, "random_weight": 0.7461386894780921, "id": 53}], [{"weight": 1, "random_weight": 0.9970150696453535, "id": 5}, {"weight": 1, "random_weight": 0.2077260150815241, "id": 26}, {"weight": 2, "random_weight": 0.34285732834221383, "id": 43}, {"weight": 2, "random_weight": 0.7461386894780921, "id": 52}], [{"weight": 1, "random_weight": 0.1860858724108979, "id": 4}, {"weight": 2, "random_weight": 0.6744447248792435, "id": 8}, {"weight": 2, "random_weight": 0.32024537810090126, "id": 55}], [{"weight": 1, "random_weight": 0.9043307567247061, "id": 4}, {"weight": 2, "random_weight": 0.07950136885929271, "id": 28}, {"weight": 2, "random_weight": 0.32024537810090126, "id": 54}], [{"weight": 1, "random_weight": 0.9918754377256225, "id": 3}, {"weight": 1, "random_weight": 0.12399024314600038, "id": 17}, {"weight": 2, "random_weight": 0.061303587842678975, "id": 34}], [{"weight": 1, "random_weight": 0.553443202695356, "id": 43}, {"weight": 2, "random_weight": 0.4820276683352567, "id": 44}, {"weight": 1, "random_weight": 0.34232776247706354, "id": 63}, {"weight": 2, "random_weight": 0.5359584424376314, "id": 71}], [{"weight": 1, "random_weight": 0.3295487977115177, "id": 9}, {"weight": 1, "random_weight": 0.8809751916447403, "id": 38}, {"weight": 1, "random_weight": 0.09759720918752846, "id": 65}, {"weight": 2, "random_weight": 0.539310910601835, "id": 69}, {"weight": 1, "random_weight": 0.156865304504876, "id": 70}], [{"weight": 2, "random_weight": 0.4041492459830608, "id": 40}, {"weight": 1, "random_weight": 0.18866934689239934, "id": 63}, {"weight": 2, "random_weight": 0.904706890456984, "id": 64}], [{"weight": 2, "random_weight": 0.1984918837133519, "id": 2}, {"weight": 2, "random_weight": 0.5773887648909256, "id": 61}, {"weight": 1, "random_weight": 0.3912553497780271, "id": 67}], [{"weight": 1, "random_weight": 0.5977779522624477, "id": 29}, {"weight": 2, "random_weight": 0.5773887648909256, "id": 60}, {"weight": 2, "random_weight": 0.4540690365846277, "id": 62}], [{"weight": 1, "random_weight": 0.38442805238531874, "id": 13}, {"weight": 1, "random_weight": 0.32418324580635005, "id": 24}, {"weight": 1, "random_weight": 0.8502185464479568, "id": 29}, {"weight": 2, "random_weight": 0.4540690365846277, "id": 61}], [{"weight": 1, "random_weight": 0.6876212741176954, "id": 32}, {"weight": 2, "random_weight": 0.19759732572096067, "id": 41}, {"weight": 1, "random_weight": 0.6520650704820369, "id": 44}, {"weight": 1, "random_weight": 0.34232776247706354, "id": 57}, {"weight": 1, "random_weight": 0.18866934689239934, "id": 59}], [{"weight": 1, "random_weight": 0.18475081076383715, "id": 44}, {"weight": 2, "random_weight": 0.3161386362033203, "id": 48}, {"weight": 2, "random_weight": 0.904706890456984, "id": 59}], [{"weight": 2, "random_weight": 0.16630542391130332, "id": 9}, {"weight": 1, "random_weight": 0.036031545369462514, "id": 19}, {"weight": 1, "random_weight": 0.09759720918752846, "id": 58}, {"weight": 1, "random_weight": 0.8395444324123933, "id": 66}, {"weight": 1, "random_weight": 0.9066106462381033, "id": 68}], [{"weight": 1, "random_weight": 0.3689196824482398, "id": 19}, {"weight": 1, "random_weight": 0.08970431774216447, "id": 22}, {"weight": 1, "random_weight": 0.483267975249117, "id": 51}, {"weight": 1, "random_weight": 0.8395444324123933, "id": 65}, {"weight": 2, "random_weight": 0.7661619928692326, "id": 68}], [{"weight": 2, "random_weight": 0.6786666134469249, "id": 0}, {"weight": 1, "random_weight": 0.8720686909096959, "id": 29}, {"weight": 1, "random_weight": 0.9826524664154918, "id": 32}, {"weight": 1, "random_weight": 0.37070209556342715, "id": 41}, {"weight": 1, "random_weight": 0.3912553497780271, "id": 60}], [{"weight": 2, "random_weight": 0.14968843377549257, "id": 38}, {"weight": 1, "random_weight": 0.6947178859424512, "id": 51}, {"weight": 1, "random_weight": 0.9066106462381033, "id": 65}, {"weight": 2, "random_weight": 0.7661619928692326, "id": 66}], [{"weight": 1, "random_weight": 0.8081254758447706, "id": 6}, {"weight": 2, "random_weight": 0.00805403569465224, "id": 49}, {"weight": 1, "random_weight": 0.2556970285185437, "id": 50}, {"weight": 2, "random_weight": 0.539310910601835, "id": 58}], [{"weight": 2, "random_weight": 0.8972440060418101, "id": 5}, {"weight": 1, "random_weight": 0.2706524607356292, "id": 43}, {"weight": 1, "random_weight": 0.41308456150663897, "id": 50}, {"weight": 1, "random_weight": 0.156865304504876, "id": 58}, {"weight": 1, "random_weight": 0.5527503181391491, "id": 71}], [{"weight": 1, "random_weight": 0.8501079879480188, "id": 32}, {"weight": 2, "random_weight": 0.2061287149136648, "id": 50}, {"weight": 2, "random_weight": 0.5359584424376314, "id": 57}, {"weight": 1, "random_weight": 0.5527503181391491, "id": 70}]]}