{"directed": false, "multigraph": false, "graph": [], "nodes": [{"graph": null, "nnodes": 2, "nedges": 1, "density": 1.0, "atomics": "[81, 82]", "group_pop": 2, "init_part_assignment": 10, "id": 0}, {"graph": null, "nnodes": 2, "nedges": 1, "density": 1.0, "atomics": "[68, 69]", "group_pop": 2, "init_part_assignment": 1, "id": 1}, {"graph": null, "nnodes": 2, "nedges": 1, "density": 1.0, "atomics": "[70, 71]", "group_pop": 2, "init_part_assignment": 10, "id": 2}, {"graph": null, "nnodes": 2, "nedges": 1, "density": 1.0, "atomics": "[74, 86]", "group_pop": 2, "init_part_assignment": 2, "id": 3}, {"graph": null, "nnodes": 2, "nedges": 1, "density": 1.0, "atomics": "[75, 76]", "group_pop": 2, "init_part_assignment": 0, "id": 4}, {"graph": null, "nnodes": 2, "nedges": 1, "density": 1.0, "atomics": "[42, 43]", "group_pop": 2, "init_part_assignment": 11, "id": 5}, {"graph": null, "nnodes": 2, "nedges": 1, "density": 1.0, "atomics": "[49, 61]", "group_pop": 2, "init_part_assignment": 0, "id": 6}, {"graph": null, "nnodes": 2, "nedges": 1, "density": 1.0, "atomics": "[50, 62]", "group_pop": 2, "init_part_assignment": 0, "id": 7}, {"graph": null, "nnodes": 2, "nedges": 1, "density": 1.0, "atomics": "[32, 20]", "group_pop": 2, "init_part_assignment": 11, "id": 8}, {"graph": null, "nnodes": 2, "nedges": 1, "density": 1.0, "atomics": "[130, 142]", "group_pop": 2, "init_part_assignment": 4, "id": 9}, {"graph": null, "nnodes": 2, "nedges": 1, "density": 1.0, "atomics": "[131, 143]", "group_pop": 2, "init_part_assignment": 4, "id": 10}, {"graph": null, "nnodes": 2, "nedges": 1, "density": 1.0, "atomics": "[41, 53]", "group_pop": 2, "init_part_assignment": 1, "id": 11}, {"graph": null, "nnodes": 2, "nedges": 1, "density": 1.0, "atomics": "[28, 29]", "group_pop": 2, "init_part_assignment": 7, "id": 12}, {"graph": null, "nnodes": 2, "nedges": 1, "density": 1.0, "atomics": "[8, 9]", "group_pop": 2, "init_part_assignment": 8, "id": 13}, {"graph": null, "nnodes": 2, "nedges": 1, "density": 1.0, "atomics": "[34, 22]", "group_pop": 2, "init_part_assignment": 8, "id": 14}, {"graph": null, "nnodes": 2, "nedges": 1, "density": 1.0, "atomics": "[35, 23]", "group_pop": 2, "init_part_assignment": 8, "id": 15}, {"graph": null, "nnodes": 2, "nedges": 1, "density": 1.0, "atomics": "[10, 11]", "group_pop": 2, "init_part_assignment": 8, "id": 16}, {"graph": null, "nnodes": 2, "nedges": 1, "density": 1.0, "atomics": "[36, 37]", "group_pop": 2, "init_part_assignment": 0, "id": 17}, {"graph": null, "nnodes": 2, "nedges": 1, "density": 1.0, "atomics": "[120, 108]", "group_pop": 2, "init_part_assignment": 5, "id": 18}, {"graph": null, "nnodes": 2, "nedges": 1, "density": 1.0, "atomics": "[132, 133]", "group_pop": 2, "init_part_assignment": 5, "id": 19}, {"graph": null, "nnodes": 2, "nedges": 1, "density": 1.0, "atomics": "[24, 12]", "group_pop": 2, "init_part_assignment": 3, "id": 20}, {"graph": null, "nnodes": 2, "nedges": 1, "density": 1.0, "atomics": "[18, 19]", "group_pop": 2, "init_part_assignment": 11, "id": 21}, {"graph": null, "nnodes": 2, "nedges": 1, "density": 1.0, "atomics": "[30, 31]", "group_pop": 2, "init_part_assignment": 11, "id": 22}, {"graph": null, "nnodes": 2, "nedges": 1, "density": 1.0, "atomics": "[83, 95]", "group_pop": 2, "init_part_assignment": 10, "id": 23}, {"graph": null, "nnodes": 2, "nedges": 1, "density": 1.0, "atomics": "[122, 123]", "group_pop": 2, "init_part_assignment": 5, "id": 24}, {"graph": null, "nnodes": 2, "nedges": 1, "density": 1.0, "atomics": "[134, 135]", "group_pop": 2, "init_part_assignment": 5, "id": 25}, {"graph": null, "nnodes": 2, "nedges": 1, "density": 1.0, "atomics": "[96, 84]", "group_pop": 2, "init_part_assignment": 5, "id": 26}, {"graph": null, "nnodes": 2, "nedges": 1, "density": 1.0, "atomics": "[129, 141]", "group_pop": 2, "init_part_assignment": 4, "id": 27}, {"graph": null, "nnodes": 2, "nedges": 1, "density": 1.0, "atomics": "[116, 117]", "group_pop": 2, "init_part_assignment": 10, "id": 28}, {"graph": null, "nnodes": 2, "nedges": 1, "density": 1.0, "atomics": "[25, 13]", "group_pop": 2, "init_part_assignment": 3, "id": 29}, {"graph": null, "nnodes": 2, "nedges": 1, "density": 1.0, "atomics": "[66, 67]", "group_pop": 2, "init_part_assignment": 1, "id": 30}, {"graph": null, "nnodes": 2, "nedges": 1, "density": 1.0, "atomics": "[91, 79]", "group_pop": 2, "init_part_assignment": 9, "id": 31}, {"graph": null, "nnodes": 2, "nedges": 1, "density": 1.0, "atomics": "[56, 57]", "group_pop": 2, "init_part_assignment": 1, "id": 32}, {"graph": null, "nnodes": 2, "nedges": 1, "density": 1.0, "atomics": "[58, 46]", "group_pop": 2, "init_part_assignment": 11, "id": 33}, {"graph": null, "nnodes": 2, "nedges": 1, "density": 1.0, "atomics": "[48, 60]", "group_pop": 2, "init_part_assignment": 2, "id": 34}, {"graph": null, "nnodes": 2, "nedges": 1, "density": 1.0, "atomics": "[136, 137]", "group_pop": 2, "init_part_assignment": 4, "id": 35}, {"graph": null, "nnodes": 2, "nedges": 1, "density": 1.0, "atomics": "[112, 124]", "group_pop": 2, "init_part_assignment": 6, "id": 36}, {"graph": null, "nnodes": 2, "nedges": 1, "density": 1.0, "atomics": "[6, 7]", "group_pop": 2, "init_part_assignment": 7, "id": 37}, {"graph": null, "nnodes": 2, "nedges": 1, "density": 1.0, "atomics": "[33, 21]", "group_pop": 2, "init_part_assignment": 8, "id": 38}, {"graph": null, "nnodes": 2, "nedges": 1, "density": 1.0, "atomics": "[40, 52]", "group_pop": 2, "init_part_assignment": 7, "id": 39}, {"graph": null, "nnodes": 2, "nedges": 1, "density": 1.0, "atomics": "[0, 1]", "group_pop": 2, "init_part_assignment": 3, "id": 40}, {"graph": null, "nnodes": 2, "nedges": 1, "density": 1.0, "atomics": "[128, 140]", "group_pop": 2, "init_part_assignment": 4, "id": 41}, {"graph": null, "nnodes": 2, "nedges": 1, "density": 1.0, "atomics": "[121, 109]", "group_pop": 2, "init_part_assignment": 5, "id": 42}, {"graph": null, "nnodes": 2, "nedges": 1, "density": 1.0, "atomics": "[113, 114]", "group_pop": 2, "init_part_assignment": 6, "id": 43}, {"graph": null, "nnodes": 2, "nedges": 1, "density": 1.0, "atomics": "[2, 14]", "group_pop": 2, "init_part_assignment": 3, "id": 44}, {"graph": null, "nnodes": 2, "nedges": 1, "density": 1.0, "atomics": "[17, 5]", "group_pop": 2, "init_part_assignment": 7, "id": 45}, {"graph": null, "nnodes": 2, "nedges": 1, "density": 1.0, "atomics": "[3, 4]", "group_pop": 2, "init_part_assignment": 7, "id": 46}, {"graph": null, "nnodes": 2, "nedges": 1, "density": 1.0, "atomics": "[97, 85]", "group_pop": 2, "init_part_assignment": 2, "id": 47}, {"graph": null, "nnodes": 2, "nedges": 1, "density": 1.0, "atomics": "[125, 126]", "group_pop": 2, "init_part_assignment": 6, "id": 48}, {"graph": null, "nnodes": 2, "nedges": 1, "density": 1.0, "atomics": "[90, 78]", "group_pop": 2, "init_part_assignment": 9, "id": 49}, {"graph": null, "nnodes": 2, "nedges": 1, "density": 1.0, "atomics": "[16, 15]", "group_pop": 2, "init_part_assignment": 7, "id": 50}, {"graph": null, "nnodes": 2, "nedges": 1, "density": 1.0, "atomics": "[98, 110]", "group_pop": 2, "init_part_assignment": 2, "id": 51}, {"graph": null, "nnodes": 2, "nedges": 1, "density": 1.0, "atomics": "[99, 111]", "group_pop": 2, "init_part_assignment": 6, "id": 52}, {"graph": null, "nnodes": 2, "nedges": 1, "density": 1.0, "atomics": "[72, 73]", "group_pop": 2, "init_part_assignment": 2, "id": 53}, {"graph": null, "nnodes": 2, "nedges": 1, "density": 1.0, "atomics": "[59, 47]", "group_pop": 2, "init_part_assignment": 8, "id": 54}, {"graph": null, "nnodes": 2, "nedges": 1, "density": 1.0, "atomics": "[80, 92]", "group_pop": 2, "init_part_assignment": 9, "id": 55}, {"graph": null, "nnodes": 2, "nedges": 1, "density": 1.0, "atomics": "[100, 101]", "group_pop": 2, "init_part_assignment": 6, "id": 56}, {"graph": null, "nnodes": 2, "nedges": 1, "density": 1.0, "atomics": "[64, 65]", "group_pop": 2, "init_part_assignment": 1, "id": 57}, {"graph": null, "nnodes": 2, "nedges": 1, "density": 1.0, "atomics": "[51, 63]", "group_pop": 2, "init_part_assignment": 0, "id": 58}, {"graph": null, "nnodes": 2, "nedges": 1, "density": 1.0, "atomics": "[138, 139]", "group_pop": 2, "init_part_assignment": 4, "id": 59}, {"graph": null, "nnodes": 2, "nedges": 1, "density": 1.0, "atomics": "[115, 127]", "group_pop": 2, "init_part_assignment": 6, "id": 60}, {"graph": null, "nnodes": 2, "nedges": 1, "density": 1.0, "atomics": "[93, 94]", "group_pop": 2, "init_part_assignment": 9, "id": 61}, {"graph": null, "nnodes": 2, "nedges": 1, "density": 1.0, "atomics": "[44, 45]", "group_pop": 2, "init_part_assignment": 11, "id": 62}, {"graph": null, "nnodes": 2, "nedges": 1, "density": 1.0, "atomics": "[106, 107]", "group_pop": 2, "init_part_assignment": 10, "id": 63}, {"graph": null, "nnodes": 2, "nedges": 1, "density": 1.0, "atomics": "[118, 119]", "group_pop": 2, "init_part_assignment": 10, "id": 64}, {"graph": null, "nnodes": 2, "nedges": 1, "density": 1.0, "atomics": "[54, 55]", "group_pop": 2, "init_part_assignment": 1, "id": 65}, {"graph": null, "nnodes": 2, "nedges": 1, "density": 1.0, "atomics": "[102, 103]", "group_pop": 2, "init_part_assignment": 9, "id": 66}, {"graph": null, "nnodes": 2, "nedges": 1, "density": 1.0, "atomics": "[26, 38]", "group_pop": 2, "init_part_assignment": 3, "id": 67}, {"graph": null, "nnodes": 2, "nedges": 1, "density": 1.0, "atomics": "[104, 105]", "group_pop": 2, "init_part_assignment": 9, "id": 68}, {"graph": null, "nnodes": 2, "nedges": 1, "density": 1.0, "atomics": "[27, 39]", "group_pop": 2, "init_part_assignment": 3, "id": 69}, {"graph": null, "nnodes": 2, "nedges": 1, "density": 1.0, "atomics": "[88, 87]", "group_pop": 2, "init_part_assignment": 2, "id": 70}, {"graph": null, "nnodes": 2, "nedges": 1, "density": 1.0, "atomics": "[89, 77]", "group_pop": 2, "init_part_assignment": 0, "id": 71}], "adjacency": [[{"weight": 1, "random_weight": 0.9815091604975332, "id": 1}, {"weight": 1, "random_weight": 0.8732567966237085, "id": 2}, {"weight": 1, "random_weight": 0.2280999860862224, "id": 23}, {"weight": 1, "random_weight": 0.6490217295105748, "id": 55}, {"weight": 2, "random_weight": 0.8306776722505538, "id": 61}], [{"weight": 1, "random_weight": 0.9815091604975332, "id": 0}, {"weight": 1, "random_weight": 0.6430806382618806, "id": 2}, {"weight": 1, "random_weight": 0.012133964844887712, "id": 30}, {"weight": 2, "random_weight": 0.8763723535676394, "id": 32}, {"weight": 1, "random_weight": 0.7036227754662314, "id": 55}], [{"weight": 1, "random_weight": 0.8732567966237085, "id": 0}, {"weight": 1, "random_weight": 0.6430806382618806, "id": 1}, {"weight": 1, "random_weight": 0.4280795018618345, "id": 23}, {"weight": 1, "random_weight": 0.882774268216202, "id": 33}, {"weight": 1, "random_weight": 0.8778350826453172, "id": 54}], [{"weight": 1, "random_weight": 0.7751685066664384, "id": 4}, {"weight": 1, "random_weight": 0.9729611792318986, "id": 7}, {"weight": 1, "random_weight": 0.9991265917174746, "id": 47}, {"weight": 1, "random_weight": 0.0339297233872593, "id": 51}, {"weight": 1, "random_weight": 0.22964146841030864, "id": 53}, {"weight": 1, "random_weight": 0.4350688690210852, "id": 70}], [{"weight": 1, "random_weight": 0.7751685066664384, "id": 3}, {"weight": 1, "random_weight": 0.16580733650422097, "id": 57}, {"weight": 1, "random_weight": 0.5131927730780116, "id": 58}, {"weight": 2, "random_weight": 0.6123629518939129, "id": 70}, {"weight": 1, "random_weight": 0.006651003453797766, "id": 71}], [{"weight": 1, "random_weight": 0.8864987253322267, "id": 11}, {"weight": 2, "random_weight": 0.7136950122678498, "id": 22}, {"weight": 1, "random_weight": 0.4687147272124187, "id": 62}, {"weight": 2, "random_weight": 0.9233928605145113, "id": 65}], [{"weight": 2, "random_weight": 0.22270264669149786, "id": 7}, {"weight": 1, "random_weight": 0.08473991003793413, "id": 17}, {"weight": 2, "random_weight": 0.5653080610839889, "id": 34}, {"weight": 1, "random_weight": 0.712628938916214, "id": 53}], [{"weight": 1, "random_weight": 0.9729611792318986, "id": 3}, {"weight": 2, "random_weight": 0.22270264669149786, "id": 6}, {"weight": 2, "random_weight": 0.2897405892504923, "id": 58}, {"weight": 1, "random_weight": 0.6566091620693864, "id": 67}], [{"weight": 1, "random_weight": 0.7671866671241853, "id": 13}, {"weight": 1, "random_weight": 0.45667322936445354, "id": 21}, {"weight": 1, "random_weight": 0.9977110034531562, "id": 22}, {"weight": 2, "random_weight": 0.12226808934578448, "id": 38}, {"weight": 1, "random_weight": 0.4919319233135837, "id": 62}], [{"weight": 2, "random_weight": 0.8281540181692896, "id": 10}, {"weight": 2, "random_weight": 0.34497055093116213, "id": 27}, {"weight": 1, "random_weight": 0.8181482283182984, "id": 64}], [{"weight": 2, "random_weight": 0.8281540181692896, "id": 9}, {"weight": 1, "random_weight": 0.9719881776687963, "id": 64}], [{"weight": 1, "random_weight": 0.8864987253322267, "id": 5}, {"weight": 1, "random_weight": 0.7372632856694177, "id": 12}, {"weight": 2, "random_weight": 0.9303617201002543, "id": 39}, {"weight": 1, "random_weight": 0.7420011976587008, "id": 57}, {"weight": 1, "random_weight": 0.585360951427131, "id": 65}], [{"weight": 1, "random_weight": 0.7372632856694177, "id": 11}, {"weight": 1, "random_weight": 0.8549194562157006, "id": 22}, {"weight": 1, "random_weight": 0.03300441701758727, "id": 39}, {"weight": 1, "random_weight": 0.8254781621747755, "id": 45}, {"weight": 1, "random_weight": 0.6443182718164299, "id": 50}, {"weight": 1, "random_weight": 0.43404590829728784, "id": 69}], [{"weight": 1, "random_weight": 0.7671866671241853, "id": 8}, {"weight": 1, "random_weight": 0.09705317835104588, "id": 16}, {"weight": 1, "random_weight": 0.3621254456851516, "id": 37}, {"weight": 1, "random_weight": 0.7029543790951064, "id": 38}], [{"weight": 2, "random_weight": 0.027120748102729575, "id": 15}, {"weight": 1, "random_weight": 0.32030349021038995, "id": 16}, {"weight": 1, "random_weight": 0.7782311865122293, "id": 33}, {"weight": 2, "random_weight": 0.9948598551748631, "id": 38}], [{"weight": 2, "random_weight": 0.027120748102729575, "id": 14}, {"weight": 1, "random_weight": 0.43664185615268447, "id": 16}, {"weight": 1, "random_weight": 0.14344472510990258, "id": 54}], [{"weight": 1, "random_weight": 0.09705317835104588, "id": 13}, {"weight": 1, "random_weight": 0.32030349021038995, "id": 14}, {"weight": 1, "random_weight": 0.43664185615268447, "id": 15}], [{"weight": 1, "random_weight": 0.08473991003793413, "id": 6}, {"weight": 1, "random_weight": 0.8294633080767806, "id": 20}, {"weight": 1, "random_weight": 0.9510056645882907, "id": 29}, {"weight": 1, "random_weight": 0.6051043101271384, "id": 34}, {"weight": 1, "random_weight": 0.5315787394911983, "id": 67}], [{"weight": 1, "random_weight": 0.9787674247365853, "id": 19}, {"weight": 1, "random_weight": 0.6247227384849801, "id": 26}, {"weight": 2, "random_weight": 0.4388572741434059, "id": 42}], [{"weight": 1, "random_weight": 0.9787674247365853, "id": 18}, {"weight": 1, "random_weight": 0.3125448330046847, "id": 25}, {"weight": 1, "random_weight": 0.5407043464988723, "id": 42}], [{"weight": 1, "random_weight": 0.8294633080767806, "id": 17}, {"weight": 2, "random_weight": 0.14680336275536576, "id": 29}, {"weight": 1, "random_weight": 0.5173254615398328, "id": 40}], [{"weight": 1, "random_weight": 0.45667322936445354, "id": 8}, {"weight": 2, "random_weight": 0.4437297204980192, "id": 22}, {"weight": 2, "random_weight": 0.7300681940687059, "id": 37}, {"weight": 1, "random_weight": 0.6806060359928281, "id": 45}], [{"weight": 2, "random_weight": 0.7136950122678498, "id": 5}, {"weight": 1, "random_weight": 0.9977110034531562, "id": 8}, {"weight": 1, "random_weight": 0.8549194562157006, "id": 12}, {"weight": 2, "random_weight": 0.4437297204980192, "id": 21}], [{"weight": 1, "random_weight": 0.2280999860862224, "id": 0}, {"weight": 1, "random_weight": 0.4280795018618345, "id": 2}, {"weight": 1, "random_weight": 0.35069346895096454, "id": 61}, {"weight": 1, "random_weight": 0.31972956145965514, "id": 63}], [{"weight": 2, "random_weight": 0.05002489300262558, "id": 25}, {"weight": 1, "random_weight": 0.9811671852178856, "id": 36}, {"weight": 1, "random_weight": 0.6916647261986226, "id": 42}, {"weight": 1, "random_weight": 0.7060599579867786, "id": 51}, {"weight": 1, "random_weight": 0.2959913195412833, "id": 52}], [{"weight": 1, "random_weight": 0.3125448330046847, "id": 19}, {"weight": 2, "random_weight": 0.05002489300262558, "id": 24}, {"weight": 1, "random_weight": 0.9869718928615056, "id": 35}], [{"weight": 1, "random_weight": 0.6247227384849801, "id": 18}, {"weight": 2, "random_weight": 0.8559732506066846, "id": 47}, {"weight": 1, "random_weight": 0.5514208105014233, "id": 53}], [{"weight": 2, "random_weight": 0.34497055093116213, "id": 9}, {"weight": 1, "random_weight": 0.9383428499271826, "id": 28}, {"weight": 2, "random_weight": 0.2162031070800351, "id": 41}], [{"weight": 1, "random_weight": 0.9383428499271826, "id": 27}, {"weight": 1, "random_weight": 0.3458881404571468, "id": 41}, {"weight": 1, "random_weight": 0.8065161249536867, "id": 60}, {"weight": 1, "random_weight": 0.5333458191513246, "id": 64}, {"weight": 2, "random_weight": 0.7197963598674331, "id": 68}], [{"weight": 1, "random_weight": 0.9510056645882907, "id": 17}, {"weight": 2, "random_weight": 0.14680336275536576, "id": 20}, {"weight": 1, "random_weight": 0.3734934811805153, "id": 40}, {"weight": 1, "random_weight": 0.6957369432383339, "id": 44}, {"weight": 1, "random_weight": 0.88634123756566, "id": 67}], [{"weight": 1, "random_weight": 0.012133964844887712, "id": 1}, {"weight": 1, "random_weight": 0.6860421556732588, "id": 31}, {"weight": 1, "random_weight": 0.6301393745370721, "id": 49}, {"weight": 1, "random_weight": 0.5794377248793139, "id": 57}, {"weight": 2, "random_weight": 0.6252508823615457, "id": 65}], [{"weight": 1, "random_weight": 0.6860421556732588, "id": 30}, {"weight": 2, "random_weight": 0.6669788171423862, "id": 49}, {"weight": 2, "random_weight": 0.541972556241359, "id": 55}, {"weight": 1, "random_weight": 0.3577215842428023, "id": 66}], [{"weight": 2, "random_weight": 0.8763723535676394, "id": 1}, {"weight": 1, "random_weight": 0.8207651487500697, "id": 33}, {"weight": 2, "random_weight": 0.3178504606125452, "id": 62}, {"weight": 1, "random_weight": 0.40306319104528043, "id": 65}], [{"weight": 1, "random_weight": 0.882774268216202, "id": 2}, {"weight": 1, "random_weight": 0.7782311865122293, "id": 14}, {"weight": 1, "random_weight": 0.8207651487500697, "id": 32}, {"weight": 2, "random_weight": 0.9124503075249291, "id": 54}, {"weight": 1, "random_weight": 0.4067257424053615, "id": 62}], [{"weight": 2, "random_weight": 0.5653080610839889, "id": 6}, {"weight": 1, "random_weight": 0.6051043101271384, "id": 17}, {"weight": 1, "random_weight": 0.10314575587910069, "id": 53}], [{"weight": 1, "random_weight": 0.9869718928615056, "id": 25}, {"weight": 1, "random_weight": 0.6181257680506991, "id": 36}, {"weight": 1, "random_weight": 0.15861220270948362, "id": 48}, {"weight": 1, "random_weight": 0.26538283899774084, "id": 59}], [{"weight": 1, "random_weight": 0.9811671852178856, "id": 24}, {"weight": 1, "random_weight": 0.6181257680506991, "id": 35}, {"weight": 1, "random_weight": 0.8046919543583977, "id": 43}, {"weight": 1, "random_weight": 0.54423465569061, "id": 48}, {"weight": 1, "random_weight": 0.07323897695217096, "id": 52}, {"weight": 1, "random_weight": 0.8586961242087211, "id": 56}], [{"weight": 1, "random_weight": 0.3621254456851516, "id": 13}, {"weight": 2, "random_weight": 0.7300681940687059, "id": 21}, {"weight": 1, "random_weight": 0.24846548352983922, "id": 45}], [{"weight": 2, "random_weight": 0.12226808934578448, "id": 8}, {"weight": 1, "random_weight": 0.7029543790951064, "id": 13}, {"weight": 2, "random_weight": 0.9948598551748631, "id": 14}, {"weight": 1, "random_weight": 0.875801670637888, "id": 62}], [{"weight": 2, "random_weight": 0.9303617201002543, "id": 11}, {"weight": 1, "random_weight": 0.03300441701758727, "id": 12}, {"weight": 1, "random_weight": 0.90052175766361, "id": 57}, {"weight": 1, "random_weight": 0.8828543937668242, "id": 58}, {"weight": 1, "random_weight": 0.9006400242858551, "id": 69}], [{"weight": 1, "random_weight": 0.5173254615398328, "id": 20}, {"weight": 1, "random_weight": 0.3734934811805153, "id": 29}, {"weight": 1, "random_weight": 0.9460505112526623, "id": 44}], [{"weight": 2, "random_weight": 0.2162031070800351, "id": 27}, {"weight": 1, "random_weight": 0.3458881404571468, "id": 28}, {"weight": 1, "random_weight": 0.17733364700163623, "id": 59}, {"weight": 1, "random_weight": 0.9182243903303914, "id": 60}], [{"weight": 2, "random_weight": 0.4388572741434059, "id": 18}, {"weight": 1, "random_weight": 0.5407043464988723, "id": 19}, {"weight": 1, "random_weight": 0.6916647261986226, "id": 24}, {"weight": 1, "random_weight": 0.6614207403055071, "id": 47}, {"weight": 1, "random_weight": 0.4651355413849464, "id": 51}], [{"weight": 1, "random_weight": 0.8046919543583977, "id": 36}, {"weight": 2, "random_weight": 0.5013790669244534, "id": 48}, {"weight": 1, "random_weight": 0.897346925934042, "id": 56}, {"weight": 1, "random_weight": 0.9854969830986319, "id": 60}, {"weight": 1, "random_weight": 0.6462183815329565, "id": 66}], [{"weight": 1, "random_weight": 0.6957369432383339, "id": 29}, {"weight": 1, "random_weight": 0.9460505112526623, "id": 40}, {"weight": 1, "random_weight": 0.5343451477832283, "id": 46}, {"weight": 1, "random_weight": 0.9597219295358982, "id": 50}, {"weight": 1, "random_weight": 0.36918548330320655, "id": 67}], [{"weight": 1, "random_weight": 0.8254781621747755, "id": 12}, {"weight": 1, "random_weight": 0.6806060359928281, "id": 21}, {"weight": 1, "random_weight": 0.24846548352983922, "id": 37}, {"weight": 1, "random_weight": 0.9201192391753932, "id": 46}, {"weight": 1, "random_weight": 0.35817037005720065, "id": 50}], [{"weight": 1, "random_weight": 0.5343451477832283, "id": 44}, {"weight": 1, "random_weight": 0.9201192391753932, "id": 45}, {"weight": 2, "random_weight": 0.8334692249799751, "id": 50}], [{"weight": 1, "random_weight": 0.9991265917174746, "id": 3}, {"weight": 2, "random_weight": 0.8559732506066846, "id": 26}, {"weight": 1, "random_weight": 0.6614207403055071, "id": 42}, {"weight": 1, "random_weight": 0.4281980581558248, "id": 51}, {"weight": 1, "random_weight": 0.8817484700628256, "id": 53}], [{"weight": 1, "random_weight": 0.15861220270948362, "id": 35}, {"weight": 1, "random_weight": 0.54423465569061, "id": 36}, {"weight": 2, "random_weight": 0.5013790669244534, "id": 43}, {"weight": 1, "random_weight": 0.5823544227129523, "id": 59}, {"weight": 1, "random_weight": 0.3286873097283638, "id": 60}], [{"weight": 1, "random_weight": 0.6301393745370721, "id": 30}, {"weight": 2, "random_weight": 0.6669788171423862, "id": 31}, {"weight": 1, "random_weight": 0.9259314553792535, "id": 66}, {"weight": 2, "random_weight": 0.1955179538981967, "id": 71}], [{"weight": 1, "random_weight": 0.6443182718164299, "id": 12}, {"weight": 1, "random_weight": 0.9597219295358982, "id": 44}, {"weight": 1, "random_weight": 0.35817037005720065, "id": 45}, {"weight": 2, "random_weight": 0.8334692249799751, "id": 46}, {"weight": 1, "random_weight": 0.8990715964102652, "id": 69}], [{"weight": 1, "random_weight": 0.0339297233872593, "id": 3}, {"weight": 1, "random_weight": 0.7060599579867786, "id": 24}, {"weight": 1, "random_weight": 0.4651355413849464, "id": 42}, {"weight": 1, "random_weight": 0.4281980581558248, "id": 47}, {"weight": 2, "random_weight": 0.6799262758319843, "id": 52}], [{"weight": 1, "random_weight": 0.2959913195412833, "id": 24}, {"weight": 1, "random_weight": 0.07323897695217096, "id": 36}, {"weight": 2, "random_weight": 0.6799262758319843, "id": 51}, {"weight": 1, "random_weight": 0.18077862611669293, "id": 56}, {"weight": 1, "random_weight": 0.5693776184100195, "id": 70}], [{"weight": 1, "random_weight": 0.22964146841030864, "id": 3}, {"weight": 1, "random_weight": 0.712628938916214, "id": 6}, {"weight": 1, "random_weight": 0.5514208105014233, "id": 26}, {"weight": 1, "random_weight": 0.10314575587910069, "id": 34}, {"weight": 1, "random_weight": 0.8817484700628256, "id": 47}], [{"weight": 1, "random_weight": 0.8778350826453172, "id": 2}, {"weight": 1, "random_weight": 0.14344472510990258, "id": 15}, {"weight": 2, "random_weight": 0.9124503075249291, "id": 33}], [{"weight": 1, "random_weight": 0.6490217295105748, "id": 0}, {"weight": 1, "random_weight": 0.7036227754662314, "id": 1}, {"weight": 2, "random_weight": 0.541972556241359, "id": 31}, {"weight": 1, "random_weight": 0.011871657916262768, "id": 61}, {"weight": 1, "random_weight": 0.452851208262976, "id": 68}], [{"weight": 1, "random_weight": 0.8586961242087211, "id": 36}, {"weight": 1, "random_weight": 0.897346925934042, "id": 43}, {"weight": 1, "random_weight": 0.18077862611669293, "id": 52}, {"weight": 1, "random_weight": 0.6887794286622567, "id": 66}, {"weight": 1, "random_weight": 0.6301870287570662, "id": 70}, {"weight": 1, "random_weight": 0.7433483228339955, "id": 71}], [{"weight": 1, "random_weight": 0.16580733650422097, "id": 4}, {"weight": 1, "random_weight": 0.7420011976587008, "id": 11}, {"weight": 1, "random_weight": 0.5794377248793139, "id": 30}, {"weight": 1, "random_weight": 0.90052175766361, "id": 39}, {"weight": 1, "random_weight": 0.8321561625203611, "id": 58}, {"weight": 1, "random_weight": 0.6969936523639653, "id": 71}], [{"weight": 1, "random_weight": 0.5131927730780116, "id": 4}, {"weight": 2, "random_weight": 0.2897405892504923, "id": 7}, {"weight": 1, "random_weight": 0.8828543937668242, "id": 39}, {"weight": 1, "random_weight": 0.8321561625203611, "id": 57}, {"weight": 1, "random_weight": 0.5202467472920057, "id": 69}], [{"weight": 1, "random_weight": 0.26538283899774084, "id": 35}, {"weight": 1, "random_weight": 0.17733364700163623, "id": 41}, {"weight": 1, "random_weight": 0.5823544227129523, "id": 48}, {"weight": 1, "random_weight": 0.7576924932032796, "id": 60}], [{"weight": 1, "random_weight": 0.8065161249536867, "id": 28}, {"weight": 1, "random_weight": 0.9182243903303914, "id": 41}, {"weight": 1, "random_weight": 0.9854969830986319, "id": 43}, {"weight": 1, "random_weight": 0.3286873097283638, "id": 48}, {"weight": 1, "random_weight": 0.7576924932032796, "id": 59}, {"weight": 1, "random_weight": 0.6593413774223248, "id": 66}], [{"weight": 2, "random_weight": 0.8306776722505538, "id": 0}, {"weight": 1, "random_weight": 0.35069346895096454, "id": 23}, {"weight": 1, "random_weight": 0.011871657916262768, "id": 55}, {"weight": 1, "random_weight": 0.47137242367477517, "id": 63}, {"weight": 1, "random_weight": 0.5171028812972116, "id": 68}], [{"weight": 1, "random_weight": 0.4687147272124187, "id": 5}, {"weight": 1, "random_weight": 0.4919319233135837, "id": 8}, {"weight": 2, "random_weight": 0.3178504606125452, "id": 32}, {"weight": 1, "random_weight": 0.4067257424053615, "id": 33}, {"weight": 1, "random_weight": 0.875801670637888, "id": 38}], [{"weight": 1, "random_weight": 0.31972956145965514, "id": 23}, {"weight": 1, "random_weight": 0.47137242367477517, "id": 61}, {"weight": 2, "random_weight": 0.6798191759971988, "id": 64}, {"weight": 1, "random_weight": 0.6239589748785113, "id": 68}], [{"weight": 1, "random_weight": 0.8181482283182984, "id": 9}, {"weight": 1, "random_weight": 0.9719881776687963, "id": 10}, {"weight": 1, "random_weight": 0.5333458191513246, "id": 28}, {"weight": 2, "random_weight": 0.6798191759971988, "id": 63}], [{"weight": 2, "random_weight": 0.9233928605145113, "id": 5}, {"weight": 1, "random_weight": 0.585360951427131, "id": 11}, {"weight": 2, "random_weight": 0.6252508823615457, "id": 30}, {"weight": 1, "random_weight": 0.40306319104528043, "id": 32}], [{"weight": 1, "random_weight": 0.3577215842428023, "id": 31}, {"weight": 1, "random_weight": 0.6462183815329565, "id": 43}, {"weight": 1, "random_weight": 0.9259314553792535, "id": 49}, {"weight": 1, "random_weight": 0.6887794286622567, "id": 56}, {"weight": 1, "random_weight": 0.6593413774223248, "id": 60}, {"weight": 1, "random_weight": 0.7260267197933494, "id": 68}], [{"weight": 1, "random_weight": 0.6566091620693864, "id": 7}, {"weight": 1, "random_weight": 0.5315787394911983, "id": 17}, {"weight": 1, "random_weight": 0.88634123756566, "id": 29}, {"weight": 1, "random_weight": 0.36918548330320655, "id": 44}, {"weight": 2, "random_weight": 0.28829410234923414, "id": 69}], [{"weight": 2, "random_weight": 0.7197963598674331, "id": 28}, {"weight": 1, "random_weight": 0.452851208262976, "id": 55}, {"weight": 1, "random_weight": 0.5171028812972116, "id": 61}, {"weight": 1, "random_weight": 0.6239589748785113, "id": 63}, {"weight": 1, "random_weight": 0.7260267197933494, "id": 66}], [{"weight": 1, "random_weight": 0.43404590829728784, "id": 12}, {"weight": 1, "random_weight": 0.9006400242858551, "id": 39}, {"weight": 1, "random_weight": 0.8990715964102652, "id": 50}, {"weight": 1, "random_weight": 0.5202467472920057, "id": 58}, {"weight": 2, "random_weight": 0.28829410234923414, "id": 67}], [{"weight": 1, "random_weight": 0.4350688690210852, "id": 3}, {"weight": 2, "random_weight": 0.6123629518939129, "id": 4}, {"weight": 1, "random_weight": 0.5693776184100195, "id": 52}, {"weight": 1, "random_weight": 0.6301870287570662, "id": 56}, {"weight": 1, "random_weight": 0.6442264295675009, "id": 71}], [{"weight": 1, "random_weight": 0.006651003453797766, "id": 4}, {"weight": 2, "random_weight": 0.1955179538981967, "id": 49}, {"weight": 1, "random_weight": 0.7433483228339955, "id": 56}, {"weight": 1, "random_weight": 0.6969936523639653, "id": 57}, {"weight": 1, "random_weight": 0.6442264295675009, "id": 70}]]}