{"directed": false, "multigraph": false, "graph": [], "nodes": [{"graph": null, "nnodes": 2, "nedges": 1, "density": 1.0, "atomics": "[81, 69]", "group_pop": 2, "init_part_assignment": 5, "id": 0}, {"graph": null, "nnodes": 2, "nedges": 1, "density": 1.0, "atomics": "[82, 70]", "group_pop": 2, "init_part_assignment": 4, "id": 1}, {"graph": null, "nnodes": 2, "nedges": 1, "density": 1.0, "atomics": "[74, 75]", "group_pop": 2, "init_part_assignment": 10, "id": 2}, {"graph": null, "nnodes": 2, "nedges": 1, "density": 1.0, "atomics": "[42, 30]", "group_pop": 2, "init_part_assignment": 3, "id": 3}, {"graph": null, "nnodes": 2, "nedges": 1, "density": 1.0, "atomics": "[43, 31]", "group_pop": 2, "init_part_assignment": 5, "id": 4}, {"graph": null, "nnodes": 2, "nedges": 1, "density": 1.0, "atomics": "[49, 61]", "group_pop": 2, "init_part_assignment": 11, "id": 5}, {"graph": null, "nnodes": 2, "nedges": 1, "density": 1.0, "atomics": "[50, 62]", "group_pop": 2, "init_part_assignment": 11, "id": 6}, {"graph": null, "nnodes": 2, "nedges": 1, "density": 1.0, "atomics": "[32, 33]", "group_pop": 2, "init_part_assignment": 4, "id": 7}, {"graph": null, "nnodes": 2, "nedges": 1, "density": 1.0, "atomics": "[19, 20]", "group_pop": 2, "init_part_assignment": 1, "id": 8}, {"graph": null, "nnodes": 2, "nedges": 1, "density": 1.0, "atomics": "[142, 143]", "group_pop": 2, "init_part_assignment": 6, "id": 9}, {"graph": null, "nnodes": 2, "nedges": 1, "density": 1.0, "atomics": "[41, 53]", "group_pop": 2, "init_part_assignment": 3, "id": 10}, {"graph": null, "nnodes": 2, "nedges": 1, "density": 1.0, "atomics": "[17, 29]", "group_pop": 2, "init_part_assignment": 0, "id": 11}, {"graph": null, "nnodes": 2, "nedges": 1, "density": 1.0, "atomics": "[8, 7]", "group_pop": 2, "init_part_assignment": 1, "id": 12}, {"graph": null, "nnodes": 2, "nedges": 1, "density": 1.0, "atomics": "[9, 10]", "group_pop": 2, "init_part_assignment": 1, "id": 13}, {"graph": null, "nnodes": 2, "nedges": 1, "density": 1.0, "atomics": "[34, 35]", "group_pop": 2, "init_part_assignment": 1, "id": 14}, {"graph": null, "nnodes": 2, "nedges": 1, "density": 1.0, "atomics": "[11, 23]", "group_pop": 2, "init_part_assignment": 1, "id": 15}, {"graph": null, "nnodes": 2, "nedges": 1, "density": 1.0, "atomics": "[25, 37]", "group_pop": 2, "init_part_assignment": 11, "id": 16}, {"graph": null, "nnodes": 2, "nedges": 1, "density": 1.0, "atomics": "[120, 121]", "group_pop": 2, "init_part_assignment": 7, "id": 17}, {"graph": null, "nnodes": 2, "nedges": 1, "density": 1.0, "atomics": "[132, 133]", "group_pop": 2, "init_part_assignment": 7, "id": 18}, {"graph": null, "nnodes": 2, "nedges": 1, "density": 1.0, "atomics": "[24, 36]", "group_pop": 2, "init_part_assignment": 2, "id": 19}, {"graph": null, "nnodes": 2, "nedges": 1, "density": 1.0, "atomics": "[129, 130]", "group_pop": 2, "init_part_assignment": 8, "id": 20}, {"graph": null, "nnodes": 2, "nedges": 1, "density": 1.0, "atomics": "[131, 119]", "group_pop": 2, "init_part_assignment": 8, "id": 21}, {"graph": null, "nnodes": 2, "nedges": 1, "density": 1.0, "atomics": "[83, 71]", "group_pop": 2, "init_part_assignment": 4, "id": 22}, {"graph": null, "nnodes": 2, "nedges": 1, "density": 1.0, "atomics": "[18, 6]", "group_pop": 2, "init_part_assignment": 0, "id": 23}, {"graph": null, "nnodes": 2, "nedges": 1, "density": 1.0, "atomics": "[123, 135]", "group_pop": 2, "init_part_assignment": 7, "id": 24}, {"graph": null, "nnodes": 2, "nedges": 1, "density": 1.0, "atomics": "[21, 22]", "group_pop": 2, "init_part_assignment": 1, "id": 25}, {"graph": null, "nnodes": 2, "nedges": 1, "density": 1.0, "atomics": "[96, 97]", "group_pop": 2, "init_part_assignment": 11, "id": 26}, {"graph": null, "nnodes": 2, "nedges": 1, "density": 1.0, "atomics": "[108, 109]", "group_pop": 2, "init_part_assignment": 11, "id": 27}, {"graph": null, "nnodes": 2, "nedges": 1, "density": 1.0, "atomics": "[117, 118]", "group_pop": 2, "init_part_assignment": 8, "id": 28}, {"graph": null, "nnodes": 2, "nedges": 1, "density": 1.0, "atomics": "[1, 13]", "group_pop": 2, "init_part_assignment": 2, "id": 29}, {"graph": null, "nnodes": 2, "nedges": 1, "density": 1.0, "atomics": "[67, 55]", "group_pop": 2, "init_part_assignment": 5, "id": 30}, {"graph": null, "nnodes": 2, "nedges": 1, "density": 1.0, "atomics": "[78, 79]", "group_pop": 2, "init_part_assignment": 9, "id": 31}, {"graph": null, "nnodes": 2, "nedges": 1, "density": 1.0, "atomics": "[57, 45]", "group_pop": 2, "init_part_assignment": 4, "id": 32}, {"graph": null, "nnodes": 2, "nedges": 1, "density": 1.0, "atomics": "[58, 59]", "group_pop": 2, "init_part_assignment": 4, "id": 33}, {"graph": null, "nnodes": 2, "nedges": 1, "density": 1.0, "atomics": "[48, 60]", "group_pop": 2, "init_part_assignment": 2, "id": 34}, {"graph": null, "nnodes": 2, "nedges": 1, "density": 1.0, "atomics": "[136, 124]", "group_pop": 2, "init_part_assignment": 7, "id": 35}, {"graph": null, "nnodes": 2, "nedges": 1, "density": 1.0, "atomics": "[40, 52]", "group_pop": 2, "init_part_assignment": 3, "id": 36}, {"graph": null, "nnodes": 2, "nedges": 1, "density": 1.0, "atomics": "[16, 28]", "group_pop": 2, "init_part_assignment": 3, "id": 37}, {"graph": null, "nnodes": 2, "nedges": 1, "density": 1.0, "atomics": "[0, 12]", "group_pop": 2, "init_part_assignment": 2, "id": 38}, {"graph": null, "nnodes": 2, "nedges": 1, "density": 1.0, "atomics": "[128, 116]", "group_pop": 2, "init_part_assignment": 9, "id": 39}, {"graph": null, "nnodes": 2, "nedges": 1, "density": 1.0, "atomics": "[122, 134]", "group_pop": 2, "init_part_assignment": 7, "id": 40}, {"graph": null, "nnodes": 2, "nedges": 1, "density": 1.0, "atomics": "[112, 113]", "group_pop": 2, "init_part_assignment": 10, "id": 41}, {"graph": null, "nnodes": 2, "nedges": 1, "density": 1.0, "atomics": "[2, 14]", "group_pop": 2, "init_part_assignment": 2, "id": 42}, {"graph": null, "nnodes": 2, "nedges": 1, "density": 1.0, "atomics": "[4, 5]", "group_pop": 2, "init_part_assignment": 0, "id": 43}, {"graph": null, "nnodes": 2, "nedges": 1, "density": 1.0, "atomics": "[140, 141]", "group_pop": 2, "init_part_assignment": 6, "id": 44}, {"graph": null, "nnodes": 2, "nedges": 1, "density": 1.0, "atomics": "[3, 15]", "group_pop": 2, "init_part_assignment": 0, "id": 45}, {"graph": null, "nnodes": 2, "nedges": 1, "density": 1.0, "atomics": "[137, 125]", "group_pop": 2, "init_part_assignment": 7, "id": 46}, {"graph": null, "nnodes": 2, "nedges": 1, "density": 1.0, "atomics": "[66, 54]", "group_pop": 2, "init_part_assignment": 5, "id": 47}, {"graph": null, "nnodes": 2, "nedges": 1, "density": 1.0, "atomics": "[110, 111]", "group_pop": 2, "init_part_assignment": 10, "id": 48}, {"graph": null, "nnodes": 2, "nedges": 1, "density": 1.0, "atomics": "[72, 84]", "group_pop": 2, "init_part_assignment": 2, "id": 49}, {"graph": null, "nnodes": 2, "nedges": 1, "density": 1.0, "atomics": "[46, 47]", "group_pop": 2, "init_part_assignment": 4, "id": 50}, {"graph": null, "nnodes": 2, "nedges": 1, "density": 1.0, "atomics": "[80, 68]", "group_pop": 2, "init_part_assignment": 5, "id": 51}, {"graph": null, "nnodes": 2, "nedges": 1, "density": 1.0, "atomics": "[99, 100]", "group_pop": 2, "init_part_assignment": 10, "id": 52}, {"graph": null, "nnodes": 2, "nedges": 1, "density": 1.0, "atomics": "[101, 102]", "group_pop": 2, "init_part_assignment": 6, "id": 53}, {"graph": null, "nnodes": 2, "nedges": 1, "density": 1.0, "atomics": "[64, 65]", "group_pop": 2, "init_part_assignment": 3, "id": 54}, {"graph": null, "nnodes": 2, "nedges": 1, "density": 1.0, "atomics": "[51, 63]", "group_pop": 2, "init_part_assignment": 3, "id": 55}, {"graph": null, "nnodes": 2, "nedges": 1, "density": 1.0, "atomics": "[139, 127]", "group_pop": 2, "init_part_assignment": 6, "id": 56}, {"graph": null, "nnodes": 2, "nedges": 1, "density": 1.0, "atomics": "[94, 95]", "group_pop": 2, "init_part_assignment": 8, "id": 57}, {"graph": null, "nnodes": 2, "nedges": 1, "density": 1.0, "atomics": "[56, 44]", "group_pop": 2, "init_part_assignment": 5, "id": 58}, {"graph": null, "nnodes": 2, "nedges": 1, "density": 1.0, "atomics": "[73, 85]", "group_pop": 2, "init_part_assignment": 11, "id": 59}, {"graph": null, "nnodes": 2, "nedges": 1, "density": 1.0, "atomics": "[106, 107]", "group_pop": 2, "init_part_assignment": 8, "id": 60}, {"graph": null, "nnodes": 2, "nedges": 1, "density": 1.0, "atomics": "[114, 115]", "group_pop": 2, "init_part_assignment": 6, "id": 61}, {"graph": null, "nnodes": 2, "nedges": 1, "density": 1.0, "atomics": "[104, 103]", "group_pop": 2, "init_part_assignment": 9, "id": 62}, {"graph": null, "nnodes": 2, "nedges": 1, "density": 1.0, "atomics": "[138, 126]", "group_pop": 2, "init_part_assignment": 6, "id": 63}, {"graph": null, "nnodes": 2, "nedges": 1, "density": 1.0, "atomics": "[26, 38]", "group_pop": 2, "init_part_assignment": 0, "id": 64}, {"graph": null, "nnodes": 2, "nedges": 1, "density": 1.0, "atomics": "[98, 86]", "group_pop": 2, "init_part_assignment": 10, "id": 65}, {"graph": null, "nnodes": 2, "nedges": 1, "density": 1.0, "atomics": "[105, 93]", "group_pop": 2, "init_part_assignment": 8, "id": 66}, {"graph": null, "nnodes": 2, "nedges": 1, "density": 1.0, "atomics": "[27, 39]", "group_pop": 2, "init_part_assignment": 0, "id": 67}, {"graph": null, "nnodes": 2, "nedges": 1, "density": 1.0, "atomics": "[88, 87]", "group_pop": 2, "init_part_assignment": 10, "id": 68}, {"graph": null, "nnodes": 2, "nedges": 1, "density": 1.0, "atomics": "[91, 92]", "group_pop": 2, "init_part_assignment": 9, "id": 69}, {"graph": null, "nnodes": 2, "nedges": 1, "density": 1.0, "atomics": "[76, 77]", "group_pop": 2, "init_part_assignment": 9, "id": 70}, {"graph": null, "nnodes": 2, "nedges": 1, "density": 1.0, "atomics": "[89, 90]", "group_pop": 2, "init_part_assignment": 9, "id": 71}], "adjacency": [[{"weight": 2, "random_weight": 0.9603494937293732, "id": 1}, {"weight": 1, "random_weight": 0.5401591272307461, "id": 32}, {"weight": 2, "random_weight": 0.48883558550687156, "id": 51}, {"weight": 1, "random_weight": 0.587602040695282, "id": 66}], [{"weight": 2, "random_weight": 0.9603494937293732, "id": 0}, {"weight": 2, "random_weight": 0.4101892460933443, "id": 22}, {"weight": 1, "random_weight": 0.19252357505951434, "id": 33}, {"weight": 1, "random_weight": 0.8643115498509957, "id": 57}], [{"weight": 1, "random_weight": 0.6661654522588963, "id": 6}, {"weight": 1, "random_weight": 0.6431866536997431, "id": 55}, {"weight": 1, "random_weight": 0.9253386327659848, "id": 59}, {"weight": 1, "random_weight": 0.805802671456849, "id": 65}, {"weight": 1, "random_weight": 0.9361414845092346, "id": 68}, {"weight": 1, "random_weight": 0.49196639915879525, "id": 70}], [{"weight": 2, "random_weight": 0.8105782845094891, "id": 4}, {"weight": 1, "random_weight": 0.3323531596357807, "id": 10}, {"weight": 1, "random_weight": 0.3320405817997458, "id": 11}, {"weight": 1, "random_weight": 0.9528456838952649, "id": 23}, {"weight": 1, "random_weight": 0.40019859931863644, "id": 47}], [{"weight": 2, "random_weight": 0.8105782845094891, "id": 3}, {"weight": 1, "random_weight": 0.8405061156862729, "id": 7}, {"weight": 1, "random_weight": 0.2252095294962333, "id": 8}, {"weight": 1, "random_weight": 0.023584573067808146, "id": 30}, {"weight": 1, "random_weight": 0.30951478637527485, "id": 58}], [{"weight": 2, "random_weight": 0.010857059902106059, "id": 6}, {"weight": 1, "random_weight": 0.5492407442537452, "id": 16}, {"weight": 2, "random_weight": 0.32171001180900893, "id": 34}, {"weight": 1, "random_weight": 0.28149890918355136, "id": 59}], [{"weight": 1, "random_weight": 0.6661654522588963, "id": 2}, {"weight": 2, "random_weight": 0.010857059902106059, "id": 5}, {"weight": 2, "random_weight": 0.705462349735388, "id": 55}, {"weight": 1, "random_weight": 0.951616793893628, "id": 64}], [{"weight": 1, "random_weight": 0.8405061156862729, "id": 4}, {"weight": 1, "random_weight": 0.08268837447643052, "id": 8}, {"weight": 1, "random_weight": 0.9890350515644316, "id": 14}, {"weight": 1, "random_weight": 0.9736997970747359, "id": 25}, {"weight": 1, "random_weight": 0.45573855655893947, "id": 32}, {"weight": 1, "random_weight": 0.009911567328726223, "id": 58}], [{"weight": 1, "random_weight": 0.2252095294962333, "id": 4}, {"weight": 1, "random_weight": 0.08268837447643052, "id": 7}, {"weight": 2, "random_weight": 0.5128680536922845, "id": 12}, {"weight": 1, "random_weight": 0.792583060725798, "id": 23}, {"weight": 1, "random_weight": 0.9999023019478135, "id": 25}], [{"weight": 1, "random_weight": 0.9426624200577431, "id": 20}, {"weight": 1, "random_weight": 0.6869061902016804, "id": 21}, {"weight": 1, "random_weight": 0.6243086631027175, "id": 44}], [{"weight": 1, "random_weight": 0.3323531596357807, "id": 3}, {"weight": 1, "random_weight": 0.09342960431378022, "id": 11}, {"weight": 2, "random_weight": 0.8034064785961177, "id": 36}, {"weight": 1, "random_weight": 0.7948067925895497, "id": 47}, {"weight": 1, "random_weight": 0.3156893378737966, "id": 54}], [{"weight": 1, "random_weight": 0.3320405817997458, "id": 3}, {"weight": 1, "random_weight": 0.09342960431378022, "id": 10}, {"weight": 1, "random_weight": 0.39213065036937855, "id": 23}, {"weight": 2, "random_weight": 0.7768436731721661, "id": 37}, {"weight": 1, "random_weight": 0.4735109511532014, "id": 43}], [{"weight": 2, "random_weight": 0.5128680536922845, "id": 8}, {"weight": 1, "random_weight": 0.6085274783414207, "id": 13}, {"weight": 1, "random_weight": 0.9793940698857966, "id": 23}], [{"weight": 1, "random_weight": 0.6085274783414207, "id": 12}, {"weight": 1, "random_weight": 0.9299082568927078, "id": 15}, {"weight": 2, "random_weight": 0.6280014244947331, "id": 25}], [{"weight": 1, "random_weight": 0.9890350515644316, "id": 7}, {"weight": 1, "random_weight": 0.5179382151143025, "id": 15}, {"weight": 1, "random_weight": 0.018057353782427454, "id": 25}, {"weight": 2, "random_weight": 0.9398703546530686, "id": 50}], [{"weight": 1, "random_weight": 0.9299082568927078, "id": 13}, {"weight": 1, "random_weight": 0.5179382151143025, "id": 14}, {"weight": 1, "random_weight": 0.7684321053290357, "id": 25}], [{"weight": 1, "random_weight": 0.5492407442537452, "id": 5}, {"weight": 2, "random_weight": 0.6960877071426606, "id": 19}, {"weight": 1, "random_weight": 0.4972770692473828, "id": 29}, {"weight": 2, "random_weight": 0.8942965500136546, "id": 64}], [{"weight": 2, "random_weight": 0.03653141145774974, "id": 18}, {"weight": 2, "random_weight": 0.11695933417590199, "id": 27}, {"weight": 1, "random_weight": 0.802979127281972, "id": 40}], [{"weight": 2, "random_weight": 0.03653141145774974, "id": 17}, {"weight": 1, "random_weight": 0.21053184458260077, "id": 40}], [{"weight": 2, "random_weight": 0.6960877071426606, "id": 16}, {"weight": 1, "random_weight": 0.1652509817257206, "id": 34}, {"weight": 1, "random_weight": 0.26327385497923483, "id": 38}], [{"weight": 1, "random_weight": 0.9426624200577431, "id": 9}, {"weight": 1, "random_weight": 0.2945779582482769, "id": 21}, {"weight": 2, "random_weight": 0.8218677326534084, "id": 28}, {"weight": 1, "random_weight": 0.7168692936851127, "id": 39}, {"weight": 1, "random_weight": 0.6271823308022353, "id": 44}], [{"weight": 1, "random_weight": 0.6869061902016804, "id": 9}, {"weight": 1, "random_weight": 0.2945779582482769, "id": 20}, {"weight": 1, "random_weight": 0.2690033021584781, "id": 28}, {"weight": 1, "random_weight": 0.32095950521767713, "id": 60}], [{"weight": 2, "random_weight": 0.4101892460933443, "id": 1}, {"weight": 1, "random_weight": 0.8028816021282761, "id": 33}, {"weight": 1, "random_weight": 0.7114740243886708, "id": 57}], [{"weight": 1, "random_weight": 0.9528456838952649, "id": 3}, {"weight": 1, "random_weight": 0.792583060725798, "id": 8}, {"weight": 1, "random_weight": 0.39213065036937855, "id": 11}, {"weight": 1, "random_weight": 0.9793940698857966, "id": 12}, {"weight": 1, "random_weight": 0.9356209865759338, "id": 43}], [{"weight": 2, "random_weight": 0.4937106686354643, "id": 35}, {"weight": 2, "random_weight": 0.49214044850571426, "id": 40}, {"weight": 1, "random_weight": 0.5324997689844387, "id": 48}], [{"weight": 1, "random_weight": 0.9736997970747359, "id": 7}, {"weight": 1, "random_weight": 0.9999023019478135, "id": 8}, {"weight": 2, "random_weight": 0.6280014244947331, "id": 13}, {"weight": 1, "random_weight": 0.018057353782427454, "id": 14}, {"weight": 1, "random_weight": 0.7684321053290357, "id": 15}], [{"weight": 2, "random_weight": 0.07168221551927212, "id": 27}, {"weight": 1, "random_weight": 0.10383690183037475, "id": 49}, {"weight": 1, "random_weight": 0.6585669885347988, "id": 59}, {"weight": 1, "random_weight": 0.9936930334899142, "id": 65}], [{"weight": 2, "random_weight": 0.11695933417590199, "id": 17}, {"weight": 2, "random_weight": 0.07168221551927212, "id": 26}, {"weight": 1, "random_weight": 0.9391795183990356, "id": 48}], [{"weight": 2, "random_weight": 0.8218677326534084, "id": 20}, {"weight": 1, "random_weight": 0.2690033021584781, "id": 21}, {"weight": 1, "random_weight": 0.5575821703329781, "id": 39}, {"weight": 1, "random_weight": 0.6438629944830107, "id": 60}, {"weight": 1, "random_weight": 0.16679559962933665, "id": 66}], [{"weight": 1, "random_weight": 0.4972770692473828, "id": 16}, {"weight": 2, "random_weight": 0.41446989374188414, "id": 38}, {"weight": 2, "random_weight": 0.2965794272166421, "id": 42}], [{"weight": 1, "random_weight": 0.023584573067808146, "id": 4}, {"weight": 1, "random_weight": 0.6640839171820796, "id": 31}, {"weight": 2, "random_weight": 0.509820053855376, "id": 47}, {"weight": 1, "random_weight": 0.24957297471567574, "id": 51}, {"weight": 1, "random_weight": 0.26136403826587506, "id": 58}], [{"weight": 1, "random_weight": 0.6640839171820796, "id": 30}, {"weight": 1, "random_weight": 0.5843284601905151, "id": 47}, {"weight": 1, "random_weight": 0.3156362220393979, "id": 51}, {"weight": 1, "random_weight": 0.33445312009973205, "id": 69}, {"weight": 1, "random_weight": 0.10280568974141435, "id": 70}, {"weight": 1, "random_weight": 0.6571255010356274, "id": 71}], [{"weight": 1, "random_weight": 0.5401591272307461, "id": 0}, {"weight": 1, "random_weight": 0.45573855655893947, "id": 7}, {"weight": 1, "random_weight": 0.6982609350435944, "id": 33}, {"weight": 1, "random_weight": 0.2180527250746218, "id": 50}, {"weight": 2, "random_weight": 0.7960777346415472, "id": 58}], [{"weight": 1, "random_weight": 0.19252357505951434, "id": 1}, {"weight": 1, "random_weight": 0.8028816021282761, "id": 22}, {"weight": 1, "random_weight": 0.6982609350435944, "id": 32}, {"weight": 2, "random_weight": 0.5637067248518699, "id": 50}], [{"weight": 2, "random_weight": 0.32171001180900893, "id": 5}, {"weight": 1, "random_weight": 0.1652509817257206, "id": 19}, {"weight": 1, "random_weight": 0.2566473686823644, "id": 49}], [{"weight": 2, "random_weight": 0.4937106686354643, "id": 24}, {"weight": 1, "random_weight": 0.9850823469286129, "id": 41}, {"weight": 2, "random_weight": 0.1679485002363028, "id": 46}], [{"weight": 2, "random_weight": 0.8034064785961177, "id": 10}, {"weight": 1, "random_weight": 0.3594574318788848, "id": 37}, {"weight": 1, "random_weight": 0.2500263877910588, "id": 54}, {"weight": 1, "random_weight": 0.32515806690798066, "id": 55}, {"weight": 1, "random_weight": 0.7179723375203495, "id": 67}], [{"weight": 2, "random_weight": 0.7768436731721661, "id": 11}, {"weight": 1, "random_weight": 0.3594574318788848, "id": 36}, {"weight": 1, "random_weight": 0.820852365427888, "id": 43}, {"weight": 1, "random_weight": 0.7300144029487089, "id": 45}, {"weight": 1, "random_weight": 0.7447713482761814, "id": 67}], [{"weight": 1, "random_weight": 0.26327385497923483, "id": 19}, {"weight": 2, "random_weight": 0.41446989374188414, "id": 29}], [{"weight": 1, "random_weight": 0.7168692936851127, "id": 20}, {"weight": 1, "random_weight": 0.5575821703329781, "id": 28}, {"weight": 1, "random_weight": 0.5810367273886374, "id": 44}, {"weight": 1, "random_weight": 0.6774854785678599, "id": 56}, {"weight": 1, "random_weight": 0.7384770771035892, "id": 61}, {"weight": 1, "random_weight": 0.7391068310635578, "id": 62}], [{"weight": 1, "random_weight": 0.802979127281972, "id": 17}, {"weight": 1, "random_weight": 0.21053184458260077, "id": 18}, {"weight": 2, "random_weight": 0.49214044850571426, "id": 24}, {"weight": 1, "random_weight": 0.22837425697174885, "id": 48}], [{"weight": 1, "random_weight": 0.9850823469286129, "id": 35}, {"weight": 1, "random_weight": 0.6602660417822273, "id": 46}, {"weight": 1, "random_weight": 0.6822842197578404, "id": 48}, {"weight": 1, "random_weight": 0.15200235989408895, "id": 52}, {"weight": 1, "random_weight": 0.7960645307520456, "id": 53}, {"weight": 1, "random_weight": 0.8406793726044344, "id": 61}], [{"weight": 2, "random_weight": 0.2965794272166421, "id": 29}, {"weight": 2, "random_weight": 0.7762583541106158, "id": 45}, {"weight": 1, "random_weight": 0.814683056011175, "id": 64}], [{"weight": 1, "random_weight": 0.4735109511532014, "id": 11}, {"weight": 1, "random_weight": 0.9356209865759338, "id": 23}, {"weight": 1, "random_weight": 0.820852365427888, "id": 37}, {"weight": 1, "random_weight": 0.2547016600762929, "id": 45}], [{"weight": 1, "random_weight": 0.6243086631027175, "id": 9}, {"weight": 1, "random_weight": 0.6271823308022353, "id": 20}, {"weight": 1, "random_weight": 0.5810367273886374, "id": 39}, {"weight": 1, "random_weight": 0.48768063273467754, "id": 56}], [{"weight": 1, "random_weight": 0.7300144029487089, "id": 37}, {"weight": 2, "random_weight": 0.7762583541106158, "id": 42}, {"weight": 1, "random_weight": 0.2547016600762929, "id": 43}, {"weight": 1, "random_weight": 0.6278755454689253, "id": 67}], [{"weight": 2, "random_weight": 0.1679485002363028, "id": 35}, {"weight": 1, "random_weight": 0.6602660417822273, "id": 41}, {"weight": 2, "random_weight": 0.9518566260047234, "id": 63}], [{"weight": 1, "random_weight": 0.40019859931863644, "id": 3}, {"weight": 1, "random_weight": 0.7948067925895497, "id": 10}, {"weight": 2, "random_weight": 0.509820053855376, "id": 30}, {"weight": 1, "random_weight": 0.5843284601905151, "id": 31}, {"weight": 1, "random_weight": 0.3794758215282519, "id": 54}], [{"weight": 1, "random_weight": 0.5324997689844387, "id": 24}, {"weight": 1, "random_weight": 0.9391795183990356, "id": 27}, {"weight": 1, "random_weight": 0.22837425697174885, "id": 40}, {"weight": 1, "random_weight": 0.6822842197578404, "id": 41}, {"weight": 1, "random_weight": 0.23858232666032597, "id": 52}, {"weight": 1, "random_weight": 0.3354694016660549, "id": 65}], [{"weight": 1, "random_weight": 0.10383690183037475, "id": 26}, {"weight": 1, "random_weight": 0.2566473686823644, "id": 34}, {"weight": 2, "random_weight": 0.15116336931360563, "id": 59}], [{"weight": 2, "random_weight": 0.9398703546530686, "id": 14}, {"weight": 1, "random_weight": 0.2180527250746218, "id": 32}, {"weight": 2, "random_weight": 0.5637067248518699, "id": 33}], [{"weight": 2, "random_weight": 0.48883558550687156, "id": 0}, {"weight": 1, "random_weight": 0.24957297471567574, "id": 30}, {"weight": 1, "random_weight": 0.3156362220393979, "id": 31}, {"weight": 1, "random_weight": 0.6238090574744598, "id": 58}, {"weight": 1, "random_weight": 0.6619343779364893, "id": 69}], [{"weight": 1, "random_weight": 0.15200235989408895, "id": 41}, {"weight": 1, "random_weight": 0.23858232666032597, "id": 48}, {"weight": 1, "random_weight": 0.9134057068221113, "id": 53}, {"weight": 1, "random_weight": 0.7974290946276401, "id": 65}, {"weight": 2, "random_weight": 0.15982747546789977, "id": 68}], [{"weight": 1, "random_weight": 0.7960645307520456, "id": 41}, {"weight": 1, "random_weight": 0.9134057068221113, "id": 52}, {"weight": 1, "random_weight": 0.3120124465375227, "id": 61}, {"weight": 1, "random_weight": 0.7596118814807342, "id": 62}, {"weight": 2, "random_weight": 0.628167068448647, "id": 71}], [{"weight": 1, "random_weight": 0.3156893378737966, "id": 10}, {"weight": 1, "random_weight": 0.2500263877910588, "id": 36}, {"weight": 1, "random_weight": 0.3794758215282519, "id": 47}, {"weight": 1, "random_weight": 0.8156395791580029, "id": 55}, {"weight": 2, "random_weight": 0.687347793074461, "id": 70}], [{"weight": 1, "random_weight": 0.6431866536997431, "id": 2}, {"weight": 2, "random_weight": 0.705462349735388, "id": 6}, {"weight": 1, "random_weight": 0.32515806690798066, "id": 36}, {"weight": 1, "random_weight": 0.8156395791580029, "id": 54}, {"weight": 1, "random_weight": 0.6709912704527485, "id": 67}], [{"weight": 1, "random_weight": 0.6774854785678599, "id": 39}, {"weight": 1, "random_weight": 0.48768063273467754, "id": 44}, {"weight": 1, "random_weight": 0.22194076406189234, "id": 61}, {"weight": 2, "random_weight": 0.16711159996174585, "id": 63}], [{"weight": 1, "random_weight": 0.8643115498509957, "id": 1}, {"weight": 1, "random_weight": 0.7114740243886708, "id": 22}, {"weight": 2, "random_weight": 0.8321952752415858, "id": 60}, {"weight": 1, "random_weight": 0.32715318970200025, "id": 66}], [{"weight": 1, "random_weight": 0.30951478637527485, "id": 4}, {"weight": 1, "random_weight": 0.009911567328726223, "id": 7}, {"weight": 1, "random_weight": 0.26136403826587506, "id": 30}, {"weight": 2, "random_weight": 0.7960777346415472, "id": 32}, {"weight": 1, "random_weight": 0.6238090574744598, "id": 51}], [{"weight": 1, "random_weight": 0.9253386327659848, "id": 2}, {"weight": 1, "random_weight": 0.28149890918355136, "id": 5}, {"weight": 1, "random_weight": 0.6585669885347988, "id": 26}, {"weight": 2, "random_weight": 0.15116336931360563, "id": 49}, {"weight": 1, "random_weight": 0.8114398826299244, "id": 65}], [{"weight": 1, "random_weight": 0.32095950521767713, "id": 21}, {"weight": 1, "random_weight": 0.6438629944830107, "id": 28}, {"weight": 2, "random_weight": 0.8321952752415858, "id": 57}, {"weight": 1, "random_weight": 0.6289271871712199, "id": 66}], [{"weight": 1, "random_weight": 0.7384770771035892, "id": 39}, {"weight": 1, "random_weight": 0.8406793726044344, "id": 41}, {"weight": 1, "random_weight": 0.3120124465375227, "id": 53}, {"weight": 1, "random_weight": 0.22194076406189234, "id": 56}, {"weight": 1, "random_weight": 0.9882357586259927, "id": 62}, {"weight": 1, "random_weight": 0.5262719907907375, "id": 63}], [{"weight": 1, "random_weight": 0.7391068310635578, "id": 39}, {"weight": 1, "random_weight": 0.7596118814807342, "id": 53}, {"weight": 1, "random_weight": 0.9882357586259927, "id": 61}, {"weight": 1, "random_weight": 0.829219836280829, "id": 66}, {"weight": 2, "random_weight": 0.24153644221646886, "id": 69}], [{"weight": 2, "random_weight": 0.9518566260047234, "id": 46}, {"weight": 2, "random_weight": 0.16711159996174585, "id": 56}, {"weight": 1, "random_weight": 0.5262719907907375, "id": 61}], [{"weight": 1, "random_weight": 0.951616793893628, "id": 6}, {"weight": 2, "random_weight": 0.8942965500136546, "id": 16}, {"weight": 1, "random_weight": 0.814683056011175, "id": 42}, {"weight": 2, "random_weight": 0.114364797377285, "id": 67}], [{"weight": 1, "random_weight": 0.805802671456849, "id": 2}, {"weight": 1, "random_weight": 0.9936930334899142, "id": 26}, {"weight": 1, "random_weight": 0.3354694016660549, "id": 48}, {"weight": 1, "random_weight": 0.7974290946276401, "id": 52}, {"weight": 1, "random_weight": 0.8114398826299244, "id": 59}, {"weight": 1, "random_weight": 0.28541392389566556, "id": 68}], [{"weight": 1, "random_weight": 0.587602040695282, "id": 0}, {"weight": 1, "random_weight": 0.16679559962933665, "id": 28}, {"weight": 1, "random_weight": 0.32715318970200025, "id": 57}, {"weight": 1, "random_weight": 0.6289271871712199, "id": 60}, {"weight": 1, "random_weight": 0.829219836280829, "id": 62}, {"weight": 1, "random_weight": 0.11642557658010821, "id": 69}], [{"weight": 1, "random_weight": 0.7179723375203495, "id": 36}, {"weight": 1, "random_weight": 0.7447713482761814, "id": 37}, {"weight": 1, "random_weight": 0.6278755454689253, "id": 45}, {"weight": 1, "random_weight": 0.6709912704527485, "id": 55}, {"weight": 2, "random_weight": 0.114364797377285, "id": 64}], [{"weight": 1, "random_weight": 0.9361414845092346, "id": 2}, {"weight": 2, "random_weight": 0.15982747546789977, "id": 52}, {"weight": 1, "random_weight": 0.28541392389566556, "id": 65}, {"weight": 1, "random_weight": 0.22771345058572656, "id": 70}, {"weight": 1, "random_weight": 0.8273193241018899, "id": 71}], [{"weight": 1, "random_weight": 0.33445312009973205, "id": 31}, {"weight": 1, "random_weight": 0.6619343779364893, "id": 51}, {"weight": 2, "random_weight": 0.24153644221646886, "id": 62}, {"weight": 1, "random_weight": 0.11642557658010821, "id": 66}, {"weight": 1, "random_weight": 0.3351474771923517, "id": 71}], [{"weight": 1, "random_weight": 0.49196639915879525, "id": 2}, {"weight": 1, "random_weight": 0.10280568974141435, "id": 31}, {"weight": 2, "random_weight": 0.687347793074461, "id": 54}, {"weight": 1, "random_weight": 0.22771345058572656, "id": 68}, {"weight": 1, "random_weight": 0.0333344143276838, "id": 71}], [{"weight": 1, "random_weight": 0.6571255010356274, "id": 31}, {"weight": 2, "random_weight": 0.628167068448647, "id": 53}, {"weight": 1, "random_weight": 0.8273193241018899, "id": 68}, {"weight": 1, "random_weight": 0.3351474771923517, "id": 69}, {"weight": 1, "random_weight": 0.0333344143276838, "id": 70}]]}