{"directed": false, "multigraph": false, "graph": [], "nodes": [{"graph": null, "nnodes": 2, "nedges": 1, "density": 1.0, "atomics": "[81, 69]", "group_pop": 2, "init_part_assignment": 1, "id": 0}, {"graph": null, "nnodes": 2, "nedges": 1, "density": 1.0, "atomics": "[82, 94]", "group_pop": 2, "init_part_assignment": 1, "id": 1}, {"graph": null, "nnodes": 2, "nedges": 1, "density": 1.0, "atomics": "[70, 71]", "group_pop": 2, "init_part_assignment": 10, "id": 2}, {"graph": null, "nnodes": 2, "nedges": 1, "density": 1.0, "atomics": "[73, 74]", "group_pop": 2, "init_part_assignment": 2, "id": 3}, {"graph": null, "nnodes": 2, "nedges": 1, "density": 1.0, "atomics": "[75, 87]", "group_pop": 2, "init_part_assignment": 8, "id": 4}, {"graph": null, "nnodes": 2, "nedges": 1, "density": 1.0, "atomics": "[42, 43]", "group_pop": 2, "init_part_assignment": 9, "id": 5}, {"graph": null, "nnodes": 2, "nedges": 1, "density": 1.0, "atomics": "[60, 61]", "group_pop": 2, "init_part_assignment": 2, "id": 6}, {"graph": null, "nnodes": 2, "nedges": 1, "density": 1.0, "atomics": "[62, 63]", "group_pop": 2, "init_part_assignment": 8, "id": 7}, {"graph": null, "nnodes": 2, "nedges": 1, "density": 1.0, "atomics": "[32, 33]", "group_pop": 2, "init_part_assignment": 11, "id": 8}, {"graph": null, "nnodes": 2, "nedges": 1, "density": 1.0, "atomics": "[19, 20]", "group_pop": 2, "init_part_assignment": 3, "id": 9}, {"graph": null, "nnodes": 2, "nedges": 1, "density": 1.0, "atomics": "[130, 142]", "group_pop": 2, "init_part_assignment": 6, "id": 10}, {"graph": null, "nnodes": 2, "nedges": 1, "density": 1.0, "atomics": "[131, 143]", "group_pop": 2, "init_part_assignment": 6, "id": 11}, {"graph": null, "nnodes": 2, "nedges": 1, "density": 1.0, "atomics": "[41, 53]", "group_pop": 2, "init_part_assignment": 9, "id": 12}, {"graph": null, "nnodes": 2, "nedges": 1, "density": 1.0, "atomics": "[28, 29]", "group_pop": 2, "init_part_assignment": 5, "id": 13}, {"graph": null, "nnodes": 2, "nedges": 1, "density": 1.0, "atomics": "[8, 7]", "group_pop": 2, "init_part_assignment": 3, "id": 14}, {"graph": null, "nnodes": 2, "nedges": 1, "density": 1.0, "atomics": "[9, 21]", "group_pop": 2, "init_part_assignment": 10, "id": 15}, {"graph": null, "nnodes": 2, "nedges": 1, "density": 1.0, "atomics": "[34, 22]", "group_pop": 2, "init_part_assignment": 10, "id": 16}, {"graph": null, "nnodes": 2, "nedges": 1, "density": 1.0, "atomics": "[35, 23]", "group_pop": 2, "init_part_assignment": 10, "id": 17}, {"graph": null, "nnodes": 2, "nedges": 1, "density": 1.0, "atomics": "[10, 11]", "group_pop": 2, "init_part_assignment": 10, "id": 18}, {"graph": null, "nnodes": 2, "nedges": 1, "density": 1.0, "atomics": "[48, 49]", "group_pop": 2, "init_part_assignment": 5, "id": 19}, {"graph": null, "nnodes": 2, "nedges": 1, "density": 1.0, "atomics": "[36, 37]", "group_pop": 2, "init_part_assignment": 5, "id": 20}, {"graph": null, "nnodes": 2, "nedges": 1, "density": 1.0, "atomics": "[120, 108]", "group_pop": 2, "init_part_assignment": 2, "id": 21}, {"graph": null, "nnodes": 2, "nedges": 1, "density": 1.0, "atomics": "[132, 133]", "group_pop": 2, "init_part_assignment": 0, "id": 22}, {"graph": null, "nnodes": 2, "nedges": 1, "density": 1.0, "atomics": "[24, 25]", "group_pop": 2, "init_part_assignment": 4, "id": 23}, {"graph": null, "nnodes": 2, "nedges": 1, "density": 1.0, "atomics": "[30, 31]", "group_pop": 2, "init_part_assignment": 3, "id": 24}, {"graph": null, "nnodes": 2, "nedges": 1, "density": 1.0, "atomics": "[83, 95]", "group_pop": 2, "init_part_assignment": 1, "id": 25}, {"graph": null, "nnodes": 2, "nedges": 1, "density": 1.0, "atomics": "[18, 6]", "group_pop": 2, "init_part_assignment": 3, "id": 26}, {"graph": null, "nnodes": 2, "nedges": 1, "density": 1.0, "atomics": "[123, 135]", "group_pop": 2, "init_part_assignment": 0, "id": 27}, {"graph": null, "nnodes": 2, "nedges": 1, "density": 1.0, "atomics": "[96, 97]", "group_pop": 2, "init_part_assignment": 2, "id": 28}, {"graph": null, "nnodes": 2, "nedges": 1, "density": 1.0, "atomics": "[129, 117]", "group_pop": 2, "init_part_assignment": 6, "id": 29}, {"graph": null, "nnodes": 2, "nedges": 1, "density": 1.0, "atomics": "[1, 13]", "group_pop": 2, "init_part_assignment": 4, "id": 30}, {"graph": null, "nnodes": 2, "nedges": 1, "density": 1.0, "atomics": "[67, 68]", "group_pop": 2, "init_part_assignment": 11, "id": 31}, {"graph": null, "nnodes": 2, "nedges": 1, "density": 1.0, "atomics": "[80, 79]", "group_pop": 2, "init_part_assignment": 1, "id": 32}, {"graph": null, "nnodes": 2, "nedges": 1, "density": 1.0, "atomics": "[56, 57]", "group_pop": 2, "init_part_assignment": 11, "id": 33}, {"graph": null, "nnodes": 2, "nedges": 1, "density": 1.0, "atomics": "[58, 46]", "group_pop": 2, "init_part_assignment": 11, "id": 34}, {"graph": null, "nnodes": 2, "nedges": 1, "density": 1.0, "atomics": "[136, 137]", "group_pop": 2, "init_part_assignment": 7, "id": 35}, {"graph": null, "nnodes": 2, "nedges": 1, "density": 1.0, "atomics": "[124, 125]", "group_pop": 2, "init_part_assignment": 0, "id": 36}, {"graph": null, "nnodes": 2, "nedges": 1, "density": 1.0, "atomics": "[40, 39]", "group_pop": 2, "init_part_assignment": 5, "id": 37}, {"graph": null, "nnodes": 2, "nedges": 1, "density": 1.0, "atomics": "[0, 12]", "group_pop": 2, "init_part_assignment": 4, "id": 38}, {"graph": null, "nnodes": 2, "nedges": 1, "density": 1.0, "atomics": "[128, 116]", "group_pop": 2, "init_part_assignment": 6, "id": 39}, {"graph": null, "nnodes": 2, "nedges": 1, "density": 1.0, "atomics": "[122, 134]", "group_pop": 2, "init_part_assignment": 0, "id": 40}, {"graph": null, "nnodes": 2, "nedges": 1, "density": 1.0, "atomics": "[121, 109]", "group_pop": 2, "init_part_assignment": 0, "id": 41}, {"graph": null, "nnodes": 2, "nedges": 1, "density": 1.0, "atomics": "[112, 113]", "group_pop": 2, "init_part_assignment": 8, "id": 42}, {"graph": null, "nnodes": 2, "nedges": 1, "density": 1.0, "atomics": "[2, 3]", "group_pop": 2, "init_part_assignment": 4, "id": 43}, {"graph": null, "nnodes": 2, "nedges": 1, "density": 1.0, "atomics": "[16, 17]", "group_pop": 2, "init_part_assignment": 3, "id": 44}, {"graph": null, "nnodes": 2, "nedges": 1, "density": 1.0, "atomics": "[4, 5]", "group_pop": 2, "init_part_assignment": 3, "id": 45}, {"graph": null, "nnodes": 2, "nedges": 1, "density": 1.0, "atomics": "[140, 141]", "group_pop": 2, "init_part_assignment": 7, "id": 46}, {"graph": null, "nnodes": 2, "nedges": 1, "density": 1.0, "atomics": "[66, 78]", "group_pop": 2, "init_part_assignment": 9, "id": 47}, {"graph": null, "nnodes": 2, "nedges": 1, "density": 1.0, "atomics": "[27, 15]", "group_pop": 2, "init_part_assignment": 4, "id": 48}, {"graph": null, "nnodes": 2, "nedges": 1, "density": 1.0, "atomics": "[110, 111]", "group_pop": 2, "init_part_assignment": 0, "id": 49}, {"graph": null, "nnodes": 2, "nedges": 1, "density": 1.0, "atomics": "[72, 84]", "group_pop": 2, "init_part_assignment": 2, "id": 50}, {"graph": null, "nnodes": 2, "nedges": 1, "density": 1.0, "atomics": "[59, 47]", "group_pop": 2, "init_part_assignment": 10, "id": 51}, {"graph": null, "nnodes": 2, "nedges": 1, "density": 1.0, "atomics": "[88, 100]", "group_pop": 2, "init_part_assignment": 8, "id": 52}, {"graph": null, "nnodes": 2, "nedges": 1, "density": 1.0, "atomics": "[89, 101]", "group_pop": 2, "init_part_assignment": 9, "id": 53}, {"graph": null, "nnodes": 2, "nedges": 1, "density": 1.0, "atomics": "[64, 76]", "group_pop": 2, "init_part_assignment": 8, "id": 54}, {"graph": null, "nnodes": 2, "nedges": 1, "density": 1.0, "atomics": "[138, 139]", "group_pop": 2, "init_part_assignment": 7, "id": 55}, {"graph": null, "nnodes": 2, "nedges": 1, "density": 1.0, "atomics": "[115, 127]", "group_pop": 2, "init_part_assignment": 7, "id": 56}, {"graph": null, "nnodes": 2, "nedges": 1, "density": 1.0, "atomics": "[44, 45]", "group_pop": 2, "init_part_assignment": 11, "id": 57}, {"graph": null, "nnodes": 2, "nedges": 1, "density": 1.0, "atomics": "[85, 86]", "group_pop": 2, "init_part_assignment": 2, "id": 58}, {"graph": null, "nnodes": 2, "nedges": 1, "density": 1.0, "atomics": "[106, 107]", "group_pop": 2, "init_part_assignment": 1, "id": 59}, {"graph": null, "nnodes": 2, "nedges": 1, "density": 1.0, "atomics": "[118, 119]", "group_pop": 2, "init_part_assignment": 6, "id": 60}, {"graph": null, "nnodes": 2, "nedges": 1, "density": 1.0, "atomics": "[54, 55]", "group_pop": 2, "init_part_assignment": 11, "id": 61}, {"graph": null, "nnodes": 2, "nedges": 1, "density": 1.0, "atomics": "[102, 103]", "group_pop": 2, "init_part_assignment": 7, "id": 62}, {"graph": null, "nnodes": 2, "nedges": 1, "density": 1.0, "atomics": "[114, 126]", "group_pop": 2, "init_part_assignment": 7, "id": 63}, {"graph": null, "nnodes": 2, "nedges": 1, "density": 1.0, "atomics": "[50, 38]", "group_pop": 2, "init_part_assignment": 5, "id": 64}, {"graph": null, "nnodes": 2, "nedges": 1, "density": 1.0, "atomics": "[98, 99]", "group_pop": 2, "init_part_assignment": 8, "id": 65}, {"graph": null, "nnodes": 2, "nedges": 1, "density": 1.0, "atomics": "[104, 105]", "group_pop": 2, "init_part_assignment": 6, "id": 66}, {"graph": null, "nnodes": 2, "nedges": 1, "density": 1.0, "atomics": "[92, 93]", "group_pop": 2, "init_part_assignment": 1, "id": 67}, {"graph": null, "nnodes": 2, "nedges": 1, "density": 1.0, "atomics": "[26, 14]", "group_pop": 2, "init_part_assignment": 4, "id": 68}, {"graph": null, "nnodes": 2, "nedges": 1, "density": 1.0, "atomics": "[51, 52]", "group_pop": 2, "init_part_assignment": 5, "id": 69}, {"graph": null, "nnodes": 2, "nedges": 1, "density": 1.0, "atomics": "[65, 77]", "group_pop": 2, "init_part_assignment": 9, "id": 70}, {"graph": null, "nnodes": 2, "nedges": 1, "density": 1.0, "atomics": "[90, 91]", "group_pop": 2, "init_part_assignment": 9, "id": 71}], "adjacency": [[{"weight": 1, "random_weight": 0.008473441460979725, "id": 1}, {"weight": 1, "random_weight": 0.6574914937965552, "id": 2}, {"weight": 1, "random_weight": 0.4099337018576622, "id": 31}, {"weight": 1, "random_weight": 0.9501650181366897, "id": 32}, {"weight": 1, "random_weight": 0.9835008610523933, "id": 33}, {"weight": 1, "random_weight": 0.7771206427217893, "id": 67}], [{"weight": 1, "random_weight": 0.008473441460979725, "id": 0}, {"weight": 1, "random_weight": 0.8619322912204654, "id": 2}, {"weight": 2, "random_weight": 0.41593351351437136, "id": 25}, {"weight": 1, "random_weight": 0.3133639800405579, "id": 59}, {"weight": 1, "random_weight": 0.2217891263651537, "id": 67}], [{"weight": 1, "random_weight": 0.6574914937965552, "id": 0}, {"weight": 1, "random_weight": 0.8619322912204654, "id": 1}, {"weight": 1, "random_weight": 0.5720601334833239, "id": 25}, {"weight": 1, "random_weight": 0.754949969066207, "id": 34}, {"weight": 1, "random_weight": 0.05020726124880648, "id": 51}], [{"weight": 1, "random_weight": 0.9613287964386181, "id": 4}, {"weight": 1, "random_weight": 0.5480395191759289, "id": 6}, {"weight": 1, "random_weight": 0.706610939697214, "id": 7}, {"weight": 1, "random_weight": 0.06877804704351709, "id": 50}, {"weight": 2, "random_weight": 0.37813037193920573, "id": 58}], [{"weight": 1, "random_weight": 0.9613287964386181, "id": 3}, {"weight": 1, "random_weight": 0.17543788551526307, "id": 7}, {"weight": 1, "random_weight": 0.5592880309101914, "id": 52}, {"weight": 1, "random_weight": 0.24430179702552246, "id": 54}, {"weight": 1, "random_weight": 0.63629449374388, "id": 58}, {"weight": 1, "random_weight": 0.7586852430080933, "id": 65}], [{"weight": 1, "random_weight": 0.4786453242169262, "id": 12}, {"weight": 2, "random_weight": 0.6181492005369242, "id": 24}, {"weight": 1, "random_weight": 0.17800405958306154, "id": 57}, {"weight": 2, "random_weight": 0.34875432931097594, "id": 61}], [{"weight": 1, "random_weight": 0.5480395191759289, "id": 3}, {"weight": 1, "random_weight": 0.7609259931180878, "id": 7}, {"weight": 2, "random_weight": 0.02153462663466499, "id": 19}, {"weight": 1, "random_weight": 0.9372448287021272, "id": 50}], [{"weight": 1, "random_weight": 0.706610939697214, "id": 3}, {"weight": 1, "random_weight": 0.17543788551526307, "id": 4}, {"weight": 1, "random_weight": 0.7609259931180878, "id": 6}, {"weight": 1, "random_weight": 0.008138319799709692, "id": 54}, {"weight": 1, "random_weight": 0.9397535569154986, "id": 64}, {"weight": 1, "random_weight": 0.3333883505961488, "id": 69}], [{"weight": 1, "random_weight": 0.47495536925964665, "id": 9}, {"weight": 1, "random_weight": 0.9330107077296484, "id": 15}, {"weight": 1, "random_weight": 0.8555501409217583, "id": 16}, {"weight": 1, "random_weight": 0.38883167817609077, "id": 24}, {"weight": 2, "random_weight": 0.28565054290711955, "id": 57}], [{"weight": 1, "random_weight": 0.47495536925964665, "id": 8}, {"weight": 2, "random_weight": 0.35983352241453537, "id": 14}, {"weight": 1, "random_weight": 0.5205048963139445, "id": 15}, {"weight": 1, "random_weight": 0.30575255407619784, "id": 24}, {"weight": 1, "random_weight": 0.5281243822078294, "id": 26}], [{"weight": 2, "random_weight": 0.07477281231035537, "id": 11}, {"weight": 1, "random_weight": 0.43137639604715494, "id": 29}, {"weight": 1, "random_weight": 0.7586625761873562, "id": 46}, {"weight": 1, "random_weight": 0.9840092172533902, "id": 60}], [{"weight": 2, "random_weight": 0.07477281231035537, "id": 10}, {"weight": 1, "random_weight": 0.4642346121017049, "id": 60}], [{"weight": 1, "random_weight": 0.4786453242169262, "id": 5}, {"weight": 1, "random_weight": 0.7707113977988613, "id": 13}, {"weight": 1, "random_weight": 0.8241198718271608, "id": 37}, {"weight": 1, "random_weight": 0.8677919383263905, "id": 61}, {"weight": 1, "random_weight": 0.27999474959013815, "id": 69}, {"weight": 1, "random_weight": 0.452573952602204, "id": 70}], [{"weight": 1, "random_weight": 0.7707113977988613, "id": 12}, {"weight": 1, "random_weight": 0.6657473271476015, "id": 24}, {"weight": 1, "random_weight": 0.043287592303749345, "id": 37}, {"weight": 2, "random_weight": 0.8877144323024818, "id": 44}, {"weight": 1, "random_weight": 0.6814224658683525, "id": 48}], [{"weight": 2, "random_weight": 0.35983352241453537, "id": 9}, {"weight": 1, "random_weight": 0.33741203379645646, "id": 15}, {"weight": 1, "random_weight": 0.4450148204549955, "id": 26}], [{"weight": 1, "random_weight": 0.9330107077296484, "id": 8}, {"weight": 1, "random_weight": 0.5205048963139445, "id": 9}, {"weight": 1, "random_weight": 0.33741203379645646, "id": 14}, {"weight": 1, "random_weight": 0.14392627671846303, "id": 16}, {"weight": 1, "random_weight": 0.444180024677042, "id": 18}], [{"weight": 1, "random_weight": 0.8555501409217583, "id": 8}, {"weight": 1, "random_weight": 0.14392627671846303, "id": 15}, {"weight": 2, "random_weight": 0.1377476067435397, "id": 17}, {"weight": 1, "random_weight": 0.49183922305534333, "id": 18}, {"weight": 1, "random_weight": 0.9552386422796831, "id": 34}], [{"weight": 2, "random_weight": 0.1377476067435397, "id": 16}, {"weight": 1, "random_weight": 0.9966283986832629, "id": 18}, {"weight": 1, "random_weight": 0.32442377005717227, "id": 51}], [{"weight": 1, "random_weight": 0.444180024677042, "id": 15}, {"weight": 1, "random_weight": 0.49183922305534333, "id": 16}, {"weight": 1, "random_weight": 0.9966283986832629, "id": 17}], [{"weight": 2, "random_weight": 0.02153462663466499, "id": 6}, {"weight": 2, "random_weight": 0.6831515516641044, "id": 20}, {"weight": 1, "random_weight": 0.9553657667843656, "id": 64}], [{"weight": 2, "random_weight": 0.6831515516641044, "id": 19}, {"weight": 2, "random_weight": 0.29710902361212577, "id": 23}, {"weight": 1, "random_weight": 0.050977534308866757, "id": 64}], [{"weight": 1, "random_weight": 0.9773819228574677, "id": 22}, {"weight": 1, "random_weight": 0.2995450735091423, "id": 28}, {"weight": 2, "random_weight": 0.38674653305192874, "id": 41}], [{"weight": 1, "random_weight": 0.9773819228574677, "id": 21}, {"weight": 1, "random_weight": 0.20202583581031597, "id": 40}, {"weight": 1, "random_weight": 0.07939710177897974, "id": 41}], [{"weight": 2, "random_weight": 0.29710902361212577, "id": 20}, {"weight": 1, "random_weight": 0.4138549387223285, "id": 30}, {"weight": 1, "random_weight": 0.4963253903525049, "id": 38}, {"weight": 1, "random_weight": 0.0991212187240732, "id": 68}], [{"weight": 2, "random_weight": 0.6181492005369242, "id": 5}, {"weight": 1, "random_weight": 0.38883167817609077, "id": 8}, {"weight": 1, "random_weight": 0.30575255407619784, "id": 9}, {"weight": 1, "random_weight": 0.6657473271476015, "id": 13}, {"weight": 1, "random_weight": 0.17219154972994644, "id": 26}], [{"weight": 2, "random_weight": 0.41593351351437136, "id": 1}, {"weight": 1, "random_weight": 0.5720601334833239, "id": 2}, {"weight": 1, "random_weight": 0.9095420231352757, "id": 59}], [{"weight": 1, "random_weight": 0.5281243822078294, "id": 9}, {"weight": 1, "random_weight": 0.4450148204549955, "id": 14}, {"weight": 1, "random_weight": 0.17219154972994644, "id": 24}, {"weight": 1, "random_weight": 0.09785147690828633, "id": 44}, {"weight": 1, "random_weight": 0.8940644656556554, "id": 45}], [{"weight": 1, "random_weight": 0.9778019957908993, "id": 35}, {"weight": 1, "random_weight": 0.47113713722199924, "id": 36}, {"weight": 2, "random_weight": 0.36931156291343237, "id": 40}, {"weight": 1, "random_weight": 0.28981461464431557, "id": 49}], [{"weight": 1, "random_weight": 0.2995450735091423, "id": 21}, {"weight": 1, "random_weight": 0.7573618142526432, "id": 41}, {"weight": 1, "random_weight": 0.8064255947848923, "id": 50}, {"weight": 1, "random_weight": 0.5996577395409407, "id": 58}, {"weight": 1, "random_weight": 0.9814608959993514, "id": 65}], [{"weight": 1, "random_weight": 0.43137639604715494, "id": 10}, {"weight": 2, "random_weight": 0.27220988149889846, "id": 39}, {"weight": 1, "random_weight": 0.4741279324542471, "id": 46}, {"weight": 1, "random_weight": 0.8106695513878278, "id": 60}, {"weight": 1, "random_weight": 0.3662185240569834, "id": 66}], [{"weight": 1, "random_weight": 0.4138549387223285, "id": 23}, {"weight": 2, "random_weight": 0.19656217304829915, "id": 38}, {"weight": 1, "random_weight": 0.3035812490466908, "id": 43}, {"weight": 1, "random_weight": 0.3714164507025751, "id": 68}], [{"weight": 1, "random_weight": 0.4099337018576622, "id": 0}, {"weight": 2, "random_weight": 0.5895861773106192, "id": 32}, {"weight": 1, "random_weight": 0.43502257881686957, "id": 33}, {"weight": 1, "random_weight": 0.7573423732455393, "id": 47}, {"weight": 1, "random_weight": 0.8328014098166827, "id": 61}], [{"weight": 1, "random_weight": 0.9501650181366897, "id": 0}, {"weight": 2, "random_weight": 0.5895861773106192, "id": 31}, {"weight": 1, "random_weight": 0.8486436026585025, "id": 47}, {"weight": 1, "random_weight": 0.3963055980432356, "id": 67}, {"weight": 1, "random_weight": 0.6283233178974581, "id": 71}], [{"weight": 1, "random_weight": 0.9835008610523933, "id": 0}, {"weight": 1, "random_weight": 0.43502257881686957, "id": 31}, {"weight": 1, "random_weight": 0.8323899810147148, "id": 34}, {"weight": 2, "random_weight": 0.3976893411914494, "id": 57}, {"weight": 1, "random_weight": 0.9165622005718917, "id": 61}], [{"weight": 1, "random_weight": 0.754949969066207, "id": 2}, {"weight": 1, "random_weight": 0.9552386422796831, "id": 16}, {"weight": 1, "random_weight": 0.8323899810147148, "id": 33}, {"weight": 2, "random_weight": 0.7128242815771516, "id": 51}, {"weight": 1, "random_weight": 0.3166456372137749, "id": 57}], [{"weight": 1, "random_weight": 0.9778019957908993, "id": 27}, {"weight": 2, "random_weight": 0.8040490486220209, "id": 36}, {"weight": 1, "random_weight": 0.8873739710417444, "id": 55}], [{"weight": 1, "random_weight": 0.47113713722199924, "id": 27}, {"weight": 2, "random_weight": 0.8040490486220209, "id": 35}, {"weight": 2, "random_weight": 0.960295746175593, "id": 42}, {"weight": 1, "random_weight": 0.7673048146759558, "id": 63}], [{"weight": 1, "random_weight": 0.8241198718271608, "id": 12}, {"weight": 1, "random_weight": 0.043287592303749345, "id": 13}, {"weight": 1, "random_weight": 0.4073742987985335, "id": 48}, {"weight": 1, "random_weight": 0.5684511005133029, "id": 64}, {"weight": 2, "random_weight": 0.9267219532317628, "id": 69}], [{"weight": 1, "random_weight": 0.4963253903525049, "id": 23}, {"weight": 2, "random_weight": 0.19656217304829915, "id": 30}], [{"weight": 2, "random_weight": 0.27220988149889846, "id": 29}, {"weight": 1, "random_weight": 0.6784413965400826, "id": 46}, {"weight": 2, "random_weight": 0.44729224214521357, "id": 56}, {"weight": 1, "random_weight": 0.6104751672383973, "id": 66}], [{"weight": 1, "random_weight": 0.20202583581031597, "id": 22}, {"weight": 2, "random_weight": 0.36931156291343237, "id": 27}, {"weight": 1, "random_weight": 0.45877473138141434, "id": 41}, {"weight": 1, "random_weight": 0.7579621510699232, "id": 49}], [{"weight": 2, "random_weight": 0.38674653305192874, "id": 21}, {"weight": 1, "random_weight": 0.07939710177897974, "id": 22}, {"weight": 1, "random_weight": 0.7573618142526432, "id": 28}, {"weight": 1, "random_weight": 0.45877473138141434, "id": 40}, {"weight": 1, "random_weight": 0.8025984369972239, "id": 49}], [{"weight": 2, "random_weight": 0.960295746175593, "id": 36}, {"weight": 1, "random_weight": 0.7183326543715504, "id": 49}, {"weight": 1, "random_weight": 0.2954235658478984, "id": 52}, {"weight": 1, "random_weight": 0.3264011385259312, "id": 53}, {"weight": 1, "random_weight": 0.29022589086345363, "id": 63}], [{"weight": 1, "random_weight": 0.3035812490466908, "id": 30}, {"weight": 1, "random_weight": 0.9013003200835905, "id": 45}, {"weight": 1, "random_weight": 0.19886072012501, "id": 48}, {"weight": 1, "random_weight": 0.3001234743048927, "id": 68}], [{"weight": 2, "random_weight": 0.8877144323024818, "id": 13}, {"weight": 1, "random_weight": 0.09785147690828633, "id": 26}, {"weight": 2, "random_weight": 0.8790987393668478, "id": 45}, {"weight": 1, "random_weight": 0.4966729654657024, "id": 48}], [{"weight": 1, "random_weight": 0.8940644656556554, "id": 26}, {"weight": 1, "random_weight": 0.9013003200835905, "id": 43}, {"weight": 2, "random_weight": 0.8790987393668478, "id": 44}], [{"weight": 1, "random_weight": 0.7586625761873562, "id": 10}, {"weight": 1, "random_weight": 0.4741279324542471, "id": 29}, {"weight": 1, "random_weight": 0.6784413965400826, "id": 39}, {"weight": 1, "random_weight": 0.5291409150332195, "id": 55}], [{"weight": 1, "random_weight": 0.7573423732455393, "id": 31}, {"weight": 1, "random_weight": 0.8486436026585025, "id": 32}, {"weight": 1, "random_weight": 0.782659048388886, "id": 61}, {"weight": 2, "random_weight": 0.1843642623766396, "id": 70}, {"weight": 1, "random_weight": 0.256240361654853, "id": 71}], [{"weight": 1, "random_weight": 0.6814224658683525, "id": 13}, {"weight": 1, "random_weight": 0.4073742987985335, "id": 37}, {"weight": 1, "random_weight": 0.19886072012501, "id": 43}, {"weight": 1, "random_weight": 0.4966729654657024, "id": 44}, {"weight": 2, "random_weight": 0.6137755876558099, "id": 68}], [{"weight": 1, "random_weight": 0.28981461464431557, "id": 27}, {"weight": 1, "random_weight": 0.7579621510699232, "id": 40}, {"weight": 1, "random_weight": 0.8025984369972239, "id": 41}, {"weight": 1, "random_weight": 0.7183326543715504, "id": 42}, {"weight": 2, "random_weight": 0.8058916579710711, "id": 65}], [{"weight": 1, "random_weight": 0.06877804704351709, "id": 3}, {"weight": 1, "random_weight": 0.9372448287021272, "id": 6}, {"weight": 1, "random_weight": 0.8064255947848923, "id": 28}, {"weight": 1, "random_weight": 0.5254833768092821, "id": 58}], [{"weight": 1, "random_weight": 0.05020726124880648, "id": 2}, {"weight": 1, "random_weight": 0.32442377005717227, "id": 17}, {"weight": 2, "random_weight": 0.7128242815771516, "id": 34}], [{"weight": 1, "random_weight": 0.5592880309101914, "id": 4}, {"weight": 1, "random_weight": 0.2954235658478984, "id": 42}, {"weight": 2, "random_weight": 0.6711992346458036, "id": 53}, {"weight": 1, "random_weight": 0.06917346822552717, "id": 54}, {"weight": 1, "random_weight": 0.33304790209025514, "id": 65}], [{"weight": 1, "random_weight": 0.3264011385259312, "id": 42}, {"weight": 2, "random_weight": 0.6711992346458036, "id": 52}, {"weight": 1, "random_weight": 0.8780698389630655, "id": 62}, {"weight": 1, "random_weight": 0.6948028651999107, "id": 70}, {"weight": 1, "random_weight": 0.8620675164674494, "id": 71}], [{"weight": 1, "random_weight": 0.24430179702552246, "id": 4}, {"weight": 1, "random_weight": 0.008138319799709692, "id": 7}, {"weight": 1, "random_weight": 0.06917346822552717, "id": 52}, {"weight": 1, "random_weight": 0.08130547936627175, "id": 69}, {"weight": 2, "random_weight": 0.9422556783607025, "id": 70}], [{"weight": 1, "random_weight": 0.8873739710417444, "id": 35}, {"weight": 1, "random_weight": 0.5291409150332195, "id": 46}, {"weight": 1, "random_weight": 0.577227733603887, "id": 56}, {"weight": 1, "random_weight": 0.5632119864718809, "id": 63}], [{"weight": 2, "random_weight": 0.44729224214521357, "id": 39}, {"weight": 1, "random_weight": 0.577227733603887, "id": 55}, {"weight": 1, "random_weight": 0.6079186483591873, "id": 62}, {"weight": 2, "random_weight": 0.8420306830456114, "id": 63}], [{"weight": 1, "random_weight": 0.17800405958306154, "id": 5}, {"weight": 2, "random_weight": 0.28565054290711955, "id": 8}, {"weight": 2, "random_weight": 0.3976893411914494, "id": 33}, {"weight": 1, "random_weight": 0.3166456372137749, "id": 34}], [{"weight": 2, "random_weight": 0.37813037193920573, "id": 3}, {"weight": 1, "random_weight": 0.63629449374388, "id": 4}, {"weight": 1, "random_weight": 0.5996577395409407, "id": 28}, {"weight": 1, "random_weight": 0.5254833768092821, "id": 50}, {"weight": 1, "random_weight": 0.8104442167445853, "id": 65}], [{"weight": 1, "random_weight": 0.3133639800405579, "id": 1}, {"weight": 1, "random_weight": 0.9095420231352757, "id": 25}, {"weight": 2, "random_weight": 0.3855919808382918, "id": 60}, {"weight": 1, "random_weight": 0.19158749484964943, "id": 66}], [{"weight": 1, "random_weight": 0.9840092172533902, "id": 10}, {"weight": 1, "random_weight": 0.4642346121017049, "id": 11}, {"weight": 1, "random_weight": 0.8106695513878278, "id": 29}, {"weight": 2, "random_weight": 0.3855919808382918, "id": 59}], [{"weight": 2, "random_weight": 0.34875432931097594, "id": 5}, {"weight": 1, "random_weight": 0.8677919383263905, "id": 12}, {"weight": 1, "random_weight": 0.8328014098166827, "id": 31}, {"weight": 1, "random_weight": 0.9165622005718917, "id": 33}, {"weight": 1, "random_weight": 0.782659048388886, "id": 47}], [{"weight": 1, "random_weight": 0.8780698389630655, "id": 53}, {"weight": 1, "random_weight": 0.6079186483591873, "id": 56}, {"weight": 1, "random_weight": 0.6759939858440944, "id": 63}, {"weight": 1, "random_weight": 0.8154936449091348, "id": 66}, {"weight": 2, "random_weight": 0.6469083320572732, "id": 71}], [{"weight": 1, "random_weight": 0.7673048146759558, "id": 36}, {"weight": 1, "random_weight": 0.29022589086345363, "id": 42}, {"weight": 1, "random_weight": 0.5632119864718809, "id": 55}, {"weight": 2, "random_weight": 0.8420306830456114, "id": 56}, {"weight": 1, "random_weight": 0.6759939858440944, "id": 62}], [{"weight": 1, "random_weight": 0.9397535569154986, "id": 7}, {"weight": 1, "random_weight": 0.9553657667843656, "id": 19}, {"weight": 1, "random_weight": 0.050977534308866757, "id": 20}, {"weight": 1, "random_weight": 0.5684511005133029, "id": 37}, {"weight": 1, "random_weight": 0.22573733038274824, "id": 68}, {"weight": 1, "random_weight": 0.4786891044668101, "id": 69}], [{"weight": 1, "random_weight": 0.7586852430080933, "id": 4}, {"weight": 1, "random_weight": 0.9814608959993514, "id": 28}, {"weight": 2, "random_weight": 0.8058916579710711, "id": 49}, {"weight": 1, "random_weight": 0.33304790209025514, "id": 52}, {"weight": 1, "random_weight": 0.8104442167445853, "id": 58}], [{"weight": 1, "random_weight": 0.3662185240569834, "id": 29}, {"weight": 1, "random_weight": 0.6104751672383973, "id": 39}, {"weight": 1, "random_weight": 0.19158749484964943, "id": 59}, {"weight": 1, "random_weight": 0.8154936449091348, "id": 62}, {"weight": 2, "random_weight": 0.42848009043119606, "id": 67}], [{"weight": 1, "random_weight": 0.7771206427217893, "id": 0}, {"weight": 1, "random_weight": 0.2217891263651537, "id": 1}, {"weight": 1, "random_weight": 0.3963055980432356, "id": 32}, {"weight": 2, "random_weight": 0.42848009043119606, "id": 66}, {"weight": 1, "random_weight": 0.6047269150484101, "id": 71}], [{"weight": 1, "random_weight": 0.0991212187240732, "id": 23}, {"weight": 1, "random_weight": 0.3714164507025751, "id": 30}, {"weight": 1, "random_weight": 0.3001234743048927, "id": 43}, {"weight": 2, "random_weight": 0.6137755876558099, "id": 48}, {"weight": 1, "random_weight": 0.22573733038274824, "id": 64}], [{"weight": 1, "random_weight": 0.3333883505961488, "id": 7}, {"weight": 1, "random_weight": 0.27999474959013815, "id": 12}, {"weight": 2, "random_weight": 0.9267219532317628, "id": 37}, {"weight": 1, "random_weight": 0.08130547936627175, "id": 54}, {"weight": 1, "random_weight": 0.4786891044668101, "id": 64}], [{"weight": 1, "random_weight": 0.452573952602204, "id": 12}, {"weight": 2, "random_weight": 0.1843642623766396, "id": 47}, {"weight": 1, "random_weight": 0.6948028651999107, "id": 53}, {"weight": 2, "random_weight": 0.9422556783607025, "id": 54}], [{"weight": 1, "random_weight": 0.6283233178974581, "id": 32}, {"weight": 1, "random_weight": 0.256240361654853, "id": 47}, {"weight": 1, "random_weight": 0.8620675164674494, "id": 53}, {"weight": 2, "random_weight": 0.6469083320572732, "id": 62}, {"weight": 1, "random_weight": 0.6047269150484101, "id": 67}]]}