{"directed": false, "multigraph": false, "graph": [], "nodes": [{"graph": null, "nnodes": 2, "nedges": 1, "density": 1.0, "atomics": "[81, 82]", "group_pop": 2, "init_part_assignment": 10, "id": 0}, {"graph": null, "nnodes": 2, "nedges": 1, "density": 1.0, "atomics": "[57, 69]", "group_pop": 2, "init_part_assignment": 6, "id": 1}, {"graph": null, "nnodes": 2, "nedges": 1, "density": 1.0, "atomics": "[58, 70]", "group_pop": 2, "init_part_assignment": 6, "id": 2}, {"graph": null, "nnodes": 2, "nedges": 1, "density": 1.0, "atomics": "[73, 74]", "group_pop": 2, "init_part_assignment": 5, "id": 3}, {"graph": null, "nnodes": 2, "nedges": 1, "density": 1.0, "atomics": "[75, 76]", "group_pop": 2, "init_part_assignment": 11, "id": 4}, {"graph": null, "nnodes": 2, "nedges": 1, "density": 1.0, "atomics": "[41, 42]", "group_pop": 2, "init_part_assignment": 4, "id": 5}, {"graph": null, "nnodes": 2, "nedges": 1, "density": 1.0, "atomics": "[43, 44]", "group_pop": 2, "init_part_assignment": 4, "id": 6}, {"graph": null, "nnodes": 2, "nedges": 1, "density": 1.0, "atomics": "[61, 62]", "group_pop": 2, "init_part_assignment": 2, "id": 7}, {"graph": null, "nnodes": 2, "nedges": 1, "density": 1.0, "atomics": "[32, 33]", "group_pop": 2, "init_part_assignment": 4, "id": 8}, {"graph": null, "nnodes": 2, "nedges": 1, "density": 1.0, "atomics": "[8, 20]", "group_pop": 2, "init_part_assignment": 0, "id": 9}, {"graph": null, "nnodes": 2, "nedges": 1, "density": 1.0, "atomics": "[142, 143]", "group_pop": 2, "init_part_assignment": 7, "id": 10}, {"graph": null, "nnodes": 2, "nedges": 1, "density": 1.0, "atomics": "[29, 30]", "group_pop": 2, "init_part_assignment": 9, "id": 11}, {"graph": null, "nnodes": 2, "nedges": 1, "density": 1.0, "atomics": "[9, 10]", "group_pop": 2, "init_part_assignment": 0, "id": 12}, {"graph": null, "nnodes": 2, "nedges": 1, "density": 1.0, "atomics": "[34, 35]", "group_pop": 2, "init_part_assignment": 6, "id": 13}, {"graph": null, "nnodes": 2, "nedges": 1, "density": 1.0, "atomics": "[11, 23]", "group_pop": 2, "init_part_assignment": 0, "id": 14}, {"graph": null, "nnodes": 2, "nedges": 1, "density": 1.0, "atomics": "[48, 49]", "group_pop": 2, "init_part_assignment": 2, "id": 15}, {"graph": null, "nnodes": 2, "nedges": 1, "density": 1.0, "atomics": "[25, 37]", "group_pop": 2, "init_part_assignment": 2, "id": 16}, {"graph": null, "nnodes": 2, "nedges": 1, "density": 1.0, "atomics": "[120, 108]", "group_pop": 2, "init_part_assignment": 1, "id": 17}, {"graph": null, "nnodes": 2, "nedges": 1, "density": 1.0, "atomics": "[132, 133]", "group_pop": 2, "init_part_assignment": 1, "id": 18}, {"graph": null, "nnodes": 2, "nedges": 1, "density": 1.0, "atomics": "[24, 36]", "group_pop": 2, "init_part_assignment": 2, "id": 19}, {"graph": null, "nnodes": 2, "nedges": 1, "density": 1.0, "atomics": "[130, 131]", "group_pop": 2, "init_part_assignment": 7, "id": 20}, {"graph": null, "nnodes": 2, "nedges": 1, "density": 1.0, "atomics": "[19, 31]", "group_pop": 2, "init_part_assignment": 0, "id": 21}, {"graph": null, "nnodes": 2, "nedges": 1, "density": 1.0, "atomics": "[83, 71]", "group_pop": 2, "init_part_assignment": 6, "id": 22}, {"graph": null, "nnodes": 2, "nedges": 1, "density": 1.0, "atomics": "[17, 18]", "group_pop": 2, "init_part_assignment": 0, "id": 23}, {"graph": null, "nnodes": 2, "nedges": 1, "density": 1.0, "atomics": "[123, 111]", "group_pop": 2, "init_part_assignment": 5, "id": 24}, {"graph": null, "nnodes": 2, "nedges": 1, "density": 1.0, "atomics": "[134, 135]", "group_pop": 2, "init_part_assignment": 1, "id": 25}, {"graph": null, "nnodes": 2, "nedges": 1, "density": 1.0, "atomics": "[21, 22]", "group_pop": 2, "init_part_assignment": 0, "id": 26}, {"graph": null, "nnodes": 2, "nedges": 1, "density": 1.0, "atomics": "[96, 84]", "group_pop": 2, "init_part_assignment": 1, "id": 27}, {"graph": null, "nnodes": 2, "nedges": 1, "density": 1.0, "atomics": "[129, 117]", "group_pop": 2, "init_part_assignment": 7, "id": 28}, {"graph": null, "nnodes": 2, "nedges": 1, "density": 1.0, "atomics": "[12, 13]", "group_pop": 2, "init_part_assignment": 8, "id": 29}, {"graph": null, "nnodes": 2, "nedges": 1, "density": 1.0, "atomics": "[66, 67]", "group_pop": 2, "init_part_assignment": 4, "id": 30}, {"graph": null, "nnodes": 2, "nedges": 1, "density": 1.0, "atomics": "[80, 79]", "group_pop": 2, "init_part_assignment": 10, "id": 31}, {"graph": null, "nnodes": 2, "nedges": 1, "density": 1.0, "atomics": "[72, 60]", "group_pop": 2, "init_part_assignment": 5, "id": 32}, {"graph": null, "nnodes": 2, "nedges": 1, "density": 1.0, "atomics": "[136, 137]", "group_pop": 2, "init_part_assignment": 3, "id": 33}, {"graph": null, "nnodes": 2, "nedges": 1, "density": 1.0, "atomics": "[112, 124]", "group_pop": 2, "init_part_assignment": 11, "id": 34}, {"graph": null, "nnodes": 2, "nedges": 1, "density": 1.0, "atomics": "[6, 7]", "group_pop": 2, "init_part_assignment": 8, "id": 35}, {"graph": null, "nnodes": 2, "nedges": 1, "density": 1.0, "atomics": "[40, 52]", "group_pop": 2, "init_part_assignment": 9, "id": 36}, {"graph": null, "nnodes": 2, "nedges": 1, "density": 1.0, "atomics": "[27, 28]", "group_pop": 2, "init_part_assignment": 9, "id": 37}, {"graph": null, "nnodes": 2, "nedges": 1, "density": 1.0, "atomics": "[0, 1]", "group_pop": 2, "init_part_assignment": 8, "id": 38}, {"graph": null, "nnodes": 2, "nedges": 1, "density": 1.0, "atomics": "[128, 116]", "group_pop": 2, "init_part_assignment": 3, "id": 39}, {"graph": null, "nnodes": 2, "nedges": 1, "density": 1.0, "atomics": "[121, 109]", "group_pop": 2, "init_part_assignment": 1, "id": 40}, {"graph": null, "nnodes": 2, "nedges": 1, "density": 1.0, "atomics": "[122, 110]", "group_pop": 2, "init_part_assignment": 1, "id": 41}, {"graph": null, "nnodes": 2, "nedges": 1, "density": 1.0, "atomics": "[113, 125]", "group_pop": 2, "init_part_assignment": 3, "id": 42}, {"graph": null, "nnodes": 2, "nedges": 1, "density": 1.0, "atomics": "[2, 3]", "group_pop": 2, "init_part_assignment": 8, "id": 43}, {"graph": null, "nnodes": 2, "nedges": 1, "density": 1.0, "atomics": "[4, 5]", "group_pop": 2, "init_part_assignment": 8, "id": 44}, {"graph": null, "nnodes": 2, "nedges": 1, "density": 1.0, "atomics": "[140, 141]", "group_pop": 2, "init_part_assignment": 7, "id": 45}, {"graph": null, "nnodes": 2, "nedges": 1, "density": 1.0, "atomics": "[97, 85]", "group_pop": 2, "init_part_assignment": 5, "id": 46}, {"graph": null, "nnodes": 2, "nedges": 1, "density": 1.0, "atomics": "[77, 78]", "group_pop": 2, "init_part_assignment": 11, "id": 47}, {"graph": null, "nnodes": 2, "nedges": 1, "density": 1.0, "atomics": "[16, 15]", "group_pop": 2, "init_part_assignment": 9, "id": 48}, {"graph": null, "nnodes": 2, "nedges": 1, "density": 1.0, "atomics": "[59, 47]", "group_pop": 2, "init_part_assignment": 6, "id": 49}, {"graph": null, "nnodes": 2, "nedges": 1, "density": 1.0, "atomics": "[56, 68]", "group_pop": 2, "init_part_assignment": 4, "id": 50}, {"graph": null, "nnodes": 2, "nedges": 1, "density": 1.0, "atomics": "[88, 100]", "group_pop": 2, "init_part_assignment": 11, "id": 51}, {"graph": null, "nnodes": 2, "nedges": 1, "density": 1.0, "atomics": "[89, 101]", "group_pop": 2, "init_part_assignment": 11, "id": 52}, {"graph": null, "nnodes": 2, "nedges": 1, "density": 1.0, "atomics": "[64, 63]", "group_pop": 2, "init_part_assignment": 9, "id": 53}, {"graph": null, "nnodes": 2, "nedges": 1, "density": 1.0, "atomics": "[138, 139]", "group_pop": 2, "init_part_assignment": 3, "id": 54}, {"graph": null, "nnodes": 2, "nedges": 1, "density": 1.0, "atomics": "[115, 127]", "group_pop": 2, "init_part_assignment": 3, "id": 55}, {"graph": null, "nnodes": 2, "nedges": 1, "density": 1.0, "atomics": "[94, 95]", "group_pop": 2, "init_part_assignment": 10, "id": 56}, {"graph": null, "nnodes": 2, "nedges": 1, "density": 1.0, "atomics": "[45, 46]", "group_pop": 2, "init_part_assignment": 6, "id": 57}, {"graph": null, "nnodes": 2, "nedges": 1, "density": 1.0, "atomics": "[107, 119]", "group_pop": 2, "init_part_assignment": 7, "id": 58}, {"graph": null, "nnodes": 2, "nedges": 1, "density": 1.0, "atomics": "[54, 55]", "group_pop": 2, "init_part_assignment": 4, "id": 59}, {"graph": null, "nnodes": 2, "nedges": 1, "density": 1.0, "atomics": "[91, 103]", "group_pop": 2, "init_part_assignment": 10, "id": 60}, {"graph": null, "nnodes": 2, "nedges": 1, "density": 1.0, "atomics": "[114, 126]", "group_pop": 2, "init_part_assignment": 3, "id": 61}, {"graph": null, "nnodes": 2, "nedges": 1, "density": 1.0, "atomics": "[50, 38]", "group_pop": 2, "init_part_assignment": 2, "id": 62}, {"graph": null, "nnodes": 2, "nedges": 1, "density": 1.0, "atomics": "[98, 99]", "group_pop": 2, "init_part_assignment": 5, "id": 63}, {"graph": null, "nnodes": 2, "nedges": 1, "density": 1.0, "atomics": "[86, 87]", "group_pop": 2, "init_part_assignment": 5, "id": 64}, {"graph": null, "nnodes": 2, "nedges": 1, "density": 1.0, "atomics": "[90, 102]", "group_pop": 2, "init_part_assignment": 11, "id": 65}, {"graph": null, "nnodes": 2, "nedges": 1, "density": 1.0, "atomics": "[106, 118]", "group_pop": 2, "init_part_assignment": 7, "id": 66}, {"graph": null, "nnodes": 2, "nedges": 1, "density": 1.0, "atomics": "[105, 93]", "group_pop": 2, "init_part_assignment": 10, "id": 67}, {"graph": null, "nnodes": 2, "nedges": 1, "density": 1.0, "atomics": "[26, 14]", "group_pop": 2, "init_part_assignment": 8, "id": 68}, {"graph": null, "nnodes": 2, "nedges": 1, "density": 1.0, "atomics": "[51, 39]", "group_pop": 2, "init_part_assignment": 2, "id": 69}, {"graph": null, "nnodes": 2, "nedges": 1, "density": 1.0, "atomics": "[104, 92]", "group_pop": 2, "init_part_assignment": 10, "id": 70}, {"graph": null, "nnodes": 2, "nedges": 1, "density": 1.0, "atomics": "[65, 53]", "group_pop": 2, "init_part_assignment": 9, "id": 71}], "adjacency": [[{"weight": 1, "random_weight": 0.9131291813929939, "id": 1}, {"weight": 1, "random_weight": 0.7310776408137164, "id": 2}, {"weight": 1, "random_weight": 0.17503997674509864, "id": 22}, {"weight": 1, "random_weight": 0.5486496803514945, "id": 31}, {"weight": 1, "random_weight": 0.5318049281742073, "id": 56}, {"weight": 1, "random_weight": 0.754121778714487, "id": 67}], [{"weight": 1, "random_weight": 0.9131291813929939, "id": 0}, {"weight": 2, "random_weight": 0.3624079076902008, "id": 2}, {"weight": 2, "random_weight": 0.3880497213233781, "id": 50}, {"weight": 1, "random_weight": 0.11714608540776572, "id": 57}], [{"weight": 1, "random_weight": 0.7310776408137164, "id": 0}, {"weight": 2, "random_weight": 0.3624079076902008, "id": 1}, {"weight": 1, "random_weight": 0.15271936010070708, "id": 22}, {"weight": 1, "random_weight": 0.34772040110811053, "id": 49}, {"weight": 1, "random_weight": 0.6942084375206704, "id": 57}], [{"weight": 1, "random_weight": 0.032368617007846656, "id": 4}, {"weight": 2, "random_weight": 0.9630442006136485, "id": 7}, {"weight": 1, "random_weight": 0.3887720793466962, "id": 32}, {"weight": 1, "random_weight": 0.6655244748132835, "id": 46}, {"weight": 1, "random_weight": 0.13050158968356373, "id": 64}], [{"weight": 1, "random_weight": 0.032368617007846656, "id": 3}, {"weight": 1, "random_weight": 0.05866529329704817, "id": 47}, {"weight": 1, "random_weight": 0.820652284806772, "id": 51}, {"weight": 2, "random_weight": 0.977919551266235, "id": 53}, {"weight": 1, "random_weight": 0.37470062499605217, "id": 64}], [{"weight": 1, "random_weight": 0.522449103318874, "id": 6}, {"weight": 2, "random_weight": 0.8923023393665702, "id": 11}, {"weight": 1, "random_weight": 0.8925334437394677, "id": 36}, {"weight": 1, "random_weight": 0.20349579902745152, "id": 59}, {"weight": 1, "random_weight": 0.9554656449784984, "id": 71}], [{"weight": 1, "random_weight": 0.522449103318874, "id": 5}, {"weight": 1, "random_weight": 0.7114059602395895, "id": 8}, {"weight": 1, "random_weight": 0.4337328659893199, "id": 21}, {"weight": 1, "random_weight": 0.5334700130778797, "id": 50}, {"weight": 1, "random_weight": 0.8117533131392385, "id": 57}, {"weight": 1, "random_weight": 0.47433592411409786, "id": 59}], [{"weight": 2, "random_weight": 0.9630442006136485, "id": 3}, {"weight": 1, "random_weight": 0.13326528561472806, "id": 15}, {"weight": 1, "random_weight": 0.1713935304758496, "id": 32}, {"weight": 1, "random_weight": 0.7548708155657639, "id": 53}, {"weight": 1, "random_weight": 0.3124116664602917, "id": 62}], [{"weight": 1, "random_weight": 0.7114059602395895, "id": 6}, {"weight": 1, "random_weight": 0.717057489798994, "id": 9}, {"weight": 1, "random_weight": 0.762243017775378, "id": 13}, {"weight": 1, "random_weight": 0.5137187362051567, "id": 21}, {"weight": 1, "random_weight": 0.5698634037873364, "id": 26}, {"weight": 1, "random_weight": 0.8213046843621284, "id": 57}], [{"weight": 1, "random_weight": 0.717057489798994, "id": 8}, {"weight": 1, "random_weight": 0.2519254359325721, "id": 12}, {"weight": 1, "random_weight": 0.4474071760287628, "id": 21}, {"weight": 1, "random_weight": 0.6904011258319117, "id": 26}, {"weight": 1, "random_weight": 0.5616317018490778, "id": 35}], [{"weight": 2, "random_weight": 0.4958337656165023, "id": 20}, {"weight": 1, "random_weight": 0.2769234339254729, "id": 45}], [{"weight": 2, "random_weight": 0.8923023393665702, "id": 5}, {"weight": 1, "random_weight": 0.9171611380606004, "id": 21}, {"weight": 2, "random_weight": 0.036532594573092325, "id": 23}, {"weight": 1, "random_weight": 0.06156304556837344, "id": 37}], [{"weight": 1, "random_weight": 0.2519254359325721, "id": 9}, {"weight": 1, "random_weight": 0.8978015841009216, "id": 14}, {"weight": 2, "random_weight": 0.2723749104707044, "id": 26}], [{"weight": 1, "random_weight": 0.762243017775378, "id": 8}, {"weight": 1, "random_weight": 0.9181369268586625, "id": 14}, {"weight": 1, "random_weight": 0.5619586051928577, "id": 26}, {"weight": 1, "random_weight": 0.8859934196468039, "id": 49}, {"weight": 1, "random_weight": 0.47385547207545187, "id": 57}], [{"weight": 1, "random_weight": 0.8978015841009216, "id": 12}, {"weight": 1, "random_weight": 0.9181369268586625, "id": 13}, {"weight": 1, "random_weight": 0.7751634829714822, "id": 26}], [{"weight": 1, "random_weight": 0.13326528561472806, "id": 7}, {"weight": 1, "random_weight": 0.48696694581045197, "id": 16}, {"weight": 1, "random_weight": 0.42240006101088545, "id": 19}, {"weight": 1, "random_weight": 0.020633529612994694, "id": 32}, {"weight": 1, "random_weight": 0.2357249078838125, "id": 62}], [{"weight": 1, "random_weight": 0.48696694581045197, "id": 15}, {"weight": 2, "random_weight": 0.39740273513959556, "id": 19}, {"weight": 1, "random_weight": 0.9320449337753094, "id": 29}, {"weight": 1, "random_weight": 0.5495941516595105, "id": 62}, {"weight": 1, "random_weight": 0.7073184973589554, "id": 68}], [{"weight": 1, "random_weight": 0.07048153606853313, "id": 18}, {"weight": 1, "random_weight": 0.42806613111266567, "id": 27}, {"weight": 2, "random_weight": 0.8964201344876873, "id": 40}], [{"weight": 1, "random_weight": 0.07048153606853313, "id": 17}, {"weight": 1, "random_weight": 0.6938629495105463, "id": 25}, {"weight": 1, "random_weight": 0.16289808155573593, "id": 40}], [{"weight": 1, "random_weight": 0.42240006101088545, "id": 15}, {"weight": 2, "random_weight": 0.39740273513959556, "id": 16}, {"weight": 1, "random_weight": 0.5258305021109079, "id": 29}], [{"weight": 2, "random_weight": 0.4958337656165023, "id": 10}, {"weight": 1, "random_weight": 0.3323343575341924, "id": 28}, {"weight": 1, "random_weight": 0.5274437884591168, "id": 58}, {"weight": 1, "random_weight": 0.7570390065779053, "id": 66}], [{"weight": 1, "random_weight": 0.4337328659893199, "id": 6}, {"weight": 1, "random_weight": 0.5137187362051567, "id": 8}, {"weight": 1, "random_weight": 0.4474071760287628, "id": 9}, {"weight": 1, "random_weight": 0.9171611380606004, "id": 11}, {"weight": 1, "random_weight": 0.08878154361772872, "id": 23}, {"weight": 1, "random_weight": 0.6161924015863791, "id": 35}], [{"weight": 1, "random_weight": 0.17503997674509864, "id": 0}, {"weight": 1, "random_weight": 0.15271936010070708, "id": 2}, {"weight": 1, "random_weight": 0.9427048765338037, "id": 49}, {"weight": 1, "random_weight": 0.5636497061333716, "id": 56}], [{"weight": 2, "random_weight": 0.036532594573092325, "id": 11}, {"weight": 1, "random_weight": 0.08878154361772872, "id": 21}, {"weight": 1, "random_weight": 0.8010038261263145, "id": 35}, {"weight": 1, "random_weight": 0.6168721750578879, "id": 44}, {"weight": 1, "random_weight": 0.5691592291317201, "id": 48}], [{"weight": 1, "random_weight": 0.44929377291388695, "id": 25}, {"weight": 2, "random_weight": 0.7576478609228618, "id": 34}, {"weight": 2, "random_weight": 0.5650788533663521, "id": 41}, {"weight": 1, "random_weight": 0.4857818466748425, "id": 63}], [{"weight": 1, "random_weight": 0.6938629495105463, "id": 18}, {"weight": 1, "random_weight": 0.44929377291388695, "id": 24}, {"weight": 1, "random_weight": 0.9005205000997871, "id": 33}, {"weight": 1, "random_weight": 0.30314066409421125, "id": 41}], [{"weight": 1, "random_weight": 0.5698634037873364, "id": 8}, {"weight": 1, "random_weight": 0.6904011258319117, "id": 9}, {"weight": 2, "random_weight": 0.2723749104707044, "id": 12}, {"weight": 1, "random_weight": 0.5619586051928577, "id": 13}, {"weight": 1, "random_weight": 0.7751634829714822, "id": 14}], [{"weight": 1, "random_weight": 0.42806613111266567, "id": 17}, {"weight": 1, "random_weight": 0.18752600061189317, "id": 32}, {"weight": 2, "random_weight": 0.2974531122713395, "id": 46}], [{"weight": 1, "random_weight": 0.3323343575341924, "id": 20}, {"weight": 2, "random_weight": 0.8172808430005929, "id": 39}, {"weight": 1, "random_weight": 0.3889779773690809, "id": 45}, {"weight": 1, "random_weight": 0.6249344703124191, "id": 66}, {"weight": 1, "random_weight": 0.6256018810038932, "id": 67}], [{"weight": 1, "random_weight": 0.9320449337753094, "id": 16}, {"weight": 1, "random_weight": 0.5258305021109079, "id": 19}, {"weight": 2, "random_weight": 0.39683142008718697, "id": 38}, {"weight": 1, "random_weight": 0.08266275902948961, "id": 68}], [{"weight": 1, "random_weight": 0.3868862348166868, "id": 31}, {"weight": 1, "random_weight": 0.1357233187349406, "id": 47}, {"weight": 1, "random_weight": 0.3847419113145072, "id": 50}, {"weight": 2, "random_weight": 0.9606671918841977, "id": 59}, {"weight": 1, "random_weight": 0.7212725708378332, "id": 71}], [{"weight": 1, "random_weight": 0.5486496803514945, "id": 0}, {"weight": 1, "random_weight": 0.3868862348166868, "id": 30}, {"weight": 1, "random_weight": 0.04681798564717554, "id": 47}, {"weight": 1, "random_weight": 0.91136600266021, "id": 50}, {"weight": 1, "random_weight": 0.9682307100821831, "id": 60}, {"weight": 1, "random_weight": 0.3469034222839785, "id": 70}], [{"weight": 1, "random_weight": 0.3887720793466962, "id": 3}, {"weight": 1, "random_weight": 0.1713935304758496, "id": 7}, {"weight": 1, "random_weight": 0.020633529612994694, "id": 15}, {"weight": 1, "random_weight": 0.18752600061189317, "id": 27}], [{"weight": 1, "random_weight": 0.9005205000997871, "id": 25}, {"weight": 1, "random_weight": 0.8866020301429809, "id": 34}, {"weight": 1, "random_weight": 0.9951403153346515, "id": 42}, {"weight": 1, "random_weight": 0.6042026199387164, "id": 54}], [{"weight": 2, "random_weight": 0.7576478609228618, "id": 24}, {"weight": 1, "random_weight": 0.8866020301429809, "id": 33}, {"weight": 2, "random_weight": 0.07792709314653268, "id": 42}, {"weight": 1, "random_weight": 0.05765348662601566, "id": 51}], [{"weight": 1, "random_weight": 0.5616317018490778, "id": 9}, {"weight": 1, "random_weight": 0.6161924015863791, "id": 21}, {"weight": 1, "random_weight": 0.8010038261263145, "id": 23}, {"weight": 1, "random_weight": 0.4857156986824257, "id": 44}], [{"weight": 1, "random_weight": 0.8925334437394677, "id": 5}, {"weight": 1, "random_weight": 0.33926162629176426, "id": 37}, {"weight": 1, "random_weight": 0.3367245176317475, "id": 53}, {"weight": 2, "random_weight": 0.8976314937208718, "id": 69}, {"weight": 1, "random_weight": 0.2538963281841631, "id": 71}], [{"weight": 1, "random_weight": 0.06156304556837344, "id": 11}, {"weight": 1, "random_weight": 0.33926162629176426, "id": 36}, {"weight": 2, "random_weight": 0.7391203233183695, "id": 48}, {"weight": 1, "random_weight": 0.6723006660566169, "id": 68}, {"weight": 1, "random_weight": 0.4634597909980187, "id": 69}], [{"weight": 2, "random_weight": 0.39683142008718697, "id": 29}, {"weight": 1, "random_weight": 0.015059139695092316, "id": 43}], [{"weight": 2, "random_weight": 0.8172808430005929, "id": 28}, {"weight": 1, "random_weight": 0.9487755944258506, "id": 45}, {"weight": 2, "random_weight": 0.003018787511562593, "id": 55}, {"weight": 1, "random_weight": 0.7400809440217286, "id": 70}], [{"weight": 2, "random_weight": 0.8964201344876873, "id": 17}, {"weight": 1, "random_weight": 0.16289808155573593, "id": 18}, {"weight": 2, "random_weight": 0.08013833833983353, "id": 41}, {"weight": 1, "random_weight": 0.5518018214698795, "id": 46}], [{"weight": 2, "random_weight": 0.5650788533663521, "id": 24}, {"weight": 1, "random_weight": 0.30314066409421125, "id": 25}, {"weight": 2, "random_weight": 0.08013833833983353, "id": 40}, {"weight": 1, "random_weight": 0.5973578785465534, "id": 63}], [{"weight": 1, "random_weight": 0.9951403153346515, "id": 33}, {"weight": 2, "random_weight": 0.07792709314653268, "id": 34}, {"weight": 1, "random_weight": 0.6485295596292898, "id": 52}, {"weight": 2, "random_weight": 0.40435389677741795, "id": 61}], [{"weight": 1, "random_weight": 0.015059139695092316, "id": 38}, {"weight": 1, "random_weight": 0.30169435879604256, "id": 44}, {"weight": 1, "random_weight": 0.5937772946791001, "id": 48}, {"weight": 1, "random_weight": 0.715793925119312, "id": 68}], [{"weight": 1, "random_weight": 0.6168721750578879, "id": 23}, {"weight": 1, "random_weight": 0.4857156986824257, "id": 35}, {"weight": 1, "random_weight": 0.30169435879604256, "id": 43}, {"weight": 1, "random_weight": 0.48803606334317506, "id": 48}], [{"weight": 1, "random_weight": 0.2769234339254729, "id": 10}, {"weight": 1, "random_weight": 0.3889779773690809, "id": 28}, {"weight": 1, "random_weight": 0.9487755944258506, "id": 39}, {"weight": 1, "random_weight": 0.9969141845375269, "id": 54}], [{"weight": 1, "random_weight": 0.6655244748132835, "id": 3}, {"weight": 2, "random_weight": 0.2974531122713395, "id": 27}, {"weight": 1, "random_weight": 0.5518018214698795, "id": 40}, {"weight": 1, "random_weight": 0.7330754714119293, "id": 63}, {"weight": 1, "random_weight": 0.531340715679305, "id": 64}], [{"weight": 1, "random_weight": 0.05866529329704817, "id": 4}, {"weight": 1, "random_weight": 0.1357233187349406, "id": 30}, {"weight": 1, "random_weight": 0.04681798564717554, "id": 31}, {"weight": 1, "random_weight": 0.19671207615796726, "id": 52}, {"weight": 1, "random_weight": 0.12648473031303564, "id": 65}, {"weight": 1, "random_weight": 0.09483410329069064, "id": 71}], [{"weight": 1, "random_weight": 0.5691592291317201, "id": 23}, {"weight": 2, "random_weight": 0.7391203233183695, "id": 37}, {"weight": 1, "random_weight": 0.5937772946791001, "id": 43}, {"weight": 1, "random_weight": 0.48803606334317506, "id": 44}, {"weight": 1, "random_weight": 0.293167451870466, "id": 68}], [{"weight": 1, "random_weight": 0.34772040110811053, "id": 2}, {"weight": 1, "random_weight": 0.8859934196468039, "id": 13}, {"weight": 1, "random_weight": 0.9427048765338037, "id": 22}, {"weight": 1, "random_weight": 0.1852354445487151, "id": 57}], [{"weight": 2, "random_weight": 0.3880497213233781, "id": 1}, {"weight": 1, "random_weight": 0.5334700130778797, "id": 6}, {"weight": 1, "random_weight": 0.3847419113145072, "id": 30}, {"weight": 1, "random_weight": 0.91136600266021, "id": 31}, {"weight": 1, "random_weight": 0.7932546085718405, "id": 59}], [{"weight": 1, "random_weight": 0.820652284806772, "id": 4}, {"weight": 1, "random_weight": 0.05765348662601566, "id": 34}, {"weight": 2, "random_weight": 0.4249657927510909, "id": 52}, {"weight": 1, "random_weight": 0.43451132663558956, "id": 63}, {"weight": 1, "random_weight": 0.21663390730020282, "id": 64}], [{"weight": 1, "random_weight": 0.6485295596292898, "id": 42}, {"weight": 1, "random_weight": 0.19671207615796726, "id": 47}, {"weight": 2, "random_weight": 0.4249657927510909, "id": 51}, {"weight": 2, "random_weight": 0.5879515357913334, "id": 65}], [{"weight": 2, "random_weight": 0.977919551266235, "id": 4}, {"weight": 1, "random_weight": 0.7548708155657639, "id": 7}, {"weight": 1, "random_weight": 0.3367245176317475, "id": 36}, {"weight": 1, "random_weight": 0.8014879622268272, "id": 69}, {"weight": 1, "random_weight": 0.40931312007061105, "id": 71}], [{"weight": 1, "random_weight": 0.6042026199387164, "id": 33}, {"weight": 1, "random_weight": 0.9969141845375269, "id": 45}, {"weight": 1, "random_weight": 0.06087092417048656, "id": 55}, {"weight": 1, "random_weight": 0.018714931219830255, "id": 61}], [{"weight": 2, "random_weight": 0.003018787511562593, "id": 39}, {"weight": 1, "random_weight": 0.06087092417048656, "id": 54}, {"weight": 1, "random_weight": 0.5554751968477634, "id": 60}, {"weight": 2, "random_weight": 0.9733033464709872, "id": 61}], [{"weight": 1, "random_weight": 0.5318049281742073, "id": 0}, {"weight": 1, "random_weight": 0.5636497061333716, "id": 22}, {"weight": 1, "random_weight": 0.3702589703723236, "id": 58}, {"weight": 1, "random_weight": 0.8012941128518344, "id": 66}, {"weight": 1, "random_weight": 0.9379447376345036, "id": 67}], [{"weight": 1, "random_weight": 0.11714608540776572, "id": 1}, {"weight": 1, "random_weight": 0.6942084375206704, "id": 2}, {"weight": 1, "random_weight": 0.8117533131392385, "id": 6}, {"weight": 1, "random_weight": 0.8213046843621284, "id": 8}, {"weight": 1, "random_weight": 0.47385547207545187, "id": 13}, {"weight": 1, "random_weight": 0.1852354445487151, "id": 49}], [{"weight": 1, "random_weight": 0.5274437884591168, "id": 20}, {"weight": 1, "random_weight": 0.3702589703723236, "id": 56}, {"weight": 2, "random_weight": 0.16353875294517073, "id": 66}], [{"weight": 1, "random_weight": 0.20349579902745152, "id": 5}, {"weight": 1, "random_weight": 0.47433592411409786, "id": 6}, {"weight": 2, "random_weight": 0.9606671918841977, "id": 30}, {"weight": 1, "random_weight": 0.7932546085718405, "id": 50}, {"weight": 1, "random_weight": 0.9335033755549367, "id": 71}], [{"weight": 1, "random_weight": 0.9682307100821831, "id": 31}, {"weight": 1, "random_weight": 0.5554751968477634, "id": 55}, {"weight": 2, "random_weight": 0.38874509633495624, "id": 65}, {"weight": 2, "random_weight": 0.20099256783822028, "id": 70}], [{"weight": 2, "random_weight": 0.40435389677741795, "id": 42}, {"weight": 1, "random_weight": 0.018714931219830255, "id": 54}, {"weight": 2, "random_weight": 0.9733033464709872, "id": 55}, {"weight": 1, "random_weight": 0.7901067115766601, "id": 65}], [{"weight": 1, "random_weight": 0.3124116664602917, "id": 7}, {"weight": 1, "random_weight": 0.2357249078838125, "id": 15}, {"weight": 1, "random_weight": 0.5495941516595105, "id": 16}, {"weight": 1, "random_weight": 0.7991861755757758, "id": 68}, {"weight": 2, "random_weight": 0.41619126204128465, "id": 69}], [{"weight": 1, "random_weight": 0.4857818466748425, "id": 24}, {"weight": 1, "random_weight": 0.5973578785465534, "id": 41}, {"weight": 1, "random_weight": 0.7330754714119293, "id": 46}, {"weight": 1, "random_weight": 0.43451132663558956, "id": 51}, {"weight": 2, "random_weight": 0.4155503643693067, "id": 64}], [{"weight": 1, "random_weight": 0.13050158968356373, "id": 3}, {"weight": 1, "random_weight": 0.37470062499605217, "id": 4}, {"weight": 1, "random_weight": 0.531340715679305, "id": 46}, {"weight": 1, "random_weight": 0.21663390730020282, "id": 51}, {"weight": 2, "random_weight": 0.4155503643693067, "id": 63}], [{"weight": 1, "random_weight": 0.12648473031303564, "id": 47}, {"weight": 2, "random_weight": 0.5879515357913334, "id": 52}, {"weight": 2, "random_weight": 0.38874509633495624, "id": 60}, {"weight": 1, "random_weight": 0.7901067115766601, "id": 61}], [{"weight": 1, "random_weight": 0.7570390065779053, "id": 20}, {"weight": 1, "random_weight": 0.6249344703124191, "id": 28}, {"weight": 1, "random_weight": 0.8012941128518344, "id": 56}, {"weight": 2, "random_weight": 0.16353875294517073, "id": 58}, {"weight": 1, "random_weight": 0.5972666977086012, "id": 67}], [{"weight": 1, "random_weight": 0.754121778714487, "id": 0}, {"weight": 1, "random_weight": 0.6256018810038932, "id": 28}, {"weight": 1, "random_weight": 0.9379447376345036, "id": 56}, {"weight": 1, "random_weight": 0.5972666977086012, "id": 66}, {"weight": 2, "random_weight": 0.8477017418124597, "id": 70}], [{"weight": 1, "random_weight": 0.7073184973589554, "id": 16}, {"weight": 1, "random_weight": 0.08266275902948961, "id": 29}, {"weight": 1, "random_weight": 0.6723006660566169, "id": 37}, {"weight": 1, "random_weight": 0.715793925119312, "id": 43}, {"weight": 1, "random_weight": 0.293167451870466, "id": 48}, {"weight": 1, "random_weight": 0.7991861755757758, "id": 62}], [{"weight": 2, "random_weight": 0.8976314937208718, "id": 36}, {"weight": 1, "random_weight": 0.4634597909980187, "id": 37}, {"weight": 1, "random_weight": 0.8014879622268272, "id": 53}, {"weight": 2, "random_weight": 0.41619126204128465, "id": 62}], [{"weight": 1, "random_weight": 0.3469034222839785, "id": 31}, {"weight": 1, "random_weight": 0.7400809440217286, "id": 39}, {"weight": 2, "random_weight": 0.20099256783822028, "id": 60}, {"weight": 2, "random_weight": 0.8477017418124597, "id": 67}], [{"weight": 1, "random_weight": 0.9554656449784984, "id": 5}, {"weight": 1, "random_weight": 0.7212725708378332, "id": 30}, {"weight": 1, "random_weight": 0.2538963281841631, "id": 36}, {"weight": 1, "random_weight": 0.09483410329069064, "id": 47}, {"weight": 1, "random_weight": 0.40931312007061105, "id": 53}, {"weight": 1, "random_weight": 0.9335033755549367, "id": 59}]]}