{"directed": false, "multigraph": false, "graph": [], "nodes": [{"graph": null, "nnodes": 2, "nedges": 1, "density": 1.0, "atomics": "[81, 69]", "group_pop": 2, "init_part_assignment": 7, "id": 0}, {"graph": null, "nnodes": 2, "nedges": 1, "density": 1.0, "atomics": "[82, 83]", "group_pop": 2, "init_part_assignment": 8, "id": 1}, {"graph": null, "nnodes": 2, "nedges": 1, "density": 1.0, "atomics": "[58, 70]", "group_pop": 2, "init_part_assignment": 7, "id": 2}, {"graph": null, "nnodes": 2, "nedges": 1, "density": 1.0, "atomics": "[74, 62]", "group_pop": 2, "init_part_assignment": 5, "id": 3}, {"graph": null, "nnodes": 2, "nedges": 1, "density": 1.0, "atomics": "[75, 63]", "group_pop": 2, "init_part_assignment": 5, "id": 4}, {"graph": null, "nnodes": 2, "nedges": 1, "density": 1.0, "atomics": "[42, 30]", "group_pop": 2, "init_part_assignment": 11, "id": 5}, {"graph": null, "nnodes": 2, "nedges": 1, "density": 1.0, "atomics": "[43, 31]", "group_pop": 2, "init_part_assignment": 6, "id": 6}, {"graph": null, "nnodes": 2, "nedges": 1, "density": 1.0, "atomics": "[60, 61]", "group_pop": 2, "init_part_assignment": 1, "id": 7}, {"graph": null, "nnodes": 2, "nedges": 1, "density": 1.0, "atomics": "[32, 20]", "group_pop": 2, "init_part_assignment": 6, "id": 8}, {"graph": null, "nnodes": 2, "nedges": 1, "density": 1.0, "atomics": "[142, 143]", "group_pop": 2, "init_part_assignment": 4, "id": 9}, {"graph": null, "nnodes": 2, "nedges": 1, "density": 1.0, "atomics": "[41, 53]", "group_pop": 2, "init_part_assignment": 11, "id": 10}, {"graph": null, "nnodes": 2, "nedges": 1, "density": 1.0, "atomics": "[28, 29]", "group_pop": 2, "init_part_assignment": 10, "id": 11}, {"graph": null, "nnodes": 2, "nedges": 1, "density": 1.0, "atomics": "[8, 9]", "group_pop": 2, "init_part_assignment": 3, "id": 12}, {"graph": null, "nnodes": 2, "nedges": 1, "density": 1.0, "atomics": "[33, 34]", "group_pop": 2, "init_part_assignment": 3, "id": 13}, {"graph": null, "nnodes": 2, "nedges": 1, "density": 1.0, "atomics": "[35, 23]", "group_pop": 2, "init_part_assignment": 3, "id": 14}, {"graph": null, "nnodes": 2, "nedges": 1, "density": 1.0, "atomics": "[10, 11]", "group_pop": 2, "init_part_assignment": 3, "id": 15}, {"graph": null, "nnodes": 2, "nedges": 1, "density": 1.0, "atomics": "[49, 37]", "group_pop": 2, "init_part_assignment": 1, "id": 16}, {"graph": null, "nnodes": 2, "nedges": 1, "density": 1.0, "atomics": "[120, 132]", "group_pop": 2, "init_part_assignment": 2, "id": 17}, {"graph": null, "nnodes": 2, "nedges": 1, "density": 1.0, "atomics": "[24, 12]", "group_pop": 2, "init_part_assignment": 1, "id": 18}, {"graph": null, "nnodes": 2, "nedges": 1, "density": 1.0, "atomics": "[48, 36]", "group_pop": 2, "init_part_assignment": 1, "id": 19}, {"graph": null, "nnodes": 2, "nedges": 1, "density": 1.0, "atomics": "[130, 131]", "group_pop": 2, "init_part_assignment": 8, "id": 20}, {"graph": null, "nnodes": 2, "nedges": 1, "density": 1.0, "atomics": "[19, 7]", "group_pop": 2, "init_part_assignment": 6, "id": 21}, {"graph": null, "nnodes": 2, "nedges": 1, "density": 1.0, "atomics": "[59, 71]", "group_pop": 2, "init_part_assignment": 7, "id": 22}, {"graph": null, "nnodes": 2, "nedges": 1, "density": 1.0, "atomics": "[17, 18]", "group_pop": 2, "init_part_assignment": 10, "id": 23}, {"graph": null, "nnodes": 2, "nedges": 1, "density": 1.0, "atomics": "[122, 123]", "group_pop": 2, "init_part_assignment": 5, "id": 24}, {"graph": null, "nnodes": 2, "nedges": 1, "density": 1.0, "atomics": "[134, 135]", "group_pop": 2, "init_part_assignment": 2, "id": 25}, {"graph": null, "nnodes": 2, "nedges": 1, "density": 1.0, "atomics": "[21, 22]", "group_pop": 2, "init_part_assignment": 3, "id": 26}, {"graph": null, "nnodes": 2, "nedges": 1, "density": 1.0, "atomics": "[96, 97]", "group_pop": 2, "init_part_assignment": 2, "id": 27}, {"graph": null, "nnodes": 2, "nedges": 1, "density": 1.0, "atomics": "[108, 109]", "group_pop": 2, "init_part_assignment": 2, "id": 28}, {"graph": null, "nnodes": 2, "nedges": 1, "density": 1.0, "atomics": "[129, 117]", "group_pop": 2, "init_part_assignment": 4, "id": 29}, {"graph": null, "nnodes": 2, "nedges": 1, "density": 1.0, "atomics": "[25, 26]", "group_pop": 2, "init_part_assignment": 10, "id": 30}, {"graph": null, "nnodes": 2, "nedges": 1, "density": 1.0, "atomics": "[13, 14]", "group_pop": 2, "init_part_assignment": 0, "id": 31}, {"graph": null, "nnodes": 2, "nedges": 1, "density": 1.0, "atomics": "[67, 79]", "group_pop": 2, "init_part_assignment": 7, "id": 32}, {"graph": null, "nnodes": 2, "nedges": 1, "density": 1.0, "atomics": "[57, 45]", "group_pop": 2, "init_part_assignment": 7, "id": 33}, {"graph": null, "nnodes": 2, "nedges": 1, "density": 1.0, "atomics": "[136, 137]", "group_pop": 2, "init_part_assignment": 4, "id": 34}, {"graph": null, "nnodes": 2, "nedges": 1, "density": 1.0, "atomics": "[112, 124]", "group_pop": 2, "init_part_assignment": 9, "id": 35}, {"graph": null, "nnodes": 2, "nedges": 1, "density": 1.0, "atomics": "[5, 6]", "group_pop": 2, "init_part_assignment": 0, "id": 36}, {"graph": null, "nnodes": 2, "nedges": 1, "density": 1.0, "atomics": "[40, 52]", "group_pop": 2, "init_part_assignment": 10, "id": 37}, {"graph": null, "nnodes": 2, "nedges": 1, "density": 1.0, "atomics": "[0, 1]", "group_pop": 2, "init_part_assignment": 0, "id": 38}, {"graph": null, "nnodes": 2, "nedges": 1, "density": 1.0, "atomics": "[128, 116]", "group_pop": 2, "init_part_assignment": 4, "id": 39}, {"graph": null, "nnodes": 2, "nedges": 1, "density": 1.0, "atomics": "[121, 133]", "group_pop": 2, "init_part_assignment": 2, "id": 40}, {"graph": null, "nnodes": 2, "nedges": 1, "density": 1.0, "atomics": "[113, 114]", "group_pop": 2, "init_part_assignment": 11, "id": 41}, {"graph": null, "nnodes": 2, "nedges": 1, "density": 1.0, "atomics": "[2, 3]", "group_pop": 2, "init_part_assignment": 0, "id": 42}, {"graph": null, "nnodes": 2, "nedges": 1, "density": 1.0, "atomics": "[140, 141]", "group_pop": 2, "init_part_assignment": 4, "id": 43}, {"graph": null, "nnodes": 2, "nedges": 1, "density": 1.0, "atomics": "[16, 4]", "group_pop": 2, "init_part_assignment": 0, "id": 44}, {"graph": null, "nnodes": 2, "nedges": 1, "density": 1.0, "atomics": "[125, 126]", "group_pop": 2, "init_part_assignment": 9, "id": 45}, {"graph": null, "nnodes": 2, "nedges": 1, "density": 1.0, "atomics": "[66, 78]", "group_pop": 2, "init_part_assignment": 6, "id": 46}, {"graph": null, "nnodes": 2, "nedges": 1, "density": 1.0, "atomics": "[27, 15]", "group_pop": 2, "init_part_assignment": 0, "id": 47}, {"graph": null, "nnodes": 2, "nedges": 1, "density": 1.0, "atomics": "[98, 110]", "group_pop": 2, "init_part_assignment": 2, "id": 48}, {"graph": null, "nnodes": 2, "nedges": 1, "density": 1.0, "atomics": "[99, 111]", "group_pop": 2, "init_part_assignment": 5, "id": 49}, {"graph": null, "nnodes": 2, "nedges": 1, "density": 1.0, "atomics": "[72, 84]", "group_pop": 2, "init_part_assignment": 1, "id": 50}, {"graph": null, "nnodes": 2, "nedges": 1, "density": 1.0, "atomics": "[46, 47]", "group_pop": 2, "init_part_assignment": 3, "id": 51}, {"graph": null, "nnodes": 2, "nedges": 1, "density": 1.0, "atomics": "[80, 68]", "group_pop": 2, "init_part_assignment": 7, "id": 52}, {"graph": null, "nnodes": 2, "nedges": 1, "density": 1.0, "atomics": "[88, 100]", "group_pop": 2, "init_part_assignment": 9, "id": 53}, {"graph": null, "nnodes": 2, "nedges": 1, "density": 1.0, "atomics": "[101, 102]", "group_pop": 2, "init_part_assignment": 11, "id": 54}, {"graph": null, "nnodes": 2, "nedges": 1, "density": 1.0, "atomics": "[64, 76]", "group_pop": 2, "init_part_assignment": 5, "id": 55}, {"graph": null, "nnodes": 2, "nedges": 1, "density": 1.0, "atomics": "[138, 139]", "group_pop": 2, "init_part_assignment": 4, "id": 56}, {"graph": null, "nnodes": 2, "nedges": 1, "density": 1.0, "atomics": "[115, 127]", "group_pop": 2, "init_part_assignment": 9, "id": 57}, {"graph": null, "nnodes": 2, "nedges": 1, "density": 1.0, "atomics": "[94, 95]", "group_pop": 2, "init_part_assignment": 8, "id": 58}, {"graph": null, "nnodes": 2, "nedges": 1, "density": 1.0, "atomics": "[56, 44]", "group_pop": 2, "init_part_assignment": 6, "id": 59}, {"graph": null, "nnodes": 2, "nedges": 1, "density": 1.0, "atomics": "[73, 85]", "group_pop": 2, "init_part_assignment": 1, "id": 60}, {"graph": null, "nnodes": 2, "nedges": 1, "density": 1.0, "atomics": "[107, 119]", "group_pop": 2, "init_part_assignment": 8, "id": 61}, {"graph": null, "nnodes": 2, "nedges": 1, "density": 1.0, "atomics": "[54, 55]", "group_pop": 2, "init_part_assignment": 6, "id": 62}, {"graph": null, "nnodes": 2, "nedges": 1, "density": 1.0, "atomics": "[91, 103]", "group_pop": 2, "init_part_assignment": 9, "id": 63}, {"graph": null, "nnodes": 2, "nedges": 1, "density": 1.0, "atomics": "[50, 38]", "group_pop": 2, "init_part_assignment": 10, "id": 64}, {"graph": null, "nnodes": 2, "nedges": 1, "density": 1.0, "atomics": "[86, 87]", "group_pop": 2, "init_part_assignment": 5, "id": 65}, {"graph": null, "nnodes": 2, "nedges": 1, "density": 1.0, "atomics": "[106, 118]", "group_pop": 2, "init_part_assignment": 8, "id": 66}, {"graph": null, "nnodes": 2, "nedges": 1, "density": 1.0, "atomics": "[104, 105]", "group_pop": 2, "init_part_assignment": 8, "id": 67}, {"graph": null, "nnodes": 2, "nedges": 1, "density": 1.0, "atomics": "[92, 93]", "group_pop": 2, "init_part_assignment": 9, "id": 68}, {"graph": null, "nnodes": 2, "nedges": 1, "density": 1.0, "atomics": "[51, 39]", "group_pop": 2, "init_part_assignment": 10, "id": 69}, {"graph": null, "nnodes": 2, "nedges": 1, "density": 1.0, "atomics": "[65, 77]", "group_pop": 2, "init_part_assignment": 11, "id": 70}, {"graph": null, "nnodes": 2, "nedges": 1, "density": 1.0, "atomics": "[89, 90]", "group_pop": 2, "init_part_assignment": 11, "id": 71}], "adjacency": [[{"weight": 1, "random_weight": 0.21139411864412305, "id": 1}, {"weight": 1, "random_weight": 0.707235737177486, "id": 2}, {"weight": 1, "random_weight": 0.3768481402649628, "id": 33}, {"weight": 2, "random_weight": 0.30167313897436765, "id": 52}, {"weight": 1, "random_weight": 0.722757018112514, "id": 68}], [{"weight": 1, "random_weight": 0.21139411864412305, "id": 0}, {"weight": 1, "random_weight": 0.8887522538783577, "id": 2}, {"weight": 1, "random_weight": 0.783383925022052, "id": 22}, {"weight": 2, "random_weight": 0.9979331758861179, "id": 58}], [{"weight": 1, "random_weight": 0.707235737177486, "id": 0}, {"weight": 1, "random_weight": 0.8887522538783577, "id": 1}, {"weight": 2, "random_weight": 0.5196257603865169, "id": 22}, {"weight": 1, "random_weight": 0.13907639414906792, "id": 33}, {"weight": 1, "random_weight": 0.11879301241834428, "id": 51}], [{"weight": 2, "random_weight": 0.6699292664742112, "id": 4}, {"weight": 1, "random_weight": 0.8286630394371131, "id": 7}, {"weight": 1, "random_weight": 0.6252574979564008, "id": 60}, {"weight": 1, "random_weight": 0.9256835885635675, "id": 64}, {"weight": 1, "random_weight": 0.2783385445717603, "id": 65}], [{"weight": 2, "random_weight": 0.6699292664742112, "id": 3}, {"weight": 2, "random_weight": 0.5951168697968989, "id": 55}, {"weight": 1, "random_weight": 0.28879405485185206, "id": 65}, {"weight": 1, "random_weight": 0.23916317131785003, "id": 69}], [{"weight": 2, "random_weight": 0.9109777792181412, "id": 6}, {"weight": 1, "random_weight": 0.6862170155693251, "id": 10}, {"weight": 1, "random_weight": 0.8227486114360006, "id": 11}, {"weight": 1, "random_weight": 0.9518707630983212, "id": 23}, {"weight": 1, "random_weight": 0.8008201566965197, "id": 62}], [{"weight": 2, "random_weight": 0.9109777792181412, "id": 5}, {"weight": 1, "random_weight": 0.15754750070766887, "id": 8}, {"weight": 1, "random_weight": 0.0330338976897242, "id": 21}, {"weight": 1, "random_weight": 0.13553168426806117, "id": 59}, {"weight": 1, "random_weight": 0.6851493146152648, "id": 62}], [{"weight": 1, "random_weight": 0.8286630394371131, "id": 3}, {"weight": 1, "random_weight": 0.2945345477255944, "id": 16}, {"weight": 1, "random_weight": 0.8287727521196172, "id": 19}, {"weight": 1, "random_weight": 0.24138331710774097, "id": 50}, {"weight": 1, "random_weight": 0.3760365667498078, "id": 60}], [{"weight": 1, "random_weight": 0.15754750070766887, "id": 6}, {"weight": 1, "random_weight": 0.4022315372393078, "id": 12}, {"weight": 1, "random_weight": 0.9223156929475858, "id": 13}, {"weight": 1, "random_weight": 0.0014547751427949063, "id": 21}, {"weight": 1, "random_weight": 0.5906176097663609, "id": 26}, {"weight": 1, "random_weight": 0.6061849184753412, "id": 59}], [{"weight": 2, "random_weight": 0.9696191635374071, "id": 20}, {"weight": 1, "random_weight": 0.8866659929675992, "id": 43}], [{"weight": 1, "random_weight": 0.6862170155693251, "id": 5}, {"weight": 1, "random_weight": 0.8601169032886964, "id": 11}, {"weight": 2, "random_weight": 0.19229471636050943, "id": 37}, {"weight": 1, "random_weight": 0.027475113996456746, "id": 62}, {"weight": 1, "random_weight": 0.629150954917819, "id": 70}], [{"weight": 1, "random_weight": 0.8227486114360006, "id": 5}, {"weight": 1, "random_weight": 0.8601169032886964, "id": 10}, {"weight": 1, "random_weight": 0.4345741277746119, "id": 23}, {"weight": 1, "random_weight": 0.4136801404476018, "id": 37}, {"weight": 1, "random_weight": 0.5061715675693786, "id": 44}, {"weight": 1, "random_weight": 0.5442782613796959, "id": 47}], [{"weight": 1, "random_weight": 0.4022315372393078, "id": 8}, {"weight": 1, "random_weight": 0.09767280654122534, "id": 15}, {"weight": 1, "random_weight": 0.7036552382814119, "id": 21}, {"weight": 1, "random_weight": 0.0008247718699980755, "id": 26}], [{"weight": 1, "random_weight": 0.9223156929475858, "id": 8}, {"weight": 1, "random_weight": 0.9052349472840401, "id": 14}, {"weight": 2, "random_weight": 0.24215445316883688, "id": 26}, {"weight": 1, "random_weight": 0.9869947956173931, "id": 33}, {"weight": 1, "random_weight": 0.3318132423928397, "id": 51}], [{"weight": 1, "random_weight": 0.9052349472840401, "id": 13}, {"weight": 1, "random_weight": 0.33139196722159203, "id": 15}, {"weight": 1, "random_weight": 0.6429559201293847, "id": 26}, {"weight": 1, "random_weight": 0.3827558480452843, "id": 51}], [{"weight": 1, "random_weight": 0.09767280654122534, "id": 12}, {"weight": 1, "random_weight": 0.33139196722159203, "id": 14}, {"weight": 1, "random_weight": 0.03936864239028548, "id": 26}], [{"weight": 1, "random_weight": 0.2945345477255944, "id": 7}, {"weight": 2, "random_weight": 0.5467497348903769, "id": 19}, {"weight": 1, "random_weight": 0.8840280909577376, "id": 30}, {"weight": 2, "random_weight": 0.4368636487193678, "id": 64}], [{"weight": 1, "random_weight": 0.3671120642182538, "id": 28}, {"weight": 2, "random_weight": 0.030855160038220752, "id": 40}], [{"weight": 1, "random_weight": 0.022660721993929878, "id": 19}, {"weight": 1, "random_weight": 0.8727287050947236, "id": 30}, {"weight": 1, "random_weight": 0.6862084599656483, "id": 31}, {"weight": 1, "random_weight": 0.060676983928365735, "id": 38}], [{"weight": 1, "random_weight": 0.8287727521196172, "id": 7}, {"weight": 2, "random_weight": 0.5467497348903769, "id": 16}, {"weight": 1, "random_weight": 0.022660721993929878, "id": 18}], [{"weight": 2, "random_weight": 0.9696191635374071, "id": 9}, {"weight": 1, "random_weight": 0.996780212845677, "id": 29}, {"weight": 1, "random_weight": 0.4231088393366068, "id": 61}, {"weight": 1, "random_weight": 0.10314834281991958, "id": 66}], [{"weight": 1, "random_weight": 0.0330338976897242, "id": 6}, {"weight": 1, "random_weight": 0.0014547751427949063, "id": 8}, {"weight": 1, "random_weight": 0.7036552382814119, "id": 12}, {"weight": 1, "random_weight": 0.9717151862192345, "id": 23}, {"weight": 1, "random_weight": 0.75502467428373, "id": 36}], [{"weight": 1, "random_weight": 0.783383925022052, "id": 1}, {"weight": 2, "random_weight": 0.5196257603865169, "id": 2}, {"weight": 1, "random_weight": 0.46713999224203206, "id": 51}], [{"weight": 1, "random_weight": 0.9518707630983212, "id": 5}, {"weight": 1, "random_weight": 0.4345741277746119, "id": 11}, {"weight": 1, "random_weight": 0.9717151862192345, "id": 21}, {"weight": 2, "random_weight": 0.5742331415979562, "id": 36}, {"weight": 1, "random_weight": 0.8504748509458951, "id": 44}], [{"weight": 2, "random_weight": 0.8158098570520926, "id": 25}, {"weight": 1, "random_weight": 0.8945711617924502, "id": 35}, {"weight": 1, "random_weight": 0.934769349095033, "id": 40}, {"weight": 1, "random_weight": 0.1723766090199106, "id": 48}, {"weight": 1, "random_weight": 0.8381915819332896, "id": 49}], [{"weight": 2, "random_weight": 0.8158098570520926, "id": 24}, {"weight": 1, "random_weight": 0.9034010819064002, "id": 34}, {"weight": 1, "random_weight": 0.4497048882847834, "id": 40}], [{"weight": 1, "random_weight": 0.5906176097663609, "id": 8}, {"weight": 1, "random_weight": 0.0008247718699980755, "id": 12}, {"weight": 2, "random_weight": 0.24215445316883688, "id": 13}, {"weight": 1, "random_weight": 0.6429559201293847, "id": 14}, {"weight": 1, "random_weight": 0.03936864239028548, "id": 15}], [{"weight": 2, "random_weight": 0.7814047320972877, "id": 28}, {"weight": 1, "random_weight": 0.32934940458909623, "id": 48}, {"weight": 1, "random_weight": 0.9149117671313751, "id": 50}, {"weight": 1, "random_weight": 0.7218086043594123, "id": 60}], [{"weight": 1, "random_weight": 0.3671120642182538, "id": 17}, {"weight": 2, "random_weight": 0.7814047320972877, "id": 27}, {"weight": 1, "random_weight": 0.25977645826815066, "id": 40}, {"weight": 1, "random_weight": 0.5904986557770345, "id": 48}], [{"weight": 1, "random_weight": 0.996780212845677, "id": 20}, {"weight": 2, "random_weight": 0.849398714179334, "id": 39}, {"weight": 1, "random_weight": 0.7665793965133603, "id": 43}, {"weight": 1, "random_weight": 0.9079262955994488, "id": 66}, {"weight": 1, "random_weight": 0.9843535707641526, "id": 67}], [{"weight": 1, "random_weight": 0.8840280909577376, "id": 16}, {"weight": 1, "random_weight": 0.8727287050947236, "id": 18}, {"weight": 2, "random_weight": 0.6159786148025405, "id": 31}, {"weight": 1, "random_weight": 0.5046728714254506, "id": 47}, {"weight": 1, "random_weight": 0.693967362819923, "id": 64}], [{"weight": 1, "random_weight": 0.6862084599656483, "id": 18}, {"weight": 2, "random_weight": 0.6159786148025405, "id": 30}, {"weight": 1, "random_weight": 0.4960425944877085, "id": 38}, {"weight": 1, "random_weight": 0.7341398601781547, "id": 42}, {"weight": 1, "random_weight": 0.337745896525813, "id": 47}], [{"weight": 2, "random_weight": 0.773177696291439, "id": 46}, {"weight": 2, "random_weight": 0.741633829650323, "id": 52}, {"weight": 1, "random_weight": 0.5654435739823603, "id": 62}, {"weight": 1, "random_weight": 0.9704015352817184, "id": 63}], [{"weight": 1, "random_weight": 0.3768481402649628, "id": 0}, {"weight": 1, "random_weight": 0.13907639414906792, "id": 2}, {"weight": 1, "random_weight": 0.9869947956173931, "id": 13}, {"weight": 1, "random_weight": 0.984557155322935, "id": 51}, {"weight": 2, "random_weight": 0.7609223950053247, "id": 59}], [{"weight": 1, "random_weight": 0.9034010819064002, "id": 25}, {"weight": 1, "random_weight": 0.6966826634190986, "id": 35}, {"weight": 1, "random_weight": 0.5300330390588176, "id": 45}, {"weight": 1, "random_weight": 0.503703345536372, "id": 56}], [{"weight": 1, "random_weight": 0.8945711617924502, "id": 24}, {"weight": 1, "random_weight": 0.6966826634190986, "id": 34}, {"weight": 1, "random_weight": 0.2250691851253731, "id": 41}, {"weight": 1, "random_weight": 0.2383477571926761, "id": 45}, {"weight": 1, "random_weight": 0.9809174858015066, "id": 49}, {"weight": 1, "random_weight": 0.05555101493560932, "id": 53}], [{"weight": 1, "random_weight": 0.75502467428373, "id": 21}, {"weight": 2, "random_weight": 0.5742331415979562, "id": 23}, {"weight": 1, "random_weight": 0.36489242221745055, "id": 44}], [{"weight": 2, "random_weight": 0.19229471636050943, "id": 10}, {"weight": 1, "random_weight": 0.4136801404476018, "id": 11}, {"weight": 1, "random_weight": 0.9530934560402291, "id": 55}, {"weight": 2, "random_weight": 0.3536758204153456, "id": 69}], [{"weight": 1, "random_weight": 0.060676983928365735, "id": 18}, {"weight": 1, "random_weight": 0.4960425944877085, "id": 31}, {"weight": 1, "random_weight": 0.8410292333760553, "id": 42}], [{"weight": 2, "random_weight": 0.849398714179334, "id": 29}, {"weight": 1, "random_weight": 0.4060836095642798, "id": 43}, {"weight": 2, "random_weight": 0.5928318968181912, "id": 57}, {"weight": 1, "random_weight": 0.5829829910721772, "id": 67}], [{"weight": 2, "random_weight": 0.030855160038220752, "id": 17}, {"weight": 1, "random_weight": 0.934769349095033, "id": 24}, {"weight": 1, "random_weight": 0.4497048882847834, "id": 25}, {"weight": 1, "random_weight": 0.25977645826815066, "id": 28}], [{"weight": 1, "random_weight": 0.2250691851253731, "id": 35}, {"weight": 2, "random_weight": 0.49219831131134895, "id": 45}, {"weight": 2, "random_weight": 0.993524266756684, "id": 54}, {"weight": 1, "random_weight": 0.8017594481120154, "id": 57}], [{"weight": 1, "random_weight": 0.7341398601781547, "id": 31}, {"weight": 1, "random_weight": 0.8410292333760553, "id": 38}, {"weight": 1, "random_weight": 0.03128492451054299, "id": 44}, {"weight": 1, "random_weight": 0.4387395992110522, "id": 47}], [{"weight": 1, "random_weight": 0.8866659929675992, "id": 9}, {"weight": 1, "random_weight": 0.7665793965133603, "id": 29}, {"weight": 1, "random_weight": 0.4060836095642798, "id": 39}, {"weight": 1, "random_weight": 0.255257877183248, "id": 56}], [{"weight": 1, "random_weight": 0.5061715675693786, "id": 11}, {"weight": 1, "random_weight": 0.8504748509458951, "id": 23}, {"weight": 1, "random_weight": 0.36489242221745055, "id": 36}, {"weight": 1, "random_weight": 0.03128492451054299, "id": 42}, {"weight": 1, "random_weight": 0.07823604915030724, "id": 47}], [{"weight": 1, "random_weight": 0.5300330390588176, "id": 34}, {"weight": 1, "random_weight": 0.2383477571926761, "id": 35}, {"weight": 2, "random_weight": 0.49219831131134895, "id": 41}, {"weight": 1, "random_weight": 0.5046201610450023, "id": 56}, {"weight": 1, "random_weight": 0.18988340948577298, "id": 57}], [{"weight": 2, "random_weight": 0.773177696291439, "id": 32}, {"weight": 1, "random_weight": 0.20448773413189358, "id": 62}, {"weight": 2, "random_weight": 0.4350411908302181, "id": 70}, {"weight": 1, "random_weight": 0.6968711637818952, "id": 71}], [{"weight": 1, "random_weight": 0.5442782613796959, "id": 11}, {"weight": 1, "random_weight": 0.5046728714254506, "id": 30}, {"weight": 1, "random_weight": 0.337745896525813, "id": 31}, {"weight": 1, "random_weight": 0.4387395992110522, "id": 42}, {"weight": 1, "random_weight": 0.07823604915030724, "id": 44}, {"weight": 1, "random_weight": 0.785442646286251, "id": 69}], [{"weight": 1, "random_weight": 0.1723766090199106, "id": 24}, {"weight": 1, "random_weight": 0.32934940458909623, "id": 27}, {"weight": 1, "random_weight": 0.5904986557770345, "id": 28}, {"weight": 2, "random_weight": 0.9696359703994802, "id": 49}, {"weight": 1, "random_weight": 0.9699790225993974, "id": 65}], [{"weight": 1, "random_weight": 0.8381915819332896, "id": 24}, {"weight": 1, "random_weight": 0.9809174858015066, "id": 35}, {"weight": 2, "random_weight": 0.9696359703994802, "id": 48}, {"weight": 1, "random_weight": 0.6740574258584606, "id": 53}, {"weight": 1, "random_weight": 0.07657462739884868, "id": 65}], [{"weight": 1, "random_weight": 0.24138331710774097, "id": 7}, {"weight": 1, "random_weight": 0.9149117671313751, "id": 27}, {"weight": 2, "random_weight": 0.07538018790692147, "id": 60}], [{"weight": 1, "random_weight": 0.11879301241834428, "id": 2}, {"weight": 1, "random_weight": 0.3318132423928397, "id": 13}, {"weight": 1, "random_weight": 0.3827558480452843, "id": 14}, {"weight": 1, "random_weight": 0.46713999224203206, "id": 22}, {"weight": 1, "random_weight": 0.984557155322935, "id": 33}], [{"weight": 2, "random_weight": 0.30167313897436765, "id": 0}, {"weight": 2, "random_weight": 0.741633829650323, "id": 32}, {"weight": 1, "random_weight": 0.8550514058722806, "id": 59}, {"weight": 1, "random_weight": 0.6522693412371344, "id": 68}], [{"weight": 1, "random_weight": 0.05555101493560932, "id": 35}, {"weight": 1, "random_weight": 0.6740574258584606, "id": 49}, {"weight": 1, "random_weight": 0.24702381488036806, "id": 54}, {"weight": 1, "random_weight": 0.7450471859505082, "id": 55}, {"weight": 1, "random_weight": 0.8634660715692466, "id": 65}, {"weight": 1, "random_weight": 0.3958758042746521, "id": 71}], [{"weight": 2, "random_weight": 0.993524266756684, "id": 41}, {"weight": 1, "random_weight": 0.24702381488036806, "id": 53}, {"weight": 1, "random_weight": 0.3178493226149173, "id": 63}, {"weight": 2, "random_weight": 0.7066214725500719, "id": 71}], [{"weight": 2, "random_weight": 0.5951168697968989, "id": 4}, {"weight": 1, "random_weight": 0.9530934560402291, "id": 37}, {"weight": 1, "random_weight": 0.7450471859505082, "id": 53}, {"weight": 2, "random_weight": 0.7717406325933646, "id": 70}], [{"weight": 1, "random_weight": 0.503703345536372, "id": 34}, {"weight": 1, "random_weight": 0.255257877183248, "id": 43}, {"weight": 1, "random_weight": 0.5046201610450023, "id": 45}, {"weight": 1, "random_weight": 0.887151215343076, "id": 57}], [{"weight": 2, "random_weight": 0.5928318968181912, "id": 39}, {"weight": 1, "random_weight": 0.8017594481120154, "id": 41}, {"weight": 1, "random_weight": 0.18988340948577298, "id": 45}, {"weight": 1, "random_weight": 0.887151215343076, "id": 56}, {"weight": 1, "random_weight": 0.14875758730002486, "id": 63}], [{"weight": 2, "random_weight": 0.9979331758861179, "id": 1}, {"weight": 1, "random_weight": 0.4266488841616948, "id": 61}, {"weight": 1, "random_weight": 0.9538285756958311, "id": 66}, {"weight": 1, "random_weight": 0.6984420067536158, "id": 68}], [{"weight": 1, "random_weight": 0.13553168426806117, "id": 6}, {"weight": 1, "random_weight": 0.6061849184753412, "id": 8}, {"weight": 2, "random_weight": 0.7609223950053247, "id": 33}, {"weight": 1, "random_weight": 0.8550514058722806, "id": 52}, {"weight": 1, "random_weight": 0.43113715099193894, "id": 62}], [{"weight": 1, "random_weight": 0.6252574979564008, "id": 3}, {"weight": 1, "random_weight": 0.3760365667498078, "id": 7}, {"weight": 1, "random_weight": 0.7218086043594123, "id": 27}, {"weight": 2, "random_weight": 0.07538018790692147, "id": 50}, {"weight": 1, "random_weight": 0.7716866734325815, "id": 65}], [{"weight": 1, "random_weight": 0.4231088393366068, "id": 20}, {"weight": 1, "random_weight": 0.4266488841616948, "id": 58}, {"weight": 2, "random_weight": 0.6829793987249378, "id": 66}], [{"weight": 1, "random_weight": 0.8008201566965197, "id": 5}, {"weight": 1, "random_weight": 0.6851493146152648, "id": 6}, {"weight": 1, "random_weight": 0.027475113996456746, "id": 10}, {"weight": 1, "random_weight": 0.5654435739823603, "id": 32}, {"weight": 1, "random_weight": 0.20448773413189358, "id": 46}, {"weight": 1, "random_weight": 0.43113715099193894, "id": 59}], [{"weight": 1, "random_weight": 0.9704015352817184, "id": 32}, {"weight": 1, "random_weight": 0.3178493226149173, "id": 54}, {"weight": 1, "random_weight": 0.14875758730002486, "id": 57}, {"weight": 1, "random_weight": 0.5113175144710952, "id": 67}, {"weight": 1, "random_weight": 0.08991426565244431, "id": 68}, {"weight": 1, "random_weight": 0.9653555780709964, "id": 71}], [{"weight": 1, "random_weight": 0.9256835885635675, "id": 3}, {"weight": 2, "random_weight": 0.4368636487193678, "id": 16}, {"weight": 1, "random_weight": 0.693967362819923, "id": 30}, {"weight": 2, "random_weight": 0.7977995386949165, "id": 69}], [{"weight": 1, "random_weight": 0.2783385445717603, "id": 3}, {"weight": 1, "random_weight": 0.28879405485185206, "id": 4}, {"weight": 1, "random_weight": 0.9699790225993974, "id": 48}, {"weight": 1, "random_weight": 0.07657462739884868, "id": 49}, {"weight": 1, "random_weight": 0.8634660715692466, "id": 53}, {"weight": 1, "random_weight": 0.7716866734325815, "id": 60}], [{"weight": 1, "random_weight": 0.10314834281991958, "id": 20}, {"weight": 1, "random_weight": 0.9079262955994488, "id": 29}, {"weight": 1, "random_weight": 0.9538285756958311, "id": 58}, {"weight": 2, "random_weight": 0.6829793987249378, "id": 61}, {"weight": 1, "random_weight": 0.24356921153873834, "id": 67}], [{"weight": 1, "random_weight": 0.9843535707641526, "id": 29}, {"weight": 1, "random_weight": 0.5829829910721772, "id": 39}, {"weight": 1, "random_weight": 0.5113175144710952, "id": 63}, {"weight": 1, "random_weight": 0.24356921153873834, "id": 66}, {"weight": 2, "random_weight": 0.33333234936530864, "id": 68}], [{"weight": 1, "random_weight": 0.722757018112514, "id": 0}, {"weight": 1, "random_weight": 0.6522693412371344, "id": 52}, {"weight": 1, "random_weight": 0.6984420067536158, "id": 58}, {"weight": 1, "random_weight": 0.08991426565244431, "id": 63}, {"weight": 2, "random_weight": 0.33333234936530864, "id": 67}], [{"weight": 1, "random_weight": 0.23916317131785003, "id": 4}, {"weight": 2, "random_weight": 0.3536758204153456, "id": 37}, {"weight": 1, "random_weight": 0.785442646286251, "id": 47}, {"weight": 2, "random_weight": 0.7977995386949165, "id": 64}], [{"weight": 1, "random_weight": 0.629150954917819, "id": 10}, {"weight": 2, "random_weight": 0.4350411908302181, "id": 46}, {"weight": 2, "random_weight": 0.7717406325933646, "id": 55}, {"weight": 1, "random_weight": 0.8560243419141363, "id": 71}], [{"weight": 1, "random_weight": 0.6968711637818952, "id": 46}, {"weight": 1, "random_weight": 0.3958758042746521, "id": 53}, {"weight": 2, "random_weight": 0.7066214725500719, "id": 54}, {"weight": 1, "random_weight": 0.9653555780709964, "id": 63}, {"weight": 1, "random_weight": 0.8560243419141363, "id": 70}]]}