{"directed": false, "multigraph": false, "graph": [], "nodes": [{"graph": null, "nnodes": 2, "nedges": 1, "density": 1.0, "atomics": "[81, 82]", "group_pop": 2, "init_part_assignment": 2, "id": 0}, {"graph": null, "nnodes": 2, "nedges": 1, "density": 1.0, "atomics": "[69, 70]", "group_pop": 2, "init_part_assignment": 2, "id": 1}, {"graph": null, "nnodes": 2, "nedges": 1, "density": 1.0, "atomics": "[74, 62]", "group_pop": 2, "init_part_assignment": 11, "id": 2}, {"graph": null, "nnodes": 2, "nedges": 1, "density": 1.0, "atomics": "[75, 76]", "group_pop": 2, "init_part_assignment": 11, "id": 3}, {"graph": null, "nnodes": 2, "nedges": 1, "density": 1.0, "atomics": "[41, 42]", "group_pop": 2, "init_part_assignment": 5, "id": 4}, {"graph": null, "nnodes": 2, "nedges": 1, "density": 1.0, "atomics": "[43, 31]", "group_pop": 2, "init_part_assignment": 5, "id": 5}, {"graph": null, "nnodes": 2, "nedges": 1, "density": 1.0, "atomics": "[60, 61]", "group_pop": 2, "init_part_assignment": 9, "id": 6}, {"graph": null, "nnodes": 2, "nedges": 1, "density": 1.0, "atomics": "[32, 33]", "group_pop": 2, "init_part_assignment": 5, "id": 7}, {"graph": null, "nnodes": 2, "nedges": 1, "density": 1.0, "atomics": "[19, 20]", "group_pop": 2, "init_part_assignment": 4, "id": 8}, {"graph": null, "nnodes": 2, "nedges": 1, "density": 1.0, "atomics": "[142, 143]", "group_pop": 2, "init_part_assignment": 3, "id": 9}, {"graph": null, "nnodes": 2, "nedges": 1, "density": 1.0, "atomics": "[29, 30]", "group_pop": 2, "init_part_assignment": 5, "id": 10}, {"graph": null, "nnodes": 2, "nedges": 1, "density": 1.0, "atomics": "[8, 7]", "group_pop": 2, "init_part_assignment": 4, "id": 11}, {"graph": null, "nnodes": 2, "nedges": 1, "density": 1.0, "atomics": "[9, 21]", "group_pop": 2, "init_part_assignment": 4, "id": 12}, {"graph": null, "nnodes": 2, "nedges": 1, "density": 1.0, "atomics": "[34, 35]", "group_pop": 2, "init_part_assignment": 4, "id": 13}, {"graph": null, "nnodes": 2, "nedges": 1, "density": 1.0, "atomics": "[10, 11]", "group_pop": 2, "init_part_assignment": 4, "id": 14}, {"graph": null, "nnodes": 2, "nedges": 1, "density": 1.0, "atomics": "[22, 23]", "group_pop": 2, "init_part_assignment": 4, "id": 15}, {"graph": null, "nnodes": 2, "nedges": 1, "density": 1.0, "atomics": "[49, 37]", "group_pop": 2, "init_part_assignment": 0, "id": 16}, {"graph": null, "nnodes": 2, "nedges": 1, "density": 1.0, "atomics": "[120, 121]", "group_pop": 2, "init_part_assignment": 8, "id": 17}, {"graph": null, "nnodes": 2, "nedges": 1, "density": 1.0, "atomics": "[132, 133]", "group_pop": 2, "init_part_assignment": 8, "id": 18}, {"graph": null, "nnodes": 2, "nedges": 1, "density": 1.0, "atomics": "[24, 25]", "group_pop": 2, "init_part_assignment": 0, "id": 19}, {"graph": null, "nnodes": 2, "nedges": 1, "density": 1.0, "atomics": "[48, 36]", "group_pop": 2, "init_part_assignment": 0, "id": 20}, {"graph": null, "nnodes": 2, "nedges": 1, "density": 1.0, "atomics": "[130, 118]", "group_pop": 2, "init_part_assignment": 3, "id": 21}, {"graph": null, "nnodes": 2, "nedges": 1, "density": 1.0, "atomics": "[131, 119]", "group_pop": 2, "init_part_assignment": 3, "id": 22}, {"graph": null, "nnodes": 2, "nedges": 1, "density": 1.0, "atomics": "[83, 71]", "group_pop": 2, "init_part_assignment": 2, "id": 23}, {"graph": null, "nnodes": 2, "nedges": 1, "density": 1.0, "atomics": "[18, 6]", "group_pop": 2, "init_part_assignment": 7, "id": 24}, {"graph": null, "nnodes": 2, "nedges": 1, "density": 1.0, "atomics": "[122, 123]", "group_pop": 2, "init_part_assignment": 8, "id": 25}, {"graph": null, "nnodes": 2, "nedges": 1, "density": 1.0, "atomics": "[134, 135]", "group_pop": 2, "init_part_assignment": 8, "id": 26}, {"graph": null, "nnodes": 2, "nedges": 1, "density": 1.0, "atomics": "[96, 97]", "group_pop": 2, "init_part_assignment": 9, "id": 27}, {"graph": null, "nnodes": 2, "nedges": 1, "density": 1.0, "atomics": "[108, 109]", "group_pop": 2, "init_part_assignment": 9, "id": 28}, {"graph": null, "nnodes": 2, "nedges": 1, "density": 1.0, "atomics": "[129, 141]", "group_pop": 2, "init_part_assignment": 1, "id": 29}, {"graph": null, "nnodes": 2, "nedges": 1, "density": 1.0, "atomics": "[116, 117]", "group_pop": 2, "init_part_assignment": 1, "id": 30}, {"graph": null, "nnodes": 2, "nedges": 1, "density": 1.0, "atomics": "[1, 13]", "group_pop": 2, "init_part_assignment": 0, "id": 31}, {"graph": null, "nnodes": 2, "nedges": 1, "density": 1.0, "atomics": "[67, 79]", "group_pop": 2, "init_part_assignment": 10, "id": 32}, {"graph": null, "nnodes": 2, "nedges": 1, "density": 1.0, "atomics": "[56, 57]", "group_pop": 2, "init_part_assignment": 2, "id": 33}, {"graph": null, "nnodes": 2, "nedges": 1, "density": 1.0, "atomics": "[58, 59]", "group_pop": 2, "init_part_assignment": 2, "id": 34}, {"graph": null, "nnodes": 2, "nedges": 1, "density": 1.0, "atomics": "[136, 124]", "group_pop": 2, "init_part_assignment": 8, "id": 35}, {"graph": null, "nnodes": 2, "nedges": 1, "density": 1.0, "atomics": "[40, 28]", "group_pop": 2, "init_part_assignment": 7, "id": 36}, {"graph": null, "nnodes": 2, "nedges": 1, "density": 1.0, "atomics": "[0, 12]", "group_pop": 2, "init_part_assignment": 0, "id": 37}, {"graph": null, "nnodes": 2, "nedges": 1, "density": 1.0, "atomics": "[128, 140]", "group_pop": 2, "init_part_assignment": 1, "id": 38}, {"graph": null, "nnodes": 2, "nedges": 1, "density": 1.0, "atomics": "[112, 113]", "group_pop": 2, "init_part_assignment": 6, "id": 39}, {"graph": null, "nnodes": 2, "nedges": 1, "density": 1.0, "atomics": "[2, 3]", "group_pop": 2, "init_part_assignment": 0, "id": 40}, {"graph": null, "nnodes": 2, "nedges": 1, "density": 1.0, "atomics": "[16, 17]", "group_pop": 2, "init_part_assignment": 7, "id": 41}, {"graph": null, "nnodes": 2, "nedges": 1, "density": 1.0, "atomics": "[4, 5]", "group_pop": 2, "init_part_assignment": 7, "id": 42}, {"graph": null, "nnodes": 2, "nedges": 1, "density": 1.0, "atomics": "[137, 125]", "group_pop": 2, "init_part_assignment": 6, "id": 43}, {"graph": null, "nnodes": 2, "nedges": 1, "density": 1.0, "atomics": "[65, 66]", "group_pop": 2, "init_part_assignment": 10, "id": 44}, {"graph": null, "nnodes": 2, "nedges": 1, "density": 1.0, "atomics": "[77, 78]", "group_pop": 2, "init_part_assignment": 11, "id": 45}, {"graph": null, "nnodes": 2, "nedges": 1, "density": 1.0, "atomics": "[14, 15]", "group_pop": 2, "init_part_assignment": 7, "id": 46}, {"graph": null, "nnodes": 2, "nedges": 1, "density": 1.0, "atomics": "[110, 111]", "group_pop": 2, "init_part_assignment": 8, "id": 47}, {"graph": null, "nnodes": 2, "nedges": 1, "density": 1.0, "atomics": "[72, 84]", "group_pop": 2, "init_part_assignment": 9, "id": 48}, {"graph": null, "nnodes": 2, "nedges": 1, "density": 1.0, "atomics": "[46, 47]", "group_pop": 2, "init_part_assignment": 2, "id": 49}, {"graph": null, "nnodes": 2, "nedges": 1, "density": 1.0, "atomics": "[80, 68]", "group_pop": 2, "init_part_assignment": 10, "id": 50}, {"graph": null, "nnodes": 2, "nedges": 1, "density": 1.0, "atomics": "[88, 100]", "group_pop": 2, "init_part_assignment": 11, "id": 51}, {"graph": null, "nnodes": 2, "nedges": 1, "density": 1.0, "atomics": "[89, 101]", "group_pop": 2, "init_part_assignment": 6, "id": 52}, {"graph": null, "nnodes": 2, "nedges": 1, "density": 1.0, "atomics": "[64, 63]", "group_pop": 2, "init_part_assignment": 11, "id": 53}, {"graph": null, "nnodes": 2, "nedges": 1, "density": 1.0, "atomics": "[139, 127]", "group_pop": 2, "init_part_assignment": 1, "id": 54}, {"graph": null, "nnodes": 2, "nedges": 1, "density": 1.0, "atomics": "[94, 95]", "group_pop": 2, "init_part_assignment": 6, "id": 55}, {"graph": null, "nnodes": 2, "nedges": 1, "density": 1.0, "atomics": "[44, 45]", "group_pop": 2, "init_part_assignment": 5, "id": 56}, {"graph": null, "nnodes": 2, "nedges": 1, "density": 1.0, "atomics": "[73, 85]", "group_pop": 2, "init_part_assignment": 9, "id": 57}, {"graph": null, "nnodes": 2, "nedges": 1, "density": 1.0, "atomics": "[106, 107]", "group_pop": 2, "init_part_assignment": 3, "id": 58}, {"graph": null, "nnodes": 2, "nedges": 1, "density": 1.0, "atomics": "[54, 55]", "group_pop": 2, "init_part_assignment": 5, "id": 59}, {"graph": null, "nnodes": 2, "nedges": 1, "density": 1.0, "atomics": "[114, 115]", "group_pop": 2, "init_part_assignment": 1, "id": 60}, {"graph": null, "nnodes": 2, "nedges": 1, "density": 1.0, "atomics": "[102, 103]", "group_pop": 2, "init_part_assignment": 3, "id": 61}, {"graph": null, "nnodes": 2, "nedges": 1, "density": 1.0, "atomics": "[138, 126]", "group_pop": 2, "init_part_assignment": 1, "id": 62}, {"graph": null, "nnodes": 2, "nedges": 1, "density": 1.0, "atomics": "[50, 51]", "group_pop": 2, "init_part_assignment": 10, "id": 63}, {"graph": null, "nnodes": 2, "nedges": 1, "density": 1.0, "atomics": "[38, 39]", "group_pop": 2, "init_part_assignment": 10, "id": 64}, {"graph": null, "nnodes": 2, "nedges": 1, "density": 1.0, "atomics": "[98, 99]", "group_pop": 2, "init_part_assignment": 9, "id": 65}, {"graph": null, "nnodes": 2, "nedges": 1, "density": 1.0, "atomics": "[86, 87]", "group_pop": 2, "init_part_assignment": 11, "id": 66}, {"graph": null, "nnodes": 2, "nedges": 1, "density": 1.0, "atomics": "[104, 105]", "group_pop": 2, "init_part_assignment": 3, "id": 67}, {"graph": null, "nnodes": 2, "nedges": 1, "density": 1.0, "atomics": "[92, 93]", "group_pop": 2, "init_part_assignment": 6, "id": 68}, {"graph": null, "nnodes": 2, "nedges": 1, "density": 1.0, "atomics": "[26, 27]", "group_pop": 2, "init_part_assignment": 7, "id": 69}, {"graph": null, "nnodes": 2, "nedges": 1, "density": 1.0, "atomics": "[52, 53]", "group_pop": 2, "init_part_assignment": 10, "id": 70}, {"graph": null, "nnodes": 2, "nedges": 1, "density": 1.0, "atomics": "[90, 91]", "group_pop": 2, "init_part_assignment": 6, "id": 71}], "adjacency": [[{"weight": 2, "random_weight": 0.13025275738662467, "id": 1}, {"weight": 1, "random_weight": 0.5675406361612118, "id": 23}, {"weight": 1, "random_weight": 0.8367786636662153, "id": 50}, {"weight": 1, "random_weight": 0.5509194539574749, "id": 55}, {"weight": 1, "random_weight": 0.6420386132954283, "id": 68}], [{"weight": 2, "random_weight": 0.13025275738662467, "id": 0}, {"weight": 1, "random_weight": 0.713124075820048, "id": 23}, {"weight": 1, "random_weight": 0.18374933417076678, "id": 33}, {"weight": 1, "random_weight": 0.5155957934789375, "id": 34}, {"weight": 1, "random_weight": 0.6140768848947332, "id": 50}], [{"weight": 1, "random_weight": 0.3499463904747787, "id": 3}, {"weight": 1, "random_weight": 0.5454503903376423, "id": 6}, {"weight": 1, "random_weight": 0.08465577607882213, "id": 53}, {"weight": 1, "random_weight": 0.7942845071231457, "id": 57}, {"weight": 1, "random_weight": 0.9148763164165588, "id": 63}, {"weight": 1, "random_weight": 0.2014912914271374, "id": 66}], [{"weight": 1, "random_weight": 0.3499463904747787, "id": 2}, {"weight": 1, "random_weight": 0.1535737300883281, "id": 45}, {"weight": 1, "random_weight": 0.8755999625046142, "id": 51}, {"weight": 2, "random_weight": 0.7778610922674843, "id": 53}, {"weight": 1, "random_weight": 0.38719506180612506, "id": 66}], [{"weight": 1, "random_weight": 0.1467453639220757, "id": 5}, {"weight": 2, "random_weight": 0.38174507934851054, "id": 10}, {"weight": 1, "random_weight": 0.4447127646286949, "id": 36}, {"weight": 1, "random_weight": 0.2397512649926461, "id": 59}, {"weight": 1, "random_weight": 0.8685711234931398, "id": 70}], [{"weight": 1, "random_weight": 0.1467453639220757, "id": 4}, {"weight": 1, "random_weight": 0.2775595972757188, "id": 7}, {"weight": 1, "random_weight": 0.29557767273030366, "id": 8}, {"weight": 1, "random_weight": 0.7954236430961547, "id": 10}, {"weight": 1, "random_weight": 0.9964620937898301, "id": 56}, {"weight": 1, "random_weight": 0.8491684582952926, "id": 59}], [{"weight": 1, "random_weight": 0.5454503903376423, "id": 2}, {"weight": 1, "random_weight": 0.023450970154339945, "id": 16}, {"weight": 1, "random_weight": 0.6423999277392657, "id": 20}, {"weight": 1, "random_weight": 0.6584566654506823, "id": 48}, {"weight": 1, "random_weight": 0.3695910404159868, "id": 57}], [{"weight": 1, "random_weight": 0.2775595972757188, "id": 5}, {"weight": 1, "random_weight": 0.5365306999933098, "id": 8}, {"weight": 1, "random_weight": 0.12106960167893899, "id": 12}, {"weight": 1, "random_weight": 0.9139474221794338, "id": 13}, {"weight": 2, "random_weight": 0.5376854403317157, "id": 56}], [{"weight": 1, "random_weight": 0.29557767273030366, "id": 5}, {"weight": 1, "random_weight": 0.5365306999933098, "id": 7}, {"weight": 2, "random_weight": 0.3128205547332724, "id": 11}, {"weight": 1, "random_weight": 0.0938461438826027, "id": 12}, {"weight": 1, "random_weight": 0.6899404912116393, "id": 24}], [{"weight": 1, "random_weight": 0.17661636248042067, "id": 21}, {"weight": 1, "random_weight": 0.9916487729820733, "id": 22}, {"weight": 1, "random_weight": 0.6967371233066079, "id": 29}], [{"weight": 2, "random_weight": 0.38174507934851054, "id": 4}, {"weight": 1, "random_weight": 0.7954236430961547, "id": 5}, {"weight": 1, "random_weight": 0.7817115317883512, "id": 24}, {"weight": 1, "random_weight": 0.766988152576429, "id": 36}, {"weight": 1, "random_weight": 0.8932232396185777, "id": 41}], [{"weight": 2, "random_weight": 0.3128205547332724, "id": 8}, {"weight": 1, "random_weight": 0.6412399554581208, "id": 12}, {"weight": 1, "random_weight": 0.5940497291477036, "id": 24}], [{"weight": 1, "random_weight": 0.12106960167893899, "id": 7}, {"weight": 1, "random_weight": 0.0938461438826027, "id": 8}, {"weight": 1, "random_weight": 0.6412399554581208, "id": 11}, {"weight": 1, "random_weight": 0.16561231694352097, "id": 14}, {"weight": 1, "random_weight": 0.574864287003027, "id": 15}], [{"weight": 1, "random_weight": 0.9139474221794338, "id": 7}, {"weight": 2, "random_weight": 0.8057158642316625, "id": 15}, {"weight": 2, "random_weight": 0.8511604323281297, "id": 49}], [{"weight": 1, "random_weight": 0.16561231694352097, "id": 12}, {"weight": 2, "random_weight": 0.2466430943441732, "id": 15}], [{"weight": 1, "random_weight": 0.574864287003027, "id": 12}, {"weight": 2, "random_weight": 0.8057158642316625, "id": 13}, {"weight": 2, "random_weight": 0.2466430943441732, "id": 14}], [{"weight": 1, "random_weight": 0.023450970154339945, "id": 6}, {"weight": 1, "random_weight": 0.15446606787377215, "id": 19}, {"weight": 2, "random_weight": 0.5722484015559993, "id": 20}, {"weight": 1, "random_weight": 0.4599957007820469, "id": 63}, {"weight": 1, "random_weight": 0.6146617252758768, "id": 64}], [{"weight": 2, "random_weight": 0.35082213905635196, "id": 18}, {"weight": 1, "random_weight": 0.5575808053616964, "id": 25}, {"weight": 2, "random_weight": 0.8464069089047459, "id": 28}], [{"weight": 2, "random_weight": 0.35082213905635196, "id": 17}, {"weight": 1, "random_weight": 0.20753213888020228, "id": 26}], [{"weight": 1, "random_weight": 0.15446606787377215, "id": 16}, {"weight": 1, "random_weight": 0.5029432077400449, "id": 20}, {"weight": 1, "random_weight": 0.3064854223824275, "id": 31}, {"weight": 1, "random_weight": 0.257411954576228, "id": 37}, {"weight": 1, "random_weight": 0.8822550814770239, "id": 69}], [{"weight": 1, "random_weight": 0.6423999277392657, "id": 6}, {"weight": 2, "random_weight": 0.5722484015559993, "id": 16}, {"weight": 1, "random_weight": 0.5029432077400449, "id": 19}], [{"weight": 1, "random_weight": 0.17661636248042067, "id": 9}, {"weight": 2, "random_weight": 0.7436167158924222, "id": 22}, {"weight": 1, "random_weight": 0.7880301603143454, "id": 29}, {"weight": 1, "random_weight": 0.8401100707219966, "id": 30}, {"weight": 1, "random_weight": 0.6950489335462909, "id": 58}], [{"weight": 1, "random_weight": 0.9916487729820733, "id": 9}, {"weight": 2, "random_weight": 0.7436167158924222, "id": 21}, {"weight": 1, "random_weight": 0.7307610253244505, "id": 58}], [{"weight": 1, "random_weight": 0.5675406361612118, "id": 0}, {"weight": 1, "random_weight": 0.713124075820048, "id": 1}, {"weight": 1, "random_weight": 0.021191153753249314, "id": 34}, {"weight": 1, "random_weight": 0.9902130729788912, "id": 55}], [{"weight": 1, "random_weight": 0.6899404912116393, "id": 8}, {"weight": 1, "random_weight": 0.7817115317883512, "id": 10}, {"weight": 1, "random_weight": 0.5940497291477036, "id": 11}, {"weight": 1, "random_weight": 0.6893679514735029, "id": 41}, {"weight": 1, "random_weight": 0.7160628967308861, "id": 42}], [{"weight": 1, "random_weight": 0.5575808053616964, "id": 17}, {"weight": 2, "random_weight": 0.893791054369465, "id": 26}, {"weight": 1, "random_weight": 0.2757563464896997, "id": 35}, {"weight": 2, "random_weight": 0.20857547444032376, "id": 47}], [{"weight": 1, "random_weight": 0.20753213888020228, "id": 18}, {"weight": 2, "random_weight": 0.893791054369465, "id": 25}, {"weight": 1, "random_weight": 0.5370088535105371, "id": 35}], [{"weight": 2, "random_weight": 0.9959137064902852, "id": 28}, {"weight": 1, "random_weight": 0.4871354339863293, "id": 48}, {"weight": 1, "random_weight": 0.10623558735022376, "id": 57}, {"weight": 1, "random_weight": 0.20599126315081118, "id": 65}], [{"weight": 2, "random_weight": 0.8464069089047459, "id": 17}, {"weight": 2, "random_weight": 0.9959137064902852, "id": 27}, {"weight": 1, "random_weight": 0.6467734297836034, "id": 47}], [{"weight": 1, "random_weight": 0.6967371233066079, "id": 9}, {"weight": 1, "random_weight": 0.7880301603143454, "id": 21}, {"weight": 1, "random_weight": 0.2649761237013277, "id": 30}, {"weight": 2, "random_weight": 0.6213210299308107, "id": 38}], [{"weight": 1, "random_weight": 0.8401100707219966, "id": 21}, {"weight": 1, "random_weight": 0.2649761237013277, "id": 29}, {"weight": 1, "random_weight": 0.39572149869933226, "id": 38}, {"weight": 1, "random_weight": 0.8058743333997487, "id": 60}, {"weight": 2, "random_weight": 0.8889498838674017, "id": 67}], [{"weight": 1, "random_weight": 0.3064854223824275, "id": 19}, {"weight": 2, "random_weight": 0.6552870368623162, "id": 37}, {"weight": 1, "random_weight": 0.4049047510488957, "id": 40}, {"weight": 1, "random_weight": 0.7149286751391776, "id": 46}], [{"weight": 1, "random_weight": 0.5970809424298333, "id": 44}, {"weight": 1, "random_weight": 0.805655751754153, "id": 45}, {"weight": 2, "random_weight": 0.9985785129463203, "id": 50}, {"weight": 1, "random_weight": 0.17843499269750351, "id": 59}, {"weight": 1, "random_weight": 0.8590563094458994, "id": 71}], [{"weight": 1, "random_weight": 0.18374933417076678, "id": 1}, {"weight": 1, "random_weight": 0.5821848916692629, "id": 34}, {"weight": 1, "random_weight": 0.9849676486791046, "id": 50}, {"weight": 2, "random_weight": 0.7314587575556065, "id": 56}, {"weight": 1, "random_weight": 0.9388121415934249, "id": 59}], [{"weight": 1, "random_weight": 0.5155957934789375, "id": 1}, {"weight": 1, "random_weight": 0.021191153753249314, "id": 23}, {"weight": 1, "random_weight": 0.5821848916692629, "id": 33}, {"weight": 2, "random_weight": 0.022878937193218096, "id": 49}], [{"weight": 1, "random_weight": 0.2757563464896997, "id": 25}, {"weight": 1, "random_weight": 0.5370088535105371, "id": 26}, {"weight": 1, "random_weight": 0.9124024107673229, "id": 39}, {"weight": 2, "random_weight": 0.5632252257791329, "id": 43}], [{"weight": 1, "random_weight": 0.4447127646286949, "id": 4}, {"weight": 1, "random_weight": 0.766988152576429, "id": 10}, {"weight": 1, "random_weight": 0.7197716914688268, "id": 41}, {"weight": 1, "random_weight": 0.37862954947423877, "id": 64}, {"weight": 1, "random_weight": 0.34842807158835043, "id": 69}, {"weight": 1, "random_weight": 0.6253336911390025, "id": 70}], [{"weight": 1, "random_weight": 0.257411954576228, "id": 19}, {"weight": 2, "random_weight": 0.6552870368623162, "id": 31}], [{"weight": 2, "random_weight": 0.6213210299308107, "id": 29}, {"weight": 1, "random_weight": 0.39572149869933226, "id": 30}, {"weight": 2, "random_weight": 0.10717435757974147, "id": 54}], [{"weight": 1, "random_weight": 0.9124024107673229, "id": 35}, {"weight": 1, "random_weight": 0.4914425092438941, "id": 43}, {"weight": 1, "random_weight": 0.37833216227512656, "id": 47}, {"weight": 1, "random_weight": 0.054976680678779366, "id": 51}, {"weight": 1, "random_weight": 0.006493810239567743, "id": 52}, {"weight": 1, "random_weight": 0.5767923693038997, "id": 60}], [{"weight": 1, "random_weight": 0.4049047510488957, "id": 31}, {"weight": 1, "random_weight": 0.514910155771571, "id": 42}, {"weight": 2, "random_weight": 0.5652363720337563, "id": 46}], [{"weight": 1, "random_weight": 0.8932232396185777, "id": 10}, {"weight": 1, "random_weight": 0.6893679514735029, "id": 24}, {"weight": 1, "random_weight": 0.7197716914688268, "id": 36}, {"weight": 2, "random_weight": 0.7671946304196843, "id": 42}, {"weight": 1, "random_weight": 0.4014268468418005, "id": 46}], [{"weight": 1, "random_weight": 0.7160628967308861, "id": 24}, {"weight": 1, "random_weight": 0.514910155771571, "id": 40}, {"weight": 2, "random_weight": 0.7671946304196843, "id": 41}], [{"weight": 2, "random_weight": 0.5632252257791329, "id": 35}, {"weight": 1, "random_weight": 0.4914425092438941, "id": 39}, {"weight": 2, "random_weight": 0.6448470790376077, "id": 62}], [{"weight": 1, "random_weight": 0.5970809424298333, "id": 32}, {"weight": 2, "random_weight": 0.4903455199005381, "id": 45}, {"weight": 1, "random_weight": 0.07684677053216993, "id": 53}, {"weight": 1, "random_weight": 0.9984477299778471, "id": 59}, {"weight": 1, "random_weight": 0.14143161751170685, "id": 70}], [{"weight": 1, "random_weight": 0.1535737300883281, "id": 3}, {"weight": 1, "random_weight": 0.805655751754153, "id": 32}, {"weight": 2, "random_weight": 0.4903455199005381, "id": 44}, {"weight": 1, "random_weight": 0.30703456849660404, "id": 52}, {"weight": 1, "random_weight": 0.7446244850157304, "id": 71}], [{"weight": 1, "random_weight": 0.7149286751391776, "id": 31}, {"weight": 2, "random_weight": 0.5652363720337563, "id": 40}, {"weight": 1, "random_weight": 0.4014268468418005, "id": 41}, {"weight": 2, "random_weight": 0.5587202412092118, "id": 69}], [{"weight": 2, "random_weight": 0.20857547444032376, "id": 25}, {"weight": 1, "random_weight": 0.6467734297836034, "id": 28}, {"weight": 1, "random_weight": 0.37833216227512656, "id": 39}, {"weight": 2, "random_weight": 0.8900164996896139, "id": 65}], [{"weight": 1, "random_weight": 0.6584566654506823, "id": 6}, {"weight": 1, "random_weight": 0.4871354339863293, "id": 27}, {"weight": 2, "random_weight": 0.8349609134113375, "id": 57}], [{"weight": 2, "random_weight": 0.8511604323281297, "id": 13}, {"weight": 2, "random_weight": 0.022878937193218096, "id": 34}, {"weight": 1, "random_weight": 0.8818939814776444, "id": 56}], [{"weight": 1, "random_weight": 0.8367786636662153, "id": 0}, {"weight": 1, "random_weight": 0.6140768848947332, "id": 1}, {"weight": 2, "random_weight": 0.9985785129463203, "id": 32}, {"weight": 1, "random_weight": 0.9849676486791046, "id": 33}, {"weight": 1, "random_weight": 0.700010667575861, "id": 68}], [{"weight": 1, "random_weight": 0.8755999625046142, "id": 3}, {"weight": 1, "random_weight": 0.054976680678779366, "id": 39}, {"weight": 2, "random_weight": 0.4626464739812364, "id": 52}, {"weight": 1, "random_weight": 0.34328268870723333, "id": 65}, {"weight": 1, "random_weight": 0.5481223785353068, "id": 66}], [{"weight": 1, "random_weight": 0.006493810239567743, "id": 39}, {"weight": 1, "random_weight": 0.30703456849660404, "id": 45}, {"weight": 2, "random_weight": 0.4626464739812364, "id": 51}, {"weight": 1, "random_weight": 0.8343190942921432, "id": 61}, {"weight": 1, "random_weight": 0.5093587038254223, "id": 71}], [{"weight": 1, "random_weight": 0.08465577607882213, "id": 2}, {"weight": 2, "random_weight": 0.7778610922674843, "id": 3}, {"weight": 1, "random_weight": 0.07684677053216993, "id": 44}, {"weight": 1, "random_weight": 0.9084967225164658, "id": 63}, {"weight": 1, "random_weight": 0.6288235412399152, "id": 70}], [{"weight": 2, "random_weight": 0.10717435757974147, "id": 38}, {"weight": 1, "random_weight": 0.16897418602894154, "id": 60}, {"weight": 2, "random_weight": 0.5961395393924067, "id": 62}], [{"weight": 1, "random_weight": 0.5509194539574749, "id": 0}, {"weight": 1, "random_weight": 0.9902130729788912, "id": 23}, {"weight": 2, "random_weight": 0.8464334419344982, "id": 58}, {"weight": 1, "random_weight": 0.2097833915879035, "id": 68}], [{"weight": 1, "random_weight": 0.9964620937898301, "id": 5}, {"weight": 2, "random_weight": 0.5376854403317157, "id": 7}, {"weight": 2, "random_weight": 0.7314587575556065, "id": 33}, {"weight": 1, "random_weight": 0.8818939814776444, "id": 49}], [{"weight": 1, "random_weight": 0.7942845071231457, "id": 2}, {"weight": 1, "random_weight": 0.3695910404159868, "id": 6}, {"weight": 1, "random_weight": 0.10623558735022376, "id": 27}, {"weight": 2, "random_weight": 0.8349609134113375, "id": 48}, {"weight": 1, "random_weight": 0.651300439862166, "id": 66}], [{"weight": 1, "random_weight": 0.6950489335462909, "id": 21}, {"weight": 1, "random_weight": 0.7307610253244505, "id": 22}, {"weight": 2, "random_weight": 0.8464334419344982, "id": 55}, {"weight": 1, "random_weight": 0.011096738030859088, "id": 67}], [{"weight": 1, "random_weight": 0.2397512649926461, "id": 4}, {"weight": 1, "random_weight": 0.8491684582952926, "id": 5}, {"weight": 1, "random_weight": 0.17843499269750351, "id": 32}, {"weight": 1, "random_weight": 0.9388121415934249, "id": 33}, {"weight": 1, "random_weight": 0.9984477299778471, "id": 44}, {"weight": 1, "random_weight": 0.9345989411735754, "id": 70}], [{"weight": 1, "random_weight": 0.8058743333997487, "id": 30}, {"weight": 1, "random_weight": 0.5767923693038997, "id": 39}, {"weight": 1, "random_weight": 0.16897418602894154, "id": 54}, {"weight": 2, "random_weight": 0.18265515860121428, "id": 61}, {"weight": 1, "random_weight": 0.30386931041655096, "id": 62}], [{"weight": 1, "random_weight": 0.8343190942921432, "id": 52}, {"weight": 2, "random_weight": 0.18265515860121428, "id": 60}, {"weight": 1, "random_weight": 0.5475181465227893, "id": 67}, {"weight": 2, "random_weight": 0.5784131252938622, "id": 71}], [{"weight": 2, "random_weight": 0.6448470790376077, "id": 43}, {"weight": 2, "random_weight": 0.5961395393924067, "id": 54}, {"weight": 1, "random_weight": 0.30386931041655096, "id": 60}], [{"weight": 1, "random_weight": 0.9148763164165588, "id": 2}, {"weight": 1, "random_weight": 0.4599957007820469, "id": 16}, {"weight": 1, "random_weight": 0.9084967225164658, "id": 53}, {"weight": 2, "random_weight": 0.9504623652161338, "id": 64}, {"weight": 1, "random_weight": 0.056133616522397456, "id": 70}], [{"weight": 1, "random_weight": 0.6146617252758768, "id": 16}, {"weight": 1, "random_weight": 0.37862954947423877, "id": 36}, {"weight": 2, "random_weight": 0.9504623652161338, "id": 63}, {"weight": 2, "random_weight": 0.6756341409968828, "id": 69}], [{"weight": 1, "random_weight": 0.20599126315081118, "id": 27}, {"weight": 2, "random_weight": 0.8900164996896139, "id": 47}, {"weight": 1, "random_weight": 0.34328268870723333, "id": 51}, {"weight": 2, "random_weight": 0.6143193967565053, "id": 66}], [{"weight": 1, "random_weight": 0.2014912914271374, "id": 2}, {"weight": 1, "random_weight": 0.38719506180612506, "id": 3}, {"weight": 1, "random_weight": 0.5481223785353068, "id": 51}, {"weight": 1, "random_weight": 0.651300439862166, "id": 57}, {"weight": 2, "random_weight": 0.6143193967565053, "id": 65}], [{"weight": 2, "random_weight": 0.8889498838674017, "id": 30}, {"weight": 1, "random_weight": 0.011096738030859088, "id": 58}, {"weight": 1, "random_weight": 0.5475181465227893, "id": 61}, {"weight": 2, "random_weight": 0.5200583009283587, "id": 68}], [{"weight": 1, "random_weight": 0.6420386132954283, "id": 0}, {"weight": 1, "random_weight": 0.700010667575861, "id": 50}, {"weight": 1, "random_weight": 0.2097833915879035, "id": 55}, {"weight": 2, "random_weight": 0.5200583009283587, "id": 67}, {"weight": 1, "random_weight": 0.29553079715219344, "id": 71}], [{"weight": 1, "random_weight": 0.8822550814770239, "id": 19}, {"weight": 1, "random_weight": 0.34842807158835043, "id": 36}, {"weight": 2, "random_weight": 0.5587202412092118, "id": 46}, {"weight": 2, "random_weight": 0.6756341409968828, "id": 64}], [{"weight": 1, "random_weight": 0.8685711234931398, "id": 4}, {"weight": 1, "random_weight": 0.6253336911390025, "id": 36}, {"weight": 1, "random_weight": 0.14143161751170685, "id": 44}, {"weight": 1, "random_weight": 0.6288235412399152, "id": 53}, {"weight": 1, "random_weight": 0.9345989411735754, "id": 59}, {"weight": 1, "random_weight": 0.056133616522397456, "id": 63}], [{"weight": 1, "random_weight": 0.8590563094458994, "id": 32}, {"weight": 1, "random_weight": 0.7446244850157304, "id": 45}, {"weight": 1, "random_weight": 0.5093587038254223, "id": 52}, {"weight": 2, "random_weight": 0.5784131252938622, "id": 61}, {"weight": 1, "random_weight": 0.29553079715219344, "id": 68}]]}