{"directed": false, "multigraph": false, "graph": [], "nodes": [{"graph": null, "nnodes": 2, "nedges": 1, "density": 1.0, "atomics": "[81, 93]", "group_pop": 2, "init_part_assignment": 5, "id": 0}, {"graph": null, "nnodes": 2, "nedges": 1, "density": 1.0, "atomics": "[57, 69]", "group_pop": 2, "init_part_assignment": 11, "id": 1}, {"graph": null, "nnodes": 2, "nedges": 1, "density": 1.0, "atomics": "[82, 70]", "group_pop": 2, "init_part_assignment": 5, "id": 2}, {"graph": null, "nnodes": 2, "nedges": 1, "density": 1.0, "atomics": "[74, 86]", "group_pop": 2, "init_part_assignment": 3, "id": 3}, {"graph": null, "nnodes": 2, "nedges": 1, "density": 1.0, "atomics": "[75, 87]", "group_pop": 2, "init_part_assignment": 7, "id": 4}, {"graph": null, "nnodes": 2, "nedges": 1, "density": 1.0, "atomics": "[42, 30]", "group_pop": 2, "init_part_assignment": 11, "id": 5}, {"graph": null, "nnodes": 2, "nedges": 1, "density": 1.0, "atomics": "[43, 44]", "group_pop": 2, "init_part_assignment": 11, "id": 6}, {"graph": null, "nnodes": 2, "nedges": 1, "density": 1.0, "atomics": "[73, 61]", "group_pop": 2, "init_part_assignment": 7, "id": 7}, {"graph": null, "nnodes": 2, "nedges": 1, "density": 1.0, "atomics": "[62, 63]", "group_pop": 2, "init_part_assignment": 7, "id": 8}, {"graph": null, "nnodes": 2, "nedges": 1, "density": 1.0, "atomics": "[32, 31]", "group_pop": 2, "init_part_assignment": 11, "id": 9}, {"graph": null, "nnodes": 2, "nedges": 1, "density": 1.0, "atomics": "[8, 20]", "group_pop": 2, "init_part_assignment": 0, "id": 10}, {"graph": null, "nnodes": 2, "nedges": 1, "density": 1.0, "atomics": "[141, 142]", "group_pop": 2, "init_part_assignment": 6, "id": 11}, {"graph": null, "nnodes": 2, "nedges": 1, "density": 1.0, "atomics": "[131, 143]", "group_pop": 2, "init_part_assignment": 6, "id": 12}, {"graph": null, "nnodes": 2, "nedges": 1, "density": 1.0, "atomics": "[40, 41]", "group_pop": 2, "init_part_assignment": 10, "id": 13}, {"graph": null, "nnodes": 2, "nedges": 1, "density": 1.0, "atomics": "[28, 29]", "group_pop": 2, "init_part_assignment": 10, "id": 14}, {"graph": null, "nnodes": 2, "nedges": 1, "density": 1.0, "atomics": "[9, 21]", "group_pop": 2, "init_part_assignment": 0, "id": 15}, {"graph": null, "nnodes": 2, "nedges": 1, "density": 1.0, "atomics": "[34, 35]", "group_pop": 2, "init_part_assignment": 0, "id": 16}, {"graph": null, "nnodes": 2, "nedges": 1, "density": 1.0, "atomics": "[11, 23]", "group_pop": 2, "init_part_assignment": 0, "id": 17}, {"graph": null, "nnodes": 2, "nedges": 1, "density": 1.0, "atomics": "[49, 50]", "group_pop": 2, "init_part_assignment": 2, "id": 18}, {"graph": null, "nnodes": 2, "nedges": 1, "density": 1.0, "atomics": "[37, 38]", "group_pop": 2, "init_part_assignment": 2, "id": 19}, {"graph": null, "nnodes": 2, "nedges": 1, "density": 1.0, "atomics": "[120, 132]", "group_pop": 2, "init_part_assignment": 3, "id": 20}, {"graph": null, "nnodes": 2, "nedges": 1, "density": 1.0, "atomics": "[24, 12]", "group_pop": 2, "init_part_assignment": 2, "id": 21}, {"graph": null, "nnodes": 2, "nedges": 1, "density": 1.0, "atomics": "[48, 36]", "group_pop": 2, "init_part_assignment": 2, "id": 22}, {"graph": null, "nnodes": 2, "nedges": 1, "density": 1.0, "atomics": "[129, 130]", "group_pop": 2, "init_part_assignment": 6, "id": 23}, {"graph": null, "nnodes": 2, "nedges": 1, "density": 1.0, "atomics": "[19, 7]", "group_pop": 2, "init_part_assignment": 11, "id": 24}, {"graph": null, "nnodes": 2, "nedges": 1, "density": 1.0, "atomics": "[83, 71]", "group_pop": 2, "init_part_assignment": 5, "id": 25}, {"graph": null, "nnodes": 2, "nedges": 1, "density": 1.0, "atomics": "[18, 6]", "group_pop": 2, "init_part_assignment": 10, "id": 26}, {"graph": null, "nnodes": 2, "nedges": 1, "density": 1.0, "atomics": "[123, 135]", "group_pop": 2, "init_part_assignment": 4, "id": 27}, {"graph": null, "nnodes": 2, "nedges": 1, "density": 1.0, "atomics": "[10, 22]", "group_pop": 2, "init_part_assignment": 0, "id": 28}, {"graph": null, "nnodes": 2, "nedges": 1, "density": 1.0, "atomics": "[96, 108]", "group_pop": 2, "init_part_assignment": 3, "id": 29}, {"graph": null, "nnodes": 2, "nedges": 1, "density": 1.0, "atomics": "[116, 117]", "group_pop": 2, "init_part_assignment": 8, "id": 30}, {"graph": null, "nnodes": 2, "nedges": 1, "density": 1.0, "atomics": "[25, 13]", "group_pop": 2, "init_part_assignment": 1, "id": 31}, {"graph": null, "nnodes": 2, "nedges": 1, "density": 1.0, "atomics": "[67, 79]", "group_pop": 2, "init_part_assignment": 9, "id": 32}, {"graph": null, "nnodes": 2, "nedges": 1, "density": 1.0, "atomics": "[58, 59]", "group_pop": 2, "init_part_assignment": 5, "id": 33}, {"graph": null, "nnodes": 2, "nedges": 1, "density": 1.0, "atomics": "[72, 60]", "group_pop": 2, "init_part_assignment": 2, "id": 34}, {"graph": null, "nnodes": 2, "nedges": 1, "density": 1.0, "atomics": "[136, 137]", "group_pop": 2, "init_part_assignment": 4, "id": 35}, {"graph": null, "nnodes": 2, "nedges": 1, "density": 1.0, "atomics": "[112, 124]", "group_pop": 2, "init_part_assignment": 9, "id": 36}, {"graph": null, "nnodes": 2, "nedges": 1, "density": 1.0, "atomics": "[33, 45]", "group_pop": 2, "init_part_assignment": 0, "id": 37}, {"graph": null, "nnodes": 2, "nedges": 1, "density": 1.0, "atomics": "[0, 1]", "group_pop": 2, "init_part_assignment": 1, "id": 38}, {"graph": null, "nnodes": 2, "nedges": 1, "density": 1.0, "atomics": "[128, 140]", "group_pop": 2, "init_part_assignment": 6, "id": 39}, {"graph": null, "nnodes": 2, "nedges": 1, "density": 1.0, "atomics": "[121, 133]", "group_pop": 2, "init_part_assignment": 4, "id": 40}, {"graph": null, "nnodes": 2, "nedges": 1, "density": 1.0, "atomics": "[122, 134]", "group_pop": 2, "init_part_assignment": 4, "id": 41}, {"graph": null, "nnodes": 2, "nedges": 1, "density": 1.0, "atomics": "[113, 125]", "group_pop": 2, "init_part_assignment": 9, "id": 42}, {"graph": null, "nnodes": 2, "nedges": 1, "density": 1.0, "atomics": "[2, 14]", "group_pop": 2, "init_part_assignment": 1, "id": 43}, {"graph": null, "nnodes": 2, "nedges": 1, "density": 1.0, "atomics": "[16, 17]", "group_pop": 2, "init_part_assignment": 10, "id": 44}, {"graph": null, "nnodes": 2, "nedges": 1, "density": 1.0, "atomics": "[4, 5]", "group_pop": 2, "init_part_assignment": 1, "id": 45}, {"graph": null, "nnodes": 2, "nedges": 1, "density": 1.0, "atomics": "[3, 15]", "group_pop": 2, "init_part_assignment": 1, "id": 46}, {"graph": null, "nnodes": 2, "nedges": 1, "density": 1.0, "atomics": "[97, 109]", "group_pop": 2, "init_part_assignment": 3, "id": 47}, {"graph": null, "nnodes": 2, "nedges": 1, "density": 1.0, "atomics": "[65, 66]", "group_pop": 2, "init_part_assignment": 9, "id": 48}, {"graph": null, "nnodes": 2, "nedges": 1, "density": 1.0, "atomics": "[90, 78]", "group_pop": 2, "init_part_assignment": 9, "id": 49}, {"graph": null, "nnodes": 2, "nedges": 1, "density": 1.0, "atomics": "[110, 111]", "group_pop": 2, "init_part_assignment": 4, "id": 50}, {"graph": null, "nnodes": 2, "nedges": 1, "density": 1.0, "atomics": "[84, 85]", "group_pop": 2, "init_part_assignment": 3, "id": 51}, {"graph": null, "nnodes": 2, "nedges": 1, "density": 1.0, "atomics": "[46, 47]", "group_pop": 2, "init_part_assignment": 5, "id": 52}, {"graph": null, "nnodes": 2, "nedges": 1, "density": 1.0, "atomics": "[80, 92]", "group_pop": 2, "init_part_assignment": 8, "id": 53}, {"graph": null, "nnodes": 2, "nedges": 1, "density": 1.0, "atomics": "[56, 68]", "group_pop": 2, "init_part_assignment": 11, "id": 54}, {"graph": null, "nnodes": 2, "nedges": 1, "density": 1.0, "atomics": "[88, 100]", "group_pop": 2, "init_part_assignment": 7, "id": 55}, {"graph": null, "nnodes": 2, "nedges": 1, "density": 1.0, "atomics": "[101, 102]", "group_pop": 2, "init_part_assignment": 9, "id": 56}, {"graph": null, "nnodes": 2, "nedges": 1, "density": 1.0, "atomics": "[64, 76]", "group_pop": 2, "init_part_assignment": 7, "id": 57}, {"graph": null, "nnodes": 2, "nedges": 1, "density": 1.0, "atomics": "[138, 139]", "group_pop": 2, "init_part_assignment": 4, "id": 58}, {"graph": null, "nnodes": 2, "nedges": 1, "density": 1.0, "atomics": "[126, 127]", "group_pop": 2, "init_part_assignment": 6, "id": 59}, {"graph": null, "nnodes": 2, "nedges": 1, "density": 1.0, "atomics": "[94, 95]", "group_pop": 2, "init_part_assignment": 5, "id": 60}, {"graph": null, "nnodes": 2, "nedges": 1, "density": 1.0, "atomics": "[106, 107]", "group_pop": 2, "init_part_assignment": 8, "id": 61}, {"graph": null, "nnodes": 2, "nedges": 1, "density": 1.0, "atomics": "[118, 119]", "group_pop": 2, "init_part_assignment": 6, "id": 62}, {"graph": null, "nnodes": 2, "nedges": 1, "density": 1.0, "atomics": "[54, 55]", "group_pop": 2, "init_part_assignment": 10, "id": 63}, {"graph": null, "nnodes": 2, "nedges": 1, "density": 1.0, "atomics": "[114, 115]", "group_pop": 2, "init_part_assignment": 8, "id": 64}, {"graph": null, "nnodes": 2, "nedges": 1, "density": 1.0, "atomics": "[91, 103]", "group_pop": 2, "init_part_assignment": 8, "id": 65}, {"graph": null, "nnodes": 2, "nedges": 1, "density": 1.0, "atomics": "[98, 99]", "group_pop": 2, "init_part_assignment": 3, "id": 66}, {"graph": null, "nnodes": 2, "nedges": 1, "density": 1.0, "atomics": "[104, 105]", "group_pop": 2, "init_part_assignment": 8, "id": 67}, {"graph": null, "nnodes": 2, "nedges": 1, "density": 1.0, "atomics": "[26, 27]", "group_pop": 2, "init_part_assignment": 1, "id": 68}, {"graph": null, "nnodes": 2, "nedges": 1, "density": 1.0, "atomics": "[51, 39]", "group_pop": 2, "init_part_assignment": 2, "id": 69}, {"graph": null, "nnodes": 2, "nedges": 1, "density": 1.0, "atomics": "[52, 53]", "group_pop": 2, "init_part_assignment": 10, "id": 70}, {"graph": null, "nnodes": 2, "nedges": 1, "density": 1.0, "atomics": "[89, 77]", "group_pop": 2, "init_part_assignment": 7, "id": 71}], "adjacency": [[{"weight": 1, "random_weight": 0.46781563895421396, "id": 1}, {"weight": 1, "random_weight": 0.29217299157824006, "id": 2}, {"weight": 2, "random_weight": 0.5553540054124341, "id": 53}, {"weight": 1, "random_weight": 0.43384282239776006, "id": 60}, {"weight": 1, "random_weight": 0.7193218523081002, "id": 67}], [{"weight": 1, "random_weight": 0.46781563895421396, "id": 0}, {"weight": 1, "random_weight": 0.2870257441203963, "id": 2}, {"weight": 1, "random_weight": 0.7232321205305741, "id": 33}, {"weight": 1, "random_weight": 0.636317356124872, "id": 37}, {"weight": 2, "random_weight": 0.7284018058166286, "id": 54}], [{"weight": 1, "random_weight": 0.29217299157824006, "id": 0}, {"weight": 1, "random_weight": 0.2870257441203963, "id": 1}, {"weight": 2, "random_weight": 0.2934923543252109, "id": 25}, {"weight": 1, "random_weight": 0.0007492609211063872, "id": 33}, {"weight": 1, "random_weight": 0.9210463883222293, "id": 60}], [{"weight": 2, "random_weight": 0.9876448434093774, "id": 4}, {"weight": 1, "random_weight": 0.978116128428136, "id": 7}, {"weight": 1, "random_weight": 0.4467361990521742, "id": 8}, {"weight": 1, "random_weight": 0.5697086223428048, "id": 51}, {"weight": 1, "random_weight": 0.29151984626690486, "id": 66}], [{"weight": 2, "random_weight": 0.9876448434093774, "id": 3}, {"weight": 1, "random_weight": 0.3347906869273134, "id": 8}, {"weight": 1, "random_weight": 0.6835312908265303, "id": 55}, {"weight": 1, "random_weight": 0.027888733947442068, "id": 57}, {"weight": 1, "random_weight": 0.7766013472831597, "id": 66}], [{"weight": 1, "random_weight": 0.8902476461016134, "id": 6}, {"weight": 1, "random_weight": 0.1835852888165953, "id": 9}, {"weight": 1, "random_weight": 0.9938240340001485, "id": 13}, {"weight": 1, "random_weight": 0.4915193876969156, "id": 14}, {"weight": 1, "random_weight": 0.48810343000210143, "id": 26}, {"weight": 1, "random_weight": 0.9604386800081154, "id": 63}], [{"weight": 1, "random_weight": 0.8902476461016134, "id": 5}, {"weight": 2, "random_weight": 0.19619458760216923, "id": 9}, {"weight": 1, "random_weight": 0.9130309503319788, "id": 37}, {"weight": 1, "random_weight": 0.5018193008354038, "id": 54}, {"weight": 1, "random_weight": 0.8036389058922755, "id": 63}], [{"weight": 1, "random_weight": 0.978116128428136, "id": 3}, {"weight": 1, "random_weight": 0.9136609655934538, "id": 8}, {"weight": 1, "random_weight": 0.7074707135022085, "id": 18}, {"weight": 2, "random_weight": 0.13393777560081643, "id": 34}, {"weight": 1, "random_weight": 0.8177531570685952, "id": 51}], [{"weight": 1, "random_weight": 0.4467361990521742, "id": 3}, {"weight": 1, "random_weight": 0.3347906869273134, "id": 4}, {"weight": 1, "random_weight": 0.9136609655934538, "id": 7}, {"weight": 1, "random_weight": 0.6780683276989434, "id": 18}, {"weight": 1, "random_weight": 0.8315304009388931, "id": 57}, {"weight": 1, "random_weight": 0.5289563997891984, "id": 69}], [{"weight": 1, "random_weight": 0.1835852888165953, "id": 5}, {"weight": 2, "random_weight": 0.19619458760216923, "id": 6}, {"weight": 1, "random_weight": 0.887313386661402, "id": 10}, {"weight": 1, "random_weight": 0.24902095139617186, "id": 24}, {"weight": 1, "random_weight": 0.635399859938719, "id": 37}], [{"weight": 1, "random_weight": 0.887313386661402, "id": 9}, {"weight": 2, "random_weight": 0.22902343356393984, "id": 15}, {"weight": 2, "random_weight": 0.8366225894656966, "id": 24}], [{"weight": 1, "random_weight": 0.32891723823713237, "id": 12}, {"weight": 2, "random_weight": 0.9472528157917921, "id": 23}, {"weight": 1, "random_weight": 0.8676756331478648, "id": 39}], [{"weight": 1, "random_weight": 0.32891723823713237, "id": 11}, {"weight": 1, "random_weight": 0.23262693820331537, "id": 23}, {"weight": 1, "random_weight": 0.34876155871784476, "id": 62}], [{"weight": 1, "random_weight": 0.9938240340001485, "id": 5}, {"weight": 2, "random_weight": 0.47037618702526796, "id": 14}, {"weight": 1, "random_weight": 0.9048821125615245, "id": 69}, {"weight": 2, "random_weight": 0.22113804540015614, "id": 70}], [{"weight": 1, "random_weight": 0.4915193876969156, "id": 5}, {"weight": 2, "random_weight": 0.47037618702526796, "id": 13}, {"weight": 2, "random_weight": 0.06528038935548264, "id": 44}, {"weight": 1, "random_weight": 0.8606856274676445, "id": 68}], [{"weight": 2, "random_weight": 0.22902343356393984, "id": 10}, {"weight": 2, "random_weight": 0.32035546932845993, "id": 28}, {"weight": 1, "random_weight": 0.5437094806903195, "id": 37}], [{"weight": 1, "random_weight": 0.665950120200117, "id": 17}, {"weight": 1, "random_weight": 0.41047977605406605, "id": 28}, {"weight": 1, "random_weight": 0.0027357185894040237, "id": 37}, {"weight": 2, "random_weight": 0.5416265192152363, "id": 52}], [{"weight": 1, "random_weight": 0.665950120200117, "id": 16}, {"weight": 2, "random_weight": 0.2566559383421716, "id": 28}], [{"weight": 1, "random_weight": 0.7074707135022085, "id": 7}, {"weight": 1, "random_weight": 0.6780683276989434, "id": 8}, {"weight": 2, "random_weight": 0.7648256792093453, "id": 19}, {"weight": 1, "random_weight": 0.29630751462128657, "id": 22}, {"weight": 1, "random_weight": 0.34133481148740896, "id": 69}], [{"weight": 2, "random_weight": 0.7648256792093453, "id": 18}, {"weight": 1, "random_weight": 0.4322880081020478, "id": 22}, {"weight": 1, "random_weight": 0.8979122321541513, "id": 31}, {"weight": 1, "random_weight": 0.9754592900511665, "id": 68}, {"weight": 1, "random_weight": 0.0771335943648872, "id": 69}], [{"weight": 1, "random_weight": 0.8523517726626652, "id": 29}, {"weight": 2, "random_weight": 0.8914479531842503, "id": 40}], [{"weight": 1, "random_weight": 0.5674803407172683, "id": 22}, {"weight": 2, "random_weight": 0.9206026080055804, "id": 31}, {"weight": 1, "random_weight": 0.8146980699055766, "id": 38}], [{"weight": 1, "random_weight": 0.29630751462128657, "id": 18}, {"weight": 1, "random_weight": 0.4322880081020478, "id": 19}, {"weight": 1, "random_weight": 0.5674803407172683, "id": 21}, {"weight": 1, "random_weight": 0.3977799494936517, "id": 34}], [{"weight": 2, "random_weight": 0.9472528157917921, "id": 11}, {"weight": 1, "random_weight": 0.23262693820331537, "id": 12}, {"weight": 1, "random_weight": 0.8702707932775867, "id": 30}, {"weight": 1, "random_weight": 0.5271818317366271, "id": 39}, {"weight": 1, "random_weight": 0.9411543693663919, "id": 62}], [{"weight": 1, "random_weight": 0.24902095139617186, "id": 9}, {"weight": 2, "random_weight": 0.8366225894656966, "id": 10}, {"weight": 2, "random_weight": 0.7255383930657017, "id": 26}], [{"weight": 2, "random_weight": 0.2934923543252109, "id": 2}, {"weight": 1, "random_weight": 0.4554502080489108, "id": 33}, {"weight": 1, "random_weight": 0.8003685111947566, "id": 60}], [{"weight": 1, "random_weight": 0.48810343000210143, "id": 5}, {"weight": 2, "random_weight": 0.7255383930657017, "id": 24}, {"weight": 1, "random_weight": 0.43416194853362056, "id": 44}, {"weight": 1, "random_weight": 0.09584700052626183, "id": 45}], [{"weight": 1, "random_weight": 0.29417585492766374, "id": 35}, {"weight": 1, "random_weight": 0.5160600808589376, "id": 36}, {"weight": 2, "random_weight": 0.6418002491457427, "id": 41}, {"weight": 1, "random_weight": 0.29847508535775524, "id": 50}], [{"weight": 2, "random_weight": 0.32035546932845993, "id": 15}, {"weight": 1, "random_weight": 0.41047977605406605, "id": 16}, {"weight": 2, "random_weight": 0.2566559383421716, "id": 17}], [{"weight": 1, "random_weight": 0.8523517726626652, "id": 20}, {"weight": 2, "random_weight": 0.7758177453523905, "id": 47}, {"weight": 1, "random_weight": 0.48597643366812837, "id": 51}], [{"weight": 1, "random_weight": 0.8702707932775867, "id": 23}, {"weight": 1, "random_weight": 0.2710234287227362, "id": 39}, {"weight": 1, "random_weight": 0.9732656250931689, "id": 62}, {"weight": 1, "random_weight": 0.5138420751772981, "id": 64}, {"weight": 2, "random_weight": 0.5471206609053239, "id": 67}], [{"weight": 1, "random_weight": 0.8979122321541513, "id": 19}, {"weight": 2, "random_weight": 0.9206026080055804, "id": 21}, {"weight": 1, "random_weight": 0.6135988582937907, "id": 38}, {"weight": 1, "random_weight": 0.2083018595951428, "id": 43}, {"weight": 1, "random_weight": 0.3374707222787008, "id": 68}], [{"weight": 1, "random_weight": 0.2546709144841438, "id": 48}, {"weight": 1, "random_weight": 0.17173687445476737, "id": 49}, {"weight": 1, "random_weight": 0.12071775309077659, "id": 53}, {"weight": 1, "random_weight": 0.6928224854153335, "id": 54}, {"weight": 1, "random_weight": 0.39693130702687895, "id": 63}, {"weight": 1, "random_weight": 0.8439924037477831, "id": 65}], [{"weight": 1, "random_weight": 0.7232321205305741, "id": 1}, {"weight": 1, "random_weight": 0.0007492609211063872, "id": 2}, {"weight": 1, "random_weight": 0.4554502080489108, "id": 25}, {"weight": 2, "random_weight": 0.43219783987376315, "id": 52}], [{"weight": 2, "random_weight": 0.13393777560081643, "id": 7}, {"weight": 1, "random_weight": 0.3977799494936517, "id": 22}, {"weight": 1, "random_weight": 0.9380230940198411, "id": 51}], [{"weight": 1, "random_weight": 0.29417585492766374, "id": 27}, {"weight": 1, "random_weight": 0.24223631413436153, "id": 36}, {"weight": 1, "random_weight": 0.6967878296900386, "id": 42}, {"weight": 1, "random_weight": 0.1977781803576617, "id": 58}], [{"weight": 1, "random_weight": 0.5160600808589376, "id": 27}, {"weight": 1, "random_weight": 0.24223631413436153, "id": 35}, {"weight": 2, "random_weight": 0.10062289934598878, "id": 42}, {"weight": 1, "random_weight": 0.543153523489786, "id": 50}, {"weight": 1, "random_weight": 0.9853773290672122, "id": 55}], [{"weight": 1, "random_weight": 0.636317356124872, "id": 1}, {"weight": 1, "random_weight": 0.9130309503319788, "id": 6}, {"weight": 1, "random_weight": 0.635399859938719, "id": 9}, {"weight": 1, "random_weight": 0.5437094806903195, "id": 15}, {"weight": 1, "random_weight": 0.0027357185894040237, "id": 16}, {"weight": 1, "random_weight": 0.9461854187251635, "id": 52}], [{"weight": 1, "random_weight": 0.8146980699055766, "id": 21}, {"weight": 1, "random_weight": 0.6135988582937907, "id": 31}, {"weight": 1, "random_weight": 0.5038448077151033, "id": 43}], [{"weight": 1, "random_weight": 0.8676756331478648, "id": 11}, {"weight": 1, "random_weight": 0.5271818317366271, "id": 23}, {"weight": 1, "random_weight": 0.2710234287227362, "id": 30}, {"weight": 1, "random_weight": 0.697345797744916, "id": 58}, {"weight": 1, "random_weight": 0.29668566599895585, "id": 59}], [{"weight": 2, "random_weight": 0.8914479531842503, "id": 20}, {"weight": 2, "random_weight": 0.918511073411308, "id": 41}, {"weight": 1, "random_weight": 0.7579321462972884, "id": 47}], [{"weight": 2, "random_weight": 0.6418002491457427, "id": 27}, {"weight": 2, "random_weight": 0.918511073411308, "id": 40}, {"weight": 1, "random_weight": 0.60229119755463, "id": 50}], [{"weight": 1, "random_weight": 0.6967878296900386, "id": 35}, {"weight": 2, "random_weight": 0.10062289934598878, "id": 36}, {"weight": 1, "random_weight": 0.03830430660516371, "id": 56}, {"weight": 1, "random_weight": 0.42137311151906, "id": 59}, {"weight": 1, "random_weight": 0.5617146248603924, "id": 64}], [{"weight": 1, "random_weight": 0.2083018595951428, "id": 31}, {"weight": 1, "random_weight": 0.5038448077151033, "id": 38}, {"weight": 2, "random_weight": 0.3876616880018401, "id": 46}, {"weight": 1, "random_weight": 0.6276136592200889, "id": 68}], [{"weight": 2, "random_weight": 0.06528038935548264, "id": 14}, {"weight": 1, "random_weight": 0.43416194853362056, "id": 26}, {"weight": 2, "random_weight": 0.9081928143677369, "id": 45}, {"weight": 1, "random_weight": 0.6466103303381983, "id": 46}], [{"weight": 1, "random_weight": 0.09584700052626183, "id": 26}, {"weight": 2, "random_weight": 0.9081928143677369, "id": 44}, {"weight": 1, "random_weight": 0.19350764920865193, "id": 46}], [{"weight": 2, "random_weight": 0.3876616880018401, "id": 43}, {"weight": 1, "random_weight": 0.6466103303381983, "id": 44}, {"weight": 1, "random_weight": 0.19350764920865193, "id": 45}, {"weight": 1, "random_weight": 0.6064004392101325, "id": 68}], [{"weight": 2, "random_weight": 0.7758177453523905, "id": 29}, {"weight": 1, "random_weight": 0.7579321462972884, "id": 40}, {"weight": 1, "random_weight": 0.6586139862454756, "id": 50}, {"weight": 1, "random_weight": 0.8567280511358851, "id": 51}, {"weight": 1, "random_weight": 0.05539166886112945, "id": 66}], [{"weight": 1, "random_weight": 0.2546709144841438, "id": 32}, {"weight": 1, "random_weight": 0.5416419882689847, "id": 49}, {"weight": 1, "random_weight": 0.5565314806088848, "id": 57}, {"weight": 1, "random_weight": 0.2593541056283505, "id": 63}, {"weight": 1, "random_weight": 0.07857998527848065, "id": 70}, {"weight": 1, "random_weight": 0.09004792656013239, "id": 71}], [{"weight": 1, "random_weight": 0.17173687445476737, "id": 32}, {"weight": 1, "random_weight": 0.5416419882689847, "id": 48}, {"weight": 1, "random_weight": 0.9324391644139421, "id": 56}, {"weight": 1, "random_weight": 0.8929430027205469, "id": 65}, {"weight": 2, "random_weight": 0.9570866103183773, "id": 71}], [{"weight": 1, "random_weight": 0.29847508535775524, "id": 27}, {"weight": 1, "random_weight": 0.543153523489786, "id": 36}, {"weight": 1, "random_weight": 0.60229119755463, "id": 41}, {"weight": 1, "random_weight": 0.6586139862454756, "id": 47}, {"weight": 2, "random_weight": 0.7864446235604329, "id": 66}], [{"weight": 1, "random_weight": 0.5697086223428048, "id": 3}, {"weight": 1, "random_weight": 0.8177531570685952, "id": 7}, {"weight": 1, "random_weight": 0.48597643366812837, "id": 29}, {"weight": 1, "random_weight": 0.9380230940198411, "id": 34}, {"weight": 1, "random_weight": 0.8567280511358851, "id": 47}], [{"weight": 2, "random_weight": 0.5416265192152363, "id": 16}, {"weight": 2, "random_weight": 0.43219783987376315, "id": 33}, {"weight": 1, "random_weight": 0.9461854187251635, "id": 37}], [{"weight": 2, "random_weight": 0.5553540054124341, "id": 0}, {"weight": 1, "random_weight": 0.12071775309077659, "id": 32}, {"weight": 1, "random_weight": 0.6742116618221521, "id": 54}, {"weight": 1, "random_weight": 0.2664411483075161, "id": 65}, {"weight": 1, "random_weight": 0.9363718441326835, "id": 67}], [{"weight": 2, "random_weight": 0.7284018058166286, "id": 1}, {"weight": 1, "random_weight": 0.5018193008354038, "id": 6}, {"weight": 1, "random_weight": 0.6928224854153335, "id": 32}, {"weight": 1, "random_weight": 0.6742116618221521, "id": 53}, {"weight": 1, "random_weight": 0.973301877664563, "id": 63}], [{"weight": 1, "random_weight": 0.6835312908265303, "id": 4}, {"weight": 1, "random_weight": 0.9853773290672122, "id": 36}, {"weight": 1, "random_weight": 0.794512877407573, "id": 56}, {"weight": 1, "random_weight": 0.4138200623385211, "id": 57}, {"weight": 1, "random_weight": 0.7694077192921241, "id": 66}, {"weight": 1, "random_weight": 0.9071464396630485, "id": 71}], [{"weight": 1, "random_weight": 0.03830430660516371, "id": 42}, {"weight": 1, "random_weight": 0.9324391644139421, "id": 49}, {"weight": 1, "random_weight": 0.794512877407573, "id": 55}, {"weight": 1, "random_weight": 0.6635954656718417, "id": 64}, {"weight": 1, "random_weight": 0.638428099411626, "id": 65}, {"weight": 1, "random_weight": 0.7590192415644167, "id": 71}], [{"weight": 1, "random_weight": 0.027888733947442068, "id": 4}, {"weight": 1, "random_weight": 0.8315304009388931, "id": 8}, {"weight": 1, "random_weight": 0.5565314806088848, "id": 48}, {"weight": 1, "random_weight": 0.4138200623385211, "id": 55}, {"weight": 1, "random_weight": 0.8563960359056865, "id": 70}, {"weight": 1, "random_weight": 0.04338368731449016, "id": 71}], [{"weight": 1, "random_weight": 0.1977781803576617, "id": 35}, {"weight": 1, "random_weight": 0.697345797744916, "id": 39}, {"weight": 2, "random_weight": 0.9262999523162837, "id": 59}], [{"weight": 1, "random_weight": 0.29668566599895585, "id": 39}, {"weight": 1, "random_weight": 0.42137311151906, "id": 42}, {"weight": 2, "random_weight": 0.9262999523162837, "id": 58}, {"weight": 2, "random_weight": 0.4397817969610077, "id": 64}], [{"weight": 1, "random_weight": 0.43384282239776006, "id": 0}, {"weight": 1, "random_weight": 0.9210463883222293, "id": 2}, {"weight": 1, "random_weight": 0.8003685111947566, "id": 25}, {"weight": 2, "random_weight": 0.5422809042845361, "id": 61}], [{"weight": 2, "random_weight": 0.5422809042845361, "id": 60}, {"weight": 2, "random_weight": 0.7930462070776272, "id": 62}, {"weight": 1, "random_weight": 0.9875115202234792, "id": 67}], [{"weight": 1, "random_weight": 0.34876155871784476, "id": 12}, {"weight": 1, "random_weight": 0.9411543693663919, "id": 23}, {"weight": 1, "random_weight": 0.9732656250931689, "id": 30}, {"weight": 2, "random_weight": 0.7930462070776272, "id": 61}], [{"weight": 1, "random_weight": 0.9604386800081154, "id": 5}, {"weight": 1, "random_weight": 0.8036389058922755, "id": 6}, {"weight": 1, "random_weight": 0.39693130702687895, "id": 32}, {"weight": 1, "random_weight": 0.2593541056283505, "id": 48}, {"weight": 1, "random_weight": 0.973301877664563, "id": 54}, {"weight": 1, "random_weight": 0.5708203322904002, "id": 70}], [{"weight": 1, "random_weight": 0.5138420751772981, "id": 30}, {"weight": 1, "random_weight": 0.5617146248603924, "id": 42}, {"weight": 1, "random_weight": 0.6635954656718417, "id": 56}, {"weight": 2, "random_weight": 0.4397817969610077, "id": 59}, {"weight": 1, "random_weight": 0.4358076722578522, "id": 65}], [{"weight": 1, "random_weight": 0.8439924037477831, "id": 32}, {"weight": 1, "random_weight": 0.8929430027205469, "id": 49}, {"weight": 1, "random_weight": 0.2664411483075161, "id": 53}, {"weight": 1, "random_weight": 0.638428099411626, "id": 56}, {"weight": 1, "random_weight": 0.4358076722578522, "id": 64}, {"weight": 1, "random_weight": 0.3602587033251482, "id": 67}], [{"weight": 1, "random_weight": 0.29151984626690486, "id": 3}, {"weight": 1, "random_weight": 0.7766013472831597, "id": 4}, {"weight": 1, "random_weight": 0.05539166886112945, "id": 47}, {"weight": 2, "random_weight": 0.7864446235604329, "id": 50}, {"weight": 1, "random_weight": 0.7694077192921241, "id": 55}], [{"weight": 1, "random_weight": 0.7193218523081002, "id": 0}, {"weight": 2, "random_weight": 0.5471206609053239, "id": 30}, {"weight": 1, "random_weight": 0.9363718441326835, "id": 53}, {"weight": 1, "random_weight": 0.9875115202234792, "id": 61}, {"weight": 1, "random_weight": 0.3602587033251482, "id": 65}], [{"weight": 1, "random_weight": 0.8606856274676445, "id": 14}, {"weight": 1, "random_weight": 0.9754592900511665, "id": 19}, {"weight": 1, "random_weight": 0.3374707222787008, "id": 31}, {"weight": 1, "random_weight": 0.6276136592200889, "id": 43}, {"weight": 1, "random_weight": 0.6064004392101325, "id": 46}, {"weight": 1, "random_weight": 0.5516164515887382, "id": 69}], [{"weight": 1, "random_weight": 0.5289563997891984, "id": 8}, {"weight": 1, "random_weight": 0.9048821125615245, "id": 13}, {"weight": 1, "random_weight": 0.34133481148740896, "id": 18}, {"weight": 1, "random_weight": 0.0771335943648872, "id": 19}, {"weight": 1, "random_weight": 0.5516164515887382, "id": 68}, {"weight": 1, "random_weight": 0.7597889076885599, "id": 70}], [{"weight": 2, "random_weight": 0.22113804540015614, "id": 13}, {"weight": 1, "random_weight": 0.07857998527848065, "id": 48}, {"weight": 1, "random_weight": 0.8563960359056865, "id": 57}, {"weight": 1, "random_weight": 0.5708203322904002, "id": 63}, {"weight": 1, "random_weight": 0.7597889076885599, "id": 69}], [{"weight": 1, "random_weight": 0.09004792656013239, "id": 48}, {"weight": 2, "random_weight": 0.9570866103183773, "id": 49}, {"weight": 1, "random_weight": 0.9071464396630485, "id": 55}, {"weight": 1, "random_weight": 0.7590192415644167, "id": 56}, {"weight": 1, "random_weight": 0.04338368731449016, "id": 57}]]}