{"directed": false, "multigraph": false, "graph": [], "nodes": [{"graph": null, "nnodes": 2, "nedges": 1, "density": 1.0, "atomics": "[81, 82]", "group_pop": 2, "init_part_assignment": 2, "id": 0}, {"graph": null, "nnodes": 2, "nedges": 1, "density": 1.0, "atomics": "[69, 70]", "group_pop": 2, "init_part_assignment": 9, "id": 1}, {"graph": null, "nnodes": 2, "nedges": 1, "density": 1.0, "atomics": "[74, 62]", "group_pop": 2, "init_part_assignment": 4, "id": 2}, {"graph": null, "nnodes": 2, "nedges": 1, "density": 1.0, "atomics": "[75, 63]", "group_pop": 2, "init_part_assignment": 4, "id": 3}, {"graph": null, "nnodes": 2, "nedges": 1, "density": 1.0, "atomics": "[42, 30]", "group_pop": 2, "init_part_assignment": 1, "id": 4}, {"graph": null, "nnodes": 2, "nedges": 1, "density": 1.0, "atomics": "[43, 44]", "group_pop": 2, "init_part_assignment": 11, "id": 5}, {"graph": null, "nnodes": 2, "nedges": 1, "density": 1.0, "atomics": "[60, 61]", "group_pop": 2, "init_part_assignment": 7, "id": 6}, {"graph": null, "nnodes": 2, "nedges": 1, "density": 1.0, "atomics": "[32, 20]", "group_pop": 2, "init_part_assignment": 11, "id": 7}, {"graph": null, "nnodes": 2, "nedges": 1, "density": 1.0, "atomics": "[130, 142]", "group_pop": 2, "init_part_assignment": 5, "id": 8}, {"graph": null, "nnodes": 2, "nedges": 1, "density": 1.0, "atomics": "[131, 143]", "group_pop": 2, "init_part_assignment": 5, "id": 9}, {"graph": null, "nnodes": 2, "nedges": 1, "density": 1.0, "atomics": "[40, 41]", "group_pop": 2, "init_part_assignment": 1, "id": 10}, {"graph": null, "nnodes": 2, "nedges": 1, "density": 1.0, "atomics": "[28, 29]", "group_pop": 2, "init_part_assignment": 8, "id": 11}, {"graph": null, "nnodes": 2, "nedges": 1, "density": 1.0, "atomics": "[8, 7]", "group_pop": 2, "init_part_assignment": 11, "id": 12}, {"graph": null, "nnodes": 2, "nedges": 1, "density": 1.0, "atomics": "[9, 10]", "group_pop": 2, "init_part_assignment": 10, "id": 13}, {"graph": null, "nnodes": 2, "nedges": 1, "density": 1.0, "atomics": "[34, 22]", "group_pop": 2, "init_part_assignment": 10, "id": 14}, {"graph": null, "nnodes": 2, "nedges": 1, "density": 1.0, "atomics": "[35, 47]", "group_pop": 2, "init_part_assignment": 10, "id": 15}, {"graph": null, "nnodes": 2, "nedges": 1, "density": 1.0, "atomics": "[11, 23]", "group_pop": 2, "init_part_assignment": 10, "id": 16}, {"graph": null, "nnodes": 2, "nedges": 1, "density": 1.0, "atomics": "[49, 37]", "group_pop": 2, "init_part_assignment": 7, "id": 17}, {"graph": null, "nnodes": 2, "nedges": 1, "density": 1.0, "atomics": "[120, 132]", "group_pop": 2, "init_part_assignment": 3, "id": 18}, {"graph": null, "nnodes": 2, "nedges": 1, "density": 1.0, "atomics": "[24, 25]", "group_pop": 2, "init_part_assignment": 7, "id": 19}, {"graph": null, "nnodes": 2, "nedges": 1, "density": 1.0, "atomics": "[48, 36]", "group_pop": 2, "init_part_assignment": 7, "id": 20}, {"graph": null, "nnodes": 2, "nedges": 1, "density": 1.0, "atomics": "[19, 31]", "group_pop": 2, "init_part_assignment": 11, "id": 21}, {"graph": null, "nnodes": 2, "nedges": 1, "density": 1.0, "atomics": "[83, 95]", "group_pop": 2, "init_part_assignment": 2, "id": 22}, {"graph": null, "nnodes": 2, "nedges": 1, "density": 1.0, "atomics": "[59, 71]", "group_pop": 2, "init_part_assignment": 9, "id": 23}, {"graph": null, "nnodes": 2, "nedges": 1, "density": 1.0, "atomics": "[17, 18]", "group_pop": 2, "init_part_assignment": 1, "id": 24}, {"graph": null, "nnodes": 2, "nedges": 1, "density": 1.0, "atomics": "[123, 135]", "group_pop": 2, "init_part_assignment": 0, "id": 25}, {"graph": null, "nnodes": 2, "nedges": 1, "density": 1.0, "atomics": "[96, 84]", "group_pop": 2, "init_part_assignment": 3, "id": 26}, {"graph": null, "nnodes": 2, "nedges": 1, "density": 1.0, "atomics": "[108, 109]", "group_pop": 2, "init_part_assignment": 3, "id": 27}, {"graph": null, "nnodes": 2, "nedges": 1, "density": 1.0, "atomics": "[129, 141]", "group_pop": 2, "init_part_assignment": 5, "id": 28}, {"graph": null, "nnodes": 2, "nedges": 1, "density": 1.0, "atomics": "[116, 117]", "group_pop": 2, "init_part_assignment": 5, "id": 29}, {"graph": null, "nnodes": 2, "nedges": 1, "density": 1.0, "atomics": "[13, 14]", "group_pop": 2, "init_part_assignment": 8, "id": 30}, {"graph": null, "nnodes": 2, "nedges": 1, "density": 1.0, "atomics": "[67, 68]", "group_pop": 2, "init_part_assignment": 9, "id": 31}, {"graph": null, "nnodes": 2, "nedges": 1, "density": 1.0, "atomics": "[78, 79]", "group_pop": 2, "init_part_assignment": 6, "id": 32}, {"graph": null, "nnodes": 2, "nedges": 1, "density": 1.0, "atomics": "[57, 58]", "group_pop": 2, "init_part_assignment": 9, "id": 33}, {"graph": null, "nnodes": 2, "nedges": 1, "density": 1.0, "atomics": "[136, 137]", "group_pop": 2, "init_part_assignment": 0, "id": 34}, {"graph": null, "nnodes": 2, "nedges": 1, "density": 1.0, "atomics": "[112, 124]", "group_pop": 2, "init_part_assignment": 0, "id": 35}, {"graph": null, "nnodes": 2, "nedges": 1, "density": 1.0, "atomics": "[5, 6]", "group_pop": 2, "init_part_assignment": 11, "id": 36}, {"graph": null, "nnodes": 2, "nedges": 1, "density": 1.0, "atomics": "[33, 21]", "group_pop": 2, "init_part_assignment": 10, "id": 37}, {"graph": null, "nnodes": 2, "nedges": 1, "density": 1.0, "atomics": "[0, 12]", "group_pop": 2, "init_part_assignment": 7, "id": 38}, {"graph": null, "nnodes": 2, "nedges": 1, "density": 1.0, "atomics": "[128, 127]", "group_pop": 2, "init_part_assignment": 5, "id": 39}, {"graph": null, "nnodes": 2, "nedges": 1, "density": 1.0, "atomics": "[121, 133]", "group_pop": 2, "init_part_assignment": 3, "id": 40}, {"graph": null, "nnodes": 2, "nedges": 1, "density": 1.0, "atomics": "[122, 134]", "group_pop": 2, "init_part_assignment": 3, "id": 41}, {"graph": null, "nnodes": 2, "nedges": 1, "density": 1.0, "atomics": "[113, 125]", "group_pop": 2, "init_part_assignment": 6, "id": 42}, {"graph": null, "nnodes": 2, "nedges": 1, "density": 1.0, "atomics": "[1, 2]", "group_pop": 2, "init_part_assignment": 8, "id": 43}, {"graph": null, "nnodes": 2, "nedges": 1, "density": 1.0, "atomics": "[139, 140]", "group_pop": 2, "init_part_assignment": 5, "id": 44}, {"graph": null, "nnodes": 2, "nedges": 1, "density": 1.0, "atomics": "[3, 15]", "group_pop": 2, "init_part_assignment": 8, "id": 45}, {"graph": null, "nnodes": 2, "nedges": 1, "density": 1.0, "atomics": "[16, 4]", "group_pop": 2, "init_part_assignment": 8, "id": 46}, {"graph": null, "nnodes": 2, "nedges": 1, "density": 1.0, "atomics": "[97, 85]", "group_pop": 2, "init_part_assignment": 4, "id": 47}, {"graph": null, "nnodes": 2, "nedges": 1, "density": 1.0, "atomics": "[66, 54]", "group_pop": 2, "init_part_assignment": 9, "id": 48}, {"graph": null, "nnodes": 2, "nedges": 1, "density": 1.0, "atomics": "[110, 111]", "group_pop": 2, "init_part_assignment": 3, "id": 49}, {"graph": null, "nnodes": 2, "nedges": 1, "density": 1.0, "atomics": "[72, 73]", "group_pop": 2, "init_part_assignment": 4, "id": 50}, {"graph": null, "nnodes": 2, "nedges": 1, "density": 1.0, "atomics": "[80, 92]", "group_pop": 2, "init_part_assignment": 9, "id": 51}, {"graph": null, "nnodes": 2, "nedges": 1, "density": 1.0, "atomics": "[100, 101]", "group_pop": 2, "init_part_assignment": 0, "id": 52}, {"graph": null, "nnodes": 2, "nedges": 1, "density": 1.0, "atomics": "[64, 52]", "group_pop": 2, "init_part_assignment": 1, "id": 53}, {"graph": null, "nnodes": 2, "nedges": 1, "density": 1.0, "atomics": "[93, 94]", "group_pop": 2, "init_part_assignment": 2, "id": 54}, {"graph": null, "nnodes": 2, "nedges": 1, "density": 1.0, "atomics": "[45, 46]", "group_pop": 2, "init_part_assignment": 10, "id": 55}, {"graph": null, "nnodes": 2, "nedges": 1, "density": 1.0, "atomics": "[56, 55]", "group_pop": 2, "init_part_assignment": 11, "id": 56}, {"graph": null, "nnodes": 2, "nedges": 1, "density": 1.0, "atomics": "[106, 107]", "group_pop": 2, "init_part_assignment": 2, "id": 57}, {"graph": null, "nnodes": 2, "nedges": 1, "density": 1.0, "atomics": "[118, 119]", "group_pop": 2, "init_part_assignment": 2, "id": 58}, {"graph": null, "nnodes": 2, "nedges": 1, "density": 1.0, "atomics": "[114, 115]", "group_pop": 2, "init_part_assignment": 6, "id": 59}, {"graph": null, "nnodes": 2, "nedges": 1, "density": 1.0, "atomics": "[91, 103]", "group_pop": 2, "init_part_assignment": 6, "id": 60}, {"graph": null, "nnodes": 2, "nedges": 1, "density": 1.0, "atomics": "[138, 126]", "group_pop": 2, "init_part_assignment": 6, "id": 61}, {"graph": null, "nnodes": 2, "nedges": 1, "density": 1.0, "atomics": "[50, 51]", "group_pop": 2, "init_part_assignment": 7, "id": 62}, {"graph": null, "nnodes": 2, "nedges": 1, "density": 1.0, "atomics": "[38, 39]", "group_pop": 2, "init_part_assignment": 1, "id": 63}, {"graph": null, "nnodes": 2, "nedges": 1, "density": 1.0, "atomics": "[98, 86]", "group_pop": 2, "init_part_assignment": 4, "id": 64}, {"graph": null, "nnodes": 2, "nedges": 1, "density": 1.0, "atomics": "[90, 102]", "group_pop": 2, "init_part_assignment": 6, "id": 65}, {"graph": null, "nnodes": 2, "nedges": 1, "density": 1.0, "atomics": "[104, 105]", "group_pop": 2, "init_part_assignment": 2, "id": 66}, {"graph": null, "nnodes": 2, "nedges": 1, "density": 1.0, "atomics": "[26, 27]", "group_pop": 2, "init_part_assignment": 8, "id": 67}, {"graph": null, "nnodes": 2, "nedges": 1, "density": 1.0, "atomics": "[99, 87]", "group_pop": 2, "init_part_assignment": 4, "id": 68}, {"graph": null, "nnodes": 2, "nedges": 1, "density": 1.0, "atomics": "[65, 53]", "group_pop": 2, "init_part_assignment": 1, "id": 69}, {"graph": null, "nnodes": 2, "nedges": 1, "density": 1.0, "atomics": "[88, 76]", "group_pop": 2, "init_part_assignment": 0, "id": 70}, {"graph": null, "nnodes": 2, "nedges": 1, "density": 1.0, "atomics": "[89, 77]", "group_pop": 2, "init_part_assignment": 0, "id": 71}], "adjacency": [[{"weight": 2, "random_weight": 0.7683086662810679, "id": 1}, {"weight": 1, "random_weight": 0.8259523308498192, "id": 22}, {"weight": 1, "random_weight": 0.6870191218981382, "id": 51}, {"weight": 2, "random_weight": 0.42923645035228597, "id": 54}], [{"weight": 2, "random_weight": 0.7683086662810679, "id": 0}, {"weight": 1, "random_weight": 0.2275334201513205, "id": 23}, {"weight": 1, "random_weight": 0.18533465310845154, "id": 31}, {"weight": 2, "random_weight": 0.40376102826551286, "id": 33}], [{"weight": 2, "random_weight": 0.05088596528388589, "id": 3}, {"weight": 1, "random_weight": 0.9888735346774502, "id": 6}, {"weight": 1, "random_weight": 0.4141239352644218, "id": 50}, {"weight": 1, "random_weight": 0.9422691564334358, "id": 62}, {"weight": 1, "random_weight": 0.7461288950090075, "id": 64}], [{"weight": 2, "random_weight": 0.05088596528388589, "id": 2}, {"weight": 1, "random_weight": 0.3713446832638865, "id": 53}, {"weight": 1, "random_weight": 0.8978288772753622, "id": 62}, {"weight": 1, "random_weight": 0.6331228708198839, "id": 68}, {"weight": 1, "random_weight": 0.6795074419981053, "id": 70}], [{"weight": 1, "random_weight": 0.8591684515789731, "id": 5}, {"weight": 1, "random_weight": 0.14556397194253523, "id": 10}, {"weight": 1, "random_weight": 0.5291674279777112, "id": 11}, {"weight": 1, "random_weight": 0.9857677984387002, "id": 21}, {"weight": 1, "random_weight": 0.27246378896577805, "id": 24}, {"weight": 1, "random_weight": 0.6117494218921607, "id": 48}], [{"weight": 1, "random_weight": 0.8591684515789731, "id": 4}, {"weight": 1, "random_weight": 0.6954343781944153, "id": 7}, {"weight": 1, "random_weight": 0.08851564617283292, "id": 21}, {"weight": 1, "random_weight": 0.23920607391672555, "id": 55}, {"weight": 2, "random_weight": 0.881660669041341, "id": 56}], [{"weight": 1, "random_weight": 0.9888735346774502, "id": 2}, {"weight": 1, "random_weight": 0.7964801030899601, "id": 17}, {"weight": 1, "random_weight": 0.7748837326322172, "id": 20}, {"weight": 2, "random_weight": 0.22295448960404207, "id": 50}], [{"weight": 1, "random_weight": 0.6954343781944153, "id": 5}, {"weight": 1, "random_weight": 0.22357144597427547, "id": 12}, {"weight": 2, "random_weight": 0.03438067536247891, "id": 21}, {"weight": 2, "random_weight": 0.45400387095680017, "id": 37}], [{"weight": 2, "random_weight": 0.4682072371356403, "id": 9}, {"weight": 2, "random_weight": 0.3447014882481383, "id": 28}, {"weight": 1, "random_weight": 0.9885790858953857, "id": 58}], [{"weight": 2, "random_weight": 0.4682072371356403, "id": 8}, {"weight": 1, "random_weight": 0.7604725406737428, "id": 58}], [{"weight": 1, "random_weight": 0.14556397194253523, "id": 4}, {"weight": 2, "random_weight": 0.6785806154458858, "id": 11}, {"weight": 1, "random_weight": 0.8869240710571653, "id": 53}, {"weight": 1, "random_weight": 0.46770964228694734, "id": 63}, {"weight": 1, "random_weight": 0.23429416863783226, "id": 69}], [{"weight": 1, "random_weight": 0.5291674279777112, "id": 4}, {"weight": 2, "random_weight": 0.6785806154458858, "id": 10}, {"weight": 1, "random_weight": 0.6245185157090283, "id": 24}, {"weight": 1, "random_weight": 0.672535127333642, "id": 46}, {"weight": 1, "random_weight": 0.8465898636466227, "id": 67}], [{"weight": 1, "random_weight": 0.22357144597427547, "id": 7}, {"weight": 1, "random_weight": 0.9598309834378366, "id": 13}, {"weight": 1, "random_weight": 0.14654620479794134, "id": 21}, {"weight": 1, "random_weight": 0.8680302568321019, "id": 36}], [{"weight": 1, "random_weight": 0.9598309834378366, "id": 12}, {"weight": 1, "random_weight": 0.20337574536691772, "id": 14}, {"weight": 1, "random_weight": 0.10539679626320198, "id": 16}, {"weight": 1, "random_weight": 0.7954275332278489, "id": 37}], [{"weight": 1, "random_weight": 0.20337574536691772, "id": 13}, {"weight": 1, "random_weight": 0.8566677445664761, "id": 15}, {"weight": 1, "random_weight": 0.3832166211274437, "id": 16}, {"weight": 2, "random_weight": 0.6051847218869439, "id": 37}, {"weight": 1, "random_weight": 0.5168531745452913, "id": 55}], [{"weight": 1, "random_weight": 0.8566677445664761, "id": 14}, {"weight": 1, "random_weight": 0.5446532390385397, "id": 16}, {"weight": 1, "random_weight": 0.931267337670854, "id": 23}, {"weight": 1, "random_weight": 0.8666368412633115, "id": 55}], [{"weight": 1, "random_weight": 0.10539679626320198, "id": 13}, {"weight": 1, "random_weight": 0.3832166211274437, "id": 14}, {"weight": 1, "random_weight": 0.5446532390385397, "id": 15}], [{"weight": 1, "random_weight": 0.7964801030899601, "id": 6}, {"weight": 1, "random_weight": 0.2894332771790419, "id": 19}, {"weight": 2, "random_weight": 0.8339636225999305, "id": 20}, {"weight": 1, "random_weight": 0.18508909643880667, "id": 62}, {"weight": 1, "random_weight": 0.8617938432561741, "id": 63}], [{"weight": 1, "random_weight": 0.5654497779399857, "id": 27}, {"weight": 2, "random_weight": 0.28581843642555727, "id": 40}], [{"weight": 1, "random_weight": 0.2894332771790419, "id": 17}, {"weight": 1, "random_weight": 0.29752936634722693, "id": 20}, {"weight": 1, "random_weight": 0.7374868740161808, "id": 30}, {"weight": 1, "random_weight": 0.021456544026396185, "id": 38}, {"weight": 1, "random_weight": 0.8003735819586373, "id": 67}], [{"weight": 1, "random_weight": 0.7748837326322172, "id": 6}, {"weight": 2, "random_weight": 0.8339636225999305, "id": 17}, {"weight": 1, "random_weight": 0.29752936634722693, "id": 19}], [{"weight": 1, "random_weight": 0.9857677984387002, "id": 4}, {"weight": 1, "random_weight": 0.08851564617283292, "id": 5}, {"weight": 2, "random_weight": 0.03438067536247891, "id": 7}, {"weight": 1, "random_weight": 0.14654620479794134, "id": 12}, {"weight": 1, "random_weight": 0.7625518485541595, "id": 24}], [{"weight": 1, "random_weight": 0.8259523308498192, "id": 0}, {"weight": 1, "random_weight": 0.5552952023832792, "id": 23}, {"weight": 1, "random_weight": 0.7402508494476111, "id": 54}, {"weight": 1, "random_weight": 0.22835619226074033, "id": 57}], [{"weight": 1, "random_weight": 0.2275334201513205, "id": 1}, {"weight": 1, "random_weight": 0.931267337670854, "id": 15}, {"weight": 1, "random_weight": 0.5552952023832792, "id": 22}, {"weight": 1, "random_weight": 0.8587907746621082, "id": 33}], [{"weight": 1, "random_weight": 0.27246378896577805, "id": 4}, {"weight": 1, "random_weight": 0.6245185157090283, "id": 11}, {"weight": 1, "random_weight": 0.7625518485541595, "id": 21}, {"weight": 2, "random_weight": 0.9490397647589525, "id": 36}, {"weight": 1, "random_weight": 0.7933953241287485, "id": 46}], [{"weight": 1, "random_weight": 0.7090585358362321, "id": 34}, {"weight": 1, "random_weight": 0.11192817897974239, "id": 35}, {"weight": 2, "random_weight": 0.6658001773996604, "id": 41}, {"weight": 1, "random_weight": 0.3222478258711692, "id": 49}], [{"weight": 1, "random_weight": 0.27813698818483723, "id": 27}, {"weight": 2, "random_weight": 0.7523176234944884, "id": 47}, {"weight": 1, "random_weight": 0.8763412690369247, "id": 50}], [{"weight": 1, "random_weight": 0.5654497779399857, "id": 18}, {"weight": 1, "random_weight": 0.27813698818483723, "id": 26}, {"weight": 1, "random_weight": 0.18682259356224407, "id": 40}, {"weight": 1, "random_weight": 0.8905221790239181, "id": 47}, {"weight": 1, "random_weight": 0.47624199077814355, "id": 49}], [{"weight": 2, "random_weight": 0.3447014882481383, "id": 8}, {"weight": 1, "random_weight": 0.36745216345861553, "id": 29}, {"weight": 1, "random_weight": 0.6668328580795203, "id": 39}, {"weight": 1, "random_weight": 0.5134923575823236, "id": 44}], [{"weight": 1, "random_weight": 0.36745216345861553, "id": 28}, {"weight": 1, "random_weight": 0.215255985292387, "id": 39}, {"weight": 1, "random_weight": 0.4128286452405253, "id": 58}, {"weight": 1, "random_weight": 0.305172556213426, "id": 59}, {"weight": 2, "random_weight": 0.6671528375940564, "id": 66}], [{"weight": 1, "random_weight": 0.7374868740161808, "id": 19}, {"weight": 1, "random_weight": 0.16733505202225518, "id": 38}, {"weight": 2, "random_weight": 0.820401204448981, "id": 43}, {"weight": 1, "random_weight": 0.45872202761239456, "id": 45}, {"weight": 1, "random_weight": 0.7945268334787825, "id": 67}], [{"weight": 1, "random_weight": 0.18533465310845154, "id": 1}, {"weight": 1, "random_weight": 0.8869902046030248, "id": 32}, {"weight": 1, "random_weight": 0.12368369385305178, "id": 48}, {"weight": 1, "random_weight": 0.5431263295384172, "id": 51}, {"weight": 2, "random_weight": 0.8906094326477086, "id": 56}], [{"weight": 1, "random_weight": 0.8869902046030248, "id": 31}, {"weight": 1, "random_weight": 0.9423645524822882, "id": 48}, {"weight": 1, "random_weight": 0.13532366395623374, "id": 51}, {"weight": 1, "random_weight": 0.09656154201980693, "id": 60}, {"weight": 1, "random_weight": 0.745244595502405, "id": 65}, {"weight": 1, "random_weight": 0.7510914336780722, "id": 71}], [{"weight": 2, "random_weight": 0.40376102826551286, "id": 1}, {"weight": 1, "random_weight": 0.8587907746621082, "id": 23}, {"weight": 2, "random_weight": 0.897507216733569, "id": 55}, {"weight": 1, "random_weight": 0.6726930583449572, "id": 56}], [{"weight": 1, "random_weight": 0.7090585358362321, "id": 25}, {"weight": 1, "random_weight": 0.504970020052544, "id": 35}, {"weight": 1, "random_weight": 0.956353619551688, "id": 42}, {"weight": 1, "random_weight": 0.8443701204502204, "id": 61}], [{"weight": 1, "random_weight": 0.11192817897974239, "id": 25}, {"weight": 1, "random_weight": 0.504970020052544, "id": 34}, {"weight": 2, "random_weight": 0.925488124354446, "id": 42}, {"weight": 1, "random_weight": 0.036589283685298124, "id": 49}, {"weight": 1, "random_weight": 0.07199766393567808, "id": 52}], [{"weight": 1, "random_weight": 0.8680302568321019, "id": 12}, {"weight": 2, "random_weight": 0.9490397647589525, "id": 24}, {"weight": 1, "random_weight": 0.9731520491803589, "id": 46}], [{"weight": 2, "random_weight": 0.45400387095680017, "id": 7}, {"weight": 1, "random_weight": 0.7954275332278489, "id": 13}, {"weight": 2, "random_weight": 0.6051847218869439, "id": 14}, {"weight": 1, "random_weight": 0.3729357321550386, "id": 55}], [{"weight": 1, "random_weight": 0.021456544026396185, "id": 19}, {"weight": 1, "random_weight": 0.16733505202225518, "id": 30}, {"weight": 1, "random_weight": 0.41237235147232143, "id": 43}], [{"weight": 1, "random_weight": 0.6668328580795203, "id": 28}, {"weight": 1, "random_weight": 0.215255985292387, "id": 29}, {"weight": 2, "random_weight": 0.06680792634301436, "id": 44}, {"weight": 1, "random_weight": 0.692165266269368, "id": 59}, {"weight": 1, "random_weight": 0.8203236699531494, "id": 61}], [{"weight": 2, "random_weight": 0.28581843642555727, "id": 18}, {"weight": 1, "random_weight": 0.18682259356224407, "id": 27}, {"weight": 2, "random_weight": 0.8270578179275151, "id": 41}], [{"weight": 2, "random_weight": 0.6658001773996604, "id": 25}, {"weight": 2, "random_weight": 0.8270578179275151, "id": 40}, {"weight": 1, "random_weight": 0.8887767007627397, "id": 49}], [{"weight": 1, "random_weight": 0.956353619551688, "id": 34}, {"weight": 2, "random_weight": 0.925488124354446, "id": 35}, {"weight": 1, "random_weight": 0.8811267539718441, "id": 52}, {"weight": 1, "random_weight": 0.6943440649505705, "id": 59}, {"weight": 1, "random_weight": 0.8236354131582171, "id": 61}], [{"weight": 2, "random_weight": 0.820401204448981, "id": 30}, {"weight": 1, "random_weight": 0.41237235147232143, "id": 38}, {"weight": 1, "random_weight": 0.5644710027599347, "id": 45}], [{"weight": 1, "random_weight": 0.5134923575823236, "id": 28}, {"weight": 2, "random_weight": 0.06680792634301436, "id": 39}, {"weight": 1, "random_weight": 0.7595608027669428, "id": 61}], [{"weight": 1, "random_weight": 0.45872202761239456, "id": 30}, {"weight": 1, "random_weight": 0.5644710027599347, "id": 43}, {"weight": 2, "random_weight": 0.9163765891427013, "id": 46}, {"weight": 1, "random_weight": 0.5269177017339833, "id": 67}], [{"weight": 1, "random_weight": 0.672535127333642, "id": 11}, {"weight": 1, "random_weight": 0.7933953241287485, "id": 24}, {"weight": 1, "random_weight": 0.9731520491803589, "id": 36}, {"weight": 2, "random_weight": 0.9163765891427013, "id": 45}], [{"weight": 2, "random_weight": 0.7523176234944884, "id": 26}, {"weight": 1, "random_weight": 0.8905221790239181, "id": 27}, {"weight": 1, "random_weight": 0.6262437712580146, "id": 50}, {"weight": 2, "random_weight": 0.15670432505518317, "id": 64}], [{"weight": 1, "random_weight": 0.6117494218921607, "id": 4}, {"weight": 1, "random_weight": 0.12368369385305178, "id": 31}, {"weight": 1, "random_weight": 0.9423645524822882, "id": 32}, {"weight": 1, "random_weight": 0.03377134185869013, "id": 56}, {"weight": 2, "random_weight": 0.8335681175270652, "id": 69}], [{"weight": 1, "random_weight": 0.3222478258711692, "id": 25}, {"weight": 1, "random_weight": 0.47624199077814355, "id": 27}, {"weight": 1, "random_weight": 0.036589283685298124, "id": 35}, {"weight": 1, "random_weight": 0.8887767007627397, "id": 41}, {"weight": 1, "random_weight": 0.7787813822257506, "id": 64}, {"weight": 1, "random_weight": 0.6913420740657601, "id": 68}], [{"weight": 1, "random_weight": 0.4141239352644218, "id": 2}, {"weight": 2, "random_weight": 0.22295448960404207, "id": 6}, {"weight": 1, "random_weight": 0.8763412690369247, "id": 26}, {"weight": 1, "random_weight": 0.6262437712580146, "id": 47}], [{"weight": 1, "random_weight": 0.6870191218981382, "id": 0}, {"weight": 1, "random_weight": 0.5431263295384172, "id": 31}, {"weight": 1, "random_weight": 0.13532366395623374, "id": 32}, {"weight": 1, "random_weight": 0.9384311634196155, "id": 54}, {"weight": 1, "random_weight": 0.7006978008755974, "id": 60}, {"weight": 1, "random_weight": 0.260806088676119, "id": 66}], [{"weight": 1, "random_weight": 0.07199766393567808, "id": 35}, {"weight": 1, "random_weight": 0.8811267539718441, "id": 42}, {"weight": 1, "random_weight": 0.8192299794928185, "id": 65}, {"weight": 1, "random_weight": 0.2816790021975165, "id": 68}, {"weight": 1, "random_weight": 0.805570179516601, "id": 70}, {"weight": 1, "random_weight": 0.35695350234114054, "id": 71}], [{"weight": 1, "random_weight": 0.3713446832638865, "id": 3}, {"weight": 1, "random_weight": 0.8869240710571653, "id": 10}, {"weight": 1, "random_weight": 0.10634608966510295, "id": 62}, {"weight": 2, "random_weight": 0.48238388891566597, "id": 69}, {"weight": 1, "random_weight": 0.5955799735522139, "id": 70}], [{"weight": 2, "random_weight": 0.42923645035228597, "id": 0}, {"weight": 1, "random_weight": 0.7402508494476111, "id": 22}, {"weight": 1, "random_weight": 0.9384311634196155, "id": 51}, {"weight": 1, "random_weight": 0.6158734981751851, "id": 57}, {"weight": 1, "random_weight": 0.46002299287888515, "id": 66}], [{"weight": 1, "random_weight": 0.23920607391672555, "id": 5}, {"weight": 1, "random_weight": 0.5168531745452913, "id": 14}, {"weight": 1, "random_weight": 0.8666368412633115, "id": 15}, {"weight": 2, "random_weight": 0.897507216733569, "id": 33}, {"weight": 1, "random_weight": 0.3729357321550386, "id": 37}], [{"weight": 2, "random_weight": 0.881660669041341, "id": 5}, {"weight": 2, "random_weight": 0.8906094326477086, "id": 31}, {"weight": 1, "random_weight": 0.6726930583449572, "id": 33}, {"weight": 1, "random_weight": 0.03377134185869013, "id": 48}], [{"weight": 1, "random_weight": 0.22835619226074033, "id": 22}, {"weight": 1, "random_weight": 0.6158734981751851, "id": 54}, {"weight": 2, "random_weight": 0.3129970718654308, "id": 58}, {"weight": 1, "random_weight": 0.33579794248236583, "id": 66}], [{"weight": 1, "random_weight": 0.9885790858953857, "id": 8}, {"weight": 1, "random_weight": 0.7604725406737428, "id": 9}, {"weight": 1, "random_weight": 0.4128286452405253, "id": 29}, {"weight": 2, "random_weight": 0.3129970718654308, "id": 57}], [{"weight": 1, "random_weight": 0.305172556213426, "id": 29}, {"weight": 1, "random_weight": 0.692165266269368, "id": 39}, {"weight": 1, "random_weight": 0.6943440649505705, "id": 42}, {"weight": 1, "random_weight": 0.7789281931956926, "id": 60}, {"weight": 1, "random_weight": 0.7362386258256498, "id": 61}, {"weight": 1, "random_weight": 0.7067662604224977, "id": 65}], [{"weight": 1, "random_weight": 0.09656154201980693, "id": 32}, {"weight": 1, "random_weight": 0.7006978008755974, "id": 51}, {"weight": 1, "random_weight": 0.7789281931956926, "id": 59}, {"weight": 2, "random_weight": 0.5601152164409992, "id": 65}, {"weight": 1, "random_weight": 0.5395424395848787, "id": 66}], [{"weight": 1, "random_weight": 0.8443701204502204, "id": 34}, {"weight": 1, "random_weight": 0.8203236699531494, "id": 39}, {"weight": 1, "random_weight": 0.8236354131582171, "id": 42}, {"weight": 1, "random_weight": 0.7595608027669428, "id": 44}, {"weight": 1, "random_weight": 0.7362386258256498, "id": 59}], [{"weight": 1, "random_weight": 0.9422691564334358, "id": 2}, {"weight": 1, "random_weight": 0.8978288772753622, "id": 3}, {"weight": 1, "random_weight": 0.18508909643880667, "id": 17}, {"weight": 1, "random_weight": 0.10634608966510295, "id": 53}, {"weight": 2, "random_weight": 0.97310545057698, "id": 63}], [{"weight": 1, "random_weight": 0.46770964228694734, "id": 10}, {"weight": 1, "random_weight": 0.8617938432561741, "id": 17}, {"weight": 2, "random_weight": 0.97310545057698, "id": 62}, {"weight": 2, "random_weight": 0.7324062640805062, "id": 67}], [{"weight": 1, "random_weight": 0.7461288950090075, "id": 2}, {"weight": 2, "random_weight": 0.15670432505518317, "id": 47}, {"weight": 1, "random_weight": 0.7787813822257506, "id": 49}, {"weight": 2, "random_weight": 0.23649498658724422, "id": 68}], [{"weight": 1, "random_weight": 0.745244595502405, "id": 32}, {"weight": 1, "random_weight": 0.8192299794928185, "id": 52}, {"weight": 1, "random_weight": 0.7067662604224977, "id": 59}, {"weight": 2, "random_weight": 0.5601152164409992, "id": 60}, {"weight": 1, "random_weight": 0.6337283988680623, "id": 71}], [{"weight": 2, "random_weight": 0.6671528375940564, "id": 29}, {"weight": 1, "random_weight": 0.260806088676119, "id": 51}, {"weight": 1, "random_weight": 0.46002299287888515, "id": 54}, {"weight": 1, "random_weight": 0.33579794248236583, "id": 57}, {"weight": 1, "random_weight": 0.5395424395848787, "id": 60}], [{"weight": 1, "random_weight": 0.8465898636466227, "id": 11}, {"weight": 1, "random_weight": 0.8003735819586373, "id": 19}, {"weight": 1, "random_weight": 0.7945268334787825, "id": 30}, {"weight": 1, "random_weight": 0.5269177017339833, "id": 45}, {"weight": 2, "random_weight": 0.7324062640805062, "id": 63}], [{"weight": 1, "random_weight": 0.6331228708198839, "id": 3}, {"weight": 1, "random_weight": 0.6913420740657601, "id": 49}, {"weight": 1, "random_weight": 0.2816790021975165, "id": 52}, {"weight": 2, "random_weight": 0.23649498658724422, "id": 64}, {"weight": 1, "random_weight": 0.628312633472228, "id": 70}], [{"weight": 1, "random_weight": 0.23429416863783226, "id": 10}, {"weight": 2, "random_weight": 0.8335681175270652, "id": 48}, {"weight": 2, "random_weight": 0.48238388891566597, "id": 53}, {"weight": 1, "random_weight": 0.972088399743107, "id": 71}], [{"weight": 1, "random_weight": 0.6795074419981053, "id": 3}, {"weight": 1, "random_weight": 0.805570179516601, "id": 52}, {"weight": 1, "random_weight": 0.5955799735522139, "id": 53}, {"weight": 1, "random_weight": 0.628312633472228, "id": 68}, {"weight": 2, "random_weight": 0.5126988982984785, "id": 71}], [{"weight": 1, "random_weight": 0.7510914336780722, "id": 32}, {"weight": 1, "random_weight": 0.35695350234114054, "id": 52}, {"weight": 1, "random_weight": 0.6337283988680623, "id": 65}, {"weight": 1, "random_weight": 0.972088399743107, "id": 69}, {"weight": 2, "random_weight": 0.5126988982984785, "id": 70}]]}