{"directed": false, "multigraph": false, "graph": [], "nodes": [{"graph": null, "nnodes": 2, "nedges": 1, "density": 1.0, "atomics": "[80, 81]", "group_pop": 2, "init_part_assignment": 8, "id": 0}, {"graph": null, "nnodes": 2, "nedges": 1, "density": 1.0, "atomics": "[69, 70]", "group_pop": 2, "init_part_assignment": 10, "id": 1}, {"graph": null, "nnodes": 2, "nedges": 1, "density": 1.0, "atomics": "[82, 83]", "group_pop": 2, "init_part_assignment": 8, "id": 2}, {"graph": null, "nnodes": 2, "nedges": 1, "density": 1.0, "atomics": "[74, 86]", "group_pop": 2, "init_part_assignment": 7, "id": 3}, {"graph": null, "nnodes": 2, "nedges": 1, "density": 1.0, "atomics": "[75, 63]", "group_pop": 2, "init_part_assignment": 7, "id": 4}, {"graph": null, "nnodes": 2, "nedges": 1, "density": 1.0, "atomics": "[42, 30]", "group_pop": 2, "init_part_assignment": 11, "id": 5}, {"graph": null, "nnodes": 2, "nedges": 1, "density": 1.0, "atomics": "[43, 31]", "group_pop": 2, "init_part_assignment": 11, "id": 6}, {"graph": null, "nnodes": 2, "nedges": 1, "density": 1.0, "atomics": "[73, 61]", "group_pop": 2, "init_part_assignment": 5, "id": 7}, {"graph": null, "nnodes": 2, "nedges": 1, "density": 1.0, "atomics": "[50, 62]", "group_pop": 2, "init_part_assignment": 7, "id": 8}, {"graph": null, "nnodes": 2, "nedges": 1, "density": 1.0, "atomics": "[32, 44]", "group_pop": 2, "init_part_assignment": 10, "id": 9}, {"graph": null, "nnodes": 2, "nedges": 1, "density": 1.0, "atomics": "[8, 20]", "group_pop": 2, "init_part_assignment": 6, "id": 10}, {"graph": null, "nnodes": 2, "nedges": 1, "density": 1.0, "atomics": "[130, 142]", "group_pop": 2, "init_part_assignment": 1, "id": 11}, {"graph": null, "nnodes": 2, "nedges": 1, "density": 1.0, "atomics": "[131, 143]", "group_pop": 2, "init_part_assignment": 1, "id": 12}, {"graph": null, "nnodes": 2, "nedges": 1, "density": 1.0, "atomics": "[40, 41]", "group_pop": 2, "init_part_assignment": 11, "id": 13}, {"graph": null, "nnodes": 2, "nedges": 1, "density": 1.0, "atomics": "[28, 29]", "group_pop": 2, "init_part_assignment": 9, "id": 14}, {"graph": null, "nnodes": 2, "nedges": 1, "density": 1.0, "atomics": "[9, 10]", "group_pop": 2, "init_part_assignment": 6, "id": 15}, {"graph": null, "nnodes": 2, "nedges": 1, "density": 1.0, "atomics": "[34, 35]", "group_pop": 2, "init_part_assignment": 6, "id": 16}, {"graph": null, "nnodes": 2, "nedges": 1, "density": 1.0, "atomics": "[11, 23]", "group_pop": 2, "init_part_assignment": 6, "id": 17}, {"graph": null, "nnodes": 2, "nedges": 1, "density": 1.0, "atomics": "[48, 49]", "group_pop": 2, "init_part_assignment": 0, "id": 18}, {"graph": null, "nnodes": 2, "nedges": 1, "density": 1.0, "atomics": "[36, 37]", "group_pop": 2, "init_part_assignment": 0, "id": 19}, {"graph": null, "nnodes": 2, "nedges": 1, "density": 1.0, "atomics": "[120, 132]", "group_pop": 2, "init_part_assignment": 3, "id": 20}, {"graph": null, "nnodes": 2, "nedges": 1, "density": 1.0, "atomics": "[24, 12]", "group_pop": 2, "init_part_assignment": 0, "id": 21}, {"graph": null, "nnodes": 2, "nedges": 1, "density": 1.0, "atomics": "[19, 7]", "group_pop": 2, "init_part_assignment": 6, "id": 22}, {"graph": null, "nnodes": 2, "nedges": 1, "density": 1.0, "atomics": "[59, 71]", "group_pop": 2, "init_part_assignment": 10, "id": 23}, {"graph": null, "nnodes": 2, "nedges": 1, "density": 1.0, "atomics": "[18, 6]", "group_pop": 2, "init_part_assignment": 9, "id": 24}, {"graph": null, "nnodes": 2, "nedges": 1, "density": 1.0, "atomics": "[123, 111]", "group_pop": 2, "init_part_assignment": 3, "id": 25}, {"graph": null, "nnodes": 2, "nedges": 1, "density": 1.0, "atomics": "[136, 135]", "group_pop": 2, "init_part_assignment": 2, "id": 26}, {"graph": null, "nnodes": 2, "nedges": 1, "density": 1.0, "atomics": "[21, 22]", "group_pop": 2, "init_part_assignment": 6, "id": 27}, {"graph": null, "nnodes": 2, "nedges": 1, "density": 1.0, "atomics": "[96, 108]", "group_pop": 2, "init_part_assignment": 5, "id": 28}, {"graph": null, "nnodes": 2, "nedges": 1, "density": 1.0, "atomics": "[128, 129]", "group_pop": 2, "init_part_assignment": 1, "id": 29}, {"graph": null, "nnodes": 2, "nedges": 1, "density": 1.0, "atomics": "[105, 117]", "group_pop": 2, "init_part_assignment": 1, "id": 30}, {"graph": null, "nnodes": 2, "nedges": 1, "density": 1.0, "atomics": "[25, 13]", "group_pop": 2, "init_part_assignment": 0, "id": 31}, {"graph": null, "nnodes": 2, "nedges": 1, "density": 1.0, "atomics": "[67, 68]", "group_pop": 2, "init_part_assignment": 8, "id": 32}, {"graph": null, "nnodes": 2, "nedges": 1, "density": 1.0, "atomics": "[91, 79]", "group_pop": 2, "init_part_assignment": 4, "id": 33}, {"graph": null, "nnodes": 2, "nedges": 1, "density": 1.0, "atomics": "[57, 58]", "group_pop": 2, "init_part_assignment": 10, "id": 34}, {"graph": null, "nnodes": 2, "nedges": 1, "density": 1.0, "atomics": "[72, 60]", "group_pop": 2, "init_part_assignment": 5, "id": 35}, {"graph": null, "nnodes": 2, "nedges": 1, "density": 1.0, "atomics": "[112, 124]", "group_pop": 2, "init_part_assignment": 3, "id": 36}, {"graph": null, "nnodes": 2, "nedges": 1, "density": 1.0, "atomics": "[33, 45]", "group_pop": 2, "init_part_assignment": 10, "id": 37}, {"graph": null, "nnodes": 2, "nedges": 1, "density": 1.0, "atomics": "[0, 1]", "group_pop": 2, "init_part_assignment": 0, "id": 38}, {"graph": null, "nnodes": 2, "nedges": 1, "density": 1.0, "atomics": "[104, 116]", "group_pop": 2, "init_part_assignment": 1, "id": 39}, {"graph": null, "nnodes": 2, "nedges": 1, "density": 1.0, "atomics": "[133, 134]", "group_pop": 2, "init_part_assignment": 3, "id": 40}, {"graph": null, "nnodes": 2, "nedges": 1, "density": 1.0, "atomics": "[121, 122]", "group_pop": 2, "init_part_assignment": 3, "id": 41}, {"graph": null, "nnodes": 2, "nedges": 1, "density": 1.0, "atomics": "[113, 125]", "group_pop": 2, "init_part_assignment": 4, "id": 42}, {"graph": null, "nnodes": 2, "nedges": 1, "density": 1.0, "atomics": "[2, 14]", "group_pop": 2, "init_part_assignment": 0, "id": 43}, {"graph": null, "nnodes": 2, "nedges": 1, "density": 1.0, "atomics": "[17, 5]", "group_pop": 2, "init_part_assignment": 9, "id": 44}, {"graph": null, "nnodes": 2, "nedges": 1, "density": 1.0, "atomics": "[140, 141]", "group_pop": 2, "init_part_assignment": 2, "id": 45}, {"graph": null, "nnodes": 2, "nedges": 1, "density": 1.0, "atomics": "[3, 15]", "group_pop": 2, "init_part_assignment": 9, "id": 46}, {"graph": null, "nnodes": 2, "nedges": 1, "density": 1.0, "atomics": "[16, 4]", "group_pop": 2, "init_part_assignment": 9, "id": 47}, {"graph": null, "nnodes": 2, "nedges": 1, "density": 1.0, "atomics": "[97, 109]", "group_pop": 2, "init_part_assignment": 5, "id": 48}, {"graph": null, "nnodes": 2, "nedges": 1, "density": 1.0, "atomics": "[137, 138]", "group_pop": 2, "init_part_assignment": 2, "id": 49}, {"graph": null, "nnodes": 2, "nedges": 1, "density": 1.0, "atomics": "[66, 78]", "group_pop": 2, "init_part_assignment": 4, "id": 50}, {"graph": null, "nnodes": 2, "nedges": 1, "density": 1.0, "atomics": "[98, 110]", "group_pop": 2, "init_part_assignment": 5, "id": 51}, {"graph": null, "nnodes": 2, "nedges": 1, "density": 1.0, "atomics": "[84, 85]", "group_pop": 2, "init_part_assignment": 5, "id": 52}, {"graph": null, "nnodes": 2, "nedges": 1, "density": 1.0, "atomics": "[46, 47]", "group_pop": 2, "init_part_assignment": 10, "id": 53}, {"graph": null, "nnodes": 2, "nedges": 1, "density": 1.0, "atomics": "[99, 100]", "group_pop": 2, "init_part_assignment": 3, "id": 54}, {"graph": null, "nnodes": 2, "nedges": 1, "density": 1.0, "atomics": "[101, 102]", "group_pop": 2, "init_part_assignment": 4, "id": 55}, {"graph": null, "nnodes": 2, "nedges": 1, "density": 1.0, "atomics": "[64, 76]", "group_pop": 2, "init_part_assignment": 7, "id": 56}, {"graph": null, "nnodes": 2, "nedges": 1, "density": 1.0, "atomics": "[139, 127]", "group_pop": 2, "init_part_assignment": 2, "id": 57}, {"graph": null, "nnodes": 2, "nedges": 1, "density": 1.0, "atomics": "[106, 94]", "group_pop": 2, "init_part_assignment": 8, "id": 58}, {"graph": null, "nnodes": 2, "nedges": 1, "density": 1.0, "atomics": "[107, 95]", "group_pop": 2, "init_part_assignment": 8, "id": 59}, {"graph": null, "nnodes": 2, "nedges": 1, "density": 1.0, "atomics": "[56, 55]", "group_pop": 2, "init_part_assignment": 11, "id": 60}, {"graph": null, "nnodes": 2, "nedges": 1, "density": 1.0, "atomics": "[118, 119]", "group_pop": 2, "init_part_assignment": 1, "id": 61}, {"graph": null, "nnodes": 2, "nedges": 1, "density": 1.0, "atomics": "[53, 54]", "group_pop": 2, "init_part_assignment": 11, "id": 62}, {"graph": null, "nnodes": 2, "nedges": 1, "density": 1.0, "atomics": "[115, 103]", "group_pop": 2, "init_part_assignment": 2, "id": 63}, {"graph": null, "nnodes": 2, "nedges": 1, "density": 1.0, "atomics": "[114, 126]", "group_pop": 2, "init_part_assignment": 2, "id": 64}, {"graph": null, "nnodes": 2, "nedges": 1, "density": 1.0, "atomics": "[26, 38]", "group_pop": 2, "init_part_assignment": 7, "id": 65}, {"graph": null, "nnodes": 2, "nedges": 1, "density": 1.0, "atomics": "[92, 93]", "group_pop": 2, "init_part_assignment": 8, "id": 66}, {"graph": null, "nnodes": 2, "nedges": 1, "density": 1.0, "atomics": "[27, 39]", "group_pop": 2, "init_part_assignment": 9, "id": 67}, {"graph": null, "nnodes": 2, "nedges": 1, "density": 1.0, "atomics": "[88, 87]", "group_pop": 2, "init_part_assignment": 4, "id": 68}, {"graph": null, "nnodes": 2, "nedges": 1, "density": 1.0, "atomics": "[51, 52]", "group_pop": 2, "init_part_assignment": 7, "id": 69}, {"graph": null, "nnodes": 2, "nedges": 1, "density": 1.0, "atomics": "[65, 77]", "group_pop": 2, "init_part_assignment": 11, "id": 70}, {"graph": null, "nnodes": 2, "nedges": 1, "density": 1.0, "atomics": "[89, 90]", "group_pop": 2, "init_part_assignment": 4, "id": 71}], "adjacency": [[{"weight": 1, "random_weight": 0.9863076102662253, "id": 1}, {"weight": 1, "random_weight": 0.7831887016460005, "id": 2}, {"weight": 1, "random_weight": 0.7797108828864225, "id": 32}, {"weight": 1, "random_weight": 0.7176607094684877, "id": 33}, {"weight": 2, "random_weight": 0.854020519445033, "id": 66}], [{"weight": 1, "random_weight": 0.9863076102662253, "id": 0}, {"weight": 1, "random_weight": 0.8013705975532797, "id": 2}, {"weight": 1, "random_weight": 0.044066905179914295, "id": 23}, {"weight": 1, "random_weight": 0.18829326301988603, "id": 32}, {"weight": 2, "random_weight": 0.5737651714786919, "id": 34}], [{"weight": 1, "random_weight": 0.7831887016460005, "id": 0}, {"weight": 1, "random_weight": 0.8013705975532797, "id": 1}, {"weight": 1, "random_weight": 0.8855235333901096, "id": 23}, {"weight": 1, "random_weight": 0.5841713661242242, "id": 58}, {"weight": 1, "random_weight": 0.0897950351117276, "id": 59}], [{"weight": 1, "random_weight": 0.6463162678762222, "id": 4}, {"weight": 1, "random_weight": 0.24362566951807874, "id": 7}, {"weight": 1, "random_weight": 0.4503568021376203, "id": 8}, {"weight": 1, "random_weight": 0.7501504161645152, "id": 51}, {"weight": 1, "random_weight": 0.14653019857489902, "id": 52}, {"weight": 1, "random_weight": 0.544118036123952, "id": 68}], [{"weight": 1, "random_weight": 0.6463162678762222, "id": 3}, {"weight": 1, "random_weight": 0.09020076489806206, "id": 8}, {"weight": 2, "random_weight": 0.3209647051508252, "id": 56}, {"weight": 1, "random_weight": 0.7965708667945194, "id": 68}, {"weight": 1, "random_weight": 0.4686374462587909, "id": 69}], [{"weight": 2, "random_weight": 0.13365691311449002, "id": 6}, {"weight": 1, "random_weight": 0.06569114722937408, "id": 13}, {"weight": 1, "random_weight": 0.6290622622253997, "id": 14}, {"weight": 1, "random_weight": 0.8209974342588364, "id": 24}, {"weight": 1, "random_weight": 0.4154904656907171, "id": 62}], [{"weight": 2, "random_weight": 0.13365691311449002, "id": 5}, {"weight": 2, "random_weight": 0.27167082619205496, "id": 9}, {"weight": 1, "random_weight": 0.9729031079542471, "id": 22}, {"weight": 1, "random_weight": 0.17545162655931934, "id": 60}], [{"weight": 1, "random_weight": 0.24362566951807874, "id": 3}, {"weight": 1, "random_weight": 0.9247948114927929, "id": 8}, {"weight": 1, "random_weight": 0.7805296195201427, "id": 18}, {"weight": 2, "random_weight": 0.2080564751941898, "id": 35}, {"weight": 1, "random_weight": 0.31436533145947576, "id": 52}], [{"weight": 1, "random_weight": 0.4503568021376203, "id": 3}, {"weight": 1, "random_weight": 0.09020076489806206, "id": 4}, {"weight": 1, "random_weight": 0.9247948114927929, "id": 7}, {"weight": 1, "random_weight": 0.7280285274584161, "id": 18}, {"weight": 1, "random_weight": 0.13959689684653853, "id": 65}, {"weight": 1, "random_weight": 0.1448969204191104, "id": 69}], [{"weight": 2, "random_weight": 0.27167082619205496, "id": 6}, {"weight": 1, "random_weight": 0.9372316971501194, "id": 10}, {"weight": 2, "random_weight": 0.11797869215988555, "id": 37}, {"weight": 1, "random_weight": 0.03746674223321078, "id": 60}], [{"weight": 1, "random_weight": 0.9372316971501194, "id": 9}, {"weight": 1, "random_weight": 0.7786688875754125, "id": 15}, {"weight": 2, "random_weight": 0.10523494000985967, "id": 22}, {"weight": 1, "random_weight": 0.7598825211146009, "id": 27}], [{"weight": 2, "random_weight": 0.14700744544917088, "id": 12}, {"weight": 1, "random_weight": 0.3375829232486486, "id": 29}, {"weight": 1, "random_weight": 0.8931822694965107, "id": 45}, {"weight": 1, "random_weight": 0.010144038009696876, "id": 61}], [{"weight": 2, "random_weight": 0.14700744544917088, "id": 11}, {"weight": 1, "random_weight": 0.3225646188585294, "id": 61}], [{"weight": 1, "random_weight": 0.06569114722937408, "id": 5}, {"weight": 2, "random_weight": 0.4338807255492845, "id": 14}, {"weight": 1, "random_weight": 0.6000363104415706, "id": 62}, {"weight": 1, "random_weight": 0.054520729760627384, "id": 67}, {"weight": 1, "random_weight": 0.40239269317180026, "id": 69}], [{"weight": 1, "random_weight": 0.6290622622253997, "id": 5}, {"weight": 2, "random_weight": 0.4338807255492845, "id": 13}, {"weight": 1, "random_weight": 0.2263476812839369, "id": 44}, {"weight": 1, "random_weight": 0.4373472234203566, "id": 47}, {"weight": 1, "random_weight": 0.08658365227611997, "id": 67}], [{"weight": 1, "random_weight": 0.7786688875754125, "id": 10}, {"weight": 1, "random_weight": 0.889452582799114, "id": 17}, {"weight": 2, "random_weight": 0.10463265247840103, "id": 27}], [{"weight": 1, "random_weight": 0.07205406904583189, "id": 17}, {"weight": 1, "random_weight": 0.04331891733537874, "id": 27}, {"weight": 1, "random_weight": 0.9282145782208658, "id": 37}, {"weight": 2, "random_weight": 0.6576746295385129, "id": 53}], [{"weight": 1, "random_weight": 0.889452582799114, "id": 15}, {"weight": 1, "random_weight": 0.07205406904583189, "id": 16}, {"weight": 1, "random_weight": 0.18845455534018907, "id": 27}], [{"weight": 1, "random_weight": 0.7805296195201427, "id": 7}, {"weight": 1, "random_weight": 0.7280285274584161, "id": 8}, {"weight": 2, "random_weight": 0.1671480872273705, "id": 19}, {"weight": 1, "random_weight": 0.769528432483943, "id": 35}], [{"weight": 2, "random_weight": 0.1671480872273705, "id": 18}, {"weight": 1, "random_weight": 0.3019125641042729, "id": 21}, {"weight": 1, "random_weight": 0.4414433783846856, "id": 31}, {"weight": 1, "random_weight": 0.9060790695837053, "id": 65}], [{"weight": 1, "random_weight": 0.7669247364916768, "id": 28}, {"weight": 1, "random_weight": 0.21793066674613448, "id": 40}, {"weight": 1, "random_weight": 0.08478215113398946, "id": 41}], [{"weight": 1, "random_weight": 0.3019125641042729, "id": 19}, {"weight": 2, "random_weight": 0.10572277117646578, "id": 31}, {"weight": 1, "random_weight": 0.3065066005799508, "id": 38}], [{"weight": 1, "random_weight": 0.9729031079542471, "id": 6}, {"weight": 2, "random_weight": 0.10523494000985967, "id": 10}, {"weight": 2, "random_weight": 0.8018878981200468, "id": 24}], [{"weight": 1, "random_weight": 0.044066905179914295, "id": 1}, {"weight": 1, "random_weight": 0.8855235333901096, "id": 2}, {"weight": 1, "random_weight": 0.9169954107880606, "id": 34}, {"weight": 1, "random_weight": 0.31967635739417544, "id": 53}], [{"weight": 1, "random_weight": 0.8209974342588364, "id": 5}, {"weight": 2, "random_weight": 0.8018878981200468, "id": 22}, {"weight": 2, "random_weight": 0.03251456657921592, "id": 44}], [{"weight": 1, "random_weight": 0.4861207088814845, "id": 26}, {"weight": 2, "random_weight": 0.3448866846989722, "id": 36}, {"weight": 1, "random_weight": 0.03163923165275384, "id": 41}, {"weight": 1, "random_weight": 0.10922376082801644, "id": 51}, {"weight": 1, "random_weight": 0.8849384816516613, "id": 54}], [{"weight": 1, "random_weight": 0.4861207088814845, "id": 25}, {"weight": 1, "random_weight": 0.9849652256516724, "id": 36}, {"weight": 1, "random_weight": 0.9868556917756354, "id": 40}, {"weight": 1, "random_weight": 0.33208388642934483, "id": 49}], [{"weight": 1, "random_weight": 0.7598825211146009, "id": 10}, {"weight": 2, "random_weight": 0.10463265247840103, "id": 15}, {"weight": 1, "random_weight": 0.04331891733537874, "id": 16}, {"weight": 1, "random_weight": 0.18845455534018907, "id": 17}, {"weight": 1, "random_weight": 0.9256835551892183, "id": 37}], [{"weight": 1, "random_weight": 0.7669247364916768, "id": 20}, {"weight": 2, "random_weight": 0.6494479192200577, "id": 48}, {"weight": 1, "random_weight": 0.4702532401767241, "id": 52}], [{"weight": 1, "random_weight": 0.3375829232486486, "id": 11}, {"weight": 1, "random_weight": 0.9764361145293108, "id": 30}, {"weight": 1, "random_weight": 0.3601914662684459, "id": 39}, {"weight": 2, "random_weight": 0.9857207419328848, "id": 45}, {"weight": 1, "random_weight": 0.5454841424086947, "id": 57}], [{"weight": 1, "random_weight": 0.9764361145293108, "id": 29}, {"weight": 2, "random_weight": 0.03317627504684717, "id": 39}, {"weight": 1, "random_weight": 0.27081697175322106, "id": 58}, {"weight": 1, "random_weight": 0.4702650879813003, "id": 61}, {"weight": 1, "random_weight": 0.08803462933399442, "id": 66}], [{"weight": 1, "random_weight": 0.4414433783846856, "id": 19}, {"weight": 2, "random_weight": 0.10572277117646578, "id": 21}, {"weight": 1, "random_weight": 0.2090403497057276, "id": 38}, {"weight": 1, "random_weight": 0.8059191588900526, "id": 43}, {"weight": 1, "random_weight": 0.374428219371974, "id": 65}], [{"weight": 1, "random_weight": 0.7797108828864225, "id": 0}, {"weight": 1, "random_weight": 0.18829326301988603, "id": 1}, {"weight": 1, "random_weight": 0.4725444200700283, "id": 33}, {"weight": 1, "random_weight": 0.33724724148493257, "id": 50}, {"weight": 2, "random_weight": 0.8346103598983869, "id": 60}], [{"weight": 1, "random_weight": 0.7176607094684877, "id": 0}, {"weight": 1, "random_weight": 0.4725444200700283, "id": 32}, {"weight": 1, "random_weight": 0.27281282711286103, "id": 50}, {"weight": 1, "random_weight": 0.8761942341998648, "id": 63}, {"weight": 1, "random_weight": 0.9181288724831105, "id": 66}, {"weight": 1, "random_weight": 0.07217422586436706, "id": 71}], [{"weight": 2, "random_weight": 0.5737651714786919, "id": 1}, {"weight": 1, "random_weight": 0.9169954107880606, "id": 23}, {"weight": 1, "random_weight": 0.23294514403048083, "id": 37}, {"weight": 1, "random_weight": 0.6925221357552146, "id": 53}, {"weight": 1, "random_weight": 0.4710768634348844, "id": 60}], [{"weight": 2, "random_weight": 0.2080564751941898, "id": 7}, {"weight": 1, "random_weight": 0.769528432483943, "id": 18}, {"weight": 1, "random_weight": 0.16586822037674187, "id": 52}], [{"weight": 2, "random_weight": 0.3448866846989722, "id": 25}, {"weight": 1, "random_weight": 0.9849652256516724, "id": 26}, {"weight": 2, "random_weight": 0.6099541342414042, "id": 42}, {"weight": 1, "random_weight": 0.40943994043199516, "id": 54}], [{"weight": 2, "random_weight": 0.11797869215988555, "id": 9}, {"weight": 1, "random_weight": 0.9282145782208658, "id": 16}, {"weight": 1, "random_weight": 0.9256835551892183, "id": 27}, {"weight": 1, "random_weight": 0.23294514403048083, "id": 34}, {"weight": 1, "random_weight": 0.6837405300289302, "id": 53}], [{"weight": 1, "random_weight": 0.3065066005799508, "id": 21}, {"weight": 1, "random_weight": 0.2090403497057276, "id": 31}, {"weight": 1, "random_weight": 0.5814092230985407, "id": 43}], [{"weight": 1, "random_weight": 0.3601914662684459, "id": 29}, {"weight": 2, "random_weight": 0.03317627504684717, "id": 30}, {"weight": 2, "random_weight": 0.49583564979693007, "id": 63}, {"weight": 1, "random_weight": 0.7109827325583331, "id": 66}], [{"weight": 1, "random_weight": 0.21793066674613448, "id": 20}, {"weight": 1, "random_weight": 0.9868556917756354, "id": 26}, {"weight": 2, "random_weight": 0.3462838463020794, "id": 41}], [{"weight": 1, "random_weight": 0.08478215113398946, "id": 20}, {"weight": 1, "random_weight": 0.03163923165275384, "id": 25}, {"weight": 2, "random_weight": 0.3462838463020794, "id": 40}, {"weight": 1, "random_weight": 0.45481566766309955, "id": 48}, {"weight": 1, "random_weight": 0.5497757018057172, "id": 51}], [{"weight": 2, "random_weight": 0.6099541342414042, "id": 36}, {"weight": 1, "random_weight": 0.9208310176016147, "id": 49}, {"weight": 1, "random_weight": 0.15885001398702026, "id": 55}, {"weight": 2, "random_weight": 0.5218306306025096, "id": 64}], [{"weight": 1, "random_weight": 0.8059191588900526, "id": 31}, {"weight": 1, "random_weight": 0.5814092230985407, "id": 38}, {"weight": 2, "random_weight": 0.9264068117242393, "id": 46}, {"weight": 1, "random_weight": 0.6462579291373144, "id": 65}], [{"weight": 1, "random_weight": 0.2263476812839369, "id": 14}, {"weight": 2, "random_weight": 0.03251456657921592, "id": 24}, {"weight": 2, "random_weight": 0.6207431448120752, "id": 47}], [{"weight": 1, "random_weight": 0.8931822694965107, "id": 11}, {"weight": 2, "random_weight": 0.9857207419328848, "id": 29}, {"weight": 1, "random_weight": 0.5866852958170019, "id": 57}], [{"weight": 2, "random_weight": 0.9264068117242393, "id": 43}, {"weight": 2, "random_weight": 0.4099501786700649, "id": 47}, {"weight": 1, "random_weight": 0.9062312529843164, "id": 67}], [{"weight": 1, "random_weight": 0.4373472234203566, "id": 14}, {"weight": 2, "random_weight": 0.6207431448120752, "id": 44}, {"weight": 2, "random_weight": 0.4099501786700649, "id": 46}], [{"weight": 2, "random_weight": 0.6494479192200577, "id": 28}, {"weight": 1, "random_weight": 0.45481566766309955, "id": 41}, {"weight": 2, "random_weight": 0.42175378296907784, "id": 51}, {"weight": 1, "random_weight": 0.16505914703035673, "id": 52}], [{"weight": 1, "random_weight": 0.33208388642934483, "id": 26}, {"weight": 1, "random_weight": 0.9208310176016147, "id": 42}, {"weight": 1, "random_weight": 0.26153597545629936, "id": 57}, {"weight": 1, "random_weight": 0.6997417985618583, "id": 64}], [{"weight": 1, "random_weight": 0.33724724148493257, "id": 32}, {"weight": 1, "random_weight": 0.27281282711286103, "id": 33}, {"weight": 1, "random_weight": 0.2351353195075131, "id": 62}, {"weight": 2, "random_weight": 0.8456394762789694, "id": 70}, {"weight": 1, "random_weight": 0.08762051976184204, "id": 71}], [{"weight": 1, "random_weight": 0.7501504161645152, "id": 3}, {"weight": 1, "random_weight": 0.10922376082801644, "id": 25}, {"weight": 1, "random_weight": 0.5497757018057172, "id": 41}, {"weight": 2, "random_weight": 0.42175378296907784, "id": 48}, {"weight": 1, "random_weight": 0.5135214874779352, "id": 54}], [{"weight": 1, "random_weight": 0.14653019857489902, "id": 3}, {"weight": 1, "random_weight": 0.31436533145947576, "id": 7}, {"weight": 1, "random_weight": 0.4702532401767241, "id": 28}, {"weight": 1, "random_weight": 0.16586822037674187, "id": 35}, {"weight": 1, "random_weight": 0.16505914703035673, "id": 48}], [{"weight": 2, "random_weight": 0.6576746295385129, "id": 16}, {"weight": 1, "random_weight": 0.31967635739417544, "id": 23}, {"weight": 1, "random_weight": 0.6925221357552146, "id": 34}, {"weight": 1, "random_weight": 0.6837405300289302, "id": 37}], [{"weight": 1, "random_weight": 0.8849384816516613, "id": 25}, {"weight": 1, "random_weight": 0.40943994043199516, "id": 36}, {"weight": 1, "random_weight": 0.5135214874779352, "id": 51}, {"weight": 1, "random_weight": 0.7558919903288585, "id": 55}, {"weight": 2, "random_weight": 0.5481514394640636, "id": 68}], [{"weight": 1, "random_weight": 0.15885001398702026, "id": 42}, {"weight": 1, "random_weight": 0.7558919903288585, "id": 54}, {"weight": 1, "random_weight": 0.6862843859157601, "id": 63}, {"weight": 1, "random_weight": 0.5991626842061478, "id": 64}, {"weight": 2, "random_weight": 0.19287292629553732, "id": 71}], [{"weight": 2, "random_weight": 0.3209647051508252, "id": 4}, {"weight": 1, "random_weight": 0.8212228406021352, "id": 68}, {"weight": 1, "random_weight": 0.18485480686724154, "id": 69}, {"weight": 2, "random_weight": 0.4295132067328097, "id": 70}], [{"weight": 1, "random_weight": 0.5454841424086947, "id": 29}, {"weight": 1, "random_weight": 0.5866852958170019, "id": 45}, {"weight": 1, "random_weight": 0.26153597545629936, "id": 49}, {"weight": 1, "random_weight": 0.16048515106148975, "id": 63}, {"weight": 1, "random_weight": 0.01646586351745616, "id": 64}], [{"weight": 1, "random_weight": 0.5841713661242242, "id": 2}, {"weight": 1, "random_weight": 0.27081697175322106, "id": 30}, {"weight": 2, "random_weight": 0.22007093636470632, "id": 59}, {"weight": 1, "random_weight": 0.7356676968800246, "id": 61}, {"weight": 1, "random_weight": 0.4645990558428329, "id": 66}], [{"weight": 1, "random_weight": 0.0897950351117276, "id": 2}, {"weight": 2, "random_weight": 0.22007093636470632, "id": 58}, {"weight": 1, "random_weight": 0.9406304285481755, "id": 61}], [{"weight": 1, "random_weight": 0.17545162655931934, "id": 6}, {"weight": 1, "random_weight": 0.03746674223321078, "id": 9}, {"weight": 2, "random_weight": 0.8346103598983869, "id": 32}, {"weight": 1, "random_weight": 0.4710768634348844, "id": 34}, {"weight": 1, "random_weight": 0.19726103671917217, "id": 62}], [{"weight": 1, "random_weight": 0.010144038009696876, "id": 11}, {"weight": 1, "random_weight": 0.3225646188585294, "id": 12}, {"weight": 1, "random_weight": 0.4702650879813003, "id": 30}, {"weight": 1, "random_weight": 0.7356676968800246, "id": 58}, {"weight": 1, "random_weight": 0.9406304285481755, "id": 59}], [{"weight": 1, "random_weight": 0.4154904656907171, "id": 5}, {"weight": 1, "random_weight": 0.6000363104415706, "id": 13}, {"weight": 1, "random_weight": 0.2351353195075131, "id": 50}, {"weight": 1, "random_weight": 0.19726103671917217, "id": 60}, {"weight": 1, "random_weight": 0.31110703541552953, "id": 69}, {"weight": 1, "random_weight": 0.6790181309992047, "id": 70}], [{"weight": 1, "random_weight": 0.8761942341998648, "id": 33}, {"weight": 2, "random_weight": 0.49583564979693007, "id": 39}, {"weight": 1, "random_weight": 0.6862843859157601, "id": 55}, {"weight": 1, "random_weight": 0.16048515106148975, "id": 57}, {"weight": 1, "random_weight": 0.46465805921168135, "id": 64}], [{"weight": 2, "random_weight": 0.5218306306025096, "id": 42}, {"weight": 1, "random_weight": 0.6997417985618583, "id": 49}, {"weight": 1, "random_weight": 0.5991626842061478, "id": 55}, {"weight": 1, "random_weight": 0.01646586351745616, "id": 57}, {"weight": 1, "random_weight": 0.46465805921168135, "id": 63}], [{"weight": 1, "random_weight": 0.13959689684653853, "id": 8}, {"weight": 1, "random_weight": 0.9060790695837053, "id": 19}, {"weight": 1, "random_weight": 0.374428219371974, "id": 31}, {"weight": 1, "random_weight": 0.6462579291373144, "id": 43}, {"weight": 2, "random_weight": 0.397369686879569, "id": 67}], [{"weight": 2, "random_weight": 0.854020519445033, "id": 0}, {"weight": 1, "random_weight": 0.08803462933399442, "id": 30}, {"weight": 1, "random_weight": 0.9181288724831105, "id": 33}, {"weight": 1, "random_weight": 0.7109827325583331, "id": 39}, {"weight": 1, "random_weight": 0.4645990558428329, "id": 58}], [{"weight": 1, "random_weight": 0.054520729760627384, "id": 13}, {"weight": 1, "random_weight": 0.08658365227611997, "id": 14}, {"weight": 1, "random_weight": 0.9062312529843164, "id": 46}, {"weight": 2, "random_weight": 0.397369686879569, "id": 65}, {"weight": 1, "random_weight": 0.9736692560488824, "id": 69}], [{"weight": 1, "random_weight": 0.544118036123952, "id": 3}, {"weight": 1, "random_weight": 0.7965708667945194, "id": 4}, {"weight": 2, "random_weight": 0.5481514394640636, "id": 54}, {"weight": 1, "random_weight": 0.8212228406021352, "id": 56}, {"weight": 1, "random_weight": 0.007665226382414958, "id": 71}], [{"weight": 1, "random_weight": 0.4686374462587909, "id": 4}, {"weight": 1, "random_weight": 0.1448969204191104, "id": 8}, {"weight": 1, "random_weight": 0.40239269317180026, "id": 13}, {"weight": 1, "random_weight": 0.18485480686724154, "id": 56}, {"weight": 1, "random_weight": 0.31110703541552953, "id": 62}, {"weight": 1, "random_weight": 0.9736692560488824, "id": 67}], [{"weight": 2, "random_weight": 0.8456394762789694, "id": 50}, {"weight": 2, "random_weight": 0.4295132067328097, "id": 56}, {"weight": 1, "random_weight": 0.6790181309992047, "id": 62}, {"weight": 1, "random_weight": 0.5823851143411509, "id": 71}], [{"weight": 1, "random_weight": 0.07217422586436706, "id": 33}, {"weight": 1, "random_weight": 0.08762051976184204, "id": 50}, {"weight": 2, "random_weight": 0.19287292629553732, "id": 55}, {"weight": 1, "random_weight": 0.007665226382414958, "id": 68}, {"weight": 1, "random_weight": 0.5823851143411509, "id": 70}]]}