{"directed": false, "multigraph": false, "graph": [], "nodes": [{"graph": null, "nnodes": 2, "nedges": 1, "density": 1.0, "atomics": "[81, 93]", "group_pop": 2, "init_part_assignment": 9, "id": 0}, {"graph": null, "nnodes": 2, "nedges": 1, "density": 1.0, "atomics": "[68, 69]", "group_pop": 2, "init_part_assignment": 9, "id": 1}, {"graph": null, "nnodes": 2, "nedges": 1, "density": 1.0, "atomics": "[82, 70]", "group_pop": 2, "init_part_assignment": 9, "id": 2}, {"graph": null, "nnodes": 2, "nedges": 1, "density": 1.0, "atomics": "[73, 74]", "group_pop": 2, "init_part_assignment": 11, "id": 3}, {"graph": null, "nnodes": 2, "nedges": 1, "density": 1.0, "atomics": "[75, 63]", "group_pop": 2, "init_part_assignment": 11, "id": 4}, {"graph": null, "nnodes": 2, "nedges": 1, "density": 1.0, "atomics": "[42, 30]", "group_pop": 2, "init_part_assignment": 7, "id": 5}, {"graph": null, "nnodes": 2, "nedges": 1, "density": 1.0, "atomics": "[43, 55]", "group_pop": 2, "init_part_assignment": 7, "id": 6}, {"graph": null, "nnodes": 2, "nedges": 1, "density": 1.0, "atomics": "[61, 62]", "group_pop": 2, "init_part_assignment": 11, "id": 7}, {"graph": null, "nnodes": 2, "nedges": 1, "density": 1.0, "atomics": "[32, 44]", "group_pop": 2, "init_part_assignment": 6, "id": 8}, {"graph": null, "nnodes": 2, "nedges": 1, "density": 1.0, "atomics": "[8, 20]", "group_pop": 2, "init_part_assignment": 6, "id": 9}, {"graph": null, "nnodes": 2, "nedges": 1, "density": 1.0, "atomics": "[130, 142]", "group_pop": 2, "init_part_assignment": 0, "id": 10}, {"graph": null, "nnodes": 2, "nedges": 1, "density": 1.0, "atomics": "[131, 143]", "group_pop": 2, "init_part_assignment": 5, "id": 11}, {"graph": null, "nnodes": 2, "nedges": 1, "density": 1.0, "atomics": "[41, 29]", "group_pop": 2, "init_part_assignment": 7, "id": 12}, {"graph": null, "nnodes": 2, "nedges": 1, "density": 1.0, "atomics": "[9, 21]", "group_pop": 2, "init_part_assignment": 6, "id": 13}, {"graph": null, "nnodes": 2, "nedges": 1, "density": 1.0, "atomics": "[34, 35]", "group_pop": 2, "init_part_assignment": 2, "id": 14}, {"graph": null, "nnodes": 2, "nedges": 1, "density": 1.0, "atomics": "[11, 23]", "group_pop": 2, "init_part_assignment": 2, "id": 15}, {"graph": null, "nnodes": 2, "nedges": 1, "density": 1.0, "atomics": "[48, 49]", "group_pop": 2, "init_part_assignment": 8, "id": 16}, {"graph": null, "nnodes": 2, "nedges": 1, "density": 1.0, "atomics": "[25, 37]", "group_pop": 2, "init_part_assignment": 8, "id": 17}, {"graph": null, "nnodes": 2, "nedges": 1, "density": 1.0, "atomics": "[120, 121]", "group_pop": 2, "init_part_assignment": 3, "id": 18}, {"graph": null, "nnodes": 2, "nedges": 1, "density": 1.0, "atomics": "[132, 133]", "group_pop": 2, "init_part_assignment": 3, "id": 19}, {"graph": null, "nnodes": 2, "nedges": 1, "density": 1.0, "atomics": "[24, 36]", "group_pop": 2, "init_part_assignment": 8, "id": 20}, {"graph": null, "nnodes": 2, "nedges": 1, "density": 1.0, "atomics": "[19, 31]", "group_pop": 2, "init_part_assignment": 6, "id": 21}, {"graph": null, "nnodes": 2, "nedges": 1, "density": 1.0, "atomics": "[83, 71]", "group_pop": 2, "init_part_assignment": 2, "id": 22}, {"graph": null, "nnodes": 2, "nedges": 1, "density": 1.0, "atomics": "[17, 18]", "group_pop": 2, "init_part_assignment": 7, "id": 23}, {"graph": null, "nnodes": 2, "nedges": 1, "density": 1.0, "atomics": "[122, 123]", "group_pop": 2, "init_part_assignment": 3, "id": 24}, {"graph": null, "nnodes": 2, "nedges": 1, "density": 1.0, "atomics": "[134, 135]", "group_pop": 2, "init_part_assignment": 3, "id": 25}, {"graph": null, "nnodes": 2, "nedges": 1, "density": 1.0, "atomics": "[10, 22]", "group_pop": 2, "init_part_assignment": 2, "id": 26}, {"graph": null, "nnodes": 2, "nedges": 1, "density": 1.0, "atomics": "[96, 84]", "group_pop": 2, "init_part_assignment": 8, "id": 27}, {"graph": null, "nnodes": 2, "nedges": 1, "density": 1.0, "atomics": "[108, 109]", "group_pop": 2, "init_part_assignment": 3, "id": 28}, {"graph": null, "nnodes": 2, "nedges": 1, "density": 1.0, "atomics": "[129, 117]", "group_pop": 2, "init_part_assignment": 0, "id": 29}, {"graph": null, "nnodes": 2, "nedges": 1, "density": 1.0, "atomics": "[1, 13]", "group_pop": 2, "init_part_assignment": 1, "id": 30}, {"graph": null, "nnodes": 2, "nedges": 1, "density": 1.0, "atomics": "[66, 67]", "group_pop": 2, "init_part_assignment": 10, "id": 31}, {"graph": null, "nnodes": 2, "nedges": 1, "density": 1.0, "atomics": "[80, 79]", "group_pop": 2, "init_part_assignment": 9, "id": 32}, {"graph": null, "nnodes": 2, "nedges": 1, "density": 1.0, "atomics": "[56, 57]", "group_pop": 2, "init_part_assignment": 6, "id": 33}, {"graph": null, "nnodes": 2, "nedges": 1, "density": 1.0, "atomics": "[58, 46]", "group_pop": 2, "init_part_assignment": 6, "id": 34}, {"graph": null, "nnodes": 2, "nedges": 1, "density": 1.0, "atomics": "[72, 60]", "group_pop": 2, "init_part_assignment": 8, "id": 35}, {"graph": null, "nnodes": 2, "nedges": 1, "density": 1.0, "atomics": "[136, 137]", "group_pop": 2, "init_part_assignment": 4, "id": 36}, {"graph": null, "nnodes": 2, "nedges": 1, "density": 1.0, "atomics": "[112, 124]", "group_pop": 2, "init_part_assignment": 4, "id": 37}, {"graph": null, "nnodes": 2, "nedges": 1, "density": 1.0, "atomics": "[6, 7]", "group_pop": 2, "init_part_assignment": 1, "id": 38}, {"graph": null, "nnodes": 2, "nedges": 1, "density": 1.0, "atomics": "[33, 45]", "group_pop": 2, "init_part_assignment": 2, "id": 39}, {"graph": null, "nnodes": 2, "nedges": 1, "density": 1.0, "atomics": "[40, 52]", "group_pop": 2, "init_part_assignment": 10, "id": 40}, {"graph": null, "nnodes": 2, "nedges": 1, "density": 1.0, "atomics": "[16, 28]", "group_pop": 2, "init_part_assignment": 7, "id": 41}, {"graph": null, "nnodes": 2, "nedges": 1, "density": 1.0, "atomics": "[0, 12]", "group_pop": 2, "init_part_assignment": 1, "id": 42}, {"graph": null, "nnodes": 2, "nedges": 1, "density": 1.0, "atomics": "[128, 116]", "group_pop": 2, "init_part_assignment": 0, "id": 43}, {"graph": null, "nnodes": 2, "nedges": 1, "density": 1.0, "atomics": "[113, 125]", "group_pop": 2, "init_part_assignment": 4, "id": 44}, {"graph": null, "nnodes": 2, "nedges": 1, "density": 1.0, "atomics": "[2, 3]", "group_pop": 2, "init_part_assignment": 1, "id": 45}, {"graph": null, "nnodes": 2, "nedges": 1, "density": 1.0, "atomics": "[4, 5]", "group_pop": 2, "init_part_assignment": 1, "id": 46}, {"graph": null, "nnodes": 2, "nedges": 1, "density": 1.0, "atomics": "[140, 141]", "group_pop": 2, "init_part_assignment": 0, "id": 47}, {"graph": null, "nnodes": 2, "nedges": 1, "density": 1.0, "atomics": "[97, 98]", "group_pop": 2, "init_part_assignment": 8, "id": 48}, {"graph": null, "nnodes": 2, "nedges": 1, "density": 1.0, "atomics": "[90, 78]", "group_pop": 2, "init_part_assignment": 9, "id": 49}, {"graph": null, "nnodes": 2, "nedges": 1, "density": 1.0, "atomics": "[27, 15]", "group_pop": 2, "init_part_assignment": 7, "id": 50}, {"graph": null, "nnodes": 2, "nedges": 1, "density": 1.0, "atomics": "[110, 111]", "group_pop": 2, "init_part_assignment": 3, "id": 51}, {"graph": null, "nnodes": 2, "nedges": 1, "density": 1.0, "atomics": "[59, 47]", "group_pop": 2, "init_part_assignment": 2, "id": 52}, {"graph": null, "nnodes": 2, "nedges": 1, "density": 1.0, "atomics": "[99, 100]", "group_pop": 2, "init_part_assignment": 4, "id": 53}, {"graph": null, "nnodes": 2, "nedges": 1, "density": 1.0, "atomics": "[89, 101]", "group_pop": 2, "init_part_assignment": 9, "id": 54}, {"graph": null, "nnodes": 2, "nedges": 1, "density": 1.0, "atomics": "[64, 65]", "group_pop": 2, "init_part_assignment": 10, "id": 55}, {"graph": null, "nnodes": 2, "nedges": 1, "density": 1.0, "atomics": "[139, 127]", "group_pop": 2, "init_part_assignment": 0, "id": 56}, {"graph": null, "nnodes": 2, "nedges": 1, "density": 1.0, "atomics": "[94, 95]", "group_pop": 2, "init_part_assignment": 5, "id": 57}, {"graph": null, "nnodes": 2, "nedges": 1, "density": 1.0, "atomics": "[85, 86]", "group_pop": 2, "init_part_assignment": 11, "id": 58}, {"graph": null, "nnodes": 2, "nedges": 1, "density": 1.0, "atomics": "[107, 119]", "group_pop": 2, "init_part_assignment": 5, "id": 59}, {"graph": null, "nnodes": 2, "nedges": 1, "density": 1.0, "atomics": "[53, 54]", "group_pop": 2, "init_part_assignment": 10, "id": 60}, {"graph": null, "nnodes": 2, "nedges": 1, "density": 1.0, "atomics": "[115, 103]", "group_pop": 2, "init_part_assignment": 0, "id": 61}, {"graph": null, "nnodes": 2, "nedges": 1, "density": 1.0, "atomics": "[138, 126]", "group_pop": 2, "init_part_assignment": 4, "id": 62}, {"graph": null, "nnodes": 2, "nedges": 1, "density": 1.0, "atomics": "[50, 38]", "group_pop": 2, "init_part_assignment": 11, "id": 63}, {"graph": null, "nnodes": 2, "nedges": 1, "density": 1.0, "atomics": "[114, 102]", "group_pop": 2, "init_part_assignment": 4, "id": 64}, {"graph": null, "nnodes": 2, "nedges": 1, "density": 1.0, "atomics": "[106, 118]", "group_pop": 2, "init_part_assignment": 5, "id": 65}, {"graph": null, "nnodes": 2, "nedges": 1, "density": 1.0, "atomics": "[104, 105]", "group_pop": 2, "init_part_assignment": 5, "id": 66}, {"graph": null, "nnodes": 2, "nedges": 1, "density": 1.0, "atomics": "[26, 14]", "group_pop": 2, "init_part_assignment": 1, "id": 67}, {"graph": null, "nnodes": 2, "nedges": 1, "density": 1.0, "atomics": "[51, 39]", "group_pop": 2, "init_part_assignment": 11, "id": 68}, {"graph": null, "nnodes": 2, "nedges": 1, "density": 1.0, "atomics": "[88, 87]", "group_pop": 2, "init_part_assignment": 10, "id": 69}, {"graph": null, "nnodes": 2, "nedges": 1, "density": 1.0, "atomics": "[91, 92]", "group_pop": 2, "init_part_assignment": 5, "id": 70}, {"graph": null, "nnodes": 2, "nedges": 1, "density": 1.0, "atomics": "[76, 77]", "group_pop": 2, "init_part_assignment": 10, "id": 71}], "adjacency": [[{"weight": 1, "random_weight": 0.07059663459047616, "id": 1}, {"weight": 1, "random_weight": 0.8719042036612832, "id": 2}, {"weight": 1, "random_weight": 0.4489167302635465, "id": 32}, {"weight": 1, "random_weight": 0.9393234357828593, "id": 57}, {"weight": 1, "random_weight": 0.7772093932861729, "id": 66}, {"weight": 1, "random_weight": 0.6209807683747285, "id": 70}], [{"weight": 1, "random_weight": 0.07059663459047616, "id": 0}, {"weight": 1, "random_weight": 0.27231903927361456, "id": 2}, {"weight": 1, "random_weight": 0.5294913482334549, "id": 31}, {"weight": 1, "random_weight": 0.3292348103338695, "id": 32}, {"weight": 2, "random_weight": 0.49600513051073214, "id": 33}], [{"weight": 1, "random_weight": 0.8719042036612832, "id": 0}, {"weight": 1, "random_weight": 0.27231903927361456, "id": 1}, {"weight": 2, "random_weight": 0.7331879142533828, "id": 22}, {"weight": 1, "random_weight": 0.9535401206466195, "id": 34}, {"weight": 1, "random_weight": 0.6935444995685368, "id": 57}], [{"weight": 1, "random_weight": 0.11151929091205193, "id": 4}, {"weight": 2, "random_weight": 0.3974252845701908, "id": 7}, {"weight": 1, "random_weight": 0.7162514320275827, "id": 35}, {"weight": 2, "random_weight": 0.6608067250655362, "id": 58}], [{"weight": 1, "random_weight": 0.11151929091205193, "id": 3}, {"weight": 1, "random_weight": 0.3096275118941304, "id": 7}, {"weight": 1, "random_weight": 0.9189365826510033, "id": 55}, {"weight": 1, "random_weight": 0.8870290790607323, "id": 68}, {"weight": 1, "random_weight": 0.9897220024733716, "id": 69}, {"weight": 1, "random_weight": 0.3710970873166787, "id": 71}], [{"weight": 1, "random_weight": 0.14878242391081642, "id": 6}, {"weight": 2, "random_weight": 0.6491224041896064, "id": 12}, {"weight": 1, "random_weight": 0.9582880707818676, "id": 21}, {"weight": 1, "random_weight": 0.14730284821143869, "id": 23}, {"weight": 1, "random_weight": 0.9673702892588628, "id": 60}], [{"weight": 1, "random_weight": 0.14878242391081642, "id": 5}, {"weight": 1, "random_weight": 0.8067033124894807, "id": 8}, {"weight": 1, "random_weight": 0.834071907219701, "id": 21}, {"weight": 1, "random_weight": 0.8309483050279711, "id": 31}, {"weight": 1, "random_weight": 0.7691825160178497, "id": 33}, {"weight": 1, "random_weight": 0.6161750529863423, "id": 60}], [{"weight": 2, "random_weight": 0.3974252845701908, "id": 3}, {"weight": 1, "random_weight": 0.3096275118941304, "id": 4}, {"weight": 1, "random_weight": 0.28884625869299263, "id": 16}, {"weight": 1, "random_weight": 0.5856378369952484, "id": 35}, {"weight": 1, "random_weight": 0.07846734128911792, "id": 63}], [{"weight": 1, "random_weight": 0.8067033124894807, "id": 6}, {"weight": 1, "random_weight": 0.7507035945115426, "id": 9}, {"weight": 1, "random_weight": 0.4713243769082406, "id": 21}, {"weight": 1, "random_weight": 0.5848669816351186, "id": 33}, {"weight": 2, "random_weight": 0.9284033460442601, "id": 39}], [{"weight": 1, "random_weight": 0.7507035945115426, "id": 8}, {"weight": 2, "random_weight": 0.23986132297245044, "id": 13}, {"weight": 1, "random_weight": 0.8970813516842188, "id": 21}, {"weight": 1, "random_weight": 0.5166694186309841, "id": 38}], [{"weight": 2, "random_weight": 0.7337413417590273, "id": 11}, {"weight": 1, "random_weight": 0.4897688447946459, "id": 29}, {"weight": 1, "random_weight": 0.8036158615109986, "id": 47}, {"weight": 1, "random_weight": 0.49133537295932206, "id": 65}], [{"weight": 2, "random_weight": 0.7337413417590273, "id": 10}, {"weight": 1, "random_weight": 0.13897210116478576, "id": 59}], [{"weight": 2, "random_weight": 0.6491224041896064, "id": 5}, {"weight": 1, "random_weight": 0.4404012434769903, "id": 23}, {"weight": 1, "random_weight": 0.9596431627701211, "id": 40}, {"weight": 1, "random_weight": 0.060532249140921146, "id": 41}, {"weight": 1, "random_weight": 0.9330082711265806, "id": 60}], [{"weight": 2, "random_weight": 0.23986132297245044, "id": 9}, {"weight": 2, "random_weight": 0.598768565128954, "id": 26}, {"weight": 1, "random_weight": 0.7058910845606396, "id": 39}], [{"weight": 1, "random_weight": 0.5474339736119351, "id": 15}, {"weight": 1, "random_weight": 0.4436244112188923, "id": 26}, {"weight": 1, "random_weight": 0.8083538407227232, "id": 34}, {"weight": 1, "random_weight": 0.25527777935089413, "id": 39}, {"weight": 1, "random_weight": 0.4811797630326682, "id": 52}], [{"weight": 1, "random_weight": 0.5474339736119351, "id": 14}, {"weight": 2, "random_weight": 0.6039908011389782, "id": 26}], [{"weight": 1, "random_weight": 0.28884625869299263, "id": 7}, {"weight": 1, "random_weight": 0.06533471565972748, "id": 17}, {"weight": 1, "random_weight": 0.7732536688178744, "id": 20}, {"weight": 1, "random_weight": 0.5030224048749097, "id": 35}, {"weight": 1, "random_weight": 0.8317220716044144, "id": 63}], [{"weight": 1, "random_weight": 0.06533471565972748, "id": 16}, {"weight": 2, "random_weight": 0.5702048262255508, "id": 20}, {"weight": 1, "random_weight": 0.3228440098267593, "id": 30}, {"weight": 1, "random_weight": 0.4882710215609738, "id": 63}, {"weight": 1, "random_weight": 0.9755548313734137, "id": 67}], [{"weight": 2, "random_weight": 0.26469119889040904, "id": 19}, {"weight": 1, "random_weight": 0.32375267762549564, "id": 24}, {"weight": 2, "random_weight": 0.8995262821989035, "id": 28}], [{"weight": 2, "random_weight": 0.26469119889040904, "id": 18}, {"weight": 1, "random_weight": 0.1781886123801747, "id": 25}], [{"weight": 1, "random_weight": 0.7732536688178744, "id": 16}, {"weight": 2, "random_weight": 0.5702048262255508, "id": 17}, {"weight": 1, "random_weight": 0.9413994698464951, "id": 42}], [{"weight": 1, "random_weight": 0.9582880707818676, "id": 5}, {"weight": 1, "random_weight": 0.834071907219701, "id": 6}, {"weight": 1, "random_weight": 0.4713243769082406, "id": 8}, {"weight": 1, "random_weight": 0.8970813516842188, "id": 9}, {"weight": 1, "random_weight": 0.7361685542587671, "id": 23}, {"weight": 1, "random_weight": 0.8525314910845386, "id": 38}], [{"weight": 2, "random_weight": 0.7331879142533828, "id": 2}, {"weight": 1, "random_weight": 0.0031899705952371793, "id": 52}, {"weight": 1, "random_weight": 0.5248750278711103, "id": 57}], [{"weight": 1, "random_weight": 0.14730284821143869, "id": 5}, {"weight": 1, "random_weight": 0.4404012434769903, "id": 12}, {"weight": 1, "random_weight": 0.7361685542587671, "id": 21}, {"weight": 1, "random_weight": 0.9121399834656508, "id": 38}, {"weight": 1, "random_weight": 0.11627674997837367, "id": 41}, {"weight": 1, "random_weight": 0.8021894181687822, "id": 46}], [{"weight": 1, "random_weight": 0.32375267762549564, "id": 18}, {"weight": 2, "random_weight": 0.24533179411367823, "id": 25}, {"weight": 1, "random_weight": 0.7325366198007501, "id": 37}, {"weight": 2, "random_weight": 0.37228967822181935, "id": 51}], [{"weight": 1, "random_weight": 0.1781886123801747, "id": 19}, {"weight": 2, "random_weight": 0.24533179411367823, "id": 24}, {"weight": 1, "random_weight": 0.5116131632365765, "id": 36}], [{"weight": 2, "random_weight": 0.598768565128954, "id": 13}, {"weight": 1, "random_weight": 0.4436244112188923, "id": 14}, {"weight": 2, "random_weight": 0.6039908011389782, "id": 15}], [{"weight": 1, "random_weight": 0.7982481911848845, "id": 28}, {"weight": 1, "random_weight": 0.3117298241488685, "id": 35}, {"weight": 1, "random_weight": 0.03519095605350775, "id": 48}, {"weight": 1, "random_weight": 0.6897272026769198, "id": 58}], [{"weight": 2, "random_weight": 0.8995262821989035, "id": 18}, {"weight": 1, "random_weight": 0.7982481911848845, "id": 27}, {"weight": 1, "random_weight": 0.6598046721030809, "id": 48}, {"weight": 1, "random_weight": 0.2223368608516132, "id": 51}], [{"weight": 1, "random_weight": 0.4897688447946459, "id": 10}, {"weight": 2, "random_weight": 0.295678312975874, "id": 43}, {"weight": 1, "random_weight": 0.012300711036488332, "id": 47}, {"weight": 1, "random_weight": 0.6671850926141246, "id": 65}, {"weight": 1, "random_weight": 0.07695788142715165, "id": 66}], [{"weight": 1, "random_weight": 0.3228440098267593, "id": 17}, {"weight": 2, "random_weight": 0.469026333266085, "id": 42}, {"weight": 1, "random_weight": 0.15912869863059664, "id": 45}, {"weight": 1, "random_weight": 0.2895227717570289, "id": 67}], [{"weight": 1, "random_weight": 0.5294913482334549, "id": 1}, {"weight": 1, "random_weight": 0.8309483050279711, "id": 6}, {"weight": 1, "random_weight": 0.6946790994067933, "id": 32}, {"weight": 1, "random_weight": 0.823126935929412, "id": 49}, {"weight": 1, "random_weight": 0.8001690483041354, "id": 55}, {"weight": 1, "random_weight": 0.6954447403392893, "id": 60}], [{"weight": 1, "random_weight": 0.4489167302635465, "id": 0}, {"weight": 1, "random_weight": 0.3292348103338695, "id": 1}, {"weight": 1, "random_weight": 0.6946790994067933, "id": 31}, {"weight": 1, "random_weight": 0.25417736797826773, "id": 49}, {"weight": 2, "random_weight": 0.44265609456513844, "id": 70}], [{"weight": 2, "random_weight": 0.49600513051073214, "id": 1}, {"weight": 1, "random_weight": 0.7691825160178497, "id": 6}, {"weight": 1, "random_weight": 0.5848669816351186, "id": 8}, {"weight": 1, "random_weight": 0.23211834961935351, "id": 34}, {"weight": 1, "random_weight": 0.12096854801626322, "id": 39}], [{"weight": 1, "random_weight": 0.9535401206466195, "id": 2}, {"weight": 1, "random_weight": 0.8083538407227232, "id": 14}, {"weight": 1, "random_weight": 0.23211834961935351, "id": 33}, {"weight": 1, "random_weight": 0.6244018119929169, "id": 39}, {"weight": 2, "random_weight": 0.6286442556865632, "id": 52}], [{"weight": 1, "random_weight": 0.7162514320275827, "id": 3}, {"weight": 1, "random_weight": 0.5856378369952484, "id": 7}, {"weight": 1, "random_weight": 0.5030224048749097, "id": 16}, {"weight": 1, "random_weight": 0.3117298241488685, "id": 27}], [{"weight": 1, "random_weight": 0.5116131632365765, "id": 25}, {"weight": 1, "random_weight": 0.3128217569568228, "id": 37}, {"weight": 1, "random_weight": 0.19430078403517226, "id": 44}, {"weight": 1, "random_weight": 0.21288615190219862, "id": 62}], [{"weight": 1, "random_weight": 0.7325366198007501, "id": 24}, {"weight": 1, "random_weight": 0.3128217569568228, "id": 36}, {"weight": 2, "random_weight": 0.00877088213315591, "id": 44}, {"weight": 1, "random_weight": 0.10779406858290941, "id": 51}, {"weight": 1, "random_weight": 0.18693608824524444, "id": 53}], [{"weight": 1, "random_weight": 0.5166694186309841, "id": 9}, {"weight": 1, "random_weight": 0.8525314910845386, "id": 21}, {"weight": 1, "random_weight": 0.9121399834656508, "id": 23}, {"weight": 1, "random_weight": 0.5052498784498777, "id": 46}], [{"weight": 2, "random_weight": 0.9284033460442601, "id": 8}, {"weight": 1, "random_weight": 0.7058910845606396, "id": 13}, {"weight": 1, "random_weight": 0.25527777935089413, "id": 14}, {"weight": 1, "random_weight": 0.12096854801626322, "id": 33}, {"weight": 1, "random_weight": 0.6244018119929169, "id": 34}], [{"weight": 1, "random_weight": 0.9596431627701211, "id": 12}, {"weight": 1, "random_weight": 0.6918677281351414, "id": 41}, {"weight": 1, "random_weight": 0.37660477832088013, "id": 55}, {"weight": 1, "random_weight": 0.5476809566193013, "id": 60}, {"weight": 2, "random_weight": 0.9533054461917704, "id": 68}], [{"weight": 1, "random_weight": 0.060532249140921146, "id": 12}, {"weight": 1, "random_weight": 0.11627674997837367, "id": 23}, {"weight": 1, "random_weight": 0.6918677281351414, "id": 40}, {"weight": 1, "random_weight": 0.6159697361447057, "id": 46}, {"weight": 2, "random_weight": 0.16900149622704108, "id": 50}], [{"weight": 1, "random_weight": 0.9413994698464951, "id": 20}, {"weight": 2, "random_weight": 0.469026333266085, "id": 30}], [{"weight": 2, "random_weight": 0.295678312975874, "id": 29}, {"weight": 1, "random_weight": 0.13858619368529657, "id": 47}, {"weight": 1, "random_weight": 0.5198079678885787, "id": 56}, {"weight": 1, "random_weight": 0.5477708301603001, "id": 61}, {"weight": 1, "random_weight": 0.4375883873894394, "id": 66}], [{"weight": 1, "random_weight": 0.19430078403517226, "id": 36}, {"weight": 2, "random_weight": 0.00877088213315591, "id": 37}, {"weight": 1, "random_weight": 0.4469235749902615, "id": 54}, {"weight": 1, "random_weight": 0.09463163759295667, "id": 62}, {"weight": 1, "random_weight": 0.8074887678392745, "id": 64}], [{"weight": 1, "random_weight": 0.15912869863059664, "id": 30}, {"weight": 1, "random_weight": 0.4167684356674376, "id": 46}, {"weight": 1, "random_weight": 0.5561351141273342, "id": 50}, {"weight": 1, "random_weight": 0.9801936119022907, "id": 67}], [{"weight": 1, "random_weight": 0.8021894181687822, "id": 23}, {"weight": 1, "random_weight": 0.5052498784498777, "id": 38}, {"weight": 1, "random_weight": 0.6159697361447057, "id": 41}, {"weight": 1, "random_weight": 0.4167684356674376, "id": 45}], [{"weight": 1, "random_weight": 0.8036158615109986, "id": 10}, {"weight": 1, "random_weight": 0.012300711036488332, "id": 29}, {"weight": 1, "random_weight": 0.13858619368529657, "id": 43}, {"weight": 1, "random_weight": 0.1920968051895292, "id": 56}], [{"weight": 1, "random_weight": 0.03519095605350775, "id": 27}, {"weight": 1, "random_weight": 0.6598046721030809, "id": 28}, {"weight": 1, "random_weight": 0.8658667142217651, "id": 51}, {"weight": 1, "random_weight": 0.6515027348096536, "id": 53}, {"weight": 2, "random_weight": 0.6627524599882634, "id": 58}], [{"weight": 1, "random_weight": 0.823126935929412, "id": 31}, {"weight": 1, "random_weight": 0.25417736797826773, "id": 32}, {"weight": 1, "random_weight": 0.5570603685898181, "id": 54}, {"weight": 1, "random_weight": 0.5495885189023543, "id": 64}, {"weight": 1, "random_weight": 0.1640999309693585, "id": 70}, {"weight": 1, "random_weight": 0.0605778478807274, "id": 71}], [{"weight": 2, "random_weight": 0.16900149622704108, "id": 41}, {"weight": 1, "random_weight": 0.5561351141273342, "id": 45}, {"weight": 2, "random_weight": 0.9006286714347828, "id": 67}, {"weight": 1, "random_weight": 0.3399958584501248, "id": 68}], [{"weight": 2, "random_weight": 0.37228967822181935, "id": 24}, {"weight": 1, "random_weight": 0.2223368608516132, "id": 28}, {"weight": 1, "random_weight": 0.10779406858290941, "id": 37}, {"weight": 1, "random_weight": 0.8658667142217651, "id": 48}, {"weight": 1, "random_weight": 0.8089185998809025, "id": 53}], [{"weight": 1, "random_weight": 0.4811797630326682, "id": 14}, {"weight": 1, "random_weight": 0.0031899705952371793, "id": 22}, {"weight": 2, "random_weight": 0.6286442556865632, "id": 34}], [{"weight": 1, "random_weight": 0.18693608824524444, "id": 37}, {"weight": 1, "random_weight": 0.6515027348096536, "id": 48}, {"weight": 1, "random_weight": 0.8089185998809025, "id": 51}, {"weight": 1, "random_weight": 0.6252729533440676, "id": 54}, {"weight": 2, "random_weight": 0.10137350033371129, "id": 69}], [{"weight": 1, "random_weight": 0.4469235749902615, "id": 44}, {"weight": 1, "random_weight": 0.5570603685898181, "id": 49}, {"weight": 1, "random_weight": 0.6252729533440676, "id": 53}, {"weight": 1, "random_weight": 0.39244557143565584, "id": 64}, {"weight": 1, "random_weight": 0.8941428351492742, "id": 69}, {"weight": 1, "random_weight": 0.8521949950316338, "id": 71}], [{"weight": 1, "random_weight": 0.9189365826510033, "id": 4}, {"weight": 1, "random_weight": 0.8001690483041354, "id": 31}, {"weight": 1, "random_weight": 0.37660477832088013, "id": 40}, {"weight": 1, "random_weight": 0.4158122582159893, "id": 60}, {"weight": 2, "random_weight": 0.3300971591260349, "id": 71}], [{"weight": 1, "random_weight": 0.5198079678885787, "id": 43}, {"weight": 1, "random_weight": 0.1920968051895292, "id": 47}, {"weight": 1, "random_weight": 0.3171804461167207, "id": 61}, {"weight": 2, "random_weight": 0.5476912978454491, "id": 62}], [{"weight": 1, "random_weight": 0.9393234357828593, "id": 0}, {"weight": 1, "random_weight": 0.6935444995685368, "id": 2}, {"weight": 1, "random_weight": 0.5248750278711103, "id": 22}, {"weight": 1, "random_weight": 0.42780280710848373, "id": 59}, {"weight": 1, "random_weight": 0.508886373197426, "id": 65}], [{"weight": 2, "random_weight": 0.6608067250655362, "id": 3}, {"weight": 1, "random_weight": 0.6897272026769198, "id": 27}, {"weight": 2, "random_weight": 0.6627524599882634, "id": 48}, {"weight": 1, "random_weight": 0.7949917671793567, "id": 69}], [{"weight": 1, "random_weight": 0.13897210116478576, "id": 11}, {"weight": 1, "random_weight": 0.42780280710848373, "id": 57}, {"weight": 2, "random_weight": 0.12590550875842832, "id": 65}], [{"weight": 1, "random_weight": 0.9673702892588628, "id": 5}, {"weight": 1, "random_weight": 0.6161750529863423, "id": 6}, {"weight": 1, "random_weight": 0.9330082711265806, "id": 12}, {"weight": 1, "random_weight": 0.6954447403392893, "id": 31}, {"weight": 1, "random_weight": 0.5476809566193013, "id": 40}, {"weight": 1, "random_weight": 0.4158122582159893, "id": 55}], [{"weight": 1, "random_weight": 0.5477708301603001, "id": 43}, {"weight": 1, "random_weight": 0.3171804461167207, "id": 56}, {"weight": 2, "random_weight": 0.9086830954912245, "id": 64}, {"weight": 1, "random_weight": 0.5822761682248766, "id": 66}, {"weight": 1, "random_weight": 0.9935687576126818, "id": 70}], [{"weight": 1, "random_weight": 0.21288615190219862, "id": 36}, {"weight": 1, "random_weight": 0.09463163759295667, "id": 44}, {"weight": 2, "random_weight": 0.5476912978454491, "id": 56}, {"weight": 1, "random_weight": 0.19634159767215376, "id": 64}], [{"weight": 1, "random_weight": 0.07846734128911792, "id": 7}, {"weight": 1, "random_weight": 0.8317220716044144, "id": 16}, {"weight": 1, "random_weight": 0.4882710215609738, "id": 17}, {"weight": 1, "random_weight": 0.8741711753615303, "id": 67}, {"weight": 2, "random_weight": 0.40486378874840245, "id": 68}], [{"weight": 1, "random_weight": 0.8074887678392745, "id": 44}, {"weight": 1, "random_weight": 0.5495885189023543, "id": 49}, {"weight": 1, "random_weight": 0.39244557143565584, "id": 54}, {"weight": 2, "random_weight": 0.9086830954912245, "id": 61}, {"weight": 1, "random_weight": 0.19634159767215376, "id": 62}], [{"weight": 1, "random_weight": 0.49133537295932206, "id": 10}, {"weight": 1, "random_weight": 0.6671850926141246, "id": 29}, {"weight": 1, "random_weight": 0.508886373197426, "id": 57}, {"weight": 2, "random_weight": 0.12590550875842832, "id": 59}, {"weight": 1, "random_weight": 0.10142486859309197, "id": 66}], [{"weight": 1, "random_weight": 0.7772093932861729, "id": 0}, {"weight": 1, "random_weight": 0.07695788142715165, "id": 29}, {"weight": 1, "random_weight": 0.4375883873894394, "id": 43}, {"weight": 1, "random_weight": 0.5822761682248766, "id": 61}, {"weight": 1, "random_weight": 0.10142486859309197, "id": 65}, {"weight": 1, "random_weight": 0.4857607987195671, "id": 70}], [{"weight": 1, "random_weight": 0.9755548313734137, "id": 17}, {"weight": 1, "random_weight": 0.2895227717570289, "id": 30}, {"weight": 1, "random_weight": 0.9801936119022907, "id": 45}, {"weight": 2, "random_weight": 0.9006286714347828, "id": 50}, {"weight": 1, "random_weight": 0.8741711753615303, "id": 63}], [{"weight": 1, "random_weight": 0.8870290790607323, "id": 4}, {"weight": 2, "random_weight": 0.9533054461917704, "id": 40}, {"weight": 1, "random_weight": 0.3399958584501248, "id": 50}, {"weight": 2, "random_weight": 0.40486378874840245, "id": 63}], [{"weight": 1, "random_weight": 0.9897220024733716, "id": 4}, {"weight": 2, "random_weight": 0.10137350033371129, "id": 53}, {"weight": 1, "random_weight": 0.8941428351492742, "id": 54}, {"weight": 1, "random_weight": 0.7949917671793567, "id": 58}, {"weight": 1, "random_weight": 0.5726091427650801, "id": 71}], [{"weight": 1, "random_weight": 0.6209807683747285, "id": 0}, {"weight": 2, "random_weight": 0.44265609456513844, "id": 32}, {"weight": 1, "random_weight": 0.1640999309693585, "id": 49}, {"weight": 1, "random_weight": 0.9935687576126818, "id": 61}, {"weight": 1, "random_weight": 0.4857607987195671, "id": 66}], [{"weight": 1, "random_weight": 0.3710970873166787, "id": 4}, {"weight": 1, "random_weight": 0.0605778478807274, "id": 49}, {"weight": 1, "random_weight": 0.8521949950316338, "id": 54}, {"weight": 2, "random_weight": 0.3300971591260349, "id": 55}, {"weight": 1, "random_weight": 0.5726091427650801, "id": 69}]]}