{"directed": false, "multigraph": false, "graph": [], "nodes": [{"graph": null, "nnodes": 2, "nedges": 1, "density": 1.0, "atomics": "[81, 69]", "group_pop": 2, "init_part_assignment": 8, "id": 0}, {"graph": null, "nnodes": 2, "nedges": 1, "density": 1.0, "atomics": "[82, 83]", "group_pop": 2, "init_part_assignment": 10, "id": 1}, {"graph": null, "nnodes": 2, "nedges": 1, "density": 1.0, "atomics": "[70, 71]", "group_pop": 2, "init_part_assignment": 8, "id": 2}, {"graph": null, "nnodes": 2, "nedges": 1, "density": 1.0, "atomics": "[74, 75]", "group_pop": 2, "init_part_assignment": 7, "id": 3}, {"graph": null, "nnodes": 2, "nedges": 1, "density": 1.0, "atomics": "[42, 54]", "group_pop": 2, "init_part_assignment": 6, "id": 4}, {"graph": null, "nnodes": 2, "nedges": 1, "density": 1.0, "atomics": "[43, 44]", "group_pop": 2, "init_part_assignment": 6, "id": 5}, {"graph": null, "nnodes": 2, "nedges": 1, "density": 1.0, "atomics": "[60, 61]", "group_pop": 2, "init_part_assignment": 7, "id": 6}, {"graph": null, "nnodes": 2, "nedges": 1, "density": 1.0, "atomics": "[50, 62]", "group_pop": 2, "init_part_assignment": 7, "id": 7}, {"graph": null, "nnodes": 2, "nedges": 1, "density": 1.0, "atomics": "[32, 33]", "group_pop": 2, "init_part_assignment": 6, "id": 8}, {"graph": null, "nnodes": 2, "nedges": 1, "density": 1.0, "atomics": "[8, 20]", "group_pop": 2, "init_part_assignment": 3, "id": 9}, {"graph": null, "nnodes": 2, "nedges": 1, "density": 1.0, "atomics": "[142, 143]", "group_pop": 2, "init_part_assignment": 5, "id": 10}, {"graph": null, "nnodes": 2, "nedges": 1, "density": 1.0, "atomics": "[40, 41]", "group_pop": 2, "init_part_assignment": 1, "id": 11}, {"graph": null, "nnodes": 2, "nedges": 1, "density": 1.0, "atomics": "[28, 29]", "group_pop": 2, "init_part_assignment": 2, "id": 12}, {"graph": null, "nnodes": 2, "nedges": 1, "density": 1.0, "atomics": "[9, 21]", "group_pop": 2, "init_part_assignment": 3, "id": 13}, {"graph": null, "nnodes": 2, "nedges": 1, "density": 1.0, "atomics": "[34, 35]", "group_pop": 2, "init_part_assignment": 3, "id": 14}, {"graph": null, "nnodes": 2, "nedges": 1, "density": 1.0, "atomics": "[10, 11]", "group_pop": 2, "init_part_assignment": 3, "id": 15}, {"graph": null, "nnodes": 2, "nedges": 1, "density": 1.0, "atomics": "[22, 23]", "group_pop": 2, "init_part_assignment": 3, "id": 16}, {"graph": null, "nnodes": 2, "nedges": 1, "density": 1.0, "atomics": "[48, 49]", "group_pop": 2, "init_part_assignment": 7, "id": 17}, {"graph": null, "nnodes": 2, "nedges": 1, "density": 1.0, "atomics": "[36, 37]", "group_pop": 2, "init_part_assignment": 1, "id": 18}, {"graph": null, "nnodes": 2, "nedges": 1, "density": 1.0, "atomics": "[120, 108]", "group_pop": 2, "init_part_assignment": 4, "id": 19}, {"graph": null, "nnodes": 2, "nedges": 1, "density": 1.0, "atomics": "[132, 133]", "group_pop": 2, "init_part_assignment": 4, "id": 20}, {"graph": null, "nnodes": 2, "nedges": 1, "density": 1.0, "atomics": "[24, 25]", "group_pop": 2, "init_part_assignment": 1, "id": 21}, {"graph": null, "nnodes": 2, "nedges": 1, "density": 1.0, "atomics": "[130, 131]", "group_pop": 2, "init_part_assignment": 10, "id": 22}, {"graph": null, "nnodes": 2, "nedges": 1, "density": 1.0, "atomics": "[19, 7]", "group_pop": 2, "init_part_assignment": 6, "id": 23}, {"graph": null, "nnodes": 2, "nedges": 1, "density": 1.0, "atomics": "[30, 31]", "group_pop": 2, "init_part_assignment": 6, "id": 24}, {"graph": null, "nnodes": 2, "nedges": 1, "density": 1.0, "atomics": "[17, 18]", "group_pop": 2, "init_part_assignment": 2, "id": 25}, {"graph": null, "nnodes": 2, "nedges": 1, "density": 1.0, "atomics": "[123, 124]", "group_pop": 2, "init_part_assignment": 4, "id": 26}, {"graph": null, "nnodes": 2, "nedges": 1, "density": 1.0, "atomics": "[134, 135]", "group_pop": 2, "init_part_assignment": 4, "id": 27}, {"graph": null, "nnodes": 2, "nedges": 1, "density": 1.0, "atomics": "[96, 97]", "group_pop": 2, "init_part_assignment": 9, "id": 28}, {"graph": null, "nnodes": 2, "nedges": 1, "density": 1.0, "atomics": "[129, 117]", "group_pop": 2, "init_part_assignment": 10, "id": 29}, {"graph": null, "nnodes": 2, "nedges": 1, "density": 1.0, "atomics": "[1, 13]", "group_pop": 2, "init_part_assignment": 1, "id": 30}, {"graph": null, "nnodes": 2, "nedges": 1, "density": 1.0, "atomics": "[67, 68]", "group_pop": 2, "init_part_assignment": 8, "id": 31}, {"graph": null, "nnodes": 2, "nedges": 1, "density": 1.0, "atomics": "[80, 79]", "group_pop": 2, "init_part_assignment": 0, "id": 32}, {"graph": null, "nnodes": 2, "nedges": 1, "density": 1.0, "atomics": "[57, 45]", "group_pop": 2, "init_part_assignment": 8, "id": 33}, {"graph": null, "nnodes": 2, "nedges": 1, "density": 1.0, "atomics": "[58, 59]", "group_pop": 2, "init_part_assignment": 8, "id": 34}, {"graph": null, "nnodes": 2, "nedges": 1, "density": 1.0, "atomics": "[136, 137]", "group_pop": 2, "init_part_assignment": 5, "id": 35}, {"graph": null, "nnodes": 2, "nedges": 1, "density": 1.0, "atomics": "[5, 6]", "group_pop": 2, "init_part_assignment": 6, "id": 36}, {"graph": null, "nnodes": 2, "nedges": 1, "density": 1.0, "atomics": "[0, 12]", "group_pop": 2, "init_part_assignment": 1, "id": 37}, {"graph": null, "nnodes": 2, "nedges": 1, "density": 1.0, "atomics": "[128, 127]", "group_pop": 2, "init_part_assignment": 5, "id": 38}, {"graph": null, "nnodes": 2, "nedges": 1, "density": 1.0, "atomics": "[115, 116]", "group_pop": 2, "init_part_assignment": 5, "id": 39}, {"graph": null, "nnodes": 2, "nedges": 1, "density": 1.0, "atomics": "[121, 122]", "group_pop": 2, "init_part_assignment": 4, "id": 40}, {"graph": null, "nnodes": 2, "nedges": 1, "density": 1.0, "atomics": "[112, 111]", "group_pop": 2, "init_part_assignment": 4, "id": 41}, {"graph": null, "nnodes": 2, "nedges": 1, "density": 1.0, "atomics": "[113, 125]", "group_pop": 2, "init_part_assignment": 11, "id": 42}, {"graph": null, "nnodes": 2, "nedges": 1, "density": 1.0, "atomics": "[2, 14]", "group_pop": 2, "init_part_assignment": 2, "id": 43}, {"graph": null, "nnodes": 2, "nedges": 1, "density": 1.0, "atomics": "[140, 141]", "group_pop": 2, "init_part_assignment": 5, "id": 44}, {"graph": null, "nnodes": 2, "nedges": 1, "density": 1.0, "atomics": "[3, 4]", "group_pop": 2, "init_part_assignment": 2, "id": 45}, {"graph": null, "nnodes": 2, "nedges": 1, "density": 1.0, "atomics": "[109, 110]", "group_pop": 2, "init_part_assignment": 9, "id": 46}, {"graph": null, "nnodes": 2, "nedges": 1, "density": 1.0, "atomics": "[65, 66]", "group_pop": 2, "init_part_assignment": 0, "id": 47}, {"graph": null, "nnodes": 2, "nedges": 1, "density": 1.0, "atomics": "[77, 78]", "group_pop": 2, "init_part_assignment": 0, "id": 48}, {"graph": null, "nnodes": 2, "nedges": 1, "density": 1.0, "atomics": "[16, 15]", "group_pop": 2, "init_part_assignment": 2, "id": 49}, {"graph": null, "nnodes": 2, "nedges": 1, "density": 1.0, "atomics": "[72, 84]", "group_pop": 2, "init_part_assignment": 9, "id": 50}, {"graph": null, "nnodes": 2, "nedges": 1, "density": 1.0, "atomics": "[46, 47]", "group_pop": 2, "init_part_assignment": 3, "id": 51}, {"graph": null, "nnodes": 2, "nedges": 1, "density": 1.0, "atomics": "[100, 101]", "group_pop": 2, "init_part_assignment": 9, "id": 52}, {"graph": null, "nnodes": 2, "nedges": 1, "density": 1.0, "atomics": "[64, 76]", "group_pop": 2, "init_part_assignment": 0, "id": 53}, {"graph": null, "nnodes": 2, "nedges": 1, "density": 1.0, "atomics": "[51, 63]", "group_pop": 2, "init_part_assignment": 7, "id": 54}, {"graph": null, "nnodes": 2, "nedges": 1, "density": 1.0, "atomics": "[138, 139]", "group_pop": 2, "init_part_assignment": 5, "id": 55}, {"graph": null, "nnodes": 2, "nedges": 1, "density": 1.0, "atomics": "[93, 94]", "group_pop": 2, "init_part_assignment": 11, "id": 56}, {"graph": null, "nnodes": 2, "nedges": 1, "density": 1.0, "atomics": "[107, 95]", "group_pop": 2, "init_part_assignment": 10, "id": 57}, {"graph": null, "nnodes": 2, "nedges": 1, "density": 1.0, "atomics": "[56, 55]", "group_pop": 2, "init_part_assignment": 8, "id": 58}, {"graph": null, "nnodes": 2, "nedges": 1, "density": 1.0, "atomics": "[73, 85]", "group_pop": 2, "init_part_assignment": 9, "id": 59}, {"graph": null, "nnodes": 2, "nedges": 1, "density": 1.0, "atomics": "[118, 119]", "group_pop": 2, "init_part_assignment": 10, "id": 60}, {"graph": null, "nnodes": 2, "nedges": 1, "density": 1.0, "atomics": "[104, 103]", "group_pop": 2, "init_part_assignment": 11, "id": 61}, {"graph": null, "nnodes": 2, "nedges": 1, "density": 1.0, "atomics": "[114, 126]", "group_pop": 2, "init_part_assignment": 11, "id": 62}, {"graph": null, "nnodes": 2, "nedges": 1, "density": 1.0, "atomics": "[38, 39]", "group_pop": 2, "init_part_assignment": 1, "id": 63}, {"graph": null, "nnodes": 2, "nedges": 1, "density": 1.0, "atomics": "[98, 99]", "group_pop": 2, "init_part_assignment": 9, "id": 64}, {"graph": null, "nnodes": 2, "nedges": 1, "density": 1.0, "atomics": "[86, 87]", "group_pop": 2, "init_part_assignment": 7, "id": 65}, {"graph": null, "nnodes": 2, "nedges": 1, "density": 1.0, "atomics": "[90, 102]", "group_pop": 2, "init_part_assignment": 11, "id": 66}, {"graph": null, "nnodes": 2, "nedges": 1, "density": 1.0, "atomics": "[105, 106]", "group_pop": 2, "init_part_assignment": 10, "id": 67}, {"graph": null, "nnodes": 2, "nedges": 1, "density": 1.0, "atomics": "[26, 27]", "group_pop": 2, "init_part_assignment": 2, "id": 68}, {"graph": null, "nnodes": 2, "nedges": 1, "density": 1.0, "atomics": "[52, 53]", "group_pop": 2, "init_part_assignment": 0, "id": 69}, {"graph": null, "nnodes": 2, "nedges": 1, "density": 1.0, "atomics": "[91, 92]", "group_pop": 2, "init_part_assignment": 11, "id": 70}, {"graph": null, "nnodes": 2, "nedges": 1, "density": 1.0, "atomics": "[88, 89]", "group_pop": 2, "init_part_assignment": 0, "id": 71}], "adjacency": [[{"weight": 1, "random_weight": 0.6553372181717423, "id": 1}, {"weight": 1, "random_weight": 0.4180221545410219, "id": 2}, {"weight": 1, "random_weight": 0.2942195366277992, "id": 31}, {"weight": 1, "random_weight": 0.5025543818161264, "id": 32}, {"weight": 1, "random_weight": 0.3623142033895771, "id": 33}, {"weight": 1, "random_weight": 0.6609848088845951, "id": 56}], [{"weight": 1, "random_weight": 0.6553372181717423, "id": 0}, {"weight": 2, "random_weight": 0.5215023002217631, "id": 2}, {"weight": 1, "random_weight": 0.18762079637982987, "id": 56}, {"weight": 1, "random_weight": 0.07311417672332832, "id": 57}], [{"weight": 1, "random_weight": 0.4180221545410219, "id": 0}, {"weight": 2, "random_weight": 0.5215023002217631, "id": 1}, {"weight": 2, "random_weight": 0.6021033395595219, "id": 34}], [{"weight": 1, "random_weight": 0.7020865719392534, "id": 7}, {"weight": 1, "random_weight": 0.2643267221040294, "id": 53}, {"weight": 1, "random_weight": 0.0617605649366787, "id": 54}, {"weight": 1, "random_weight": 0.8135064274346123, "id": 59}, {"weight": 2, "random_weight": 0.5591968756756154, "id": 65}], [{"weight": 1, "random_weight": 0.10402382232868812, "id": 5}, {"weight": 1, "random_weight": 0.6675566098122573, "id": 11}, {"weight": 1, "random_weight": 0.2528024233799072, "id": 24}, {"weight": 1, "random_weight": 0.3834270096962389, "id": 47}, {"weight": 1, "random_weight": 0.7364215733873339, "id": 58}, {"weight": 1, "random_weight": 0.7287066413776608, "id": 69}], [{"weight": 1, "random_weight": 0.10402382232868812, "id": 4}, {"weight": 1, "random_weight": 0.13695777240423956, "id": 8}, {"weight": 1, "random_weight": 0.07693683175886967, "id": 24}, {"weight": 1, "random_weight": 0.3958085625229909, "id": 33}, {"weight": 2, "random_weight": 0.9551732582864141, "id": 58}], [{"weight": 1, "random_weight": 0.4590008149970617, "id": 7}, {"weight": 2, "random_weight": 0.5541407016806534, "id": 17}, {"weight": 1, "random_weight": 0.6075205113051554, "id": 50}, {"weight": 1, "random_weight": 0.578890963608281, "id": 59}], [{"weight": 1, "random_weight": 0.7020865719392534, "id": 3}, {"weight": 1, "random_weight": 0.4590008149970617, "id": 6}, {"weight": 1, "random_weight": 0.4686855553740643, "id": 17}, {"weight": 2, "random_weight": 0.24077223422923932, "id": 54}, {"weight": 1, "random_weight": 0.9788656375904008, "id": 63}], [{"weight": 1, "random_weight": 0.13695777240423956, "id": 5}, {"weight": 1, "random_weight": 0.9242614829639162, "id": 9}, {"weight": 1, "random_weight": 0.6146557946034149, "id": 13}, {"weight": 1, "random_weight": 0.6962506361225308, "id": 14}, {"weight": 1, "random_weight": 0.07960975953489502, "id": 24}, {"weight": 1, "random_weight": 0.3475381046686734, "id": 33}], [{"weight": 1, "random_weight": 0.9242614829639162, "id": 8}, {"weight": 2, "random_weight": 0.6179902229408614, "id": 13}, {"weight": 2, "random_weight": 0.6723059762924616, "id": 23}], [{"weight": 2, "random_weight": 0.9095300430311121, "id": 22}, {"weight": 1, "random_weight": 0.7572983358818612, "id": 44}], [{"weight": 1, "random_weight": 0.6675566098122573, "id": 4}, {"weight": 2, "random_weight": 0.6977533962891069, "id": 12}, {"weight": 1, "random_weight": 0.6324357901461736, "id": 63}, {"weight": 2, "random_weight": 0.873513917823105, "id": 69}], [{"weight": 2, "random_weight": 0.6977533962891069, "id": 11}, {"weight": 1, "random_weight": 0.8838656728406612, "id": 24}, {"weight": 1, "random_weight": 0.4857144088167452, "id": 25}, {"weight": 1, "random_weight": 0.9141918733150735, "id": 49}, {"weight": 1, "random_weight": 0.625193697205721, "id": 68}], [{"weight": 1, "random_weight": 0.6146557946034149, "id": 8}, {"weight": 2, "random_weight": 0.6179902229408614, "id": 9}, {"weight": 1, "random_weight": 0.34520714624332194, "id": 15}, {"weight": 1, "random_weight": 0.8085538359771062, "id": 16}], [{"weight": 1, "random_weight": 0.6962506361225308, "id": 8}, {"weight": 2, "random_weight": 0.4752847621853561, "id": 16}, {"weight": 2, "random_weight": 0.5463927943729268, "id": 51}], [{"weight": 1, "random_weight": 0.34520714624332194, "id": 13}, {"weight": 2, "random_weight": 0.46589814688273334, "id": 16}], [{"weight": 1, "random_weight": 0.8085538359771062, "id": 13}, {"weight": 2, "random_weight": 0.4752847621853561, "id": 14}, {"weight": 2, "random_weight": 0.46589814688273334, "id": 15}], [{"weight": 2, "random_weight": 0.5541407016806534, "id": 6}, {"weight": 1, "random_weight": 0.4686855553740643, "id": 7}, {"weight": 2, "random_weight": 0.785211151987074, "id": 18}], [{"weight": 2, "random_weight": 0.785211151987074, "id": 17}, {"weight": 2, "random_weight": 0.3556643955189621, "id": 21}, {"weight": 1, "random_weight": 0.0517360030387054, "id": 63}], [{"weight": 1, "random_weight": 0.28196905327821087, "id": 20}, {"weight": 1, "random_weight": 0.8067327268136845, "id": 28}, {"weight": 1, "random_weight": 0.008415643290268782, "id": 40}, {"weight": 1, "random_weight": 0.7959366014205309, "id": 46}], [{"weight": 1, "random_weight": 0.28196905327821087, "id": 19}, {"weight": 1, "random_weight": 0.4199962499211666, "id": 27}, {"weight": 1, "random_weight": 0.6681493203948812, "id": 40}], [{"weight": 2, "random_weight": 0.3556643955189621, "id": 18}, {"weight": 1, "random_weight": 0.3322879438660976, "id": 30}, {"weight": 1, "random_weight": 0.9053693340707877, "id": 37}, {"weight": 1, "random_weight": 0.7547674677314699, "id": 68}], [{"weight": 2, "random_weight": 0.9095300430311121, "id": 10}, {"weight": 1, "random_weight": 0.7199400455294145, "id": 29}, {"weight": 2, "random_weight": 0.4175441507494493, "id": 60}], [{"weight": 2, "random_weight": 0.6723059762924616, "id": 9}, {"weight": 1, "random_weight": 0.025885013239121735, "id": 24}, {"weight": 1, "random_weight": 0.4894689218022178, "id": 25}, {"weight": 1, "random_weight": 0.4732511901497001, "id": 36}], [{"weight": 1, "random_weight": 0.2528024233799072, "id": 4}, {"weight": 1, "random_weight": 0.07693683175886967, "id": 5}, {"weight": 1, "random_weight": 0.07960975953489502, "id": 8}, {"weight": 1, "random_weight": 0.8838656728406612, "id": 12}, {"weight": 1, "random_weight": 0.025885013239121735, "id": 23}, {"weight": 1, "random_weight": 0.9929865849369435, "id": 25}], [{"weight": 1, "random_weight": 0.4857144088167452, "id": 12}, {"weight": 1, "random_weight": 0.4894689218022178, "id": 23}, {"weight": 1, "random_weight": 0.9929865849369435, "id": 24}, {"weight": 2, "random_weight": 0.1782592926757517, "id": 36}, {"weight": 1, "random_weight": 0.2170281823095277, "id": 49}], [{"weight": 1, "random_weight": 0.7297974857001225, "id": 27}, {"weight": 1, "random_weight": 0.6255995452962663, "id": 35}, {"weight": 1, "random_weight": 0.35827492099566904, "id": 40}, {"weight": 2, "random_weight": 0.07321827777727741, "id": 41}, {"weight": 1, "random_weight": 0.6127039907742401, "id": 42}], [{"weight": 1, "random_weight": 0.4199962499211666, "id": 20}, {"weight": 1, "random_weight": 0.7297974857001225, "id": 26}, {"weight": 1, "random_weight": 0.9671177715325779, "id": 35}, {"weight": 1, "random_weight": 0.5139241548048062, "id": 40}], [{"weight": 1, "random_weight": 0.8067327268136845, "id": 19}, {"weight": 1, "random_weight": 0.4465742705333091, "id": 46}, {"weight": 1, "random_weight": 0.7140532354445589, "id": 50}, {"weight": 1, "random_weight": 0.19129454055132566, "id": 59}, {"weight": 1, "random_weight": 0.3071775593076148, "id": 64}], [{"weight": 1, "random_weight": 0.7199400455294145, "id": 22}, {"weight": 1, "random_weight": 0.15536943788714497, "id": 38}, {"weight": 1, "random_weight": 0.8354214881310362, "id": 39}, {"weight": 1, "random_weight": 0.25836435774022715, "id": 44}, {"weight": 1, "random_weight": 0.5288823205141598, "id": 60}, {"weight": 1, "random_weight": 0.11270163533464916, "id": 67}], [{"weight": 1, "random_weight": 0.3322879438660976, "id": 21}, {"weight": 2, "random_weight": 0.26971232053958116, "id": 37}, {"weight": 2, "random_weight": 0.5414891885327356, "id": 43}], [{"weight": 1, "random_weight": 0.2942195366277992, "id": 0}, {"weight": 2, "random_weight": 0.5934580269827471, "id": 32}, {"weight": 1, "random_weight": 0.6743323213688937, "id": 47}, {"weight": 2, "random_weight": 0.639527392229411, "id": 58}], [{"weight": 1, "random_weight": 0.5025543818161264, "id": 0}, {"weight": 2, "random_weight": 0.5934580269827471, "id": 31}, {"weight": 1, "random_weight": 0.33589189031321276, "id": 48}, {"weight": 2, "random_weight": 0.8292012996895394, "id": 70}], [{"weight": 1, "random_weight": 0.3623142033895771, "id": 0}, {"weight": 1, "random_weight": 0.3958085625229909, "id": 5}, {"weight": 1, "random_weight": 0.3475381046686734, "id": 8}, {"weight": 1, "random_weight": 0.821322015155993, "id": 34}, {"weight": 1, "random_weight": 0.7651932735597049, "id": 51}, {"weight": 1, "random_weight": 0.4753972711625458, "id": 58}], [{"weight": 2, "random_weight": 0.6021033395595219, "id": 2}, {"weight": 1, "random_weight": 0.821322015155993, "id": 33}, {"weight": 2, "random_weight": 0.712676653623212, "id": 51}], [{"weight": 1, "random_weight": 0.6255995452962663, "id": 26}, {"weight": 1, "random_weight": 0.9671177715325779, "id": 27}, {"weight": 1, "random_weight": 0.5682195937382104, "id": 42}, {"weight": 1, "random_weight": 0.182972437252775, "id": 55}], [{"weight": 1, "random_weight": 0.4732511901497001, "id": 23}, {"weight": 2, "random_weight": 0.1782592926757517, "id": 25}, {"weight": 1, "random_weight": 0.6285460399595424, "id": 45}], [{"weight": 1, "random_weight": 0.9053693340707877, "id": 21}, {"weight": 2, "random_weight": 0.26971232053958116, "id": 30}], [{"weight": 1, "random_weight": 0.15536943788714497, "id": 29}, {"weight": 2, "random_weight": 0.1658371723865426, "id": 39}, {"weight": 1, "random_weight": 0.14324151124240192, "id": 44}, {"weight": 1, "random_weight": 0.44949102420912823, "id": 55}, {"weight": 1, "random_weight": 0.7032728287740002, "id": 62}], [{"weight": 1, "random_weight": 0.8354214881310362, "id": 29}, {"weight": 2, "random_weight": 0.1658371723865426, "id": 38}, {"weight": 2, "random_weight": 0.32921248226182787, "id": 61}, {"weight": 1, "random_weight": 0.3259639138675483, "id": 62}], [{"weight": 1, "random_weight": 0.008415643290268782, "id": 19}, {"weight": 1, "random_weight": 0.6681493203948812, "id": 20}, {"weight": 1, "random_weight": 0.35827492099566904, "id": 26}, {"weight": 1, "random_weight": 0.5139241548048062, "id": 27}, {"weight": 2, "random_weight": 0.6389041883586094, "id": 46}], [{"weight": 2, "random_weight": 0.07321827777727741, "id": 26}, {"weight": 1, "random_weight": 0.1651233326089746, "id": 42}, {"weight": 1, "random_weight": 0.864528572383448, "id": 46}, {"weight": 1, "random_weight": 0.9852459723041028, "id": 52}, {"weight": 1, "random_weight": 0.7653234100012111, "id": 64}], [{"weight": 1, "random_weight": 0.6127039907742401, "id": 26}, {"weight": 1, "random_weight": 0.5682195937382104, "id": 35}, {"weight": 1, "random_weight": 0.1651233326089746, "id": 41}, {"weight": 1, "random_weight": 0.4195696849497531, "id": 52}, {"weight": 2, "random_weight": 0.456486645840954, "id": 62}], [{"weight": 2, "random_weight": 0.5414891885327356, "id": 30}, {"weight": 1, "random_weight": 0.614572634606779, "id": 45}, {"weight": 1, "random_weight": 0.5775671349200603, "id": 49}, {"weight": 1, "random_weight": 0.8598509215823934, "id": 68}], [{"weight": 1, "random_weight": 0.7572983358818612, "id": 10}, {"weight": 1, "random_weight": 0.25836435774022715, "id": 29}, {"weight": 1, "random_weight": 0.14324151124240192, "id": 38}, {"weight": 1, "random_weight": 0.35499996601992156, "id": 55}], [{"weight": 1, "random_weight": 0.6285460399595424, "id": 36}, {"weight": 1, "random_weight": 0.614572634606779, "id": 43}, {"weight": 2, "random_weight": 0.15208396884170827, "id": 49}], [{"weight": 1, "random_weight": 0.7959366014205309, "id": 19}, {"weight": 1, "random_weight": 0.4465742705333091, "id": 28}, {"weight": 2, "random_weight": 0.6389041883586094, "id": 40}, {"weight": 1, "random_weight": 0.864528572383448, "id": 41}, {"weight": 1, "random_weight": 0.4587974455091631, "id": 64}], [{"weight": 1, "random_weight": 0.3834270096962389, "id": 4}, {"weight": 1, "random_weight": 0.6743323213688937, "id": 31}, {"weight": 2, "random_weight": 0.06991722442329196, "id": 48}, {"weight": 1, "random_weight": 0.6383580283418744, "id": 53}, {"weight": 1, "random_weight": 0.18600577265459672, "id": 69}], [{"weight": 1, "random_weight": 0.33589189031321276, "id": 32}, {"weight": 2, "random_weight": 0.06991722442329196, "id": 47}, {"weight": 1, "random_weight": 0.9000589917019425, "id": 53}, {"weight": 1, "random_weight": 0.6112638881185505, "id": 66}, {"weight": 1, "random_weight": 0.4280164877177639, "id": 71}], [{"weight": 1, "random_weight": 0.9141918733150735, "id": 12}, {"weight": 1, "random_weight": 0.2170281823095277, "id": 25}, {"weight": 1, "random_weight": 0.5775671349200603, "id": 43}, {"weight": 2, "random_weight": 0.15208396884170827, "id": 45}, {"weight": 1, "random_weight": 0.7407117889033226, "id": 68}], [{"weight": 1, "random_weight": 0.6075205113051554, "id": 6}, {"weight": 1, "random_weight": 0.7140532354445589, "id": 28}, {"weight": 2, "random_weight": 0.7143662948943265, "id": 59}], [{"weight": 2, "random_weight": 0.5463927943729268, "id": 14}, {"weight": 1, "random_weight": 0.7651932735597049, "id": 33}, {"weight": 2, "random_weight": 0.712676653623212, "id": 34}], [{"weight": 1, "random_weight": 0.9852459723041028, "id": 41}, {"weight": 1, "random_weight": 0.4195696849497531, "id": 42}, {"weight": 1, "random_weight": 0.2255327432232288, "id": 64}, {"weight": 1, "random_weight": 0.49579760701607634, "id": 66}, {"weight": 2, "random_weight": 0.867402957157209, "id": 71}], [{"weight": 1, "random_weight": 0.2643267221040294, "id": 3}, {"weight": 1, "random_weight": 0.6383580283418744, "id": 47}, {"weight": 1, "random_weight": 0.9000589917019425, "id": 48}, {"weight": 1, "random_weight": 0.8855842458903417, "id": 54}, {"weight": 1, "random_weight": 0.3001636002090611, "id": 69}, {"weight": 1, "random_weight": 0.5648546400788758, "id": 71}], [{"weight": 1, "random_weight": 0.0617605649366787, "id": 3}, {"weight": 2, "random_weight": 0.24077223422923932, "id": 7}, {"weight": 1, "random_weight": 0.8855842458903417, "id": 53}, {"weight": 1, "random_weight": 0.7240030574218899, "id": 63}, {"weight": 1, "random_weight": 0.9916218067064217, "id": 69}], [{"weight": 1, "random_weight": 0.182972437252775, "id": 35}, {"weight": 1, "random_weight": 0.44949102420912823, "id": 38}, {"weight": 1, "random_weight": 0.35499996601992156, "id": 44}, {"weight": 1, "random_weight": 0.7318879329344434, "id": 62}], [{"weight": 1, "random_weight": 0.6609848088845951, "id": 0}, {"weight": 1, "random_weight": 0.18762079637982987, "id": 1}, {"weight": 1, "random_weight": 0.9920084202828543, "id": 57}, {"weight": 2, "random_weight": 0.6275719576158788, "id": 67}, {"weight": 1, "random_weight": 0.5765819034982688, "id": 70}], [{"weight": 1, "random_weight": 0.07311417672332832, "id": 1}, {"weight": 1, "random_weight": 0.9920084202828543, "id": 56}, {"weight": 1, "random_weight": 0.6821904689066864, "id": 60}, {"weight": 1, "random_weight": 0.07884401255686013, "id": 67}], [{"weight": 1, "random_weight": 0.7364215733873339, "id": 4}, {"weight": 2, "random_weight": 0.9551732582864141, "id": 5}, {"weight": 2, "random_weight": 0.639527392229411, "id": 31}, {"weight": 1, "random_weight": 0.4753972711625458, "id": 33}], [{"weight": 1, "random_weight": 0.8135064274346123, "id": 3}, {"weight": 1, "random_weight": 0.578890963608281, "id": 6}, {"weight": 1, "random_weight": 0.19129454055132566, "id": 28}, {"weight": 2, "random_weight": 0.7143662948943265, "id": 50}, {"weight": 1, "random_weight": 0.21468659087468234, "id": 65}], [{"weight": 2, "random_weight": 0.4175441507494493, "id": 22}, {"weight": 1, "random_weight": 0.5288823205141598, "id": 29}, {"weight": 1, "random_weight": 0.6821904689066864, "id": 57}, {"weight": 1, "random_weight": 0.5306526993377092, "id": 67}], [{"weight": 2, "random_weight": 0.32921248226182787, "id": 39}, {"weight": 1, "random_weight": 0.730757614204929, "id": 66}, {"weight": 1, "random_weight": 0.9806319387762317, "id": 67}, {"weight": 2, "random_weight": 0.26853309465143993, "id": 70}], [{"weight": 1, "random_weight": 0.7032728287740002, "id": 38}, {"weight": 1, "random_weight": 0.3259639138675483, "id": 39}, {"weight": 2, "random_weight": 0.456486645840954, "id": 42}, {"weight": 1, "random_weight": 0.7318879329344434, "id": 55}, {"weight": 1, "random_weight": 0.7113622354619183, "id": 66}], [{"weight": 1, "random_weight": 0.9788656375904008, "id": 7}, {"weight": 1, "random_weight": 0.6324357901461736, "id": 11}, {"weight": 1, "random_weight": 0.0517360030387054, "id": 18}, {"weight": 1, "random_weight": 0.7240030574218899, "id": 54}, {"weight": 2, "random_weight": 0.7579514721726772, "id": 68}], [{"weight": 1, "random_weight": 0.3071775593076148, "id": 28}, {"weight": 1, "random_weight": 0.7653234100012111, "id": 41}, {"weight": 1, "random_weight": 0.4587974455091631, "id": 46}, {"weight": 1, "random_weight": 0.2255327432232288, "id": 52}, {"weight": 2, "random_weight": 0.6215041679526333, "id": 65}], [{"weight": 2, "random_weight": 0.5591968756756154, "id": 3}, {"weight": 1, "random_weight": 0.21468659087468234, "id": 59}, {"weight": 2, "random_weight": 0.6215041679526333, "id": 64}, {"weight": 1, "random_weight": 0.902298387018335, "id": 71}], [{"weight": 1, "random_weight": 0.6112638881185505, "id": 48}, {"weight": 1, "random_weight": 0.49579760701607634, "id": 52}, {"weight": 1, "random_weight": 0.730757614204929, "id": 61}, {"weight": 1, "random_weight": 0.7113622354619183, "id": 62}, {"weight": 1, "random_weight": 0.46909739005002016, "id": 70}, {"weight": 1, "random_weight": 0.5536264446290464, "id": 71}], [{"weight": 1, "random_weight": 0.11270163533464916, "id": 29}, {"weight": 2, "random_weight": 0.6275719576158788, "id": 56}, {"weight": 1, "random_weight": 0.07884401255686013, "id": 57}, {"weight": 1, "random_weight": 0.5306526993377092, "id": 60}, {"weight": 1, "random_weight": 0.9806319387762317, "id": 61}], [{"weight": 1, "random_weight": 0.625193697205721, "id": 12}, {"weight": 1, "random_weight": 0.7547674677314699, "id": 21}, {"weight": 1, "random_weight": 0.8598509215823934, "id": 43}, {"weight": 1, "random_weight": 0.7407117889033226, "id": 49}, {"weight": 2, "random_weight": 0.7579514721726772, "id": 63}], [{"weight": 1, "random_weight": 0.7287066413776608, "id": 4}, {"weight": 2, "random_weight": 0.873513917823105, "id": 11}, {"weight": 1, "random_weight": 0.18600577265459672, "id": 47}, {"weight": 1, "random_weight": 0.3001636002090611, "id": 53}, {"weight": 1, "random_weight": 0.9916218067064217, "id": 54}], [{"weight": 2, "random_weight": 0.8292012996895394, "id": 32}, {"weight": 1, "random_weight": 0.5765819034982688, "id": 56}, {"weight": 2, "random_weight": 0.26853309465143993, "id": 61}, {"weight": 1, "random_weight": 0.46909739005002016, "id": 66}], [{"weight": 1, "random_weight": 0.4280164877177639, "id": 48}, {"weight": 2, "random_weight": 0.867402957157209, "id": 52}, {"weight": 1, "random_weight": 0.5648546400788758, "id": 53}, {"weight": 1, "random_weight": 0.902298387018335, "id": 65}, {"weight": 1, "random_weight": 0.5536264446290464, "id": 66}]]}