{"directed": false, "multigraph": false, "graph": [], "nodes": [{"graph": null, "nnodes": 2, "nedges": 1, "density": 1.0, "atomics": "[81, 82]", "group_pop": 2, "init_part_assignment": 5, "id": 0}, {"graph": null, "nnodes": 2, "nedges": 1, "density": 1.0, "atomics": "[69, 70]", "group_pop": 2, "init_part_assignment": 1, "id": 1}, {"graph": null, "nnodes": 2, "nedges": 1, "density": 1.0, "atomics": "[74, 62]", "group_pop": 2, "init_part_assignment": 3, "id": 2}, {"graph": null, "nnodes": 2, "nedges": 1, "density": 1.0, "atomics": "[75, 63]", "group_pop": 2, "init_part_assignment": 9, "id": 3}, {"graph": null, "nnodes": 2, "nedges": 1, "density": 1.0, "atomics": "[42, 54]", "group_pop": 2, "init_part_assignment": 10, "id": 4}, {"graph": null, "nnodes": 2, "nedges": 1, "density": 1.0, "atomics": "[43, 55]", "group_pop": 2, "init_part_assignment": 11, "id": 5}, {"graph": null, "nnodes": 2, "nedges": 1, "density": 1.0, "atomics": "[73, 61]", "group_pop": 2, "init_part_assignment": 3, "id": 6}, {"graph": null, "nnodes": 2, "nedges": 1, "density": 1.0, "atomics": "[32, 33]", "group_pop": 2, "init_part_assignment": 11, "id": 7}, {"graph": null, "nnodes": 2, "nedges": 1, "density": 1.0, "atomics": "[8, 20]", "group_pop": 2, "init_part_assignment": 11, "id": 8}, {"graph": null, "nnodes": 2, "nedges": 1, "density": 1.0, "atomics": "[141, 142]", "group_pop": 2, "init_part_assignment": 2, "id": 9}, {"graph": null, "nnodes": 2, "nedges": 1, "density": 1.0, "atomics": "[131, 143]", "group_pop": 2, "init_part_assignment": 2, "id": 10}, {"graph": null, "nnodes": 2, "nedges": 1, "density": 1.0, "atomics": "[41, 53]", "group_pop": 2, "init_part_assignment": 10, "id": 11}, {"graph": null, "nnodes": 2, "nedges": 1, "density": 1.0, "atomics": "[28, 29]", "group_pop": 2, "init_part_assignment": 10, "id": 12}, {"graph": null, "nnodes": 2, "nedges": 1, "density": 1.0, "atomics": "[9, 21]", "group_pop": 2, "init_part_assignment": 0, "id": 13}, {"graph": null, "nnodes": 2, "nedges": 1, "density": 1.0, "atomics": "[34, 46]", "group_pop": 2, "init_part_assignment": 0, "id": 14}, {"graph": null, "nnodes": 2, "nedges": 1, "density": 1.0, "atomics": "[35, 47]", "group_pop": 2, "init_part_assignment": 0, "id": 15}, {"graph": null, "nnodes": 2, "nedges": 1, "density": 1.0, "atomics": "[10, 11]", "group_pop": 2, "init_part_assignment": 0, "id": 16}, {"graph": null, "nnodes": 2, "nedges": 1, "density": 1.0, "atomics": "[22, 23]", "group_pop": 2, "init_part_assignment": 0, "id": 17}, {"graph": null, "nnodes": 2, "nedges": 1, "density": 1.0, "atomics": "[48, 49]", "group_pop": 2, "init_part_assignment": 3, "id": 18}, {"graph": null, "nnodes": 2, "nedges": 1, "density": 1.0, "atomics": "[36, 37]", "group_pop": 2, "init_part_assignment": 3, "id": 19}, {"graph": null, "nnodes": 2, "nedges": 1, "density": 1.0, "atomics": "[120, 121]", "group_pop": 2, "init_part_assignment": 6, "id": 20}, {"graph": null, "nnodes": 2, "nedges": 1, "density": 1.0, "atomics": "[132, 133]", "group_pop": 2, "init_part_assignment": 6, "id": 21}, {"graph": null, "nnodes": 2, "nedges": 1, "density": 1.0, "atomics": "[24, 25]", "group_pop": 2, "init_part_assignment": 8, "id": 22}, {"graph": null, "nnodes": 2, "nedges": 1, "density": 1.0, "atomics": "[130, 118]", "group_pop": 2, "init_part_assignment": 5, "id": 23}, {"graph": null, "nnodes": 2, "nedges": 1, "density": 1.0, "atomics": "[19, 31]", "group_pop": 2, "init_part_assignment": 11, "id": 24}, {"graph": null, "nnodes": 2, "nedges": 1, "density": 1.0, "atomics": "[83, 71]", "group_pop": 2, "init_part_assignment": 1, "id": 25}, {"graph": null, "nnodes": 2, "nedges": 1, "density": 1.0, "atomics": "[18, 30]", "group_pop": 2, "init_part_assignment": 10, "id": 26}, {"graph": null, "nnodes": 2, "nedges": 1, "density": 1.0, "atomics": "[122, 123]", "group_pop": 2, "init_part_assignment": 6, "id": 27}, {"graph": null, "nnodes": 2, "nedges": 1, "density": 1.0, "atomics": "[134, 135]", "group_pop": 2, "init_part_assignment": 6, "id": 28}, {"graph": null, "nnodes": 2, "nedges": 1, "density": 1.0, "atomics": "[96, 108]", "group_pop": 2, "init_part_assignment": 4, "id": 29}, {"graph": null, "nnodes": 2, "nedges": 1, "density": 1.0, "atomics": "[129, 117]", "group_pop": 2, "init_part_assignment": 2, "id": 30}, {"graph": null, "nnodes": 2, "nedges": 1, "density": 1.0, "atomics": "[12, 13]", "group_pop": 2, "init_part_assignment": 8, "id": 31}, {"graph": null, "nnodes": 2, "nedges": 1, "density": 1.0, "atomics": "[67, 79]", "group_pop": 2, "init_part_assignment": 1, "id": 32}, {"graph": null, "nnodes": 2, "nedges": 1, "density": 1.0, "atomics": "[56, 57]", "group_pop": 2, "init_part_assignment": 1, "id": 33}, {"graph": null, "nnodes": 2, "nedges": 1, "density": 1.0, "atomics": "[58, 59]", "group_pop": 2, "init_part_assignment": 0, "id": 34}, {"graph": null, "nnodes": 2, "nedges": 1, "density": 1.0, "atomics": "[72, 60]", "group_pop": 2, "init_part_assignment": 3, "id": 35}, {"graph": null, "nnodes": 2, "nedges": 1, "density": 1.0, "atomics": "[136, 124]", "group_pop": 2, "init_part_assignment": 6, "id": 36}, {"graph": null, "nnodes": 2, "nedges": 1, "density": 1.0, "atomics": "[6, 7]", "group_pop": 2, "init_part_assignment": 11, "id": 37}, {"graph": null, "nnodes": 2, "nedges": 1, "density": 1.0, "atomics": "[40, 52]", "group_pop": 2, "init_part_assignment": 9, "id": 38}, {"graph": null, "nnodes": 2, "nedges": 1, "density": 1.0, "atomics": "[0, 1]", "group_pop": 2, "init_part_assignment": 8, "id": 39}, {"graph": null, "nnodes": 2, "nedges": 1, "density": 1.0, "atomics": "[128, 140]", "group_pop": 2, "init_part_assignment": 2, "id": 40}, {"graph": null, "nnodes": 2, "nedges": 1, "density": 1.0, "atomics": "[115, 116]", "group_pop": 2, "init_part_assignment": 2, "id": 41}, {"graph": null, "nnodes": 2, "nedges": 1, "density": 1.0, "atomics": "[112, 113]", "group_pop": 2, "init_part_assignment": 7, "id": 42}, {"graph": null, "nnodes": 2, "nedges": 1, "density": 1.0, "atomics": "[2, 14]", "group_pop": 2, "init_part_assignment": 8, "id": 43}, {"graph": null, "nnodes": 2, "nedges": 1, "density": 1.0, "atomics": "[16, 17]", "group_pop": 2, "init_part_assignment": 10, "id": 44}, {"graph": null, "nnodes": 2, "nedges": 1, "density": 1.0, "atomics": "[4, 5]", "group_pop": 2, "init_part_assignment": 11, "id": 45}, {"graph": null, "nnodes": 2, "nedges": 1, "density": 1.0, "atomics": "[3, 15]", "group_pop": 2, "init_part_assignment": 10, "id": 46}, {"graph": null, "nnodes": 2, "nedges": 1, "density": 1.0, "atomics": "[97, 109]", "group_pop": 2, "init_part_assignment": 4, "id": 47}, {"graph": null, "nnodes": 2, "nedges": 1, "density": 1.0, "atomics": "[137, 125]", "group_pop": 2, "init_part_assignment": 6, "id": 48}, {"graph": null, "nnodes": 2, "nedges": 1, "density": 1.0, "atomics": "[66, 78]", "group_pop": 2, "init_part_assignment": 9, "id": 49}, {"graph": null, "nnodes": 2, "nedges": 1, "density": 1.0, "atomics": "[110, 111]", "group_pop": 2, "init_part_assignment": 4, "id": 50}, {"graph": null, "nnodes": 2, "nedges": 1, "density": 1.0, "atomics": "[84, 85]", "group_pop": 2, "init_part_assignment": 4, "id": 51}, {"graph": null, "nnodes": 2, "nedges": 1, "density": 1.0, "atomics": "[80, 68]", "group_pop": 2, "init_part_assignment": 1, "id": 52}, {"graph": null, "nnodes": 2, "nedges": 1, "density": 1.0, "atomics": "[88, 100]", "group_pop": 2, "init_part_assignment": 7, "id": 53}, {"graph": null, "nnodes": 2, "nedges": 1, "density": 1.0, "atomics": "[89, 101]", "group_pop": 2, "init_part_assignment": 7, "id": 54}, {"graph": null, "nnodes": 2, "nedges": 1, "density": 1.0, "atomics": "[64, 76]", "group_pop": 2, "init_part_assignment": 9, "id": 55}, {"graph": null, "nnodes": 2, "nedges": 1, "density": 1.0, "atomics": "[139, 127]", "group_pop": 2, "init_part_assignment": 2, "id": 56}, {"graph": null, "nnodes": 2, "nedges": 1, "density": 1.0, "atomics": "[94, 95]", "group_pop": 2, "init_part_assignment": 5, "id": 57}, {"graph": null, "nnodes": 2, "nedges": 1, "density": 1.0, "atomics": "[44, 45]", "group_pop": 2, "init_part_assignment": 1, "id": 58}, {"graph": null, "nnodes": 2, "nedges": 1, "density": 1.0, "atomics": "[107, 119]", "group_pop": 2, "init_part_assignment": 5, "id": 59}, {"graph": null, "nnodes": 2, "nedges": 1, "density": 1.0, "atomics": "[104, 103]", "group_pop": 2, "init_part_assignment": 7, "id": 60}, {"graph": null, "nnodes": 2, "nedges": 1, "density": 1.0, "atomics": "[138, 126]", "group_pop": 2, "init_part_assignment": 7, "id": 61}, {"graph": null, "nnodes": 2, "nedges": 1, "density": 1.0, "atomics": "[50, 51]", "group_pop": 2, "init_part_assignment": 3, "id": 62}, {"graph": null, "nnodes": 2, "nedges": 1, "density": 1.0, "atomics": "[26, 38]", "group_pop": 2, "init_part_assignment": 8, "id": 63}, {"graph": null, "nnodes": 2, "nedges": 1, "density": 1.0, "atomics": "[98, 86]", "group_pop": 2, "init_part_assignment": 4, "id": 64}, {"graph": null, "nnodes": 2, "nedges": 1, "density": 1.0, "atomics": "[114, 102]", "group_pop": 2, "init_part_assignment": 7, "id": 65}, {"graph": null, "nnodes": 2, "nedges": 1, "density": 1.0, "atomics": "[105, 106]", "group_pop": 2, "init_part_assignment": 5, "id": 66}, {"graph": null, "nnodes": 2, "nedges": 1, "density": 1.0, "atomics": "[92, 93]", "group_pop": 2, "init_part_assignment": 5, "id": 67}, {"graph": null, "nnodes": 2, "nedges": 1, "density": 1.0, "atomics": "[27, 39]", "group_pop": 2, "init_part_assignment": 8, "id": 68}, {"graph": null, "nnodes": 2, "nedges": 1, "density": 1.0, "atomics": "[99, 87]", "group_pop": 2, "init_part_assignment": 4, "id": 69}, {"graph": null, "nnodes": 2, "nedges": 1, "density": 1.0, "atomics": "[65, 77]", "group_pop": 2, "init_part_assignment": 9, "id": 70}, {"graph": null, "nnodes": 2, "nedges": 1, "density": 1.0, "atomics": "[90, 91]", "group_pop": 2, "init_part_assignment": 9, "id": 71}], "adjacency": [[{"weight": 2, "random_weight": 0.8323294266038254, "id": 1}, {"weight": 1, "random_weight": 0.7097546000840801, "id": 25}, {"weight": 1, "random_weight": 0.8721929726131867, "id": 52}, {"weight": 1, "random_weight": 0.45234954167202857, "id": 57}, {"weight": 1, "random_weight": 0.49306215277886045, "id": 67}], [{"weight": 2, "random_weight": 0.8323294266038254, "id": 0}, {"weight": 1, "random_weight": 0.39860120532965904, "id": 25}, {"weight": 1, "random_weight": 0.4463143424794982, "id": 33}, {"weight": 1, "random_weight": 0.9688893615181161, "id": 34}, {"weight": 1, "random_weight": 0.04010293954719313, "id": 52}], [{"weight": 2, "random_weight": 0.8783933436022301, "id": 3}, {"weight": 2, "random_weight": 0.1997609053918007, "id": 6}, {"weight": 1, "random_weight": 0.5278696716602633, "id": 62}, {"weight": 1, "random_weight": 0.7486351814730043, "id": 64}], [{"weight": 2, "random_weight": 0.8783933436022301, "id": 2}, {"weight": 2, "random_weight": 0.36674943925663006, "id": 55}, {"weight": 1, "random_weight": 0.9665828323125149, "id": 62}, {"weight": 1, "random_weight": 0.74882376599715, "id": 69}], [{"weight": 2, "random_weight": 0.7911376433876357, "id": 5}, {"weight": 2, "random_weight": 0.42205469509583804, "id": 11}, {"weight": 1, "random_weight": 0.3086427180984749, "id": 26}, {"weight": 1, "random_weight": 0.7307585525202891, "id": 49}], [{"weight": 2, "random_weight": 0.7911376433876357, "id": 4}, {"weight": 1, "random_weight": 0.13725283725943171, "id": 24}, {"weight": 1, "random_weight": 0.847255292748325, "id": 32}, {"weight": 1, "random_weight": 0.7866869063318774, "id": 33}, {"weight": 1, "random_weight": 0.6292105769873158, "id": 58}], [{"weight": 2, "random_weight": 0.1997609053918007, "id": 2}, {"weight": 1, "random_weight": 0.2817032342088652, "id": 18}, {"weight": 2, "random_weight": 0.9178983442539316, "id": 35}, {"weight": 1, "random_weight": 0.7515477196094921, "id": 51}], [{"weight": 1, "random_weight": 0.3586626677335394, "id": 8}, {"weight": 1, "random_weight": 0.6298088446663612, "id": 13}, {"weight": 1, "random_weight": 0.37631491101630754, "id": 14}, {"weight": 1, "random_weight": 0.12612864422812076, "id": 24}, {"weight": 2, "random_weight": 0.986676974783499, "id": 58}], [{"weight": 1, "random_weight": 0.3586626677335394, "id": 7}, {"weight": 2, "random_weight": 0.5598723770208326, "id": 13}, {"weight": 1, "random_weight": 0.8720779891415915, "id": 24}, {"weight": 1, "random_weight": 0.972316837239043, "id": 37}], [{"weight": 1, "random_weight": 0.5551382753970853, "id": 10}, {"weight": 1, "random_weight": 0.847473003312283, "id": 23}, {"weight": 1, "random_weight": 0.6326922586172401, "id": 30}, {"weight": 1, "random_weight": 0.531626319262242, "id": 40}], [{"weight": 1, "random_weight": 0.5551382753970853, "id": 9}, {"weight": 1, "random_weight": 0.7560610744567303, "id": 23}, {"weight": 1, "random_weight": 0.8469100794734852, "id": 59}], [{"weight": 2, "random_weight": 0.42205469509583804, "id": 4}, {"weight": 1, "random_weight": 0.6032723885196549, "id": 12}, {"weight": 2, "random_weight": 0.39489285002160845, "id": 38}, {"weight": 1, "random_weight": 0.8390201070448895, "id": 70}], [{"weight": 1, "random_weight": 0.6032723885196549, "id": 11}, {"weight": 1, "random_weight": 0.6686094686571717, "id": 26}, {"weight": 1, "random_weight": 0.19202768859512132, "id": 38}, {"weight": 2, "random_weight": 0.6092023229239267, "id": 44}, {"weight": 1, "random_weight": 0.7347524758892473, "id": 68}], [{"weight": 1, "random_weight": 0.6298088446663612, "id": 7}, {"weight": 2, "random_weight": 0.5598723770208326, "id": 8}, {"weight": 1, "random_weight": 0.5779957350558189, "id": 16}, {"weight": 1, "random_weight": 0.2338796778057054, "id": 17}], [{"weight": 1, "random_weight": 0.37631491101630754, "id": 7}, {"weight": 2, "random_weight": 0.6607733817832518, "id": 15}, {"weight": 1, "random_weight": 0.5559589442901604, "id": 17}, {"weight": 1, "random_weight": 0.7573750200821945, "id": 34}, {"weight": 1, "random_weight": 0.8240267974888685, "id": 58}], [{"weight": 2, "random_weight": 0.6607733817832518, "id": 14}, {"weight": 1, "random_weight": 0.1401208466286189, "id": 17}, {"weight": 1, "random_weight": 0.13884943154159857, "id": 34}], [{"weight": 1, "random_weight": 0.5779957350558189, "id": 13}, {"weight": 2, "random_weight": 0.7092644127872514, "id": 17}], [{"weight": 1, "random_weight": 0.2338796778057054, "id": 13}, {"weight": 1, "random_weight": 0.5559589442901604, "id": 14}, {"weight": 1, "random_weight": 0.1401208466286189, "id": 15}, {"weight": 2, "random_weight": 0.7092644127872514, "id": 16}], [{"weight": 1, "random_weight": 0.2817032342088652, "id": 6}, {"weight": 2, "random_weight": 0.0733108887546251, "id": 19}, {"weight": 1, "random_weight": 0.5066843926713717, "id": 35}, {"weight": 1, "random_weight": 0.1256997640798696, "id": 62}], [{"weight": 2, "random_weight": 0.0733108887546251, "id": 18}, {"weight": 2, "random_weight": 0.2857325672919454, "id": 22}, {"weight": 1, "random_weight": 0.7251210172367931, "id": 63}], [{"weight": 2, "random_weight": 0.7354299658287037, "id": 21}, {"weight": 1, "random_weight": 0.6248944347816154, "id": 27}, {"weight": 1, "random_weight": 0.9275904452365227, "id": 29}, {"weight": 1, "random_weight": 0.5871445014811386, "id": 47}], [{"weight": 2, "random_weight": 0.7354299658287037, "id": 20}, {"weight": 1, "random_weight": 0.005552122975486129, "id": 28}], [{"weight": 2, "random_weight": 0.2857325672919454, "id": 19}, {"weight": 2, "random_weight": 0.40390299267761554, "id": 31}, {"weight": 1, "random_weight": 0.5977205335552305, "id": 63}], [{"weight": 1, "random_weight": 0.847473003312283, "id": 9}, {"weight": 1, "random_weight": 0.7560610744567303, "id": 10}, {"weight": 2, "random_weight": 0.7175462514591988, "id": 30}, {"weight": 1, "random_weight": 0.8574109847705051, "id": 59}, {"weight": 1, "random_weight": 0.6114203360444166, "id": 66}], [{"weight": 1, "random_weight": 0.13725283725943171, "id": 5}, {"weight": 1, "random_weight": 0.12612864422812076, "id": 7}, {"weight": 1, "random_weight": 0.8720779891415915, "id": 8}, {"weight": 2, "random_weight": 0.7702855673692787, "id": 26}, {"weight": 1, "random_weight": 0.6167585732692501, "id": 37}], [{"weight": 1, "random_weight": 0.7097546000840801, "id": 0}, {"weight": 1, "random_weight": 0.39860120532965904, "id": 1}, {"weight": 1, "random_weight": 0.8247706353490281, "id": 34}, {"weight": 1, "random_weight": 0.18438450296048903, "id": 57}], [{"weight": 1, "random_weight": 0.3086427180984749, "id": 4}, {"weight": 1, "random_weight": 0.6686094686571717, "id": 12}, {"weight": 2, "random_weight": 0.7702855673692787, "id": 24}, {"weight": 1, "random_weight": 0.013070965380981736, "id": 37}, {"weight": 1, "random_weight": 0.9650632231529255, "id": 44}], [{"weight": 1, "random_weight": 0.6248944347816154, "id": 20}, {"weight": 2, "random_weight": 0.2655990591108658, "id": 28}, {"weight": 1, "random_weight": 0.3781936223131197, "id": 36}, {"weight": 2, "random_weight": 0.8922559435889431, "id": 50}], [{"weight": 1, "random_weight": 0.005552122975486129, "id": 21}, {"weight": 2, "random_weight": 0.2655990591108658, "id": 27}, {"weight": 1, "random_weight": 0.5260564842199508, "id": 36}], [{"weight": 1, "random_weight": 0.9275904452365227, "id": 20}, {"weight": 2, "random_weight": 0.8662425433617384, "id": 47}, {"weight": 1, "random_weight": 0.29082936308225027, "id": 51}], [{"weight": 1, "random_weight": 0.6326922586172401, "id": 9}, {"weight": 2, "random_weight": 0.7175462514591988, "id": 23}, {"weight": 1, "random_weight": 0.12831423322976565, "id": 40}, {"weight": 1, "random_weight": 0.34136977172729066, "id": 41}, {"weight": 1, "random_weight": 0.5662408754968715, "id": 66}], [{"weight": 2, "random_weight": 0.40390299267761554, "id": 22}, {"weight": 2, "random_weight": 0.44697854081853083, "id": 39}, {"weight": 1, "random_weight": 0.4614864735787987, "id": 43}], [{"weight": 1, "random_weight": 0.847255292748325, "id": 5}, {"weight": 2, "random_weight": 0.9542301894133948, "id": 49}, {"weight": 2, "random_weight": 0.7581647153267645, "id": 52}, {"weight": 1, "random_weight": 0.9575264039012558, "id": 71}], [{"weight": 1, "random_weight": 0.4463143424794982, "id": 1}, {"weight": 1, "random_weight": 0.7866869063318774, "id": 5}, {"weight": 1, "random_weight": 0.5628324681663394, "id": 34}, {"weight": 1, "random_weight": 0.8741810048267277, "id": 52}, {"weight": 2, "random_weight": 0.11776489688779712, "id": 58}], [{"weight": 1, "random_weight": 0.9688893615181161, "id": 1}, {"weight": 1, "random_weight": 0.7573750200821945, "id": 14}, {"weight": 1, "random_weight": 0.13884943154159857, "id": 15}, {"weight": 1, "random_weight": 0.8247706353490281, "id": 25}, {"weight": 1, "random_weight": 0.5628324681663394, "id": 33}], [{"weight": 2, "random_weight": 0.9178983442539316, "id": 6}, {"weight": 1, "random_weight": 0.5066843926713717, "id": 18}, {"weight": 1, "random_weight": 0.8612040987856051, "id": 51}], [{"weight": 1, "random_weight": 0.3781936223131197, "id": 27}, {"weight": 1, "random_weight": 0.5260564842199508, "id": 28}, {"weight": 1, "random_weight": 0.9989835977879326, "id": 42}, {"weight": 2, "random_weight": 0.019574091638013713, "id": 48}], [{"weight": 1, "random_weight": 0.972316837239043, "id": 8}, {"weight": 1, "random_weight": 0.6167585732692501, "id": 24}, {"weight": 1, "random_weight": 0.013070965380981736, "id": 26}, {"weight": 1, "random_weight": 0.5898703033653233, "id": 45}], [{"weight": 2, "random_weight": 0.39489285002160845, "id": 11}, {"weight": 1, "random_weight": 0.19202768859512132, "id": 12}, {"weight": 1, "random_weight": 0.054860300693923, "id": 55}, {"weight": 1, "random_weight": 0.8469680514405896, "id": 62}, {"weight": 1, "random_weight": 0.45911808676310994, "id": 68}], [{"weight": 2, "random_weight": 0.44697854081853083, "id": 31}, {"weight": 1, "random_weight": 0.6136756472635354, "id": 43}], [{"weight": 1, "random_weight": 0.531626319262242, "id": 9}, {"weight": 1, "random_weight": 0.12831423322976565, "id": 30}, {"weight": 1, "random_weight": 0.6578988030401424, "id": 41}, {"weight": 2, "random_weight": 0.08248569638176695, "id": 56}], [{"weight": 1, "random_weight": 0.34136977172729066, "id": 30}, {"weight": 1, "random_weight": 0.6578988030401424, "id": 40}, {"weight": 1, "random_weight": 0.037724144809361926, "id": 56}, {"weight": 2, "random_weight": 0.4571558702326961, "id": 60}, {"weight": 1, "random_weight": 0.6521443045279564, "id": 65}], [{"weight": 1, "random_weight": 0.9989835977879326, "id": 36}, {"weight": 1, "random_weight": 0.581123402135607, "id": 48}, {"weight": 1, "random_weight": 0.9112191518506692, "id": 50}, {"weight": 1, "random_weight": 0.1566098292603948, "id": 53}, {"weight": 1, "random_weight": 0.4617605215682784, "id": 54}, {"weight": 1, "random_weight": 0.357805745172471, "id": 65}], [{"weight": 1, "random_weight": 0.4614864735787987, "id": 31}, {"weight": 1, "random_weight": 0.6136756472635354, "id": 39}, {"weight": 2, "random_weight": 0.9401757905637981, "id": 46}, {"weight": 1, "random_weight": 0.3422215174226858, "id": 63}], [{"weight": 2, "random_weight": 0.6092023229239267, "id": 12}, {"weight": 1, "random_weight": 0.9650632231529255, "id": 26}, {"weight": 2, "random_weight": 0.7474852006575728, "id": 45}, {"weight": 1, "random_weight": 0.25648015325976015, "id": 46}], [{"weight": 1, "random_weight": 0.5898703033653233, "id": 37}, {"weight": 2, "random_weight": 0.7474852006575728, "id": 44}, {"weight": 1, "random_weight": 0.9813978552828833, "id": 46}], [{"weight": 2, "random_weight": 0.9401757905637981, "id": 43}, {"weight": 1, "random_weight": 0.25648015325976015, "id": 44}, {"weight": 1, "random_weight": 0.9813978552828833, "id": 45}, {"weight": 1, "random_weight": 0.974701682278839, "id": 68}], [{"weight": 1, "random_weight": 0.5871445014811386, "id": 20}, {"weight": 2, "random_weight": 0.8662425433617384, "id": 29}, {"weight": 1, "random_weight": 0.6698348738645583, "id": 50}, {"weight": 1, "random_weight": 0.9892774376264961, "id": 51}, {"weight": 1, "random_weight": 0.5278358977906366, "id": 64}], [{"weight": 2, "random_weight": 0.019574091638013713, "id": 36}, {"weight": 1, "random_weight": 0.581123402135607, "id": 42}, {"weight": 2, "random_weight": 0.7962052282555181, "id": 61}], [{"weight": 1, "random_weight": 0.7307585525202891, "id": 4}, {"weight": 2, "random_weight": 0.9542301894133948, "id": 32}, {"weight": 2, "random_weight": 0.2879208092982447, "id": 70}, {"weight": 1, "random_weight": 0.3361120842286479, "id": 71}], [{"weight": 2, "random_weight": 0.8922559435889431, "id": 27}, {"weight": 1, "random_weight": 0.9112191518506692, "id": 42}, {"weight": 1, "random_weight": 0.6698348738645583, "id": 47}, {"weight": 1, "random_weight": 0.8569965478494751, "id": 64}, {"weight": 1, "random_weight": 0.10034149439424822, "id": 69}], [{"weight": 1, "random_weight": 0.7515477196094921, "id": 6}, {"weight": 1, "random_weight": 0.29082936308225027, "id": 29}, {"weight": 1, "random_weight": 0.8612040987856051, "id": 35}, {"weight": 1, "random_weight": 0.9892774376264961, "id": 47}, {"weight": 1, "random_weight": 0.11357665076916701, "id": 64}], [{"weight": 1, "random_weight": 0.8721929726131867, "id": 0}, {"weight": 1, "random_weight": 0.04010293954719313, "id": 1}, {"weight": 2, "random_weight": 0.7581647153267645, "id": 32}, {"weight": 1, "random_weight": 0.8741810048267277, "id": 33}, {"weight": 1, "random_weight": 0.8481419013244311, "id": 67}], [{"weight": 1, "random_weight": 0.1566098292603948, "id": 42}, {"weight": 2, "random_weight": 0.12948087795213736, "id": 54}, {"weight": 1, "random_weight": 0.9392409443458152, "id": 55}, {"weight": 2, "random_weight": 0.8752601268493844, "id": 69}], [{"weight": 1, "random_weight": 0.4617605215682784, "id": 42}, {"weight": 2, "random_weight": 0.12948087795213736, "id": 53}, {"weight": 1, "random_weight": 0.4530379821869396, "id": 65}, {"weight": 1, "random_weight": 0.9608277979838143, "id": 70}, {"weight": 1, "random_weight": 0.4998022218640632, "id": 71}], [{"weight": 2, "random_weight": 0.36674943925663006, "id": 3}, {"weight": 1, "random_weight": 0.054860300693923, "id": 38}, {"weight": 1, "random_weight": 0.9392409443458152, "id": 53}, {"weight": 2, "random_weight": 0.4952813357736472, "id": 70}], [{"weight": 2, "random_weight": 0.08248569638176695, "id": 40}, {"weight": 1, "random_weight": 0.037724144809361926, "id": 41}, {"weight": 2, "random_weight": 0.5603529418529554, "id": 61}], [{"weight": 1, "random_weight": 0.45234954167202857, "id": 0}, {"weight": 1, "random_weight": 0.18438450296048903, "id": 25}, {"weight": 1, "random_weight": 0.22456884111515651, "id": 59}, {"weight": 1, "random_weight": 0.8450468043991268, "id": 66}, {"weight": 1, "random_weight": 0.19026430559206375, "id": 67}], [{"weight": 1, "random_weight": 0.6292105769873158, "id": 5}, {"weight": 2, "random_weight": 0.986676974783499, "id": 7}, {"weight": 1, "random_weight": 0.8240267974888685, "id": 14}, {"weight": 2, "random_weight": 0.11776489688779712, "id": 33}], [{"weight": 1, "random_weight": 0.8469100794734852, "id": 10}, {"weight": 1, "random_weight": 0.8574109847705051, "id": 23}, {"weight": 1, "random_weight": 0.22456884111515651, "id": 57}, {"weight": 1, "random_weight": 0.8067506102411316, "id": 66}], [{"weight": 2, "random_weight": 0.4571558702326961, "id": 41}, {"weight": 1, "random_weight": 0.22588263722000212, "id": 65}, {"weight": 1, "random_weight": 0.10545822849312037, "id": 66}, {"weight": 1, "random_weight": 0.464401186600371, "id": 67}, {"weight": 1, "random_weight": 0.7197702318348758, "id": 71}], [{"weight": 2, "random_weight": 0.7962052282555181, "id": 48}, {"weight": 2, "random_weight": 0.5603529418529554, "id": 56}, {"weight": 1, "random_weight": 0.8496398957022395, "id": 65}], [{"weight": 1, "random_weight": 0.5278696716602633, "id": 2}, {"weight": 1, "random_weight": 0.9665828323125149, "id": 3}, {"weight": 1, "random_weight": 0.1256997640798696, "id": 18}, {"weight": 1, "random_weight": 0.8469680514405896, "id": 38}, {"weight": 1, "random_weight": 0.2651562208263091, "id": 63}, {"weight": 1, "random_weight": 0.2943367313517332, "id": 68}], [{"weight": 1, "random_weight": 0.7251210172367931, "id": 19}, {"weight": 1, "random_weight": 0.5977205335552305, "id": 22}, {"weight": 1, "random_weight": 0.3422215174226858, "id": 43}, {"weight": 1, "random_weight": 0.2651562208263091, "id": 62}, {"weight": 2, "random_weight": 0.5020426828010782, "id": 68}], [{"weight": 1, "random_weight": 0.7486351814730043, "id": 2}, {"weight": 1, "random_weight": 0.5278358977906366, "id": 47}, {"weight": 1, "random_weight": 0.8569965478494751, "id": 50}, {"weight": 1, "random_weight": 0.11357665076916701, "id": 51}, {"weight": 2, "random_weight": 0.6510759548818951, "id": 69}], [{"weight": 1, "random_weight": 0.6521443045279564, "id": 41}, {"weight": 1, "random_weight": 0.357805745172471, "id": 42}, {"weight": 1, "random_weight": 0.4530379821869396, "id": 54}, {"weight": 1, "random_weight": 0.22588263722000212, "id": 60}, {"weight": 1, "random_weight": 0.8496398957022395, "id": 61}, {"weight": 1, "random_weight": 0.5084140196189157, "id": 71}], [{"weight": 1, "random_weight": 0.6114203360444166, "id": 23}, {"weight": 1, "random_weight": 0.5662408754968715, "id": 30}, {"weight": 1, "random_weight": 0.8450468043991268, "id": 57}, {"weight": 1, "random_weight": 0.8067506102411316, "id": 59}, {"weight": 1, "random_weight": 0.10545822849312037, "id": 60}, {"weight": 1, "random_weight": 0.2578393725437963, "id": 67}], [{"weight": 1, "random_weight": 0.49306215277886045, "id": 0}, {"weight": 1, "random_weight": 0.8481419013244311, "id": 52}, {"weight": 1, "random_weight": 0.19026430559206375, "id": 57}, {"weight": 1, "random_weight": 0.464401186600371, "id": 60}, {"weight": 1, "random_weight": 0.2578393725437963, "id": 66}, {"weight": 1, "random_weight": 0.772498815731222, "id": 71}], [{"weight": 1, "random_weight": 0.7347524758892473, "id": 12}, {"weight": 1, "random_weight": 0.45911808676310994, "id": 38}, {"weight": 1, "random_weight": 0.974701682278839, "id": 46}, {"weight": 1, "random_weight": 0.2943367313517332, "id": 62}, {"weight": 2, "random_weight": 0.5020426828010782, "id": 63}], [{"weight": 1, "random_weight": 0.74882376599715, "id": 3}, {"weight": 1, "random_weight": 0.10034149439424822, "id": 50}, {"weight": 2, "random_weight": 0.8752601268493844, "id": 53}, {"weight": 2, "random_weight": 0.6510759548818951, "id": 64}], [{"weight": 1, "random_weight": 0.8390201070448895, "id": 11}, {"weight": 2, "random_weight": 0.2879208092982447, "id": 49}, {"weight": 1, "random_weight": 0.9608277979838143, "id": 54}, {"weight": 2, "random_weight": 0.4952813357736472, "id": 55}], [{"weight": 1, "random_weight": 0.9575264039012558, "id": 32}, {"weight": 1, "random_weight": 0.3361120842286479, "id": 49}, {"weight": 1, "random_weight": 0.4998022218640632, "id": 54}, {"weight": 1, "random_weight": 0.7197702318348758, "id": 60}, {"weight": 1, "random_weight": 0.5084140196189157, "id": 65}, {"weight": 1, "random_weight": 0.772498815731222, "id": 67}]]}