{"directed": false, "multigraph": false, "graph": [], "nodes": [{"graph": null, "nnodes": 2, "nedges": 1, "density": 1.0, "atomics": "[81, 82]", "group_pop": 2, "init_part_assignment": 10, "id": 0}, {"graph": null, "nnodes": 2, "nedges": 1, "density": 1.0, "atomics": "[69, 70]", "group_pop": 2, "init_part_assignment": 10, "id": 1}, {"graph": null, "nnodes": 2, "nedges": 1, "density": 1.0, "atomics": "[73, 74]", "group_pop": 2, "init_part_assignment": 7, "id": 2}, {"graph": null, "nnodes": 2, "nedges": 1, "density": 1.0, "atomics": "[75, 87]", "group_pop": 2, "init_part_assignment": 7, "id": 3}, {"graph": null, "nnodes": 2, "nedges": 1, "density": 1.0, "atomics": "[42, 30]", "group_pop": 2, "init_part_assignment": 8, "id": 4}, {"graph": null, "nnodes": 2, "nedges": 1, "density": 1.0, "atomics": "[43, 55]", "group_pop": 2, "init_part_assignment": 11, "id": 5}, {"graph": null, "nnodes": 2, "nedges": 1, "density": 1.0, "atomics": "[60, 61]", "group_pop": 2, "init_part_assignment": 4, "id": 6}, {"graph": null, "nnodes": 2, "nedges": 1, "density": 1.0, "atomics": "[50, 62]", "group_pop": 2, "init_part_assignment": 4, "id": 7}, {"graph": null, "nnodes": 2, "nedges": 1, "density": 1.0, "atomics": "[32, 31]", "group_pop": 2, "init_part_assignment": 11, "id": 8}, {"graph": null, "nnodes": 2, "nedges": 1, "density": 1.0, "atomics": "[8, 20]", "group_pop": 2, "init_part_assignment": 1, "id": 9}, {"graph": null, "nnodes": 2, "nedges": 1, "density": 1.0, "atomics": "[141, 142]", "group_pop": 2, "init_part_assignment": 2, "id": 10}, {"graph": null, "nnodes": 2, "nedges": 1, "density": 1.0, "atomics": "[131, 143]", "group_pop": 2, "init_part_assignment": 6, "id": 11}, {"graph": null, "nnodes": 2, "nedges": 1, "density": 1.0, "atomics": "[41, 29]", "group_pop": 2, "init_part_assignment": 8, "id": 12}, {"graph": null, "nnodes": 2, "nedges": 1, "density": 1.0, "atomics": "[9, 21]", "group_pop": 2, "init_part_assignment": 1, "id": 13}, {"graph": null, "nnodes": 2, "nedges": 1, "density": 1.0, "atomics": "[33, 34]", "group_pop": 2, "init_part_assignment": 1, "id": 14}, {"graph": null, "nnodes": 2, "nedges": 1, "density": 1.0, "atomics": "[35, 47]", "group_pop": 2, "init_part_assignment": 1, "id": 15}, {"graph": null, "nnodes": 2, "nedges": 1, "density": 1.0, "atomics": "[11, 23]", "group_pop": 2, "init_part_assignment": 1, "id": 16}, {"graph": null, "nnodes": 2, "nedges": 1, "density": 1.0, "atomics": "[48, 49]", "group_pop": 2, "init_part_assignment": 4, "id": 17}, {"graph": null, "nnodes": 2, "nedges": 1, "density": 1.0, "atomics": "[36, 37]", "group_pop": 2, "init_part_assignment": 4, "id": 18}, {"graph": null, "nnodes": 2, "nedges": 1, "density": 1.0, "atomics": "[120, 108]", "group_pop": 2, "init_part_assignment": 3, "id": 19}, {"graph": null, "nnodes": 2, "nedges": 1, "density": 1.0, "atomics": "[132, 133]", "group_pop": 2, "init_part_assignment": 3, "id": 20}, {"graph": null, "nnodes": 2, "nedges": 1, "density": 1.0, "atomics": "[24, 25]", "group_pop": 2, "init_part_assignment": 4, "id": 21}, {"graph": null, "nnodes": 2, "nedges": 1, "density": 1.0, "atomics": "[130, 118]", "group_pop": 2, "init_part_assignment": 2, "id": 22}, {"graph": null, "nnodes": 2, "nedges": 1, "density": 1.0, "atomics": "[19, 7]", "group_pop": 2, "init_part_assignment": 11, "id": 23}, {"graph": null, "nnodes": 2, "nedges": 1, "density": 1.0, "atomics": "[83, 95]", "group_pop": 2, "init_part_assignment": 10, "id": 24}, {"graph": null, "nnodes": 2, "nedges": 1, "density": 1.0, "atomics": "[59, 71]", "group_pop": 2, "init_part_assignment": 10, "id": 25}, {"graph": null, "nnodes": 2, "nedges": 1, "density": 1.0, "atomics": "[18, 6]", "group_pop": 2, "init_part_assignment": 8, "id": 26}, {"graph": null, "nnodes": 2, "nedges": 1, "density": 1.0, "atomics": "[123, 111]", "group_pop": 2, "init_part_assignment": 3, "id": 27}, {"graph": null, "nnodes": 2, "nedges": 1, "density": 1.0, "atomics": "[134, 135]", "group_pop": 2, "init_part_assignment": 3, "id": 28}, {"graph": null, "nnodes": 2, "nedges": 1, "density": 1.0, "atomics": "[10, 22]", "group_pop": 2, "init_part_assignment": 1, "id": 29}, {"graph": null, "nnodes": 2, "nedges": 1, "density": 1.0, "atomics": "[96, 97]", "group_pop": 2, "init_part_assignment": 7, "id": 30}, {"graph": null, "nnodes": 2, "nedges": 1, "density": 1.0, "atomics": "[129, 117]", "group_pop": 2, "init_part_assignment": 2, "id": 31}, {"graph": null, "nnodes": 2, "nedges": 1, "density": 1.0, "atomics": "[12, 13]", "group_pop": 2, "init_part_assignment": 0, "id": 32}, {"graph": null, "nnodes": 2, "nedges": 1, "density": 1.0, "atomics": "[67, 68]", "group_pop": 2, "init_part_assignment": 10, "id": 33}, {"graph": null, "nnodes": 2, "nedges": 1, "density": 1.0, "atomics": "[78, 79]", "group_pop": 2, "init_part_assignment": 9, "id": 34}, {"graph": null, "nnodes": 2, "nedges": 1, "density": 1.0, "atomics": "[56, 57]", "group_pop": 2, "init_part_assignment": 11, "id": 35}, {"graph": null, "nnodes": 2, "nedges": 1, "density": 1.0, "atomics": "[58, 46]", "group_pop": 2, "init_part_assignment": 11, "id": 36}, {"graph": null, "nnodes": 2, "nedges": 1, "density": 1.0, "atomics": "[136, 137]", "group_pop": 2, "init_part_assignment": 5, "id": 37}, {"graph": null, "nnodes": 2, "nedges": 1, "density": 1.0, "atomics": "[112, 124]", "group_pop": 2, "init_part_assignment": 5, "id": 38}, {"graph": null, "nnodes": 2, "nedges": 1, "density": 1.0, "atomics": "[40, 52]", "group_pop": 2, "init_part_assignment": 9, "id": 39}, {"graph": null, "nnodes": 2, "nedges": 1, "density": 1.0, "atomics": "[27, 28]", "group_pop": 2, "init_part_assignment": 0, "id": 40}, {"graph": null, "nnodes": 2, "nedges": 1, "density": 1.0, "atomics": "[0, 1]", "group_pop": 2, "init_part_assignment": 0, "id": 41}, {"graph": null, "nnodes": 2, "nedges": 1, "density": 1.0, "atomics": "[128, 127]", "group_pop": 2, "init_part_assignment": 2, "id": 42}, {"graph": null, "nnodes": 2, "nedges": 1, "density": 1.0, "atomics": "[115, 116]", "group_pop": 2, "init_part_assignment": 2, "id": 43}, {"graph": null, "nnodes": 2, "nedges": 1, "density": 1.0, "atomics": "[121, 109]", "group_pop": 2, "init_part_assignment": 3, "id": 44}, {"graph": null, "nnodes": 2, "nedges": 1, "density": 1.0, "atomics": "[122, 110]", "group_pop": 2, "init_part_assignment": 3, "id": 45}, {"graph": null, "nnodes": 2, "nedges": 1, "density": 1.0, "atomics": "[113, 125]", "group_pop": 2, "init_part_assignment": 5, "id": 46}, {"graph": null, "nnodes": 2, "nedges": 1, "density": 1.0, "atomics": "[2, 3]", "group_pop": 2, "init_part_assignment": 0, "id": 47}, {"graph": null, "nnodes": 2, "nedges": 1, "density": 1.0, "atomics": "[17, 5]", "group_pop": 2, "init_part_assignment": 8, "id": 48}, {"graph": null, "nnodes": 2, "nedges": 1, "density": 1.0, "atomics": "[139, 140]", "group_pop": 2, "init_part_assignment": 2, "id": 49}, {"graph": null, "nnodes": 2, "nedges": 1, "density": 1.0, "atomics": "[16, 4]", "group_pop": 2, "init_part_assignment": 8, "id": 50}, {"graph": null, "nnodes": 2, "nedges": 1, "density": 1.0, "atomics": "[65, 66]", "group_pop": 2, "init_part_assignment": 10, "id": 51}, {"graph": null, "nnodes": 2, "nedges": 1, "density": 1.0, "atomics": "[14, 15]", "group_pop": 2, "init_part_assignment": 0, "id": 52}, {"graph": null, "nnodes": 2, "nedges": 1, "density": 1.0, "atomics": "[72, 84]", "group_pop": 2, "init_part_assignment": 7, "id": 53}, {"graph": null, "nnodes": 2, "nedges": 1, "density": 1.0, "atomics": "[80, 92]", "group_pop": 2, "init_part_assignment": 6, "id": 54}, {"graph": null, "nnodes": 2, "nedges": 1, "density": 1.0, "atomics": "[100, 101]", "group_pop": 2, "init_part_assignment": 5, "id": 55}, {"graph": null, "nnodes": 2, "nedges": 1, "density": 1.0, "atomics": "[64, 63]", "group_pop": 2, "init_part_assignment": 9, "id": 56}, {"graph": null, "nnodes": 2, "nedges": 1, "density": 1.0, "atomics": "[106, 94]", "group_pop": 2, "init_part_assignment": 6, "id": 57}, {"graph": null, "nnodes": 2, "nedges": 1, "density": 1.0, "atomics": "[44, 45]", "group_pop": 2, "init_part_assignment": 11, "id": 58}, {"graph": null, "nnodes": 2, "nedges": 1, "density": 1.0, "atomics": "[85, 86]", "group_pop": 2, "init_part_assignment": 7, "id": 59}, {"graph": null, "nnodes": 2, "nedges": 1, "density": 1.0, "atomics": "[107, 119]", "group_pop": 2, "init_part_assignment": 6, "id": 60}, {"graph": null, "nnodes": 2, "nedges": 1, "density": 1.0, "atomics": "[53, 54]", "group_pop": 2, "init_part_assignment": 8, "id": 61}, {"graph": null, "nnodes": 2, "nedges": 1, "density": 1.0, "atomics": "[104, 103]", "group_pop": 2, "init_part_assignment": 6, "id": 62}, {"graph": null, "nnodes": 2, "nedges": 1, "density": 1.0, "atomics": "[138, 126]", "group_pop": 2, "init_part_assignment": 5, "id": 63}, {"graph": null, "nnodes": 2, "nedges": 1, "density": 1.0, "atomics": "[26, 38]", "group_pop": 2, "init_part_assignment": 4, "id": 64}, {"graph": null, "nnodes": 2, "nedges": 1, "density": 1.0, "atomics": "[98, 99]", "group_pop": 2, "init_part_assignment": 7, "id": 65}, {"graph": null, "nnodes": 2, "nedges": 1, "density": 1.0, "atomics": "[114, 102]", "group_pop": 2, "init_part_assignment": 5, "id": 66}, {"graph": null, "nnodes": 2, "nedges": 1, "density": 1.0, "atomics": "[105, 93]", "group_pop": 2, "init_part_assignment": 6, "id": 67}, {"graph": null, "nnodes": 2, "nedges": 1, "density": 1.0, "atomics": "[51, 39]", "group_pop": 2, "init_part_assignment": 0, "id": 68}, {"graph": null, "nnodes": 2, "nedges": 1, "density": 1.0, "atomics": "[76, 77]", "group_pop": 2, "init_part_assignment": 9, "id": 69}, {"graph": null, "nnodes": 2, "nedges": 1, "density": 1.0, "atomics": "[90, 91]", "group_pop": 2, "init_part_assignment": 9, "id": 70}, {"graph": null, "nnodes": 2, "nedges": 1, "density": 1.0, "atomics": "[88, 89]", "group_pop": 2, "init_part_assignment": 9, "id": 71}], "adjacency": [[{"weight": 2, "random_weight": 0.2554995081068451, "id": 1}, {"weight": 1, "random_weight": 0.07763641926116738, "id": 24}, {"weight": 1, "random_weight": 0.6946283400313585, "id": 54}, {"weight": 1, "random_weight": 0.13705591774647852, "id": 57}, {"weight": 1, "random_weight": 0.014564837792676477, "id": 67}], [{"weight": 2, "random_weight": 0.2554995081068451, "id": 0}, {"weight": 1, "random_weight": 0.38433285698351083, "id": 25}, {"weight": 1, "random_weight": 0.02173663953130256, "id": 33}, {"weight": 1, "random_weight": 0.8871222119640556, "id": 35}, {"weight": 1, "random_weight": 0.4420092339216416, "id": 36}], [{"weight": 1, "random_weight": 0.7829708415319648, "id": 3}, {"weight": 1, "random_weight": 0.6326961540219573, "id": 6}, {"weight": 1, "random_weight": 0.8022851811527655, "id": 7}, {"weight": 1, "random_weight": 0.0735958469134883, "id": 53}, {"weight": 2, "random_weight": 0.22094936409156263, "id": 59}], [{"weight": 1, "random_weight": 0.7829708415319648, "id": 2}, {"weight": 1, "random_weight": 0.5680638198110196, "id": 56}, {"weight": 1, "random_weight": 0.14956902961816154, "id": 59}, {"weight": 1, "random_weight": 0.3314712865451347, "id": 65}, {"weight": 1, "random_weight": 0.38658518465557745, "id": 69}, {"weight": 1, "random_weight": 0.40951511495795134, "id": 71}], [{"weight": 1, "random_weight": 0.4757726165378807, "id": 5}, {"weight": 1, "random_weight": 0.6702465674175906, "id": 8}, {"weight": 2, "random_weight": 0.18795295210602037, "id": 12}, {"weight": 1, "random_weight": 0.29060698861479506, "id": 26}, {"weight": 1, "random_weight": 0.008143376335511099, "id": 61}], [{"weight": 1, "random_weight": 0.4757726165378807, "id": 4}, {"weight": 1, "random_weight": 0.5607152365355239, "id": 8}, {"weight": 1, "random_weight": 0.5698741341480728, "id": 33}, {"weight": 1, "random_weight": 0.10677754344879331, "id": 35}, {"weight": 1, "random_weight": 0.17194897725792158, "id": 58}, {"weight": 1, "random_weight": 0.9932734427537426, "id": 61}], [{"weight": 1, "random_weight": 0.6326961540219573, "id": 2}, {"weight": 1, "random_weight": 0.5652601568695407, "id": 7}, {"weight": 2, "random_weight": 0.7590834441073803, "id": 17}, {"weight": 1, "random_weight": 0.16570663259682394, "id": 53}], [{"weight": 1, "random_weight": 0.8022851811527655, "id": 2}, {"weight": 1, "random_weight": 0.5652601568695407, "id": 6}, {"weight": 1, "random_weight": 0.6972527542359089, "id": 17}, {"weight": 1, "random_weight": 0.6827614971009686, "id": 56}, {"weight": 1, "random_weight": 0.513411583649336, "id": 64}, {"weight": 1, "random_weight": 0.4935888545857017, "id": 68}], [{"weight": 1, "random_weight": 0.6702465674175906, "id": 4}, {"weight": 1, "random_weight": 0.5607152365355239, "id": 5}, {"weight": 1, "random_weight": 0.6554067920739342, "id": 9}, {"weight": 1, "random_weight": 0.30890833160171527, "id": 14}, {"weight": 1, "random_weight": 0.22601528520934855, "id": 23}, {"weight": 1, "random_weight": 0.8180074961597236, "id": 58}], [{"weight": 1, "random_weight": 0.6554067920739342, "id": 8}, {"weight": 2, "random_weight": 0.17623342571799616, "id": 13}, {"weight": 2, "random_weight": 0.6698787422141257, "id": 23}], [{"weight": 1, "random_weight": 0.6677310957108451, "id": 11}, {"weight": 1, "random_weight": 0.6753017145241281, "id": 22}, {"weight": 1, "random_weight": 0.43353277410704794, "id": 31}, {"weight": 1, "random_weight": 0.09276801246303434, "id": 49}], [{"weight": 1, "random_weight": 0.6677310957108451, "id": 10}, {"weight": 1, "random_weight": 0.7486879685689857, "id": 22}, {"weight": 1, "random_weight": 0.5011245666507469, "id": 60}], [{"weight": 2, "random_weight": 0.18795295210602037, "id": 4}, {"weight": 1, "random_weight": 0.847722206178374, "id": 39}, {"weight": 1, "random_weight": 0.30254573330857637, "id": 40}, {"weight": 1, "random_weight": 0.9275832350294555, "id": 48}, {"weight": 1, "random_weight": 0.25050860287535226, "id": 61}], [{"weight": 2, "random_weight": 0.17623342571799616, "id": 9}, {"weight": 1, "random_weight": 0.1409677957398281, "id": 14}, {"weight": 2, "random_weight": 0.3295547521355422, "id": 29}], [{"weight": 1, "random_weight": 0.30890833160171527, "id": 8}, {"weight": 1, "random_weight": 0.1409677957398281, "id": 13}, {"weight": 1, "random_weight": 0.9753433196022434, "id": 15}, {"weight": 1, "random_weight": 0.39403035658963403, "id": 29}, {"weight": 1, "random_weight": 0.4102311246454279, "id": 36}, {"weight": 1, "random_weight": 0.6759010011887797, "id": 58}], [{"weight": 1, "random_weight": 0.9753433196022434, "id": 14}, {"weight": 1, "random_weight": 0.21085088890803017, "id": 16}, {"weight": 1, "random_weight": 0.8152164993961081, "id": 25}, {"weight": 1, "random_weight": 0.9954501373404632, "id": 36}], [{"weight": 1, "random_weight": 0.21085088890803017, "id": 15}, {"weight": 2, "random_weight": 0.7605518315168044, "id": 29}], [{"weight": 2, "random_weight": 0.7590834441073803, "id": 6}, {"weight": 1, "random_weight": 0.6972527542359089, "id": 7}, {"weight": 2, "random_weight": 0.42515925078350336, "id": 18}], [{"weight": 2, "random_weight": 0.42515925078350336, "id": 17}, {"weight": 2, "random_weight": 0.7493064461453165, "id": 21}, {"weight": 1, "random_weight": 0.20069097946336323, "id": 64}], [{"weight": 1, "random_weight": 0.4557904718670974, "id": 20}, {"weight": 1, "random_weight": 0.28613072799801875, "id": 30}, {"weight": 2, "random_weight": 0.047846088028601685, "id": 44}], [{"weight": 1, "random_weight": 0.4557904718670974, "id": 19}, {"weight": 1, "random_weight": 0.05946559560620002, "id": 28}, {"weight": 1, "random_weight": 0.8776737377099246, "id": 44}], [{"weight": 2, "random_weight": 0.7493064461453165, "id": 18}, {"weight": 2, "random_weight": 0.9582850744865776, "id": 32}, {"weight": 1, "random_weight": 0.510656396182652, "id": 64}], [{"weight": 1, "random_weight": 0.6753017145241281, "id": 10}, {"weight": 1, "random_weight": 0.7486879685689857, "id": 11}, {"weight": 2, "random_weight": 0.580544253575108, "id": 31}, {"weight": 1, "random_weight": 0.6361124388340016, "id": 57}, {"weight": 1, "random_weight": 0.8049219195019477, "id": 60}], [{"weight": 1, "random_weight": 0.22601528520934855, "id": 8}, {"weight": 2, "random_weight": 0.6698787422141257, "id": 9}, {"weight": 2, "random_weight": 0.7086629466164325, "id": 26}], [{"weight": 1, "random_weight": 0.07763641926116738, "id": 0}, {"weight": 1, "random_weight": 0.0015575392317411785, "id": 25}, {"weight": 1, "random_weight": 0.8360419296952611, "id": 57}, {"weight": 1, "random_weight": 0.6454716814358065, "id": 60}], [{"weight": 1, "random_weight": 0.38433285698351083, "id": 1}, {"weight": 1, "random_weight": 0.8152164993961081, "id": 15}, {"weight": 1, "random_weight": 0.0015575392317411785, "id": 24}, {"weight": 1, "random_weight": 0.9903120885424478, "id": 36}], [{"weight": 1, "random_weight": 0.29060698861479506, "id": 4}, {"weight": 2, "random_weight": 0.7086629466164325, "id": 23}, {"weight": 2, "random_weight": 0.745209700103621, "id": 48}], [{"weight": 1, "random_weight": 0.24990682587519308, "id": 28}, {"weight": 2, "random_weight": 0.9001405891588377, "id": 38}, {"weight": 2, "random_weight": 0.9420363785321227, "id": 45}, {"weight": 1, "random_weight": 0.8809019060757987, "id": 65}], [{"weight": 1, "random_weight": 0.05946559560620002, "id": 20}, {"weight": 1, "random_weight": 0.24990682587519308, "id": 27}, {"weight": 1, "random_weight": 0.7419117089221239, "id": 37}, {"weight": 1, "random_weight": 0.7627719428509333, "id": 45}], [{"weight": 2, "random_weight": 0.3295547521355422, "id": 13}, {"weight": 1, "random_weight": 0.39403035658963403, "id": 14}, {"weight": 2, "random_weight": 0.7605518315168044, "id": 16}], [{"weight": 1, "random_weight": 0.28613072799801875, "id": 19}, {"weight": 1, "random_weight": 0.2290651244360956, "id": 44}, {"weight": 1, "random_weight": 0.9591602479808274, "id": 53}, {"weight": 1, "random_weight": 0.0571614839221567, "id": 59}, {"weight": 1, "random_weight": 0.7178194060920058, "id": 65}], [{"weight": 1, "random_weight": 0.43353277410704794, "id": 10}, {"weight": 2, "random_weight": 0.580544253575108, "id": 22}, {"weight": 1, "random_weight": 0.9645914932155435, "id": 42}, {"weight": 1, "random_weight": 0.2513203320479154, "id": 43}, {"weight": 1, "random_weight": 0.4218180081653289, "id": 67}], [{"weight": 2, "random_weight": 0.9582850744865776, "id": 21}, {"weight": 2, "random_weight": 0.7628550395025813, "id": 41}, {"weight": 1, "random_weight": 0.8274174680776093, "id": 52}], [{"weight": 1, "random_weight": 0.02173663953130256, "id": 1}, {"weight": 1, "random_weight": 0.5698741341480728, "id": 5}, {"weight": 1, "random_weight": 0.9046703714631856, "id": 34}, {"weight": 1, "random_weight": 0.9750356290586542, "id": 35}, {"weight": 1, "random_weight": 0.5112677046276861, "id": 51}, {"weight": 1, "random_weight": 0.48716066757737553, "id": 54}], [{"weight": 1, "random_weight": 0.9046703714631856, "id": 33}, {"weight": 1, "random_weight": 0.7211202193578533, "id": 51}, {"weight": 1, "random_weight": 0.7976480313295178, "id": 54}, {"weight": 1, "random_weight": 0.9874933158457083, "id": 69}, {"weight": 2, "random_weight": 0.5051361039771647, "id": 70}], [{"weight": 1, "random_weight": 0.8871222119640556, "id": 1}, {"weight": 1, "random_weight": 0.10677754344879331, "id": 5}, {"weight": 1, "random_weight": 0.9750356290586542, "id": 33}, {"weight": 1, "random_weight": 0.5684575670535716, "id": 36}, {"weight": 2, "random_weight": 0.3958878916524794, "id": 58}], [{"weight": 1, "random_weight": 0.4420092339216416, "id": 1}, {"weight": 1, "random_weight": 0.4102311246454279, "id": 14}, {"weight": 1, "random_weight": 0.9954501373404632, "id": 15}, {"weight": 1, "random_weight": 0.9903120885424478, "id": 25}, {"weight": 1, "random_weight": 0.5684575670535716, "id": 35}, {"weight": 1, "random_weight": 0.6052652341484029, "id": 58}], [{"weight": 1, "random_weight": 0.7419117089221239, "id": 28}, {"weight": 1, "random_weight": 0.21864192039343344, "id": 38}, {"weight": 1, "random_weight": 0.999894147559833, "id": 46}, {"weight": 1, "random_weight": 0.6174745234458888, "id": 63}], [{"weight": 2, "random_weight": 0.9001405891588377, "id": 27}, {"weight": 1, "random_weight": 0.21864192039343344, "id": 37}, {"weight": 2, "random_weight": 0.12121471044012277, "id": 46}, {"weight": 1, "random_weight": 0.14780700205301167, "id": 55}], [{"weight": 1, "random_weight": 0.847722206178374, "id": 12}, {"weight": 1, "random_weight": 0.6302925636521748, "id": 40}, {"weight": 1, "random_weight": 0.9605304427809904, "id": 56}, {"weight": 1, "random_weight": 0.8743841277442543, "id": 61}, {"weight": 2, "random_weight": 0.6645040196036759, "id": 68}], [{"weight": 1, "random_weight": 0.30254573330857637, "id": 12}, {"weight": 1, "random_weight": 0.6302925636521748, "id": 39}, {"weight": 1, "random_weight": 0.9932330950538463, "id": 50}, {"weight": 1, "random_weight": 0.4119851727241187, "id": 52}, {"weight": 1, "random_weight": 0.9789148333905888, "id": 64}, {"weight": 1, "random_weight": 0.14210786470191472, "id": 68}], [{"weight": 2, "random_weight": 0.7628550395025813, "id": 32}, {"weight": 1, "random_weight": 0.14357386830537666, "id": 47}], [{"weight": 1, "random_weight": 0.9645914932155435, "id": 31}, {"weight": 2, "random_weight": 0.8658291179446801, "id": 43}, {"weight": 2, "random_weight": 0.3980138756587156, "id": 49}, {"weight": 1, "random_weight": 0.8367101079045551, "id": 63}], [{"weight": 1, "random_weight": 0.2513203320479154, "id": 31}, {"weight": 2, "random_weight": 0.8658291179446801, "id": 42}, {"weight": 2, "random_weight": 0.7340603245509881, "id": 62}, {"weight": 1, "random_weight": 0.759138805625228, "id": 66}], [{"weight": 2, "random_weight": 0.047846088028601685, "id": 19}, {"weight": 1, "random_weight": 0.8776737377099246, "id": 20}, {"weight": 1, "random_weight": 0.2290651244360956, "id": 30}, {"weight": 2, "random_weight": 0.6628264443918568, "id": 45}], [{"weight": 2, "random_weight": 0.9420363785321227, "id": 27}, {"weight": 1, "random_weight": 0.7627719428509333, "id": 28}, {"weight": 2, "random_weight": 0.6628264443918568, "id": 44}, {"weight": 1, "random_weight": 0.8639489274815688, "id": 65}], [{"weight": 1, "random_weight": 0.999894147559833, "id": 37}, {"weight": 2, "random_weight": 0.12121471044012277, "id": 38}, {"weight": 1, "random_weight": 0.7468127195916324, "id": 55}, {"weight": 1, "random_weight": 0.7766013521614583, "id": 63}, {"weight": 1, "random_weight": 0.8412431022945335, "id": 66}], [{"weight": 1, "random_weight": 0.14357386830537666, "id": 41}, {"weight": 1, "random_weight": 0.9390694937680051, "id": 50}, {"weight": 2, "random_weight": 0.17274827185248676, "id": 52}], [{"weight": 1, "random_weight": 0.9275832350294555, "id": 12}, {"weight": 2, "random_weight": 0.745209700103621, "id": 26}, {"weight": 2, "random_weight": 0.35431397146648314, "id": 50}], [{"weight": 1, "random_weight": 0.09276801246303434, "id": 10}, {"weight": 2, "random_weight": 0.3980138756587156, "id": 42}, {"weight": 1, "random_weight": 0.9877727939258506, "id": 63}], [{"weight": 1, "random_weight": 0.9932330950538463, "id": 40}, {"weight": 1, "random_weight": 0.9390694937680051, "id": 47}, {"weight": 2, "random_weight": 0.35431397146648314, "id": 48}, {"weight": 1, "random_weight": 0.9826587738725141, "id": 52}], [{"weight": 1, "random_weight": 0.5112677046276861, "id": 33}, {"weight": 1, "random_weight": 0.7211202193578533, "id": 34}, {"weight": 1, "random_weight": 0.9571164959812734, "id": 56}, {"weight": 2, "random_weight": 0.9540159043028266, "id": 61}, {"weight": 1, "random_weight": 0.893106901273714, "id": 69}], [{"weight": 1, "random_weight": 0.8274174680776093, "id": 32}, {"weight": 1, "random_weight": 0.4119851727241187, "id": 40}, {"weight": 2, "random_weight": 0.17274827185248676, "id": 47}, {"weight": 1, "random_weight": 0.9826587738725141, "id": 50}, {"weight": 1, "random_weight": 0.49586942547199886, "id": 64}], [{"weight": 1, "random_weight": 0.0735958469134883, "id": 2}, {"weight": 1, "random_weight": 0.16570663259682394, "id": 6}, {"weight": 1, "random_weight": 0.9591602479808274, "id": 30}, {"weight": 1, "random_weight": 0.9542852278683966, "id": 59}], [{"weight": 1, "random_weight": 0.6946283400313585, "id": 0}, {"weight": 1, "random_weight": 0.48716066757737553, "id": 33}, {"weight": 1, "random_weight": 0.7976480313295178, "id": 34}, {"weight": 1, "random_weight": 0.38662078539821954, "id": 62}, {"weight": 1, "random_weight": 0.029756969855521342, "id": 67}, {"weight": 1, "random_weight": 0.8688924461044434, "id": 70}], [{"weight": 1, "random_weight": 0.14780700205301167, "id": 38}, {"weight": 1, "random_weight": 0.7468127195916324, "id": 46}, {"weight": 1, "random_weight": 0.8404166590997413, "id": 65}, {"weight": 1, "random_weight": 0.7797845926001183, "id": 66}, {"weight": 2, "random_weight": 0.796874810977307, "id": 71}], [{"weight": 1, "random_weight": 0.5680638198110196, "id": 3}, {"weight": 1, "random_weight": 0.6827614971009686, "id": 7}, {"weight": 1, "random_weight": 0.9605304427809904, "id": 39}, {"weight": 1, "random_weight": 0.9571164959812734, "id": 51}, {"weight": 1, "random_weight": 0.611755364553564, "id": 68}, {"weight": 1, "random_weight": 0.6799561878088027, "id": 69}], [{"weight": 1, "random_weight": 0.13705591774647852, "id": 0}, {"weight": 1, "random_weight": 0.6361124388340016, "id": 22}, {"weight": 1, "random_weight": 0.8360419296952611, "id": 24}, {"weight": 1, "random_weight": 0.581667279488865, "id": 60}, {"weight": 2, "random_weight": 0.08187205238131301, "id": 67}], [{"weight": 1, "random_weight": 0.17194897725792158, "id": 5}, {"weight": 1, "random_weight": 0.8180074961597236, "id": 8}, {"weight": 1, "random_weight": 0.6759010011887797, "id": 14}, {"weight": 2, "random_weight": 0.3958878916524794, "id": 35}, {"weight": 1, "random_weight": 0.6052652341484029, "id": 36}], [{"weight": 2, "random_weight": 0.22094936409156263, "id": 2}, {"weight": 1, "random_weight": 0.14956902961816154, "id": 3}, {"weight": 1, "random_weight": 0.0571614839221567, "id": 30}, {"weight": 1, "random_weight": 0.9542852278683966, "id": 53}, {"weight": 1, "random_weight": 0.16726435876024814, "id": 65}], [{"weight": 1, "random_weight": 0.5011245666507469, "id": 11}, {"weight": 1, "random_weight": 0.8049219195019477, "id": 22}, {"weight": 1, "random_weight": 0.6454716814358065, "id": 24}, {"weight": 1, "random_weight": 0.581667279488865, "id": 57}], [{"weight": 1, "random_weight": 0.008143376335511099, "id": 4}, {"weight": 1, "random_weight": 0.9932734427537426, "id": 5}, {"weight": 1, "random_weight": 0.25050860287535226, "id": 12}, {"weight": 1, "random_weight": 0.8743841277442543, "id": 39}, {"weight": 2, "random_weight": 0.9540159043028266, "id": 51}], [{"weight": 2, "random_weight": 0.7340603245509881, "id": 43}, {"weight": 1, "random_weight": 0.38662078539821954, "id": 54}, {"weight": 1, "random_weight": 0.1427243189208478, "id": 66}, {"weight": 1, "random_weight": 0.12521897596374, "id": 67}, {"weight": 1, "random_weight": 0.6271583284950736, "id": 70}], [{"weight": 1, "random_weight": 0.6174745234458888, "id": 37}, {"weight": 1, "random_weight": 0.8367101079045551, "id": 42}, {"weight": 1, "random_weight": 0.7766013521614583, "id": 46}, {"weight": 1, "random_weight": 0.9877727939258506, "id": 49}, {"weight": 1, "random_weight": 0.5696453983074776, "id": 66}], [{"weight": 1, "random_weight": 0.513411583649336, "id": 7}, {"weight": 1, "random_weight": 0.20069097946336323, "id": 18}, {"weight": 1, "random_weight": 0.510656396182652, "id": 21}, {"weight": 1, "random_weight": 0.9789148333905888, "id": 40}, {"weight": 1, "random_weight": 0.49586942547199886, "id": 52}, {"weight": 1, "random_weight": 0.4690219247612293, "id": 68}], [{"weight": 1, "random_weight": 0.3314712865451347, "id": 3}, {"weight": 1, "random_weight": 0.8809019060757987, "id": 27}, {"weight": 1, "random_weight": 0.7178194060920058, "id": 30}, {"weight": 1, "random_weight": 0.8639489274815688, "id": 45}, {"weight": 1, "random_weight": 0.8404166590997413, "id": 55}, {"weight": 1, "random_weight": 0.16726435876024814, "id": 59}], [{"weight": 1, "random_weight": 0.759138805625228, "id": 43}, {"weight": 1, "random_weight": 0.8412431022945335, "id": 46}, {"weight": 1, "random_weight": 0.7797845926001183, "id": 55}, {"weight": 1, "random_weight": 0.1427243189208478, "id": 62}, {"weight": 1, "random_weight": 0.5696453983074776, "id": 63}, {"weight": 1, "random_weight": 0.519476747280127, "id": 70}], [{"weight": 1, "random_weight": 0.014564837792676477, "id": 0}, {"weight": 1, "random_weight": 0.4218180081653289, "id": 31}, {"weight": 1, "random_weight": 0.029756969855521342, "id": 54}, {"weight": 2, "random_weight": 0.08187205238131301, "id": 57}, {"weight": 1, "random_weight": 0.12521897596374, "id": 62}], [{"weight": 1, "random_weight": 0.4935888545857017, "id": 7}, {"weight": 2, "random_weight": 0.6645040196036759, "id": 39}, {"weight": 1, "random_weight": 0.14210786470191472, "id": 40}, {"weight": 1, "random_weight": 0.611755364553564, "id": 56}, {"weight": 1, "random_weight": 0.4690219247612293, "id": 64}], [{"weight": 1, "random_weight": 0.38658518465557745, "id": 3}, {"weight": 1, "random_weight": 0.9874933158457083, "id": 34}, {"weight": 1, "random_weight": 0.893106901273714, "id": 51}, {"weight": 1, "random_weight": 0.6799561878088027, "id": 56}, {"weight": 2, "random_weight": 0.7423523051676137, "id": 71}], [{"weight": 2, "random_weight": 0.5051361039771647, "id": 34}, {"weight": 1, "random_weight": 0.8688924461044434, "id": 54}, {"weight": 1, "random_weight": 0.6271583284950736, "id": 62}, {"weight": 1, "random_weight": 0.519476747280127, "id": 66}, {"weight": 1, "random_weight": 0.5183154408133105, "id": 71}], [{"weight": 1, "random_weight": 0.40951511495795134, "id": 3}, {"weight": 2, "random_weight": 0.796874810977307, "id": 55}, {"weight": 2, "random_weight": 0.7423523051676137, "id": 69}, {"weight": 1, "random_weight": 0.5183154408133105, "id": 70}]]}