{"directed": false, "multigraph": false, "graph": [], "nodes": [{"graph": null, "nnodes": 2, "nedges": 1, "density": 1.0, "atomics": "[80, 81]", "group_pop": 2, "init_part_assignment": 10, "id": 0}, {"graph": null, "nnodes": 2, "nedges": 1, "density": 1.0, "atomics": "[57, 69]", "group_pop": 2, "init_part_assignment": 10, "id": 1}, {"graph": null, "nnodes": 2, "nedges": 1, "density": 1.0, "atomics": "[82, 94]", "group_pop": 2, "init_part_assignment": 0, "id": 2}, {"graph": null, "nnodes": 2, "nedges": 1, "density": 1.0, "atomics": "[58, 70]", "group_pop": 2, "init_part_assignment": 0, "id": 3}, {"graph": null, "nnodes": 2, "nedges": 1, "density": 1.0, "atomics": "[74, 86]", "group_pop": 2, "init_part_assignment": 2, "id": 4}, {"graph": null, "nnodes": 2, "nedges": 1, "density": 1.0, "atomics": "[75, 76]", "group_pop": 2, "init_part_assignment": 11, "id": 5}, {"graph": null, "nnodes": 2, "nedges": 1, "density": 1.0, "atomics": "[42, 43]", "group_pop": 2, "init_part_assignment": 7, "id": 6}, {"graph": null, "nnodes": 2, "nedges": 1, "density": 1.0, "atomics": "[73, 61]", "group_pop": 2, "init_part_assignment": 2, "id": 7}, {"graph": null, "nnodes": 2, "nedges": 1, "density": 1.0, "atomics": "[62, 63]", "group_pop": 2, "init_part_assignment": 2, "id": 8}, {"graph": null, "nnodes": 2, "nedges": 1, "density": 1.0, "atomics": "[32, 20]", "group_pop": 2, "init_part_assignment": 6, "id": 9}, {"graph": null, "nnodes": 2, "nedges": 1, "density": 1.0, "atomics": "[142, 143]", "group_pop": 2, "init_part_assignment": 3, "id": 10}, {"graph": null, "nnodes": 2, "nedges": 1, "density": 1.0, "atomics": "[41, 29]", "group_pop": 2, "init_part_assignment": 4, "id": 11}, {"graph": null, "nnodes": 2, "nedges": 1, "density": 1.0, "atomics": "[8, 9]", "group_pop": 2, "init_part_assignment": 6, "id": 12}, {"graph": null, "nnodes": 2, "nedges": 1, "density": 1.0, "atomics": "[34, 35]", "group_pop": 2, "init_part_assignment": 6, "id": 13}, {"graph": null, "nnodes": 2, "nedges": 1, "density": 1.0, "atomics": "[10, 11]", "group_pop": 2, "init_part_assignment": 6, "id": 14}, {"graph": null, "nnodes": 2, "nedges": 1, "density": 1.0, "atomics": "[22, 23]", "group_pop": 2, "init_part_assignment": 6, "id": 15}, {"graph": null, "nnodes": 2, "nedges": 1, "density": 1.0, "atomics": "[49, 37]", "group_pop": 2, "init_part_assignment": 1, "id": 16}, {"graph": null, "nnodes": 2, "nedges": 1, "density": 1.0, "atomics": "[120, 121]", "group_pop": 2, "init_part_assignment": 8, "id": 17}, {"graph": null, "nnodes": 2, "nedges": 1, "density": 1.0, "atomics": "[132, 133]", "group_pop": 2, "init_part_assignment": 8, "id": 18}, {"graph": null, "nnodes": 2, "nedges": 1, "density": 1.0, "atomics": "[24, 12]", "group_pop": 2, "init_part_assignment": 1, "id": 19}, {"graph": null, "nnodes": 2, "nedges": 1, "density": 1.0, "atomics": "[48, 36]", "group_pop": 2, "init_part_assignment": 1, "id": 20}, {"graph": null, "nnodes": 2, "nedges": 1, "density": 1.0, "atomics": "[130, 131]", "group_pop": 2, "init_part_assignment": 3, "id": 21}, {"graph": null, "nnodes": 2, "nedges": 1, "density": 1.0, "atomics": "[19, 31]", "group_pop": 2, "init_part_assignment": 7, "id": 22}, {"graph": null, "nnodes": 2, "nedges": 1, "density": 1.0, "atomics": "[83, 95]", "group_pop": 2, "init_part_assignment": 0, "id": 23}, {"graph": null, "nnodes": 2, "nedges": 1, "density": 1.0, "atomics": "[59, 71]", "group_pop": 2, "init_part_assignment": 0, "id": 24}, {"graph": null, "nnodes": 2, "nedges": 1, "density": 1.0, "atomics": "[18, 30]", "group_pop": 2, "init_part_assignment": 7, "id": 25}, {"graph": null, "nnodes": 2, "nedges": 1, "density": 1.0, "atomics": "[123, 124]", "group_pop": 2, "init_part_assignment": 9, "id": 26}, {"graph": null, "nnodes": 2, "nedges": 1, "density": 1.0, "atomics": "[136, 135]", "group_pop": 2, "init_part_assignment": 8, "id": 27}, {"graph": null, "nnodes": 2, "nedges": 1, "density": 1.0, "atomics": "[96, 97]", "group_pop": 2, "init_part_assignment": 5, "id": 28}, {"graph": null, "nnodes": 2, "nedges": 1, "density": 1.0, "atomics": "[108, 109]", "group_pop": 2, "init_part_assignment": 8, "id": 29}, {"graph": null, "nnodes": 2, "nedges": 1, "density": 1.0, "atomics": "[128, 129]", "group_pop": 2, "init_part_assignment": 3, "id": 30}, {"graph": null, "nnodes": 2, "nedges": 1, "density": 1.0, "atomics": "[105, 117]", "group_pop": 2, "init_part_assignment": 9, "id": 31}, {"graph": null, "nnodes": 2, "nedges": 1, "density": 1.0, "atomics": "[25, 26]", "group_pop": 2, "init_part_assignment": 1, "id": 32}, {"graph": null, "nnodes": 2, "nedges": 1, "density": 1.0, "atomics": "[13, 14]", "group_pop": 2, "init_part_assignment": 1, "id": 33}, {"graph": null, "nnodes": 2, "nedges": 1, "density": 1.0, "atomics": "[66, 67]", "group_pop": 2, "init_part_assignment": 10, "id": 34}, {"graph": null, "nnodes": 2, "nedges": 1, "density": 1.0, "atomics": "[91, 79]", "group_pop": 2, "init_part_assignment": 11, "id": 35}, {"graph": null, "nnodes": 2, "nedges": 1, "density": 1.0, "atomics": "[72, 60]", "group_pop": 2, "init_part_assignment": 1, "id": 36}, {"graph": null, "nnodes": 2, "nedges": 1, "density": 1.0, "atomics": "[6, 7]", "group_pop": 2, "init_part_assignment": 7, "id": 37}, {"graph": null, "nnodes": 2, "nedges": 1, "density": 1.0, "atomics": "[33, 21]", "group_pop": 2, "init_part_assignment": 6, "id": 38}, {"graph": null, "nnodes": 2, "nedges": 1, "density": 1.0, "atomics": "[40, 28]", "group_pop": 2, "init_part_assignment": 4, "id": 39}, {"graph": null, "nnodes": 2, "nedges": 1, "density": 1.0, "atomics": "[0, 1]", "group_pop": 2, "init_part_assignment": 4, "id": 40}, {"graph": null, "nnodes": 2, "nedges": 1, "density": 1.0, "atomics": "[115, 116]", "group_pop": 2, "init_part_assignment": 9, "id": 41}, {"graph": null, "nnodes": 2, "nedges": 1, "density": 1.0, "atomics": "[122, 134]", "group_pop": 2, "init_part_assignment": 8, "id": 42}, {"graph": null, "nnodes": 2, "nedges": 1, "density": 1.0, "atomics": "[112, 113]", "group_pop": 2, "init_part_assignment": 5, "id": 43}, {"graph": null, "nnodes": 2, "nedges": 1, "density": 1.0, "atomics": "[2, 3]", "group_pop": 2, "init_part_assignment": 4, "id": 44}, {"graph": null, "nnodes": 2, "nedges": 1, "density": 1.0, "atomics": "[17, 5]", "group_pop": 2, "init_part_assignment": 7, "id": 45}, {"graph": null, "nnodes": 2, "nedges": 1, "density": 1.0, "atomics": "[140, 141]", "group_pop": 2, "init_part_assignment": 3, "id": 46}, {"graph": null, "nnodes": 2, "nedges": 1, "density": 1.0, "atomics": "[16, 4]", "group_pop": 2, "init_part_assignment": 4, "id": 47}, {"graph": null, "nnodes": 2, "nedges": 1, "density": 1.0, "atomics": "[137, 138]", "group_pop": 2, "init_part_assignment": 8, "id": 48}, {"graph": null, "nnodes": 2, "nedges": 1, "density": 1.0, "atomics": "[125, 126]", "group_pop": 2, "init_part_assignment": 9, "id": 49}, {"graph": null, "nnodes": 2, "nedges": 1, "density": 1.0, "atomics": "[77, 78]", "group_pop": 2, "init_part_assignment": 11, "id": 50}, {"graph": null, "nnodes": 2, "nedges": 1, "density": 1.0, "atomics": "[27, 15]", "group_pop": 2, "init_part_assignment": 4, "id": 51}, {"graph": null, "nnodes": 2, "nedges": 1, "density": 1.0, "atomics": "[98, 110]", "group_pop": 2, "init_part_assignment": 5, "id": 52}, {"graph": null, "nnodes": 2, "nedges": 1, "density": 1.0, "atomics": "[99, 111]", "group_pop": 2, "init_part_assignment": 5, "id": 53}, {"graph": null, "nnodes": 2, "nedges": 1, "density": 1.0, "atomics": "[84, 85]", "group_pop": 2, "init_part_assignment": 2, "id": 54}, {"graph": null, "nnodes": 2, "nedges": 1, "density": 1.0, "atomics": "[46, 47]", "group_pop": 2, "init_part_assignment": 0, "id": 55}, {"graph": null, "nnodes": 2, "nedges": 1, "density": 1.0, "atomics": "[56, 68]", "group_pop": 2, "init_part_assignment": 10, "id": 56}, {"graph": null, "nnodes": 2, "nedges": 1, "density": 1.0, "atomics": "[100, 101]", "group_pop": 2, "init_part_assignment": 5, "id": 57}, {"graph": null, "nnodes": 2, "nedges": 1, "density": 1.0, "atomics": "[64, 65]", "group_pop": 2, "init_part_assignment": 11, "id": 58}, {"graph": null, "nnodes": 2, "nedges": 1, "density": 1.0, "atomics": "[139, 127]", "group_pop": 2, "init_part_assignment": 3, "id": 59}, {"graph": null, "nnodes": 2, "nedges": 1, "density": 1.0, "atomics": "[44, 45]", "group_pop": 2, "init_part_assignment": 7, "id": 60}, {"graph": null, "nnodes": 2, "nedges": 1, "density": 1.0, "atomics": "[107, 119]", "group_pop": 2, "init_part_assignment": 3, "id": 61}, {"graph": null, "nnodes": 2, "nedges": 1, "density": 1.0, "atomics": "[54, 55]", "group_pop": 2, "init_part_assignment": 10, "id": 62}, {"graph": null, "nnodes": 2, "nedges": 1, "density": 1.0, "atomics": "[104, 103]", "group_pop": 2, "init_part_assignment": 9, "id": 63}, {"graph": null, "nnodes": 2, "nedges": 1, "density": 1.0, "atomics": "[50, 38]", "group_pop": 2, "init_part_assignment": 2, "id": 64}, {"graph": null, "nnodes": 2, "nedges": 1, "density": 1.0, "atomics": "[114, 102]", "group_pop": 2, "init_part_assignment": 9, "id": 65}, {"graph": null, "nnodes": 2, "nedges": 1, "density": 1.0, "atomics": "[106, 118]", "group_pop": 2, "init_part_assignment": 0, "id": 66}, {"graph": null, "nnodes": 2, "nedges": 1, "density": 1.0, "atomics": "[92, 93]", "group_pop": 2, "init_part_assignment": 11, "id": 67}, {"graph": null, "nnodes": 2, "nedges": 1, "density": 1.0, "atomics": "[51, 39]", "group_pop": 2, "init_part_assignment": 2, "id": 68}, {"graph": null, "nnodes": 2, "nedges": 1, "density": 1.0, "atomics": "[88, 87]", "group_pop": 2, "init_part_assignment": 5, "id": 69}, {"graph": null, "nnodes": 2, "nedges": 1, "density": 1.0, "atomics": "[52, 53]", "group_pop": 2, "init_part_assignment": 10, "id": 70}, {"graph": null, "nnodes": 2, "nedges": 1, "density": 1.0, "atomics": "[89, 90]", "group_pop": 2, "init_part_assignment": 11, "id": 71}], "adjacency": [[{"weight": 1, "random_weight": 0.9379431847612145, "id": 1}, {"weight": 1, "random_weight": 0.6817918864990514, "id": 2}, {"weight": 1, "random_weight": 0.6272496609760899, "id": 35}, {"weight": 1, "random_weight": 0.39673157910664725, "id": 56}, {"weight": 2, "random_weight": 0.9109592412165245, "id": 67}], [{"weight": 1, "random_weight": 0.9379431847612145, "id": 0}, {"weight": 2, "random_weight": 0.836104302461023, "id": 3}, {"weight": 2, "random_weight": 0.44093170363980383, "id": 56}, {"weight": 1, "random_weight": 0.6844725831730857, "id": 60}], [{"weight": 1, "random_weight": 0.6817918864990514, "id": 0}, {"weight": 1, "random_weight": 0.2177200400141298, "id": 3}, {"weight": 2, "random_weight": 0.21996210579429454, "id": 23}, {"weight": 1, "random_weight": 0.43028836031265416, "id": 66}, {"weight": 1, "random_weight": 0.9365937244890442, "id": 67}], [{"weight": 2, "random_weight": 0.836104302461023, "id": 1}, {"weight": 1, "random_weight": 0.2177200400141298, "id": 2}, {"weight": 2, "random_weight": 0.24913020029903687, "id": 24}, {"weight": 1, "random_weight": 0.161377287603382, "id": 55}], [{"weight": 1, "random_weight": 0.8648983649492881, "id": 5}, {"weight": 1, "random_weight": 0.11326910812452029, "id": 7}, {"weight": 1, "random_weight": 0.05031864506114925, "id": 8}, {"weight": 1, "random_weight": 0.6120458966385169, "id": 52}, {"weight": 1, "random_weight": 0.8779299043662654, "id": 54}, {"weight": 1, "random_weight": 0.8890897972278193, "id": 69}], [{"weight": 1, "random_weight": 0.8648983649492881, "id": 4}, {"weight": 1, "random_weight": 0.7657111949353356, "id": 8}, {"weight": 1, "random_weight": 0.7995687320258382, "id": 50}, {"weight": 1, "random_weight": 0.004633944587928318, "id": 58}, {"weight": 2, "random_weight": 0.9914800970238653, "id": 69}], [{"weight": 1, "random_weight": 0.6833461549797436, "id": 11}, {"weight": 1, "random_weight": 0.7630782702340925, "id": 22}, {"weight": 1, "random_weight": 0.34114398414659264, "id": 25}, {"weight": 1, "random_weight": 0.39281914313417077, "id": 60}, {"weight": 2, "random_weight": 0.8551363273666683, "id": 62}], [{"weight": 1, "random_weight": 0.11326910812452029, "id": 4}, {"weight": 1, "random_weight": 0.4402559842257412, "id": 8}, {"weight": 1, "random_weight": 0.9439957656879586, "id": 16}, {"weight": 2, "random_weight": 0.9899566900952138, "id": 36}, {"weight": 1, "random_weight": 0.5518775518445184, "id": 54}], [{"weight": 1, "random_weight": 0.05031864506114925, "id": 4}, {"weight": 1, "random_weight": 0.7657111949353356, "id": 5}, {"weight": 1, "random_weight": 0.4402559842257412, "id": 7}, {"weight": 1, "random_weight": 0.6553378975982782, "id": 58}, {"weight": 1, "random_weight": 0.6000845787173318, "id": 64}, {"weight": 1, "random_weight": 0.08756507021333193, "id": 68}], [{"weight": 1, "random_weight": 0.3663844889971989, "id": 12}, {"weight": 2, "random_weight": 0.44207578473427345, "id": 22}, {"weight": 2, "random_weight": 0.9780496062978612, "id": 38}, {"weight": 1, "random_weight": 0.8363975128779013, "id": 60}], [{"weight": 2, "random_weight": 0.325897533103382, "id": 21}, {"weight": 1, "random_weight": 0.2807768243911366, "id": 46}], [{"weight": 1, "random_weight": 0.6833461549797436, "id": 6}, {"weight": 1, "random_weight": 0.7506847810771875, "id": 25}, {"weight": 2, "random_weight": 0.26475800805218375, "id": 39}, {"weight": 1, "random_weight": 0.1103767731389923, "id": 45}, {"weight": 1, "random_weight": 0.9291046545862716, "id": 70}], [{"weight": 1, "random_weight": 0.3663844889971989, "id": 9}, {"weight": 1, "random_weight": 0.7882279228590529, "id": 14}, {"weight": 1, "random_weight": 0.7836785551819966, "id": 37}, {"weight": 1, "random_weight": 0.712818635830098, "id": 38}], [{"weight": 2, "random_weight": 0.5219091543228143, "id": 15}, {"weight": 1, "random_weight": 0.7281544750291621, "id": 38}, {"weight": 2, "random_weight": 0.7001712851181581, "id": 55}], [{"weight": 1, "random_weight": 0.7882279228590529, "id": 12}, {"weight": 2, "random_weight": 0.26835492153343987, "id": 15}], [{"weight": 2, "random_weight": 0.5219091543228143, "id": 13}, {"weight": 2, "random_weight": 0.26835492153343987, "id": 14}, {"weight": 1, "random_weight": 0.048034955214513286, "id": 38}], [{"weight": 1, "random_weight": 0.9439957656879586, "id": 7}, {"weight": 2, "random_weight": 0.4082997853555619, "id": 20}, {"weight": 1, "random_weight": 0.32509191087001454, "id": 32}, {"weight": 2, "random_weight": 0.6087908409341054, "id": 64}], [{"weight": 2, "random_weight": 0.8439714819750566, "id": 18}, {"weight": 2, "random_weight": 0.9057383132167488, "id": 29}, {"weight": 1, "random_weight": 0.3042936426605356, "id": 42}], [{"weight": 2, "random_weight": 0.8439714819750566, "id": 17}, {"weight": 1, "random_weight": 0.29968582104903185, "id": 42}], [{"weight": 1, "random_weight": 0.43200449258034135, "id": 20}, {"weight": 1, "random_weight": 0.31223040074158426, "id": 32}, {"weight": 1, "random_weight": 0.45757695565491896, "id": 33}, {"weight": 1, "random_weight": 0.7031960383735825, "id": 40}], [{"weight": 2, "random_weight": 0.4082997853555619, "id": 16}, {"weight": 1, "random_weight": 0.43200449258034135, "id": 19}, {"weight": 1, "random_weight": 0.5664299251605356, "id": 36}], [{"weight": 2, "random_weight": 0.325897533103382, "id": 10}, {"weight": 1, "random_weight": 0.3382302178544515, "id": 30}, {"weight": 1, "random_weight": 0.20489384060748272, "id": 61}, {"weight": 1, "random_weight": 0.8496994718246575, "id": 66}], [{"weight": 1, "random_weight": 0.7630782702340925, "id": 6}, {"weight": 2, "random_weight": 0.44207578473427345, "id": 9}, {"weight": 2, "random_weight": 0.19875171219449916, "id": 25}, {"weight": 1, "random_weight": 0.5996217132992809, "id": 37}], [{"weight": 2, "random_weight": 0.21996210579429454, "id": 2}, {"weight": 1, "random_weight": 0.5195316415085919, "id": 24}, {"weight": 1, "random_weight": 0.7454811772801837, "id": 61}], [{"weight": 2, "random_weight": 0.24913020029903687, "id": 3}, {"weight": 1, "random_weight": 0.5195316415085919, "id": 23}, {"weight": 1, "random_weight": 0.906576035953878, "id": 55}], [{"weight": 1, "random_weight": 0.34114398414659264, "id": 6}, {"weight": 1, "random_weight": 0.7506847810771875, "id": 11}, {"weight": 2, "random_weight": 0.19875171219449916, "id": 22}, {"weight": 1, "random_weight": 0.3759212164501099, "id": 37}, {"weight": 1, "random_weight": 0.4104028563445824, "id": 45}], [{"weight": 2, "random_weight": 0.8809183501386525, "id": 27}, {"weight": 1, "random_weight": 0.26285435684801095, "id": 42}, {"weight": 1, "random_weight": 0.32192080308602533, "id": 43}, {"weight": 1, "random_weight": 0.0743043508190101, "id": 49}, {"weight": 1, "random_weight": 0.705672843570868, "id": 53}], [{"weight": 2, "random_weight": 0.8809183501386525, "id": 26}, {"weight": 1, "random_weight": 0.028683841580630864, "id": 42}, {"weight": 1, "random_weight": 0.14465952057715892, "id": 48}], [{"weight": 2, "random_weight": 0.9255606345063307, "id": 29}, {"weight": 1, "random_weight": 0.3648401444529068, "id": 52}, {"weight": 2, "random_weight": 0.9947207094156894, "id": 54}], [{"weight": 2, "random_weight": 0.9057383132167488, "id": 17}, {"weight": 2, "random_weight": 0.9255606345063307, "id": 28}, {"weight": 1, "random_weight": 0.8860071181948421, "id": 52}], [{"weight": 1, "random_weight": 0.3382302178544515, "id": 21}, {"weight": 1, "random_weight": 0.7514199909368406, "id": 31}, {"weight": 1, "random_weight": 0.5112662436904983, "id": 41}, {"weight": 2, "random_weight": 0.6971799995332044, "id": 46}, {"weight": 1, "random_weight": 0.07549076867608451, "id": 59}], [{"weight": 1, "random_weight": 0.7514199909368406, "id": 30}, {"weight": 1, "random_weight": 0.6175932948621979, "id": 41}, {"weight": 1, "random_weight": 0.054894508216115634, "id": 63}, {"weight": 2, "random_weight": 0.9764737003779778, "id": 66}, {"weight": 1, "random_weight": 0.7222905744583489, "id": 67}], [{"weight": 1, "random_weight": 0.32509191087001454, "id": 16}, {"weight": 1, "random_weight": 0.31223040074158426, "id": 19}, {"weight": 2, "random_weight": 0.2881549494560047, "id": 33}, {"weight": 1, "random_weight": 0.8224362740481771, "id": 51}, {"weight": 1, "random_weight": 0.7681642043065702, "id": 64}], [{"weight": 1, "random_weight": 0.45757695565491896, "id": 19}, {"weight": 2, "random_weight": 0.2881549494560047, "id": 32}, {"weight": 1, "random_weight": 0.7366946479706823, "id": 40}, {"weight": 1, "random_weight": 0.7273729028542016, "id": 44}, {"weight": 1, "random_weight": 0.1472183984708264, "id": 51}], [{"weight": 1, "random_weight": 0.12506475875791612, "id": 35}, {"weight": 1, "random_weight": 0.7498972076305024, "id": 50}, {"weight": 1, "random_weight": 0.6270188394049295, "id": 56}, {"weight": 1, "random_weight": 0.4480299352756434, "id": 58}, {"weight": 2, "random_weight": 0.5520219159881645, "id": 62}], [{"weight": 1, "random_weight": 0.6272496609760899, "id": 0}, {"weight": 1, "random_weight": 0.12506475875791612, "id": 34}, {"weight": 1, "random_weight": 0.6363909868414038, "id": 50}, {"weight": 1, "random_weight": 0.8495800335230648, "id": 63}, {"weight": 1, "random_weight": 0.5221848612583273, "id": 67}, {"weight": 1, "random_weight": 0.18538255705825657, "id": 71}], [{"weight": 2, "random_weight": 0.9899566900952138, "id": 7}, {"weight": 1, "random_weight": 0.5664299251605356, "id": 20}, {"weight": 1, "random_weight": 0.6631883468276016, "id": 54}], [{"weight": 1, "random_weight": 0.7836785551819966, "id": 12}, {"weight": 1, "random_weight": 0.5996217132992809, "id": 22}, {"weight": 1, "random_weight": 0.3759212164501099, "id": 25}, {"weight": 1, "random_weight": 0.8285107191326597, "id": 45}], [{"weight": 2, "random_weight": 0.9780496062978612, "id": 9}, {"weight": 1, "random_weight": 0.712818635830098, "id": 12}, {"weight": 1, "random_weight": 0.7281544750291621, "id": 13}, {"weight": 1, "random_weight": 0.048034955214513286, "id": 15}, {"weight": 1, "random_weight": 0.7650592086149559, "id": 60}], [{"weight": 2, "random_weight": 0.26475800805218375, "id": 11}, {"weight": 1, "random_weight": 0.3863480229466636, "id": 47}, {"weight": 1, "random_weight": 0.05240170959541601, "id": 51}, {"weight": 1, "random_weight": 0.7015193174185655, "id": 68}, {"weight": 1, "random_weight": 0.7076647925402471, "id": 70}], [{"weight": 1, "random_weight": 0.7031960383735825, "id": 19}, {"weight": 1, "random_weight": 0.7366946479706823, "id": 33}, {"weight": 1, "random_weight": 0.7101240403687248, "id": 44}], [{"weight": 1, "random_weight": 0.5112662436904983, "id": 30}, {"weight": 1, "random_weight": 0.6175932948621979, "id": 31}, {"weight": 1, "random_weight": 0.6465073745608951, "id": 59}, {"weight": 2, "random_weight": 0.012926148373216706, "id": 63}, {"weight": 1, "random_weight": 0.671213836170624, "id": 65}], [{"weight": 1, "random_weight": 0.3042936426605356, "id": 17}, {"weight": 1, "random_weight": 0.29968582104903185, "id": 18}, {"weight": 1, "random_weight": 0.26285435684801095, "id": 26}, {"weight": 1, "random_weight": 0.028683841580630864, "id": 27}, {"weight": 1, "random_weight": 0.9648171476418029, "id": 52}], [{"weight": 1, "random_weight": 0.32192080308602533, "id": 26}, {"weight": 1, "random_weight": 0.7741342250670281, "id": 49}, {"weight": 1, "random_weight": 0.049376735531179716, "id": 53}, {"weight": 2, "random_weight": 0.5927975239256694, "id": 57}, {"weight": 1, "random_weight": 0.8156932118457217, "id": 65}], [{"weight": 1, "random_weight": 0.7273729028542016, "id": 33}, {"weight": 1, "random_weight": 0.7101240403687248, "id": 40}, {"weight": 1, "random_weight": 0.18451009481558678, "id": 47}, {"weight": 1, "random_weight": 0.18855851634083187, "id": 51}], [{"weight": 1, "random_weight": 0.1103767731389923, "id": 11}, {"weight": 1, "random_weight": 0.4104028563445824, "id": 25}, {"weight": 1, "random_weight": 0.8285107191326597, "id": 37}, {"weight": 2, "random_weight": 0.6319191974347015, "id": 47}], [{"weight": 1, "random_weight": 0.2807768243911366, "id": 10}, {"weight": 2, "random_weight": 0.6971799995332044, "id": 30}, {"weight": 1, "random_weight": 0.27013968074466366, "id": 59}], [{"weight": 1, "random_weight": 0.3863480229466636, "id": 39}, {"weight": 1, "random_weight": 0.18451009481558678, "id": 44}, {"weight": 2, "random_weight": 0.6319191974347015, "id": 45}, {"weight": 1, "random_weight": 0.7302467778101281, "id": 51}], [{"weight": 1, "random_weight": 0.14465952057715892, "id": 27}, {"weight": 2, "random_weight": 0.6504444140753379, "id": 49}, {"weight": 1, "random_weight": 0.8264031084536604, "id": 59}], [{"weight": 1, "random_weight": 0.0743043508190101, "id": 26}, {"weight": 1, "random_weight": 0.7741342250670281, "id": 43}, {"weight": 2, "random_weight": 0.6504444140753379, "id": 48}, {"weight": 1, "random_weight": 0.07805709070466815, "id": 59}, {"weight": 1, "random_weight": 0.9559013061873671, "id": 65}], [{"weight": 1, "random_weight": 0.7995687320258382, "id": 5}, {"weight": 1, "random_weight": 0.7498972076305024, "id": 34}, {"weight": 1, "random_weight": 0.6363909868414038, "id": 35}, {"weight": 1, "random_weight": 0.03751543684067715, "id": 58}, {"weight": 2, "random_weight": 0.43177636972618727, "id": 71}], [{"weight": 1, "random_weight": 0.8224362740481771, "id": 32}, {"weight": 1, "random_weight": 0.1472183984708264, "id": 33}, {"weight": 1, "random_weight": 0.05240170959541601, "id": 39}, {"weight": 1, "random_weight": 0.18855851634083187, "id": 44}, {"weight": 1, "random_weight": 0.7302467778101281, "id": 47}, {"weight": 1, "random_weight": 0.7517961808816748, "id": 68}], [{"weight": 1, "random_weight": 0.6120458966385169, "id": 4}, {"weight": 1, "random_weight": 0.3648401444529068, "id": 28}, {"weight": 1, "random_weight": 0.8860071181948421, "id": 29}, {"weight": 1, "random_weight": 0.9648171476418029, "id": 42}, {"weight": 2, "random_weight": 0.3585716470507817, "id": 53}], [{"weight": 1, "random_weight": 0.705672843570868, "id": 26}, {"weight": 1, "random_weight": 0.049376735531179716, "id": 43}, {"weight": 2, "random_weight": 0.3585716470507817, "id": 52}, {"weight": 1, "random_weight": 0.08152526770715807, "id": 57}, {"weight": 1, "random_weight": 0.03078351019886194, "id": 69}], [{"weight": 1, "random_weight": 0.8779299043662654, "id": 4}, {"weight": 1, "random_weight": 0.5518775518445184, "id": 7}, {"weight": 2, "random_weight": 0.9947207094156894, "id": 28}, {"weight": 1, "random_weight": 0.6631883468276016, "id": 36}], [{"weight": 1, "random_weight": 0.161377287603382, "id": 3}, {"weight": 2, "random_weight": 0.7001712851181581, "id": 13}, {"weight": 1, "random_weight": 0.906576035953878, "id": 24}, {"weight": 1, "random_weight": 0.31489453361943454, "id": 60}], [{"weight": 1, "random_weight": 0.39673157910664725, "id": 0}, {"weight": 2, "random_weight": 0.44093170363980383, "id": 1}, {"weight": 1, "random_weight": 0.6270188394049295, "id": 34}, {"weight": 1, "random_weight": 0.4357340248360335, "id": 60}, {"weight": 1, "random_weight": 0.11263541662058729, "id": 62}], [{"weight": 2, "random_weight": 0.5927975239256694, "id": 43}, {"weight": 1, "random_weight": 0.08152526770715807, "id": 53}, {"weight": 1, "random_weight": 0.537338451490658, "id": 65}, {"weight": 1, "random_weight": 0.19087981476019777, "id": 69}, {"weight": 1, "random_weight": 0.528250108376836, "id": 71}], [{"weight": 1, "random_weight": 0.004633944587928318, "id": 5}, {"weight": 1, "random_weight": 0.6553378975982782, "id": 8}, {"weight": 1, "random_weight": 0.4480299352756434, "id": 34}, {"weight": 1, "random_weight": 0.03751543684067715, "id": 50}, {"weight": 2, "random_weight": 0.6035492321365719, "id": 70}], [{"weight": 1, "random_weight": 0.07549076867608451, "id": 30}, {"weight": 1, "random_weight": 0.6465073745608951, "id": 41}, {"weight": 1, "random_weight": 0.27013968074466366, "id": 46}, {"weight": 1, "random_weight": 0.8264031084536604, "id": 48}, {"weight": 1, "random_weight": 0.07805709070466815, "id": 49}], [{"weight": 1, "random_weight": 0.6844725831730857, "id": 1}, {"weight": 1, "random_weight": 0.39281914313417077, "id": 6}, {"weight": 1, "random_weight": 0.8363975128779013, "id": 9}, {"weight": 1, "random_weight": 0.7650592086149559, "id": 38}, {"weight": 1, "random_weight": 0.31489453361943454, "id": 55}, {"weight": 1, "random_weight": 0.4357340248360335, "id": 56}], [{"weight": 1, "random_weight": 0.20489384060748272, "id": 21}, {"weight": 1, "random_weight": 0.7454811772801837, "id": 23}, {"weight": 2, "random_weight": 0.5660495301625538, "id": 66}], [{"weight": 2, "random_weight": 0.8551363273666683, "id": 6}, {"weight": 2, "random_weight": 0.5520219159881645, "id": 34}, {"weight": 1, "random_weight": 0.11263541662058729, "id": 56}, {"weight": 1, "random_weight": 0.14973630404800198, "id": 70}], [{"weight": 1, "random_weight": 0.054894508216115634, "id": 31}, {"weight": 1, "random_weight": 0.8495800335230648, "id": 35}, {"weight": 2, "random_weight": 0.012926148373216706, "id": 41}, {"weight": 1, "random_weight": 0.019084266774852865, "id": 65}, {"weight": 1, "random_weight": 0.9554311316180213, "id": 67}], [{"weight": 1, "random_weight": 0.6000845787173318, "id": 8}, {"weight": 2, "random_weight": 0.6087908409341054, "id": 16}, {"weight": 1, "random_weight": 0.7681642043065702, "id": 32}, {"weight": 2, "random_weight": 0.8649847720174956, "id": 68}], [{"weight": 1, "random_weight": 0.671213836170624, "id": 41}, {"weight": 1, "random_weight": 0.8156932118457217, "id": 43}, {"weight": 1, "random_weight": 0.9559013061873671, "id": 49}, {"weight": 1, "random_weight": 0.537338451490658, "id": 57}, {"weight": 1, "random_weight": 0.019084266774852865, "id": 63}, {"weight": 1, "random_weight": 0.8303331257367704, "id": 71}], [{"weight": 1, "random_weight": 0.43028836031265416, "id": 2}, {"weight": 1, "random_weight": 0.8496994718246575, "id": 21}, {"weight": 2, "random_weight": 0.9764737003779778, "id": 31}, {"weight": 2, "random_weight": 0.5660495301625538, "id": 61}], [{"weight": 2, "random_weight": 0.9109592412165245, "id": 0}, {"weight": 1, "random_weight": 0.9365937244890442, "id": 2}, {"weight": 1, "random_weight": 0.7222905744583489, "id": 31}, {"weight": 1, "random_weight": 0.5221848612583273, "id": 35}, {"weight": 1, "random_weight": 0.9554311316180213, "id": 63}], [{"weight": 1, "random_weight": 0.08756507021333193, "id": 8}, {"weight": 1, "random_weight": 0.7015193174185655, "id": 39}, {"weight": 1, "random_weight": 0.7517961808816748, "id": 51}, {"weight": 2, "random_weight": 0.8649847720174956, "id": 64}, {"weight": 1, "random_weight": 0.935192518279461, "id": 70}], [{"weight": 1, "random_weight": 0.8890897972278193, "id": 4}, {"weight": 2, "random_weight": 0.9914800970238653, "id": 5}, {"weight": 1, "random_weight": 0.03078351019886194, "id": 53}, {"weight": 1, "random_weight": 0.19087981476019777, "id": 57}, {"weight": 1, "random_weight": 0.8793594564508841, "id": 71}], [{"weight": 1, "random_weight": 0.9291046545862716, "id": 11}, {"weight": 1, "random_weight": 0.7076647925402471, "id": 39}, {"weight": 2, "random_weight": 0.6035492321365719, "id": 58}, {"weight": 1, "random_weight": 0.14973630404800198, "id": 62}, {"weight": 1, "random_weight": 0.935192518279461, "id": 68}], [{"weight": 1, "random_weight": 0.18538255705825657, "id": 35}, {"weight": 2, "random_weight": 0.43177636972618727, "id": 50}, {"weight": 1, "random_weight": 0.528250108376836, "id": 57}, {"weight": 1, "random_weight": 0.8303331257367704, "id": 65}, {"weight": 1, "random_weight": 0.8793594564508841, "id": 69}]]}