{"directed": false, "multigraph": false, "graph": [], "nodes": [{"graph": null, "nnodes": 2, "nedges": 1, "density": 1.0, "atomics": "[81, 93]", "group_pop": 2, "init_part_assignment": 6, "id": 0}, {"graph": null, "nnodes": 2, "nedges": 1, "density": 1.0, "atomics": "[68, 69]", "group_pop": 2, "init_part_assignment": 6, "id": 1}, {"graph": null, "nnodes": 2, "nedges": 1, "density": 1.0, "atomics": "[82, 70]", "group_pop": 2, "init_part_assignment": 6, "id": 2}, {"graph": null, "nnodes": 2, "nedges": 1, "density": 1.0, "atomics": "[74, 75]", "group_pop": 2, "init_part_assignment": 10, "id": 3}, {"graph": null, "nnodes": 2, "nedges": 1, "density": 1.0, "atomics": "[41, 42]", "group_pop": 2, "init_part_assignment": 2, "id": 4}, {"graph": null, "nnodes": 2, "nedges": 1, "density": 1.0, "atomics": "[43, 44]", "group_pop": 2, "init_part_assignment": 7, "id": 5}, {"graph": null, "nnodes": 2, "nedges": 1, "density": 1.0, "atomics": "[60, 61]", "group_pop": 2, "init_part_assignment": 10, "id": 6}, {"graph": null, "nnodes": 2, "nedges": 1, "density": 1.0, "atomics": "[62, 63]", "group_pop": 2, "init_part_assignment": 10, "id": 7}, {"graph": null, "nnodes": 2, "nedges": 1, "density": 1.0, "atomics": "[32, 20]", "group_pop": 2, "init_part_assignment": 4, "id": 8}, {"graph": null, "nnodes": 2, "nedges": 1, "density": 1.0, "atomics": "[142, 143]", "group_pop": 2, "init_part_assignment": 1, "id": 9}, {"graph": null, "nnodes": 2, "nedges": 1, "density": 1.0, "atomics": "[17, 29]", "group_pop": 2, "init_part_assignment": 2, "id": 10}, {"graph": null, "nnodes": 2, "nedges": 1, "density": 1.0, "atomics": "[8, 7]", "group_pop": 2, "init_part_assignment": 4, "id": 11}, {"graph": null, "nnodes": 2, "nedges": 1, "density": 1.0, "atomics": "[9, 10]", "group_pop": 2, "init_part_assignment": 4, "id": 12}, {"graph": null, "nnodes": 2, "nedges": 1, "density": 1.0, "atomics": "[34, 35]", "group_pop": 2, "init_part_assignment": 7, "id": 13}, {"graph": null, "nnodes": 2, "nedges": 1, "density": 1.0, "atomics": "[11, 23]", "group_pop": 2, "init_part_assignment": 4, "id": 14}, {"graph": null, "nnodes": 2, "nedges": 1, "density": 1.0, "atomics": "[48, 49]", "group_pop": 2, "init_part_assignment": 8, "id": 15}, {"graph": null, "nnodes": 2, "nedges": 1, "density": 1.0, "atomics": "[36, 37]", "group_pop": 2, "init_part_assignment": 8, "id": 16}, {"graph": null, "nnodes": 2, "nedges": 1, "density": 1.0, "atomics": "[120, 132]", "group_pop": 2, "init_part_assignment": 5, "id": 17}, {"graph": null, "nnodes": 2, "nedges": 1, "density": 1.0, "atomics": "[24, 12]", "group_pop": 2, "init_part_assignment": 8, "id": 18}, {"graph": null, "nnodes": 2, "nedges": 1, "density": 1.0, "atomics": "[130, 118]", "group_pop": 2, "init_part_assignment": 1, "id": 19}, {"graph": null, "nnodes": 2, "nedges": 1, "density": 1.0, "atomics": "[131, 119]", "group_pop": 2, "init_part_assignment": 1, "id": 20}, {"graph": null, "nnodes": 2, "nedges": 1, "density": 1.0, "atomics": "[19, 31]", "group_pop": 2, "init_part_assignment": 4, "id": 21}, {"graph": null, "nnodes": 2, "nedges": 1, "density": 1.0, "atomics": "[83, 71]", "group_pop": 2, "init_part_assignment": 1, "id": 22}, {"graph": null, "nnodes": 2, "nedges": 1, "density": 1.0, "atomics": "[18, 30]", "group_pop": 2, "init_part_assignment": 2, "id": 23}, {"graph": null, "nnodes": 2, "nedges": 1, "density": 1.0, "atomics": "[123, 135]", "group_pop": 2, "init_part_assignment": 5, "id": 24}, {"graph": null, "nnodes": 2, "nedges": 1, "density": 1.0, "atomics": "[21, 22]", "group_pop": 2, "init_part_assignment": 4, "id": 25}, {"graph": null, "nnodes": 2, "nedges": 1, "density": 1.0, "atomics": "[96, 84]", "group_pop": 2, "init_part_assignment": 10, "id": 26}, {"graph": null, "nnodes": 2, "nedges": 1, "density": 1.0, "atomics": "[108, 109]", "group_pop": 2, "init_part_assignment": 5, "id": 27}, {"graph": null, "nnodes": 2, "nedges": 1, "density": 1.0, "atomics": "[129, 117]", "group_pop": 2, "init_part_assignment": 0, "id": 28}, {"graph": null, "nnodes": 2, "nedges": 1, "density": 1.0, "atomics": "[25, 13]", "group_pop": 2, "init_part_assignment": 8, "id": 29}, {"graph": null, "nnodes": 2, "nedges": 1, "density": 1.0, "atomics": "[67, 79]", "group_pop": 2, "init_part_assignment": 6, "id": 30}, {"graph": null, "nnodes": 2, "nedges": 1, "density": 1.0, "atomics": "[56, 57]", "group_pop": 2, "init_part_assignment": 7, "id": 31}, {"graph": null, "nnodes": 2, "nedges": 1, "density": 1.0, "atomics": "[58, 59]", "group_pop": 2, "init_part_assignment": 1, "id": 32}, {"graph": null, "nnodes": 2, "nedges": 1, "density": 1.0, "atomics": "[136, 137]", "group_pop": 2, "init_part_assignment": 3, "id": 33}, {"graph": null, "nnodes": 2, "nedges": 1, "density": 1.0, "atomics": "[124, 125]", "group_pop": 2, "init_part_assignment": 3, "id": 34}, {"graph": null, "nnodes": 2, "nedges": 1, "density": 1.0, "atomics": "[5, 6]", "group_pop": 2, "init_part_assignment": 2, "id": 35}, {"graph": null, "nnodes": 2, "nedges": 1, "density": 1.0, "atomics": "[33, 45]", "group_pop": 2, "init_part_assignment": 7, "id": 36}, {"graph": null, "nnodes": 2, "nedges": 1, "density": 1.0, "atomics": "[40, 28]", "group_pop": 2, "init_part_assignment": 2, "id": 37}, {"graph": null, "nnodes": 2, "nedges": 1, "density": 1.0, "atomics": "[0, 1]", "group_pop": 2, "init_part_assignment": 8, "id": 38}, {"graph": null, "nnodes": 2, "nedges": 1, "density": 1.0, "atomics": "[128, 116]", "group_pop": 2, "init_part_assignment": 0, "id": 39}, {"graph": null, "nnodes": 2, "nedges": 1, "density": 1.0, "atomics": "[121, 133]", "group_pop": 2, "init_part_assignment": 5, "id": 40}, {"graph": null, "nnodes": 2, "nedges": 1, "density": 1.0, "atomics": "[122, 134]", "group_pop": 2, "init_part_assignment": 5, "id": 41}, {"graph": null, "nnodes": 2, "nedges": 1, "density": 1.0, "atomics": "[112, 113]", "group_pop": 2, "init_part_assignment": 3, "id": 42}, {"graph": null, "nnodes": 2, "nedges": 1, "density": 1.0, "atomics": "[2, 14]", "group_pop": 2, "init_part_assignment": 9, "id": 43}, {"graph": null, "nnodes": 2, "nedges": 1, "density": 1.0, "atomics": "[140, 141]", "group_pop": 2, "init_part_assignment": 0, "id": 44}, {"graph": null, "nnodes": 2, "nedges": 1, "density": 1.0, "atomics": "[3, 15]", "group_pop": 2, "init_part_assignment": 9, "id": 45}, {"graph": null, "nnodes": 2, "nedges": 1, "density": 1.0, "atomics": "[16, 4]", "group_pop": 2, "init_part_assignment": 2, "id": 46}, {"graph": null, "nnodes": 2, "nedges": 1, "density": 1.0, "atomics": "[97, 85]", "group_pop": 2, "init_part_assignment": 11, "id": 47}, {"graph": null, "nnodes": 2, "nedges": 1, "density": 1.0, "atomics": "[66, 78]", "group_pop": 2, "init_part_assignment": 11, "id": 48}, {"graph": null, "nnodes": 2, "nedges": 1, "density": 1.0, "atomics": "[110, 111]", "group_pop": 2, "init_part_assignment": 5, "id": 49}, {"graph": null, "nnodes": 2, "nedges": 1, "density": 1.0, "atomics": "[72, 73]", "group_pop": 2, "init_part_assignment": 10, "id": 50}, {"graph": null, "nnodes": 2, "nedges": 1, "density": 1.0, "atomics": "[46, 47]", "group_pop": 2, "init_part_assignment": 7, "id": 51}, {"graph": null, "nnodes": 2, "nedges": 1, "density": 1.0, "atomics": "[80, 92]", "group_pop": 2, "init_part_assignment": 6, "id": 52}, {"graph": null, "nnodes": 2, "nedges": 1, "density": 1.0, "atomics": "[88, 100]", "group_pop": 2, "init_part_assignment": 11, "id": 53}, {"graph": null, "nnodes": 2, "nedges": 1, "density": 1.0, "atomics": "[89, 101]", "group_pop": 2, "init_part_assignment": 3, "id": 54}, {"graph": null, "nnodes": 2, "nedges": 1, "density": 1.0, "atomics": "[64, 52]", "group_pop": 2, "init_part_assignment": 9, "id": 55}, {"graph": null, "nnodes": 2, "nedges": 1, "density": 1.0, "atomics": "[139, 127]", "group_pop": 2, "init_part_assignment": 0, "id": 56}, {"graph": null, "nnodes": 2, "nedges": 1, "density": 1.0, "atomics": "[106, 94]", "group_pop": 2, "init_part_assignment": 6, "id": 57}, {"graph": null, "nnodes": 2, "nedges": 1, "density": 1.0, "atomics": "[107, 95]", "group_pop": 2, "init_part_assignment": 1, "id": 58}, {"graph": null, "nnodes": 2, "nedges": 1, "density": 1.0, "atomics": "[54, 55]", "group_pop": 2, "init_part_assignment": 7, "id": 59}, {"graph": null, "nnodes": 2, "nedges": 1, "density": 1.0, "atomics": "[115, 103]", "group_pop": 2, "init_part_assignment": 0, "id": 60}, {"graph": null, "nnodes": 2, "nedges": 1, "density": 1.0, "atomics": "[138, 126]", "group_pop": 2, "init_part_assignment": 3, "id": 61}, {"graph": null, "nnodes": 2, "nedges": 1, "density": 1.0, "atomics": "[50, 38]", "group_pop": 2, "init_part_assignment": 8, "id": 62}, {"graph": null, "nnodes": 2, "nedges": 1, "density": 1.0, "atomics": "[98, 99]", "group_pop": 2, "init_part_assignment": 11, "id": 63}, {"graph": null, "nnodes": 2, "nedges": 1, "density": 1.0, "atomics": "[86, 87]", "group_pop": 2, "init_part_assignment": 10, "id": 64}, {"graph": null, "nnodes": 2, "nedges": 1, "density": 1.0, "atomics": "[114, 102]", "group_pop": 2, "init_part_assignment": 3, "id": 65}, {"graph": null, "nnodes": 2, "nedges": 1, "density": 1.0, "atomics": "[104, 105]", "group_pop": 2, "init_part_assignment": 0, "id": 66}, {"graph": null, "nnodes": 2, "nedges": 1, "density": 1.0, "atomics": "[26, 27]", "group_pop": 2, "init_part_assignment": 9, "id": 67}, {"graph": null, "nnodes": 2, "nedges": 1, "density": 1.0, "atomics": "[51, 39]", "group_pop": 2, "init_part_assignment": 9, "id": 68}, {"graph": null, "nnodes": 2, "nedges": 1, "density": 1.0, "atomics": "[65, 53]", "group_pop": 2, "init_part_assignment": 9, "id": 69}, {"graph": null, "nnodes": 2, "nedges": 1, "density": 1.0, "atomics": "[76, 77]", "group_pop": 2, "init_part_assignment": 11, "id": 70}, {"graph": null, "nnodes": 2, "nedges": 1, "density": 1.0, "atomics": "[90, 91]", "group_pop": 2, "init_part_assignment": 11, "id": 71}], "adjacency": [[{"weight": 1, "random_weight": 0.998468327689291, "id": 1}, {"weight": 1, "random_weight": 0.6015382484358802, "id": 2}, {"weight": 2, "random_weight": 0.9451037165375138, "id": 52}, {"weight": 1, "random_weight": 0.9977069191000305, "id": 57}, {"weight": 1, "random_weight": 0.4985806277530589, "id": 66}], [{"weight": 1, "random_weight": 0.998468327689291, "id": 0}, {"weight": 1, "random_weight": 0.5393772024331137, "id": 2}, {"weight": 1, "random_weight": 0.1297293873704758, "id": 30}, {"weight": 2, "random_weight": 0.87512681138425, "id": 31}, {"weight": 1, "random_weight": 0.1182272909896871, "id": 52}], [{"weight": 1, "random_weight": 0.6015382484358802, "id": 0}, {"weight": 1, "random_weight": 0.5393772024331137, "id": 1}, {"weight": 2, "random_weight": 0.5086665202073714, "id": 22}, {"weight": 1, "random_weight": 0.8461400246529447, "id": 32}, {"weight": 1, "random_weight": 0.17351722969623018, "id": 57}], [{"weight": 2, "random_weight": 0.3825474911921922, "id": 7}, {"weight": 1, "random_weight": 0.5272402906208273, "id": 50}, {"weight": 2, "random_weight": 0.09595914631945257, "id": 64}, {"weight": 1, "random_weight": 0.5970299356231611, "id": 70}], [{"weight": 1, "random_weight": 0.505133771005496, "id": 5}, {"weight": 1, "random_weight": 0.6707318890004627, "id": 10}, {"weight": 1, "random_weight": 0.3529438168721787, "id": 23}, {"weight": 1, "random_weight": 0.10409361402035733, "id": 37}, {"weight": 1, "random_weight": 0.26675575067633217, "id": 59}, {"weight": 1, "random_weight": 0.4981934168704173, "id": 69}], [{"weight": 1, "random_weight": 0.505133771005496, "id": 4}, {"weight": 1, "random_weight": 0.9489990837693788, "id": 8}, {"weight": 1, "random_weight": 0.6700211448367327, "id": 21}, {"weight": 1, "random_weight": 0.14251496447804912, "id": 31}, {"weight": 1, "random_weight": 0.8026000103508878, "id": 36}, {"weight": 1, "random_weight": 0.42093523252693665, "id": 59}], [{"weight": 1, "random_weight": 0.6946681282226748, "id": 7}, {"weight": 2, "random_weight": 0.8239493326064109, "id": 15}, {"weight": 2, "random_weight": 0.36141089725519315, "id": 50}], [{"weight": 2, "random_weight": 0.3825474911921922, "id": 3}, {"weight": 1, "random_weight": 0.6946681282226748, "id": 6}, {"weight": 1, "random_weight": 0.583725563202968, "id": 55}, {"weight": 1, "random_weight": 0.891473179693704, "id": 62}, {"weight": 1, "random_weight": 0.6442868260967656, "id": 68}], [{"weight": 1, "random_weight": 0.9489990837693788, "id": 5}, {"weight": 1, "random_weight": 0.00424039851242497, "id": 11}, {"weight": 2, "random_weight": 0.48367243850263664, "id": 21}, {"weight": 1, "random_weight": 0.7946015643467319, "id": 25}, {"weight": 1, "random_weight": 0.7009951196784893, "id": 36}], [{"weight": 1, "random_weight": 0.16818245796672304, "id": 19}, {"weight": 1, "random_weight": 0.6363500760252162, "id": 20}, {"weight": 1, "random_weight": 0.9402077006848437, "id": 44}], [{"weight": 1, "random_weight": 0.6707318890004627, "id": 4}, {"weight": 2, "random_weight": 0.5066871977458676, "id": 23}, {"weight": 1, "random_weight": 0.08358034139887038, "id": 35}, {"weight": 1, "random_weight": 0.23089099235635557, "id": 37}, {"weight": 1, "random_weight": 0.011647899854993815, "id": 46}], [{"weight": 1, "random_weight": 0.00424039851242497, "id": 8}, {"weight": 1, "random_weight": 0.6229865855865286, "id": 12}, {"weight": 1, "random_weight": 0.03459847401881622, "id": 21}, {"weight": 1, "random_weight": 0.0931000364928638, "id": 35}], [{"weight": 1, "random_weight": 0.6229865855865286, "id": 11}, {"weight": 1, "random_weight": 0.3590084481448679, "id": 14}, {"weight": 2, "random_weight": 0.1826517715326117, "id": 25}], [{"weight": 1, "random_weight": 0.5526065792128837, "id": 14}, {"weight": 1, "random_weight": 0.550686581450943, "id": 25}, {"weight": 1, "random_weight": 0.7612019286629916, "id": 36}, {"weight": 2, "random_weight": 0.864459980428943, "id": 51}], [{"weight": 1, "random_weight": 0.3590084481448679, "id": 12}, {"weight": 1, "random_weight": 0.5526065792128837, "id": 13}, {"weight": 1, "random_weight": 0.6009792899797786, "id": 25}], [{"weight": 2, "random_weight": 0.8239493326064109, "id": 6}, {"weight": 2, "random_weight": 0.009726126767306886, "id": 16}, {"weight": 1, "random_weight": 0.11643142259594919, "id": 62}], [{"weight": 2, "random_weight": 0.009726126767306886, "id": 15}, {"weight": 1, "random_weight": 0.7495872632003151, "id": 18}, {"weight": 1, "random_weight": 0.27394208650075813, "id": 29}, {"weight": 1, "random_weight": 0.6927264678729022, "id": 62}], [{"weight": 1, "random_weight": 0.7533066749654652, "id": 27}, {"weight": 2, "random_weight": 0.23268638326152613, "id": 40}], [{"weight": 1, "random_weight": 0.7495872632003151, "id": 16}, {"weight": 2, "random_weight": 0.21135961035666095, "id": 29}, {"weight": 1, "random_weight": 0.6644580256369498, "id": 38}], [{"weight": 1, "random_weight": 0.16818245796672304, "id": 9}, {"weight": 2, "random_weight": 0.646439788877391, "id": 20}, {"weight": 2, "random_weight": 0.13044673953730246, "id": 28}, {"weight": 1, "random_weight": 0.7656586569299338, "id": 57}], [{"weight": 1, "random_weight": 0.6363500760252162, "id": 9}, {"weight": 2, "random_weight": 0.646439788877391, "id": 19}, {"weight": 1, "random_weight": 0.0468023084316751, "id": 58}], [{"weight": 1, "random_weight": 0.6700211448367327, "id": 5}, {"weight": 2, "random_weight": 0.48367243850263664, "id": 8}, {"weight": 1, "random_weight": 0.03459847401881622, "id": 11}, {"weight": 2, "random_weight": 0.6432782019868023, "id": 23}], [{"weight": 2, "random_weight": 0.5086665202073714, "id": 2}, {"weight": 1, "random_weight": 0.06326103224244117, "id": 32}, {"weight": 1, "random_weight": 0.7449447729052009, "id": 58}], [{"weight": 1, "random_weight": 0.3529438168721787, "id": 4}, {"weight": 2, "random_weight": 0.5066871977458676, "id": 10}, {"weight": 2, "random_weight": 0.6432782019868023, "id": 21}, {"weight": 1, "random_weight": 0.1307608308889041, "id": 35}], [{"weight": 1, "random_weight": 0.8487669349904238, "id": 33}, {"weight": 1, "random_weight": 0.5858940393723667, "id": 34}, {"weight": 2, "random_weight": 0.8833895681490578, "id": 41}, {"weight": 1, "random_weight": 0.10854489484115992, "id": 49}], [{"weight": 1, "random_weight": 0.7946015643467319, "id": 8}, {"weight": 2, "random_weight": 0.1826517715326117, "id": 12}, {"weight": 1, "random_weight": 0.550686581450943, "id": 13}, {"weight": 1, "random_weight": 0.6009792899797786, "id": 14}, {"weight": 1, "random_weight": 0.20615561970995644, "id": 36}], [{"weight": 1, "random_weight": 0.3161304183630811, "id": 27}, {"weight": 2, "random_weight": 0.8498173595011357, "id": 47}, {"weight": 1, "random_weight": 0.8186480153147554, "id": 50}], [{"weight": 1, "random_weight": 0.7533066749654652, "id": 17}, {"weight": 1, "random_weight": 0.3161304183630811, "id": 26}, {"weight": 1, "random_weight": 0.5129415745565794, "id": 40}, {"weight": 1, "random_weight": 0.9313646457361386, "id": 47}, {"weight": 1, "random_weight": 0.5225855008318755, "id": 49}], [{"weight": 2, "random_weight": 0.13044673953730246, "id": 19}, {"weight": 2, "random_weight": 0.27367591931609503, "id": 39}, {"weight": 1, "random_weight": 0.7512971266547921, "id": 44}, {"weight": 1, "random_weight": 0.05316543378562355, "id": 66}], [{"weight": 1, "random_weight": 0.27394208650075813, "id": 16}, {"weight": 2, "random_weight": 0.21135961035666095, "id": 18}, {"weight": 1, "random_weight": 0.2164313861816951, "id": 38}, {"weight": 1, "random_weight": 0.9847548950415974, "id": 43}, {"weight": 1, "random_weight": 0.14341482487971657, "id": 67}], [{"weight": 1, "random_weight": 0.1297293873704758, "id": 1}, {"weight": 2, "random_weight": 0.02163693630592678, "id": 48}, {"weight": 1, "random_weight": 0.8065770157296595, "id": 52}, {"weight": 1, "random_weight": 0.44975256013466847, "id": 59}, {"weight": 1, "random_weight": 0.6117062597159064, "id": 71}], [{"weight": 2, "random_weight": 0.87512681138425, "id": 1}, {"weight": 1, "random_weight": 0.14251496447804912, "id": 5}, {"weight": 1, "random_weight": 0.2863888672963085, "id": 32}, {"weight": 1, "random_weight": 0.18464019827221123, "id": 36}, {"weight": 1, "random_weight": 0.39293192909760977, "id": 59}], [{"weight": 1, "random_weight": 0.8461400246529447, "id": 2}, {"weight": 1, "random_weight": 0.06326103224244117, "id": 22}, {"weight": 1, "random_weight": 0.2863888672963085, "id": 31}, {"weight": 2, "random_weight": 0.850248852061954, "id": 51}], [{"weight": 1, "random_weight": 0.8487669349904238, "id": 24}, {"weight": 2, "random_weight": 0.03821158336917252, "id": 34}, {"weight": 1, "random_weight": 0.8617520530609043, "id": 61}], [{"weight": 1, "random_weight": 0.5858940393723667, "id": 24}, {"weight": 2, "random_weight": 0.03821158336917252, "id": 33}, {"weight": 2, "random_weight": 0.25647512776481607, "id": 42}, {"weight": 1, "random_weight": 0.9653392537389319, "id": 61}], [{"weight": 1, "random_weight": 0.08358034139887038, "id": 10}, {"weight": 1, "random_weight": 0.0931000364928638, "id": 11}, {"weight": 1, "random_weight": 0.1307608308889041, "id": 23}, {"weight": 1, "random_weight": 0.6983002458906824, "id": 46}], [{"weight": 1, "random_weight": 0.8026000103508878, "id": 5}, {"weight": 1, "random_weight": 0.7009951196784893, "id": 8}, {"weight": 1, "random_weight": 0.7612019286629916, "id": 13}, {"weight": 1, "random_weight": 0.20615561970995644, "id": 25}, {"weight": 1, "random_weight": 0.18464019827221123, "id": 31}, {"weight": 1, "random_weight": 0.2827453401569159, "id": 51}], [{"weight": 1, "random_weight": 0.10409361402035733, "id": 4}, {"weight": 1, "random_weight": 0.23089099235635557, "id": 10}, {"weight": 1, "random_weight": 0.1541701499046635, "id": 46}, {"weight": 1, "random_weight": 0.7069324645132441, "id": 55}, {"weight": 1, "random_weight": 0.6686984968812011, "id": 67}, {"weight": 1, "random_weight": 0.5142625140671863, "id": 68}], [{"weight": 1, "random_weight": 0.6644580256369498, "id": 18}, {"weight": 1, "random_weight": 0.2164313861816951, "id": 29}, {"weight": 1, "random_weight": 0.9655727660958361, "id": 43}], [{"weight": 2, "random_weight": 0.27367591931609503, "id": 28}, {"weight": 1, "random_weight": 0.01780040581519926, "id": 44}, {"weight": 1, "random_weight": 0.5035661254150269, "id": 56}, {"weight": 1, "random_weight": 0.08390308948208913, "id": 60}, {"weight": 1, "random_weight": 0.47981141514871617, "id": 66}], [{"weight": 2, "random_weight": 0.23268638326152613, "id": 17}, {"weight": 1, "random_weight": 0.5129415745565794, "id": 27}, {"weight": 2, "random_weight": 0.8819911059220815, "id": 41}], [{"weight": 2, "random_weight": 0.8833895681490578, "id": 24}, {"weight": 2, "random_weight": 0.8819911059220815, "id": 40}, {"weight": 1, "random_weight": 0.5700172656855129, "id": 49}], [{"weight": 2, "random_weight": 0.25647512776481607, "id": 34}, {"weight": 1, "random_weight": 0.5920925204640544, "id": 49}, {"weight": 1, "random_weight": 0.763961544508266, "id": 53}, {"weight": 1, "random_weight": 0.497562056160859, "id": 54}, {"weight": 1, "random_weight": 0.9589103283510576, "id": 65}], [{"weight": 1, "random_weight": 0.9847548950415974, "id": 29}, {"weight": 1, "random_weight": 0.9655727660958361, "id": 38}, {"weight": 2, "random_weight": 0.4420729958772044, "id": 45}, {"weight": 1, "random_weight": 0.4307216569636577, "id": 67}], [{"weight": 1, "random_weight": 0.9402077006848437, "id": 9}, {"weight": 1, "random_weight": 0.7512971266547921, "id": 28}, {"weight": 1, "random_weight": 0.01780040581519926, "id": 39}, {"weight": 1, "random_weight": 0.7303389605701703, "id": 56}], [{"weight": 2, "random_weight": 0.4420729958772044, "id": 43}, {"weight": 2, "random_weight": 0.7196213514662833, "id": 46}, {"weight": 1, "random_weight": 0.13689668825892576, "id": 67}], [{"weight": 1, "random_weight": 0.011647899854993815, "id": 10}, {"weight": 1, "random_weight": 0.6983002458906824, "id": 35}, {"weight": 1, "random_weight": 0.1541701499046635, "id": 37}, {"weight": 2, "random_weight": 0.7196213514662833, "id": 45}], [{"weight": 2, "random_weight": 0.8498173595011357, "id": 26}, {"weight": 1, "random_weight": 0.9313646457361386, "id": 27}, {"weight": 1, "random_weight": 0.9408078289407371, "id": 50}, {"weight": 1, "random_weight": 0.6901462209783755, "id": 63}, {"weight": 1, "random_weight": 0.9538626521896937, "id": 64}], [{"weight": 2, "random_weight": 0.02163693630592678, "id": 30}, {"weight": 1, "random_weight": 0.3213124310861364, "id": 59}, {"weight": 1, "random_weight": 0.2733076836699114, "id": 69}, {"weight": 1, "random_weight": 0.3497034858000103, "id": 70}, {"weight": 1, "random_weight": 0.3023887786572481, "id": 71}], [{"weight": 1, "random_weight": 0.10854489484115992, "id": 24}, {"weight": 1, "random_weight": 0.5225855008318755, "id": 27}, {"weight": 1, "random_weight": 0.5700172656855129, "id": 41}, {"weight": 1, "random_weight": 0.5920925204640544, "id": 42}, {"weight": 2, "random_weight": 0.8170032223510635, "id": 63}], [{"weight": 1, "random_weight": 0.5272402906208273, "id": 3}, {"weight": 2, "random_weight": 0.36141089725519315, "id": 6}, {"weight": 1, "random_weight": 0.8186480153147554, "id": 26}, {"weight": 1, "random_weight": 0.9408078289407371, "id": 47}], [{"weight": 2, "random_weight": 0.864459980428943, "id": 13}, {"weight": 2, "random_weight": 0.850248852061954, "id": 32}, {"weight": 1, "random_weight": 0.2827453401569159, "id": 36}], [{"weight": 2, "random_weight": 0.9451037165375138, "id": 0}, {"weight": 1, "random_weight": 0.1182272909896871, "id": 1}, {"weight": 1, "random_weight": 0.8065770157296595, "id": 30}, {"weight": 1, "random_weight": 0.3747400535011427, "id": 66}, {"weight": 1, "random_weight": 0.5472113871557116, "id": 71}], [{"weight": 1, "random_weight": 0.763961544508266, "id": 42}, {"weight": 2, "random_weight": 0.9405525584381256, "id": 54}, {"weight": 1, "random_weight": 0.5483534146618781, "id": 63}, {"weight": 1, "random_weight": 0.5209707728971003, "id": 64}, {"weight": 1, "random_weight": 0.0985588052833456, "id": 70}], [{"weight": 1, "random_weight": 0.497562056160859, "id": 42}, {"weight": 2, "random_weight": 0.9405525584381256, "id": 53}, {"weight": 1, "random_weight": 0.5111130300512844, "id": 65}, {"weight": 1, "random_weight": 0.2736132277419244, "id": 70}, {"weight": 1, "random_weight": 0.33764300294262395, "id": 71}], [{"weight": 1, "random_weight": 0.583725563202968, "id": 7}, {"weight": 1, "random_weight": 0.7069324645132441, "id": 37}, {"weight": 1, "random_weight": 0.4668461691157204, "id": 68}, {"weight": 2, "random_weight": 0.4166492062394167, "id": 69}, {"weight": 1, "random_weight": 0.7721412652608677, "id": 70}], [{"weight": 1, "random_weight": 0.5035661254150269, "id": 39}, {"weight": 1, "random_weight": 0.7303389605701703, "id": 44}, {"weight": 1, "random_weight": 0.2913639766069398, "id": 60}, {"weight": 2, "random_weight": 0.8682535130335071, "id": 61}], [{"weight": 1, "random_weight": 0.9977069191000305, "id": 0}, {"weight": 1, "random_weight": 0.17351722969623018, "id": 2}, {"weight": 1, "random_weight": 0.7656586569299338, "id": 19}, {"weight": 2, "random_weight": 0.9539033186428794, "id": 58}, {"weight": 1, "random_weight": 0.3953881611360399, "id": 66}], [{"weight": 1, "random_weight": 0.0468023084316751, "id": 20}, {"weight": 1, "random_weight": 0.7449447729052009, "id": 22}, {"weight": 2, "random_weight": 0.9539033186428794, "id": 57}], [{"weight": 1, "random_weight": 0.26675575067633217, "id": 4}, {"weight": 1, "random_weight": 0.42093523252693665, "id": 5}, {"weight": 1, "random_weight": 0.44975256013466847, "id": 30}, {"weight": 1, "random_weight": 0.39293192909760977, "id": 31}, {"weight": 1, "random_weight": 0.3213124310861364, "id": 48}, {"weight": 1, "random_weight": 0.8721994439015891, "id": 69}], [{"weight": 1, "random_weight": 0.08390308948208913, "id": 39}, {"weight": 1, "random_weight": 0.2913639766069398, "id": 56}, {"weight": 2, "random_weight": 0.459924811882077, "id": 65}, {"weight": 1, "random_weight": 0.5755824541614747, "id": 66}, {"weight": 1, "random_weight": 0.9224010850230079, "id": 71}], [{"weight": 1, "random_weight": 0.8617520530609043, "id": 33}, {"weight": 1, "random_weight": 0.9653392537389319, "id": 34}, {"weight": 2, "random_weight": 0.8682535130335071, "id": 56}, {"weight": 1, "random_weight": 0.923008698449773, "id": 65}], [{"weight": 1, "random_weight": 0.891473179693704, "id": 7}, {"weight": 1, "random_weight": 0.11643142259594919, "id": 15}, {"weight": 1, "random_weight": 0.6927264678729022, "id": 16}, {"weight": 1, "random_weight": 0.33837137382553417, "id": 67}, {"weight": 2, "random_weight": 0.72303127855606, "id": 68}], [{"weight": 1, "random_weight": 0.6901462209783755, "id": 47}, {"weight": 2, "random_weight": 0.8170032223510635, "id": 49}, {"weight": 1, "random_weight": 0.5483534146618781, "id": 53}, {"weight": 2, "random_weight": 0.6926906172790607, "id": 64}], [{"weight": 2, "random_weight": 0.09595914631945257, "id": 3}, {"weight": 1, "random_weight": 0.9538626521896937, "id": 47}, {"weight": 1, "random_weight": 0.5209707728971003, "id": 53}, {"weight": 2, "random_weight": 0.6926906172790607, "id": 63}], [{"weight": 1, "random_weight": 0.9589103283510576, "id": 42}, {"weight": 1, "random_weight": 0.5111130300512844, "id": 54}, {"weight": 2, "random_weight": 0.459924811882077, "id": 60}, {"weight": 1, "random_weight": 0.923008698449773, "id": 61}, {"weight": 1, "random_weight": 0.8450491677330071, "id": 71}], [{"weight": 1, "random_weight": 0.4985806277530589, "id": 0}, {"weight": 1, "random_weight": 0.05316543378562355, "id": 28}, {"weight": 1, "random_weight": 0.47981141514871617, "id": 39}, {"weight": 1, "random_weight": 0.3747400535011427, "id": 52}, {"weight": 1, "random_weight": 0.3953881611360399, "id": 57}, {"weight": 1, "random_weight": 0.5755824541614747, "id": 60}], [{"weight": 1, "random_weight": 0.14341482487971657, "id": 29}, {"weight": 1, "random_weight": 0.6686984968812011, "id": 37}, {"weight": 1, "random_weight": 0.4307216569636577, "id": 43}, {"weight": 1, "random_weight": 0.13689668825892576, "id": 45}, {"weight": 1, "random_weight": 0.33837137382553417, "id": 62}, {"weight": 1, "random_weight": 0.18447630959029104, "id": 68}], [{"weight": 1, "random_weight": 0.6442868260967656, "id": 7}, {"weight": 1, "random_weight": 0.5142625140671863, "id": 37}, {"weight": 1, "random_weight": 0.4668461691157204, "id": 55}, {"weight": 2, "random_weight": 0.72303127855606, "id": 62}, {"weight": 1, "random_weight": 0.18447630959029104, "id": 67}], [{"weight": 1, "random_weight": 0.4981934168704173, "id": 4}, {"weight": 1, "random_weight": 0.2733076836699114, "id": 48}, {"weight": 2, "random_weight": 0.4166492062394167, "id": 55}, {"weight": 1, "random_weight": 0.8721994439015891, "id": 59}, {"weight": 1, "random_weight": 0.3009571791261476, "id": 70}], [{"weight": 1, "random_weight": 0.5970299356231611, "id": 3}, {"weight": 1, "random_weight": 0.3497034858000103, "id": 48}, {"weight": 1, "random_weight": 0.0985588052833456, "id": 53}, {"weight": 1, "random_weight": 0.2736132277419244, "id": 54}, {"weight": 1, "random_weight": 0.7721412652608677, "id": 55}, {"weight": 1, "random_weight": 0.3009571791261476, "id": 69}], [{"weight": 1, "random_weight": 0.6117062597159064, "id": 30}, {"weight": 1, "random_weight": 0.3023887786572481, "id": 48}, {"weight": 1, "random_weight": 0.5472113871557116, "id": 52}, {"weight": 1, "random_weight": 0.33764300294262395, "id": 54}, {"weight": 1, "random_weight": 0.9224010850230079, "id": 60}, {"weight": 1, "random_weight": 0.8450491677330071, "id": 65}]]}