{"directed": false, "multigraph": false, "graph": [], "nodes": [{"graph": null, "nnodes": 2, "nedges": 1, "density": 1.0, "atomics": "[81, 69]", "group_pop": 2, "init_part_assignment": 9, "id": 0}, {"graph": null, "nnodes": 2, "nedges": 1, "density": 1.0, "atomics": "[82, 70]", "group_pop": 2, "init_part_assignment": 6, "id": 1}, {"graph": null, "nnodes": 2, "nedges": 1, "density": 1.0, "atomics": "[74, 62]", "group_pop": 2, "init_part_assignment": 8, "id": 2}, {"graph": null, "nnodes": 2, "nedges": 1, "density": 1.0, "atomics": "[75, 63]", "group_pop": 2, "init_part_assignment": 8, "id": 3}, {"graph": null, "nnodes": 2, "nedges": 1, "density": 1.0, "atomics": "[42, 54]", "group_pop": 2, "init_part_assignment": 11, "id": 4}, {"graph": null, "nnodes": 2, "nedges": 1, "density": 1.0, "atomics": "[43, 55]", "group_pop": 2, "init_part_assignment": 11, "id": 5}, {"graph": null, "nnodes": 2, "nedges": 1, "density": 1.0, "atomics": "[49, 61]", "group_pop": 2, "init_part_assignment": 7, "id": 6}, {"graph": null, "nnodes": 2, "nedges": 1, "density": 1.0, "atomics": "[32, 31]", "group_pop": 2, "init_part_assignment": 10, "id": 7}, {"graph": null, "nnodes": 2, "nedges": 1, "density": 1.0, "atomics": "[19, 20]", "group_pop": 2, "init_part_assignment": 10, "id": 8}, {"graph": null, "nnodes": 2, "nedges": 1, "density": 1.0, "atomics": "[130, 142]", "group_pop": 2, "init_part_assignment": 4, "id": 9}, {"graph": null, "nnodes": 2, "nedges": 1, "density": 1.0, "atomics": "[131, 143]", "group_pop": 2, "init_part_assignment": 4, "id": 10}, {"graph": null, "nnodes": 2, "nedges": 1, "density": 1.0, "atomics": "[40, 41]", "group_pop": 2, "init_part_assignment": 8, "id": 11}, {"graph": null, "nnodes": 2, "nedges": 1, "density": 1.0, "atomics": "[17, 29]", "group_pop": 2, "init_part_assignment": 11, "id": 12}, {"graph": null, "nnodes": 2, "nedges": 1, "density": 1.0, "atomics": "[8, 9]", "group_pop": 2, "init_part_assignment": 10, "id": 13}, {"graph": null, "nnodes": 2, "nedges": 1, "density": 1.0, "atomics": "[34, 35]", "group_pop": 2, "init_part_assignment": 6, "id": 14}, {"graph": null, "nnodes": 2, "nedges": 1, "density": 1.0, "atomics": "[11, 23]", "group_pop": 2, "init_part_assignment": 6, "id": 15}, {"graph": null, "nnodes": 2, "nedges": 1, "density": 1.0, "atomics": "[36, 37]", "group_pop": 2, "init_part_assignment": 7, "id": 16}, {"graph": null, "nnodes": 2, "nedges": 1, "density": 1.0, "atomics": "[120, 121]", "group_pop": 2, "init_part_assignment": 2, "id": 17}, {"graph": null, "nnodes": 2, "nedges": 1, "density": 1.0, "atomics": "[132, 133]", "group_pop": 2, "init_part_assignment": 2, "id": 18}, {"graph": null, "nnodes": 2, "nedges": 1, "density": 1.0, "atomics": "[24, 12]", "group_pop": 2, "init_part_assignment": 5, "id": 19}, {"graph": null, "nnodes": 2, "nedges": 1, "density": 1.0, "atomics": "[83, 71]", "group_pop": 2, "init_part_assignment": 4, "id": 20}, {"graph": null, "nnodes": 2, "nedges": 1, "density": 1.0, "atomics": "[18, 30]", "group_pop": 2, "init_part_assignment": 11, "id": 21}, {"graph": null, "nnodes": 2, "nedges": 1, "density": 1.0, "atomics": "[122, 123]", "group_pop": 2, "init_part_assignment": 2, "id": 22}, {"graph": null, "nnodes": 2, "nedges": 1, "density": 1.0, "atomics": "[134, 135]", "group_pop": 2, "init_part_assignment": 2, "id": 23}, {"graph": null, "nnodes": 2, "nedges": 1, "density": 1.0, "atomics": "[10, 22]", "group_pop": 2, "init_part_assignment": 6, "id": 24}, {"graph": null, "nnodes": 2, "nedges": 1, "density": 1.0, "atomics": "[96, 84]", "group_pop": 2, "init_part_assignment": 7, "id": 25}, {"graph": null, "nnodes": 2, "nedges": 1, "density": 1.0, "atomics": "[108, 109]", "group_pop": 2, "init_part_assignment": 2, "id": 26}, {"graph": null, "nnodes": 2, "nedges": 1, "density": 1.0, "atomics": "[129, 141]", "group_pop": 2, "init_part_assignment": 0, "id": 27}, {"graph": null, "nnodes": 2, "nedges": 1, "density": 1.0, "atomics": "[116, 117]", "group_pop": 2, "init_part_assignment": 0, "id": 28}, {"graph": null, "nnodes": 2, "nedges": 1, "density": 1.0, "atomics": "[25, 26]", "group_pop": 2, "init_part_assignment": 5, "id": 29}, {"graph": null, "nnodes": 2, "nedges": 1, "density": 1.0, "atomics": "[13, 14]", "group_pop": 2, "init_part_assignment": 5, "id": 30}, {"graph": null, "nnodes": 2, "nedges": 1, "density": 1.0, "atomics": "[67, 79]", "group_pop": 2, "init_part_assignment": 11, "id": 31}, {"graph": null, "nnodes": 2, "nedges": 1, "density": 1.0, "atomics": "[56, 57]", "group_pop": 2, "init_part_assignment": 9, "id": 32}, {"graph": null, "nnodes": 2, "nedges": 1, "density": 1.0, "atomics": "[58, 46]", "group_pop": 2, "init_part_assignment": 6, "id": 33}, {"graph": null, "nnodes": 2, "nedges": 1, "density": 1.0, "atomics": "[48, 60]", "group_pop": 2, "init_part_assignment": 7, "id": 34}, {"graph": null, "nnodes": 2, "nedges": 1, "density": 1.0, "atomics": "[136, 137]", "group_pop": 2, "init_part_assignment": 3, "id": 35}, {"graph": null, "nnodes": 2, "nedges": 1, "density": 1.0, "atomics": "[112, 124]", "group_pop": 2, "init_part_assignment": 3, "id": 36}, {"graph": null, "nnodes": 2, "nedges": 1, "density": 1.0, "atomics": "[6, 7]", "group_pop": 2, "init_part_assignment": 10, "id": 37}, {"graph": null, "nnodes": 2, "nedges": 1, "density": 1.0, "atomics": "[33, 21]", "group_pop": 2, "init_part_assignment": 10, "id": 38}, {"graph": null, "nnodes": 2, "nedges": 1, "density": 1.0, "atomics": "[16, 28]", "group_pop": 2, "init_part_assignment": 8, "id": 39}, {"graph": null, "nnodes": 2, "nedges": 1, "density": 1.0, "atomics": "[0, 1]", "group_pop": 2, "init_part_assignment": 5, "id": 40}, {"graph": null, "nnodes": 2, "nedges": 1, "density": 1.0, "atomics": "[128, 127]", "group_pop": 2, "init_part_assignment": 0, "id": 41}, {"graph": null, "nnodes": 2, "nedges": 1, "density": 1.0, "atomics": "[113, 125]", "group_pop": 2, "init_part_assignment": 3, "id": 42}, {"graph": null, "nnodes": 2, "nedges": 1, "density": 1.0, "atomics": "[2, 3]", "group_pop": 2, "init_part_assignment": 5, "id": 43}, {"graph": null, "nnodes": 2, "nedges": 1, "density": 1.0, "atomics": "[4, 5]", "group_pop": 2, "init_part_assignment": 8, "id": 44}, {"graph": null, "nnodes": 2, "nedges": 1, "density": 1.0, "atomics": "[139, 140]", "group_pop": 2, "init_part_assignment": 0, "id": 45}, {"graph": null, "nnodes": 2, "nedges": 1, "density": 1.0, "atomics": "[97, 98]", "group_pop": 2, "init_part_assignment": 3, "id": 46}, {"graph": null, "nnodes": 2, "nedges": 1, "density": 1.0, "atomics": "[66, 78]", "group_pop": 2, "init_part_assignment": 1, "id": 47}, {"graph": null, "nnodes": 2, "nedges": 1, "density": 1.0, "atomics": "[27, 15]", "group_pop": 2, "init_part_assignment": 5, "id": 48}, {"graph": null, "nnodes": 2, "nedges": 1, "density": 1.0, "atomics": "[110, 111]", "group_pop": 2, "init_part_assignment": 2, "id": 49}, {"graph": null, "nnodes": 2, "nedges": 1, "density": 1.0, "atomics": "[72, 73]", "group_pop": 2, "init_part_assignment": 7, "id": 50}, {"graph": null, "nnodes": 2, "nedges": 1, "density": 1.0, "atomics": "[59, 47]", "group_pop": 2, "init_part_assignment": 6, "id": 51}, {"graph": null, "nnodes": 2, "nedges": 1, "density": 1.0, "atomics": "[80, 68]", "group_pop": 2, "init_part_assignment": 9, "id": 52}, {"graph": null, "nnodes": 2, "nedges": 1, "density": 1.0, "atomics": "[99, 100]", "group_pop": 2, "init_part_assignment": 3, "id": 53}, {"graph": null, "nnodes": 2, "nedges": 1, "density": 1.0, "atomics": "[89, 101]", "group_pop": 2, "init_part_assignment": 1, "id": 54}, {"graph": null, "nnodes": 2, "nedges": 1, "density": 1.0, "atomics": "[64, 65]", "group_pop": 2, "init_part_assignment": 1, "id": 55}, {"graph": null, "nnodes": 2, "nedges": 1, "density": 1.0, "atomics": "[94, 95]", "group_pop": 2, "init_part_assignment": 4, "id": 56}, {"graph": null, "nnodes": 2, "nedges": 1, "density": 1.0, "atomics": "[44, 45]", "group_pop": 2, "init_part_assignment": 10, "id": 57}, {"graph": null, "nnodes": 2, "nedges": 1, "density": 1.0, "atomics": "[85, 86]", "group_pop": 2, "init_part_assignment": 3, "id": 58}, {"graph": null, "nnodes": 2, "nedges": 1, "density": 1.0, "atomics": "[106, 107]", "group_pop": 2, "init_part_assignment": 4, "id": 59}, {"graph": null, "nnodes": 2, "nedges": 1, "density": 1.0, "atomics": "[118, 119]", "group_pop": 2, "init_part_assignment": 4, "id": 60}, {"graph": null, "nnodes": 2, "nedges": 1, "density": 1.0, "atomics": "[114, 115]", "group_pop": 2, "init_part_assignment": 0, "id": 61}, {"graph": null, "nnodes": 2, "nedges": 1, "density": 1.0, "atomics": "[91, 103]", "group_pop": 2, "init_part_assignment": 9, "id": 62}, {"graph": null, "nnodes": 2, "nedges": 1, "density": 1.0, "atomics": "[138, 126]", "group_pop": 2, "init_part_assignment": 0, "id": 63}, {"graph": null, "nnodes": 2, "nedges": 1, "density": 1.0, "atomics": "[50, 38]", "group_pop": 2, "init_part_assignment": 7, "id": 64}, {"graph": null, "nnodes": 2, "nedges": 1, "density": 1.0, "atomics": "[90, 102]", "group_pop": 2, "init_part_assignment": 1, "id": 65}, {"graph": null, "nnodes": 2, "nedges": 1, "density": 1.0, "atomics": "[104, 105]", "group_pop": 2, "init_part_assignment": 9, "id": 66}, {"graph": null, "nnodes": 2, "nedges": 1, "density": 1.0, "atomics": "[92, 93]", "group_pop": 2, "init_part_assignment": 9, "id": 67}, {"graph": null, "nnodes": 2, "nedges": 1, "density": 1.0, "atomics": "[51, 39]", "group_pop": 2, "init_part_assignment": 8, "id": 68}, {"graph": null, "nnodes": 2, "nedges": 1, "density": 1.0, "atomics": "[88, 87]", "group_pop": 2, "init_part_assignment": 1, "id": 69}, {"graph": null, "nnodes": 2, "nedges": 1, "density": 1.0, "atomics": "[52, 53]", "group_pop": 2, "init_part_assignment": 11, "id": 70}, {"graph": null, "nnodes": 2, "nedges": 1, "density": 1.0, "atomics": "[76, 77]", "group_pop": 2, "init_part_assignment": 1, "id": 71}], "adjacency": [[{"weight": 2, "random_weight": 0.8323632672238804, "id": 1}, {"weight": 1, "random_weight": 0.13388451124868705, "id": 32}, {"weight": 2, "random_weight": 0.3979343357288446, "id": 52}, {"weight": 1, "random_weight": 0.5208620041944612, "id": 67}], [{"weight": 2, "random_weight": 0.8323632672238804, "id": 0}, {"weight": 2, "random_weight": 0.9414596097199986, "id": 20}, {"weight": 1, "random_weight": 0.3207789083947056, "id": 33}, {"weight": 1, "random_weight": 0.7613394634762405, "id": 56}], [{"weight": 2, "random_weight": 0.058908584862321645, "id": 3}, {"weight": 1, "random_weight": 0.4527432055652679, "id": 6}, {"weight": 1, "random_weight": 0.411803959540436, "id": 50}, {"weight": 1, "random_weight": 0.9532356173426424, "id": 58}, {"weight": 1, "random_weight": 0.8130843234354851, "id": 64}], [{"weight": 2, "random_weight": 0.058908584862321645, "id": 2}, {"weight": 1, "random_weight": 0.9457139188956568, "id": 55}, {"weight": 1, "random_weight": 0.15560400699174493, "id": 68}, {"weight": 1, "random_weight": 0.12785992762222598, "id": 69}, {"weight": 1, "random_weight": 0.6419990223298335, "id": 71}], [{"weight": 2, "random_weight": 0.22827634812472541, "id": 5}, {"weight": 1, "random_weight": 0.9799370074637519, "id": 11}, {"weight": 1, "random_weight": 0.26522024486857454, "id": 21}, {"weight": 1, "random_weight": 0.5756194932932225, "id": 47}, {"weight": 1, "random_weight": 0.35977360338590714, "id": 70}], [{"weight": 2, "random_weight": 0.22827634812472541, "id": 4}, {"weight": 1, "random_weight": 0.563688627828091, "id": 7}, {"weight": 1, "random_weight": 0.15542321532130043, "id": 31}, {"weight": 1, "random_weight": 0.8809271662447172, "id": 32}, {"weight": 1, "random_weight": 0.2693303877056591, "id": 57}], [{"weight": 1, "random_weight": 0.4527432055652679, "id": 2}, {"weight": 1, "random_weight": 0.7056621472960225, "id": 16}, {"weight": 2, "random_weight": 0.07249697063614413, "id": 34}, {"weight": 1, "random_weight": 0.868747470376145, "id": 50}, {"weight": 1, "random_weight": 0.9757443325842676, "id": 64}], [{"weight": 1, "random_weight": 0.563688627828091, "id": 5}, {"weight": 2, "random_weight": 0.2601729576291911, "id": 8}, {"weight": 1, "random_weight": 0.5229984192880985, "id": 21}, {"weight": 1, "random_weight": 0.8396420981694322, "id": 38}, {"weight": 1, "random_weight": 0.7324025595154217, "id": 57}], [{"weight": 2, "random_weight": 0.2601729576291911, "id": 7}, {"weight": 1, "random_weight": 0.8034936059878485, "id": 13}, {"weight": 1, "random_weight": 0.6705098288205436, "id": 21}, {"weight": 1, "random_weight": 0.036450171474700754, "id": 37}, {"weight": 1, "random_weight": 0.5344808290696467, "id": 38}], [{"weight": 2, "random_weight": 0.16517492655643706, "id": 10}, {"weight": 2, "random_weight": 0.5810567978759975, "id": 27}, {"weight": 1, "random_weight": 0.394667227857176, "id": 60}], [{"weight": 2, "random_weight": 0.16517492655643706, "id": 9}, {"weight": 1, "random_weight": 0.6739211044150684, "id": 60}], [{"weight": 1, "random_weight": 0.9799370074637519, "id": 4}, {"weight": 1, "random_weight": 0.6232654882206707, "id": 12}, {"weight": 1, "random_weight": 0.3618225671295773, "id": 39}, {"weight": 1, "random_weight": 0.27440777483052303, "id": 68}, {"weight": 2, "random_weight": 0.420427735639619, "id": 70}], [{"weight": 1, "random_weight": 0.6232654882206707, "id": 11}, {"weight": 2, "random_weight": 0.02742163833248823, "id": 21}, {"weight": 2, "random_weight": 0.5791060160394185, "id": 39}, {"weight": 1, "random_weight": 0.3488612139773015, "id": 44}], [{"weight": 1, "random_weight": 0.8034936059878485, "id": 8}, {"weight": 1, "random_weight": 0.9406907261448445, "id": 24}, {"weight": 1, "random_weight": 0.22745470512877242, "id": 37}, {"weight": 1, "random_weight": 0.20956398894118267, "id": 38}], [{"weight": 1, "random_weight": 0.13644454226721536, "id": 15}, {"weight": 1, "random_weight": 0.30367056435578, "id": 24}, {"weight": 1, "random_weight": 0.5034242303387453, "id": 33}, {"weight": 1, "random_weight": 0.34683606589070837, "id": 38}, {"weight": 1, "random_weight": 0.46773772502131206, "id": 51}], [{"weight": 1, "random_weight": 0.13644454226721536, "id": 14}, {"weight": 2, "random_weight": 0.9155931300202541, "id": 24}], [{"weight": 1, "random_weight": 0.7056621472960225, "id": 6}, {"weight": 1, "random_weight": 0.6555070374873146, "id": 19}, {"weight": 1, "random_weight": 0.5691565943329917, "id": 29}, {"weight": 1, "random_weight": 0.5211276622862241, "id": 34}, {"weight": 1, "random_weight": 0.14915442757848751, "id": 64}], [{"weight": 2, "random_weight": 0.28589606152714186, "id": 18}, {"weight": 1, "random_weight": 0.08464064063729204, "id": 22}, {"weight": 2, "random_weight": 0.8429802541471552, "id": 26}], [{"weight": 2, "random_weight": 0.28589606152714186, "id": 17}, {"weight": 1, "random_weight": 0.17241668519106002, "id": 23}], [{"weight": 1, "random_weight": 0.6555070374873146, "id": 16}, {"weight": 1, "random_weight": 0.40771637420094997, "id": 29}, {"weight": 1, "random_weight": 0.05212204439106871, "id": 30}, {"weight": 1, "random_weight": 0.08283113232089445, "id": 40}], [{"weight": 2, "random_weight": 0.9414596097199986, "id": 1}, {"weight": 1, "random_weight": 0.6919339244952121, "id": 51}, {"weight": 1, "random_weight": 0.6785502532756862, "id": 56}], [{"weight": 1, "random_weight": 0.26522024486857454, "id": 4}, {"weight": 1, "random_weight": 0.5229984192880985, "id": 7}, {"weight": 1, "random_weight": 0.6705098288205436, "id": 8}, {"weight": 2, "random_weight": 0.02742163833248823, "id": 12}, {"weight": 1, "random_weight": 0.4385105918402986, "id": 37}], [{"weight": 1, "random_weight": 0.08464064063729204, "id": 17}, {"weight": 2, "random_weight": 0.696928625064706, "id": 23}, {"weight": 1, "random_weight": 0.9326092707110073, "id": 36}, {"weight": 2, "random_weight": 0.35853335034879796, "id": 49}], [{"weight": 1, "random_weight": 0.17241668519106002, "id": 18}, {"weight": 2, "random_weight": 0.696928625064706, "id": 22}, {"weight": 1, "random_weight": 0.41895524435939024, "id": 35}], [{"weight": 1, "random_weight": 0.9406907261448445, "id": 13}, {"weight": 1, "random_weight": 0.30367056435578, "id": 14}, {"weight": 2, "random_weight": 0.9155931300202541, "id": 15}, {"weight": 1, "random_weight": 0.757385439162241, "id": 38}], [{"weight": 1, "random_weight": 0.8431054610252645, "id": 26}, {"weight": 1, "random_weight": 0.8535784555977765, "id": 46}, {"weight": 1, "random_weight": 0.3520049837068009, "id": 50}, {"weight": 1, "random_weight": 0.4860413953997572, "id": 58}], [{"weight": 2, "random_weight": 0.8429802541471552, "id": 17}, {"weight": 1, "random_weight": 0.8431054610252645, "id": 25}, {"weight": 1, "random_weight": 0.8855638233430222, "id": 46}, {"weight": 1, "random_weight": 0.7894715558296089, "id": 49}], [{"weight": 2, "random_weight": 0.5810567978759975, "id": 9}, {"weight": 1, "random_weight": 0.4869439588257486, "id": 28}, {"weight": 1, "random_weight": 0.19088449264227536, "id": 41}, {"weight": 1, "random_weight": 0.5692674011395241, "id": 45}], [{"weight": 1, "random_weight": 0.4869439588257486, "id": 27}, {"weight": 1, "random_weight": 0.21093470104860135, "id": 41}, {"weight": 1, "random_weight": 0.9691855453131478, "id": 60}, {"weight": 1, "random_weight": 0.41892596046572206, "id": 61}, {"weight": 2, "random_weight": 0.7902150905124692, "id": 66}], [{"weight": 1, "random_weight": 0.5691565943329917, "id": 16}, {"weight": 1, "random_weight": 0.40771637420094997, "id": 19}, {"weight": 2, "random_weight": 0.9190872138594723, "id": 30}, {"weight": 1, "random_weight": 0.8011718573756026, "id": 48}, {"weight": 1, "random_weight": 0.7540083871748744, "id": 64}], [{"weight": 1, "random_weight": 0.05212204439106871, "id": 19}, {"weight": 2, "random_weight": 0.9190872138594723, "id": 29}, {"weight": 1, "random_weight": 0.376887246240592, "id": 40}, {"weight": 1, "random_weight": 0.30906636596462256, "id": 43}, {"weight": 1, "random_weight": 0.8990410556425428, "id": 48}], [{"weight": 1, "random_weight": 0.15542321532130043, "id": 5}, {"weight": 2, "random_weight": 0.8580881739933326, "id": 47}, {"weight": 2, "random_weight": 0.6841956609726807, "id": 52}, {"weight": 1, "random_weight": 0.7155635182878752, "id": 62}], [{"weight": 1, "random_weight": 0.13388451124868705, "id": 0}, {"weight": 1, "random_weight": 0.8809271662447172, "id": 5}, {"weight": 1, "random_weight": 0.9466775516748819, "id": 33}, {"weight": 1, "random_weight": 0.5476264062156835, "id": 52}, {"weight": 2, "random_weight": 0.8928383989247178, "id": 57}], [{"weight": 1, "random_weight": 0.3207789083947056, "id": 1}, {"weight": 1, "random_weight": 0.5034242303387453, "id": 14}, {"weight": 1, "random_weight": 0.9466775516748819, "id": 32}, {"weight": 2, "random_weight": 0.024617647132105458, "id": 51}, {"weight": 1, "random_weight": 0.6907399469982052, "id": 57}], [{"weight": 2, "random_weight": 0.07249697063614413, "id": 6}, {"weight": 1, "random_weight": 0.5211276622862241, "id": 16}, {"weight": 1, "random_weight": 0.06594250946935665, "id": 50}], [{"weight": 1, "random_weight": 0.41895524435939024, "id": 23}, {"weight": 1, "random_weight": 0.7047219111793003, "id": 36}, {"weight": 1, "random_weight": 0.8384165454886098, "id": 42}, {"weight": 1, "random_weight": 0.7069584197006572, "id": 63}], [{"weight": 1, "random_weight": 0.9326092707110073, "id": 22}, {"weight": 1, "random_weight": 0.7047219111793003, "id": 35}, {"weight": 2, "random_weight": 0.9090669852279607, "id": 42}, {"weight": 1, "random_weight": 0.6642141870559837, "id": 49}, {"weight": 1, "random_weight": 0.9222218248731612, "id": 53}], [{"weight": 1, "random_weight": 0.036450171474700754, "id": 8}, {"weight": 1, "random_weight": 0.22745470512877242, "id": 13}, {"weight": 1, "random_weight": 0.4385105918402986, "id": 21}, {"weight": 1, "random_weight": 0.9740189312642654, "id": 44}], [{"weight": 1, "random_weight": 0.8396420981694322, "id": 7}, {"weight": 1, "random_weight": 0.5344808290696467, "id": 8}, {"weight": 1, "random_weight": 0.20956398894118267, "id": 13}, {"weight": 1, "random_weight": 0.34683606589070837, "id": 14}, {"weight": 1, "random_weight": 0.757385439162241, "id": 24}, {"weight": 1, "random_weight": 0.018714081725370257, "id": 57}], [{"weight": 1, "random_weight": 0.3618225671295773, "id": 11}, {"weight": 2, "random_weight": 0.5791060160394185, "id": 12}, {"weight": 1, "random_weight": 0.09649933569724323, "id": 44}, {"weight": 2, "random_weight": 0.47980620169382204, "id": 48}], [{"weight": 1, "random_weight": 0.08283113232089445, "id": 19}, {"weight": 1, "random_weight": 0.376887246240592, "id": 30}, {"weight": 1, "random_weight": 0.547078753081914, "id": 43}], [{"weight": 1, "random_weight": 0.19088449264227536, "id": 27}, {"weight": 1, "random_weight": 0.21093470104860135, "id": 28}, {"weight": 2, "random_weight": 0.37291792566544635, "id": 45}, {"weight": 1, "random_weight": 0.9914930480792374, "id": 61}, {"weight": 1, "random_weight": 0.960105660977289, "id": 63}], [{"weight": 1, "random_weight": 0.8384165454886098, "id": 35}, {"weight": 2, "random_weight": 0.9090669852279607, "id": 36}, {"weight": 1, "random_weight": 0.6266151973346673, "id": 54}, {"weight": 1, "random_weight": 0.5975773694895583, "id": 61}, {"weight": 1, "random_weight": 0.2104324021209697, "id": 63}], [{"weight": 1, "random_weight": 0.30906636596462256, "id": 30}, {"weight": 1, "random_weight": 0.547078753081914, "id": 40}, {"weight": 1, "random_weight": 0.7833334640269435, "id": 44}, {"weight": 1, "random_weight": 0.1095886299529224, "id": 48}], [{"weight": 1, "random_weight": 0.3488612139773015, "id": 12}, {"weight": 1, "random_weight": 0.9740189312642654, "id": 37}, {"weight": 1, "random_weight": 0.09649933569724323, "id": 39}, {"weight": 1, "random_weight": 0.7833334640269435, "id": 43}], [{"weight": 1, "random_weight": 0.5692674011395241, "id": 27}, {"weight": 2, "random_weight": 0.37291792566544635, "id": 41}, {"weight": 1, "random_weight": 0.04080956539606928, "id": 63}], [{"weight": 1, "random_weight": 0.8535784555977765, "id": 25}, {"weight": 1, "random_weight": 0.8855638233430222, "id": 26}, {"weight": 1, "random_weight": 0.5335939198353022, "id": 49}, {"weight": 1, "random_weight": 0.2436635527633052, "id": 53}, {"weight": 2, "random_weight": 0.7951010519914569, "id": 58}], [{"weight": 1, "random_weight": 0.5756194932932225, "id": 4}, {"weight": 2, "random_weight": 0.8580881739933326, "id": 31}, {"weight": 1, "random_weight": 0.8912147050832298, "id": 55}, {"weight": 1, "random_weight": 0.568171107564949, "id": 65}, {"weight": 1, "random_weight": 0.9224418562497516, "id": 71}], [{"weight": 1, "random_weight": 0.8011718573756026, "id": 29}, {"weight": 1, "random_weight": 0.8990410556425428, "id": 30}, {"weight": 2, "random_weight": 0.47980620169382204, "id": 39}, {"weight": 1, "random_weight": 0.1095886299529224, "id": 43}, {"weight": 1, "random_weight": 0.591530876382649, "id": 68}], [{"weight": 2, "random_weight": 0.35853335034879796, "id": 22}, {"weight": 1, "random_weight": 0.7894715558296089, "id": 26}, {"weight": 1, "random_weight": 0.6642141870559837, "id": 36}, {"weight": 1, "random_weight": 0.5335939198353022, "id": 46}, {"weight": 1, "random_weight": 0.9826732640713289, "id": 53}], [{"weight": 1, "random_weight": 0.411803959540436, "id": 2}, {"weight": 1, "random_weight": 0.868747470376145, "id": 6}, {"weight": 1, "random_weight": 0.3520049837068009, "id": 25}, {"weight": 1, "random_weight": 0.06594250946935665, "id": 34}, {"weight": 1, "random_weight": 0.3983945582110219, "id": 58}], [{"weight": 1, "random_weight": 0.46773772502131206, "id": 14}, {"weight": 1, "random_weight": 0.6919339244952121, "id": 20}, {"weight": 2, "random_weight": 0.024617647132105458, "id": 33}], [{"weight": 2, "random_weight": 0.3979343357288446, "id": 0}, {"weight": 2, "random_weight": 0.6841956609726807, "id": 31}, {"weight": 1, "random_weight": 0.5476264062156835, "id": 32}, {"weight": 1, "random_weight": 0.3406854651934649, "id": 67}], [{"weight": 1, "random_weight": 0.9222218248731612, "id": 36}, {"weight": 1, "random_weight": 0.2436635527633052, "id": 46}, {"weight": 1, "random_weight": 0.9826732640713289, "id": 49}, {"weight": 1, "random_weight": 0.6956748598474766, "id": 54}, {"weight": 2, "random_weight": 0.8495294097130595, "id": 69}], [{"weight": 1, "random_weight": 0.6266151973346673, "id": 42}, {"weight": 1, "random_weight": 0.6956748598474766, "id": 53}, {"weight": 2, "random_weight": 0.2457836692713673, "id": 65}, {"weight": 1, "random_weight": 0.15341773530161518, "id": 69}, {"weight": 1, "random_weight": 0.9097969964446998, "id": 71}], [{"weight": 1, "random_weight": 0.9457139188956568, "id": 3}, {"weight": 1, "random_weight": 0.8912147050832298, "id": 47}, {"weight": 2, "random_weight": 0.5155571208678975, "id": 70}, {"weight": 2, "random_weight": 0.03678324964131219, "id": 71}], [{"weight": 1, "random_weight": 0.7613394634762405, "id": 1}, {"weight": 1, "random_weight": 0.6785502532756862, "id": 20}, {"weight": 2, "random_weight": 0.526571381950277, "id": 59}, {"weight": 1, "random_weight": 0.523529485754057, "id": 67}], [{"weight": 1, "random_weight": 0.2693303877056591, "id": 5}, {"weight": 1, "random_weight": 0.7324025595154217, "id": 7}, {"weight": 2, "random_weight": 0.8928383989247178, "id": 32}, {"weight": 1, "random_weight": 0.6907399469982052, "id": 33}, {"weight": 1, "random_weight": 0.018714081725370257, "id": 38}], [{"weight": 1, "random_weight": 0.9532356173426424, "id": 2}, {"weight": 1, "random_weight": 0.4860413953997572, "id": 25}, {"weight": 2, "random_weight": 0.7951010519914569, "id": 46}, {"weight": 1, "random_weight": 0.3983945582110219, "id": 50}, {"weight": 1, "random_weight": 0.8919660943250276, "id": 69}], [{"weight": 2, "random_weight": 0.526571381950277, "id": 56}, {"weight": 2, "random_weight": 0.47625307321401367, "id": 60}, {"weight": 1, "random_weight": 0.8471066483833081, "id": 66}], [{"weight": 1, "random_weight": 0.394667227857176, "id": 9}, {"weight": 1, "random_weight": 0.6739211044150684, "id": 10}, {"weight": 1, "random_weight": 0.9691855453131478, "id": 28}, {"weight": 2, "random_weight": 0.47625307321401367, "id": 59}], [{"weight": 1, "random_weight": 0.41892596046572206, "id": 28}, {"weight": 1, "random_weight": 0.9914930480792374, "id": 41}, {"weight": 1, "random_weight": 0.5975773694895583, "id": 42}, {"weight": 1, "random_weight": 0.9810007718494543, "id": 62}, {"weight": 1, "random_weight": 0.1964015908656095, "id": 63}, {"weight": 1, "random_weight": 0.4243947342544194, "id": 65}], [{"weight": 1, "random_weight": 0.7155635182878752, "id": 31}, {"weight": 1, "random_weight": 0.9810007718494543, "id": 61}, {"weight": 2, "random_weight": 0.8044258129959362, "id": 65}, {"weight": 1, "random_weight": 0.20557230367848833, "id": 66}, {"weight": 1, "random_weight": 0.2758902122239465, "id": 67}], [{"weight": 1, "random_weight": 0.7069584197006572, "id": 35}, {"weight": 1, "random_weight": 0.960105660977289, "id": 41}, {"weight": 1, "random_weight": 0.2104324021209697, "id": 42}, {"weight": 1, "random_weight": 0.04080956539606928, "id": 45}, {"weight": 1, "random_weight": 0.1964015908656095, "id": 61}], [{"weight": 1, "random_weight": 0.8130843234354851, "id": 2}, {"weight": 1, "random_weight": 0.9757443325842676, "id": 6}, {"weight": 1, "random_weight": 0.14915442757848751, "id": 16}, {"weight": 1, "random_weight": 0.7540083871748744, "id": 29}, {"weight": 2, "random_weight": 0.8447518834599989, "id": 68}], [{"weight": 1, "random_weight": 0.568171107564949, "id": 47}, {"weight": 2, "random_weight": 0.2457836692713673, "id": 54}, {"weight": 1, "random_weight": 0.4243947342544194, "id": 61}, {"weight": 2, "random_weight": 0.8044258129959362, "id": 62}], [{"weight": 2, "random_weight": 0.7902150905124692, "id": 28}, {"weight": 1, "random_weight": 0.8471066483833081, "id": 59}, {"weight": 1, "random_weight": 0.20557230367848833, "id": 62}, {"weight": 2, "random_weight": 0.5596550850919173, "id": 67}], [{"weight": 1, "random_weight": 0.5208620041944612, "id": 0}, {"weight": 1, "random_weight": 0.3406854651934649, "id": 52}, {"weight": 1, "random_weight": 0.523529485754057, "id": 56}, {"weight": 1, "random_weight": 0.2758902122239465, "id": 62}, {"weight": 2, "random_weight": 0.5596550850919173, "id": 66}], [{"weight": 1, "random_weight": 0.15560400699174493, "id": 3}, {"weight": 1, "random_weight": 0.27440777483052303, "id": 11}, {"weight": 1, "random_weight": 0.591530876382649, "id": 48}, {"weight": 2, "random_weight": 0.8447518834599989, "id": 64}, {"weight": 1, "random_weight": 0.7926520171129391, "id": 70}], [{"weight": 1, "random_weight": 0.12785992762222598, "id": 3}, {"weight": 2, "random_weight": 0.8495294097130595, "id": 53}, {"weight": 1, "random_weight": 0.15341773530161518, "id": 54}, {"weight": 1, "random_weight": 0.8919660943250276, "id": 58}, {"weight": 1, "random_weight": 0.46499232703154036, "id": 71}], [{"weight": 1, "random_weight": 0.35977360338590714, "id": 4}, {"weight": 2, "random_weight": 0.420427735639619, "id": 11}, {"weight": 2, "random_weight": 0.5155571208678975, "id": 55}, {"weight": 1, "random_weight": 0.7926520171129391, "id": 68}], [{"weight": 1, "random_weight": 0.6419990223298335, "id": 3}, {"weight": 1, "random_weight": 0.9224418562497516, "id": 47}, {"weight": 1, "random_weight": 0.9097969964446998, "id": 54}, {"weight": 2, "random_weight": 0.03678324964131219, "id": 55}, {"weight": 1, "random_weight": 0.46499232703154036, "id": 69}]]}