{"directed": false, "multigraph": false, "graph": [], "nodes": [{"graph": null, "nnodes": 2, "nedges": 1, "density": 1.0, "atomics": "[80, 81]", "group_pop": 2, "init_part_assignment": 11, "id": 0}, {"graph": null, "nnodes": 2, "nedges": 1, "density": 1.0, "atomics": "[68, 69]", "group_pop": 2, "init_part_assignment": 10, "id": 1}, {"graph": null, "nnodes": 2, "nedges": 1, "density": 1.0, "atomics": "[82, 70]", "group_pop": 2, "init_part_assignment": 11, "id": 2}, {"graph": null, "nnodes": 2, "nedges": 1, "density": 1.0, "atomics": "[74, 75]", "group_pop": 2, "init_part_assignment": 2, "id": 3}, {"graph": null, "nnodes": 2, "nedges": 1, "density": 1.0, "atomics": "[42, 54]", "group_pop": 2, "init_part_assignment": 10, "id": 4}, {"graph": null, "nnodes": 2, "nedges": 1, "density": 1.0, "atomics": "[43, 44]", "group_pop": 2, "init_part_assignment": 10, "id": 5}, {"graph": null, "nnodes": 2, "nedges": 1, "density": 1.0, "atomics": "[73, 61]", "group_pop": 2, "init_part_assignment": 4, "id": 6}, {"graph": null, "nnodes": 2, "nedges": 1, "density": 1.0, "atomics": "[62, 63]", "group_pop": 2, "init_part_assignment": 4, "id": 7}, {"graph": null, "nnodes": 2, "nedges": 1, "density": 1.0, "atomics": "[32, 20]", "group_pop": 2, "init_part_assignment": 8, "id": 8}, {"graph": null, "nnodes": 2, "nedges": 1, "density": 1.0, "atomics": "[130, 142]", "group_pop": 2, "init_part_assignment": 9, "id": 9}, {"graph": null, "nnodes": 2, "nedges": 1, "density": 1.0, "atomics": "[131, 143]", "group_pop": 2, "init_part_assignment": 9, "id": 10}, {"graph": null, "nnodes": 2, "nedges": 1, "density": 1.0, "atomics": "[41, 53]", "group_pop": 2, "init_part_assignment": 7, "id": 11}, {"graph": null, "nnodes": 2, "nedges": 1, "density": 1.0, "atomics": "[17, 29]", "group_pop": 2, "init_part_assignment": 7, "id": 12}, {"graph": null, "nnodes": 2, "nedges": 1, "density": 1.0, "atomics": "[8, 9]", "group_pop": 2, "init_part_assignment": 6, "id": 13}, {"graph": null, "nnodes": 2, "nedges": 1, "density": 1.0, "atomics": "[34, 35]", "group_pop": 2, "init_part_assignment": 8, "id": 14}, {"graph": null, "nnodes": 2, "nedges": 1, "density": 1.0, "atomics": "[11, 23]", "group_pop": 2, "init_part_assignment": 6, "id": 15}, {"graph": null, "nnodes": 2, "nedges": 1, "density": 1.0, "atomics": "[48, 49]", "group_pop": 2, "init_part_assignment": 1, "id": 16}, {"graph": null, "nnodes": 2, "nedges": 1, "density": 1.0, "atomics": "[36, 37]", "group_pop": 2, "init_part_assignment": 1, "id": 17}, {"graph": null, "nnodes": 2, "nedges": 1, "density": 1.0, "atomics": "[120, 132]", "group_pop": 2, "init_part_assignment": 4, "id": 18}, {"graph": null, "nnodes": 2, "nedges": 1, "density": 1.0, "atomics": "[24, 25]", "group_pop": 2, "init_part_assignment": 1, "id": 19}, {"graph": null, "nnodes": 2, "nedges": 1, "density": 1.0, "atomics": "[19, 7]", "group_pop": 2, "init_part_assignment": 6, "id": 20}, {"graph": null, "nnodes": 2, "nedges": 1, "density": 1.0, "atomics": "[30, 31]", "group_pop": 2, "init_part_assignment": 6, "id": 21}, {"graph": null, "nnodes": 2, "nedges": 1, "density": 1.0, "atomics": "[83, 71]", "group_pop": 2, "init_part_assignment": 11, "id": 22}, {"graph": null, "nnodes": 2, "nedges": 1, "density": 1.0, "atomics": "[18, 6]", "group_pop": 2, "init_part_assignment": 6, "id": 23}, {"graph": null, "nnodes": 2, "nedges": 1, "density": 1.0, "atomics": "[123, 135]", "group_pop": 2, "init_part_assignment": 0, "id": 24}, {"graph": null, "nnodes": 2, "nedges": 1, "density": 1.0, "atomics": "[10, 22]", "group_pop": 2, "init_part_assignment": 6, "id": 25}, {"graph": null, "nnodes": 2, "nedges": 1, "density": 1.0, "atomics": "[96, 108]", "group_pop": 2, "init_part_assignment": 4, "id": 26}, {"graph": null, "nnodes": 2, "nedges": 1, "density": 1.0, "atomics": "[129, 117]", "group_pop": 2, "init_part_assignment": 9, "id": 27}, {"graph": null, "nnodes": 2, "nedges": 1, "density": 1.0, "atomics": "[1, 13]", "group_pop": 2, "init_part_assignment": 1, "id": 28}, {"graph": null, "nnodes": 2, "nedges": 1, "density": 1.0, "atomics": "[66, 67]", "group_pop": 2, "init_part_assignment": 10, "id": 29}, {"graph": null, "nnodes": 2, "nedges": 1, "density": 1.0, "atomics": "[91, 79]", "group_pop": 2, "init_part_assignment": 10, "id": 30}, {"graph": null, "nnodes": 2, "nedges": 1, "density": 1.0, "atomics": "[57, 45]", "group_pop": 2, "init_part_assignment": 8, "id": 31}, {"graph": null, "nnodes": 2, "nedges": 1, "density": 1.0, "atomics": "[58, 46]", "group_pop": 2, "init_part_assignment": 8, "id": 32}, {"graph": null, "nnodes": 2, "nedges": 1, "density": 1.0, "atomics": "[72, 60]", "group_pop": 2, "init_part_assignment": 1, "id": 33}, {"graph": null, "nnodes": 2, "nedges": 1, "density": 1.0, "atomics": "[136, 124]", "group_pop": 2, "init_part_assignment": 0, "id": 34}, {"graph": null, "nnodes": 2, "nedges": 1, "density": 1.0, "atomics": "[33, 21]", "group_pop": 2, "init_part_assignment": 8, "id": 35}, {"graph": null, "nnodes": 2, "nedges": 1, "density": 1.0, "atomics": "[40, 39]", "group_pop": 2, "init_part_assignment": 5, "id": 36}, {"graph": null, "nnodes": 2, "nedges": 1, "density": 1.0, "atomics": "[16, 28]", "group_pop": 2, "init_part_assignment": 5, "id": 37}, {"graph": null, "nnodes": 2, "nedges": 1, "density": 1.0, "atomics": "[0, 12]", "group_pop": 2, "init_part_assignment": 1, "id": 38}, {"graph": null, "nnodes": 2, "nedges": 1, "density": 1.0, "atomics": "[128, 116]", "group_pop": 2, "init_part_assignment": 3, "id": 39}, {"graph": null, "nnodes": 2, "nedges": 1, "density": 1.0, "atomics": "[133, 134]", "group_pop": 2, "init_part_assignment": 2, "id": 40}, {"graph": null, "nnodes": 2, "nedges": 1, "density": 1.0, "atomics": "[121, 122]", "group_pop": 2, "init_part_assignment": 2, "id": 41}, {"graph": null, "nnodes": 2, "nedges": 1, "density": 1.0, "atomics": "[112, 113]", "group_pop": 2, "init_part_assignment": 0, "id": 42}, {"graph": null, "nnodes": 2, "nedges": 1, "density": 1.0, "atomics": "[2, 14]", "group_pop": 2, "init_part_assignment": 5, "id": 43}, {"graph": null, "nnodes": 2, "nedges": 1, "density": 1.0, "atomics": "[4, 5]", "group_pop": 2, "init_part_assignment": 5, "id": 44}, {"graph": null, "nnodes": 2, "nedges": 1, "density": 1.0, "atomics": "[140, 141]", "group_pop": 2, "init_part_assignment": 9, "id": 45}, {"graph": null, "nnodes": 2, "nedges": 1, "density": 1.0, "atomics": "[3, 15]", "group_pop": 2, "init_part_assignment": 5, "id": 46}, {"graph": null, "nnodes": 2, "nedges": 1, "density": 1.0, "atomics": "[97, 109]", "group_pop": 2, "init_part_assignment": 2, "id": 47}, {"graph": null, "nnodes": 2, "nedges": 1, "density": 1.0, "atomics": "[137, 125]", "group_pop": 2, "init_part_assignment": 0, "id": 48}, {"graph": null, "nnodes": 2, "nedges": 1, "density": 1.0, "atomics": "[90, 78]", "group_pop": 2, "init_part_assignment": 3, "id": 49}, {"graph": null, "nnodes": 2, "nedges": 1, "density": 1.0, "atomics": "[110, 111]", "group_pop": 2, "init_part_assignment": 0, "id": 50}, {"graph": null, "nnodes": 2, "nedges": 1, "density": 1.0, "atomics": "[84, 85]", "group_pop": 2, "init_part_assignment": 4, "id": 51}, {"graph": null, "nnodes": 2, "nedges": 1, "density": 1.0, "atomics": "[59, 47]", "group_pop": 2, "init_part_assignment": 8, "id": 52}, {"graph": null, "nnodes": 2, "nedges": 1, "density": 1.0, "atomics": "[99, 100]", "group_pop": 2, "init_part_assignment": 0, "id": 53}, {"graph": null, "nnodes": 2, "nedges": 1, "density": 1.0, "atomics": "[89, 101]", "group_pop": 2, "init_part_assignment": 7, "id": 54}, {"graph": null, "nnodes": 2, "nedges": 1, "density": 1.0, "atomics": "[64, 76]", "group_pop": 2, "init_part_assignment": 2, "id": 55}, {"graph": null, "nnodes": 2, "nedges": 1, "density": 1.0, "atomics": "[139, 127]", "group_pop": 2, "init_part_assignment": 3, "id": 56}, {"graph": null, "nnodes": 2, "nedges": 1, "density": 1.0, "atomics": "[94, 95]", "group_pop": 2, "init_part_assignment": 11, "id": 57}, {"graph": null, "nnodes": 2, "nedges": 1, "density": 1.0, "atomics": "[56, 55]", "group_pop": 2, "init_part_assignment": 10, "id": 58}, {"graph": null, "nnodes": 2, "nedges": 1, "density": 1.0, "atomics": "[106, 107]", "group_pop": 2, "init_part_assignment": 9, "id": 59}, {"graph": null, "nnodes": 2, "nedges": 1, "density": 1.0, "atomics": "[118, 119]", "group_pop": 2, "init_part_assignment": 9, "id": 60}, {"graph": null, "nnodes": 2, "nedges": 1, "density": 1.0, "atomics": "[114, 115]", "group_pop": 2, "init_part_assignment": 3, "id": 61}, {"graph": null, "nnodes": 2, "nedges": 1, "density": 1.0, "atomics": "[102, 103]", "group_pop": 2, "init_part_assignment": 3, "id": 62}, {"graph": null, "nnodes": 2, "nedges": 1, "density": 1.0, "atomics": "[138, 126]", "group_pop": 2, "init_part_assignment": 3, "id": 63}, {"graph": null, "nnodes": 2, "nedges": 1, "density": 1.0, "atomics": "[50, 38]", "group_pop": 2, "init_part_assignment": 4, "id": 64}, {"graph": null, "nnodes": 2, "nedges": 1, "density": 1.0, "atomics": "[98, 86]", "group_pop": 2, "init_part_assignment": 2, "id": 65}, {"graph": null, "nnodes": 2, "nedges": 1, "density": 1.0, "atomics": "[105, 93]", "group_pop": 2, "init_part_assignment": 11, "id": 66}, {"graph": null, "nnodes": 2, "nedges": 1, "density": 1.0, "atomics": "[26, 27]", "group_pop": 2, "init_part_assignment": 5, "id": 67}, {"graph": null, "nnodes": 2, "nedges": 1, "density": 1.0, "atomics": "[88, 87]", "group_pop": 2, "init_part_assignment": 7, "id": 68}, {"graph": null, "nnodes": 2, "nedges": 1, "density": 1.0, "atomics": "[51, 52]", "group_pop": 2, "init_part_assignment": 7, "id": 69}, {"graph": null, "nnodes": 2, "nedges": 1, "density": 1.0, "atomics": "[104, 92]", "group_pop": 2, "init_part_assignment": 11, "id": 70}, {"graph": null, "nnodes": 2, "nedges": 1, "density": 1.0, "atomics": "[65, 77]", "group_pop": 2, "init_part_assignment": 7, "id": 71}], "adjacency": [[{"weight": 2, "random_weight": 0.16345199460788273, "id": 1}, {"weight": 1, "random_weight": 0.7183185560661264, "id": 2}, {"weight": 1, "random_weight": 0.5630849682743213, "id": 30}, {"weight": 1, "random_weight": 0.349761751486506, "id": 66}, {"weight": 1, "random_weight": 0.27512910195156315, "id": 70}], [{"weight": 2, "random_weight": 0.16345199460788273, "id": 0}, {"weight": 1, "random_weight": 0.7534681231007803, "id": 2}, {"weight": 1, "random_weight": 0.04401642488655144, "id": 29}, {"weight": 1, "random_weight": 0.6904748333109427, "id": 31}, {"weight": 1, "random_weight": 0.9946621427781841, "id": 58}], [{"weight": 1, "random_weight": 0.7183185560661264, "id": 0}, {"weight": 1, "random_weight": 0.7534681231007803, "id": 1}, {"weight": 2, "random_weight": 0.7205903365015924, "id": 22}, {"weight": 1, "random_weight": 0.7911967649222285, "id": 32}, {"weight": 1, "random_weight": 0.5495514639317509, "id": 57}], [{"weight": 1, "random_weight": 0.9978478970648003, "id": 6}, {"weight": 2, "random_weight": 0.5596474373495435, "id": 7}, {"weight": 1, "random_weight": 0.07563085090034138, "id": 55}, {"weight": 1, "random_weight": 0.4696931640555596, "id": 65}, {"weight": 1, "random_weight": 0.6923588621302273, "id": 68}], [{"weight": 1, "random_weight": 0.9456843593239662, "id": 5}, {"weight": 2, "random_weight": 0.6235963437472343, "id": 11}, {"weight": 1, "random_weight": 0.5518590697188303, "id": 21}, {"weight": 1, "random_weight": 0.13001267044125187, "id": 29}, {"weight": 1, "random_weight": 0.8515809136931739, "id": 58}], [{"weight": 1, "random_weight": 0.9456843593239662, "id": 4}, {"weight": 1, "random_weight": 0.61125674284002, "id": 8}, {"weight": 1, "random_weight": 0.6184504806497974, "id": 21}, {"weight": 1, "random_weight": 0.6559090409021727, "id": 31}, {"weight": 2, "random_weight": 0.9801062574604343, "id": 58}], [{"weight": 1, "random_weight": 0.9978478970648003, "id": 3}, {"weight": 1, "random_weight": 0.8106859659047239, "id": 7}, {"weight": 1, "random_weight": 0.8816341459516606, "id": 16}, {"weight": 2, "random_weight": 0.98654574363195, "id": 33}, {"weight": 1, "random_weight": 0.8467522731493777, "id": 51}], [{"weight": 2, "random_weight": 0.5596474373495435, "id": 3}, {"weight": 1, "random_weight": 0.8106859659047239, "id": 6}, {"weight": 1, "random_weight": 0.4408018599430743, "id": 55}, {"weight": 1, "random_weight": 0.2074238621468939, "id": 64}, {"weight": 1, "random_weight": 0.5227528216276478, "id": 69}], [{"weight": 1, "random_weight": 0.61125674284002, "id": 5}, {"weight": 1, "random_weight": 0.49578308641686575, "id": 13}, {"weight": 1, "random_weight": 0.7869092430949794, "id": 20}, {"weight": 1, "random_weight": 0.7022000944110706, "id": 21}, {"weight": 2, "random_weight": 0.28237351178172176, "id": 35}], [{"weight": 2, "random_weight": 0.3193450142150118, "id": 10}, {"weight": 1, "random_weight": 0.8219341324449069, "id": 27}, {"weight": 1, "random_weight": 0.3010353587770266, "id": 45}, {"weight": 1, "random_weight": 0.9825773409363456, "id": 60}], [{"weight": 2, "random_weight": 0.3193450142150118, "id": 9}, {"weight": 1, "random_weight": 0.4792939169029773, "id": 60}], [{"weight": 2, "random_weight": 0.6235963437472343, "id": 4}, {"weight": 1, "random_weight": 0.5065447388109968, "id": 12}, {"weight": 1, "random_weight": 0.6375754539055574, "id": 36}, {"weight": 1, "random_weight": 0.772607197920601, "id": 69}, {"weight": 1, "random_weight": 0.10814777509164342, "id": 71}], [{"weight": 1, "random_weight": 0.5065447388109968, "id": 11}, {"weight": 1, "random_weight": 0.6561081069147296, "id": 21}, {"weight": 1, "random_weight": 0.8172900814321259, "id": 23}, {"weight": 2, "random_weight": 0.805052321114405, "id": 37}, {"weight": 1, "random_weight": 0.0546921545039436, "id": 44}], [{"weight": 1, "random_weight": 0.49578308641686575, "id": 8}, {"weight": 1, "random_weight": 0.2786665707542063, "id": 20}, {"weight": 1, "random_weight": 0.21205628156914702, "id": 25}, {"weight": 1, "random_weight": 0.14625818924215084, "id": 35}], [{"weight": 1, "random_weight": 0.9513060882583597, "id": 15}, {"weight": 1, "random_weight": 0.639810376001038, "id": 25}, {"weight": 1, "random_weight": 0.20171095233100633, "id": 32}, {"weight": 1, "random_weight": 0.5489406741148956, "id": 35}, {"weight": 1, "random_weight": 0.6721798879421025, "id": 52}], [{"weight": 1, "random_weight": 0.9513060882583597, "id": 14}, {"weight": 2, "random_weight": 0.09211964794081984, "id": 25}], [{"weight": 1, "random_weight": 0.8816341459516606, "id": 6}, {"weight": 2, "random_weight": 0.24427531710764305, "id": 17}, {"weight": 1, "random_weight": 0.8482912839947157, "id": 33}, {"weight": 1, "random_weight": 0.929556298391224, "id": 64}], [{"weight": 2, "random_weight": 0.24427531710764305, "id": 16}, {"weight": 2, "random_weight": 0.1458514127624455, "id": 19}, {"weight": 1, "random_weight": 0.30210038566726183, "id": 64}], [{"weight": 1, "random_weight": 0.7678121526659445, "id": 26}, {"weight": 1, "random_weight": 0.9493208162408083, "id": 40}, {"weight": 1, "random_weight": 0.6964839650821196, "id": 41}], [{"weight": 2, "random_weight": 0.1458514127624455, "id": 17}, {"weight": 1, "random_weight": 0.40813817461874513, "id": 28}, {"weight": 1, "random_weight": 0.041073226607224234, "id": 38}, {"weight": 1, "random_weight": 0.4467306166289797, "id": 67}], [{"weight": 1, "random_weight": 0.7869092430949794, "id": 8}, {"weight": 1, "random_weight": 0.2786665707542063, "id": 13}, {"weight": 1, "random_weight": 0.5492468447169182, "id": 21}, {"weight": 2, "random_weight": 0.437529784209467, "id": 23}], [{"weight": 1, "random_weight": 0.5518590697188303, "id": 4}, {"weight": 1, "random_weight": 0.6184504806497974, "id": 5}, {"weight": 1, "random_weight": 0.7022000944110706, "id": 8}, {"weight": 1, "random_weight": 0.6561081069147296, "id": 12}, {"weight": 1, "random_weight": 0.5492468447169182, "id": 20}, {"weight": 1, "random_weight": 0.16638254960787446, "id": 23}], [{"weight": 2, "random_weight": 0.7205903365015924, "id": 2}, {"weight": 1, "random_weight": 0.022260541731318195, "id": 52}, {"weight": 1, "random_weight": 0.38594596407299375, "id": 57}], [{"weight": 1, "random_weight": 0.8172900814321259, "id": 12}, {"weight": 2, "random_weight": 0.437529784209467, "id": 20}, {"weight": 1, "random_weight": 0.16638254960787446, "id": 21}, {"weight": 1, "random_weight": 0.8545454197661467, "id": 44}], [{"weight": 2, "random_weight": 0.952702836398012, "id": 34}, {"weight": 1, "random_weight": 0.3852429352496728, "id": 40}, {"weight": 1, "random_weight": 0.4065112112627929, "id": 41}, {"weight": 1, "random_weight": 0.2498327246478138, "id": 50}], [{"weight": 1, "random_weight": 0.21205628156914702, "id": 13}, {"weight": 1, "random_weight": 0.639810376001038, "id": 14}, {"weight": 2, "random_weight": 0.09211964794081984, "id": 15}, {"weight": 1, "random_weight": 0.3119800774345015, "id": 35}], [{"weight": 1, "random_weight": 0.7678121526659445, "id": 18}, {"weight": 2, "random_weight": 0.844369583860117, "id": 47}, {"weight": 1, "random_weight": 0.09700216291849306, "id": 51}], [{"weight": 1, "random_weight": 0.8219341324449069, "id": 9}, {"weight": 2, "random_weight": 0.9303964888681852, "id": 39}, {"weight": 1, "random_weight": 0.5111707811995123, "id": 45}, {"weight": 1, "random_weight": 0.2634764507579067, "id": 60}, {"weight": 1, "random_weight": 0.7368024343059206, "id": 66}], [{"weight": 1, "random_weight": 0.40813817461874513, "id": 19}, {"weight": 2, "random_weight": 0.21146717028506035, "id": 38}, {"weight": 2, "random_weight": 0.5693844576853986, "id": 43}], [{"weight": 1, "random_weight": 0.04401642488655144, "id": 1}, {"weight": 1, "random_weight": 0.13001267044125187, "id": 4}, {"weight": 1, "random_weight": 0.477244412324776, "id": 30}, {"weight": 1, "random_weight": 0.26107293443315993, "id": 49}, {"weight": 1, "random_weight": 0.6425585342492464, "id": 58}, {"weight": 1, "random_weight": 0.11269061556131288, "id": 71}], [{"weight": 1, "random_weight": 0.5630849682743213, "id": 0}, {"weight": 1, "random_weight": 0.477244412324776, "id": 29}, {"weight": 2, "random_weight": 0.6075392375071555, "id": 49}, {"weight": 1, "random_weight": 0.3902980122719957, "id": 62}, {"weight": 1, "random_weight": 0.6851042145881981, "id": 70}], [{"weight": 1, "random_weight": 0.6904748333109427, "id": 1}, {"weight": 1, "random_weight": 0.6559090409021727, "id": 5}, {"weight": 2, "random_weight": 0.6312781718249981, "id": 32}, {"weight": 1, "random_weight": 0.5381127132758124, "id": 35}, {"weight": 1, "random_weight": 0.6159167236233313, "id": 58}], [{"weight": 1, "random_weight": 0.7911967649222285, "id": 2}, {"weight": 1, "random_weight": 0.20171095233100633, "id": 14}, {"weight": 2, "random_weight": 0.6312781718249981, "id": 31}, {"weight": 2, "random_weight": 0.5603342942243892, "id": 52}], [{"weight": 2, "random_weight": 0.98654574363195, "id": 6}, {"weight": 1, "random_weight": 0.8482912839947157, "id": 16}, {"weight": 1, "random_weight": 0.8717415611922192, "id": 51}], [{"weight": 2, "random_weight": 0.952702836398012, "id": 24}, {"weight": 1, "random_weight": 0.37637221824189915, "id": 42}, {"weight": 2, "random_weight": 0.29298475634935384, "id": 48}], [{"weight": 2, "random_weight": 0.28237351178172176, "id": 8}, {"weight": 1, "random_weight": 0.14625818924215084, "id": 13}, {"weight": 1, "random_weight": 0.5489406741148956, "id": 14}, {"weight": 1, "random_weight": 0.3119800774345015, "id": 25}, {"weight": 1, "random_weight": 0.5381127132758124, "id": 31}], [{"weight": 1, "random_weight": 0.6375754539055574, "id": 11}, {"weight": 1, "random_weight": 0.20465892535008823, "id": 37}, {"weight": 1, "random_weight": 0.6560263778747198, "id": 64}, {"weight": 1, "random_weight": 0.5972646462341519, "id": 67}, {"weight": 2, "random_weight": 0.9735528729144161, "id": 69}], [{"weight": 2, "random_weight": 0.805052321114405, "id": 12}, {"weight": 1, "random_weight": 0.20465892535008823, "id": 36}, {"weight": 1, "random_weight": 0.3455157299171454, "id": 44}, {"weight": 1, "random_weight": 0.13164635304559802, "id": 46}, {"weight": 1, "random_weight": 0.7709367701856696, "id": 67}], [{"weight": 1, "random_weight": 0.041073226607224234, "id": 19}, {"weight": 2, "random_weight": 0.21146717028506035, "id": 28}], [{"weight": 2, "random_weight": 0.9303964888681852, "id": 27}, {"weight": 1, "random_weight": 0.9047813323599925, "id": 45}, {"weight": 1, "random_weight": 0.693573010273329, "id": 56}, {"weight": 1, "random_weight": 0.46743950850636795, "id": 61}, {"weight": 1, "random_weight": 0.7982055605336438, "id": 70}], [{"weight": 1, "random_weight": 0.9493208162408083, "id": 18}, {"weight": 1, "random_weight": 0.3852429352496728, "id": 24}, {"weight": 2, "random_weight": 0.6676825537456972, "id": 41}], [{"weight": 1, "random_weight": 0.6964839650821196, "id": 18}, {"weight": 1, "random_weight": 0.4065112112627929, "id": 24}, {"weight": 2, "random_weight": 0.6676825537456972, "id": 40}, {"weight": 1, "random_weight": 0.650030066016294, "id": 47}, {"weight": 1, "random_weight": 0.3274086696676354, "id": 50}], [{"weight": 1, "random_weight": 0.37637221824189915, "id": 34}, {"weight": 1, "random_weight": 0.20110646879430505, "id": 48}, {"weight": 1, "random_weight": 0.6670805285112017, "id": 50}, {"weight": 1, "random_weight": 0.6438890872749458, "id": 53}, {"weight": 1, "random_weight": 0.8452055541103981, "id": 54}, {"weight": 1, "random_weight": 0.9650787090340065, "id": 61}], [{"weight": 2, "random_weight": 0.5693844576853986, "id": 28}, {"weight": 2, "random_weight": 0.4224928759950213, "id": 46}, {"weight": 1, "random_weight": 0.4851070498461054, "id": 67}], [{"weight": 1, "random_weight": 0.0546921545039436, "id": 12}, {"weight": 1, "random_weight": 0.8545454197661467, "id": 23}, {"weight": 1, "random_weight": 0.3455157299171454, "id": 37}, {"weight": 1, "random_weight": 0.5494813719759811, "id": 46}], [{"weight": 1, "random_weight": 0.3010353587770266, "id": 9}, {"weight": 1, "random_weight": 0.5111707811995123, "id": 27}, {"weight": 1, "random_weight": 0.9047813323599925, "id": 39}, {"weight": 1, "random_weight": 0.7332020991900016, "id": 56}], [{"weight": 1, "random_weight": 0.13164635304559802, "id": 37}, {"weight": 2, "random_weight": 0.4224928759950213, "id": 43}, {"weight": 1, "random_weight": 0.5494813719759811, "id": 44}, {"weight": 1, "random_weight": 0.22758223427723534, "id": 67}], [{"weight": 2, "random_weight": 0.844369583860117, "id": 26}, {"weight": 1, "random_weight": 0.650030066016294, "id": 41}, {"weight": 1, "random_weight": 0.9523571272565263, "id": 50}, {"weight": 1, "random_weight": 0.8817221892303865, "id": 51}, {"weight": 1, "random_weight": 0.21670718625523833, "id": 65}], [{"weight": 2, "random_weight": 0.29298475634935384, "id": 34}, {"weight": 1, "random_weight": 0.20110646879430505, "id": 42}, {"weight": 2, "random_weight": 0.686745888440657, "id": 63}], [{"weight": 1, "random_weight": 0.26107293443315993, "id": 29}, {"weight": 2, "random_weight": 0.6075392375071555, "id": 30}, {"weight": 1, "random_weight": 0.46960991429602517, "id": 54}, {"weight": 1, "random_weight": 0.2733109574528205, "id": 62}, {"weight": 1, "random_weight": 0.9959752628342127, "id": 71}], [{"weight": 1, "random_weight": 0.2498327246478138, "id": 24}, {"weight": 1, "random_weight": 0.3274086696676354, "id": 41}, {"weight": 1, "random_weight": 0.6670805285112017, "id": 42}, {"weight": 1, "random_weight": 0.9523571272565263, "id": 47}, {"weight": 1, "random_weight": 0.43452759171705757, "id": 53}, {"weight": 1, "random_weight": 0.779255791420467, "id": 65}], [{"weight": 1, "random_weight": 0.8467522731493777, "id": 6}, {"weight": 1, "random_weight": 0.09700216291849306, "id": 26}, {"weight": 1, "random_weight": 0.8717415611922192, "id": 33}, {"weight": 1, "random_weight": 0.8817221892303865, "id": 47}, {"weight": 1, "random_weight": 0.8895333490925184, "id": 65}], [{"weight": 1, "random_weight": 0.6721798879421025, "id": 14}, {"weight": 1, "random_weight": 0.022260541731318195, "id": 22}, {"weight": 2, "random_weight": 0.5603342942243892, "id": 32}], [{"weight": 1, "random_weight": 0.6438890872749458, "id": 42}, {"weight": 1, "random_weight": 0.43452759171705757, "id": 50}, {"weight": 1, "random_weight": 0.8067273508477982, "id": 54}, {"weight": 1, "random_weight": 0.853161485878007, "id": 65}, {"weight": 2, "random_weight": 0.7453978903819112, "id": 68}], [{"weight": 1, "random_weight": 0.8452055541103981, "id": 42}, {"weight": 1, "random_weight": 0.46960991429602517, "id": 49}, {"weight": 1, "random_weight": 0.8067273508477982, "id": 53}, {"weight": 1, "random_weight": 0.7607977851579859, "id": 62}, {"weight": 1, "random_weight": 0.9947043527376785, "id": 68}, {"weight": 1, "random_weight": 0.22502015608224024, "id": 71}], [{"weight": 1, "random_weight": 0.07563085090034138, "id": 3}, {"weight": 1, "random_weight": 0.4408018599430743, "id": 7}, {"weight": 1, "random_weight": 0.7522315240751507, "id": 68}, {"weight": 1, "random_weight": 0.48375384450052195, "id": 69}, {"weight": 2, "random_weight": 0.5855658925669637, "id": 71}], [{"weight": 1, "random_weight": 0.693573010273329, "id": 39}, {"weight": 1, "random_weight": 0.7332020991900016, "id": 45}, {"weight": 1, "random_weight": 0.4124463219483768, "id": 61}, {"weight": 2, "random_weight": 0.22862907714023528, "id": 63}], [{"weight": 1, "random_weight": 0.5495514639317509, "id": 2}, {"weight": 1, "random_weight": 0.38594596407299375, "id": 22}, {"weight": 2, "random_weight": 0.8318190228530531, "id": 59}, {"weight": 1, "random_weight": 0.5265688762983496, "id": 66}], [{"weight": 1, "random_weight": 0.9946621427781841, "id": 1}, {"weight": 1, "random_weight": 0.8515809136931739, "id": 4}, {"weight": 2, "random_weight": 0.9801062574604343, "id": 5}, {"weight": 1, "random_weight": 0.6425585342492464, "id": 29}, {"weight": 1, "random_weight": 0.6159167236233313, "id": 31}], [{"weight": 2, "random_weight": 0.8318190228530531, "id": 57}, {"weight": 2, "random_weight": 0.7107449756616762, "id": 60}, {"weight": 1, "random_weight": 0.915700392019975, "id": 66}], [{"weight": 1, "random_weight": 0.9825773409363456, "id": 9}, {"weight": 1, "random_weight": 0.4792939169029773, "id": 10}, {"weight": 1, "random_weight": 0.2634764507579067, "id": 27}, {"weight": 2, "random_weight": 0.7107449756616762, "id": 59}], [{"weight": 1, "random_weight": 0.46743950850636795, "id": 39}, {"weight": 1, "random_weight": 0.9650787090340065, "id": 42}, {"weight": 1, "random_weight": 0.4124463219483768, "id": 56}, {"weight": 2, "random_weight": 0.6520255479848985, "id": 62}, {"weight": 1, "random_weight": 0.16285058188397994, "id": 63}], [{"weight": 1, "random_weight": 0.3902980122719957, "id": 30}, {"weight": 1, "random_weight": 0.2733109574528205, "id": 49}, {"weight": 1, "random_weight": 0.7607977851579859, "id": 54}, {"weight": 2, "random_weight": 0.6520255479848985, "id": 61}, {"weight": 1, "random_weight": 0.5260218334225158, "id": 70}], [{"weight": 2, "random_weight": 0.686745888440657, "id": 48}, {"weight": 2, "random_weight": 0.22862907714023528, "id": 56}, {"weight": 1, "random_weight": 0.16285058188397994, "id": 61}], [{"weight": 1, "random_weight": 0.2074238621468939, "id": 7}, {"weight": 1, "random_weight": 0.929556298391224, "id": 16}, {"weight": 1, "random_weight": 0.30210038566726183, "id": 17}, {"weight": 1, "random_weight": 0.6560263778747198, "id": 36}, {"weight": 1, "random_weight": 0.3015950218738249, "id": 67}, {"weight": 1, "random_weight": 0.8611229623243086, "id": 69}], [{"weight": 1, "random_weight": 0.4696931640555596, "id": 3}, {"weight": 1, "random_weight": 0.21670718625523833, "id": 47}, {"weight": 1, "random_weight": 0.779255791420467, "id": 50}, {"weight": 1, "random_weight": 0.8895333490925184, "id": 51}, {"weight": 1, "random_weight": 0.853161485878007, "id": 53}, {"weight": 1, "random_weight": 0.8446693399923741, "id": 68}], [{"weight": 1, "random_weight": 0.349761751486506, "id": 0}, {"weight": 1, "random_weight": 0.7368024343059206, "id": 27}, {"weight": 1, "random_weight": 0.5265688762983496, "id": 57}, {"weight": 1, "random_weight": 0.915700392019975, "id": 59}, {"weight": 2, "random_weight": 0.8119802734016798, "id": 70}], [{"weight": 1, "random_weight": 0.4467306166289797, "id": 19}, {"weight": 1, "random_weight": 0.5972646462341519, "id": 36}, {"weight": 1, "random_weight": 0.7709367701856696, "id": 37}, {"weight": 1, "random_weight": 0.4851070498461054, "id": 43}, {"weight": 1, "random_weight": 0.22758223427723534, "id": 46}, {"weight": 1, "random_weight": 0.3015950218738249, "id": 64}], [{"weight": 1, "random_weight": 0.6923588621302273, "id": 3}, {"weight": 2, "random_weight": 0.7453978903819112, "id": 53}, {"weight": 1, "random_weight": 0.9947043527376785, "id": 54}, {"weight": 1, "random_weight": 0.7522315240751507, "id": 55}, {"weight": 1, "random_weight": 0.8446693399923741, "id": 65}], [{"weight": 1, "random_weight": 0.5227528216276478, "id": 7}, {"weight": 1, "random_weight": 0.772607197920601, "id": 11}, {"weight": 2, "random_weight": 0.9735528729144161, "id": 36}, {"weight": 1, "random_weight": 0.48375384450052195, "id": 55}, {"weight": 1, "random_weight": 0.8611229623243086, "id": 64}], [{"weight": 1, "random_weight": 0.27512910195156315, "id": 0}, {"weight": 1, "random_weight": 0.6851042145881981, "id": 30}, {"weight": 1, "random_weight": 0.7982055605336438, "id": 39}, {"weight": 1, "random_weight": 0.5260218334225158, "id": 62}, {"weight": 2, "random_weight": 0.8119802734016798, "id": 66}], [{"weight": 1, "random_weight": 0.10814777509164342, "id": 11}, {"weight": 1, "random_weight": 0.11269061556131288, "id": 29}, {"weight": 1, "random_weight": 0.9959752628342127, "id": 49}, {"weight": 1, "random_weight": 0.22502015608224024, "id": 54}, {"weight": 2, "random_weight": 0.5855658925669637, "id": 55}]]}