{"directed": false, "multigraph": false, "graph": [], "nodes": [{"graph": null, "nnodes": 2, "nedges": 1, "density": 1.0, "atomics": "[80, 81]", "group_pop": 2, "init_part_assignment": 9, "id": 0}, {"graph": null, "nnodes": 2, "nedges": 1, "density": 1.0, "atomics": "[57, 69]", "group_pop": 2, "init_part_assignment": 6, "id": 1}, {"graph": null, "nnodes": 2, "nedges": 1, "density": 1.0, "atomics": "[82, 94]", "group_pop": 2, "init_part_assignment": 9, "id": 2}, {"graph": null, "nnodes": 2, "nedges": 1, "density": 1.0, "atomics": "[70, 71]", "group_pop": 2, "init_part_assignment": 6, "id": 3}, {"graph": null, "nnodes": 2, "nedges": 1, "density": 1.0, "atomics": "[73, 74]", "group_pop": 2, "init_part_assignment": 11, "id": 4}, {"graph": null, "nnodes": 2, "nedges": 1, "density": 1.0, "atomics": "[75, 87]", "group_pop": 2, "init_part_assignment": 11, "id": 5}, {"graph": null, "nnodes": 2, "nedges": 1, "density": 1.0, "atomics": "[42, 30]", "group_pop": 2, "init_part_assignment": 5, "id": 6}, {"graph": null, "nnodes": 2, "nedges": 1, "density": 1.0, "atomics": "[43, 44]", "group_pop": 2, "init_part_assignment": 5, "id": 7}, {"graph": null, "nnodes": 2, "nedges": 1, "density": 1.0, "atomics": "[61, 62]", "group_pop": 2, "init_part_assignment": 11, "id": 8}, {"graph": null, "nnodes": 2, "nedges": 1, "density": 1.0, "atomics": "[32, 31]", "group_pop": 2, "init_part_assignment": 5, "id": 9}, {"graph": null, "nnodes": 2, "nedges": 1, "density": 1.0, "atomics": "[19, 20]", "group_pop": 2, "init_part_assignment": 5, "id": 10}, {"graph": null, "nnodes": 2, "nedges": 1, "density": 1.0, "atomics": "[141, 142]", "group_pop": 2, "init_part_assignment": 0, "id": 11}, {"graph": null, "nnodes": 2, "nedges": 1, "density": 1.0, "atomics": "[131, 143]", "group_pop": 2, "init_part_assignment": 0, "id": 12}, {"graph": null, "nnodes": 2, "nedges": 1, "density": 1.0, "atomics": "[40, 41]", "group_pop": 2, "init_part_assignment": 1, "id": 13}, {"graph": null, "nnodes": 2, "nedges": 1, "density": 1.0, "atomics": "[17, 29]", "group_pop": 2, "init_part_assignment": 1, "id": 14}, {"graph": null, "nnodes": 2, "nedges": 1, "density": 1.0, "atomics": "[8, 7]", "group_pop": 2, "init_part_assignment": 4, "id": 15}, {"graph": null, "nnodes": 2, "nedges": 1, "density": 1.0, "atomics": "[9, 21]", "group_pop": 2, "init_part_assignment": 4, "id": 16}, {"graph": null, "nnodes": 2, "nedges": 1, "density": 1.0, "atomics": "[34, 22]", "group_pop": 2, "init_part_assignment": 4, "id": 17}, {"graph": null, "nnodes": 2, "nedges": 1, "density": 1.0, "atomics": "[35, 23]", "group_pop": 2, "init_part_assignment": 4, "id": 18}, {"graph": null, "nnodes": 2, "nedges": 1, "density": 1.0, "atomics": "[10, 11]", "group_pop": 2, "init_part_assignment": 4, "id": 19}, {"graph": null, "nnodes": 2, "nedges": 1, "density": 1.0, "atomics": "[49, 50]", "group_pop": 2, "init_part_assignment": 8, "id": 20}, {"graph": null, "nnodes": 2, "nedges": 1, "density": 1.0, "atomics": "[36, 37]", "group_pop": 2, "init_part_assignment": 2, "id": 21}, {"graph": null, "nnodes": 2, "nedges": 1, "density": 1.0, "atomics": "[120, 132]", "group_pop": 2, "init_part_assignment": 7, "id": 22}, {"graph": null, "nnodes": 2, "nedges": 1, "density": 1.0, "atomics": "[24, 12]", "group_pop": 2, "init_part_assignment": 2, "id": 23}, {"graph": null, "nnodes": 2, "nedges": 1, "density": 1.0, "atomics": "[129, 130]", "group_pop": 2, "init_part_assignment": 0, "id": 24}, {"graph": null, "nnodes": 2, "nedges": 1, "density": 1.0, "atomics": "[83, 95]", "group_pop": 2, "init_part_assignment": 9, "id": 25}, {"graph": null, "nnodes": 2, "nedges": 1, "density": 1.0, "atomics": "[18, 6]", "group_pop": 2, "init_part_assignment": 5, "id": 26}, {"graph": null, "nnodes": 2, "nedges": 1, "density": 1.0, "atomics": "[123, 124]", "group_pop": 2, "init_part_assignment": 7, "id": 27}, {"graph": null, "nnodes": 2, "nedges": 1, "density": 1.0, "atomics": "[136, 135]", "group_pop": 2, "init_part_assignment": 7, "id": 28}, {"graph": null, "nnodes": 2, "nedges": 1, "density": 1.0, "atomics": "[96, 108]", "group_pop": 2, "init_part_assignment": 8, "id": 29}, {"graph": null, "nnodes": 2, "nedges": 1, "density": 1.0, "atomics": "[116, 117]", "group_pop": 2, "init_part_assignment": 0, "id": 30}, {"graph": null, "nnodes": 2, "nedges": 1, "density": 1.0, "atomics": "[25, 26]", "group_pop": 2, "init_part_assignment": 2, "id": 31}, {"graph": null, "nnodes": 2, "nedges": 1, "density": 1.0, "atomics": "[13, 14]", "group_pop": 2, "init_part_assignment": 2, "id": 32}, {"graph": null, "nnodes": 2, "nedges": 1, "density": 1.0, "atomics": "[67, 68]", "group_pop": 2, "init_part_assignment": 6, "id": 33}, {"graph": null, "nnodes": 2, "nedges": 1, "density": 1.0, "atomics": "[91, 79]", "group_pop": 2, "init_part_assignment": 10, "id": 34}, {"graph": null, "nnodes": 2, "nedges": 1, "density": 1.0, "atomics": "[58, 59]", "group_pop": 2, "init_part_assignment": 6, "id": 35}, {"graph": null, "nnodes": 2, "nedges": 1, "density": 1.0, "atomics": "[48, 60]", "group_pop": 2, "init_part_assignment": 8, "id": 36}, {"graph": null, "nnodes": 2, "nedges": 1, "density": 1.0, "atomics": "[33, 45]", "group_pop": 2, "init_part_assignment": 5, "id": 37}, {"graph": null, "nnodes": 2, "nedges": 1, "density": 1.0, "atomics": "[16, 28]", "group_pop": 2, "init_part_assignment": 1, "id": 38}, {"graph": null, "nnodes": 2, "nedges": 1, "density": 1.0, "atomics": "[0, 1]", "group_pop": 2, "init_part_assignment": 1, "id": 39}, {"graph": null, "nnodes": 2, "nedges": 1, "density": 1.0, "atomics": "[128, 140]", "group_pop": 2, "init_part_assignment": 0, "id": 40}, {"graph": null, "nnodes": 2, "nedges": 1, "density": 1.0, "atomics": "[133, 134]", "group_pop": 2, "init_part_assignment": 7, "id": 41}, {"graph": null, "nnodes": 2, "nedges": 1, "density": 1.0, "atomics": "[121, 122]", "group_pop": 2, "init_part_assignment": 7, "id": 42}, {"graph": null, "nnodes": 2, "nedges": 1, "density": 1.0, "atomics": "[112, 100]", "group_pop": 2, "init_part_assignment": 3, "id": 43}, {"graph": null, "nnodes": 2, "nedges": 1, "density": 1.0, "atomics": "[113, 114]", "group_pop": 2, "init_part_assignment": 3, "id": 44}, {"graph": null, "nnodes": 2, "nedges": 1, "density": 1.0, "atomics": "[2, 3]", "group_pop": 2, "init_part_assignment": 1, "id": 45}, {"graph": null, "nnodes": 2, "nedges": 1, "density": 1.0, "atomics": "[4, 5]", "group_pop": 2, "init_part_assignment": 1, "id": 46}, {"graph": null, "nnodes": 2, "nedges": 1, "density": 1.0, "atomics": "[97, 85]", "group_pop": 2, "init_part_assignment": 8, "id": 47}, {"graph": null, "nnodes": 2, "nedges": 1, "density": 1.0, "atomics": "[109, 110]", "group_pop": 2, "init_part_assignment": 7, "id": 48}, {"graph": null, "nnodes": 2, "nedges": 1, "density": 1.0, "atomics": "[137, 125]", "group_pop": 2, "init_part_assignment": 3, "id": 49}, {"graph": null, "nnodes": 2, "nedges": 1, "density": 1.0, "atomics": "[66, 54]", "group_pop": 2, "init_part_assignment": 6, "id": 50}, {"graph": null, "nnodes": 2, "nedges": 1, "density": 1.0, "atomics": "[77, 78]", "group_pop": 2, "init_part_assignment": 10, "id": 51}, {"graph": null, "nnodes": 2, "nedges": 1, "density": 1.0, "atomics": "[27, 15]", "group_pop": 2, "init_part_assignment": 2, "id": 52}, {"graph": null, "nnodes": 2, "nedges": 1, "density": 1.0, "atomics": "[99, 111]", "group_pop": 2, "init_part_assignment": 11, "id": 53}, {"graph": null, "nnodes": 2, "nedges": 1, "density": 1.0, "atomics": "[72, 84]", "group_pop": 2, "init_part_assignment": 8, "id": 54}, {"graph": null, "nnodes": 2, "nedges": 1, "density": 1.0, "atomics": "[46, 47]", "group_pop": 2, "init_part_assignment": 4, "id": 55}, {"graph": null, "nnodes": 2, "nedges": 1, "density": 1.0, "atomics": "[89, 101]", "group_pop": 2, "init_part_assignment": 3, "id": 56}, {"graph": null, "nnodes": 2, "nedges": 1, "density": 1.0, "atomics": "[64, 52]", "group_pop": 2, "init_part_assignment": 11, "id": 57}, {"graph": null, "nnodes": 2, "nedges": 1, "density": 1.0, "atomics": "[51, 63]", "group_pop": 2, "init_part_assignment": 11, "id": 58}, {"graph": null, "nnodes": 2, "nedges": 1, "density": 1.0, "atomics": "[138, 139]", "group_pop": 2, "init_part_assignment": 0, "id": 59}, {"graph": null, "nnodes": 2, "nedges": 1, "density": 1.0, "atomics": "[126, 127]", "group_pop": 2, "init_part_assignment": 3, "id": 60}, {"graph": null, "nnodes": 2, "nedges": 1, "density": 1.0, "atomics": "[56, 55]", "group_pop": 2, "init_part_assignment": 6, "id": 61}, {"graph": null, "nnodes": 2, "nedges": 1, "density": 1.0, "atomics": "[107, 119]", "group_pop": 2, "init_part_assignment": 9, "id": 62}, {"graph": null, "nnodes": 2, "nedges": 1, "density": 1.0, "atomics": "[115, 103]", "group_pop": 2, "init_part_assignment": 10, "id": 63}, {"graph": null, "nnodes": 2, "nedges": 1, "density": 1.0, "atomics": "[38, 39]", "group_pop": 2, "init_part_assignment": 2, "id": 64}, {"graph": null, "nnodes": 2, "nedges": 1, "density": 1.0, "atomics": "[98, 86]", "group_pop": 2, "init_part_assignment": 8, "id": 65}, {"graph": null, "nnodes": 2, "nedges": 1, "density": 1.0, "atomics": "[90, 102]", "group_pop": 2, "init_part_assignment": 3, "id": 66}, {"graph": null, "nnodes": 2, "nedges": 1, "density": 1.0, "atomics": "[106, 118]", "group_pop": 2, "init_part_assignment": 9, "id": 67}, {"graph": null, "nnodes": 2, "nedges": 1, "density": 1.0, "atomics": "[105, 93]", "group_pop": 2, "init_part_assignment": 9, "id": 68}, {"graph": null, "nnodes": 2, "nedges": 1, "density": 1.0, "atomics": "[104, 92]", "group_pop": 2, "init_part_assignment": 10, "id": 69}, {"graph": null, "nnodes": 2, "nedges": 1, "density": 1.0, "atomics": "[65, 53]", "group_pop": 2, "init_part_assignment": 10, "id": 70}, {"graph": null, "nnodes": 2, "nedges": 1, "density": 1.0, "atomics": "[88, 76]", "group_pop": 2, "init_part_assignment": 10, "id": 71}], "adjacency": [[{"weight": 1, "random_weight": 0.8890752608297491, "id": 1}, {"weight": 1, "random_weight": 0.5026471116407905, "id": 2}, {"weight": 1, "random_weight": 0.9798804677518935, "id": 33}, {"weight": 1, "random_weight": 0.36977496462348447, "id": 34}, {"weight": 1, "random_weight": 0.4354409060771982, "id": 68}, {"weight": 1, "random_weight": 0.8862735747554565, "id": 69}], [{"weight": 1, "random_weight": 0.8890752608297491, "id": 0}, {"weight": 1, "random_weight": 0.2738032570555624, "id": 3}, {"weight": 1, "random_weight": 0.5267576078221371, "id": 33}, {"weight": 1, "random_weight": 0.6953710439918886, "id": 35}, {"weight": 1, "random_weight": 0.22636821991383183, "id": 37}, {"weight": 1, "random_weight": 0.1391571758600002, "id": 61}], [{"weight": 1, "random_weight": 0.5026471116407905, "id": 0}, {"weight": 1, "random_weight": 0.7169676268238762, "id": 3}, {"weight": 2, "random_weight": 0.9174237249787319, "id": 25}, {"weight": 1, "random_weight": 0.1329267784971273, "id": 67}, {"weight": 1, "random_weight": 0.854206943035514, "id": 68}], [{"weight": 1, "random_weight": 0.2738032570555624, "id": 1}, {"weight": 1, "random_weight": 0.7169676268238762, "id": 2}, {"weight": 1, "random_weight": 0.9914389358924645, "id": 25}, {"weight": 2, "random_weight": 0.8667055175381632, "id": 35}], [{"weight": 1, "random_weight": 0.5361551829585097, "id": 5}, {"weight": 2, "random_weight": 0.024836641938743798, "id": 8}, {"weight": 1, "random_weight": 0.5327710690127612, "id": 47}, {"weight": 1, "random_weight": 0.6809677053150105, "id": 54}, {"weight": 1, "random_weight": 0.996604510050617, "id": 65}], [{"weight": 1, "random_weight": 0.5361551829585097, "id": 4}, {"weight": 1, "random_weight": 0.9624137228558821, "id": 53}, {"weight": 1, "random_weight": 0.24543447422997833, "id": 58}, {"weight": 1, "random_weight": 0.036255065523285834, "id": 65}, {"weight": 2, "random_weight": 0.7800919826942879, "id": 71}], [{"weight": 1, "random_weight": 0.14820334878505448, "id": 7}, {"weight": 1, "random_weight": 0.44901675958821585, "id": 9}, {"weight": 1, "random_weight": 0.8090559672213857, "id": 13}, {"weight": 1, "random_weight": 0.9939196859237509, "id": 14}, {"weight": 1, "random_weight": 0.004431966946798704, "id": 26}, {"weight": 1, "random_weight": 0.7206909709926327, "id": 50}], [{"weight": 1, "random_weight": 0.14820334878505448, "id": 6}, {"weight": 2, "random_weight": 0.12427159268567711, "id": 9}, {"weight": 1, "random_weight": 0.5013546443086335, "id": 37}, {"weight": 2, "random_weight": 0.8876673513098977, "id": 61}], [{"weight": 2, "random_weight": 0.024836641938743798, "id": 4}, {"weight": 2, "random_weight": 0.5210463698621408, "id": 20}, {"weight": 1, "random_weight": 0.9888964418436605, "id": 36}, {"weight": 1, "random_weight": 0.5726717349794237, "id": 58}], [{"weight": 1, "random_weight": 0.44901675958821585, "id": 6}, {"weight": 2, "random_weight": 0.12427159268567711, "id": 7}, {"weight": 2, "random_weight": 0.8298248578072038, "id": 10}, {"weight": 1, "random_weight": 0.4782402063131467, "id": 37}], [{"weight": 2, "random_weight": 0.8298248578072038, "id": 9}, {"weight": 2, "random_weight": 0.6797874347025388, "id": 15}, {"weight": 1, "random_weight": 0.7834906304427428, "id": 16}, {"weight": 1, "random_weight": 0.9712795070228636, "id": 26}], [{"weight": 1, "random_weight": 0.6071250656317686, "id": 12}, {"weight": 2, "random_weight": 0.9209049931215257, "id": 24}, {"weight": 1, "random_weight": 0.40543986147258837, "id": 40}], [{"weight": 1, "random_weight": 0.6071250656317686, "id": 11}, {"weight": 1, "random_weight": 0.7003455197991414, "id": 24}, {"weight": 1, "random_weight": 0.8610836154920019, "id": 62}], [{"weight": 1, "random_weight": 0.8090559672213857, "id": 6}, {"weight": 1, "random_weight": 0.31005427924874795, "id": 14}, {"weight": 1, "random_weight": 0.6192803972550809, "id": 38}, {"weight": 1, "random_weight": 0.7482705741581895, "id": 57}, {"weight": 1, "random_weight": 0.36440444300743124, "id": 64}, {"weight": 1, "random_weight": 0.8771163910909037, "id": 70}], [{"weight": 1, "random_weight": 0.9939196859237509, "id": 6}, {"weight": 1, "random_weight": 0.31005427924874795, "id": 13}, {"weight": 1, "random_weight": 0.5445339941664828, "id": 26}, {"weight": 2, "random_weight": 0.31683921358702505, "id": 38}, {"weight": 1, "random_weight": 0.6200806478665458, "id": 46}], [{"weight": 2, "random_weight": 0.6797874347025388, "id": 10}, {"weight": 1, "random_weight": 0.13234339858885902, "id": 16}, {"weight": 1, "random_weight": 0.6031239745241752, "id": 26}], [{"weight": 1, "random_weight": 0.7834906304427428, "id": 10}, {"weight": 1, "random_weight": 0.13234339858885902, "id": 15}, {"weight": 1, "random_weight": 0.4499114364023473, "id": 17}, {"weight": 1, "random_weight": 0.10203465614813323, "id": 19}, {"weight": 1, "random_weight": 0.40213780146604805, "id": 37}], [{"weight": 1, "random_weight": 0.4499114364023473, "id": 16}, {"weight": 2, "random_weight": 0.5229357837440289, "id": 18}, {"weight": 1, "random_weight": 0.10914943657900811, "id": 19}, {"weight": 1, "random_weight": 0.912383677905546, "id": 37}, {"weight": 1, "random_weight": 0.2914760787315419, "id": 55}], [{"weight": 2, "random_weight": 0.5229357837440289, "id": 17}, {"weight": 1, "random_weight": 0.025580242279485743, "id": 19}, {"weight": 1, "random_weight": 0.28125026633366557, "id": 55}], [{"weight": 1, "random_weight": 0.10203465614813323, "id": 16}, {"weight": 1, "random_weight": 0.10914943657900811, "id": 17}, {"weight": 1, "random_weight": 0.025580242279485743, "id": 18}], [{"weight": 2, "random_weight": 0.5210463698621408, "id": 8}, {"weight": 1, "random_weight": 0.6934360586138898, "id": 21}, {"weight": 1, "random_weight": 0.1270608551181337, "id": 36}, {"weight": 1, "random_weight": 0.5228530626486032, "id": 58}, {"weight": 1, "random_weight": 0.47172430019400213, "id": 64}], [{"weight": 1, "random_weight": 0.6934360586138898, "id": 20}, {"weight": 1, "random_weight": 0.8269999412646318, "id": 23}, {"weight": 1, "random_weight": 0.7938701581042185, "id": 31}, {"weight": 1, "random_weight": 0.7341557512109328, "id": 36}, {"weight": 1, "random_weight": 0.49777213116291885, "id": 64}], [{"weight": 1, "random_weight": 0.37178637713003726, "id": 29}, {"weight": 1, "random_weight": 0.6975163181672888, "id": 41}, {"weight": 1, "random_weight": 0.10884115199454414, "id": 42}], [{"weight": 1, "random_weight": 0.8269999412646318, "id": 21}, {"weight": 1, "random_weight": 0.46945447155501885, "id": 31}, {"weight": 1, "random_weight": 0.26445916308831907, "id": 32}, {"weight": 1, "random_weight": 0.9385201302923172, "id": 39}], [{"weight": 2, "random_weight": 0.9209049931215257, "id": 11}, {"weight": 1, "random_weight": 0.7003455197991414, "id": 12}, {"weight": 1, "random_weight": 0.5867194613126087, "id": 30}, {"weight": 1, "random_weight": 0.4842257718939802, "id": 40}, {"weight": 1, "random_weight": 0.7383219390091437, "id": 67}], [{"weight": 2, "random_weight": 0.9174237249787319, "id": 2}, {"weight": 1, "random_weight": 0.9914389358924645, "id": 3}, {"weight": 1, "random_weight": 0.7105815111666098, "id": 62}], [{"weight": 1, "random_weight": 0.004431966946798704, "id": 6}, {"weight": 1, "random_weight": 0.9712795070228636, "id": 10}, {"weight": 1, "random_weight": 0.5445339941664828, "id": 14}, {"weight": 1, "random_weight": 0.6031239745241752, "id": 15}, {"weight": 1, "random_weight": 0.8629834741547967, "id": 46}], [{"weight": 2, "random_weight": 0.9326811629309573, "id": 28}, {"weight": 1, "random_weight": 0.39319488177060646, "id": 42}, {"weight": 1, "random_weight": 0.734806175592714, "id": 43}, {"weight": 1, "random_weight": 0.891323203873784, "id": 49}, {"weight": 1, "random_weight": 0.7227573483727368, "id": 53}], [{"weight": 2, "random_weight": 0.9326811629309573, "id": 27}, {"weight": 1, "random_weight": 0.6339495302133449, "id": 41}, {"weight": 1, "random_weight": 0.8398436913708824, "id": 49}], [{"weight": 1, "random_weight": 0.37178637713003726, "id": 22}, {"weight": 1, "random_weight": 0.35922150419123045, "id": 47}, {"weight": 1, "random_weight": 0.5032701009613524, "id": 48}, {"weight": 1, "random_weight": 0.14383912198539595, "id": 54}], [{"weight": 1, "random_weight": 0.5867194613126087, "id": 24}, {"weight": 1, "random_weight": 0.3378944507082121, "id": 40}, {"weight": 1, "random_weight": 0.4438552864437717, "id": 63}, {"weight": 1, "random_weight": 0.6264425700726888, "id": 67}, {"weight": 1, "random_weight": 0.2842768162700169, "id": 68}, {"weight": 1, "random_weight": 0.04821221782196983, "id": 69}], [{"weight": 1, "random_weight": 0.7938701581042185, "id": 21}, {"weight": 1, "random_weight": 0.46945447155501885, "id": 23}, {"weight": 2, "random_weight": 0.05510523969887604, "id": 32}, {"weight": 1, "random_weight": 0.9867777433876184, "id": 52}, {"weight": 1, "random_weight": 0.9757440486578822, "id": 64}], [{"weight": 1, "random_weight": 0.26445916308831907, "id": 23}, {"weight": 2, "random_weight": 0.05510523969887604, "id": 31}, {"weight": 1, "random_weight": 0.46639291922808934, "id": 39}, {"weight": 1, "random_weight": 0.05178985756395771, "id": 45}, {"weight": 1, "random_weight": 0.6650051477056803, "id": 52}], [{"weight": 1, "random_weight": 0.9798804677518935, "id": 0}, {"weight": 1, "random_weight": 0.5267576078221371, "id": 1}, {"weight": 1, "random_weight": 0.4779591697488781, "id": 34}, {"weight": 1, "random_weight": 0.18285648727195836, "id": 50}, {"weight": 2, "random_weight": 0.09969022675397443, "id": 61}], [{"weight": 1, "random_weight": 0.36977496462348447, "id": 0}, {"weight": 1, "random_weight": 0.4779591697488781, "id": 33}, {"weight": 1, "random_weight": 0.9539688905581692, "id": 51}, {"weight": 1, "random_weight": 0.6292638374881616, "id": 63}, {"weight": 1, "random_weight": 0.6506358257080888, "id": 66}, {"weight": 1, "random_weight": 0.8422778881445872, "id": 69}], [{"weight": 1, "random_weight": 0.6953710439918886, "id": 1}, {"weight": 2, "random_weight": 0.8667055175381632, "id": 3}, {"weight": 2, "random_weight": 0.7638534104571467, "id": 55}], [{"weight": 1, "random_weight": 0.9888964418436605, "id": 8}, {"weight": 1, "random_weight": 0.1270608551181337, "id": 20}, {"weight": 1, "random_weight": 0.7341557512109328, "id": 21}, {"weight": 1, "random_weight": 0.2970401540833598, "id": 54}], [{"weight": 1, "random_weight": 0.22636821991383183, "id": 1}, {"weight": 1, "random_weight": 0.5013546443086335, "id": 7}, {"weight": 1, "random_weight": 0.4782402063131467, "id": 9}, {"weight": 1, "random_weight": 0.40213780146604805, "id": 16}, {"weight": 1, "random_weight": 0.912383677905546, "id": 17}, {"weight": 1, "random_weight": 0.6587599137383264, "id": 55}], [{"weight": 1, "random_weight": 0.6192803972550809, "id": 13}, {"weight": 2, "random_weight": 0.31683921358702505, "id": 14}, {"weight": 1, "random_weight": 0.3298590166983235, "id": 46}, {"weight": 2, "random_weight": 0.7176289305507189, "id": 52}], [{"weight": 1, "random_weight": 0.9385201302923172, "id": 23}, {"weight": 1, "random_weight": 0.46639291922808934, "id": 32}, {"weight": 1, "random_weight": 0.4327028099869744, "id": 45}], [{"weight": 1, "random_weight": 0.40543986147258837, "id": 11}, {"weight": 1, "random_weight": 0.4842257718939802, "id": 24}, {"weight": 1, "random_weight": 0.3378944507082121, "id": 30}, {"weight": 1, "random_weight": 0.20174327033357642, "id": 59}, {"weight": 1, "random_weight": 0.8189410028076776, "id": 60}], [{"weight": 1, "random_weight": 0.6975163181672888, "id": 22}, {"weight": 1, "random_weight": 0.6339495302133449, "id": 28}, {"weight": 2, "random_weight": 0.5600853435045023, "id": 42}], [{"weight": 1, "random_weight": 0.10884115199454414, "id": 22}, {"weight": 1, "random_weight": 0.39319488177060646, "id": 27}, {"weight": 2, "random_weight": 0.5600853435045023, "id": 41}, {"weight": 2, "random_weight": 0.04935997866482633, "id": 48}], [{"weight": 1, "random_weight": 0.734806175592714, "id": 27}, {"weight": 1, "random_weight": 0.03404286663119327, "id": 44}, {"weight": 2, "random_weight": 0.6907335608699253, "id": 53}, {"weight": 1, "random_weight": 0.9645426459570627, "id": 56}, {"weight": 1, "random_weight": 0.5253942442556115, "id": 71}], [{"weight": 1, "random_weight": 0.03404286663119327, "id": 43}, {"weight": 1, "random_weight": 0.44474724025667356, "id": 49}, {"weight": 1, "random_weight": 0.9739826254855036, "id": 56}, {"weight": 1, "random_weight": 0.1888751493830898, "id": 60}, {"weight": 1, "random_weight": 0.08426282600069046, "id": 63}, {"weight": 1, "random_weight": 0.03775810493331333, "id": 66}], [{"weight": 1, "random_weight": 0.05178985756395771, "id": 32}, {"weight": 1, "random_weight": 0.4327028099869744, "id": 39}, {"weight": 1, "random_weight": 0.11356469397182145, "id": 46}, {"weight": 1, "random_weight": 0.9760815675581702, "id": 52}], [{"weight": 1, "random_weight": 0.6200806478665458, "id": 14}, {"weight": 1, "random_weight": 0.8629834741547967, "id": 26}, {"weight": 1, "random_weight": 0.3298590166983235, "id": 38}, {"weight": 1, "random_weight": 0.11356469397182145, "id": 45}], [{"weight": 1, "random_weight": 0.5327710690127612, "id": 4}, {"weight": 1, "random_weight": 0.35922150419123045, "id": 29}, {"weight": 1, "random_weight": 0.5581307294224545, "id": 48}, {"weight": 1, "random_weight": 0.4153465422532142, "id": 54}, {"weight": 2, "random_weight": 0.2007169865605012, "id": 65}], [{"weight": 1, "random_weight": 0.5032701009613524, "id": 29}, {"weight": 2, "random_weight": 0.04935997866482633, "id": 42}, {"weight": 1, "random_weight": 0.5581307294224545, "id": 47}, {"weight": 1, "random_weight": 0.3978071703677375, "id": 53}, {"weight": 1, "random_weight": 0.026397190060676645, "id": 65}], [{"weight": 1, "random_weight": 0.891323203873784, "id": 27}, {"weight": 1, "random_weight": 0.8398436913708824, "id": 28}, {"weight": 1, "random_weight": 0.44474724025667356, "id": 44}, {"weight": 1, "random_weight": 0.634116653514626, "id": 59}, {"weight": 1, "random_weight": 0.4307308302267334, "id": 60}], [{"weight": 1, "random_weight": 0.7206909709926327, "id": 6}, {"weight": 1, "random_weight": 0.18285648727195836, "id": 33}, {"weight": 1, "random_weight": 0.9607621855412396, "id": 51}, {"weight": 1, "random_weight": 0.16865229482864774, "id": 61}, {"weight": 2, "random_weight": 0.5216083689453748, "id": 70}], [{"weight": 1, "random_weight": 0.9539688905581692, "id": 34}, {"weight": 1, "random_weight": 0.9607621855412396, "id": 50}, {"weight": 1, "random_weight": 0.8467740728534686, "id": 56}, {"weight": 1, "random_weight": 0.9428003368535155, "id": 66}, {"weight": 1, "random_weight": 0.21202455215309135, "id": 70}, {"weight": 1, "random_weight": 0.4182693281525225, "id": 71}], [{"weight": 1, "random_weight": 0.9867777433876184, "id": 31}, {"weight": 1, "random_weight": 0.6650051477056803, "id": 32}, {"weight": 2, "random_weight": 0.7176289305507189, "id": 38}, {"weight": 1, "random_weight": 0.9760815675581702, "id": 45}, {"weight": 1, "random_weight": 0.894146997004346, "id": 64}], [{"weight": 1, "random_weight": 0.9624137228558821, "id": 5}, {"weight": 1, "random_weight": 0.7227573483727368, "id": 27}, {"weight": 2, "random_weight": 0.6907335608699253, "id": 43}, {"weight": 1, "random_weight": 0.3978071703677375, "id": 48}, {"weight": 1, "random_weight": 0.6463945779972757, "id": 65}], [{"weight": 1, "random_weight": 0.6809677053150105, "id": 4}, {"weight": 1, "random_weight": 0.14383912198539595, "id": 29}, {"weight": 1, "random_weight": 0.2970401540833598, "id": 36}, {"weight": 1, "random_weight": 0.4153465422532142, "id": 47}], [{"weight": 1, "random_weight": 0.2914760787315419, "id": 17}, {"weight": 1, "random_weight": 0.28125026633366557, "id": 18}, {"weight": 2, "random_weight": 0.7638534104571467, "id": 35}, {"weight": 1, "random_weight": 0.6587599137383264, "id": 37}], [{"weight": 1, "random_weight": 0.9645426459570627, "id": 43}, {"weight": 1, "random_weight": 0.9739826254855036, "id": 44}, {"weight": 1, "random_weight": 0.8467740728534686, "id": 51}, {"weight": 2, "random_weight": 0.21013899022569882, "id": 66}, {"weight": 1, "random_weight": 0.34093769381334427, "id": 71}], [{"weight": 1, "random_weight": 0.7482705741581895, "id": 13}, {"weight": 2, "random_weight": 0.3866142062167669, "id": 58}, {"weight": 2, "random_weight": 0.05624346392009916, "id": 70}, {"weight": 1, "random_weight": 0.5573503017500641, "id": 71}], [{"weight": 1, "random_weight": 0.24543447422997833, "id": 5}, {"weight": 1, "random_weight": 0.5726717349794237, "id": 8}, {"weight": 1, "random_weight": 0.5228530626486032, "id": 20}, {"weight": 2, "random_weight": 0.3866142062167669, "id": 57}, {"weight": 1, "random_weight": 0.11518030211139874, "id": 64}], [{"weight": 1, "random_weight": 0.20174327033357642, "id": 40}, {"weight": 1, "random_weight": 0.634116653514626, "id": 49}, {"weight": 2, "random_weight": 0.47459795918807557, "id": 60}], [{"weight": 1, "random_weight": 0.8189410028076776, "id": 40}, {"weight": 1, "random_weight": 0.1888751493830898, "id": 44}, {"weight": 1, "random_weight": 0.4307308302267334, "id": 49}, {"weight": 2, "random_weight": 0.47459795918807557, "id": 59}, {"weight": 1, "random_weight": 0.8024324055857559, "id": 63}], [{"weight": 1, "random_weight": 0.1391571758600002, "id": 1}, {"weight": 2, "random_weight": 0.8876673513098977, "id": 7}, {"weight": 2, "random_weight": 0.09969022675397443, "id": 33}, {"weight": 1, "random_weight": 0.16865229482864774, "id": 50}], [{"weight": 1, "random_weight": 0.8610836154920019, "id": 12}, {"weight": 1, "random_weight": 0.7105815111666098, "id": 25}, {"weight": 2, "random_weight": 0.3793923310689784, "id": 67}], [{"weight": 1, "random_weight": 0.4438552864437717, "id": 30}, {"weight": 1, "random_weight": 0.6292638374881616, "id": 34}, {"weight": 1, "random_weight": 0.08426282600069046, "id": 44}, {"weight": 1, "random_weight": 0.8024324055857559, "id": 60}, {"weight": 1, "random_weight": 0.6903529964737223, "id": 66}, {"weight": 1, "random_weight": 0.6174769841151048, "id": 69}], [{"weight": 1, "random_weight": 0.36440444300743124, "id": 13}, {"weight": 1, "random_weight": 0.47172430019400213, "id": 20}, {"weight": 1, "random_weight": 0.49777213116291885, "id": 21}, {"weight": 1, "random_weight": 0.9757440486578822, "id": 31}, {"weight": 1, "random_weight": 0.894146997004346, "id": 52}, {"weight": 1, "random_weight": 0.11518030211139874, "id": 58}], [{"weight": 1, "random_weight": 0.996604510050617, "id": 4}, {"weight": 1, "random_weight": 0.036255065523285834, "id": 5}, {"weight": 2, "random_weight": 0.2007169865605012, "id": 47}, {"weight": 1, "random_weight": 0.026397190060676645, "id": 48}, {"weight": 1, "random_weight": 0.6463945779972757, "id": 53}], [{"weight": 1, "random_weight": 0.6506358257080888, "id": 34}, {"weight": 1, "random_weight": 0.03775810493331333, "id": 44}, {"weight": 1, "random_weight": 0.9428003368535155, "id": 51}, {"weight": 2, "random_weight": 0.21013899022569882, "id": 56}, {"weight": 1, "random_weight": 0.6903529964737223, "id": 63}], [{"weight": 1, "random_weight": 0.1329267784971273, "id": 2}, {"weight": 1, "random_weight": 0.7383219390091437, "id": 24}, {"weight": 1, "random_weight": 0.6264425700726888, "id": 30}, {"weight": 2, "random_weight": 0.3793923310689784, "id": 62}, {"weight": 1, "random_weight": 0.6379915638326318, "id": 68}], [{"weight": 1, "random_weight": 0.4354409060771982, "id": 0}, {"weight": 1, "random_weight": 0.854206943035514, "id": 2}, {"weight": 1, "random_weight": 0.2842768162700169, "id": 30}, {"weight": 1, "random_weight": 0.6379915638326318, "id": 67}, {"weight": 2, "random_weight": 0.7261025877186067, "id": 69}], [{"weight": 1, "random_weight": 0.8862735747554565, "id": 0}, {"weight": 1, "random_weight": 0.04821221782196983, "id": 30}, {"weight": 1, "random_weight": 0.8422778881445872, "id": 34}, {"weight": 1, "random_weight": 0.6174769841151048, "id": 63}, {"weight": 2, "random_weight": 0.7261025877186067, "id": 68}], [{"weight": 1, "random_weight": 0.8771163910909037, "id": 13}, {"weight": 2, "random_weight": 0.5216083689453748, "id": 50}, {"weight": 1, "random_weight": 0.21202455215309135, "id": 51}, {"weight": 2, "random_weight": 0.05624346392009916, "id": 57}], [{"weight": 2, "random_weight": 0.7800919826942879, "id": 5}, {"weight": 1, "random_weight": 0.5253942442556115, "id": 43}, {"weight": 1, "random_weight": 0.4182693281525225, "id": 51}, {"weight": 1, "random_weight": 0.34093769381334427, "id": 56}, {"weight": 1, "random_weight": 0.5573503017500641, "id": 57}]]}