{"directed": false, "multigraph": false, "graph": [], "nodes": [{"graph": null, "nnodes": 2, "nedges": 1, "density": 1.0, "atomics": "[81, 69]", "group_pop": 2, "init_part_assignment": 5, "id": 0}, {"graph": null, "nnodes": 2, "nedges": 1, "density": 1.0, "atomics": "[82, 70]", "group_pop": 2, "init_part_assignment": 5, "id": 1}, {"graph": null, "nnodes": 2, "nedges": 1, "density": 1.0, "atomics": "[74, 75]", "group_pop": 2, "init_part_assignment": 11, "id": 2}, {"graph": null, "nnodes": 2, "nedges": 1, "density": 1.0, "atomics": "[42, 43]", "group_pop": 2, "init_part_assignment": 1, "id": 3}, {"graph": null, "nnodes": 2, "nedges": 1, "density": 1.0, "atomics": "[49, 61]", "group_pop": 2, "init_part_assignment": 9, "id": 4}, {"graph": null, "nnodes": 2, "nedges": 1, "density": 1.0, "atomics": "[62, 63]", "group_pop": 2, "init_part_assignment": 9, "id": 5}, {"graph": null, "nnodes": 2, "nedges": 1, "density": 1.0, "atomics": "[32, 44]", "group_pop": 2, "init_part_assignment": 1, "id": 6}, {"graph": null, "nnodes": 2, "nedges": 1, "density": 1.0, "atomics": "[8, 20]", "group_pop": 2, "init_part_assignment": 1, "id": 7}, {"graph": null, "nnodes": 2, "nedges": 1, "density": 1.0, "atomics": "[130, 142]", "group_pop": 2, "init_part_assignment": 4, "id": 8}, {"graph": null, "nnodes": 2, "nedges": 1, "density": 1.0, "atomics": "[131, 143]", "group_pop": 2, "init_part_assignment": 4, "id": 9}, {"graph": null, "nnodes": 2, "nedges": 1, "density": 1.0, "atomics": "[41, 53]", "group_pop": 2, "init_part_assignment": 1, "id": 10}, {"graph": null, "nnodes": 2, "nedges": 1, "density": 1.0, "atomics": "[28, 29]", "group_pop": 2, "init_part_assignment": 7, "id": 11}, {"graph": null, "nnodes": 2, "nedges": 1, "density": 1.0, "atomics": "[9, 21]", "group_pop": 2, "init_part_assignment": 0, "id": 12}, {"graph": null, "nnodes": 2, "nedges": 1, "density": 1.0, "atomics": "[34, 35]", "group_pop": 2, "init_part_assignment": 0, "id": 13}, {"graph": null, "nnodes": 2, "nedges": 1, "density": 1.0, "atomics": "[10, 11]", "group_pop": 2, "init_part_assignment": 0, "id": 14}, {"graph": null, "nnodes": 2, "nedges": 1, "density": 1.0, "atomics": "[22, 23]", "group_pop": 2, "init_part_assignment": 0, "id": 15}, {"graph": null, "nnodes": 2, "nedges": 1, "density": 1.0, "atomics": "[36, 37]", "group_pop": 2, "init_part_assignment": 9, "id": 16}, {"graph": null, "nnodes": 2, "nedges": 1, "density": 1.0, "atomics": "[120, 132]", "group_pop": 2, "init_part_assignment": 10, "id": 17}, {"graph": null, "nnodes": 2, "nedges": 1, "density": 1.0, "atomics": "[24, 12]", "group_pop": 2, "init_part_assignment": 6, "id": 18}, {"graph": null, "nnodes": 2, "nedges": 1, "density": 1.0, "atomics": "[19, 31]", "group_pop": 2, "init_part_assignment": 1, "id": 19}, {"graph": null, "nnodes": 2, "nedges": 1, "density": 1.0, "atomics": "[83, 95]", "group_pop": 2, "init_part_assignment": 4, "id": 20}, {"graph": null, "nnodes": 2, "nedges": 1, "density": 1.0, "atomics": "[59, 71]", "group_pop": 2, "init_part_assignment": 0, "id": 21}, {"graph": null, "nnodes": 2, "nedges": 1, "density": 1.0, "atomics": "[18, 30]", "group_pop": 2, "init_part_assignment": 7, "id": 22}, {"graph": null, "nnodes": 2, "nedges": 1, "density": 1.0, "atomics": "[122, 123]", "group_pop": 2, "init_part_assignment": 3, "id": 23}, {"graph": null, "nnodes": 2, "nedges": 1, "density": 1.0, "atomics": "[134, 135]", "group_pop": 2, "init_part_assignment": 3, "id": 24}, {"graph": null, "nnodes": 2, "nedges": 1, "density": 1.0, "atomics": "[96, 108]", "group_pop": 2, "init_part_assignment": 10, "id": 25}, {"graph": null, "nnodes": 2, "nedges": 1, "density": 1.0, "atomics": "[129, 141]", "group_pop": 2, "init_part_assignment": 2, "id": 26}, {"graph": null, "nnodes": 2, "nedges": 1, "density": 1.0, "atomics": "[105, 117]", "group_pop": 2, "init_part_assignment": 2, "id": 27}, {"graph": null, "nnodes": 2, "nedges": 1, "density": 1.0, "atomics": "[25, 13]", "group_pop": 2, "init_part_assignment": 6, "id": 28}, {"graph": null, "nnodes": 2, "nedges": 1, "density": 1.0, "atomics": "[67, 79]", "group_pop": 2, "init_part_assignment": 5, "id": 29}, {"graph": null, "nnodes": 2, "nedges": 1, "density": 1.0, "atomics": "[57, 58]", "group_pop": 2, "init_part_assignment": 5, "id": 30}, {"graph": null, "nnodes": 2, "nedges": 1, "density": 1.0, "atomics": "[48, 60]", "group_pop": 2, "init_part_assignment": 9, "id": 31}, {"graph": null, "nnodes": 2, "nedges": 1, "density": 1.0, "atomics": "[136, 137]", "group_pop": 2, "init_part_assignment": 3, "id": 32}, {"graph": null, "nnodes": 2, "nedges": 1, "density": 1.0, "atomics": "[124, 125]", "group_pop": 2, "init_part_assignment": 3, "id": 33}, {"graph": null, "nnodes": 2, "nedges": 1, "density": 1.0, "atomics": "[6, 7]", "group_pop": 2, "init_part_assignment": 7, "id": 34}, {"graph": null, "nnodes": 2, "nedges": 1, "density": 1.0, "atomics": "[33, 45]", "group_pop": 2, "init_part_assignment": 1, "id": 35}, {"graph": null, "nnodes": 2, "nedges": 1, "density": 1.0, "atomics": "[40, 52]", "group_pop": 2, "init_part_assignment": 7, "id": 36}, {"graph": null, "nnodes": 2, "nedges": 1, "density": 1.0, "atomics": "[0, 1]", "group_pop": 2, "init_part_assignment": 6, "id": 37}, {"graph": null, "nnodes": 2, "nedges": 1, "density": 1.0, "atomics": "[128, 116]", "group_pop": 2, "init_part_assignment": 2, "id": 38}, {"graph": null, "nnodes": 2, "nedges": 1, "density": 1.0, "atomics": "[121, 133]", "group_pop": 2, "init_part_assignment": 10, "id": 39}, {"graph": null, "nnodes": 2, "nedges": 1, "density": 1.0, "atomics": "[112, 100]", "group_pop": 2, "init_part_assignment": 3, "id": 40}, {"graph": null, "nnodes": 2, "nedges": 1, "density": 1.0, "atomics": "[113, 101]", "group_pop": 2, "init_part_assignment": 8, "id": 41}, {"graph": null, "nnodes": 2, "nedges": 1, "density": 1.0, "atomics": "[2, 3]", "group_pop": 2, "init_part_assignment": 6, "id": 42}, {"graph": null, "nnodes": 2, "nedges": 1, "density": 1.0, "atomics": "[17, 5]", "group_pop": 2, "init_part_assignment": 7, "id": 43}, {"graph": null, "nnodes": 2, "nedges": 1, "density": 1.0, "atomics": "[139, 140]", "group_pop": 2, "init_part_assignment": 2, "id": 44}, {"graph": null, "nnodes": 2, "nedges": 1, "density": 1.0, "atomics": "[16, 4]", "group_pop": 2, "init_part_assignment": 7, "id": 45}, {"graph": null, "nnodes": 2, "nedges": 1, "density": 1.0, "atomics": "[97, 109]", "group_pop": 2, "init_part_assignment": 10, "id": 46}, {"graph": null, "nnodes": 2, "nedges": 1, "density": 1.0, "atomics": "[66, 78]", "group_pop": 2, "init_part_assignment": 8, "id": 47}, {"graph": null, "nnodes": 2, "nedges": 1, "density": 1.0, "atomics": "[27, 15]", "group_pop": 2, "init_part_assignment": 6, "id": 48}, {"graph": null, "nnodes": 2, "nedges": 1, "density": 1.0, "atomics": "[98, 110]", "group_pop": 2, "init_part_assignment": 11, "id": 49}, {"graph": null, "nnodes": 2, "nedges": 1, "density": 1.0, "atomics": "[99, 111]", "group_pop": 2, "init_part_assignment": 11, "id": 50}, {"graph": null, "nnodes": 2, "nedges": 1, "density": 1.0, "atomics": "[72, 73]", "group_pop": 2, "init_part_assignment": 10, "id": 51}, {"graph": null, "nnodes": 2, "nedges": 1, "density": 1.0, "atomics": "[84, 85]", "group_pop": 2, "init_part_assignment": 10, "id": 52}, {"graph": null, "nnodes": 2, "nedges": 1, "density": 1.0, "atomics": "[46, 47]", "group_pop": 2, "init_part_assignment": 0, "id": 53}, {"graph": null, "nnodes": 2, "nedges": 1, "density": 1.0, "atomics": "[80, 92]", "group_pop": 2, "init_part_assignment": 5, "id": 54}, {"graph": null, "nnodes": 2, "nedges": 1, "density": 1.0, "atomics": "[56, 68]", "group_pop": 2, "init_part_assignment": 5, "id": 55}, {"graph": null, "nnodes": 2, "nedges": 1, "density": 1.0, "atomics": "[64, 65]", "group_pop": 2, "init_part_assignment": 11, "id": 56}, {"graph": null, "nnodes": 2, "nedges": 1, "density": 1.0, "atomics": "[115, 127]", "group_pop": 2, "init_part_assignment": 2, "id": 57}, {"graph": null, "nnodes": 2, "nedges": 1, "density": 1.0, "atomics": "[93, 94]", "group_pop": 2, "init_part_assignment": 4, "id": 58}, {"graph": null, "nnodes": 2, "nedges": 1, "density": 1.0, "atomics": "[107, 119]", "group_pop": 2, "init_part_assignment": 4, "id": 59}, {"graph": null, "nnodes": 2, "nedges": 1, "density": 1.0, "atomics": "[54, 55]", "group_pop": 2, "init_part_assignment": 8, "id": 60}, {"graph": null, "nnodes": 2, "nedges": 1, "density": 1.0, "atomics": "[104, 103]", "group_pop": 2, "init_part_assignment": 2, "id": 61}, {"graph": null, "nnodes": 2, "nedges": 1, "density": 1.0, "atomics": "[138, 126]", "group_pop": 2, "init_part_assignment": 3, "id": 62}, {"graph": null, "nnodes": 2, "nedges": 1, "density": 1.0, "atomics": "[50, 51]", "group_pop": 2, "init_part_assignment": 9, "id": 63}, {"graph": null, "nnodes": 2, "nedges": 1, "density": 1.0, "atomics": "[38, 39]", "group_pop": 2, "init_part_assignment": 9, "id": 64}, {"graph": null, "nnodes": 2, "nedges": 1, "density": 1.0, "atomics": "[86, 87]", "group_pop": 2, "init_part_assignment": 11, "id": 65}, {"graph": null, "nnodes": 2, "nedges": 1, "density": 1.0, "atomics": "[114, 102]", "group_pop": 2, "init_part_assignment": 8, "id": 66}, {"graph": null, "nnodes": 2, "nedges": 1, "density": 1.0, "atomics": "[106, 118]", "group_pop": 2, "init_part_assignment": 4, "id": 67}, {"graph": null, "nnodes": 2, "nedges": 1, "density": 1.0, "atomics": "[26, 14]", "group_pop": 2, "init_part_assignment": 6, "id": 68}, {"graph": null, "nnodes": 2, "nedges": 1, "density": 1.0, "atomics": "[88, 76]", "group_pop": 2, "init_part_assignment": 11, "id": 69}, {"graph": null, "nnodes": 2, "nedges": 1, "density": 1.0, "atomics": "[89, 77]", "group_pop": 2, "init_part_assignment": 8, "id": 70}, {"graph": null, "nnodes": 2, "nedges": 1, "density": 1.0, "atomics": "[90, 91]", "group_pop": 2, "init_part_assignment": 8, "id": 71}], "adjacency": [[{"weight": 2, "random_weight": 0.7245728183718168, "id": 1}, {"weight": 1, "random_weight": 0.3912081473201727, "id": 30}, {"weight": 1, "random_weight": 0.5631609662893519, "id": 54}, {"weight": 1, "random_weight": 0.9048891628302511, "id": 55}, {"weight": 1, "random_weight": 0.5898798810887034, "id": 58}], [{"weight": 2, "random_weight": 0.7245728183718168, "id": 0}, {"weight": 1, "random_weight": 0.28645223051086244, "id": 20}, {"weight": 1, "random_weight": 0.028772510184069122, "id": 21}, {"weight": 1, "random_weight": 0.4095801525637628, "id": 30}, {"weight": 1, "random_weight": 0.4371024660405147, "id": 58}], [{"weight": 2, "random_weight": 0.4858505896461781, "id": 5}, {"weight": 1, "random_weight": 0.5898032083116121, "id": 51}, {"weight": 2, "random_weight": 0.1566638761641258, "id": 65}, {"weight": 1, "random_weight": 0.5761934677775675, "id": 69}], [{"weight": 1, "random_weight": 0.0239395830364455, "id": 6}, {"weight": 1, "random_weight": 0.2269249797026618, "id": 10}, {"weight": 1, "random_weight": 0.9385338018426078, "id": 19}, {"weight": 1, "random_weight": 0.9482351518010725, "id": 22}, {"weight": 2, "random_weight": 0.9600321798476685, "id": 60}], [{"weight": 1, "random_weight": 0.10013666371922758, "id": 5}, {"weight": 1, "random_weight": 0.8805086498897235, "id": 16}, {"weight": 2, "random_weight": 0.5042801256878067, "id": 31}, {"weight": 1, "random_weight": 0.2609640770287637, "id": 51}, {"weight": 1, "random_weight": 0.19986569735407778, "id": 63}], [{"weight": 2, "random_weight": 0.4858505896461781, "id": 2}, {"weight": 1, "random_weight": 0.10013666371922758, "id": 4}, {"weight": 1, "random_weight": 0.9208992382461809, "id": 56}, {"weight": 2, "random_weight": 0.6192817331480757, "id": 63}], [{"weight": 1, "random_weight": 0.0239395830364455, "id": 3}, {"weight": 1, "random_weight": 0.5107141306501228, "id": 7}, {"weight": 1, "random_weight": 0.8104173415561348, "id": 19}, {"weight": 2, "random_weight": 0.7245569698222752, "id": 35}, {"weight": 1, "random_weight": 0.6789469586241819, "id": 55}], [{"weight": 1, "random_weight": 0.5107141306501228, "id": 6}, {"weight": 2, "random_weight": 0.46218326380503894, "id": 12}, {"weight": 1, "random_weight": 0.1376869507415911, "id": 19}, {"weight": 1, "random_weight": 0.2739710871867257, "id": 34}], [{"weight": 2, "random_weight": 0.11812723846666195, "id": 9}, {"weight": 2, "random_weight": 0.9269727988909887, "id": 26}, {"weight": 1, "random_weight": 0.17405240863967653, "id": 67}], [{"weight": 2, "random_weight": 0.11812723846666195, "id": 8}, {"weight": 1, "random_weight": 0.02056540541268137, "id": 59}], [{"weight": 1, "random_weight": 0.2269249797026618, "id": 3}, {"weight": 1, "random_weight": 0.7374647511305484, "id": 11}, {"weight": 2, "random_weight": 0.9215400672172744, "id": 36}, {"weight": 1, "random_weight": 0.8744352493649681, "id": 56}, {"weight": 1, "random_weight": 0.7684182811043907, "id": 60}], [{"weight": 1, "random_weight": 0.7374647511305484, "id": 10}, {"weight": 1, "random_weight": 0.6788011197145583, "id": 22}, {"weight": 1, "random_weight": 0.3101942617425004, "id": 36}, {"weight": 1, "random_weight": 0.8705415595092856, "id": 43}, {"weight": 1, "random_weight": 0.6874351446818989, "id": 45}, {"weight": 1, "random_weight": 0.04274332371484035, "id": 48}], [{"weight": 2, "random_weight": 0.46218326380503894, "id": 7}, {"weight": 1, "random_weight": 0.11864179826802768, "id": 14}, {"weight": 1, "random_weight": 0.573100674263194, "id": 15}, {"weight": 1, "random_weight": 0.6893085676683502, "id": 35}], [{"weight": 2, "random_weight": 0.042652329562471225, "id": 15}, {"weight": 1, "random_weight": 0.6830232446998964, "id": 35}, {"weight": 2, "random_weight": 0.12244337790700843, "id": 53}], [{"weight": 1, "random_weight": 0.11864179826802768, "id": 12}, {"weight": 2, "random_weight": 0.12825913353822427, "id": 15}], [{"weight": 1, "random_weight": 0.573100674263194, "id": 12}, {"weight": 2, "random_weight": 0.042652329562471225, "id": 13}, {"weight": 2, "random_weight": 0.12825913353822427, "id": 14}], [{"weight": 1, "random_weight": 0.8805086498897235, "id": 4}, {"weight": 1, "random_weight": 0.5161590928605394, "id": 18}, {"weight": 1, "random_weight": 0.5238040141691782, "id": 28}, {"weight": 1, "random_weight": 0.3517314913350973, "id": 31}, {"weight": 1, "random_weight": 0.5849022155527984, "id": 64}], [{"weight": 1, "random_weight": 0.984127166769336, "id": 25}, {"weight": 2, "random_weight": 0.3870275869921104, "id": 39}], [{"weight": 1, "random_weight": 0.5161590928605394, "id": 16}, {"weight": 2, "random_weight": 0.8089998396940211, "id": 28}, {"weight": 1, "random_weight": 0.0011393502323057136, "id": 37}], [{"weight": 1, "random_weight": 0.9385338018426078, "id": 3}, {"weight": 1, "random_weight": 0.8104173415561348, "id": 6}, {"weight": 1, "random_weight": 0.1376869507415911, "id": 7}, {"weight": 2, "random_weight": 0.31896990458536423, "id": 22}, {"weight": 1, "random_weight": 0.6765396319801903, "id": 34}], [{"weight": 1, "random_weight": 0.28645223051086244, "id": 1}, {"weight": 1, "random_weight": 0.6613382868624822, "id": 21}, {"weight": 1, "random_weight": 0.4803577128490766, "id": 58}, {"weight": 1, "random_weight": 0.3566155165581173, "id": 59}], [{"weight": 1, "random_weight": 0.028772510184069122, "id": 1}, {"weight": 1, "random_weight": 0.6613382868624822, "id": 20}, {"weight": 1, "random_weight": 0.6452805226726763, "id": 30}, {"weight": 1, "random_weight": 0.0743622498335863, "id": 53}], [{"weight": 1, "random_weight": 0.9482351518010725, "id": 3}, {"weight": 1, "random_weight": 0.6788011197145583, "id": 11}, {"weight": 2, "random_weight": 0.31896990458536423, "id": 19}, {"weight": 1, "random_weight": 0.2308890653399832, "id": 34}, {"weight": 1, "random_weight": 0.6931216629093637, "id": 43}], [{"weight": 2, "random_weight": 0.7368326407571193, "id": 24}, {"weight": 1, "random_weight": 0.12973300052678838, "id": 33}, {"weight": 1, "random_weight": 0.9925419591734485, "id": 39}, {"weight": 1, "random_weight": 0.7328748711751272, "id": 49}, {"weight": 1, "random_weight": 0.9435648595647482, "id": 50}], [{"weight": 2, "random_weight": 0.7368326407571193, "id": 23}, {"weight": 1, "random_weight": 0.5223125467154095, "id": 32}, {"weight": 1, "random_weight": 0.9488018035182427, "id": 39}], [{"weight": 1, "random_weight": 0.984127166769336, "id": 17}, {"weight": 2, "random_weight": 0.21635707006404925, "id": 46}, {"weight": 1, "random_weight": 0.4943809301875207, "id": 52}], [{"weight": 2, "random_weight": 0.9269727988909887, "id": 8}, {"weight": 1, "random_weight": 0.27316464383454964, "id": 27}, {"weight": 1, "random_weight": 0.5263972019165423, "id": 38}, {"weight": 1, "random_weight": 0.12201224743130457, "id": 44}], [{"weight": 1, "random_weight": 0.27316464383454964, "id": 26}, {"weight": 1, "random_weight": 0.3865596785138151, "id": 38}, {"weight": 1, "random_weight": 0.9794200118273092, "id": 58}, {"weight": 1, "random_weight": 0.7966648277965421, "id": 61}, {"weight": 2, "random_weight": 0.9264226039668841, "id": 67}], [{"weight": 1, "random_weight": 0.5238040141691782, "id": 16}, {"weight": 2, "random_weight": 0.8089998396940211, "id": 18}, {"weight": 1, "random_weight": 0.17996564938102377, "id": 37}, {"weight": 2, "random_weight": 0.4217070808393819, "id": 68}], [{"weight": 2, "random_weight": 0.08908064160128915, "id": 47}, {"weight": 1, "random_weight": 0.178543959402803, "id": 54}, {"weight": 1, "random_weight": 0.20962346423072287, "id": 55}, {"weight": 1, "random_weight": 0.5111106667241165, "id": 60}, {"weight": 1, "random_weight": 0.8924569813474449, "id": 71}], [{"weight": 1, "random_weight": 0.3912081473201727, "id": 0}, {"weight": 1, "random_weight": 0.4095801525637628, "id": 1}, {"weight": 1, "random_weight": 0.6452805226726763, "id": 21}, {"weight": 1, "random_weight": 0.8234722022756897, "id": 35}, {"weight": 1, "random_weight": 0.4521665675044467, "id": 53}, {"weight": 1, "random_weight": 0.36017531188260754, "id": 55}], [{"weight": 2, "random_weight": 0.5042801256878067, "id": 4}, {"weight": 1, "random_weight": 0.3517314913350973, "id": 16}, {"weight": 1, "random_weight": 0.5390441449005916, "id": 51}], [{"weight": 1, "random_weight": 0.5223125467154095, "id": 24}, {"weight": 2, "random_weight": 0.9494683228029063, "id": 33}, {"weight": 1, "random_weight": 0.732212425235809, "id": 62}], [{"weight": 1, "random_weight": 0.12973300052678838, "id": 23}, {"weight": 2, "random_weight": 0.9494683228029063, "id": 32}, {"weight": 1, "random_weight": 0.15901434967541594, "id": 40}, {"weight": 1, "random_weight": 0.7426449227516929, "id": 41}, {"weight": 1, "random_weight": 0.2054869881505953, "id": 62}], [{"weight": 1, "random_weight": 0.2739710871867257, "id": 7}, {"weight": 1, "random_weight": 0.6765396319801903, "id": 19}, {"weight": 1, "random_weight": 0.2308890653399832, "id": 22}, {"weight": 1, "random_weight": 0.03421769747437986, "id": 43}], [{"weight": 2, "random_weight": 0.7245569698222752, "id": 6}, {"weight": 1, "random_weight": 0.6893085676683502, "id": 12}, {"weight": 1, "random_weight": 0.6830232446998964, "id": 13}, {"weight": 1, "random_weight": 0.8234722022756897, "id": 30}, {"weight": 1, "random_weight": 0.8708210145315668, "id": 53}], [{"weight": 2, "random_weight": 0.9215400672172744, "id": 10}, {"weight": 1, "random_weight": 0.3101942617425004, "id": 11}, {"weight": 1, "random_weight": 0.5468868280765197, "id": 56}, {"weight": 1, "random_weight": 0.976752191593329, "id": 63}, {"weight": 1, "random_weight": 0.1789707804045394, "id": 64}], [{"weight": 1, "random_weight": 0.0011393502323057136, "id": 18}, {"weight": 1, "random_weight": 0.17996564938102377, "id": 28}, {"weight": 1, "random_weight": 0.9356425657479792, "id": 42}], [{"weight": 1, "random_weight": 0.5263972019165423, "id": 26}, {"weight": 1, "random_weight": 0.3865596785138151, "id": 27}, {"weight": 1, "random_weight": 0.25374961181870415, "id": 44}, {"weight": 2, "random_weight": 0.4164639038430148, "id": 57}, {"weight": 1, "random_weight": 0.1165430832794262, "id": 61}], [{"weight": 2, "random_weight": 0.3870275869921104, "id": 17}, {"weight": 1, "random_weight": 0.9925419591734485, "id": 23}, {"weight": 1, "random_weight": 0.9488018035182427, "id": 24}, {"weight": 1, "random_weight": 0.9339475026511237, "id": 46}], [{"weight": 1, "random_weight": 0.15901434967541594, "id": 33}, {"weight": 2, "random_weight": 0.11223484185926735, "id": 41}, {"weight": 2, "random_weight": 0.8531376314933449, "id": 50}, {"weight": 1, "random_weight": 0.7439554820955077, "id": 69}], [{"weight": 1, "random_weight": 0.7426449227516929, "id": 33}, {"weight": 2, "random_weight": 0.11223484185926735, "id": 40}, {"weight": 2, "random_weight": 0.40606511350524654, "id": 66}, {"weight": 1, "random_weight": 0.14509166776418447, "id": 70}], [{"weight": 1, "random_weight": 0.9356425657479792, "id": 37}, {"weight": 1, "random_weight": 0.7948579449263278, "id": 45}, {"weight": 1, "random_weight": 0.4008456711889049, "id": 48}, {"weight": 1, "random_weight": 0.23423716725280208, "id": 68}], [{"weight": 1, "random_weight": 0.8705415595092856, "id": 11}, {"weight": 1, "random_weight": 0.6931216629093637, "id": 22}, {"weight": 1, "random_weight": 0.03421769747437986, "id": 34}, {"weight": 2, "random_weight": 0.8053639979765363, "id": 45}], [{"weight": 1, "random_weight": 0.12201224743130457, "id": 26}, {"weight": 1, "random_weight": 0.25374961181870415, "id": 38}, {"weight": 1, "random_weight": 0.942343042360719, "id": 57}, {"weight": 1, "random_weight": 0.4575218418131949, "id": 62}], [{"weight": 1, "random_weight": 0.6874351446818989, "id": 11}, {"weight": 1, "random_weight": 0.7948579449263278, "id": 42}, {"weight": 2, "random_weight": 0.8053639979765363, "id": 43}, {"weight": 1, "random_weight": 0.6967749755573935, "id": 48}], [{"weight": 2, "random_weight": 0.21635707006404925, "id": 25}, {"weight": 1, "random_weight": 0.9339475026511237, "id": 39}, {"weight": 2, "random_weight": 0.9066298606242688, "id": 49}, {"weight": 1, "random_weight": 0.44336421736175546, "id": 52}], [{"weight": 2, "random_weight": 0.08908064160128915, "id": 29}, {"weight": 1, "random_weight": 0.20678786659755244, "id": 56}, {"weight": 1, "random_weight": 0.9419134634022235, "id": 60}, {"weight": 1, "random_weight": 0.3596660681713232, "id": 70}, {"weight": 1, "random_weight": 0.7759649048001892, "id": 71}], [{"weight": 1, "random_weight": 0.04274332371484035, "id": 11}, {"weight": 1, "random_weight": 0.4008456711889049, "id": 42}, {"weight": 1, "random_weight": 0.6967749755573935, "id": 45}, {"weight": 1, "random_weight": 0.7158998791735597, "id": 64}, {"weight": 2, "random_weight": 0.9591984571482943, "id": 68}], [{"weight": 1, "random_weight": 0.7328748711751272, "id": 23}, {"weight": 2, "random_weight": 0.9066298606242688, "id": 46}, {"weight": 2, "random_weight": 0.8020804641234198, "id": 50}, {"weight": 1, "random_weight": 0.6415231331580912, "id": 65}], [{"weight": 1, "random_weight": 0.9435648595647482, "id": 23}, {"weight": 2, "random_weight": 0.8531376314933449, "id": 40}, {"weight": 2, "random_weight": 0.8020804641234198, "id": 49}, {"weight": 1, "random_weight": 0.5680340079809992, "id": 65}], [{"weight": 1, "random_weight": 0.5898032083116121, "id": 2}, {"weight": 1, "random_weight": 0.2609640770287637, "id": 4}, {"weight": 1, "random_weight": 0.5390441449005916, "id": 31}, {"weight": 2, "random_weight": 0.5560155476066737, "id": 52}], [{"weight": 1, "random_weight": 0.4943809301875207, "id": 25}, {"weight": 1, "random_weight": 0.44336421736175546, "id": 46}, {"weight": 2, "random_weight": 0.5560155476066737, "id": 51}, {"weight": 1, "random_weight": 0.13168325863563912, "id": 65}], [{"weight": 2, "random_weight": 0.12244337790700843, "id": 13}, {"weight": 1, "random_weight": 0.0743622498335863, "id": 21}, {"weight": 1, "random_weight": 0.4521665675044467, "id": 30}, {"weight": 1, "random_weight": 0.8708210145315668, "id": 35}], [{"weight": 1, "random_weight": 0.5631609662893519, "id": 0}, {"weight": 1, "random_weight": 0.178543959402803, "id": 29}, {"weight": 1, "random_weight": 0.21275149167890395, "id": 55}, {"weight": 1, "random_weight": 0.5324738976559179, "id": 58}, {"weight": 1, "random_weight": 0.7078709816023196, "id": 61}, {"weight": 1, "random_weight": 0.7649216066600425, "id": 71}], [{"weight": 1, "random_weight": 0.9048891628302511, "id": 0}, {"weight": 1, "random_weight": 0.6789469586241819, "id": 6}, {"weight": 1, "random_weight": 0.20962346423072287, "id": 29}, {"weight": 1, "random_weight": 0.36017531188260754, "id": 30}, {"weight": 1, "random_weight": 0.21275149167890395, "id": 54}, {"weight": 1, "random_weight": 0.2971081382228483, "id": 60}], [{"weight": 1, "random_weight": 0.9208992382461809, "id": 5}, {"weight": 1, "random_weight": 0.8744352493649681, "id": 10}, {"weight": 1, "random_weight": 0.5468868280765197, "id": 36}, {"weight": 1, "random_weight": 0.20678786659755244, "id": 47}, {"weight": 1, "random_weight": 0.960518647480385, "id": 69}, {"weight": 1, "random_weight": 0.6718359861782695, "id": 70}], [{"weight": 2, "random_weight": 0.4164639038430148, "id": 38}, {"weight": 1, "random_weight": 0.942343042360719, "id": 44}, {"weight": 1, "random_weight": 0.9664904913094439, "id": 61}, {"weight": 1, "random_weight": 0.6139486952210826, "id": 62}, {"weight": 1, "random_weight": 0.15215301468239895, "id": 66}], [{"weight": 1, "random_weight": 0.5898798810887034, "id": 0}, {"weight": 1, "random_weight": 0.4371024660405147, "id": 1}, {"weight": 1, "random_weight": 0.4803577128490766, "id": 20}, {"weight": 1, "random_weight": 0.9794200118273092, "id": 27}, {"weight": 1, "random_weight": 0.5324738976559179, "id": 54}, {"weight": 1, "random_weight": 0.4016034536975702, "id": 67}], [{"weight": 1, "random_weight": 0.02056540541268137, "id": 9}, {"weight": 1, "random_weight": 0.3566155165581173, "id": 20}, {"weight": 2, "random_weight": 0.7921835076337522, "id": 67}], [{"weight": 2, "random_weight": 0.9600321798476685, "id": 3}, {"weight": 1, "random_weight": 0.7684182811043907, "id": 10}, {"weight": 1, "random_weight": 0.5111106667241165, "id": 29}, {"weight": 1, "random_weight": 0.9419134634022235, "id": 47}, {"weight": 1, "random_weight": 0.2971081382228483, "id": 55}], [{"weight": 1, "random_weight": 0.7966648277965421, "id": 27}, {"weight": 1, "random_weight": 0.1165430832794262, "id": 38}, {"weight": 1, "random_weight": 0.7078709816023196, "id": 54}, {"weight": 1, "random_weight": 0.9664904913094439, "id": 57}, {"weight": 1, "random_weight": 0.9833164892430367, "id": 66}, {"weight": 1, "random_weight": 0.7190116544685778, "id": 71}], [{"weight": 1, "random_weight": 0.732212425235809, "id": 32}, {"weight": 1, "random_weight": 0.2054869881505953, "id": 33}, {"weight": 1, "random_weight": 0.4575218418131949, "id": 44}, {"weight": 1, "random_weight": 0.6139486952210826, "id": 57}, {"weight": 1, "random_weight": 0.61272230788213, "id": 66}], [{"weight": 1, "random_weight": 0.19986569735407778, "id": 4}, {"weight": 2, "random_weight": 0.6192817331480757, "id": 5}, {"weight": 1, "random_weight": 0.976752191593329, "id": 36}, {"weight": 2, "random_weight": 0.584941286687745, "id": 64}], [{"weight": 1, "random_weight": 0.5849022155527984, "id": 16}, {"weight": 1, "random_weight": 0.1789707804045394, "id": 36}, {"weight": 1, "random_weight": 0.7158998791735597, "id": 48}, {"weight": 2, "random_weight": 0.584941286687745, "id": 63}, {"weight": 1, "random_weight": 0.5839447998497758, "id": 68}], [{"weight": 2, "random_weight": 0.1566638761641258, "id": 2}, {"weight": 1, "random_weight": 0.6415231331580912, "id": 49}, {"weight": 1, "random_weight": 0.5680340079809992, "id": 50}, {"weight": 1, "random_weight": 0.13168325863563912, "id": 52}, {"weight": 1, "random_weight": 0.4570008919637646, "id": 69}], [{"weight": 2, "random_weight": 0.40606511350524654, "id": 41}, {"weight": 1, "random_weight": 0.15215301468239895, "id": 57}, {"weight": 1, "random_weight": 0.9833164892430367, "id": 61}, {"weight": 1, "random_weight": 0.61272230788213, "id": 62}, {"weight": 1, "random_weight": 0.08635092900643482, "id": 71}], [{"weight": 1, "random_weight": 0.17405240863967653, "id": 8}, {"weight": 2, "random_weight": 0.9264226039668841, "id": 27}, {"weight": 1, "random_weight": 0.4016034536975702, "id": 58}, {"weight": 2, "random_weight": 0.7921835076337522, "id": 59}], [{"weight": 2, "random_weight": 0.4217070808393819, "id": 28}, {"weight": 1, "random_weight": 0.23423716725280208, "id": 42}, {"weight": 2, "random_weight": 0.9591984571482943, "id": 48}, {"weight": 1, "random_weight": 0.5839447998497758, "id": 64}], [{"weight": 1, "random_weight": 0.5761934677775675, "id": 2}, {"weight": 1, "random_weight": 0.7439554820955077, "id": 40}, {"weight": 1, "random_weight": 0.960518647480385, "id": 56}, {"weight": 1, "random_weight": 0.4570008919637646, "id": 65}, {"weight": 2, "random_weight": 0.89207777680781, "id": 70}], [{"weight": 1, "random_weight": 0.14509166776418447, "id": 41}, {"weight": 1, "random_weight": 0.3596660681713232, "id": 47}, {"weight": 1, "random_weight": 0.6718359861782695, "id": 56}, {"weight": 2, "random_weight": 0.89207777680781, "id": 69}, {"weight": 1, "random_weight": 0.4841533874644628, "id": 71}], [{"weight": 1, "random_weight": 0.8924569813474449, "id": 29}, {"weight": 1, "random_weight": 0.7759649048001892, "id": 47}, {"weight": 1, "random_weight": 0.7649216066600425, "id": 54}, {"weight": 1, "random_weight": 0.7190116544685778, "id": 61}, {"weight": 1, "random_weight": 0.08635092900643482, "id": 66}, {"weight": 1, "random_weight": 0.4841533874644628, "id": 70}]]}