{"directed": false, "multigraph": false, "graph": [], "nodes": [{"graph": null, "nnodes": 2, "nedges": 1, "density": 1.0, "atomics": "[80, 81]", "group_pop": 2, "init_part_assignment": 9, "id": 0}, {"graph": null, "nnodes": 2, "nedges": 1, "density": 1.0, "atomics": "[57, 69]", "group_pop": 2, "init_part_assignment": 6, "id": 1}, {"graph": null, "nnodes": 2, "nedges": 1, "density": 1.0, "atomics": "[82, 83]", "group_pop": 2, "init_part_assignment": 9, "id": 2}, {"graph": null, "nnodes": 2, "nedges": 1, "density": 1.0, "atomics": "[58, 70]", "group_pop": 2, "init_part_assignment": 3, "id": 3}, {"graph": null, "nnodes": 2, "nedges": 1, "density": 1.0, "atomics": "[74, 86]", "group_pop": 2, "init_part_assignment": 5, "id": 4}, {"graph": null, "nnodes": 2, "nedges": 1, "density": 1.0, "atomics": "[75, 63]", "group_pop": 2, "init_part_assignment": 5, "id": 5}, {"graph": null, "nnodes": 2, "nedges": 1, "density": 1.0, "atomics": "[42, 30]", "group_pop": 2, "init_part_assignment": 6, "id": 6}, {"graph": null, "nnodes": 2, "nedges": 1, "density": 1.0, "atomics": "[43, 55]", "group_pop": 2, "init_part_assignment": 6, "id": 7}, {"graph": null, "nnodes": 2, "nedges": 1, "density": 1.0, "atomics": "[61, 62]", "group_pop": 2, "init_part_assignment": 5, "id": 8}, {"graph": null, "nnodes": 2, "nedges": 1, "density": 1.0, "atomics": "[32, 33]", "group_pop": 2, "init_part_assignment": 3, "id": 9}, {"graph": null, "nnodes": 2, "nedges": 1, "density": 1.0, "atomics": "[20, 21]", "group_pop": 2, "init_part_assignment": 2, "id": 10}, {"graph": null, "nnodes": 2, "nedges": 1, "density": 1.0, "atomics": "[130, 142]", "group_pop": 2, "init_part_assignment": 7, "id": 11}, {"graph": null, "nnodes": 2, "nedges": 1, "density": 1.0, "atomics": "[131, 143]", "group_pop": 2, "init_part_assignment": 7, "id": 12}, {"graph": null, "nnodes": 2, "nedges": 1, "density": 1.0, "atomics": "[40, 41]", "group_pop": 2, "init_part_assignment": 6, "id": 13}, {"graph": null, "nnodes": 2, "nedges": 1, "density": 1.0, "atomics": "[17, 29]", "group_pop": 2, "init_part_assignment": 1, "id": 14}, {"graph": null, "nnodes": 2, "nedges": 1, "density": 1.0, "atomics": "[8, 7]", "group_pop": 2, "init_part_assignment": 2, "id": 15}, {"graph": null, "nnodes": 2, "nedges": 1, "density": 1.0, "atomics": "[9, 10]", "group_pop": 2, "init_part_assignment": 2, "id": 16}, {"graph": null, "nnodes": 2, "nedges": 1, "density": 1.0, "atomics": "[34, 22]", "group_pop": 2, "init_part_assignment": 3, "id": 17}, {"graph": null, "nnodes": 2, "nedges": 1, "density": 1.0, "atomics": "[35, 47]", "group_pop": 2, "init_part_assignment": 3, "id": 18}, {"graph": null, "nnodes": 2, "nedges": 1, "density": 1.0, "atomics": "[11, 23]", "group_pop": 2, "init_part_assignment": 2, "id": 19}, {"graph": null, "nnodes": 2, "nedges": 1, "density": 1.0, "atomics": "[49, 37]", "group_pop": 2, "init_part_assignment": 8, "id": 20}, {"graph": null, "nnodes": 2, "nedges": 1, "density": 1.0, "atomics": "[120, 132]", "group_pop": 2, "init_part_assignment": 4, "id": 21}, {"graph": null, "nnodes": 2, "nedges": 1, "density": 1.0, "atomics": "[24, 36]", "group_pop": 2, "init_part_assignment": 8, "id": 22}, {"graph": null, "nnodes": 2, "nedges": 1, "density": 1.0, "atomics": "[19, 31]", "group_pop": 2, "init_part_assignment": 2, "id": 23}, {"graph": null, "nnodes": 2, "nedges": 1, "density": 1.0, "atomics": "[59, 71]", "group_pop": 2, "init_part_assignment": 9, "id": 24}, {"graph": null, "nnodes": 2, "nedges": 1, "density": 1.0, "atomics": "[18, 6]", "group_pop": 2, "init_part_assignment": 2, "id": 25}, {"graph": null, "nnodes": 2, "nedges": 1, "density": 1.0, "atomics": "[122, 123]", "group_pop": 2, "init_part_assignment": 0, "id": 26}, {"graph": null, "nnodes": 2, "nedges": 1, "density": 1.0, "atomics": "[134, 135]", "group_pop": 2, "init_part_assignment": 4, "id": 27}, {"graph": null, "nnodes": 2, "nedges": 1, "density": 1.0, "atomics": "[96, 108]", "group_pop": 2, "init_part_assignment": 4, "id": 28}, {"graph": null, "nnodes": 2, "nedges": 1, "density": 1.0, "atomics": "[129, 141]", "group_pop": 2, "init_part_assignment": 7, "id": 29}, {"graph": null, "nnodes": 2, "nedges": 1, "density": 1.0, "atomics": "[116, 117]", "group_pop": 2, "init_part_assignment": 11, "id": 30}, {"graph": null, "nnodes": 2, "nedges": 1, "density": 1.0, "atomics": "[25, 26]", "group_pop": 2, "init_part_assignment": 8, "id": 31}, {"graph": null, "nnodes": 2, "nedges": 1, "density": 1.0, "atomics": "[12, 13]", "group_pop": 2, "init_part_assignment": 8, "id": 32}, {"graph": null, "nnodes": 2, "nedges": 1, "density": 1.0, "atomics": "[67, 68]", "group_pop": 2, "init_part_assignment": 6, "id": 33}, {"graph": null, "nnodes": 2, "nedges": 1, "density": 1.0, "atomics": "[91, 79]", "group_pop": 2, "init_part_assignment": 11, "id": 34}, {"graph": null, "nnodes": 2, "nedges": 1, "density": 1.0, "atomics": "[48, 60]", "group_pop": 2, "init_part_assignment": 5, "id": 35}, {"graph": null, "nnodes": 2, "nedges": 1, "density": 1.0, "atomics": "[136, 124]", "group_pop": 2, "init_part_assignment": 0, "id": 36}, {"graph": null, "nnodes": 2, "nedges": 1, "density": 1.0, "atomics": "[16, 28]", "group_pop": 2, "init_part_assignment": 1, "id": 37}, {"graph": null, "nnodes": 2, "nedges": 1, "density": 1.0, "atomics": "[0, 1]", "group_pop": 2, "init_part_assignment": 1, "id": 38}, {"graph": null, "nnodes": 2, "nedges": 1, "density": 1.0, "atomics": "[128, 127]", "group_pop": 2, "init_part_assignment": 7, "id": 39}, {"graph": null, "nnodes": 2, "nedges": 1, "density": 1.0, "atomics": "[121, 133]", "group_pop": 2, "init_part_assignment": 4, "id": 40}, {"graph": null, "nnodes": 2, "nedges": 1, "density": 1.0, "atomics": "[112, 100]", "group_pop": 2, "init_part_assignment": 0, "id": 41}, {"graph": null, "nnodes": 2, "nedges": 1, "density": 1.0, "atomics": "[113, 114]", "group_pop": 2, "init_part_assignment": 0, "id": 42}, {"graph": null, "nnodes": 2, "nedges": 1, "density": 1.0, "atomics": "[2, 3]", "group_pop": 2, "init_part_assignment": 1, "id": 43}, {"graph": null, "nnodes": 2, "nedges": 1, "density": 1.0, "atomics": "[4, 5]", "group_pop": 2, "init_part_assignment": 1, "id": 44}, {"graph": null, "nnodes": 2, "nedges": 1, "density": 1.0, "atomics": "[139, 140]", "group_pop": 2, "init_part_assignment": 7, "id": 45}, {"graph": null, "nnodes": 2, "nedges": 1, "density": 1.0, "atomics": "[97, 98]", "group_pop": 2, "init_part_assignment": 4, "id": 46}, {"graph": null, "nnodes": 2, "nedges": 1, "density": 1.0, "atomics": "[109, 110]", "group_pop": 2, "init_part_assignment": 4, "id": 47}, {"graph": null, "nnodes": 2, "nedges": 1, "density": 1.0, "atomics": "[137, 125]", "group_pop": 2, "init_part_assignment": 0, "id": 48}, {"graph": null, "nnodes": 2, "nedges": 1, "density": 1.0, "atomics": "[65, 66]", "group_pop": 2, "init_part_assignment": 10, "id": 49}, {"graph": null, "nnodes": 2, "nedges": 1, "density": 1.0, "atomics": "[77, 78]", "group_pop": 2, "init_part_assignment": 10, "id": 50}, {"graph": null, "nnodes": 2, "nedges": 1, "density": 1.0, "atomics": "[14, 15]", "group_pop": 2, "init_part_assignment": 1, "id": 51}, {"graph": null, "nnodes": 2, "nedges": 1, "density": 1.0, "atomics": "[99, 111]", "group_pop": 2, "init_part_assignment": 10, "id": 52}, {"graph": null, "nnodes": 2, "nedges": 1, "density": 1.0, "atomics": "[72, 73]", "group_pop": 2, "init_part_assignment": 5, "id": 53}, {"graph": null, "nnodes": 2, "nedges": 1, "density": 1.0, "atomics": "[84, 85]", "group_pop": 2, "init_part_assignment": 5, "id": 54}, {"graph": null, "nnodes": 2, "nedges": 1, "density": 1.0, "atomics": "[101, 102]", "group_pop": 2, "init_part_assignment": 11, "id": 55}, {"graph": null, "nnodes": 2, "nedges": 1, "density": 1.0, "atomics": "[64, 76]", "group_pop": 2, "init_part_assignment": 10, "id": 56}, {"graph": null, "nnodes": 2, "nedges": 1, "density": 1.0, "atomics": "[94, 95]", "group_pop": 2, "init_part_assignment": 9, "id": 57}, {"graph": null, "nnodes": 2, "nedges": 1, "density": 1.0, "atomics": "[45, 46]", "group_pop": 2, "init_part_assignment": 3, "id": 58}, {"graph": null, "nnodes": 2, "nedges": 1, "density": 1.0, "atomics": "[56, 44]", "group_pop": 2, "init_part_assignment": 3, "id": 59}, {"graph": null, "nnodes": 2, "nedges": 1, "density": 1.0, "atomics": "[107, 119]", "group_pop": 2, "init_part_assignment": 9, "id": 60}, {"graph": null, "nnodes": 2, "nedges": 1, "density": 1.0, "atomics": "[53, 54]", "group_pop": 2, "init_part_assignment": 6, "id": 61}, {"graph": null, "nnodes": 2, "nedges": 1, "density": 1.0, "atomics": "[115, 103]", "group_pop": 2, "init_part_assignment": 11, "id": 62}, {"graph": null, "nnodes": 2, "nedges": 1, "density": 1.0, "atomics": "[138, 126]", "group_pop": 2, "init_part_assignment": 0, "id": 63}, {"graph": null, "nnodes": 2, "nedges": 1, "density": 1.0, "atomics": "[50, 38]", "group_pop": 2, "init_part_assignment": 8, "id": 64}, {"graph": null, "nnodes": 2, "nedges": 1, "density": 1.0, "atomics": "[106, 118]", "group_pop": 2, "init_part_assignment": 7, "id": 65}, {"graph": null, "nnodes": 2, "nedges": 1, "density": 1.0, "atomics": "[105, 93]", "group_pop": 2, "init_part_assignment": 9, "id": 66}, {"graph": null, "nnodes": 2, "nedges": 1, "density": 1.0, "atomics": "[27, 39]", "group_pop": 2, "init_part_assignment": 8, "id": 67}, {"graph": null, "nnodes": 2, "nedges": 1, "density": 1.0, "atomics": "[88, 87]", "group_pop": 2, "init_part_assignment": 10, "id": 68}, {"graph": null, "nnodes": 2, "nedges": 1, "density": 1.0, "atomics": "[51, 52]", "group_pop": 2, "init_part_assignment": 10, "id": 69}, {"graph": null, "nnodes": 2, "nedges": 1, "density": 1.0, "atomics": "[104, 92]", "group_pop": 2, "init_part_assignment": 11, "id": 70}, {"graph": null, "nnodes": 2, "nedges": 1, "density": 1.0, "atomics": "[89, 90]", "group_pop": 2, "init_part_assignment": 11, "id": 71}], "adjacency": [[{"weight": 1, "random_weight": 0.5341528513020284, "id": 1}, {"weight": 1, "random_weight": 0.39972664705098837, "id": 2}, {"weight": 1, "random_weight": 0.5570423448133296, "id": 33}, {"weight": 1, "random_weight": 0.4505626250931267, "id": 34}, {"weight": 1, "random_weight": 0.2996388052403929, "id": 66}, {"weight": 1, "random_weight": 0.421330898566629, "id": 70}], [{"weight": 1, "random_weight": 0.5341528513020284, "id": 0}, {"weight": 2, "random_weight": 0.029245684525070814, "id": 3}, {"weight": 1, "random_weight": 0.027762348113420154, "id": 33}, {"weight": 1, "random_weight": 0.8096448114066829, "id": 58}, {"weight": 1, "random_weight": 0.9536803765803964, "id": 59}], [{"weight": 1, "random_weight": 0.39972664705098837, "id": 0}, {"weight": 1, "random_weight": 0.7983022297394858, "id": 3}, {"weight": 1, "random_weight": 0.84851925659735, "id": 24}, {"weight": 2, "random_weight": 0.645621923385964, "id": 57}], [{"weight": 2, "random_weight": 0.029245684525070814, "id": 1}, {"weight": 1, "random_weight": 0.7983022297394858, "id": 2}, {"weight": 2, "random_weight": 0.908689926881618, "id": 24}, {"weight": 1, "random_weight": 0.09908077085765521, "id": 58}], [{"weight": 1, "random_weight": 0.7096673759387282, "id": 5}, {"weight": 1, "random_weight": 0.9708366928332209, "id": 8}, {"weight": 1, "random_weight": 0.9192340870054513, "id": 46}, {"weight": 1, "random_weight": 0.783606260630493, "id": 53}, {"weight": 1, "random_weight": 0.8707887318532903, "id": 54}, {"weight": 1, "random_weight": 0.8886895784973977, "id": 68}], [{"weight": 1, "random_weight": 0.7096673759387282, "id": 4}, {"weight": 1, "random_weight": 0.144804296590904, "id": 8}, {"weight": 2, "random_weight": 0.369125147058845, "id": 56}, {"weight": 1, "random_weight": 0.5777709359400226, "id": 68}, {"weight": 1, "random_weight": 0.5922924634583807, "id": 69}], [{"weight": 1, "random_weight": 0.9549420436996755, "id": 7}, {"weight": 1, "random_weight": 0.8075666797252802, "id": 13}, {"weight": 1, "random_weight": 0.5744070198740477, "id": 14}, {"weight": 1, "random_weight": 0.9106144880120806, "id": 23}, {"weight": 1, "random_weight": 0.8514145821139638, "id": 25}, {"weight": 1, "random_weight": 0.2537236583979303, "id": 61}], [{"weight": 1, "random_weight": 0.9549420436996755, "id": 6}, {"weight": 1, "random_weight": 0.8983661904698426, "id": 23}, {"weight": 1, "random_weight": 0.4625436993475037, "id": 33}, {"weight": 2, "random_weight": 0.9723425732821818, "id": 59}, {"weight": 1, "random_weight": 0.12825318244083916, "id": 61}], [{"weight": 1, "random_weight": 0.9708366928332209, "id": 4}, {"weight": 1, "random_weight": 0.144804296590904, "id": 5}, {"weight": 1, "random_weight": 0.6000063444543259, "id": 20}, {"weight": 1, "random_weight": 0.1870339050495079, "id": 35}, {"weight": 1, "random_weight": 0.47697603954856715, "id": 53}, {"weight": 1, "random_weight": 0.43590336955788656, "id": 64}], [{"weight": 2, "random_weight": 0.23758916824123455, "id": 10}, {"weight": 1, "random_weight": 0.3735640197840432, "id": 17}, {"weight": 1, "random_weight": 0.6943993222560656, "id": 23}, {"weight": 1, "random_weight": 0.8447833129198555, "id": 58}, {"weight": 1, "random_weight": 0.8567983313532163, "id": 59}], [{"weight": 2, "random_weight": 0.23758916824123455, "id": 9}, {"weight": 1, "random_weight": 0.9126317562134117, "id": 15}, {"weight": 1, "random_weight": 0.6281147202558015, "id": 16}, {"weight": 1, "random_weight": 0.26056491498023127, "id": 17}, {"weight": 1, "random_weight": 0.7812215772308924, "id": 23}], [{"weight": 2, "random_weight": 0.009869971605708683, "id": 12}, {"weight": 2, "random_weight": 0.5695455075351745, "id": 29}, {"weight": 1, "random_weight": 0.10199092670600118, "id": 65}], [{"weight": 2, "random_weight": 0.009869971605708683, "id": 11}, {"weight": 1, "random_weight": 0.2717161139038684, "id": 60}], [{"weight": 1, "random_weight": 0.8075666797252802, "id": 6}, {"weight": 1, "random_weight": 0.934727769492029, "id": 14}, {"weight": 1, "random_weight": 0.5054721788071027, "id": 37}, {"weight": 1, "random_weight": 0.018455504430934244, "id": 61}, {"weight": 1, "random_weight": 0.8605266111368673, "id": 67}, {"weight": 1, "random_weight": 0.38397858324188217, "id": 69}], [{"weight": 1, "random_weight": 0.5744070198740477, "id": 6}, {"weight": 1, "random_weight": 0.934727769492029, "id": 13}, {"weight": 1, "random_weight": 0.5595158145145241, "id": 25}, {"weight": 2, "random_weight": 0.666181519579808, "id": 37}, {"weight": 1, "random_weight": 0.5404466952602907, "id": 44}], [{"weight": 1, "random_weight": 0.9126317562134117, "id": 10}, {"weight": 1, "random_weight": 0.5291252789844636, "id": 16}, {"weight": 1, "random_weight": 0.10269031333971268, "id": 23}, {"weight": 1, "random_weight": 0.832902874125404, "id": 25}], [{"weight": 1, "random_weight": 0.6281147202558015, "id": 10}, {"weight": 1, "random_weight": 0.5291252789844636, "id": 15}, {"weight": 1, "random_weight": 0.8850502627950996, "id": 17}, {"weight": 1, "random_weight": 0.15370130158180562, "id": 19}], [{"weight": 1, "random_weight": 0.3735640197840432, "id": 9}, {"weight": 1, "random_weight": 0.26056491498023127, "id": 10}, {"weight": 1, "random_weight": 0.8850502627950996, "id": 16}, {"weight": 1, "random_weight": 0.644738250002745, "id": 18}, {"weight": 1, "random_weight": 0.8412737865906998, "id": 19}, {"weight": 1, "random_weight": 0.9356366881718974, "id": 58}], [{"weight": 1, "random_weight": 0.644738250002745, "id": 17}, {"weight": 1, "random_weight": 0.9666039241800948, "id": 19}, {"weight": 1, "random_weight": 0.8978378970090672, "id": 24}, {"weight": 1, "random_weight": 0.5062440941464297, "id": 58}], [{"weight": 1, "random_weight": 0.15370130158180562, "id": 16}, {"weight": 1, "random_weight": 0.8412737865906998, "id": 17}, {"weight": 1, "random_weight": 0.9666039241800948, "id": 18}], [{"weight": 1, "random_weight": 0.6000063444543259, "id": 8}, {"weight": 1, "random_weight": 0.739152550882669, "id": 22}, {"weight": 1, "random_weight": 0.5674654760129347, "id": 31}, {"weight": 1, "random_weight": 0.010385972848059866, "id": 35}, {"weight": 2, "random_weight": 0.759315197609641, "id": 64}], [{"weight": 1, "random_weight": 0.06747691393309607, "id": 28}, {"weight": 2, "random_weight": 0.14558493837475517, "id": 40}], [{"weight": 1, "random_weight": 0.739152550882669, "id": 20}, {"weight": 1, "random_weight": 0.45241192348461845, "id": 31}, {"weight": 1, "random_weight": 0.030139286939507737, "id": 32}, {"weight": 1, "random_weight": 0.5947005797244531, "id": 35}], [{"weight": 1, "random_weight": 0.9106144880120806, "id": 6}, {"weight": 1, "random_weight": 0.8983661904698426, "id": 7}, {"weight": 1, "random_weight": 0.6943993222560656, "id": 9}, {"weight": 1, "random_weight": 0.7812215772308924, "id": 10}, {"weight": 1, "random_weight": 0.10269031333971268, "id": 15}, {"weight": 1, "random_weight": 0.7212536377559947, "id": 25}], [{"weight": 1, "random_weight": 0.84851925659735, "id": 2}, {"weight": 2, "random_weight": 0.908689926881618, "id": 3}, {"weight": 1, "random_weight": 0.8978378970090672, "id": 18}], [{"weight": 1, "random_weight": 0.8514145821139638, "id": 6}, {"weight": 1, "random_weight": 0.5595158145145241, "id": 14}, {"weight": 1, "random_weight": 0.832902874125404, "id": 15}, {"weight": 1, "random_weight": 0.7212536377559947, "id": 23}, {"weight": 1, "random_weight": 0.7700698839015802, "id": 44}], [{"weight": 2, "random_weight": 0.7190938438102606, "id": 27}, {"weight": 1, "random_weight": 0.018905078783704066, "id": 36}, {"weight": 1, "random_weight": 0.7860842453008872, "id": 40}, {"weight": 1, "random_weight": 0.9708793644764826, "id": 47}, {"weight": 1, "random_weight": 0.8069048927632592, "id": 52}], [{"weight": 2, "random_weight": 0.7190938438102606, "id": 26}, {"weight": 1, "random_weight": 0.5731105947731854, "id": 36}, {"weight": 1, "random_weight": 0.5308633527438817, "id": 40}], [{"weight": 1, "random_weight": 0.06747691393309607, "id": 21}, {"weight": 1, "random_weight": 0.08523515387781566, "id": 46}, {"weight": 1, "random_weight": 0.7429619599266888, "id": 47}, {"weight": 1, "random_weight": 0.956934205554997, "id": 54}], [{"weight": 2, "random_weight": 0.5695455075351745, "id": 11}, {"weight": 1, "random_weight": 0.8404727065889719, "id": 30}, {"weight": 1, "random_weight": 0.31504569717354736, "id": 39}, {"weight": 1, "random_weight": 0.08885512529206363, "id": 45}], [{"weight": 1, "random_weight": 0.8404727065889719, "id": 29}, {"weight": 1, "random_weight": 0.8766666070535725, "id": 39}, {"weight": 1, "random_weight": 0.14630120577543104, "id": 62}, {"weight": 1, "random_weight": 0.7461386671284648, "id": 65}, {"weight": 1, "random_weight": 0.9389863058381576, "id": 66}, {"weight": 1, "random_weight": 0.9829426738324777, "id": 70}], [{"weight": 1, "random_weight": 0.5674654760129347, "id": 20}, {"weight": 1, "random_weight": 0.45241192348461845, "id": 22}, {"weight": 1, "random_weight": 0.11247944839227009, "id": 32}, {"weight": 1, "random_weight": 0.5261517407978745, "id": 51}, {"weight": 1, "random_weight": 0.683199313700472, "id": 64}, {"weight": 1, "random_weight": 0.18666900474360792, "id": 67}], [{"weight": 1, "random_weight": 0.030139286939507737, "id": 22}, {"weight": 1, "random_weight": 0.11247944839227009, "id": 31}, {"weight": 2, "random_weight": 0.6210130624504622, "id": 38}, {"weight": 1, "random_weight": 0.7166729913401488, "id": 51}], [{"weight": 1, "random_weight": 0.5570423448133296, "id": 0}, {"weight": 1, "random_weight": 0.027762348113420154, "id": 1}, {"weight": 1, "random_weight": 0.4625436993475037, "id": 7}, {"weight": 1, "random_weight": 0.7098047916707264, "id": 34}, {"weight": 1, "random_weight": 0.9849098455637818, "id": 49}, {"weight": 1, "random_weight": 0.991293866294005, "id": 59}], [{"weight": 1, "random_weight": 0.4505626250931267, "id": 0}, {"weight": 1, "random_weight": 0.7098047916707264, "id": 33}, {"weight": 1, "random_weight": 0.14439596969156765, "id": 50}, {"weight": 1, "random_weight": 0.4693484724503648, "id": 62}, {"weight": 1, "random_weight": 0.24003698851464594, "id": 70}, {"weight": 1, "random_weight": 0.5429608690910784, "id": 71}], [{"weight": 1, "random_weight": 0.1870339050495079, "id": 8}, {"weight": 1, "random_weight": 0.010385972848059866, "id": 20}, {"weight": 1, "random_weight": 0.5947005797244531, "id": 22}, {"weight": 1, "random_weight": 0.9083683994543447, "id": 53}], [{"weight": 1, "random_weight": 0.018905078783704066, "id": 26}, {"weight": 1, "random_weight": 0.5731105947731854, "id": 27}, {"weight": 1, "random_weight": 0.4186237197270487, "id": 41}, {"weight": 2, "random_weight": 0.13944635078939815, "id": 48}], [{"weight": 1, "random_weight": 0.5054721788071027, "id": 13}, {"weight": 2, "random_weight": 0.666181519579808, "id": 14}, {"weight": 1, "random_weight": 0.10301872689029257, "id": 44}, {"weight": 1, "random_weight": 0.20410692921458384, "id": 51}, {"weight": 1, "random_weight": 0.7613867358546801, "id": 67}], [{"weight": 2, "random_weight": 0.6210130624504622, "id": 32}, {"weight": 1, "random_weight": 0.003488928529676971, "id": 43}], [{"weight": 1, "random_weight": 0.31504569717354736, "id": 29}, {"weight": 1, "random_weight": 0.8766666070535725, "id": 30}, {"weight": 2, "random_weight": 0.6521215057270084, "id": 45}, {"weight": 1, "random_weight": 0.9226844638241903, "id": 62}, {"weight": 1, "random_weight": 0.9386148280524901, "id": 63}], [{"weight": 2, "random_weight": 0.14558493837475517, "id": 21}, {"weight": 1, "random_weight": 0.7860842453008872, "id": 26}, {"weight": 1, "random_weight": 0.5308633527438817, "id": 27}, {"weight": 1, "random_weight": 0.6204674338357724, "id": 47}], [{"weight": 1, "random_weight": 0.4186237197270487, "id": 36}, {"weight": 1, "random_weight": 0.5960086018489913, "id": 42}, {"weight": 2, "random_weight": 0.36617398194990747, "id": 52}, {"weight": 1, "random_weight": 0.5385688821052227, "id": 55}, {"weight": 1, "random_weight": 0.024719149835149445, "id": 68}], [{"weight": 1, "random_weight": 0.5960086018489913, "id": 41}, {"weight": 1, "random_weight": 0.9938559331659909, "id": 48}, {"weight": 2, "random_weight": 0.5446592539958832, "id": 55}, {"weight": 1, "random_weight": 0.9789272481739483, "id": 62}, {"weight": 1, "random_weight": 0.23292846841409864, "id": 63}], [{"weight": 1, "random_weight": 0.003488928529676971, "id": 38}, {"weight": 1, "random_weight": 0.49309984951918684, "id": 44}, {"weight": 2, "random_weight": 0.48512940426624485, "id": 51}], [{"weight": 1, "random_weight": 0.5404466952602907, "id": 14}, {"weight": 1, "random_weight": 0.7700698839015802, "id": 25}, {"weight": 1, "random_weight": 0.10301872689029257, "id": 37}, {"weight": 1, "random_weight": 0.49309984951918684, "id": 43}], [{"weight": 1, "random_weight": 0.08885512529206363, "id": 29}, {"weight": 2, "random_weight": 0.6521215057270084, "id": 39}, {"weight": 1, "random_weight": 0.8704276179531762, "id": 63}], [{"weight": 1, "random_weight": 0.9192340870054513, "id": 4}, {"weight": 1, "random_weight": 0.08523515387781566, "id": 28}, {"weight": 2, "random_weight": 0.2301933767788903, "id": 47}, {"weight": 1, "random_weight": 0.5622727576685929, "id": 52}, {"weight": 1, "random_weight": 0.4742089346008461, "id": 54}], [{"weight": 1, "random_weight": 0.9708793644764826, "id": 26}, {"weight": 1, "random_weight": 0.7429619599266888, "id": 28}, {"weight": 1, "random_weight": 0.6204674338357724, "id": 40}, {"weight": 2, "random_weight": 0.2301933767788903, "id": 46}, {"weight": 1, "random_weight": 0.9442366560760902, "id": 52}], [{"weight": 2, "random_weight": 0.13944635078939815, "id": 36}, {"weight": 1, "random_weight": 0.9938559331659909, "id": 42}, {"weight": 2, "random_weight": 0.3629841177669326, "id": 63}], [{"weight": 1, "random_weight": 0.9849098455637818, "id": 33}, {"weight": 2, "random_weight": 0.0993268260660436, "id": 50}, {"weight": 1, "random_weight": 0.5353575809672102, "id": 56}, {"weight": 2, "random_weight": 0.4810493669875844, "id": 61}], [{"weight": 1, "random_weight": 0.14439596969156765, "id": 34}, {"weight": 2, "random_weight": 0.0993268260660436, "id": 49}, {"weight": 1, "random_weight": 0.08846507221013145, "id": 56}, {"weight": 2, "random_weight": 0.5589190317580706, "id": 71}], [{"weight": 1, "random_weight": 0.5261517407978745, "id": 31}, {"weight": 1, "random_weight": 0.7166729913401488, "id": 32}, {"weight": 1, "random_weight": 0.20410692921458384, "id": 37}, {"weight": 2, "random_weight": 0.48512940426624485, "id": 43}, {"weight": 1, "random_weight": 0.20245415683230206, "id": 67}], [{"weight": 1, "random_weight": 0.8069048927632592, "id": 26}, {"weight": 2, "random_weight": 0.36617398194990747, "id": 41}, {"weight": 1, "random_weight": 0.5622727576685929, "id": 46}, {"weight": 1, "random_weight": 0.9442366560760902, "id": 47}, {"weight": 1, "random_weight": 0.887138621276792, "id": 68}], [{"weight": 1, "random_weight": 0.783606260630493, "id": 4}, {"weight": 1, "random_weight": 0.47697603954856715, "id": 8}, {"weight": 1, "random_weight": 0.9083683994543447, "id": 35}, {"weight": 2, "random_weight": 0.40742265351920603, "id": 54}], [{"weight": 1, "random_weight": 0.8707887318532903, "id": 4}, {"weight": 1, "random_weight": 0.956934205554997, "id": 28}, {"weight": 1, "random_weight": 0.4742089346008461, "id": 46}, {"weight": 2, "random_weight": 0.40742265351920603, "id": 53}], [{"weight": 1, "random_weight": 0.5385688821052227, "id": 41}, {"weight": 2, "random_weight": 0.5446592539958832, "id": 42}, {"weight": 1, "random_weight": 0.43172344372637406, "id": 62}, {"weight": 2, "random_weight": 0.24521820278895712, "id": 71}], [{"weight": 2, "random_weight": 0.369125147058845, "id": 5}, {"weight": 1, "random_weight": 0.5353575809672102, "id": 49}, {"weight": 1, "random_weight": 0.08846507221013145, "id": 50}, {"weight": 1, "random_weight": 0.8557913770239589, "id": 68}, {"weight": 1, "random_weight": 0.795242848724776, "id": 69}], [{"weight": 2, "random_weight": 0.645621923385964, "id": 2}, {"weight": 1, "random_weight": 0.9210367175632846, "id": 60}, {"weight": 1, "random_weight": 0.42358603748195867, "id": 65}, {"weight": 1, "random_weight": 0.5134945353234756, "id": 66}], [{"weight": 1, "random_weight": 0.8096448114066829, "id": 1}, {"weight": 1, "random_weight": 0.09908077085765521, "id": 3}, {"weight": 1, "random_weight": 0.8447833129198555, "id": 9}, {"weight": 1, "random_weight": 0.9356366881718974, "id": 17}, {"weight": 1, "random_weight": 0.5062440941464297, "id": 18}, {"weight": 1, "random_weight": 0.4496096299677004, "id": 59}], [{"weight": 1, "random_weight": 0.9536803765803964, "id": 1}, {"weight": 2, "random_weight": 0.9723425732821818, "id": 7}, {"weight": 1, "random_weight": 0.8567983313532163, "id": 9}, {"weight": 1, "random_weight": 0.991293866294005, "id": 33}, {"weight": 1, "random_weight": 0.4496096299677004, "id": 58}], [{"weight": 1, "random_weight": 0.2717161139038684, "id": 12}, {"weight": 1, "random_weight": 0.9210367175632846, "id": 57}, {"weight": 2, "random_weight": 0.018837051279456563, "id": 65}], [{"weight": 1, "random_weight": 0.2537236583979303, "id": 6}, {"weight": 1, "random_weight": 0.12825318244083916, "id": 7}, {"weight": 1, "random_weight": 0.018455504430934244, "id": 13}, {"weight": 2, "random_weight": 0.4810493669875844, "id": 49}, {"weight": 1, "random_weight": 0.3334539971319077, "id": 69}], [{"weight": 1, "random_weight": 0.14630120577543104, "id": 30}, {"weight": 1, "random_weight": 0.4693484724503648, "id": 34}, {"weight": 1, "random_weight": 0.9226844638241903, "id": 39}, {"weight": 1, "random_weight": 0.9789272481739483, "id": 42}, {"weight": 1, "random_weight": 0.43172344372637406, "id": 55}, {"weight": 1, "random_weight": 0.22156884493366458, "id": 70}], [{"weight": 1, "random_weight": 0.9386148280524901, "id": 39}, {"weight": 1, "random_weight": 0.23292846841409864, "id": 42}, {"weight": 1, "random_weight": 0.8704276179531762, "id": 45}, {"weight": 2, "random_weight": 0.3629841177669326, "id": 48}], [{"weight": 1, "random_weight": 0.43590336955788656, "id": 8}, {"weight": 2, "random_weight": 0.759315197609641, "id": 20}, {"weight": 1, "random_weight": 0.683199313700472, "id": 31}, {"weight": 1, "random_weight": 0.8358477049927153, "id": 67}, {"weight": 1, "random_weight": 0.8393456860067351, "id": 69}], [{"weight": 1, "random_weight": 0.10199092670600118, "id": 11}, {"weight": 1, "random_weight": 0.7461386671284648, "id": 30}, {"weight": 1, "random_weight": 0.42358603748195867, "id": 57}, {"weight": 2, "random_weight": 0.018837051279456563, "id": 60}, {"weight": 1, "random_weight": 0.8620332895876893, "id": 66}], [{"weight": 1, "random_weight": 0.2996388052403929, "id": 0}, {"weight": 1, "random_weight": 0.9389863058381576, "id": 30}, {"weight": 1, "random_weight": 0.5134945353234756, "id": 57}, {"weight": 1, "random_weight": 0.8620332895876893, "id": 65}, {"weight": 2, "random_weight": 0.6622334282984587, "id": 70}], [{"weight": 1, "random_weight": 0.8605266111368673, "id": 13}, {"weight": 1, "random_weight": 0.18666900474360792, "id": 31}, {"weight": 1, "random_weight": 0.7613867358546801, "id": 37}, {"weight": 1, "random_weight": 0.20245415683230206, "id": 51}, {"weight": 1, "random_weight": 0.8358477049927153, "id": 64}, {"weight": 1, "random_weight": 0.8616086561321423, "id": 69}], [{"weight": 1, "random_weight": 0.8886895784973977, "id": 4}, {"weight": 1, "random_weight": 0.5777709359400226, "id": 5}, {"weight": 1, "random_weight": 0.024719149835149445, "id": 41}, {"weight": 1, "random_weight": 0.887138621276792, "id": 52}, {"weight": 1, "random_weight": 0.8557913770239589, "id": 56}, {"weight": 1, "random_weight": 0.9164438256732633, "id": 71}], [{"weight": 1, "random_weight": 0.5922924634583807, "id": 5}, {"weight": 1, "random_weight": 0.38397858324188217, "id": 13}, {"weight": 1, "random_weight": 0.795242848724776, "id": 56}, {"weight": 1, "random_weight": 0.3334539971319077, "id": 61}, {"weight": 1, "random_weight": 0.8393456860067351, "id": 64}, {"weight": 1, "random_weight": 0.8616086561321423, "id": 67}], [{"weight": 1, "random_weight": 0.421330898566629, "id": 0}, {"weight": 1, "random_weight": 0.9829426738324777, "id": 30}, {"weight": 1, "random_weight": 0.24003698851464594, "id": 34}, {"weight": 1, "random_weight": 0.22156884493366458, "id": 62}, {"weight": 2, "random_weight": 0.6622334282984587, "id": 66}], [{"weight": 1, "random_weight": 0.5429608690910784, "id": 34}, {"weight": 2, "random_weight": 0.5589190317580706, "id": 50}, {"weight": 2, "random_weight": 0.24521820278895712, "id": 55}, {"weight": 1, "random_weight": 0.9164438256732633, "id": 68}]]}