{"directed": false, "multigraph": false, "graph": [], "nodes": [{"graph": null, "nnodes": 2, "nedges": 1, "density": 1.0, "atomics": "[81, 69]", "group_pop": 2, "init_part_assignment": 5, "id": 0}, {"graph": null, "nnodes": 2, "nedges": 1, "density": 1.0, "atomics": "[82, 70]", "group_pop": 2, "init_part_assignment": 2, "id": 1}, {"graph": null, "nnodes": 2, "nedges": 1, "density": 1.0, "atomics": "[74, 75]", "group_pop": 2, "init_part_assignment": 11, "id": 2}, {"graph": null, "nnodes": 2, "nedges": 1, "density": 1.0, "atomics": "[41, 42]", "group_pop": 2, "init_part_assignment": 1, "id": 3}, {"graph": null, "nnodes": 2, "nedges": 1, "density": 1.0, "atomics": "[43, 31]", "group_pop": 2, "init_part_assignment": 1, "id": 4}, {"graph": null, "nnodes": 2, "nedges": 1, "density": 1.0, "atomics": "[49, 61]", "group_pop": 2, "init_part_assignment": 11, "id": 5}, {"graph": null, "nnodes": 2, "nedges": 1, "density": 1.0, "atomics": "[62, 63]", "group_pop": 2, "init_part_assignment": 11, "id": 6}, {"graph": null, "nnodes": 2, "nedges": 1, "density": 1.0, "atomics": "[32, 33]", "group_pop": 2, "init_part_assignment": 0, "id": 7}, {"graph": null, "nnodes": 2, "nedges": 1, "density": 1.0, "atomics": "[20, 21]", "group_pop": 2, "init_part_assignment": 1, "id": 8}, {"graph": null, "nnodes": 2, "nedges": 1, "density": 1.0, "atomics": "[142, 143]", "group_pop": 2, "init_part_assignment": 3, "id": 9}, {"graph": null, "nnodes": 2, "nedges": 1, "density": 1.0, "atomics": "[29, 30]", "group_pop": 2, "init_part_assignment": 1, "id": 10}, {"graph": null, "nnodes": 2, "nedges": 1, "density": 1.0, "atomics": "[8, 9]", "group_pop": 2, "init_part_assignment": 0, "id": 11}, {"graph": null, "nnodes": 2, "nedges": 1, "density": 1.0, "atomics": "[34, 22]", "group_pop": 2, "init_part_assignment": 0, "id": 12}, {"graph": null, "nnodes": 2, "nedges": 1, "density": 1.0, "atomics": "[35, 23]", "group_pop": 2, "init_part_assignment": 0, "id": 13}, {"graph": null, "nnodes": 2, "nedges": 1, "density": 1.0, "atomics": "[10, 11]", "group_pop": 2, "init_part_assignment": 0, "id": 14}, {"graph": null, "nnodes": 2, "nedges": 1, "density": 1.0, "atomics": "[25, 37]", "group_pop": 2, "init_part_assignment": 9, "id": 15}, {"graph": null, "nnodes": 2, "nedges": 1, "density": 1.0, "atomics": "[120, 121]", "group_pop": 2, "init_part_assignment": 10, "id": 16}, {"graph": null, "nnodes": 2, "nedges": 1, "density": 1.0, "atomics": "[132, 133]", "group_pop": 2, "init_part_assignment": 10, "id": 17}, {"graph": null, "nnodes": 2, "nedges": 1, "density": 1.0, "atomics": "[24, 36]", "group_pop": 2, "init_part_assignment": 9, "id": 18}, {"graph": null, "nnodes": 2, "nedges": 1, "density": 1.0, "atomics": "[130, 131]", "group_pop": 2, "init_part_assignment": 3, "id": 19}, {"graph": null, "nnodes": 2, "nedges": 1, "density": 1.0, "atomics": "[19, 7]", "group_pop": 2, "init_part_assignment": 1, "id": 20}, {"graph": null, "nnodes": 2, "nedges": 1, "density": 1.0, "atomics": "[83, 95]", "group_pop": 2, "init_part_assignment": 2, "id": 21}, {"graph": null, "nnodes": 2, "nedges": 1, "density": 1.0, "atomics": "[59, 71]", "group_pop": 2, "init_part_assignment": 2, "id": 22}, {"graph": null, "nnodes": 2, "nedges": 1, "density": 1.0, "atomics": "[18, 6]", "group_pop": 2, "init_part_assignment": 1, "id": 23}, {"graph": null, "nnodes": 2, "nedges": 1, "density": 1.0, "atomics": "[123, 111]", "group_pop": 2, "init_part_assignment": 8, "id": 24}, {"graph": null, "nnodes": 2, "nedges": 1, "density": 1.0, "atomics": "[134, 135]", "group_pop": 2, "init_part_assignment": 10, "id": 25}, {"graph": null, "nnodes": 2, "nedges": 1, "density": 1.0, "atomics": "[96, 97]", "group_pop": 2, "init_part_assignment": 10, "id": 26}, {"graph": null, "nnodes": 2, "nedges": 1, "density": 1.0, "atomics": "[108, 109]", "group_pop": 2, "init_part_assignment": 10, "id": 27}, {"graph": null, "nnodes": 2, "nedges": 1, "density": 1.0, "atomics": "[129, 141]", "group_pop": 2, "init_part_assignment": 3, "id": 28}, {"graph": null, "nnodes": 2, "nedges": 1, "density": 1.0, "atomics": "[117, 118]", "group_pop": 2, "init_part_assignment": 3, "id": 29}, {"graph": null, "nnodes": 2, "nedges": 1, "density": 1.0, "atomics": "[1, 13]", "group_pop": 2, "init_part_assignment": 9, "id": 30}, {"graph": null, "nnodes": 2, "nedges": 1, "density": 1.0, "atomics": "[66, 67]", "group_pop": 2, "init_part_assignment": 4, "id": 31}, {"graph": null, "nnodes": 2, "nedges": 1, "density": 1.0, "atomics": "[80, 79]", "group_pop": 2, "init_part_assignment": 5, "id": 32}, {"graph": null, "nnodes": 2, "nedges": 1, "density": 1.0, "atomics": "[57, 58]", "group_pop": 2, "init_part_assignment": 2, "id": 33}, {"graph": null, "nnodes": 2, "nedges": 1, "density": 1.0, "atomics": "[48, 60]", "group_pop": 2, "init_part_assignment": 11, "id": 34}, {"graph": null, "nnodes": 2, "nedges": 1, "density": 1.0, "atomics": "[136, 137]", "group_pop": 2, "init_part_assignment": 6, "id": 35}, {"graph": null, "nnodes": 2, "nedges": 1, "density": 1.0, "atomics": "[124, 125]", "group_pop": 2, "init_part_assignment": 8, "id": 36}, {"graph": null, "nnodes": 2, "nedges": 1, "density": 1.0, "atomics": "[40, 39]", "group_pop": 2, "init_part_assignment": 7, "id": 37}, {"graph": null, "nnodes": 2, "nedges": 1, "density": 1.0, "atomics": "[27, 28]", "group_pop": 2, "init_part_assignment": 7, "id": 38}, {"graph": null, "nnodes": 2, "nedges": 1, "density": 1.0, "atomics": "[0, 12]", "group_pop": 2, "init_part_assignment": 9, "id": 39}, {"graph": null, "nnodes": 2, "nedges": 1, "density": 1.0, "atomics": "[128, 140]", "group_pop": 2, "init_part_assignment": 3, "id": 40}, {"graph": null, "nnodes": 2, "nedges": 1, "density": 1.0, "atomics": "[115, 116]", "group_pop": 2, "init_part_assignment": 5, "id": 41}, {"graph": null, "nnodes": 2, "nedges": 1, "density": 1.0, "atomics": "[122, 110]", "group_pop": 2, "init_part_assignment": 10, "id": 42}, {"graph": null, "nnodes": 2, "nedges": 1, "density": 1.0, "atomics": "[112, 100]", "group_pop": 2, "init_part_assignment": 8, "id": 43}, {"graph": null, "nnodes": 2, "nedges": 1, "density": 1.0, "atomics": "[113, 101]", "group_pop": 2, "init_part_assignment": 8, "id": 44}, {"graph": null, "nnodes": 2, "nedges": 1, "density": 1.0, "atomics": "[2, 14]", "group_pop": 2, "init_part_assignment": 9, "id": 45}, {"graph": null, "nnodes": 2, "nedges": 1, "density": 1.0, "atomics": "[16, 17]", "group_pop": 2, "init_part_assignment": 7, "id": 46}, {"graph": null, "nnodes": 2, "nedges": 1, "density": 1.0, "atomics": "[4, 5]", "group_pop": 2, "init_part_assignment": 7, "id": 47}, {"graph": null, "nnodes": 2, "nedges": 1, "density": 1.0, "atomics": "[3, 15]", "group_pop": 2, "init_part_assignment": 9, "id": 48}, {"graph": null, "nnodes": 2, "nedges": 1, "density": 1.0, "atomics": "[77, 78]", "group_pop": 2, "init_part_assignment": 6, "id": 49}, {"graph": null, "nnodes": 2, "nedges": 1, "density": 1.0, "atomics": "[72, 84]", "group_pop": 2, "init_part_assignment": 11, "id": 50}, {"graph": null, "nnodes": 2, "nedges": 1, "density": 1.0, "atomics": "[46, 47]", "group_pop": 2, "init_part_assignment": 0, "id": 51}, {"graph": null, "nnodes": 2, "nedges": 1, "density": 1.0, "atomics": "[56, 68]", "group_pop": 2, "init_part_assignment": 4, "id": 52}, {"graph": null, "nnodes": 2, "nedges": 1, "density": 1.0, "atomics": "[64, 52]", "group_pop": 2, "init_part_assignment": 4, "id": 53}, {"graph": null, "nnodes": 2, "nedges": 1, "density": 1.0, "atomics": "[139, 127]", "group_pop": 2, "init_part_assignment": 5, "id": 54}, {"graph": null, "nnodes": 2, "nedges": 1, "density": 1.0, "atomics": "[93, 94]", "group_pop": 2, "init_part_assignment": 2, "id": 55}, {"graph": null, "nnodes": 2, "nedges": 1, "density": 1.0, "atomics": "[44, 45]", "group_pop": 2, "init_part_assignment": 2, "id": 56}, {"graph": null, "nnodes": 2, "nedges": 1, "density": 1.0, "atomics": "[73, 85]", "group_pop": 2, "init_part_assignment": 11, "id": 57}, {"graph": null, "nnodes": 2, "nedges": 1, "density": 1.0, "atomics": "[107, 119]", "group_pop": 2, "init_part_assignment": 3, "id": 58}, {"graph": null, "nnodes": 2, "nedges": 1, "density": 1.0, "atomics": "[54, 55]", "group_pop": 2, "init_part_assignment": 4, "id": 59}, {"graph": null, "nnodes": 2, "nedges": 1, "density": 1.0, "atomics": "[91, 103]", "group_pop": 2, "init_part_assignment": 6, "id": 60}, {"graph": null, "nnodes": 2, "nedges": 1, "density": 1.0, "atomics": "[138, 126]", "group_pop": 2, "init_part_assignment": 6, "id": 61}, {"graph": null, "nnodes": 2, "nedges": 1, "density": 1.0, "atomics": "[50, 51]", "group_pop": 2, "init_part_assignment": 7, "id": 62}, {"graph": null, "nnodes": 2, "nedges": 1, "density": 1.0, "atomics": "[26, 38]", "group_pop": 2, "init_part_assignment": 7, "id": 63}, {"graph": null, "nnodes": 2, "nedges": 1, "density": 1.0, "atomics": "[98, 86]", "group_pop": 2, "init_part_assignment": 8, "id": 64}, {"graph": null, "nnodes": 2, "nedges": 1, "density": 1.0, "atomics": "[114, 102]", "group_pop": 2, "init_part_assignment": 6, "id": 65}, {"graph": null, "nnodes": 2, "nedges": 1, "density": 1.0, "atomics": "[105, 106]", "group_pop": 2, "init_part_assignment": 5, "id": 66}, {"graph": null, "nnodes": 2, "nedges": 1, "density": 1.0, "atomics": "[99, 87]", "group_pop": 2, "init_part_assignment": 8, "id": 67}, {"graph": null, "nnodes": 2, "nedges": 1, "density": 1.0, "atomics": "[104, 92]", "group_pop": 2, "init_part_assignment": 5, "id": 68}, {"graph": null, "nnodes": 2, "nedges": 1, "density": 1.0, "atomics": "[65, 53]", "group_pop": 2, "init_part_assignment": 4, "id": 69}, {"graph": null, "nnodes": 2, "nedges": 1, "density": 1.0, "atomics": "[88, 76]", "group_pop": 2, "init_part_assignment": 4, "id": 70}, {"graph": null, "nnodes": 2, "nedges": 1, "density": 1.0, "atomics": "[89, 90]", "group_pop": 2, "init_part_assignment": 6, "id": 71}], "adjacency": [[{"weight": 2, "random_weight": 0.4468839801903324, "id": 1}, {"weight": 1, "random_weight": 0.14636282963545488, "id": 32}, {"weight": 1, "random_weight": 0.2766604406554899, "id": 33}, {"weight": 1, "random_weight": 0.7782802371090436, "id": 52}, {"weight": 1, "random_weight": 0.15223722511523052, "id": 55}], [{"weight": 2, "random_weight": 0.4468839801903324, "id": 0}, {"weight": 1, "random_weight": 0.8912209245487, "id": 21}, {"weight": 1, "random_weight": 0.5528478313880626, "id": 22}, {"weight": 1, "random_weight": 0.12832613561961115, "id": 33}, {"weight": 1, "random_weight": 0.14266515101140642, "id": 55}], [{"weight": 2, "random_weight": 0.05347911563830887, "id": 6}, {"weight": 1, "random_weight": 0.6980019944407748, "id": 57}, {"weight": 1, "random_weight": 0.36713199824356035, "id": 64}, {"weight": 1, "random_weight": 0.9607650551091454, "id": 67}, {"weight": 1, "random_weight": 0.6825880219165144, "id": 70}], [{"weight": 1, "random_weight": 0.6785888988841343, "id": 4}, {"weight": 2, "random_weight": 0.26900315859911605, "id": 10}, {"weight": 1, "random_weight": 0.7513089462823558, "id": 37}, {"weight": 1, "random_weight": 0.9093243865592362, "id": 59}, {"weight": 1, "random_weight": 0.7044923339592117, "id": 69}], [{"weight": 1, "random_weight": 0.6785888988841343, "id": 3}, {"weight": 1, "random_weight": 0.6418304262683504, "id": 7}, {"weight": 1, "random_weight": 0.3924086852643782, "id": 10}, {"weight": 1, "random_weight": 0.43754177908852454, "id": 20}, {"weight": 1, "random_weight": 0.7283509960626005, "id": 56}, {"weight": 1, "random_weight": 0.8027075929391001, "id": 59}], [{"weight": 1, "random_weight": 0.7786627390100623, "id": 6}, {"weight": 1, "random_weight": 0.8628376140216365, "id": 15}, {"weight": 2, "random_weight": 0.3359837160270752, "id": 34}, {"weight": 1, "random_weight": 0.33620532815817616, "id": 57}, {"weight": 1, "random_weight": 0.29134549503050866, "id": 62}], [{"weight": 2, "random_weight": 0.05347911563830887, "id": 2}, {"weight": 1, "random_weight": 0.7786627390100623, "id": 5}, {"weight": 1, "random_weight": 0.3776155077920834, "id": 53}, {"weight": 2, "random_weight": 0.4927694678578577, "id": 62}], [{"weight": 1, "random_weight": 0.6418304262683504, "id": 4}, {"weight": 2, "random_weight": 0.8714471017323906, "id": 8}, {"weight": 1, "random_weight": 0.36173589773986525, "id": 12}, {"weight": 2, "random_weight": 0.5797826677065527, "id": 56}], [{"weight": 2, "random_weight": 0.8714471017323906, "id": 7}, {"weight": 2, "random_weight": 0.7869723631156028, "id": 11}, {"weight": 1, "random_weight": 0.8886942122273019, "id": 12}, {"weight": 1, "random_weight": 0.7179499795376245, "id": 20}], [{"weight": 2, "random_weight": 0.9180304270713908, "id": 19}, {"weight": 1, "random_weight": 0.4918120589666194, "id": 28}], [{"weight": 2, "random_weight": 0.26900315859911605, "id": 3}, {"weight": 1, "random_weight": 0.3924086852643782, "id": 4}, {"weight": 1, "random_weight": 0.9268036151910817, "id": 23}, {"weight": 1, "random_weight": 0.5451306739543179, "id": 38}, {"weight": 1, "random_weight": 0.2680619745552266, "id": 46}], [{"weight": 2, "random_weight": 0.7869723631156028, "id": 8}, {"weight": 1, "random_weight": 0.5444048387443882, "id": 14}, {"weight": 1, "random_weight": 0.959316817599033, "id": 20}], [{"weight": 1, "random_weight": 0.36173589773986525, "id": 7}, {"weight": 1, "random_weight": 0.8886942122273019, "id": 8}, {"weight": 2, "random_weight": 0.4822501919833351, "id": 13}, {"weight": 1, "random_weight": 0.11627992556967359, "id": 14}, {"weight": 1, "random_weight": 0.5215656997188619, "id": 51}], [{"weight": 2, "random_weight": 0.4822501919833351, "id": 12}, {"weight": 1, "random_weight": 0.3075929952835963, "id": 14}, {"weight": 1, "random_weight": 0.7205316650285658, "id": 51}], [{"weight": 1, "random_weight": 0.5444048387443882, "id": 11}, {"weight": 1, "random_weight": 0.11627992556967359, "id": 12}, {"weight": 1, "random_weight": 0.3075929952835963, "id": 13}], [{"weight": 1, "random_weight": 0.8628376140216365, "id": 5}, {"weight": 2, "random_weight": 0.538219410792678, "id": 18}, {"weight": 1, "random_weight": 0.7126785284444795, "id": 30}, {"weight": 2, "random_weight": 0.8662059005404087, "id": 63}], [{"weight": 2, "random_weight": 0.7501364982382676, "id": 17}, {"weight": 2, "random_weight": 0.984871445135252, "id": 27}, {"weight": 1, "random_weight": 0.7229472573375748, "id": 42}], [{"weight": 2, "random_weight": 0.7501364982382676, "id": 16}, {"weight": 1, "random_weight": 0.0017243700150179064, "id": 25}], [{"weight": 2, "random_weight": 0.538219410792678, "id": 15}, {"weight": 1, "random_weight": 0.9858619291191961, "id": 34}, {"weight": 1, "random_weight": 0.50031327825536, "id": 39}], [{"weight": 2, "random_weight": 0.9180304270713908, "id": 9}, {"weight": 1, "random_weight": 0.47966703577902225, "id": 28}, {"weight": 1, "random_weight": 0.15603984341792565, "id": 29}, {"weight": 1, "random_weight": 0.11128299218622106, "id": 58}], [{"weight": 1, "random_weight": 0.43754177908852454, "id": 4}, {"weight": 1, "random_weight": 0.7179499795376245, "id": 8}, {"weight": 1, "random_weight": 0.959316817599033, "id": 11}, {"weight": 2, "random_weight": 0.2820928285642328, "id": 23}], [{"weight": 1, "random_weight": 0.8912209245487, "id": 1}, {"weight": 1, "random_weight": 0.5108345270421304, "id": 22}, {"weight": 1, "random_weight": 0.3356940783876007, "id": 55}, {"weight": 1, "random_weight": 0.38690640854026703, "id": 58}], [{"weight": 1, "random_weight": 0.5528478313880626, "id": 1}, {"weight": 1, "random_weight": 0.5108345270421304, "id": 21}, {"weight": 1, "random_weight": 0.7007260529501014, "id": 33}, {"weight": 1, "random_weight": 0.6544573804497367, "id": 51}], [{"weight": 1, "random_weight": 0.9268036151910817, "id": 10}, {"weight": 2, "random_weight": 0.2820928285642328, "id": 20}, {"weight": 1, "random_weight": 0.6808579098540405, "id": 46}, {"weight": 1, "random_weight": 0.5784387697224775, "id": 47}], [{"weight": 1, "random_weight": 0.9325616492208302, "id": 25}, {"weight": 1, "random_weight": 0.8050470240140964, "id": 36}, {"weight": 2, "random_weight": 0.648269760008456, "id": 42}, {"weight": 1, "random_weight": 0.8127790927112536, "id": 43}, {"weight": 1, "random_weight": 0.24704515575210206, "id": 67}], [{"weight": 1, "random_weight": 0.0017243700150179064, "id": 17}, {"weight": 1, "random_weight": 0.9325616492208302, "id": 24}, {"weight": 1, "random_weight": 0.13203928319224922, "id": 35}, {"weight": 1, "random_weight": 0.08362048409358314, "id": 42}], [{"weight": 2, "random_weight": 0.2219150384226426, "id": 27}, {"weight": 1, "random_weight": 0.636165188129218, "id": 50}, {"weight": 1, "random_weight": 0.5304455596429062, "id": 57}, {"weight": 1, "random_weight": 0.8595185614563312, "id": 64}], [{"weight": 2, "random_weight": 0.984871445135252, "id": 16}, {"weight": 2, "random_weight": 0.2219150384226426, "id": 26}, {"weight": 1, "random_weight": 0.48687660578086034, "id": 42}], [{"weight": 1, "random_weight": 0.4918120589666194, "id": 9}, {"weight": 1, "random_weight": 0.47966703577902225, "id": 19}, {"weight": 1, "random_weight": 0.7240731080012563, "id": 29}, {"weight": 2, "random_weight": 0.34175762108272545, "id": 40}], [{"weight": 1, "random_weight": 0.15603984341792565, "id": 19}, {"weight": 1, "random_weight": 0.7240731080012563, "id": 28}, {"weight": 1, "random_weight": 0.43143561569916156, "id": 41}, {"weight": 1, "random_weight": 0.18124925581673756, "id": 58}, {"weight": 2, "random_weight": 0.854322982010016, "id": 66}], [{"weight": 1, "random_weight": 0.7126785284444795, "id": 15}, {"weight": 2, "random_weight": 0.7366893772695771, "id": 39}, {"weight": 2, "random_weight": 0.8219771298260168, "id": 45}], [{"weight": 1, "random_weight": 0.64697347967201, "id": 32}, {"weight": 1, "random_weight": 0.7677007817038831, "id": 49}, {"weight": 1, "random_weight": 0.6961454839103884, "id": 52}, {"weight": 2, "random_weight": 0.5014744388594848, "id": 59}, {"weight": 1, "random_weight": 0.5811468764505698, "id": 69}], [{"weight": 1, "random_weight": 0.14636282963545488, "id": 0}, {"weight": 1, "random_weight": 0.64697347967201, "id": 31}, {"weight": 1, "random_weight": 0.9322139206738428, "id": 49}, {"weight": 1, "random_weight": 0.8349943301069942, "id": 52}, {"weight": 1, "random_weight": 0.7222655642851655, "id": 60}, {"weight": 1, "random_weight": 0.2391850299974474, "id": 68}], [{"weight": 1, "random_weight": 0.2766604406554899, "id": 0}, {"weight": 1, "random_weight": 0.12832613561961115, "id": 1}, {"weight": 1, "random_weight": 0.7007260529501014, "id": 22}, {"weight": 1, "random_weight": 0.7803518429175924, "id": 51}, {"weight": 1, "random_weight": 0.40223484925057884, "id": 52}, {"weight": 1, "random_weight": 0.11411527570035518, "id": 56}], [{"weight": 2, "random_weight": 0.3359837160270752, "id": 5}, {"weight": 1, "random_weight": 0.9858619291191961, "id": 18}, {"weight": 1, "random_weight": 0.15618678340257552, "id": 50}], [{"weight": 1, "random_weight": 0.13203928319224922, "id": 25}, {"weight": 2, "random_weight": 0.7196930190709613, "id": 36}, {"weight": 1, "random_weight": 0.6122720130629505, "id": 61}], [{"weight": 1, "random_weight": 0.8050470240140964, "id": 24}, {"weight": 2, "random_weight": 0.7196930190709613, "id": 35}, {"weight": 1, "random_weight": 0.4503594814387961, "id": 43}, {"weight": 1, "random_weight": 0.639913424693089, "id": 44}, {"weight": 1, "random_weight": 0.670921197792522, "id": 61}], [{"weight": 1, "random_weight": 0.7513089462823558, "id": 3}, {"weight": 2, "random_weight": 0.1756546773376032, "id": 38}, {"weight": 1, "random_weight": 0.8302788496967166, "id": 53}, {"weight": 1, "random_weight": 0.7328837447153798, "id": 62}, {"weight": 1, "random_weight": 0.18857143691138734, "id": 63}], [{"weight": 1, "random_weight": 0.5451306739543179, "id": 10}, {"weight": 2, "random_weight": 0.1756546773376032, "id": 37}, {"weight": 1, "random_weight": 0.6076692180244024, "id": 46}, {"weight": 1, "random_weight": 0.8799974170277554, "id": 48}, {"weight": 1, "random_weight": 0.42014607329930864, "id": 63}], [{"weight": 1, "random_weight": 0.50031327825536, "id": 18}, {"weight": 2, "random_weight": 0.7366893772695771, "id": 30}], [{"weight": 2, "random_weight": 0.34175762108272545, "id": 28}, {"weight": 1, "random_weight": 0.5225146833550379, "id": 41}, {"weight": 2, "random_weight": 0.9587307319382407, "id": 54}], [{"weight": 1, "random_weight": 0.43143561569916156, "id": 29}, {"weight": 1, "random_weight": 0.5225146833550379, "id": 40}, {"weight": 1, "random_weight": 0.17536801709689465, "id": 54}, {"weight": 1, "random_weight": 0.25073823327599865, "id": 60}, {"weight": 1, "random_weight": 0.35983062792129394, "id": 65}, {"weight": 1, "random_weight": 0.3852053126649094, "id": 68}], [{"weight": 1, "random_weight": 0.7229472573375748, "id": 16}, {"weight": 2, "random_weight": 0.648269760008456, "id": 24}, {"weight": 1, "random_weight": 0.08362048409358314, "id": 25}, {"weight": 1, "random_weight": 0.48687660578086034, "id": 27}, {"weight": 1, "random_weight": 0.8970824633738322, "id": 64}], [{"weight": 1, "random_weight": 0.8127790927112536, "id": 24}, {"weight": 1, "random_weight": 0.4503594814387961, "id": 36}, {"weight": 2, "random_weight": 0.5307630201528737, "id": 44}, {"weight": 1, "random_weight": 0.79040398719314, "id": 67}, {"weight": 1, "random_weight": 0.8497046932289718, "id": 70}], [{"weight": 1, "random_weight": 0.639913424693089, "id": 36}, {"weight": 2, "random_weight": 0.5307630201528737, "id": 43}, {"weight": 2, "random_weight": 0.9572132145111705, "id": 65}, {"weight": 1, "random_weight": 0.6983674630332511, "id": 71}], [{"weight": 2, "random_weight": 0.8219771298260168, "id": 30}, {"weight": 2, "random_weight": 0.6229815354649503, "id": 48}, {"weight": 1, "random_weight": 0.568400162886323, "id": 63}], [{"weight": 1, "random_weight": 0.2680619745552266, "id": 10}, {"weight": 1, "random_weight": 0.6808579098540405, "id": 23}, {"weight": 1, "random_weight": 0.6076692180244024, "id": 38}, {"weight": 2, "random_weight": 0.44587858645227096, "id": 47}, {"weight": 1, "random_weight": 0.7105467129771245, "id": 48}], [{"weight": 1, "random_weight": 0.5784387697224775, "id": 23}, {"weight": 2, "random_weight": 0.44587858645227096, "id": 46}, {"weight": 1, "random_weight": 0.977402333850119, "id": 48}], [{"weight": 1, "random_weight": 0.8799974170277554, "id": 38}, {"weight": 2, "random_weight": 0.6229815354649503, "id": 45}, {"weight": 1, "random_weight": 0.7105467129771245, "id": 46}, {"weight": 1, "random_weight": 0.977402333850119, "id": 47}], [{"weight": 1, "random_weight": 0.7677007817038831, "id": 31}, {"weight": 1, "random_weight": 0.9322139206738428, "id": 32}, {"weight": 1, "random_weight": 0.891772724639036, "id": 69}, {"weight": 1, "random_weight": 0.8155821601473707, "id": 70}, {"weight": 2, "random_weight": 0.19093108811316994, "id": 71}], [{"weight": 1, "random_weight": 0.636165188129218, "id": 26}, {"weight": 1, "random_weight": 0.15618678340257552, "id": 34}, {"weight": 2, "random_weight": 0.6236694532176331, "id": 57}], [{"weight": 1, "random_weight": 0.5215656997188619, "id": 12}, {"weight": 1, "random_weight": 0.7205316650285658, "id": 13}, {"weight": 1, "random_weight": 0.6544573804497367, "id": 22}, {"weight": 1, "random_weight": 0.7803518429175924, "id": 33}, {"weight": 1, "random_weight": 0.5579568134958713, "id": 56}], [{"weight": 1, "random_weight": 0.7782802371090436, "id": 0}, {"weight": 1, "random_weight": 0.6961454839103884, "id": 31}, {"weight": 1, "random_weight": 0.8349943301069942, "id": 32}, {"weight": 1, "random_weight": 0.40223484925057884, "id": 33}, {"weight": 1, "random_weight": 0.7973975364931928, "id": 56}, {"weight": 1, "random_weight": 0.8597355046967368, "id": 59}], [{"weight": 1, "random_weight": 0.3776155077920834, "id": 6}, {"weight": 1, "random_weight": 0.8302788496967166, "id": 37}, {"weight": 1, "random_weight": 0.5257793785870859, "id": 62}, {"weight": 2, "random_weight": 0.44015702414839386, "id": 69}, {"weight": 1, "random_weight": 0.07903194027965521, "id": 70}], [{"weight": 2, "random_weight": 0.9587307319382407, "id": 40}, {"weight": 1, "random_weight": 0.17536801709689465, "id": 41}, {"weight": 2, "random_weight": 0.7093655218470851, "id": 61}], [{"weight": 1, "random_weight": 0.15223722511523052, "id": 0}, {"weight": 1, "random_weight": 0.14266515101140642, "id": 1}, {"weight": 1, "random_weight": 0.3356940783876007, "id": 21}, {"weight": 2, "random_weight": 0.7120610062295638, "id": 66}, {"weight": 1, "random_weight": 0.43775807812017387, "id": 68}], [{"weight": 1, "random_weight": 0.7283509960626005, "id": 4}, {"weight": 2, "random_weight": 0.5797826677065527, "id": 7}, {"weight": 1, "random_weight": 0.11411527570035518, "id": 33}, {"weight": 1, "random_weight": 0.5579568134958713, "id": 51}, {"weight": 1, "random_weight": 0.7973975364931928, "id": 52}], [{"weight": 1, "random_weight": 0.6980019944407748, "id": 2}, {"weight": 1, "random_weight": 0.33620532815817616, "id": 5}, {"weight": 1, "random_weight": 0.5304455596429062, "id": 26}, {"weight": 2, "random_weight": 0.6236694532176331, "id": 50}, {"weight": 1, "random_weight": 0.6783655983013991, "id": 64}], [{"weight": 1, "random_weight": 0.11128299218622106, "id": 19}, {"weight": 1, "random_weight": 0.38690640854026703, "id": 21}, {"weight": 1, "random_weight": 0.18124925581673756, "id": 29}, {"weight": 1, "random_weight": 0.9870889840733416, "id": 66}], [{"weight": 1, "random_weight": 0.9093243865592362, "id": 3}, {"weight": 1, "random_weight": 0.8027075929391001, "id": 4}, {"weight": 2, "random_weight": 0.5014744388594848, "id": 31}, {"weight": 1, "random_weight": 0.8597355046967368, "id": 52}, {"weight": 1, "random_weight": 0.21068864835013223, "id": 69}], [{"weight": 1, "random_weight": 0.7222655642851655, "id": 32}, {"weight": 1, "random_weight": 0.25073823327599865, "id": 41}, {"weight": 1, "random_weight": 0.3337014863283727, "id": 65}, {"weight": 2, "random_weight": 0.5489735717993617, "id": 68}, {"weight": 1, "random_weight": 0.26887706043964654, "id": 71}], [{"weight": 1, "random_weight": 0.6122720130629505, "id": 35}, {"weight": 1, "random_weight": 0.670921197792522, "id": 36}, {"weight": 2, "random_weight": 0.7093655218470851, "id": 54}, {"weight": 1, "random_weight": 0.07798051624656155, "id": 65}], [{"weight": 1, "random_weight": 0.29134549503050866, "id": 5}, {"weight": 2, "random_weight": 0.4927694678578577, "id": 6}, {"weight": 1, "random_weight": 0.7328837447153798, "id": 37}, {"weight": 1, "random_weight": 0.5257793785870859, "id": 53}, {"weight": 1, "random_weight": 0.1745873024815111, "id": 63}], [{"weight": 2, "random_weight": 0.8662059005404087, "id": 15}, {"weight": 1, "random_weight": 0.18857143691138734, "id": 37}, {"weight": 1, "random_weight": 0.42014607329930864, "id": 38}, {"weight": 1, "random_weight": 0.568400162886323, "id": 45}, {"weight": 1, "random_weight": 0.1745873024815111, "id": 62}], [{"weight": 1, "random_weight": 0.36713199824356035, "id": 2}, {"weight": 1, "random_weight": 0.8595185614563312, "id": 26}, {"weight": 1, "random_weight": 0.8970824633738322, "id": 42}, {"weight": 1, "random_weight": 0.6783655983013991, "id": 57}, {"weight": 2, "random_weight": 0.6462391115236781, "id": 67}], [{"weight": 1, "random_weight": 0.35983062792129394, "id": 41}, {"weight": 2, "random_weight": 0.9572132145111705, "id": 44}, {"weight": 1, "random_weight": 0.3337014863283727, "id": 60}, {"weight": 1, "random_weight": 0.07798051624656155, "id": 61}, {"weight": 1, "random_weight": 0.1674627129682985, "id": 71}], [{"weight": 2, "random_weight": 0.854322982010016, "id": 29}, {"weight": 2, "random_weight": 0.7120610062295638, "id": 55}, {"weight": 1, "random_weight": 0.9870889840733416, "id": 58}, {"weight": 1, "random_weight": 0.5588698920499184, "id": 68}], [{"weight": 1, "random_weight": 0.9607650551091454, "id": 2}, {"weight": 1, "random_weight": 0.24704515575210206, "id": 24}, {"weight": 1, "random_weight": 0.79040398719314, "id": 43}, {"weight": 2, "random_weight": 0.6462391115236781, "id": 64}, {"weight": 1, "random_weight": 0.6131913896717446, "id": 70}], [{"weight": 1, "random_weight": 0.2391850299974474, "id": 32}, {"weight": 1, "random_weight": 0.3852053126649094, "id": 41}, {"weight": 1, "random_weight": 0.43775807812017387, "id": 55}, {"weight": 2, "random_weight": 0.5489735717993617, "id": 60}, {"weight": 1, "random_weight": 0.5588698920499184, "id": 66}], [{"weight": 1, "random_weight": 0.7044923339592117, "id": 3}, {"weight": 1, "random_weight": 0.5811468764505698, "id": 31}, {"weight": 1, "random_weight": 0.891772724639036, "id": 49}, {"weight": 2, "random_weight": 0.44015702414839386, "id": 53}, {"weight": 1, "random_weight": 0.21068864835013223, "id": 59}], [{"weight": 1, "random_weight": 0.6825880219165144, "id": 2}, {"weight": 1, "random_weight": 0.8497046932289718, "id": 43}, {"weight": 1, "random_weight": 0.8155821601473707, "id": 49}, {"weight": 1, "random_weight": 0.07903194027965521, "id": 53}, {"weight": 1, "random_weight": 0.6131913896717446, "id": 67}, {"weight": 1, "random_weight": 0.8673767976099344, "id": 71}], [{"weight": 1, "random_weight": 0.6983674630332511, "id": 44}, {"weight": 2, "random_weight": 0.19093108811316994, "id": 49}, {"weight": 1, "random_weight": 0.26887706043964654, "id": 60}, {"weight": 1, "random_weight": 0.1674627129682985, "id": 65}, {"weight": 1, "random_weight": 0.8673767976099344, "id": 70}]]}