{"directed": false, "multigraph": false, "graph": [], "nodes": [{"graph": null, "nnodes": 2, "nedges": 1, "density": 1.0, "atomics": "[81, 82]", "group_pop": 2, "init_part_assignment": 10, "id": 0}, {"graph": null, "nnodes": 2, "nedges": 1, "density": 1.0, "atomics": "[57, 69]", "group_pop": 2, "init_part_assignment": 11, "id": 1}, {"graph": null, "nnodes": 2, "nedges": 1, "density": 1.0, "atomics": "[70, 71]", "group_pop": 2, "init_part_assignment": 6, "id": 2}, {"graph": null, "nnodes": 2, "nedges": 1, "density": 1.0, "atomics": "[74, 75]", "group_pop": 2, "init_part_assignment": 1, "id": 3}, {"graph": null, "nnodes": 2, "nedges": 1, "density": 1.0, "atomics": "[41, 42]", "group_pop": 2, "init_part_assignment": 2, "id": 4}, {"graph": null, "nnodes": 2, "nedges": 1, "density": 1.0, "atomics": "[43, 44]", "group_pop": 2, "init_part_assignment": 7, "id": 5}, {"graph": null, "nnodes": 2, "nedges": 1, "density": 1.0, "atomics": "[60, 61]", "group_pop": 2, "init_part_assignment": 1, "id": 6}, {"graph": null, "nnodes": 2, "nedges": 1, "density": 1.0, "atomics": "[50, 62]", "group_pop": 2, "init_part_assignment": 1, "id": 7}, {"graph": null, "nnodes": 2, "nedges": 1, "density": 1.0, "atomics": "[32, 31]", "group_pop": 2, "init_part_assignment": 7, "id": 8}, {"graph": null, "nnodes": 2, "nedges": 1, "density": 1.0, "atomics": "[20, 21]", "group_pop": 2, "init_part_assignment": 7, "id": 9}, {"graph": null, "nnodes": 2, "nedges": 1, "density": 1.0, "atomics": "[130, 142]", "group_pop": 2, "init_part_assignment": 8, "id": 10}, {"graph": null, "nnodes": 2, "nedges": 1, "density": 1.0, "atomics": "[131, 143]", "group_pop": 2, "init_part_assignment": 10, "id": 11}, {"graph": null, "nnodes": 2, "nedges": 1, "density": 1.0, "atomics": "[29, 30]", "group_pop": 2, "init_part_assignment": 3, "id": 12}, {"graph": null, "nnodes": 2, "nedges": 1, "density": 1.0, "atomics": "[8, 9]", "group_pop": 2, "init_part_assignment": 7, "id": 13}, {"graph": null, "nnodes": 2, "nedges": 1, "density": 1.0, "atomics": "[34, 46]", "group_pop": 2, "init_part_assignment": 6, "id": 14}, {"graph": null, "nnodes": 2, "nedges": 1, "density": 1.0, "atomics": "[35, 47]", "group_pop": 2, "init_part_assignment": 6, "id": 15}, {"graph": null, "nnodes": 2, "nedges": 1, "density": 1.0, "atomics": "[10, 11]", "group_pop": 2, "init_part_assignment": 6, "id": 16}, {"graph": null, "nnodes": 2, "nedges": 1, "density": 1.0, "atomics": "[22, 23]", "group_pop": 2, "init_part_assignment": 6, "id": 17}, {"graph": null, "nnodes": 2, "nedges": 1, "density": 1.0, "atomics": "[48, 49]", "group_pop": 2, "init_part_assignment": 1, "id": 18}, {"graph": null, "nnodes": 2, "nedges": 1, "density": 1.0, "atomics": "[37, 38]", "group_pop": 2, "init_part_assignment": 0, "id": 19}, {"graph": null, "nnodes": 2, "nedges": 1, "density": 1.0, "atomics": "[120, 121]", "group_pop": 2, "init_part_assignment": 5, "id": 20}, {"graph": null, "nnodes": 2, "nedges": 1, "density": 1.0, "atomics": "[132, 133]", "group_pop": 2, "init_part_assignment": 5, "id": 21}, {"graph": null, "nnodes": 2, "nedges": 1, "density": 1.0, "atomics": "[24, 36]", "group_pop": 2, "init_part_assignment": 0, "id": 22}, {"graph": null, "nnodes": 2, "nedges": 1, "density": 1.0, "atomics": "[19, 7]", "group_pop": 2, "init_part_assignment": 7, "id": 23}, {"graph": null, "nnodes": 2, "nedges": 1, "density": 1.0, "atomics": "[83, 95]", "group_pop": 2, "init_part_assignment": 10, "id": 24}, {"graph": null, "nnodes": 2, "nedges": 1, "density": 1.0, "atomics": "[18, 6]", "group_pop": 2, "init_part_assignment": 3, "id": 25}, {"graph": null, "nnodes": 2, "nedges": 1, "density": 1.0, "atomics": "[123, 111]", "group_pop": 2, "init_part_assignment": 5, "id": 26}, {"graph": null, "nnodes": 2, "nedges": 1, "density": 1.0, "atomics": "[134, 135]", "group_pop": 2, "init_part_assignment": 5, "id": 27}, {"graph": null, "nnodes": 2, "nedges": 1, "density": 1.0, "atomics": "[96, 97]", "group_pop": 2, "init_part_assignment": 4, "id": 28}, {"graph": null, "nnodes": 2, "nedges": 1, "density": 1.0, "atomics": "[108, 109]", "group_pop": 2, "init_part_assignment": 4, "id": 29}, {"graph": null, "nnodes": 2, "nedges": 1, "density": 1.0, "atomics": "[129, 141]", "group_pop": 2, "init_part_assignment": 8, "id": 30}, {"graph": null, "nnodes": 2, "nedges": 1, "density": 1.0, "atomics": "[105, 117]", "group_pop": 2, "init_part_assignment": 8, "id": 31}, {"graph": null, "nnodes": 2, "nedges": 1, "density": 1.0, "atomics": "[25, 26]", "group_pop": 2, "init_part_assignment": 0, "id": 32}, {"graph": null, "nnodes": 2, "nedges": 1, "density": 1.0, "atomics": "[13, 14]", "group_pop": 2, "init_part_assignment": 0, "id": 33}, {"graph": null, "nnodes": 2, "nedges": 1, "density": 1.0, "atomics": "[67, 55]", "group_pop": 2, "init_part_assignment": 11, "id": 34}, {"graph": null, "nnodes": 2, "nedges": 1, "density": 1.0, "atomics": "[91, 79]", "group_pop": 2, "init_part_assignment": 11, "id": 35}, {"graph": null, "nnodes": 2, "nedges": 1, "density": 1.0, "atomics": "[58, 59]", "group_pop": 2, "init_part_assignment": 6, "id": 36}, {"graph": null, "nnodes": 2, "nedges": 1, "density": 1.0, "atomics": "[136, 124]", "group_pop": 2, "init_part_assignment": 5, "id": 37}, {"graph": null, "nnodes": 2, "nedges": 1, "density": 1.0, "atomics": "[33, 45]", "group_pop": 2, "init_part_assignment": 7, "id": 38}, {"graph": null, "nnodes": 2, "nedges": 1, "density": 1.0, "atomics": "[40, 39]", "group_pop": 2, "init_part_assignment": 2, "id": 39}, {"graph": null, "nnodes": 2, "nedges": 1, "density": 1.0, "atomics": "[16, 28]", "group_pop": 2, "init_part_assignment": 3, "id": 40}, {"graph": null, "nnodes": 2, "nedges": 1, "density": 1.0, "atomics": "[0, 12]", "group_pop": 2, "init_part_assignment": 0, "id": 41}, {"graph": null, "nnodes": 2, "nedges": 1, "density": 1.0, "atomics": "[128, 140]", "group_pop": 2, "init_part_assignment": 8, "id": 42}, {"graph": null, "nnodes": 2, "nedges": 1, "density": 1.0, "atomics": "[115, 116]", "group_pop": 2, "init_part_assignment": 8, "id": 43}, {"graph": null, "nnodes": 2, "nedges": 1, "density": 1.0, "atomics": "[122, 110]", "group_pop": 2, "init_part_assignment": 4, "id": 44}, {"graph": null, "nnodes": 2, "nedges": 1, "density": 1.0, "atomics": "[112, 100]", "group_pop": 2, "init_part_assignment": 5, "id": 45}, {"graph": null, "nnodes": 2, "nedges": 1, "density": 1.0, "atomics": "[113, 114]", "group_pop": 2, "init_part_assignment": 9, "id": 46}, {"graph": null, "nnodes": 2, "nedges": 1, "density": 1.0, "atomics": "[1, 2]", "group_pop": 2, "init_part_assignment": 0, "id": 47}, {"graph": null, "nnodes": 2, "nedges": 1, "density": 1.0, "atomics": "[17, 5]", "group_pop": 2, "init_part_assignment": 3, "id": 48}, {"graph": null, "nnodes": 2, "nedges": 1, "density": 1.0, "atomics": "[3, 4]", "group_pop": 2, "init_part_assignment": 3, "id": 49}, {"graph": null, "nnodes": 2, "nedges": 1, "density": 1.0, "atomics": "[137, 125]", "group_pop": 2, "init_part_assignment": 9, "id": 50}, {"graph": null, "nnodes": 2, "nedges": 1, "density": 1.0, "atomics": "[66, 54]", "group_pop": 2, "init_part_assignment": 2, "id": 51}, {"graph": null, "nnodes": 2, "nedges": 1, "density": 1.0, "atomics": "[90, 78]", "group_pop": 2, "init_part_assignment": 9, "id": 52}, {"graph": null, "nnodes": 2, "nedges": 1, "density": 1.0, "atomics": "[27, 15]", "group_pop": 2, "init_part_assignment": 3, "id": 53}, {"graph": null, "nnodes": 2, "nedges": 1, "density": 1.0, "atomics": "[72, 73]", "group_pop": 2, "init_part_assignment": 1, "id": 54}, {"graph": null, "nnodes": 2, "nedges": 1, "density": 1.0, "atomics": "[84, 85]", "group_pop": 2, "init_part_assignment": 4, "id": 55}, {"graph": null, "nnodes": 2, "nedges": 1, "density": 1.0, "atomics": "[80, 92]", "group_pop": 2, "init_part_assignment": 11, "id": 56}, {"graph": null, "nnodes": 2, "nedges": 1, "density": 1.0, "atomics": "[56, 68]", "group_pop": 2, "init_part_assignment": 11, "id": 57}, {"graph": null, "nnodes": 2, "nedges": 1, "density": 1.0, "atomics": "[101, 102]", "group_pop": 2, "init_part_assignment": 9, "id": 58}, {"graph": null, "nnodes": 2, "nedges": 1, "density": 1.0, "atomics": "[64, 52]", "group_pop": 2, "init_part_assignment": 2, "id": 59}, {"graph": null, "nnodes": 2, "nedges": 1, "density": 1.0, "atomics": "[51, 63]", "group_pop": 2, "init_part_assignment": 1, "id": 60}, {"graph": null, "nnodes": 2, "nedges": 1, "density": 1.0, "atomics": "[138, 139]", "group_pop": 2, "init_part_assignment": 8, "id": 61}, {"graph": null, "nnodes": 2, "nedges": 1, "density": 1.0, "atomics": "[126, 127]", "group_pop": 2, "init_part_assignment": 9, "id": 62}, {"graph": null, "nnodes": 2, "nedges": 1, "density": 1.0, "atomics": "[93, 94]", "group_pop": 2, "init_part_assignment": 10, "id": 63}, {"graph": null, "nnodes": 2, "nedges": 1, "density": 1.0, "atomics": "[107, 119]", "group_pop": 2, "init_part_assignment": 10, "id": 64}, {"graph": null, "nnodes": 2, "nedges": 1, "density": 1.0, "atomics": "[104, 103]", "group_pop": 2, "init_part_assignment": 11, "id": 65}, {"graph": null, "nnodes": 2, "nedges": 1, "density": 1.0, "atomics": "[98, 99]", "group_pop": 2, "init_part_assignment": 4, "id": 66}, {"graph": null, "nnodes": 2, "nedges": 1, "density": 1.0, "atomics": "[86, 87]", "group_pop": 2, "init_part_assignment": 4, "id": 67}, {"graph": null, "nnodes": 2, "nedges": 1, "density": 1.0, "atomics": "[106, 118]", "group_pop": 2, "init_part_assignment": 10, "id": 68}, {"graph": null, "nnodes": 2, "nedges": 1, "density": 1.0, "atomics": "[65, 53]", "group_pop": 2, "init_part_assignment": 2, "id": 69}, {"graph": null, "nnodes": 2, "nedges": 1, "density": 1.0, "atomics": "[76, 77]", "group_pop": 2, "init_part_assignment": 2, "id": 70}, {"graph": null, "nnodes": 2, "nedges": 1, "density": 1.0, "atomics": "[88, 89]", "group_pop": 2, "init_part_assignment": 9, "id": 71}], "adjacency": [[{"weight": 1, "random_weight": 0.5126613471572581, "id": 1}, {"weight": 1, "random_weight": 0.2670962540683477, "id": 2}, {"weight": 1, "random_weight": 0.3550483407320606, "id": 24}, {"weight": 1, "random_weight": 0.793299097540107, "id": 56}, {"weight": 2, "random_weight": 0.4651053651137751, "id": 63}], [{"weight": 1, "random_weight": 0.5126613471572581, "id": 0}, {"weight": 1, "random_weight": 0.93560662155285, "id": 2}, {"weight": 1, "random_weight": 0.8123943970535675, "id": 36}, {"weight": 1, "random_weight": 0.9923366597782626, "id": 38}, {"weight": 2, "random_weight": 0.3901008350909736, "id": 57}], [{"weight": 1, "random_weight": 0.2670962540683477, "id": 0}, {"weight": 1, "random_weight": 0.93560662155285, "id": 1}, {"weight": 1, "random_weight": 0.47996119351712085, "id": 24}, {"weight": 2, "random_weight": 0.32785354408922474, "id": 36}], [{"weight": 1, "random_weight": 0.6100993849335302, "id": 7}, {"weight": 1, "random_weight": 0.11844496122746406, "id": 54}, {"weight": 1, "random_weight": 0.6266633646479413, "id": 60}, {"weight": 2, "random_weight": 0.7235687517718924, "id": 67}, {"weight": 1, "random_weight": 0.6306769784408789, "id": 70}], [{"weight": 1, "random_weight": 0.6147936333735549, "id": 5}, {"weight": 2, "random_weight": 0.5963850196309222, "id": 12}, {"weight": 1, "random_weight": 0.14809575993082724, "id": 39}, {"weight": 1, "random_weight": 0.9930278864014729, "id": 51}, {"weight": 1, "random_weight": 0.4908455717512147, "id": 69}], [{"weight": 1, "random_weight": 0.6147936333735549, "id": 4}, {"weight": 2, "random_weight": 0.31365373237440375, "id": 8}, {"weight": 1, "random_weight": 0.7941164842964749, "id": 34}, {"weight": 1, "random_weight": 0.3148173438749501, "id": 38}, {"weight": 1, "random_weight": 0.6899604260357269, "id": 57}], [{"weight": 1, "random_weight": 0.31744032097782904, "id": 7}, {"weight": 2, "random_weight": 0.7575284017586176, "id": 18}, {"weight": 2, "random_weight": 0.0015156825527502527, "id": 54}], [{"weight": 1, "random_weight": 0.6100993849335302, "id": 3}, {"weight": 1, "random_weight": 0.31744032097782904, "id": 6}, {"weight": 1, "random_weight": 0.30025978278542476, "id": 18}, {"weight": 1, "random_weight": 0.6167700566694619, "id": 19}, {"weight": 2, "random_weight": 0.8069125343261079, "id": 60}], [{"weight": 2, "random_weight": 0.31365373237440375, "id": 5}, {"weight": 1, "random_weight": 0.8380420912576652, "id": 9}, {"weight": 1, "random_weight": 0.7762794274045232, "id": 12}, {"weight": 1, "random_weight": 0.4386956700961374, "id": 23}, {"weight": 1, "random_weight": 0.31737851450810284, "id": 38}], [{"weight": 1, "random_weight": 0.8380420912576652, "id": 8}, {"weight": 2, "random_weight": 0.4796215325300137, "id": 13}, {"weight": 1, "random_weight": 0.9097785495254141, "id": 17}, {"weight": 1, "random_weight": 0.3942152906449413, "id": 23}, {"weight": 1, "random_weight": 0.48139637609915176, "id": 38}], [{"weight": 2, "random_weight": 0.6735138964491382, "id": 11}, {"weight": 2, "random_weight": 0.5545472099312508, "id": 30}, {"weight": 1, "random_weight": 0.8517196935155942, "id": 68}], [{"weight": 2, "random_weight": 0.6735138964491382, "id": 10}, {"weight": 1, "random_weight": 0.5091868479569382, "id": 64}], [{"weight": 2, "random_weight": 0.5963850196309222, "id": 4}, {"weight": 1, "random_weight": 0.7762794274045232, "id": 8}, {"weight": 1, "random_weight": 0.49794589039199777, "id": 25}, {"weight": 1, "random_weight": 0.13630867083218723, "id": 40}, {"weight": 1, "random_weight": 0.6769146510074125, "id": 48}], [{"weight": 2, "random_weight": 0.4796215325300137, "id": 9}, {"weight": 1, "random_weight": 0.8184121967493893, "id": 16}, {"weight": 1, "random_weight": 0.8441642699108243, "id": 23}], [{"weight": 2, "random_weight": 0.19905084084503755, "id": 15}, {"weight": 1, "random_weight": 0.6208007595511156, "id": 17}, {"weight": 1, "random_weight": 0.6595462479750533, "id": 36}, {"weight": 2, "random_weight": 0.9278912986398095, "id": 38}], [{"weight": 2, "random_weight": 0.19905084084503755, "id": 14}, {"weight": 1, "random_weight": 0.7374644696249276, "id": 17}, {"weight": 1, "random_weight": 0.07778529052868666, "id": 36}], [{"weight": 1, "random_weight": 0.8184121967493893, "id": 13}, {"weight": 2, "random_weight": 0.6575822621470601, "id": 17}], [{"weight": 1, "random_weight": 0.9097785495254141, "id": 9}, {"weight": 1, "random_weight": 0.6208007595511156, "id": 14}, {"weight": 1, "random_weight": 0.7374644696249276, "id": 15}, {"weight": 2, "random_weight": 0.6575822621470601, "id": 16}], [{"weight": 2, "random_weight": 0.7575284017586176, "id": 6}, {"weight": 1, "random_weight": 0.30025978278542476, "id": 7}, {"weight": 1, "random_weight": 0.5721484800479333, "id": 19}, {"weight": 1, "random_weight": 0.6431487209597931, "id": 22}], [{"weight": 1, "random_weight": 0.6167700566694619, "id": 7}, {"weight": 1, "random_weight": 0.5721484800479333, "id": 18}, {"weight": 1, "random_weight": 0.25433908501453595, "id": 22}, {"weight": 2, "random_weight": 0.11909134235235452, "id": 32}, {"weight": 1, "random_weight": 0.16711431983305947, "id": 39}], [{"weight": 2, "random_weight": 0.46168198282177364, "id": 21}, {"weight": 2, "random_weight": 0.993070021236152, "id": 29}, {"weight": 1, "random_weight": 0.9688369800074602, "id": 44}], [{"weight": 2, "random_weight": 0.46168198282177364, "id": 20}, {"weight": 1, "random_weight": 0.6557754353178054, "id": 27}], [{"weight": 1, "random_weight": 0.6431487209597931, "id": 18}, {"weight": 1, "random_weight": 0.25433908501453595, "id": 19}, {"weight": 1, "random_weight": 0.2431329039589224, "id": 32}, {"weight": 1, "random_weight": 0.4050292816046057, "id": 41}], [{"weight": 1, "random_weight": 0.4386956700961374, "id": 8}, {"weight": 1, "random_weight": 0.3942152906449413, "id": 9}, {"weight": 1, "random_weight": 0.8441642699108243, "id": 13}, {"weight": 2, "random_weight": 0.012381478529342016, "id": 25}], [{"weight": 1, "random_weight": 0.3550483407320606, "id": 0}, {"weight": 1, "random_weight": 0.47996119351712085, "id": 2}, {"weight": 1, "random_weight": 0.37125648068400596, "id": 63}, {"weight": 1, "random_weight": 0.44425171544898767, "id": 64}], [{"weight": 1, "random_weight": 0.49794589039199777, "id": 12}, {"weight": 2, "random_weight": 0.012381478529342016, "id": 23}, {"weight": 2, "random_weight": 0.9427359715294507, "id": 48}], [{"weight": 1, "random_weight": 0.6900609766387654, "id": 27}, {"weight": 1, "random_weight": 0.7634488451468675, "id": 37}, {"weight": 2, "random_weight": 0.965148798615479, "id": 44}, {"weight": 1, "random_weight": 0.5402855436866417, "id": 45}, {"weight": 1, "random_weight": 0.6836523565776259, "id": 66}], [{"weight": 1, "random_weight": 0.6557754353178054, "id": 21}, {"weight": 1, "random_weight": 0.6900609766387654, "id": 26}, {"weight": 1, "random_weight": 0.6002599584410305, "id": 37}, {"weight": 1, "random_weight": 0.4118450074227221, "id": 44}], [{"weight": 2, "random_weight": 0.20692870703186106, "id": 29}, {"weight": 2, "random_weight": 0.3446880074452121, "id": 55}, {"weight": 1, "random_weight": 0.6216767115706784, "id": 66}], [{"weight": 2, "random_weight": 0.993070021236152, "id": 20}, {"weight": 2, "random_weight": 0.20692870703186106, "id": 28}, {"weight": 1, "random_weight": 0.47678037973945586, "id": 44}], [{"weight": 2, "random_weight": 0.5545472099312508, "id": 10}, {"weight": 1, "random_weight": 0.9763261058843583, "id": 31}, {"weight": 2, "random_weight": 0.04316927811601157, "id": 42}], [{"weight": 1, "random_weight": 0.9763261058843583, "id": 30}, {"weight": 1, "random_weight": 0.1354053284218315, "id": 43}, {"weight": 1, "random_weight": 0.8656510849414739, "id": 63}, {"weight": 1, "random_weight": 0.6563775162019072, "id": 65}, {"weight": 2, "random_weight": 0.6454272606662128, "id": 68}], [{"weight": 2, "random_weight": 0.11909134235235452, "id": 19}, {"weight": 1, "random_weight": 0.2431329039589224, "id": 22}, {"weight": 2, "random_weight": 0.8913582047481577, "id": 33}, {"weight": 1, "random_weight": 0.8394628444276235, "id": 53}], [{"weight": 2, "random_weight": 0.8913582047481577, "id": 32}, {"weight": 1, "random_weight": 0.3385351184126727, "id": 41}, {"weight": 2, "random_weight": 0.04302555470473246, "id": 47}, {"weight": 1, "random_weight": 0.40620288829500784, "id": 53}], [{"weight": 1, "random_weight": 0.7941164842964749, "id": 5}, {"weight": 1, "random_weight": 0.9791878570345686, "id": 35}, {"weight": 2, "random_weight": 0.684309796120038, "id": 51}, {"weight": 2, "random_weight": 0.7831616262027168, "id": 57}], [{"weight": 1, "random_weight": 0.9791878570345686, "id": 34}, {"weight": 2, "random_weight": 0.8012404084626538, "id": 52}, {"weight": 2, "random_weight": 0.32084528304444093, "id": 56}, {"weight": 1, "random_weight": 0.9113959214168204, "id": 65}], [{"weight": 1, "random_weight": 0.8123943970535675, "id": 1}, {"weight": 2, "random_weight": 0.32785354408922474, "id": 2}, {"weight": 1, "random_weight": 0.6595462479750533, "id": 14}, {"weight": 1, "random_weight": 0.07778529052868666, "id": 15}], [{"weight": 1, "random_weight": 0.7634488451468675, "id": 26}, {"weight": 1, "random_weight": 0.6002599584410305, "id": 27}, {"weight": 1, "random_weight": 0.23349264416612447, "id": 45}, {"weight": 2, "random_weight": 0.42538851909670816, "id": 50}], [{"weight": 1, "random_weight": 0.9923366597782626, "id": 1}, {"weight": 1, "random_weight": 0.3148173438749501, "id": 5}, {"weight": 1, "random_weight": 0.31737851450810284, "id": 8}, {"weight": 1, "random_weight": 0.48139637609915176, "id": 9}, {"weight": 2, "random_weight": 0.9278912986398095, "id": 14}], [{"weight": 1, "random_weight": 0.14809575993082724, "id": 4}, {"weight": 1, "random_weight": 0.16711431983305947, "id": 19}, {"weight": 1, "random_weight": 0.6262021768275893, "id": 40}, {"weight": 1, "random_weight": 0.702442792914052, "id": 53}, {"weight": 1, "random_weight": 0.9023500764522346, "id": 59}, {"weight": 1, "random_weight": 0.4413022519311024, "id": 60}], [{"weight": 1, "random_weight": 0.13630867083218723, "id": 12}, {"weight": 1, "random_weight": 0.6262021768275893, "id": 39}, {"weight": 1, "random_weight": 0.29606607622131953, "id": 48}, {"weight": 1, "random_weight": 0.11404891745851764, "id": 49}, {"weight": 2, "random_weight": 0.620267971233151, "id": 53}], [{"weight": 1, "random_weight": 0.4050292816046057, "id": 22}, {"weight": 1, "random_weight": 0.3385351184126727, "id": 33}, {"weight": 1, "random_weight": 0.08039009548482678, "id": 47}], [{"weight": 2, "random_weight": 0.04316927811601157, "id": 30}, {"weight": 1, "random_weight": 0.284837561458813, "id": 43}, {"weight": 1, "random_weight": 0.005489877208876837, "id": 61}, {"weight": 1, "random_weight": 0.7485220542643273, "id": 62}], [{"weight": 1, "random_weight": 0.1354053284218315, "id": 31}, {"weight": 1, "random_weight": 0.284837561458813, "id": 42}, {"weight": 1, "random_weight": 0.8463867627634217, "id": 46}, {"weight": 1, "random_weight": 0.8835040856986566, "id": 62}, {"weight": 2, "random_weight": 0.7020854847534567, "id": 65}], [{"weight": 1, "random_weight": 0.9688369800074602, "id": 20}, {"weight": 2, "random_weight": 0.965148798615479, "id": 26}, {"weight": 1, "random_weight": 0.4118450074227221, "id": 27}, {"weight": 1, "random_weight": 0.47678037973945586, "id": 29}, {"weight": 1, "random_weight": 0.07538788248191719, "id": 66}], [{"weight": 1, "random_weight": 0.5402855436866417, "id": 26}, {"weight": 1, "random_weight": 0.23349264416612447, "id": 37}, {"weight": 1, "random_weight": 0.8039558493710587, "id": 46}, {"weight": 1, "random_weight": 0.7580801501892565, "id": 58}, {"weight": 1, "random_weight": 0.8968448876356705, "id": 66}, {"weight": 1, "random_weight": 0.3971991083721047, "id": 71}], [{"weight": 1, "random_weight": 0.8463867627634217, "id": 43}, {"weight": 1, "random_weight": 0.8039558493710587, "id": 45}, {"weight": 1, "random_weight": 0.5531828916349528, "id": 50}, {"weight": 2, "random_weight": 0.11952439541131088, "id": 58}, {"weight": 1, "random_weight": 0.7958960731881646, "id": 62}], [{"weight": 2, "random_weight": 0.04302555470473246, "id": 33}, {"weight": 1, "random_weight": 0.08039009548482678, "id": 41}, {"weight": 1, "random_weight": 0.849080686499932, "id": 49}], [{"weight": 1, "random_weight": 0.6769146510074125, "id": 12}, {"weight": 2, "random_weight": 0.9427359715294507, "id": 25}, {"weight": 1, "random_weight": 0.29606607622131953, "id": 40}, {"weight": 1, "random_weight": 0.6250105795282438, "id": 49}], [{"weight": 1, "random_weight": 0.11404891745851764, "id": 40}, {"weight": 1, "random_weight": 0.849080686499932, "id": 47}, {"weight": 1, "random_weight": 0.6250105795282438, "id": 48}, {"weight": 1, "random_weight": 0.07364685689206585, "id": 53}], [{"weight": 2, "random_weight": 0.42538851909670816, "id": 37}, {"weight": 1, "random_weight": 0.5531828916349528, "id": 46}, {"weight": 1, "random_weight": 0.6307127896700976, "id": 61}, {"weight": 1, "random_weight": 0.05502225962585283, "id": 62}], [{"weight": 1, "random_weight": 0.9930278864014729, "id": 4}, {"weight": 2, "random_weight": 0.684309796120038, "id": 34}, {"weight": 1, "random_weight": 0.7004038254848995, "id": 52}, {"weight": 2, "random_weight": 0.6233288336080639, "id": 69}], [{"weight": 2, "random_weight": 0.8012404084626538, "id": 35}, {"weight": 1, "random_weight": 0.7004038254848995, "id": 51}, {"weight": 1, "random_weight": 0.6021969497272481, "id": 58}, {"weight": 1, "random_weight": 0.699366761687424, "id": 70}, {"weight": 1, "random_weight": 0.27728702718695974, "id": 71}], [{"weight": 1, "random_weight": 0.8394628444276235, "id": 32}, {"weight": 1, "random_weight": 0.40620288829500784, "id": 33}, {"weight": 1, "random_weight": 0.702442792914052, "id": 39}, {"weight": 2, "random_weight": 0.620267971233151, "id": 40}, {"weight": 1, "random_weight": 0.07364685689206585, "id": 49}], [{"weight": 1, "random_weight": 0.11844496122746406, "id": 3}, {"weight": 2, "random_weight": 0.0015156825527502527, "id": 6}, {"weight": 2, "random_weight": 0.8996282166614803, "id": 55}], [{"weight": 2, "random_weight": 0.3446880074452121, "id": 28}, {"weight": 2, "random_weight": 0.8996282166614803, "id": 54}, {"weight": 1, "random_weight": 0.4542475811374741, "id": 67}], [{"weight": 1, "random_weight": 0.793299097540107, "id": 0}, {"weight": 2, "random_weight": 0.32084528304444093, "id": 35}, {"weight": 1, "random_weight": 0.31729426769179403, "id": 57}, {"weight": 1, "random_weight": 0.180208581830954, "id": 63}, {"weight": 1, "random_weight": 0.4470150427424082, "id": 65}], [{"weight": 2, "random_weight": 0.3901008350909736, "id": 1}, {"weight": 1, "random_weight": 0.6899604260357269, "id": 5}, {"weight": 2, "random_weight": 0.7831616262027168, "id": 34}, {"weight": 1, "random_weight": 0.31729426769179403, "id": 56}], [{"weight": 1, "random_weight": 0.7580801501892565, "id": 45}, {"weight": 2, "random_weight": 0.11952439541131088, "id": 46}, {"weight": 1, "random_weight": 0.6021969497272481, "id": 52}, {"weight": 1, "random_weight": 0.3049963433226508, "id": 65}, {"weight": 1, "random_weight": 0.35655016704985865, "id": 71}], [{"weight": 1, "random_weight": 0.9023500764522346, "id": 39}, {"weight": 2, "random_weight": 0.2868823241589191, "id": 60}, {"weight": 2, "random_weight": 0.6960064134501908, "id": 69}, {"weight": 1, "random_weight": 0.09670797022421296, "id": 70}], [{"weight": 1, "random_weight": 0.6266633646479413, "id": 3}, {"weight": 2, "random_weight": 0.8069125343261079, "id": 7}, {"weight": 1, "random_weight": 0.4413022519311024, "id": 39}, {"weight": 2, "random_weight": 0.2868823241589191, "id": 59}], [{"weight": 1, "random_weight": 0.005489877208876837, "id": 42}, {"weight": 1, "random_weight": 0.6307127896700976, "id": 50}, {"weight": 2, "random_weight": 0.32668351994248734, "id": 62}], [{"weight": 1, "random_weight": 0.7485220542643273, "id": 42}, {"weight": 1, "random_weight": 0.8835040856986566, "id": 43}, {"weight": 1, "random_weight": 0.7958960731881646, "id": 46}, {"weight": 1, "random_weight": 0.05502225962585283, "id": 50}, {"weight": 2, "random_weight": 0.32668351994248734, "id": 61}], [{"weight": 2, "random_weight": 0.4651053651137751, "id": 0}, {"weight": 1, "random_weight": 0.37125648068400596, "id": 24}, {"weight": 1, "random_weight": 0.8656510849414739, "id": 31}, {"weight": 1, "random_weight": 0.180208581830954, "id": 56}, {"weight": 1, "random_weight": 0.8573234113312601, "id": 68}], [{"weight": 1, "random_weight": 0.5091868479569382, "id": 11}, {"weight": 1, "random_weight": 0.44425171544898767, "id": 24}, {"weight": 2, "random_weight": 0.43473546675319485, "id": 68}], [{"weight": 1, "random_weight": 0.6563775162019072, "id": 31}, {"weight": 1, "random_weight": 0.9113959214168204, "id": 35}, {"weight": 2, "random_weight": 0.7020854847534567, "id": 43}, {"weight": 1, "random_weight": 0.4470150427424082, "id": 56}, {"weight": 1, "random_weight": 0.3049963433226508, "id": 58}], [{"weight": 1, "random_weight": 0.6836523565776259, "id": 26}, {"weight": 1, "random_weight": 0.6216767115706784, "id": 28}, {"weight": 1, "random_weight": 0.07538788248191719, "id": 44}, {"weight": 1, "random_weight": 0.8968448876356705, "id": 45}, {"weight": 2, "random_weight": 0.3247442586546452, "id": 67}], [{"weight": 2, "random_weight": 0.7235687517718924, "id": 3}, {"weight": 1, "random_weight": 0.4542475811374741, "id": 55}, {"weight": 2, "random_weight": 0.3247442586546452, "id": 66}, {"weight": 1, "random_weight": 0.6235521093212599, "id": 71}], [{"weight": 1, "random_weight": 0.8517196935155942, "id": 10}, {"weight": 2, "random_weight": 0.6454272606662128, "id": 31}, {"weight": 1, "random_weight": 0.8573234113312601, "id": 63}, {"weight": 2, "random_weight": 0.43473546675319485, "id": 64}], [{"weight": 1, "random_weight": 0.4908455717512147, "id": 4}, {"weight": 2, "random_weight": 0.6233288336080639, "id": 51}, {"weight": 2, "random_weight": 0.6960064134501908, "id": 59}, {"weight": 1, "random_weight": 0.07352059713467862, "id": 70}], [{"weight": 1, "random_weight": 0.6306769784408789, "id": 3}, {"weight": 1, "random_weight": 0.699366761687424, "id": 52}, {"weight": 1, "random_weight": 0.09670797022421296, "id": 59}, {"weight": 1, "random_weight": 0.07352059713467862, "id": 69}, {"weight": 2, "random_weight": 0.05079501922477725, "id": 71}], [{"weight": 1, "random_weight": 0.3971991083721047, "id": 45}, {"weight": 1, "random_weight": 0.27728702718695974, "id": 52}, {"weight": 1, "random_weight": 0.35655016704985865, "id": 58}, {"weight": 1, "random_weight": 0.6235521093212599, "id": 67}, {"weight": 2, "random_weight": 0.05079501922477725, "id": 70}]]}