{"directed": false, "multigraph": false, "graph": [], "nodes": [{"graph": null, "nnodes": 2, "nedges": 1, "density": 1.0, "atomics": "[81, 82]", "group_pop": 2, "init_part_assignment": 3, "id": 0}, {"graph": null, "nnodes": 2, "nedges": 1, "density": 1.0, "atomics": "[68, 69]", "group_pop": 2, "init_part_assignment": 3, "id": 1}, {"graph": null, "nnodes": 2, "nedges": 1, "density": 1.0, "atomics": "[70, 71]", "group_pop": 2, "init_part_assignment": 9, "id": 2}, {"graph": null, "nnodes": 2, "nedges": 1, "density": 1.0, "atomics": "[74, 86]", "group_pop": 2, "init_part_assignment": 6, "id": 3}, {"graph": null, "nnodes": 2, "nedges": 1, "density": 1.0, "atomics": "[75, 76]", "group_pop": 2, "init_part_assignment": 2, "id": 4}, {"graph": null, "nnodes": 2, "nedges": 1, "density": 1.0, "atomics": "[41, 42]", "group_pop": 2, "init_part_assignment": 10, "id": 5}, {"graph": null, "nnodes": 2, "nedges": 1, "density": 1.0, "atomics": "[43, 31]", "group_pop": 2, "init_part_assignment": 11, "id": 6}, {"graph": null, "nnodes": 2, "nedges": 1, "density": 1.0, "atomics": "[60, 61]", "group_pop": 2, "init_part_assignment": 7, "id": 7}, {"graph": null, "nnodes": 2, "nedges": 1, "density": 1.0, "atomics": "[62, 63]", "group_pop": 2, "init_part_assignment": 6, "id": 8}, {"graph": null, "nnodes": 2, "nedges": 1, "density": 1.0, "atomics": "[32, 20]", "group_pop": 2, "init_part_assignment": 11, "id": 9}, {"graph": null, "nnodes": 2, "nedges": 1, "density": 1.0, "atomics": "[130, 142]", "group_pop": 2, "init_part_assignment": 1, "id": 10}, {"graph": null, "nnodes": 2, "nedges": 1, "density": 1.0, "atomics": "[131, 143]", "group_pop": 2, "init_part_assignment": 1, "id": 11}, {"graph": null, "nnodes": 2, "nedges": 1, "density": 1.0, "atomics": "[29, 30]", "group_pop": 2, "init_part_assignment": 10, "id": 12}, {"graph": null, "nnodes": 2, "nedges": 1, "density": 1.0, "atomics": "[8, 9]", "group_pop": 2, "init_part_assignment": 11, "id": 13}, {"graph": null, "nnodes": 2, "nedges": 1, "density": 1.0, "atomics": "[34, 46]", "group_pop": 2, "init_part_assignment": 9, "id": 14}, {"graph": null, "nnodes": 2, "nedges": 1, "density": 1.0, "atomics": "[35, 47]", "group_pop": 2, "init_part_assignment": 9, "id": 15}, {"graph": null, "nnodes": 2, "nedges": 1, "density": 1.0, "atomics": "[10, 11]", "group_pop": 2, "init_part_assignment": 11, "id": 16}, {"graph": null, "nnodes": 2, "nedges": 1, "density": 1.0, "atomics": "[22, 23]", "group_pop": 2, "init_part_assignment": 11, "id": 17}, {"graph": null, "nnodes": 2, "nedges": 1, "density": 1.0, "atomics": "[49, 37]", "group_pop": 2, "init_part_assignment": 7, "id": 18}, {"graph": null, "nnodes": 2, "nedges": 1, "density": 1.0, "atomics": "[120, 121]", "group_pop": 2, "init_part_assignment": 0, "id": 19}, {"graph": null, "nnodes": 2, "nedges": 1, "density": 1.0, "atomics": "[132, 133]", "group_pop": 2, "init_part_assignment": 0, "id": 20}, {"graph": null, "nnodes": 2, "nedges": 1, "density": 1.0, "atomics": "[24, 25]", "group_pop": 2, "init_part_assignment": 8, "id": 21}, {"graph": null, "nnodes": 2, "nedges": 1, "density": 1.0, "atomics": "[48, 36]", "group_pop": 2, "init_part_assignment": 7, "id": 22}, {"graph": null, "nnodes": 2, "nedges": 1, "density": 1.0, "atomics": "[19, 7]", "group_pop": 2, "init_part_assignment": 11, "id": 23}, {"graph": null, "nnodes": 2, "nedges": 1, "density": 1.0, "atomics": "[83, 95]", "group_pop": 2, "init_part_assignment": 3, "id": 24}, {"graph": null, "nnodes": 2, "nedges": 1, "density": 1.0, "atomics": "[18, 6]", "group_pop": 2, "init_part_assignment": 10, "id": 25}, {"graph": null, "nnodes": 2, "nedges": 1, "density": 1.0, "atomics": "[123, 111]", "group_pop": 2, "init_part_assignment": 0, "id": 26}, {"graph": null, "nnodes": 2, "nedges": 1, "density": 1.0, "atomics": "[136, 135]", "group_pop": 2, "init_part_assignment": 0, "id": 27}, {"graph": null, "nnodes": 2, "nedges": 1, "density": 1.0, "atomics": "[96, 108]", "group_pop": 2, "init_part_assignment": 7, "id": 28}, {"graph": null, "nnodes": 2, "nedges": 1, "density": 1.0, "atomics": "[129, 117]", "group_pop": 2, "init_part_assignment": 1, "id": 29}, {"graph": null, "nnodes": 2, "nedges": 1, "density": 1.0, "atomics": "[12, 13]", "group_pop": 2, "init_part_assignment": 8, "id": 30}, {"graph": null, "nnodes": 2, "nedges": 1, "density": 1.0, "atomics": "[67, 55]", "group_pop": 2, "init_part_assignment": 5, "id": 31}, {"graph": null, "nnodes": 2, "nedges": 1, "density": 1.0, "atomics": "[91, 79]", "group_pop": 2, "init_part_assignment": 5, "id": 32}, {"graph": null, "nnodes": 2, "nedges": 1, "density": 1.0, "atomics": "[57, 45]", "group_pop": 2, "init_part_assignment": 9, "id": 33}, {"graph": null, "nnodes": 2, "nedges": 1, "density": 1.0, "atomics": "[58, 59]", "group_pop": 2, "init_part_assignment": 9, "id": 34}, {"graph": null, "nnodes": 2, "nedges": 1, "density": 1.0, "atomics": "[124, 125]", "group_pop": 2, "init_part_assignment": 4, "id": 35}, {"graph": null, "nnodes": 2, "nedges": 1, "density": 1.0, "atomics": "[33, 21]", "group_pop": 2, "init_part_assignment": 9, "id": 36}, {"graph": null, "nnodes": 2, "nedges": 1, "density": 1.0, "atomics": "[40, 28]", "group_pop": 2, "init_part_assignment": 10, "id": 37}, {"graph": null, "nnodes": 2, "nedges": 1, "density": 1.0, "atomics": "[0, 1]", "group_pop": 2, "init_part_assignment": 8, "id": 38}, {"graph": null, "nnodes": 2, "nedges": 1, "density": 1.0, "atomics": "[128, 116]", "group_pop": 2, "init_part_assignment": 1, "id": 39}, {"graph": null, "nnodes": 2, "nedges": 1, "density": 1.0, "atomics": "[122, 134]", "group_pop": 2, "init_part_assignment": 0, "id": 40}, {"graph": null, "nnodes": 2, "nedges": 1, "density": 1.0, "atomics": "[112, 100]", "group_pop": 2, "init_part_assignment": 2, "id": 41}, {"graph": null, "nnodes": 2, "nedges": 1, "density": 1.0, "atomics": "[113, 101]", "group_pop": 2, "init_part_assignment": 4, "id": 42}, {"graph": null, "nnodes": 2, "nedges": 1, "density": 1.0, "atomics": "[2, 3]", "group_pop": 2, "init_part_assignment": 8, "id": 43}, {"graph": null, "nnodes": 2, "nedges": 1, "density": 1.0, "atomics": "[17, 5]", "group_pop": 2, "init_part_assignment": 10, "id": 44}, {"graph": null, "nnodes": 2, "nedges": 1, "density": 1.0, "atomics": "[140, 141]", "group_pop": 2, "init_part_assignment": 4, "id": 45}, {"graph": null, "nnodes": 2, "nedges": 1, "density": 1.0, "atomics": "[16, 4]", "group_pop": 2, "init_part_assignment": 10, "id": 46}, {"graph": null, "nnodes": 2, "nedges": 1, "density": 1.0, "atomics": "[97, 109]", "group_pop": 2, "init_part_assignment": 6, "id": 47}, {"graph": null, "nnodes": 2, "nedges": 1, "density": 1.0, "atomics": "[137, 138]", "group_pop": 2, "init_part_assignment": 0, "id": 48}, {"graph": null, "nnodes": 2, "nedges": 1, "density": 1.0, "atomics": "[66, 54]", "group_pop": 2, "init_part_assignment": 5, "id": 49}, {"graph": null, "nnodes": 2, "nedges": 1, "density": 1.0, "atomics": "[77, 78]", "group_pop": 2, "init_part_assignment": 2, "id": 50}, {"graph": null, "nnodes": 2, "nedges": 1, "density": 1.0, "atomics": "[27, 15]", "group_pop": 2, "init_part_assignment": 8, "id": 51}, {"graph": null, "nnodes": 2, "nedges": 1, "density": 1.0, "atomics": "[98, 110]", "group_pop": 2, "init_part_assignment": 2, "id": 52}, {"graph": null, "nnodes": 2, "nedges": 1, "density": 1.0, "atomics": "[72, 84]", "group_pop": 2, "init_part_assignment": 7, "id": 53}, {"graph": null, "nnodes": 2, "nedges": 1, "density": 1.0, "atomics": "[80, 92]", "group_pop": 2, "init_part_assignment": 3, "id": 54}, {"graph": null, "nnodes": 2, "nedges": 1, "density": 1.0, "atomics": "[64, 52]", "group_pop": 2, "init_part_assignment": 6, "id": 55}, {"graph": null, "nnodes": 2, "nedges": 1, "density": 1.0, "atomics": "[139, 127]", "group_pop": 2, "init_part_assignment": 4, "id": 56}, {"graph": null, "nnodes": 2, "nedges": 1, "density": 1.0, "atomics": "[93, 94]", "group_pop": 2, "init_part_assignment": 3, "id": 57}, {"graph": null, "nnodes": 2, "nedges": 1, "density": 1.0, "atomics": "[56, 44]", "group_pop": 2, "init_part_assignment": 5, "id": 58}, {"graph": null, "nnodes": 2, "nedges": 1, "density": 1.0, "atomics": "[73, 85]", "group_pop": 2, "init_part_assignment": 6, "id": 59}, {"graph": null, "nnodes": 2, "nedges": 1, "density": 1.0, "atomics": "[107, 119]", "group_pop": 2, "init_part_assignment": 1, "id": 60}, {"graph": null, "nnodes": 2, "nedges": 1, "density": 1.0, "atomics": "[115, 103]", "group_pop": 2, "init_part_assignment": 4, "id": 61}, {"graph": null, "nnodes": 2, "nedges": 1, "density": 1.0, "atomics": "[114, 126]", "group_pop": 2, "init_part_assignment": 4, "id": 62}, {"graph": null, "nnodes": 2, "nedges": 1, "density": 1.0, "atomics": "[50, 51]", "group_pop": 2, "init_part_assignment": 6, "id": 63}, {"graph": null, "nnodes": 2, "nedges": 1, "density": 1.0, "atomics": "[38, 39]", "group_pop": 2, "init_part_assignment": 7, "id": 64}, {"graph": null, "nnodes": 2, "nedges": 1, "density": 1.0, "atomics": "[90, 102]", "group_pop": 2, "init_part_assignment": 5, "id": 65}, {"graph": null, "nnodes": 2, "nedges": 1, "density": 1.0, "atomics": "[106, 118]", "group_pop": 2, "init_part_assignment": 1, "id": 66}, {"graph": null, "nnodes": 2, "nedges": 1, "density": 1.0, "atomics": "[104, 105]", "group_pop": 2, "init_part_assignment": 3, "id": 67}, {"graph": null, "nnodes": 2, "nedges": 1, "density": 1.0, "atomics": "[26, 14]", "group_pop": 2, "init_part_assignment": 8, "id": 68}, {"graph": null, "nnodes": 2, "nedges": 1, "density": 1.0, "atomics": "[99, 87]", "group_pop": 2, "init_part_assignment": 2, "id": 69}, {"graph": null, "nnodes": 2, "nedges": 1, "density": 1.0, "atomics": "[65, 53]", "group_pop": 2, "init_part_assignment": 5, "id": 70}, {"graph": null, "nnodes": 2, "nedges": 1, "density": 1.0, "atomics": "[88, 89]", "group_pop": 2, "init_part_assignment": 2, "id": 71}], "adjacency": [[{"weight": 1, "random_weight": 0.0025292174554747415, "id": 1}, {"weight": 1, "random_weight": 0.834951912816151, "id": 2}, {"weight": 1, "random_weight": 0.7211954308530405, "id": 24}, {"weight": 1, "random_weight": 0.3819910041588589, "id": 54}, {"weight": 2, "random_weight": 0.7550265220157774, "id": 57}], [{"weight": 1, "random_weight": 0.0025292174554747415, "id": 0}, {"weight": 1, "random_weight": 0.6745974633203589, "id": 2}, {"weight": 1, "random_weight": 0.17595549124000698, "id": 31}, {"weight": 1, "random_weight": 0.9268317952747226, "id": 33}, {"weight": 1, "random_weight": 0.9575286965273485, "id": 54}, {"weight": 1, "random_weight": 0.9048095309959295, "id": 58}], [{"weight": 1, "random_weight": 0.834951912816151, "id": 0}, {"weight": 1, "random_weight": 0.6745974633203589, "id": 1}, {"weight": 1, "random_weight": 0.9483042395361954, "id": 24}, {"weight": 2, "random_weight": 0.15788655580509658, "id": 34}], [{"weight": 1, "random_weight": 0.5662872538655325, "id": 4}, {"weight": 1, "random_weight": 0.5184429064913982, "id": 8}, {"weight": 1, "random_weight": 0.8269066994110282, "id": 52}, {"weight": 2, "random_weight": 0.48451520617003285, "id": 59}, {"weight": 1, "random_weight": 0.9375785889061861, "id": 69}], [{"weight": 1, "random_weight": 0.5662872538655325, "id": 3}, {"weight": 1, "random_weight": 0.5539362184013727, "id": 8}, {"weight": 1, "random_weight": 0.08553589278566232, "id": 50}, {"weight": 1, "random_weight": 0.3930893287411259, "id": 55}, {"weight": 1, "random_weight": 0.13877730397929067, "id": 69}, {"weight": 1, "random_weight": 0.0280305828650097, "id": 71}], [{"weight": 1, "random_weight": 0.5261962536409053, "id": 6}, {"weight": 2, "random_weight": 0.35959795072647527, "id": 12}, {"weight": 1, "random_weight": 0.6316888013662039, "id": 37}, {"weight": 1, "random_weight": 0.07693520122990483, "id": 49}, {"weight": 1, "random_weight": 0.13508168149691346, "id": 70}], [{"weight": 1, "random_weight": 0.5261962536409053, "id": 5}, {"weight": 1, "random_weight": 0.2372069386830139, "id": 9}, {"weight": 1, "random_weight": 0.6374241484772406, "id": 12}, {"weight": 1, "random_weight": 0.05288290912549842, "id": 23}, {"weight": 1, "random_weight": 0.5507697941320893, "id": 31}, {"weight": 1, "random_weight": 0.8311474029184474, "id": 58}], [{"weight": 1, "random_weight": 0.5847359772679745, "id": 8}, {"weight": 1, "random_weight": 0.0778492521762123, "id": 18}, {"weight": 1, "random_weight": 0.758641384342576, "id": 22}, {"weight": 1, "random_weight": 0.1943781101899712, "id": 53}, {"weight": 1, "random_weight": 0.6681754598444947, "id": 59}], [{"weight": 1, "random_weight": 0.5184429064913982, "id": 3}, {"weight": 1, "random_weight": 0.5539362184013727, "id": 4}, {"weight": 1, "random_weight": 0.5847359772679745, "id": 7}, {"weight": 1, "random_weight": 0.6166759597225272, "id": 55}, {"weight": 2, "random_weight": 0.10339676827422506, "id": 63}], [{"weight": 1, "random_weight": 0.2372069386830139, "id": 6}, {"weight": 1, "random_weight": 0.2514124626025638, "id": 13}, {"weight": 1, "random_weight": 0.05708500708179287, "id": 23}, {"weight": 2, "random_weight": 0.7267106783902813, "id": 36}, {"weight": 1, "random_weight": 0.661395445116908, "id": 58}], [{"weight": 2, "random_weight": 0.679465407499804, "id": 11}, {"weight": 1, "random_weight": 0.45591605201081475, "id": 29}, {"weight": 1, "random_weight": 0.5662929247070276, "id": 45}, {"weight": 1, "random_weight": 0.5427142036217473, "id": 66}], [{"weight": 2, "random_weight": 0.679465407499804, "id": 10}, {"weight": 1, "random_weight": 0.9001586630417994, "id": 60}], [{"weight": 2, "random_weight": 0.35959795072647527, "id": 5}, {"weight": 1, "random_weight": 0.6374241484772406, "id": 6}, {"weight": 1, "random_weight": 0.1314263847257472, "id": 25}, {"weight": 1, "random_weight": 0.2053502289783784, "id": 37}, {"weight": 1, "random_weight": 0.973663954728331, "id": 44}], [{"weight": 1, "random_weight": 0.2514124626025638, "id": 9}, {"weight": 1, "random_weight": 0.9485910378330176, "id": 16}, {"weight": 1, "random_weight": 0.07347772395448071, "id": 23}, {"weight": 1, "random_weight": 0.4714981450949439, "id": 36}], [{"weight": 2, "random_weight": 0.9511245896861111, "id": 15}, {"weight": 1, "random_weight": 0.529658097861446, "id": 17}, {"weight": 1, "random_weight": 0.8016445350012397, "id": 33}, {"weight": 1, "random_weight": 0.11669767311091273, "id": 34}, {"weight": 1, "random_weight": 0.14129168702152295, "id": 36}], [{"weight": 2, "random_weight": 0.9511245896861111, "id": 14}, {"weight": 1, "random_weight": 0.8604104466201186, "id": 17}, {"weight": 1, "random_weight": 0.7275991794128525, "id": 34}], [{"weight": 1, "random_weight": 0.9485910378330176, "id": 13}, {"weight": 2, "random_weight": 0.41459951293798347, "id": 17}], [{"weight": 1, "random_weight": 0.529658097861446, "id": 14}, {"weight": 1, "random_weight": 0.8604104466201186, "id": 15}, {"weight": 2, "random_weight": 0.41459951293798347, "id": 16}, {"weight": 1, "random_weight": 0.4336988828681828, "id": 36}], [{"weight": 1, "random_weight": 0.0778492521762123, "id": 7}, {"weight": 1, "random_weight": 0.9599577631539171, "id": 21}, {"weight": 2, "random_weight": 0.8103254822265148, "id": 22}, {"weight": 1, "random_weight": 0.8350204373277036, "id": 63}, {"weight": 1, "random_weight": 0.3925042788468084, "id": 64}], [{"weight": 2, "random_weight": 0.044977912877838144, "id": 20}, {"weight": 1, "random_weight": 0.6958391881182628, "id": 28}, {"weight": 1, "random_weight": 0.7094704191314176, "id": 40}, {"weight": 1, "random_weight": 0.8987653578730319, "id": 47}], [{"weight": 2, "random_weight": 0.044977912877838144, "id": 19}, {"weight": 1, "random_weight": 0.12413938040224293, "id": 40}], [{"weight": 1, "random_weight": 0.9599577631539171, "id": 18}, {"weight": 1, "random_weight": 0.8864947689593617, "id": 22}, {"weight": 2, "random_weight": 0.18235424955098245, "id": 30}, {"weight": 1, "random_weight": 0.8715894049542993, "id": 68}], [{"weight": 1, "random_weight": 0.758641384342576, "id": 7}, {"weight": 2, "random_weight": 0.8103254822265148, "id": 18}, {"weight": 1, "random_weight": 0.8864947689593617, "id": 21}], [{"weight": 1, "random_weight": 0.05288290912549842, "id": 6}, {"weight": 1, "random_weight": 0.05708500708179287, "id": 9}, {"weight": 1, "random_weight": 0.07347772395448071, "id": 13}, {"weight": 2, "random_weight": 0.28694921415532915, "id": 25}], [{"weight": 1, "random_weight": 0.7211954308530405, "id": 0}, {"weight": 1, "random_weight": 0.9483042395361954, "id": 2}, {"weight": 1, "random_weight": 0.492196474000715, "id": 57}, {"weight": 1, "random_weight": 0.6741164708785125, "id": 60}], [{"weight": 1, "random_weight": 0.1314263847257472, "id": 12}, {"weight": 2, "random_weight": 0.28694921415532915, "id": 23}, {"weight": 2, "random_weight": 0.8028684853942899, "id": 44}], [{"weight": 1, "random_weight": 0.12079556593517826, "id": 27}, {"weight": 1, "random_weight": 0.6993587710432331, "id": 35}, {"weight": 1, "random_weight": 0.3780587733054307, "id": 40}, {"weight": 1, "random_weight": 0.7546621688880272, "id": 41}, {"weight": 1, "random_weight": 0.7986380865984105, "id": 52}, {"weight": 1, "random_weight": 0.37029179764102693, "id": 69}], [{"weight": 1, "random_weight": 0.12079556593517826, "id": 26}, {"weight": 1, "random_weight": 0.5514715141006826, "id": 35}, {"weight": 1, "random_weight": 0.3712268205406919, "id": 40}, {"weight": 1, "random_weight": 0.03937646107661763, "id": 48}], [{"weight": 1, "random_weight": 0.6958391881182628, "id": 19}, {"weight": 2, "random_weight": 0.8508540288975027, "id": 47}, {"weight": 1, "random_weight": 0.9210958109453348, "id": 53}], [{"weight": 1, "random_weight": 0.45591605201081475, "id": 10}, {"weight": 2, "random_weight": 0.05897377408423743, "id": 39}, {"weight": 1, "random_weight": 0.8868243063327806, "id": 45}, {"weight": 1, "random_weight": 0.3746852862260055, "id": 66}, {"weight": 1, "random_weight": 0.9430781207677558, "id": 67}], [{"weight": 2, "random_weight": 0.18235424955098245, "id": 21}, {"weight": 2, "random_weight": 0.6000095015941175, "id": 38}, {"weight": 1, "random_weight": 0.9272336589418128, "id": 68}], [{"weight": 1, "random_weight": 0.17595549124000698, "id": 1}, {"weight": 1, "random_weight": 0.5507697941320893, "id": 6}, {"weight": 1, "random_weight": 0.6152301819444901, "id": 32}, {"weight": 2, "random_weight": 0.46284900679036756, "id": 49}, {"weight": 1, "random_weight": 0.2840723034575181, "id": 58}], [{"weight": 1, "random_weight": 0.6152301819444901, "id": 31}, {"weight": 1, "random_weight": 0.3154034837932934, "id": 50}, {"weight": 2, "random_weight": 0.8332376809320751, "id": 54}, {"weight": 1, "random_weight": 0.5474139005116211, "id": 61}, {"weight": 1, "random_weight": 0.9015176104159818, "id": 65}], [{"weight": 1, "random_weight": 0.9268317952747226, "id": 1}, {"weight": 1, "random_weight": 0.8016445350012397, "id": 14}, {"weight": 1, "random_weight": 0.7463876094185073, "id": 34}, {"weight": 1, "random_weight": 0.027614577483785485, "id": 36}, {"weight": 2, "random_weight": 0.5117972759178638, "id": 58}], [{"weight": 2, "random_weight": 0.15788655580509658, "id": 2}, {"weight": 1, "random_weight": 0.11669767311091273, "id": 14}, {"weight": 1, "random_weight": 0.7275991794128525, "id": 15}, {"weight": 1, "random_weight": 0.7463876094185073, "id": 33}], [{"weight": 1, "random_weight": 0.6993587710432331, "id": 26}, {"weight": 1, "random_weight": 0.5514715141006826, "id": 27}, {"weight": 1, "random_weight": 0.9211097232405248, "id": 41}, {"weight": 1, "random_weight": 0.16986843722855782, "id": 42}, {"weight": 1, "random_weight": 0.4547936503033113, "id": 48}, {"weight": 1, "random_weight": 0.466953143803285, "id": 62}], [{"weight": 2, "random_weight": 0.7267106783902813, "id": 9}, {"weight": 1, "random_weight": 0.4714981450949439, "id": 13}, {"weight": 1, "random_weight": 0.14129168702152295, "id": 14}, {"weight": 1, "random_weight": 0.4336988828681828, "id": 17}, {"weight": 1, "random_weight": 0.027614577483785485, "id": 33}], [{"weight": 1, "random_weight": 0.6316888013662039, "id": 5}, {"weight": 1, "random_weight": 0.2053502289783784, "id": 12}, {"weight": 1, "random_weight": 0.9266898746052376, "id": 46}, {"weight": 1, "random_weight": 0.8903679487850498, "id": 51}, {"weight": 1, "random_weight": 0.723896536384996, "id": 55}, {"weight": 1, "random_weight": 0.8056421315775213, "id": 64}], [{"weight": 2, "random_weight": 0.6000095015941175, "id": 30}, {"weight": 1, "random_weight": 0.9068137826245696, "id": 43}], [{"weight": 2, "random_weight": 0.05897377408423743, "id": 29}, {"weight": 1, "random_weight": 0.14877892400592008, "id": 45}, {"weight": 1, "random_weight": 0.4070192770098845, "id": 56}, {"weight": 1, "random_weight": 0.30812744006310144, "id": 61}, {"weight": 1, "random_weight": 0.7622523895372335, "id": 67}], [{"weight": 1, "random_weight": 0.7094704191314176, "id": 19}, {"weight": 1, "random_weight": 0.12413938040224293, "id": 20}, {"weight": 1, "random_weight": 0.3780587733054307, "id": 26}, {"weight": 1, "random_weight": 0.3712268205406919, "id": 27}, {"weight": 1, "random_weight": 0.43337943745766583, "id": 52}], [{"weight": 1, "random_weight": 0.7546621688880272, "id": 26}, {"weight": 1, "random_weight": 0.9211097232405248, "id": 35}, {"weight": 2, "random_weight": 0.7375372274935271, "id": 42}, {"weight": 1, "random_weight": 0.8245132897346804, "id": 69}, {"weight": 1, "random_weight": 0.2352795741355791, "id": 71}], [{"weight": 1, "random_weight": 0.16986843722855782, "id": 35}, {"weight": 2, "random_weight": 0.7375372274935271, "id": 41}, {"weight": 1, "random_weight": 0.31788075151178086, "id": 62}, {"weight": 1, "random_weight": 0.7446626060330794, "id": 65}, {"weight": 1, "random_weight": 0.16669731635495733, "id": 71}], [{"weight": 1, "random_weight": 0.9068137826245696, "id": 38}, {"weight": 1, "random_weight": 0.4856107548257744, "id": 46}, {"weight": 1, "random_weight": 0.9357799512653102, "id": 51}, {"weight": 1, "random_weight": 0.10229128343825167, "id": 68}], [{"weight": 1, "random_weight": 0.973663954728331, "id": 12}, {"weight": 2, "random_weight": 0.8028684853942899, "id": 25}, {"weight": 2, "random_weight": 0.7065717395375748, "id": 46}], [{"weight": 1, "random_weight": 0.5662929247070276, "id": 10}, {"weight": 1, "random_weight": 0.8868243063327806, "id": 29}, {"weight": 1, "random_weight": 0.14877892400592008, "id": 39}, {"weight": 1, "random_weight": 0.6253873648472421, "id": 56}], [{"weight": 1, "random_weight": 0.9266898746052376, "id": 37}, {"weight": 1, "random_weight": 0.4856107548257744, "id": 43}, {"weight": 2, "random_weight": 0.7065717395375748, "id": 44}, {"weight": 1, "random_weight": 0.8671544973916421, "id": 51}], [{"weight": 1, "random_weight": 0.8987653578730319, "id": 19}, {"weight": 2, "random_weight": 0.8508540288975027, "id": 28}, {"weight": 2, "random_weight": 0.9411578438288657, "id": 52}, {"weight": 1, "random_weight": 0.6147853606383837, "id": 59}], [{"weight": 1, "random_weight": 0.03937646107661763, "id": 27}, {"weight": 1, "random_weight": 0.4547936503033113, "id": 35}, {"weight": 1, "random_weight": 0.38307512300353386, "id": 56}, {"weight": 1, "random_weight": 0.8928844458207273, "id": 62}], [{"weight": 1, "random_weight": 0.07693520122990483, "id": 5}, {"weight": 2, "random_weight": 0.46284900679036756, "id": 31}, {"weight": 1, "random_weight": 0.6831507259682147, "id": 50}, {"weight": 2, "random_weight": 0.1215099393022212, "id": 70}], [{"weight": 1, "random_weight": 0.08553589278566232, "id": 4}, {"weight": 1, "random_weight": 0.3154034837932934, "id": 32}, {"weight": 1, "random_weight": 0.6831507259682147, "id": 49}, {"weight": 1, "random_weight": 0.8063665474041971, "id": 65}, {"weight": 1, "random_weight": 0.4427142611034883, "id": 70}, {"weight": 1, "random_weight": 0.6262873622339857, "id": 71}], [{"weight": 1, "random_weight": 0.8903679487850498, "id": 37}, {"weight": 1, "random_weight": 0.9357799512653102, "id": 43}, {"weight": 1, "random_weight": 0.8671544973916421, "id": 46}, {"weight": 1, "random_weight": 0.7013871986152137, "id": 64}, {"weight": 2, "random_weight": 0.4406811237899687, "id": 68}], [{"weight": 1, "random_weight": 0.8269066994110282, "id": 3}, {"weight": 1, "random_weight": 0.7986380865984105, "id": 26}, {"weight": 1, "random_weight": 0.43337943745766583, "id": 40}, {"weight": 2, "random_weight": 0.9411578438288657, "id": 47}, {"weight": 1, "random_weight": 0.4579590641090807, "id": 69}], [{"weight": 1, "random_weight": 0.1943781101899712, "id": 7}, {"weight": 1, "random_weight": 0.9210958109453348, "id": 28}, {"weight": 2, "random_weight": 0.21842032718189808, "id": 59}], [{"weight": 1, "random_weight": 0.3819910041588589, "id": 0}, {"weight": 1, "random_weight": 0.9575286965273485, "id": 1}, {"weight": 2, "random_weight": 0.8332376809320751, "id": 32}, {"weight": 1, "random_weight": 0.4168031133807384, "id": 57}, {"weight": 1, "random_weight": 0.7950446638342095, "id": 67}], [{"weight": 1, "random_weight": 0.3930893287411259, "id": 4}, {"weight": 1, "random_weight": 0.6166759597225272, "id": 8}, {"weight": 1, "random_weight": 0.723896536384996, "id": 37}, {"weight": 1, "random_weight": 0.11882169042953283, "id": 63}, {"weight": 2, "random_weight": 0.7100085784383262, "id": 70}], [{"weight": 1, "random_weight": 0.4070192770098845, "id": 39}, {"weight": 1, "random_weight": 0.6253873648472421, "id": 45}, {"weight": 1, "random_weight": 0.38307512300353386, "id": 48}, {"weight": 1, "random_weight": 0.8007450299218126, "id": 61}, {"weight": 1, "random_weight": 0.5689761419556066, "id": 62}], [{"weight": 2, "random_weight": 0.7550265220157774, "id": 0}, {"weight": 1, "random_weight": 0.492196474000715, "id": 24}, {"weight": 1, "random_weight": 0.4168031133807384, "id": 54}, {"weight": 1, "random_weight": 0.9938951017675248, "id": 66}, {"weight": 1, "random_weight": 0.33538227335780824, "id": 67}], [{"weight": 1, "random_weight": 0.9048095309959295, "id": 1}, {"weight": 1, "random_weight": 0.8311474029184474, "id": 6}, {"weight": 1, "random_weight": 0.661395445116908, "id": 9}, {"weight": 1, "random_weight": 0.2840723034575181, "id": 31}, {"weight": 2, "random_weight": 0.5117972759178638, "id": 33}], [{"weight": 2, "random_weight": 0.48451520617003285, "id": 3}, {"weight": 1, "random_weight": 0.6681754598444947, "id": 7}, {"weight": 1, "random_weight": 0.6147853606383837, "id": 47}, {"weight": 2, "random_weight": 0.21842032718189808, "id": 53}], [{"weight": 1, "random_weight": 0.9001586630417994, "id": 11}, {"weight": 1, "random_weight": 0.6741164708785125, "id": 24}, {"weight": 2, "random_weight": 0.6439021343935286, "id": 66}], [{"weight": 1, "random_weight": 0.5474139005116211, "id": 32}, {"weight": 1, "random_weight": 0.30812744006310144, "id": 39}, {"weight": 1, "random_weight": 0.8007450299218126, "id": 56}, {"weight": 1, "random_weight": 0.5868145364622942, "id": 62}, {"weight": 1, "random_weight": 0.6639462324736495, "id": 65}, {"weight": 1, "random_weight": 0.7947052052420233, "id": 67}], [{"weight": 1, "random_weight": 0.466953143803285, "id": 35}, {"weight": 1, "random_weight": 0.31788075151178086, "id": 42}, {"weight": 1, "random_weight": 0.8928844458207273, "id": 48}, {"weight": 1, "random_weight": 0.5689761419556066, "id": 56}, {"weight": 1, "random_weight": 0.5868145364622942, "id": 61}, {"weight": 1, "random_weight": 0.637334719294395, "id": 65}], [{"weight": 2, "random_weight": 0.10339676827422506, "id": 8}, {"weight": 1, "random_weight": 0.8350204373277036, "id": 18}, {"weight": 1, "random_weight": 0.11882169042953283, "id": 55}, {"weight": 2, "random_weight": 0.8508756564132278, "id": 64}], [{"weight": 1, "random_weight": 0.3925042788468084, "id": 18}, {"weight": 1, "random_weight": 0.8056421315775213, "id": 37}, {"weight": 1, "random_weight": 0.7013871986152137, "id": 51}, {"weight": 2, "random_weight": 0.8508756564132278, "id": 63}, {"weight": 1, "random_weight": 0.18164408289979928, "id": 68}], [{"weight": 1, "random_weight": 0.9015176104159818, "id": 32}, {"weight": 1, "random_weight": 0.7446626060330794, "id": 42}, {"weight": 1, "random_weight": 0.8063665474041971, "id": 50}, {"weight": 1, "random_weight": 0.6639462324736495, "id": 61}, {"weight": 1, "random_weight": 0.637334719294395, "id": 62}, {"weight": 1, "random_weight": 0.8061246319855426, "id": 71}], [{"weight": 1, "random_weight": 0.5427142036217473, "id": 10}, {"weight": 1, "random_weight": 0.3746852862260055, "id": 29}, {"weight": 1, "random_weight": 0.9938951017675248, "id": 57}, {"weight": 2, "random_weight": 0.6439021343935286, "id": 60}, {"weight": 1, "random_weight": 0.6254990917101491, "id": 67}], [{"weight": 1, "random_weight": 0.9430781207677558, "id": 29}, {"weight": 1, "random_weight": 0.7622523895372335, "id": 39}, {"weight": 1, "random_weight": 0.7950446638342095, "id": 54}, {"weight": 1, "random_weight": 0.33538227335780824, "id": 57}, {"weight": 1, "random_weight": 0.7947052052420233, "id": 61}, {"weight": 1, "random_weight": 0.6254990917101491, "id": 66}], [{"weight": 1, "random_weight": 0.8715894049542993, "id": 21}, {"weight": 1, "random_weight": 0.9272336589418128, "id": 30}, {"weight": 1, "random_weight": 0.10229128343825167, "id": 43}, {"weight": 2, "random_weight": 0.4406811237899687, "id": 51}, {"weight": 1, "random_weight": 0.18164408289979928, "id": 64}], [{"weight": 1, "random_weight": 0.9375785889061861, "id": 3}, {"weight": 1, "random_weight": 0.13877730397929067, "id": 4}, {"weight": 1, "random_weight": 0.37029179764102693, "id": 26}, {"weight": 1, "random_weight": 0.8245132897346804, "id": 41}, {"weight": 1, "random_weight": 0.4579590641090807, "id": 52}, {"weight": 1, "random_weight": 0.19281223623064847, "id": 71}], [{"weight": 1, "random_weight": 0.13508168149691346, "id": 5}, {"weight": 2, "random_weight": 0.1215099393022212, "id": 49}, {"weight": 1, "random_weight": 0.4427142611034883, "id": 50}, {"weight": 2, "random_weight": 0.7100085784383262, "id": 55}], [{"weight": 1, "random_weight": 0.0280305828650097, "id": 4}, {"weight": 1, "random_weight": 0.2352795741355791, "id": 41}, {"weight": 1, "random_weight": 0.16669731635495733, "id": 42}, {"weight": 1, "random_weight": 0.6262873622339857, "id": 50}, {"weight": 1, "random_weight": 0.8061246319855426, "id": 65}, {"weight": 1, "random_weight": 0.19281223623064847, "id": 69}]]}