{"directed": false, "multigraph": false, "graph": [], "nodes": [{"graph": null, "nnodes": 2, "nedges": 1, "density": 1.0, "atomics": "[81, 82]", "group_pop": 2, "init_part_assignment": 5, "id": 0}, {"graph": null, "nnodes": 2, "nedges": 1, "density": 1.0, "atomics": "[68, 69]", "group_pop": 2, "init_part_assignment": 5, "id": 1}, {"graph": null, "nnodes": 2, "nedges": 1, "density": 1.0, "atomics": "[70, 71]", "group_pop": 2, "init_part_assignment": 5, "id": 2}, {"graph": null, "nnodes": 2, "nedges": 1, "density": 1.0, "atomics": "[73, 74]", "group_pop": 2, "init_part_assignment": 9, "id": 3}, {"graph": null, "nnodes": 2, "nedges": 1, "density": 1.0, "atomics": "[75, 76]", "group_pop": 2, "init_part_assignment": 10, "id": 4}, {"graph": null, "nnodes": 2, "nedges": 1, "density": 1.0, "atomics": "[42, 54]", "group_pop": 2, "init_part_assignment": 6, "id": 5}, {"graph": null, "nnodes": 2, "nedges": 1, "density": 1.0, "atomics": "[43, 55]", "group_pop": 2, "init_part_assignment": 6, "id": 6}, {"graph": null, "nnodes": 2, "nedges": 1, "density": 1.0, "atomics": "[49, 61]", "group_pop": 2, "init_part_assignment": 11, "id": 7}, {"graph": null, "nnodes": 2, "nedges": 1, "density": 1.0, "atomics": "[50, 62]", "group_pop": 2, "init_part_assignment": 11, "id": 8}, {"graph": null, "nnodes": 2, "nedges": 1, "density": 1.0, "atomics": "[32, 33]", "group_pop": 2, "init_part_assignment": 7, "id": 9}, {"graph": null, "nnodes": 2, "nedges": 1, "density": 1.0, "atomics": "[20, 21]", "group_pop": 2, "init_part_assignment": 4, "id": 10}, {"graph": null, "nnodes": 2, "nedges": 1, "density": 1.0, "atomics": "[141, 142]", "group_pop": 2, "init_part_assignment": 0, "id": 11}, {"graph": null, "nnodes": 2, "nedges": 1, "density": 1.0, "atomics": "[131, 143]", "group_pop": 2, "init_part_assignment": 0, "id": 12}, {"graph": null, "nnodes": 2, "nedges": 1, "density": 1.0, "atomics": "[41, 29]", "group_pop": 2, "init_part_assignment": 7, "id": 13}, {"graph": null, "nnodes": 2, "nedges": 1, "density": 1.0, "atomics": "[8, 9]", "group_pop": 2, "init_part_assignment": 4, "id": 14}, {"graph": null, "nnodes": 2, "nedges": 1, "density": 1.0, "atomics": "[34, 35]", "group_pop": 2, "init_part_assignment": 4, "id": 15}, {"graph": null, "nnodes": 2, "nedges": 1, "density": 1.0, "atomics": "[10, 11]", "group_pop": 2, "init_part_assignment": 4, "id": 16}, {"graph": null, "nnodes": 2, "nedges": 1, "density": 1.0, "atomics": "[22, 23]", "group_pop": 2, "init_part_assignment": 4, "id": 17}, {"graph": null, "nnodes": 2, "nedges": 1, "density": 1.0, "atomics": "[25, 37]", "group_pop": 2, "init_part_assignment": 11, "id": 18}, {"graph": null, "nnodes": 2, "nedges": 1, "density": 1.0, "atomics": "[120, 132]", "group_pop": 2, "init_part_assignment": 3, "id": 19}, {"graph": null, "nnodes": 2, "nedges": 1, "density": 1.0, "atomics": "[24, 36]", "group_pop": 2, "init_part_assignment": 8, "id": 20}, {"graph": null, "nnodes": 2, "nedges": 1, "density": 1.0, "atomics": "[130, 118]", "group_pop": 2, "init_part_assignment": 0, "id": 21}, {"graph": null, "nnodes": 2, "nedges": 1, "density": 1.0, "atomics": "[19, 7]", "group_pop": 2, "init_part_assignment": 4, "id": 22}, {"graph": null, "nnodes": 2, "nedges": 1, "density": 1.0, "atomics": "[30, 31]", "group_pop": 2, "init_part_assignment": 7, "id": 23}, {"graph": null, "nnodes": 2, "nedges": 1, "density": 1.0, "atomics": "[83, 95]", "group_pop": 2, "init_part_assignment": 0, "id": 24}, {"graph": null, "nnodes": 2, "nedges": 1, "density": 1.0, "atomics": "[18, 6]", "group_pop": 2, "init_part_assignment": 7, "id": 25}, {"graph": null, "nnodes": 2, "nedges": 1, "density": 1.0, "atomics": "[123, 124]", "group_pop": 2, "init_part_assignment": 3, "id": 26}, {"graph": null, "nnodes": 2, "nedges": 1, "density": 1.0, "atomics": "[136, 135]", "group_pop": 2, "init_part_assignment": 3, "id": 27}, {"graph": null, "nnodes": 2, "nedges": 1, "density": 1.0, "atomics": "[96, 108]", "group_pop": 2, "init_part_assignment": 9, "id": 28}, {"graph": null, "nnodes": 2, "nedges": 1, "density": 1.0, "atomics": "[129, 117]", "group_pop": 2, "init_part_assignment": 2, "id": 29}, {"graph": null, "nnodes": 2, "nedges": 1, "density": 1.0, "atomics": "[12, 13]", "group_pop": 2, "init_part_assignment": 8, "id": 30}, {"graph": null, "nnodes": 2, "nedges": 1, "density": 1.0, "atomics": "[66, 67]", "group_pop": 2, "init_part_assignment": 6, "id": 31}, {"graph": null, "nnodes": 2, "nedges": 1, "density": 1.0, "atomics": "[80, 79]", "group_pop": 2, "init_part_assignment": 6, "id": 32}, {"graph": null, "nnodes": 2, "nedges": 1, "density": 1.0, "atomics": "[57, 58]", "group_pop": 2, "init_part_assignment": 5, "id": 33}, {"graph": null, "nnodes": 2, "nedges": 1, "density": 1.0, "atomics": "[48, 60]", "group_pop": 2, "init_part_assignment": 11, "id": 34}, {"graph": null, "nnodes": 2, "nedges": 1, "density": 1.0, "atomics": "[40, 28]", "group_pop": 2, "init_part_assignment": 11, "id": 35}, {"graph": null, "nnodes": 2, "nedges": 1, "density": 1.0, "atomics": "[0, 1]", "group_pop": 2, "init_part_assignment": 8, "id": 36}, {"graph": null, "nnodes": 2, "nedges": 1, "density": 1.0, "atomics": "[128, 140]", "group_pop": 2, "init_part_assignment": 1, "id": 37}, {"graph": null, "nnodes": 2, "nedges": 1, "density": 1.0, "atomics": "[115, 116]", "group_pop": 2, "init_part_assignment": 1, "id": 38}, {"graph": null, "nnodes": 2, "nedges": 1, "density": 1.0, "atomics": "[133, 134]", "group_pop": 2, "init_part_assignment": 3, "id": 39}, {"graph": null, "nnodes": 2, "nedges": 1, "density": 1.0, "atomics": "[121, 122]", "group_pop": 2, "init_part_assignment": 3, "id": 40}, {"graph": null, "nnodes": 2, "nedges": 1, "density": 1.0, "atomics": "[112, 111]", "group_pop": 2, "init_part_assignment": 3, "id": 41}, {"graph": null, "nnodes": 2, "nedges": 1, "density": 1.0, "atomics": "[113, 114]", "group_pop": 2, "init_part_assignment": 1, "id": 42}, {"graph": null, "nnodes": 2, "nedges": 1, "density": 1.0, "atomics": "[2, 14]", "group_pop": 2, "init_part_assignment": 8, "id": 43}, {"graph": null, "nnodes": 2, "nedges": 1, "density": 1.0, "atomics": "[16, 17]", "group_pop": 2, "init_part_assignment": 7, "id": 44}, {"graph": null, "nnodes": 2, "nedges": 1, "density": 1.0, "atomics": "[4, 5]", "group_pop": 2, "init_part_assignment": 7, "id": 45}, {"graph": null, "nnodes": 2, "nedges": 1, "density": 1.0, "atomics": "[3, 15]", "group_pop": 2, "init_part_assignment": 8, "id": 46}, {"graph": null, "nnodes": 2, "nedges": 1, "density": 1.0, "atomics": "[97, 98]", "group_pop": 2, "init_part_assignment": 9, "id": 47}, {"graph": null, "nnodes": 2, "nedges": 1, "density": 1.0, "atomics": "[109, 110]", "group_pop": 2, "init_part_assignment": 9, "id": 48}, {"graph": null, "nnodes": 2, "nedges": 1, "density": 1.0, "atomics": "[137, 125]", "group_pop": 2, "init_part_assignment": 1, "id": 49}, {"graph": null, "nnodes": 2, "nedges": 1, "density": 1.0, "atomics": "[77, 78]", "group_pop": 2, "init_part_assignment": 6, "id": 50}, {"graph": null, "nnodes": 2, "nedges": 1, "density": 1.0, "atomics": "[72, 84]", "group_pop": 2, "init_part_assignment": 9, "id": 51}, {"graph": null, "nnodes": 2, "nedges": 1, "density": 1.0, "atomics": "[59, 47]", "group_pop": 2, "init_part_assignment": 5, "id": 52}, {"graph": null, "nnodes": 2, "nedges": 1, "density": 1.0, "atomics": "[88, 100]", "group_pop": 2, "init_part_assignment": 10, "id": 53}, {"graph": null, "nnodes": 2, "nedges": 1, "density": 1.0, "atomics": "[101, 102]", "group_pop": 2, "init_part_assignment": 2, "id": 54}, {"graph": null, "nnodes": 2, "nedges": 1, "density": 1.0, "atomics": "[64, 63]", "group_pop": 2, "init_part_assignment": 10, "id": 55}, {"graph": null, "nnodes": 2, "nedges": 1, "density": 1.0, "atomics": "[139, 127]", "group_pop": 2, "init_part_assignment": 1, "id": 56}, {"graph": null, "nnodes": 2, "nedges": 1, "density": 1.0, "atomics": "[106, 94]", "group_pop": 2, "init_part_assignment": 0, "id": 57}, {"graph": null, "nnodes": 2, "nedges": 1, "density": 1.0, "atomics": "[45, 46]", "group_pop": 2, "init_part_assignment": 5, "id": 58}, {"graph": null, "nnodes": 2, "nedges": 1, "density": 1.0, "atomics": "[56, 44]", "group_pop": 2, "init_part_assignment": 6, "id": 59}, {"graph": null, "nnodes": 2, "nedges": 1, "density": 1.0, "atomics": "[85, 86]", "group_pop": 2, "init_part_assignment": 9, "id": 60}, {"graph": null, "nnodes": 2, "nedges": 1, "density": 1.0, "atomics": "[107, 119]", "group_pop": 2, "init_part_assignment": 0, "id": 61}, {"graph": null, "nnodes": 2, "nedges": 1, "density": 1.0, "atomics": "[91, 103]", "group_pop": 2, "init_part_assignment": 2, "id": 62}, {"graph": null, "nnodes": 2, "nedges": 1, "density": 1.0, "atomics": "[138, 126]", "group_pop": 2, "init_part_assignment": 1, "id": 63}, {"graph": null, "nnodes": 2, "nedges": 1, "density": 1.0, "atomics": "[38, 39]", "group_pop": 2, "init_part_assignment": 11, "id": 64}, {"graph": null, "nnodes": 2, "nedges": 1, "density": 1.0, "atomics": "[104, 105]", "group_pop": 2, "init_part_assignment": 2, "id": 65}, {"graph": null, "nnodes": 2, "nedges": 1, "density": 1.0, "atomics": "[92, 93]", "group_pop": 2, "init_part_assignment": 2, "id": 66}, {"graph": null, "nnodes": 2, "nedges": 1, "density": 1.0, "atomics": "[26, 27]", "group_pop": 2, "init_part_assignment": 8, "id": 67}, {"graph": null, "nnodes": 2, "nedges": 1, "density": 1.0, "atomics": "[99, 87]", "group_pop": 2, "init_part_assignment": 10, "id": 68}, {"graph": null, "nnodes": 2, "nedges": 1, "density": 1.0, "atomics": "[51, 52]", "group_pop": 2, "init_part_assignment": 10, "id": 69}, {"graph": null, "nnodes": 2, "nedges": 1, "density": 1.0, "atomics": "[65, 53]", "group_pop": 2, "init_part_assignment": 10, "id": 70}, {"graph": null, "nnodes": 2, "nedges": 1, "density": 1.0, "atomics": "[89, 90]", "group_pop": 2, "init_part_assignment": 2, "id": 71}], "adjacency": [[{"weight": 1, "random_weight": 0.4134447333041543, "id": 1}, {"weight": 1, "random_weight": 0.6804223872793507, "id": 2}, {"weight": 1, "random_weight": 0.8095971397313747, "id": 24}, {"weight": 1, "random_weight": 0.8642498595760152, "id": 32}, {"weight": 1, "random_weight": 0.9627147088268202, "id": 57}, {"weight": 1, "random_weight": 0.9099498369676602, "id": 66}], [{"weight": 1, "random_weight": 0.4134447333041543, "id": 0}, {"weight": 1, "random_weight": 0.4378904172246252, "id": 2}, {"weight": 1, "random_weight": 0.6923925130469083, "id": 31}, {"weight": 1, "random_weight": 0.6894698870957923, "id": 32}, {"weight": 1, "random_weight": 0.8726749039703319, "id": 33}, {"weight": 1, "random_weight": 0.743676615556663, "id": 59}], [{"weight": 1, "random_weight": 0.6804223872793507, "id": 0}, {"weight": 1, "random_weight": 0.4378904172246252, "id": 1}, {"weight": 1, "random_weight": 0.007852437363224829, "id": 24}, {"weight": 1, "random_weight": 0.05362236283357413, "id": 33}, {"weight": 1, "random_weight": 0.5943159169091939, "id": 52}], [{"weight": 1, "random_weight": 0.8560555694104942, "id": 4}, {"weight": 1, "random_weight": 0.6064519076560307, "id": 7}, {"weight": 1, "random_weight": 0.8601723211545705, "id": 8}, {"weight": 1, "random_weight": 0.18274701702223095, "id": 51}, {"weight": 2, "random_weight": 0.08686886566659324, "id": 60}], [{"weight": 1, "random_weight": 0.8560555694104942, "id": 3}, {"weight": 1, "random_weight": 0.7889462203140026, "id": 50}, {"weight": 1, "random_weight": 0.26808317471323095, "id": 53}, {"weight": 2, "random_weight": 0.7141173842646539, "id": 55}, {"weight": 1, "random_weight": 0.05929957491012883, "id": 68}], [{"weight": 2, "random_weight": 0.1419562067749437, "id": 6}, {"weight": 1, "random_weight": 0.8436994644464959, "id": 13}, {"weight": 1, "random_weight": 0.06715681090120584, "id": 23}, {"weight": 1, "random_weight": 0.11000013895245886, "id": 31}, {"weight": 1, "random_weight": 0.661761383520414, "id": 70}], [{"weight": 2, "random_weight": 0.1419562067749437, "id": 5}, {"weight": 1, "random_weight": 0.17316397136963235, "id": 23}, {"weight": 1, "random_weight": 0.6642022264614756, "id": 31}, {"weight": 2, "random_weight": 0.4199159193751304, "id": 59}], [{"weight": 1, "random_weight": 0.6064519076560307, "id": 3}, {"weight": 2, "random_weight": 0.8790862920086288, "id": 8}, {"weight": 1, "random_weight": 0.8867142725196753, "id": 18}, {"weight": 2, "random_weight": 0.1337457507168084, "id": 34}], [{"weight": 1, "random_weight": 0.8601723211545705, "id": 3}, {"weight": 2, "random_weight": 0.8790862920086288, "id": 7}, {"weight": 1, "random_weight": 0.31319943722421173, "id": 55}, {"weight": 1, "random_weight": 0.14828808559771922, "id": 64}, {"weight": 1, "random_weight": 0.09725050388235668, "id": 69}], [{"weight": 2, "random_weight": 0.7522880250355629, "id": 10}, {"weight": 1, "random_weight": 0.992070098272217, "id": 15}, {"weight": 1, "random_weight": 0.14707824314648932, "id": 23}, {"weight": 1, "random_weight": 0.9950036981878732, "id": 58}, {"weight": 1, "random_weight": 0.8850795272560655, "id": 59}], [{"weight": 2, "random_weight": 0.7522880250355629, "id": 9}, {"weight": 2, "random_weight": 0.38268108080442764, "id": 14}, {"weight": 1, "random_weight": 0.4616038973760064, "id": 17}, {"weight": 1, "random_weight": 0.3788524140119396, "id": 22}], [{"weight": 1, "random_weight": 0.7040463267528787, "id": 12}, {"weight": 1, "random_weight": 0.26226754439810174, "id": 21}, {"weight": 1, "random_weight": 0.7165241008479366, "id": 29}, {"weight": 1, "random_weight": 0.9940093812125519, "id": 37}], [{"weight": 1, "random_weight": 0.7040463267528787, "id": 11}, {"weight": 1, "random_weight": 0.8860581591541837, "id": 21}, {"weight": 1, "random_weight": 0.9874948996501073, "id": 61}], [{"weight": 1, "random_weight": 0.8436994644464959, "id": 5}, {"weight": 1, "random_weight": 0.30947885901292915, "id": 23}, {"weight": 2, "random_weight": 0.7740857597904035, "id": 35}, {"weight": 1, "random_weight": 0.6427371680753137, "id": 44}, {"weight": 1, "random_weight": 0.6489862657647956, "id": 70}], [{"weight": 2, "random_weight": 0.38268108080442764, "id": 10}, {"weight": 1, "random_weight": 0.4797100179617785, "id": 16}, {"weight": 1, "random_weight": 0.5433631576410112, "id": 22}], [{"weight": 1, "random_weight": 0.992070098272217, "id": 9}, {"weight": 2, "random_weight": 0.04127729052902074, "id": 17}, {"weight": 1, "random_weight": 0.025164145033887086, "id": 52}, {"weight": 1, "random_weight": 0.25258078144522833, "id": 58}], [{"weight": 1, "random_weight": 0.4797100179617785, "id": 14}, {"weight": 2, "random_weight": 0.3831105813954663, "id": 17}], [{"weight": 1, "random_weight": 0.4616038973760064, "id": 10}, {"weight": 2, "random_weight": 0.04127729052902074, "id": 15}, {"weight": 2, "random_weight": 0.3831105813954663, "id": 16}], [{"weight": 1, "random_weight": 0.8867142725196753, "id": 7}, {"weight": 2, "random_weight": 0.7307926771685004, "id": 20}, {"weight": 1, "random_weight": 0.8232138080421967, "id": 30}, {"weight": 1, "random_weight": 0.08556137738864944, "id": 64}, {"weight": 1, "random_weight": 0.887455052100403, "id": 67}], [{"weight": 1, "random_weight": 0.4385838964106694, "id": 28}, {"weight": 1, "random_weight": 0.05777264465087084, "id": 39}, {"weight": 1, "random_weight": 0.4888179813491109, "id": 40}], [{"weight": 2, "random_weight": 0.7307926771685004, "id": 18}, {"weight": 1, "random_weight": 0.5603505429223936, "id": 30}, {"weight": 1, "random_weight": 0.11629842705252669, "id": 34}], [{"weight": 1, "random_weight": 0.26226754439810174, "id": 11}, {"weight": 1, "random_weight": 0.8860581591541837, "id": 12}, {"weight": 2, "random_weight": 0.8969071979218834, "id": 29}, {"weight": 1, "random_weight": 0.11410884289977641, "id": 57}, {"weight": 1, "random_weight": 0.9299471365319064, "id": 61}], [{"weight": 1, "random_weight": 0.3788524140119396, "id": 10}, {"weight": 1, "random_weight": 0.5433631576410112, "id": 14}, {"weight": 1, "random_weight": 0.9327003722423648, "id": 23}, {"weight": 2, "random_weight": 0.9444050577688737, "id": 25}], [{"weight": 1, "random_weight": 0.06715681090120584, "id": 5}, {"weight": 1, "random_weight": 0.17316397136963235, "id": 6}, {"weight": 1, "random_weight": 0.14707824314648932, "id": 9}, {"weight": 1, "random_weight": 0.30947885901292915, "id": 13}, {"weight": 1, "random_weight": 0.9327003722423648, "id": 22}, {"weight": 1, "random_weight": 0.42886395921277676, "id": 25}], [{"weight": 1, "random_weight": 0.8095971397313747, "id": 0}, {"weight": 1, "random_weight": 0.007852437363224829, "id": 2}, {"weight": 1, "random_weight": 0.01329299111346427, "id": 57}, {"weight": 1, "random_weight": 0.6300804520346059, "id": 61}], [{"weight": 2, "random_weight": 0.9444050577688737, "id": 22}, {"weight": 1, "random_weight": 0.42886395921277676, "id": 23}, {"weight": 1, "random_weight": 0.3182827916994643, "id": 44}, {"weight": 1, "random_weight": 0.5671653086370627, "id": 45}], [{"weight": 2, "random_weight": 0.3423449468460553, "id": 27}, {"weight": 1, "random_weight": 0.5334606013534797, "id": 40}, {"weight": 2, "random_weight": 0.24544009241691644, "id": 41}, {"weight": 1, "random_weight": 0.7320923494478865, "id": 49}], [{"weight": 2, "random_weight": 0.3423449468460553, "id": 26}, {"weight": 1, "random_weight": 0.2634290442476205, "id": 39}, {"weight": 1, "random_weight": 0.7801429246937005, "id": 49}], [{"weight": 1, "random_weight": 0.4385838964106694, "id": 19}, {"weight": 1, "random_weight": 0.7678526444155221, "id": 47}, {"weight": 1, "random_weight": 0.039983061652502094, "id": 48}, {"weight": 1, "random_weight": 0.3374660265708971, "id": 51}], [{"weight": 1, "random_weight": 0.7165241008479366, "id": 11}, {"weight": 2, "random_weight": 0.8969071979218834, "id": 21}, {"weight": 1, "random_weight": 0.7029364285027511, "id": 37}, {"weight": 1, "random_weight": 0.8095349100702068, "id": 38}, {"weight": 1, "random_weight": 0.9697466618577619, "id": 65}], [{"weight": 1, "random_weight": 0.8232138080421967, "id": 18}, {"weight": 1, "random_weight": 0.5603505429223936, "id": 20}, {"weight": 2, "random_weight": 0.3098411262981505, "id": 36}, {"weight": 1, "random_weight": 0.9240540575154866, "id": 43}], [{"weight": 1, "random_weight": 0.6923925130469083, "id": 1}, {"weight": 1, "random_weight": 0.11000013895245886, "id": 5}, {"weight": 1, "random_weight": 0.6642022264614756, "id": 6}, {"weight": 1, "random_weight": 0.6235994049525773, "id": 32}, {"weight": 1, "random_weight": 0.66434778949907, "id": 50}, {"weight": 1, "random_weight": 0.8276868784534678, "id": 70}], [{"weight": 1, "random_weight": 0.8642498595760152, "id": 0}, {"weight": 1, "random_weight": 0.6894698870957923, "id": 1}, {"weight": 1, "random_weight": 0.6235994049525773, "id": 31}, {"weight": 1, "random_weight": 0.7957406453752276, "id": 50}, {"weight": 1, "random_weight": 0.493652605899237, "id": 62}, {"weight": 1, "random_weight": 0.8956297201461637, "id": 66}], [{"weight": 1, "random_weight": 0.8726749039703319, "id": 1}, {"weight": 1, "random_weight": 0.05362236283357413, "id": 2}, {"weight": 1, "random_weight": 0.6186864526372318, "id": 52}, {"weight": 2, "random_weight": 0.6919021383572554, "id": 58}, {"weight": 1, "random_weight": 0.670987355689989, "id": 59}], [{"weight": 2, "random_weight": 0.1337457507168084, "id": 7}, {"weight": 1, "random_weight": 0.11629842705252669, "id": 20}, {"weight": 1, "random_weight": 0.2946020184034408, "id": 51}], [{"weight": 2, "random_weight": 0.7740857597904035, "id": 13}, {"weight": 1, "random_weight": 0.9158117606936682, "id": 44}, {"weight": 1, "random_weight": 0.06215585215915975, "id": 64}, {"weight": 1, "random_weight": 0.7683124744210416, "id": 67}, {"weight": 1, "random_weight": 0.17797720241217918, "id": 69}], [{"weight": 2, "random_weight": 0.3098411262981505, "id": 30}, {"weight": 1, "random_weight": 0.4937545653298715, "id": 43}], [{"weight": 1, "random_weight": 0.9940093812125519, "id": 11}, {"weight": 1, "random_weight": 0.7029364285027511, "id": 29}, {"weight": 1, "random_weight": 0.4064927219560528, "id": 38}, {"weight": 2, "random_weight": 0.36015517050288304, "id": 56}], [{"weight": 1, "random_weight": 0.8095349100702068, "id": 29}, {"weight": 1, "random_weight": 0.4064927219560528, "id": 37}, {"weight": 1, "random_weight": 0.3740043603633323, "id": 42}, {"weight": 1, "random_weight": 0.571524362698636, "id": 56}, {"weight": 1, "random_weight": 0.2204283357375839, "id": 62}, {"weight": 1, "random_weight": 0.6128816293723249, "id": 65}], [{"weight": 1, "random_weight": 0.05777264465087084, "id": 19}, {"weight": 1, "random_weight": 0.2634290442476205, "id": 27}, {"weight": 2, "random_weight": 0.06993801935651467, "id": 40}], [{"weight": 1, "random_weight": 0.4888179813491109, "id": 19}, {"weight": 1, "random_weight": 0.5334606013534797, "id": 26}, {"weight": 2, "random_weight": 0.06993801935651467, "id": 39}, {"weight": 2, "random_weight": 0.8564250320703759, "id": 48}], [{"weight": 2, "random_weight": 0.24544009241691644, "id": 26}, {"weight": 1, "random_weight": 0.8365641329072854, "id": 42}, {"weight": 1, "random_weight": 0.1470846976800151, "id": 48}, {"weight": 1, "random_weight": 0.8594210573543993, "id": 53}, {"weight": 1, "random_weight": 0.5056802520020752, "id": 68}], [{"weight": 1, "random_weight": 0.3740043603633323, "id": 38}, {"weight": 1, "random_weight": 0.8365641329072854, "id": 41}, {"weight": 1, "random_weight": 0.1932693714843684, "id": 49}, {"weight": 2, "random_weight": 0.8169871876099251, "id": 54}, {"weight": 1, "random_weight": 0.6149638873198229, "id": 63}], [{"weight": 1, "random_weight": 0.9240540575154866, "id": 30}, {"weight": 1, "random_weight": 0.4937545653298715, "id": 36}, {"weight": 2, "random_weight": 0.36811913877905555, "id": 46}, {"weight": 1, "random_weight": 0.49714908024140914, "id": 67}], [{"weight": 1, "random_weight": 0.6427371680753137, "id": 13}, {"weight": 1, "random_weight": 0.3182827916994643, "id": 25}, {"weight": 1, "random_weight": 0.9158117606936682, "id": 35}, {"weight": 2, "random_weight": 0.11802746708235312, "id": 45}, {"weight": 1, "random_weight": 0.1984537719977958, "id": 46}], [{"weight": 1, "random_weight": 0.5671653086370627, "id": 25}, {"weight": 2, "random_weight": 0.11802746708235312, "id": 44}, {"weight": 1, "random_weight": 0.04501991351238288, "id": 46}], [{"weight": 2, "random_weight": 0.36811913877905555, "id": 43}, {"weight": 1, "random_weight": 0.1984537719977958, "id": 44}, {"weight": 1, "random_weight": 0.04501991351238288, "id": 45}, {"weight": 1, "random_weight": 0.03349165784639363, "id": 67}], [{"weight": 1, "random_weight": 0.7678526444155221, "id": 28}, {"weight": 2, "random_weight": 0.7973876016658, "id": 48}, {"weight": 2, "random_weight": 0.9264059901754413, "id": 60}, {"weight": 1, "random_weight": 0.8772204238796385, "id": 68}], [{"weight": 1, "random_weight": 0.039983061652502094, "id": 28}, {"weight": 2, "random_weight": 0.8564250320703759, "id": 40}, {"weight": 1, "random_weight": 0.1470846976800151, "id": 41}, {"weight": 2, "random_weight": 0.7973876016658, "id": 47}], [{"weight": 1, "random_weight": 0.7320923494478865, "id": 26}, {"weight": 1, "random_weight": 0.7801429246937005, "id": 27}, {"weight": 1, "random_weight": 0.1932693714843684, "id": 42}, {"weight": 2, "random_weight": 0.28793187311454105, "id": 63}], [{"weight": 1, "random_weight": 0.7889462203140026, "id": 4}, {"weight": 1, "random_weight": 0.66434778949907, "id": 31}, {"weight": 1, "random_weight": 0.7957406453752276, "id": 32}, {"weight": 1, "random_weight": 0.8684450808317086, "id": 70}, {"weight": 2, "random_weight": 0.888249018459025, "id": 71}], [{"weight": 1, "random_weight": 0.18274701702223095, "id": 3}, {"weight": 1, "random_weight": 0.3374660265708971, "id": 28}, {"weight": 1, "random_weight": 0.2946020184034408, "id": 34}, {"weight": 1, "random_weight": 0.6159065332033907, "id": 60}], [{"weight": 1, "random_weight": 0.5943159169091939, "id": 2}, {"weight": 1, "random_weight": 0.025164145033887086, "id": 15}, {"weight": 1, "random_weight": 0.6186864526372318, "id": 33}, {"weight": 1, "random_weight": 0.3232302771086293, "id": 58}], [{"weight": 1, "random_weight": 0.26808317471323095, "id": 4}, {"weight": 1, "random_weight": 0.8594210573543993, "id": 41}, {"weight": 1, "random_weight": 0.13608669998315237, "id": 54}, {"weight": 2, "random_weight": 0.9873557649571896, "id": 68}, {"weight": 1, "random_weight": 0.3285412109664131, "id": 71}], [{"weight": 2, "random_weight": 0.8169871876099251, "id": 42}, {"weight": 1, "random_weight": 0.13608669998315237, "id": 53}, {"weight": 1, "random_weight": 0.4285592846080569, "id": 62}, {"weight": 2, "random_weight": 0.26502666514968387, "id": 71}], [{"weight": 2, "random_weight": 0.7141173842646539, "id": 4}, {"weight": 1, "random_weight": 0.31319943722421173, "id": 8}, {"weight": 2, "random_weight": 0.21704150091976082, "id": 69}, {"weight": 1, "random_weight": 0.7728247104762497, "id": 70}], [{"weight": 2, "random_weight": 0.36015517050288304, "id": 37}, {"weight": 1, "random_weight": 0.571524362698636, "id": 38}, {"weight": 2, "random_weight": 0.22090670667983936, "id": 63}], [{"weight": 1, "random_weight": 0.9627147088268202, "id": 0}, {"weight": 1, "random_weight": 0.11410884289977641, "id": 21}, {"weight": 1, "random_weight": 0.01329299111346427, "id": 24}, {"weight": 1, "random_weight": 0.20695399217749877, "id": 61}, {"weight": 1, "random_weight": 0.7350639893939299, "id": 65}, {"weight": 1, "random_weight": 0.8125684757155001, "id": 66}], [{"weight": 1, "random_weight": 0.9950036981878732, "id": 9}, {"weight": 1, "random_weight": 0.25258078144522833, "id": 15}, {"weight": 2, "random_weight": 0.6919021383572554, "id": 33}, {"weight": 1, "random_weight": 0.3232302771086293, "id": 52}, {"weight": 1, "random_weight": 0.11687706026015698, "id": 59}], [{"weight": 1, "random_weight": 0.743676615556663, "id": 1}, {"weight": 2, "random_weight": 0.4199159193751304, "id": 6}, {"weight": 1, "random_weight": 0.8850795272560655, "id": 9}, {"weight": 1, "random_weight": 0.670987355689989, "id": 33}, {"weight": 1, "random_weight": 0.11687706026015698, "id": 58}], [{"weight": 2, "random_weight": 0.08686886566659324, "id": 3}, {"weight": 2, "random_weight": 0.9264059901754413, "id": 47}, {"weight": 1, "random_weight": 0.6159065332033907, "id": 51}, {"weight": 1, "random_weight": 0.7363914621336428, "id": 68}], [{"weight": 1, "random_weight": 0.9874948996501073, "id": 12}, {"weight": 1, "random_weight": 0.9299471365319064, "id": 21}, {"weight": 1, "random_weight": 0.6300804520346059, "id": 24}, {"weight": 1, "random_weight": 0.20695399217749877, "id": 57}], [{"weight": 1, "random_weight": 0.493652605899237, "id": 32}, {"weight": 1, "random_weight": 0.2204283357375839, "id": 38}, {"weight": 1, "random_weight": 0.4285592846080569, "id": 54}, {"weight": 1, "random_weight": 0.9854566802028528, "id": 65}, {"weight": 1, "random_weight": 0.41782288425579217, "id": 66}, {"weight": 1, "random_weight": 0.4296683466897303, "id": 71}], [{"weight": 1, "random_weight": 0.6149638873198229, "id": 42}, {"weight": 2, "random_weight": 0.28793187311454105, "id": 49}, {"weight": 2, "random_weight": 0.22090670667983936, "id": 56}], [{"weight": 1, "random_weight": 0.14828808559771922, "id": 8}, {"weight": 1, "random_weight": 0.08556137738864944, "id": 18}, {"weight": 1, "random_weight": 0.06215585215915975, "id": 35}, {"weight": 2, "random_weight": 0.9350858938171065, "id": 67}, {"weight": 1, "random_weight": 0.34208385773001015, "id": 69}], [{"weight": 1, "random_weight": 0.9697466618577619, "id": 29}, {"weight": 1, "random_weight": 0.6128816293723249, "id": 38}, {"weight": 1, "random_weight": 0.7350639893939299, "id": 57}, {"weight": 1, "random_weight": 0.9854566802028528, "id": 62}, {"weight": 2, "random_weight": 0.6014813050811887, "id": 66}], [{"weight": 1, "random_weight": 0.9099498369676602, "id": 0}, {"weight": 1, "random_weight": 0.8956297201461637, "id": 32}, {"weight": 1, "random_weight": 0.8125684757155001, "id": 57}, {"weight": 1, "random_weight": 0.41782288425579217, "id": 62}, {"weight": 2, "random_weight": 0.6014813050811887, "id": 65}], [{"weight": 1, "random_weight": 0.887455052100403, "id": 18}, {"weight": 1, "random_weight": 0.7683124744210416, "id": 35}, {"weight": 1, "random_weight": 0.49714908024140914, "id": 43}, {"weight": 1, "random_weight": 0.03349165784639363, "id": 46}, {"weight": 2, "random_weight": 0.9350858938171065, "id": 64}], [{"weight": 1, "random_weight": 0.05929957491012883, "id": 4}, {"weight": 1, "random_weight": 0.5056802520020752, "id": 41}, {"weight": 1, "random_weight": 0.8772204238796385, "id": 47}, {"weight": 2, "random_weight": 0.9873557649571896, "id": 53}, {"weight": 1, "random_weight": 0.7363914621336428, "id": 60}], [{"weight": 1, "random_weight": 0.09725050388235668, "id": 8}, {"weight": 1, "random_weight": 0.17797720241217918, "id": 35}, {"weight": 2, "random_weight": 0.21704150091976082, "id": 55}, {"weight": 1, "random_weight": 0.34208385773001015, "id": 64}, {"weight": 1, "random_weight": 0.04089350883549703, "id": 70}], [{"weight": 1, "random_weight": 0.661761383520414, "id": 5}, {"weight": 1, "random_weight": 0.6489862657647956, "id": 13}, {"weight": 1, "random_weight": 0.8276868784534678, "id": 31}, {"weight": 1, "random_weight": 0.8684450808317086, "id": 50}, {"weight": 1, "random_weight": 0.7728247104762497, "id": 55}, {"weight": 1, "random_weight": 0.04089350883549703, "id": 69}], [{"weight": 2, "random_weight": 0.888249018459025, "id": 50}, {"weight": 1, "random_weight": 0.3285412109664131, "id": 53}, {"weight": 2, "random_weight": 0.26502666514968387, "id": 54}, {"weight": 1, "random_weight": 0.4296683466897303, "id": 62}]]}