{"directed": false, "multigraph": false, "graph": [], "nodes": [{"graph": null, "nnodes": 2, "nedges": 1, "density": 1.0, "atomics": "[81, 82]", "group_pop": 2, "init_part_assignment": 7, "id": 0}, {"graph": null, "nnodes": 2, "nedges": 1, "density": 1.0, "atomics": "[68, 69]", "group_pop": 2, "init_part_assignment": 10, "id": 1}, {"graph": null, "nnodes": 2, "nedges": 1, "density": 1.0, "atomics": "[58, 70]", "group_pop": 2, "init_part_assignment": 7, "id": 2}, {"graph": null, "nnodes": 2, "nedges": 1, "density": 1.0, "atomics": "[73, 74]", "group_pop": 2, "init_part_assignment": 1, "id": 3}, {"graph": null, "nnodes": 2, "nedges": 1, "density": 1.0, "atomics": "[75, 76]", "group_pop": 2, "init_part_assignment": 6, "id": 4}, {"graph": null, "nnodes": 2, "nedges": 1, "density": 1.0, "atomics": "[42, 30]", "group_pop": 2, "init_part_assignment": 9, "id": 5}, {"graph": null, "nnodes": 2, "nedges": 1, "density": 1.0, "atomics": "[43, 31]", "group_pop": 2, "init_part_assignment": 10, "id": 6}, {"graph": null, "nnodes": 2, "nedges": 1, "density": 1.0, "atomics": "[49, 61]", "group_pop": 2, "init_part_assignment": 1, "id": 7}, {"graph": null, "nnodes": 2, "nedges": 1, "density": 1.0, "atomics": "[62, 63]", "group_pop": 2, "init_part_assignment": 8, "id": 8}, {"graph": null, "nnodes": 2, "nedges": 1, "density": 1.0, "atomics": "[32, 44]", "group_pop": 2, "init_part_assignment": 10, "id": 9}, {"graph": null, "nnodes": 2, "nedges": 1, "density": 1.0, "atomics": "[19, 20]", "group_pop": 2, "init_part_assignment": 11, "id": 10}, {"graph": null, "nnodes": 2, "nedges": 1, "density": 1.0, "atomics": "[142, 143]", "group_pop": 2, "init_part_assignment": 3, "id": 11}, {"graph": null, "nnodes": 2, "nedges": 1, "density": 1.0, "atomics": "[41, 53]", "group_pop": 2, "init_part_assignment": 9, "id": 12}, {"graph": null, "nnodes": 2, "nedges": 1, "density": 1.0, "atomics": "[28, 29]", "group_pop": 2, "init_part_assignment": 9, "id": 13}, {"graph": null, "nnodes": 2, "nedges": 1, "density": 1.0, "atomics": "[8, 7]", "group_pop": 2, "init_part_assignment": 11, "id": 14}, {"graph": null, "nnodes": 2, "nedges": 1, "density": 1.0, "atomics": "[9, 21]", "group_pop": 2, "init_part_assignment": 11, "id": 15}, {"graph": null, "nnodes": 2, "nedges": 1, "density": 1.0, "atomics": "[34, 22]", "group_pop": 2, "init_part_assignment": 11, "id": 16}, {"graph": null, "nnodes": 2, "nedges": 1, "density": 1.0, "atomics": "[35, 23]", "group_pop": 2, "init_part_assignment": 11, "id": 17}, {"graph": null, "nnodes": 2, "nedges": 1, "density": 1.0, "atomics": "[10, 11]", "group_pop": 2, "init_part_assignment": 11, "id": 18}, {"graph": null, "nnodes": 2, "nedges": 1, "density": 1.0, "atomics": "[36, 37]", "group_pop": 2, "init_part_assignment": 1, "id": 19}, {"graph": null, "nnodes": 2, "nedges": 1, "density": 1.0, "atomics": "[120, 132]", "group_pop": 2, "init_part_assignment": 0, "id": 20}, {"graph": null, "nnodes": 2, "nedges": 1, "density": 1.0, "atomics": "[24, 25]", "group_pop": 2, "init_part_assignment": 2, "id": 21}, {"graph": null, "nnodes": 2, "nedges": 1, "density": 1.0, "atomics": "[130, 118]", "group_pop": 2, "init_part_assignment": 3, "id": 22}, {"graph": null, "nnodes": 2, "nedges": 1, "density": 1.0, "atomics": "[131, 119]", "group_pop": 2, "init_part_assignment": 3, "id": 23}, {"graph": null, "nnodes": 2, "nedges": 1, "density": 1.0, "atomics": "[83, 95]", "group_pop": 2, "init_part_assignment": 7, "id": 24}, {"graph": null, "nnodes": 2, "nedges": 1, "density": 1.0, "atomics": "[59, 71]", "group_pop": 2, "init_part_assignment": 7, "id": 25}, {"graph": null, "nnodes": 2, "nedges": 1, "density": 1.0, "atomics": "[17, 18]", "group_pop": 2, "init_part_assignment": 9, "id": 26}, {"graph": null, "nnodes": 2, "nedges": 1, "density": 1.0, "atomics": "[123, 111]", "group_pop": 2, "init_part_assignment": 0, "id": 27}, {"graph": null, "nnodes": 2, "nedges": 1, "density": 1.0, "atomics": "[136, 135]", "group_pop": 2, "init_part_assignment": 5, "id": 28}, {"graph": null, "nnodes": 2, "nedges": 1, "density": 1.0, "atomics": "[96, 108]", "group_pop": 2, "init_part_assignment": 0, "id": 29}, {"graph": null, "nnodes": 2, "nedges": 1, "density": 1.0, "atomics": "[129, 141]", "group_pop": 2, "init_part_assignment": 3, "id": 30}, {"graph": null, "nnodes": 2, "nedges": 1, "density": 1.0, "atomics": "[105, 117]", "group_pop": 2, "init_part_assignment": 3, "id": 31}, {"graph": null, "nnodes": 2, "nedges": 1, "density": 1.0, "atomics": "[12, 13]", "group_pop": 2, "init_part_assignment": 2, "id": 32}, {"graph": null, "nnodes": 2, "nedges": 1, "density": 1.0, "atomics": "[67, 55]", "group_pop": 2, "init_part_assignment": 8, "id": 33}, {"graph": null, "nnodes": 2, "nedges": 1, "density": 1.0, "atomics": "[91, 79]", "group_pop": 2, "init_part_assignment": 4, "id": 34}, {"graph": null, "nnodes": 2, "nedges": 1, "density": 1.0, "atomics": "[56, 57]", "group_pop": 2, "init_part_assignment": 10, "id": 35}, {"graph": null, "nnodes": 2, "nedges": 1, "density": 1.0, "atomics": "[48, 60]", "group_pop": 2, "init_part_assignment": 1, "id": 36}, {"graph": null, "nnodes": 2, "nedges": 1, "density": 1.0, "atomics": "[112, 124]", "group_pop": 2, "init_part_assignment": 5, "id": 37}, {"graph": null, "nnodes": 2, "nedges": 1, "density": 1.0, "atomics": "[5, 6]", "group_pop": 2, "init_part_assignment": 9, "id": 38}, {"graph": null, "nnodes": 2, "nedges": 1, "density": 1.0, "atomics": "[33, 45]", "group_pop": 2, "init_part_assignment": 10, "id": 39}, {"graph": null, "nnodes": 2, "nedges": 1, "density": 1.0, "atomics": "[40, 52]", "group_pop": 2, "init_part_assignment": 8, "id": 40}, {"graph": null, "nnodes": 2, "nedges": 1, "density": 1.0, "atomics": "[0, 1]", "group_pop": 2, "init_part_assignment": 2, "id": 41}, {"graph": null, "nnodes": 2, "nedges": 1, "density": 1.0, "atomics": "[128, 116]", "group_pop": 2, "init_part_assignment": 4, "id": 42}, {"graph": null, "nnodes": 2, "nedges": 1, "density": 1.0, "atomics": "[121, 133]", "group_pop": 2, "init_part_assignment": 0, "id": 43}, {"graph": null, "nnodes": 2, "nedges": 1, "density": 1.0, "atomics": "[122, 134]", "group_pop": 2, "init_part_assignment": 5, "id": 44}, {"graph": null, "nnodes": 2, "nedges": 1, "density": 1.0, "atomics": "[113, 101]", "group_pop": 2, "init_part_assignment": 5, "id": 45}, {"graph": null, "nnodes": 2, "nedges": 1, "density": 1.0, "atomics": "[2, 3]", "group_pop": 2, "init_part_assignment": 2, "id": 46}, {"graph": null, "nnodes": 2, "nedges": 1, "density": 1.0, "atomics": "[139, 140]", "group_pop": 2, "init_part_assignment": 4, "id": 47}, {"graph": null, "nnodes": 2, "nedges": 1, "density": 1.0, "atomics": "[16, 4]", "group_pop": 2, "init_part_assignment": 9, "id": 48}, {"graph": null, "nnodes": 2, "nedges": 1, "density": 1.0, "atomics": "[97, 85]", "group_pop": 2, "init_part_assignment": 6, "id": 49}, {"graph": null, "nnodes": 2, "nedges": 1, "density": 1.0, "atomics": "[109, 110]", "group_pop": 2, "init_part_assignment": 0, "id": 50}, {"graph": null, "nnodes": 2, "nedges": 1, "density": 1.0, "atomics": "[137, 125]", "group_pop": 2, "init_part_assignment": 5, "id": 51}, {"graph": null, "nnodes": 2, "nedges": 1, "density": 1.0, "atomics": "[66, 54]", "group_pop": 2, "init_part_assignment": 8, "id": 52}, {"graph": null, "nnodes": 2, "nedges": 1, "density": 1.0, "atomics": "[77, 78]", "group_pop": 2, "init_part_assignment": 6, "id": 53}, {"graph": null, "nnodes": 2, "nedges": 1, "density": 1.0, "atomics": "[27, 15]", "group_pop": 2, "init_part_assignment": 2, "id": 54}, {"graph": null, "nnodes": 2, "nedges": 1, "density": 1.0, "atomics": "[72, 84]", "group_pop": 2, "init_part_assignment": 1, "id": 55}, {"graph": null, "nnodes": 2, "nedges": 1, "density": 1.0, "atomics": "[46, 47]", "group_pop": 2, "init_part_assignment": 10, "id": 56}, {"graph": null, "nnodes": 2, "nedges": 1, "density": 1.0, "atomics": "[80, 92]", "group_pop": 2, "init_part_assignment": 7, "id": 57}, {"graph": null, "nnodes": 2, "nedges": 1, "density": 1.0, "atomics": "[88, 100]", "group_pop": 2, "init_part_assignment": 6, "id": 58}, {"graph": null, "nnodes": 2, "nedges": 1, "density": 1.0, "atomics": "[64, 65]", "group_pop": 2, "init_part_assignment": 8, "id": 59}, {"graph": null, "nnodes": 2, "nedges": 1, "density": 1.0, "atomics": "[115, 127]", "group_pop": 2, "init_part_assignment": 4, "id": 60}, {"graph": null, "nnodes": 2, "nedges": 1, "density": 1.0, "atomics": "[93, 94]", "group_pop": 2, "init_part_assignment": 7, "id": 61}, {"graph": null, "nnodes": 2, "nedges": 1, "density": 1.0, "atomics": "[106, 107]", "group_pop": 2, "init_part_assignment": 3, "id": 62}, {"graph": null, "nnodes": 2, "nedges": 1, "density": 1.0, "atomics": "[104, 103]", "group_pop": 2, "init_part_assignment": 4, "id": 63}, {"graph": null, "nnodes": 2, "nedges": 1, "density": 1.0, "atomics": "[138, 126]", "group_pop": 2, "init_part_assignment": 5, "id": 64}, {"graph": null, "nnodes": 2, "nedges": 1, "density": 1.0, "atomics": "[50, 38]", "group_pop": 2, "init_part_assignment": 1, "id": 65}, {"graph": null, "nnodes": 2, "nedges": 1, "density": 1.0, "atomics": "[98, 99]", "group_pop": 2, "init_part_assignment": 0, "id": 66}, {"graph": null, "nnodes": 2, "nedges": 1, "density": 1.0, "atomics": "[86, 87]", "group_pop": 2, "init_part_assignment": 6, "id": 67}, {"graph": null, "nnodes": 2, "nedges": 1, "density": 1.0, "atomics": "[114, 102]", "group_pop": 2, "init_part_assignment": 4, "id": 68}, {"graph": null, "nnodes": 2, "nedges": 1, "density": 1.0, "atomics": "[26, 14]", "group_pop": 2, "init_part_assignment": 2, "id": 69}, {"graph": null, "nnodes": 2, "nedges": 1, "density": 1.0, "atomics": "[51, 39]", "group_pop": 2, "init_part_assignment": 8, "id": 70}, {"graph": null, "nnodes": 2, "nedges": 1, "density": 1.0, "atomics": "[89, 90]", "group_pop": 2, "init_part_assignment": 6, "id": 71}], "adjacency": [[{"weight": 1, "random_weight": 0.15437740347230333, "id": 1}, {"weight": 1, "random_weight": 0.17333999063454042, "id": 2}, {"weight": 1, "random_weight": 0.3365727722648505, "id": 24}, {"weight": 1, "random_weight": 0.3094549796318681, "id": 57}, {"weight": 2, "random_weight": 0.4488771107168791, "id": 61}], [{"weight": 1, "random_weight": 0.15437740347230333, "id": 0}, {"weight": 1, "random_weight": 0.6140761704489549, "id": 2}, {"weight": 1, "random_weight": 0.804031374420414, "id": 33}, {"weight": 2, "random_weight": 0.7104313387240396, "id": 35}, {"weight": 1, "random_weight": 0.716320720884256, "id": 57}], [{"weight": 1, "random_weight": 0.17333999063454042, "id": 0}, {"weight": 1, "random_weight": 0.6140761704489549, "id": 1}, {"weight": 2, "random_weight": 0.040977273694755456, "id": 25}, {"weight": 1, "random_weight": 0.2634012980426499, "id": 35}, {"weight": 1, "random_weight": 0.5328485446813741, "id": 56}], [{"weight": 1, "random_weight": 0.6949911857234673, "id": 4}, {"weight": 1, "random_weight": 0.39624156294121693, "id": 7}, {"weight": 1, "random_weight": 0.965093619831747, "id": 8}, {"weight": 1, "random_weight": 0.8668094229334469, "id": 49}, {"weight": 1, "random_weight": 0.5888600527369714, "id": 55}, {"weight": 1, "random_weight": 0.8223028492276385, "id": 67}], [{"weight": 1, "random_weight": 0.6949911857234673, "id": 3}, {"weight": 1, "random_weight": 0.9050064783523246, "id": 8}, {"weight": 1, "random_weight": 0.40226861088752397, "id": 53}, {"weight": 1, "random_weight": 0.4822530872868256, "id": 58}, {"weight": 1, "random_weight": 0.6611363344965143, "id": 59}, {"weight": 1, "random_weight": 0.6740281984935964, "id": 67}], [{"weight": 2, "random_weight": 0.8155708746466319, "id": 6}, {"weight": 1, "random_weight": 0.808651291366899, "id": 12}, {"weight": 1, "random_weight": 0.11517413223695516, "id": 13}, {"weight": 1, "random_weight": 0.9391788848272504, "id": 26}, {"weight": 1, "random_weight": 0.07011424625708151, "id": 52}], [{"weight": 2, "random_weight": 0.8155708746466319, "id": 5}, {"weight": 2, "random_weight": 0.17940617109056078, "id": 9}, {"weight": 1, "random_weight": 0.9174595031408553, "id": 10}, {"weight": 1, "random_weight": 0.9787145874826515, "id": 33}], [{"weight": 1, "random_weight": 0.39624156294121693, "id": 3}, {"weight": 1, "random_weight": 0.6107602285990478, "id": 8}, {"weight": 1, "random_weight": 0.2302048353096654, "id": 19}, {"weight": 2, "random_weight": 0.21825660249403778, "id": 36}, {"weight": 1, "random_weight": 0.7163673901040959, "id": 65}], [{"weight": 1, "random_weight": 0.965093619831747, "id": 3}, {"weight": 1, "random_weight": 0.9050064783523246, "id": 4}, {"weight": 1, "random_weight": 0.6107602285990478, "id": 7}, {"weight": 1, "random_weight": 0.005286214703912995, "id": 59}, {"weight": 1, "random_weight": 0.9892614121490209, "id": 65}, {"weight": 1, "random_weight": 0.28085712663203544, "id": 70}], [{"weight": 2, "random_weight": 0.17940617109056078, "id": 6}, {"weight": 1, "random_weight": 0.7163442782803925, "id": 10}, {"weight": 1, "random_weight": 0.19173555343029314, "id": 35}, {"weight": 2, "random_weight": 0.17177117470173964, "id": 39}], [{"weight": 1, "random_weight": 0.9174595031408553, "id": 6}, {"weight": 1, "random_weight": 0.7163442782803925, "id": 9}, {"weight": 2, "random_weight": 0.20271530003171945, "id": 14}, {"weight": 1, "random_weight": 0.5414037441882033, "id": 15}, {"weight": 1, "random_weight": 0.4021373529623824, "id": 26}], [{"weight": 1, "random_weight": 0.5007032814614825, "id": 22}, {"weight": 1, "random_weight": 0.65474456461687, "id": 23}, {"weight": 1, "random_weight": 0.5739554847513877, "id": 30}], [{"weight": 1, "random_weight": 0.808651291366899, "id": 5}, {"weight": 1, "random_weight": 0.3321127716269786, "id": 13}, {"weight": 2, "random_weight": 0.6973395642130716, "id": 40}, {"weight": 1, "random_weight": 0.9534467244643674, "id": 52}, {"weight": 1, "random_weight": 0.3853723141734171, "id": 59}], [{"weight": 1, "random_weight": 0.11517413223695516, "id": 5}, {"weight": 1, "random_weight": 0.3321127716269786, "id": 12}, {"weight": 1, "random_weight": 0.0633516637962176, "id": 26}, {"weight": 1, "random_weight": 0.40724346657698873, "id": 40}, {"weight": 1, "random_weight": 0.7275820613794391, "id": 48}, {"weight": 1, "random_weight": 0.5134308143184689, "id": 54}], [{"weight": 2, "random_weight": 0.20271530003171945, "id": 10}, {"weight": 1, "random_weight": 0.3644555249224005, "id": 15}, {"weight": 1, "random_weight": 0.0453629892189239, "id": 38}], [{"weight": 1, "random_weight": 0.5414037441882033, "id": 10}, {"weight": 1, "random_weight": 0.3644555249224005, "id": 14}, {"weight": 1, "random_weight": 0.02827181630211495, "id": 16}, {"weight": 1, "random_weight": 0.9512659830598077, "id": 18}, {"weight": 1, "random_weight": 0.8403247037727292, "id": 39}], [{"weight": 1, "random_weight": 0.02827181630211495, "id": 15}, {"weight": 2, "random_weight": 0.35482466532093593, "id": 17}, {"weight": 1, "random_weight": 0.08640137013252724, "id": 18}, {"weight": 1, "random_weight": 0.4871091595805387, "id": 39}, {"weight": 1, "random_weight": 0.5680243829378733, "id": 56}], [{"weight": 2, "random_weight": 0.35482466532093593, "id": 16}, {"weight": 1, "random_weight": 0.3751738635159174, "id": 18}, {"weight": 1, "random_weight": 0.28259920525482984, "id": 56}], [{"weight": 1, "random_weight": 0.9512659830598077, "id": 15}, {"weight": 1, "random_weight": 0.08640137013252724, "id": 16}, {"weight": 1, "random_weight": 0.3751738635159174, "id": 17}], [{"weight": 1, "random_weight": 0.2302048353096654, "id": 7}, {"weight": 2, "random_weight": 0.47088262721457963, "id": 21}, {"weight": 1, "random_weight": 0.036734888608812466, "id": 36}, {"weight": 1, "random_weight": 0.5281698879369564, "id": 65}], [{"weight": 1, "random_weight": 0.6261508935363864, "id": 29}, {"weight": 2, "random_weight": 0.17510202082826243, "id": 43}], [{"weight": 2, "random_weight": 0.47088262721457963, "id": 19}, {"weight": 2, "random_weight": 0.9797852772132071, "id": 32}, {"weight": 1, "random_weight": 0.5581646841891124, "id": 69}], [{"weight": 1, "random_weight": 0.5007032814614825, "id": 11}, {"weight": 2, "random_weight": 0.581203770332232, "id": 23}, {"weight": 1, "random_weight": 0.4444589208816514, "id": 30}, {"weight": 1, "random_weight": 0.054247822894254005, "id": 31}, {"weight": 1, "random_weight": 0.369984419152088, "id": 62}], [{"weight": 1, "random_weight": 0.65474456461687, "id": 11}, {"weight": 2, "random_weight": 0.581203770332232, "id": 22}, {"weight": 1, "random_weight": 0.7601817823100618, "id": 62}], [{"weight": 1, "random_weight": 0.3365727722648505, "id": 0}, {"weight": 1, "random_weight": 0.7322951685626047, "id": 25}, {"weight": 1, "random_weight": 0.8433233376522824, "id": 61}, {"weight": 1, "random_weight": 0.8964724984899073, "id": 62}], [{"weight": 2, "random_weight": 0.040977273694755456, "id": 2}, {"weight": 1, "random_weight": 0.7322951685626047, "id": 24}, {"weight": 1, "random_weight": 0.9096486563428873, "id": 56}], [{"weight": 1, "random_weight": 0.9391788848272504, "id": 5}, {"weight": 1, "random_weight": 0.4021373529623824, "id": 10}, {"weight": 1, "random_weight": 0.0633516637962176, "id": 13}, {"weight": 2, "random_weight": 0.2939237754556331, "id": 38}, {"weight": 1, "random_weight": 0.13284479088993262, "id": 48}], [{"weight": 1, "random_weight": 0.5855240644431242, "id": 28}, {"weight": 2, "random_weight": 0.7146295414172227, "id": 37}, {"weight": 1, "random_weight": 0.8753316224703032, "id": 44}, {"weight": 1, "random_weight": 0.06487506553317146, "id": 50}, {"weight": 1, "random_weight": 0.4683556846091995, "id": 66}], [{"weight": 1, "random_weight": 0.5855240644431242, "id": 27}, {"weight": 1, "random_weight": 0.5612383841012973, "id": 37}, {"weight": 1, "random_weight": 0.3069102603694953, "id": 44}, {"weight": 1, "random_weight": 0.08967323502531421, "id": 51}], [{"weight": 1, "random_weight": 0.6261508935363864, "id": 20}, {"weight": 1, "random_weight": 0.791401095257005, "id": 49}, {"weight": 1, "random_weight": 0.12199049267049045, "id": 50}, {"weight": 1, "random_weight": 0.8119636321999459, "id": 55}], [{"weight": 1, "random_weight": 0.5739554847513877, "id": 11}, {"weight": 1, "random_weight": 0.4444589208816514, "id": 22}, {"weight": 1, "random_weight": 0.3790817152932394, "id": 31}, {"weight": 1, "random_weight": 0.9111122175336871, "id": 42}, {"weight": 1, "random_weight": 0.1864270393584323, "id": 47}], [{"weight": 1, "random_weight": 0.054247822894254005, "id": 22}, {"weight": 1, "random_weight": 0.3790817152932394, "id": 30}, {"weight": 1, "random_weight": 0.7825264852627993, "id": 42}, {"weight": 1, "random_weight": 0.5246554882869344, "id": 61}, {"weight": 1, "random_weight": 0.48435775144250215, "id": 62}, {"weight": 1, "random_weight": 0.5272316766634293, "id": 63}], [{"weight": 2, "random_weight": 0.9797852772132071, "id": 21}, {"weight": 2, "random_weight": 0.9756901984189263, "id": 41}, {"weight": 1, "random_weight": 0.5173245741351417, "id": 69}], [{"weight": 1, "random_weight": 0.804031374420414, "id": 1}, {"weight": 1, "random_weight": 0.9787145874826515, "id": 6}, {"weight": 1, "random_weight": 0.837377557054781, "id": 34}, {"weight": 1, "random_weight": 0.681116917647566, "id": 35}, {"weight": 2, "random_weight": 0.5460991909080842, "id": 52}], [{"weight": 1, "random_weight": 0.837377557054781, "id": 33}, {"weight": 1, "random_weight": 0.9242306099198835, "id": 53}, {"weight": 2, "random_weight": 0.8298295804717302, "id": 57}, {"weight": 1, "random_weight": 0.37993086624129313, "id": 63}, {"weight": 1, "random_weight": 0.5571619773680974, "id": 71}], [{"weight": 2, "random_weight": 0.7104313387240396, "id": 1}, {"weight": 1, "random_weight": 0.2634012980426499, "id": 2}, {"weight": 1, "random_weight": 0.19173555343029314, "id": 9}, {"weight": 1, "random_weight": 0.681116917647566, "id": 33}, {"weight": 1, "random_weight": 0.7083806904795341, "id": 39}], [{"weight": 2, "random_weight": 0.21825660249403778, "id": 7}, {"weight": 1, "random_weight": 0.036734888608812466, "id": 19}, {"weight": 1, "random_weight": 0.3771738675861115, "id": 55}], [{"weight": 2, "random_weight": 0.7146295414172227, "id": 27}, {"weight": 1, "random_weight": 0.5612383841012973, "id": 28}, {"weight": 1, "random_weight": 0.08790241907619956, "id": 45}, {"weight": 1, "random_weight": 0.4180713149106531, "id": 51}, {"weight": 1, "random_weight": 0.0617760480156746, "id": 58}], [{"weight": 1, "random_weight": 0.0453629892189239, "id": 14}, {"weight": 2, "random_weight": 0.2939237754556331, "id": 26}, {"weight": 1, "random_weight": 0.8575419727874498, "id": 48}], [{"weight": 2, "random_weight": 0.17177117470173964, "id": 9}, {"weight": 1, "random_weight": 0.8403247037727292, "id": 15}, {"weight": 1, "random_weight": 0.4871091595805387, "id": 16}, {"weight": 1, "random_weight": 0.7083806904795341, "id": 35}, {"weight": 1, "random_weight": 0.4770969400615295, "id": 56}], [{"weight": 2, "random_weight": 0.6973395642130716, "id": 12}, {"weight": 1, "random_weight": 0.40724346657698873, "id": 13}, {"weight": 1, "random_weight": 0.2975993880517914, "id": 59}, {"weight": 2, "random_weight": 0.9710087153809256, "id": 70}], [{"weight": 2, "random_weight": 0.9756901984189263, "id": 32}, {"weight": 1, "random_weight": 0.5722346242457588, "id": 46}], [{"weight": 1, "random_weight": 0.9111122175336871, "id": 30}, {"weight": 1, "random_weight": 0.7825264852627993, "id": 31}, {"weight": 1, "random_weight": 0.5539296123139489, "id": 47}, {"weight": 2, "random_weight": 0.882577675670296, "id": 60}, {"weight": 1, "random_weight": 0.6108301997181145, "id": 63}], [{"weight": 2, "random_weight": 0.17510202082826243, "id": 20}, {"weight": 2, "random_weight": 0.6506676524907016, "id": 44}, {"weight": 1, "random_weight": 0.9483528273828249, "id": 50}], [{"weight": 1, "random_weight": 0.8753316224703032, "id": 27}, {"weight": 1, "random_weight": 0.3069102603694953, "id": 28}, {"weight": 2, "random_weight": 0.6506676524907016, "id": 43}, {"weight": 1, "random_weight": 0.6513569643884528, "id": 50}], [{"weight": 1, "random_weight": 0.08790241907619956, "id": 37}, {"weight": 1, "random_weight": 0.11985498036535025, "id": 51}, {"weight": 1, "random_weight": 0.6537196461734719, "id": 58}, {"weight": 2, "random_weight": 0.3224478967141068, "id": 68}, {"weight": 1, "random_weight": 0.28807515214956303, "id": 71}], [{"weight": 1, "random_weight": 0.5722346242457588, "id": 41}, {"weight": 1, "random_weight": 0.09126864632077314, "id": 48}, {"weight": 1, "random_weight": 0.6382444917662805, "id": 54}, {"weight": 1, "random_weight": 0.4514645532411621, "id": 69}], [{"weight": 1, "random_weight": 0.1864270393584323, "id": 30}, {"weight": 1, "random_weight": 0.5539296123139489, "id": 42}, {"weight": 1, "random_weight": 0.11595242848713738, "id": 60}, {"weight": 1, "random_weight": 0.7619011516918383, "id": 64}], [{"weight": 1, "random_weight": 0.7275820613794391, "id": 13}, {"weight": 1, "random_weight": 0.13284479088993262, "id": 26}, {"weight": 1, "random_weight": 0.8575419727874498, "id": 38}, {"weight": 1, "random_weight": 0.09126864632077314, "id": 46}, {"weight": 1, "random_weight": 0.5390415159956348, "id": 54}], [{"weight": 1, "random_weight": 0.8668094229334469, "id": 3}, {"weight": 1, "random_weight": 0.791401095257005, "id": 29}, {"weight": 1, "random_weight": 0.804088442255189, "id": 50}, {"weight": 1, "random_weight": 0.7088772724321116, "id": 55}, {"weight": 1, "random_weight": 0.7675730076056977, "id": 66}, {"weight": 1, "random_weight": 0.3294182687969286, "id": 67}], [{"weight": 1, "random_weight": 0.06487506553317146, "id": 27}, {"weight": 1, "random_weight": 0.12199049267049045, "id": 29}, {"weight": 1, "random_weight": 0.9483528273828249, "id": 43}, {"weight": 1, "random_weight": 0.6513569643884528, "id": 44}, {"weight": 1, "random_weight": 0.804088442255189, "id": 49}, {"weight": 1, "random_weight": 0.5133793865907387, "id": 66}], [{"weight": 1, "random_weight": 0.08967323502531421, "id": 28}, {"weight": 1, "random_weight": 0.4180713149106531, "id": 37}, {"weight": 1, "random_weight": 0.11985498036535025, "id": 45}, {"weight": 2, "random_weight": 0.6259145533046452, "id": 64}], [{"weight": 1, "random_weight": 0.07011424625708151, "id": 5}, {"weight": 1, "random_weight": 0.9534467244643674, "id": 12}, {"weight": 2, "random_weight": 0.5460991909080842, "id": 33}, {"weight": 1, "random_weight": 0.9790345485325965, "id": 53}, {"weight": 1, "random_weight": 0.01303890856315959, "id": 59}], [{"weight": 1, "random_weight": 0.40226861088752397, "id": 4}, {"weight": 1, "random_weight": 0.9242306099198835, "id": 34}, {"weight": 1, "random_weight": 0.9790345485325965, "id": 52}, {"weight": 1, "random_weight": 0.7841879128843041, "id": 59}, {"weight": 2, "random_weight": 0.18198424731028762, "id": 71}], [{"weight": 1, "random_weight": 0.5134308143184689, "id": 13}, {"weight": 1, "random_weight": 0.6382444917662805, "id": 46}, {"weight": 1, "random_weight": 0.5390415159956348, "id": 48}, {"weight": 2, "random_weight": 0.2319584127597598, "id": 69}, {"weight": 1, "random_weight": 0.5427997873100315, "id": 70}], [{"weight": 1, "random_weight": 0.5888600527369714, "id": 3}, {"weight": 1, "random_weight": 0.8119636321999459, "id": 29}, {"weight": 1, "random_weight": 0.3771738675861115, "id": 36}, {"weight": 1, "random_weight": 0.7088772724321116, "id": 49}], [{"weight": 1, "random_weight": 0.5328485446813741, "id": 2}, {"weight": 1, "random_weight": 0.5680243829378733, "id": 16}, {"weight": 1, "random_weight": 0.28259920525482984, "id": 17}, {"weight": 1, "random_weight": 0.9096486563428873, "id": 25}, {"weight": 1, "random_weight": 0.4770969400615295, "id": 39}], [{"weight": 1, "random_weight": 0.3094549796318681, "id": 0}, {"weight": 1, "random_weight": 0.716320720884256, "id": 1}, {"weight": 2, "random_weight": 0.8298295804717302, "id": 34}, {"weight": 1, "random_weight": 0.46731251592932355, "id": 61}, {"weight": 1, "random_weight": 0.7774036327468081, "id": 63}], [{"weight": 1, "random_weight": 0.4822530872868256, "id": 4}, {"weight": 1, "random_weight": 0.0617760480156746, "id": 37}, {"weight": 1, "random_weight": 0.6537196461734719, "id": 45}, {"weight": 1, "random_weight": 0.4974326791724283, "id": 66}, {"weight": 1, "random_weight": 0.9673450683154368, "id": 67}, {"weight": 1, "random_weight": 0.9709957143750142, "id": 71}], [{"weight": 1, "random_weight": 0.6611363344965143, "id": 4}, {"weight": 1, "random_weight": 0.005286214703912995, "id": 8}, {"weight": 1, "random_weight": 0.3853723141734171, "id": 12}, {"weight": 1, "random_weight": 0.2975993880517914, "id": 40}, {"weight": 1, "random_weight": 0.01303890856315959, "id": 52}, {"weight": 1, "random_weight": 0.7841879128843041, "id": 53}], [{"weight": 2, "random_weight": 0.882577675670296, "id": 42}, {"weight": 1, "random_weight": 0.11595242848713738, "id": 47}, {"weight": 1, "random_weight": 0.2784812049102596, "id": 63}, {"weight": 1, "random_weight": 0.3733495552839995, "id": 64}, {"weight": 1, "random_weight": 0.062164593930832845, "id": 68}], [{"weight": 2, "random_weight": 0.4488771107168791, "id": 0}, {"weight": 1, "random_weight": 0.8433233376522824, "id": 24}, {"weight": 1, "random_weight": 0.5246554882869344, "id": 31}, {"weight": 1, "random_weight": 0.46731251592932355, "id": 57}, {"weight": 1, "random_weight": 0.9057113746377452, "id": 62}], [{"weight": 1, "random_weight": 0.369984419152088, "id": 22}, {"weight": 1, "random_weight": 0.7601817823100618, "id": 23}, {"weight": 1, "random_weight": 0.8964724984899073, "id": 24}, {"weight": 1, "random_weight": 0.48435775144250215, "id": 31}, {"weight": 1, "random_weight": 0.9057113746377452, "id": 61}], [{"weight": 1, "random_weight": 0.5272316766634293, "id": 31}, {"weight": 1, "random_weight": 0.37993086624129313, "id": 34}, {"weight": 1, "random_weight": 0.6108301997181145, "id": 42}, {"weight": 1, "random_weight": 0.7774036327468081, "id": 57}, {"weight": 1, "random_weight": 0.2784812049102596, "id": 60}, {"weight": 1, "random_weight": 0.7348031933532285, "id": 68}], [{"weight": 1, "random_weight": 0.7619011516918383, "id": 47}, {"weight": 2, "random_weight": 0.6259145533046452, "id": 51}, {"weight": 1, "random_weight": 0.3733495552839995, "id": 60}, {"weight": 1, "random_weight": 0.43089297013371086, "id": 68}], [{"weight": 1, "random_weight": 0.7163673901040959, "id": 7}, {"weight": 1, "random_weight": 0.9892614121490209, "id": 8}, {"weight": 1, "random_weight": 0.5281698879369564, "id": 19}, {"weight": 1, "random_weight": 0.6368739436701836, "id": 69}, {"weight": 2, "random_weight": 0.702286094581897, "id": 70}], [{"weight": 1, "random_weight": 0.4683556846091995, "id": 27}, {"weight": 1, "random_weight": 0.7675730076056977, "id": 49}, {"weight": 1, "random_weight": 0.5133793865907387, "id": 50}, {"weight": 1, "random_weight": 0.4974326791724283, "id": 58}, {"weight": 2, "random_weight": 0.8961963298889659, "id": 67}], [{"weight": 1, "random_weight": 0.8223028492276385, "id": 3}, {"weight": 1, "random_weight": 0.6740281984935964, "id": 4}, {"weight": 1, "random_weight": 0.3294182687969286, "id": 49}, {"weight": 1, "random_weight": 0.9673450683154368, "id": 58}, {"weight": 2, "random_weight": 0.8961963298889659, "id": 66}], [{"weight": 2, "random_weight": 0.3224478967141068, "id": 45}, {"weight": 1, "random_weight": 0.062164593930832845, "id": 60}, {"weight": 1, "random_weight": 0.7348031933532285, "id": 63}, {"weight": 1, "random_weight": 0.43089297013371086, "id": 64}, {"weight": 1, "random_weight": 0.5620595197667436, "id": 71}], [{"weight": 1, "random_weight": 0.5581646841891124, "id": 21}, {"weight": 1, "random_weight": 0.5173245741351417, "id": 32}, {"weight": 1, "random_weight": 0.4514645532411621, "id": 46}, {"weight": 2, "random_weight": 0.2319584127597598, "id": 54}, {"weight": 1, "random_weight": 0.6368739436701836, "id": 65}], [{"weight": 1, "random_weight": 0.28085712663203544, "id": 8}, {"weight": 2, "random_weight": 0.9710087153809256, "id": 40}, {"weight": 1, "random_weight": 0.5427997873100315, "id": 54}, {"weight": 2, "random_weight": 0.702286094581897, "id": 65}], [{"weight": 1, "random_weight": 0.5571619773680974, "id": 34}, {"weight": 1, "random_weight": 0.28807515214956303, "id": 45}, {"weight": 2, "random_weight": 0.18198424731028762, "id": 53}, {"weight": 1, "random_weight": 0.9709957143750142, "id": 58}, {"weight": 1, "random_weight": 0.5620595197667436, "id": 68}]]}