{"directed": false, "multigraph": false, "graph": [], "nodes": [{"graph": null, "nnodes": 2, "nedges": 1, "density": 1.0, "atomics": "[80, 81]", "group_pop": 2, "init_part_assignment": 7, "id": 0}, {"graph": null, "nnodes": 2, "nedges": 1, "density": 1.0, "atomics": "[68, 69]", "group_pop": 2, "init_part_assignment": 10, "id": 1}, {"graph": null, "nnodes": 2, "nedges": 1, "density": 1.0, "atomics": "[82, 83]", "group_pop": 2, "init_part_assignment": 4, "id": 2}, {"graph": null, "nnodes": 2, "nedges": 1, "density": 1.0, "atomics": "[58, 70]", "group_pop": 2, "init_part_assignment": 2, "id": 3}, {"graph": null, "nnodes": 2, "nedges": 1, "density": 1.0, "atomics": "[74, 75]", "group_pop": 2, "init_part_assignment": 1, "id": 4}, {"graph": null, "nnodes": 2, "nedges": 1, "density": 1.0, "atomics": "[42, 54]", "group_pop": 2, "init_part_assignment": 11, "id": 5}, {"graph": null, "nnodes": 2, "nedges": 1, "density": 1.0, "atomics": "[43, 55]", "group_pop": 2, "init_part_assignment": 7, "id": 6}, {"graph": null, "nnodes": 2, "nedges": 1, "density": 1.0, "atomics": "[49, 61]", "group_pop": 2, "init_part_assignment": 9, "id": 7}, {"graph": null, "nnodes": 2, "nedges": 1, "density": 1.0, "atomics": "[50, 62]", "group_pop": 2, "init_part_assignment": 9, "id": 8}, {"graph": null, "nnodes": 2, "nedges": 1, "density": 1.0, "atomics": "[32, 33]", "group_pop": 2, "init_part_assignment": 10, "id": 9}, {"graph": null, "nnodes": 2, "nedges": 1, "density": 1.0, "atomics": "[19, 20]", "group_pop": 2, "init_part_assignment": 10, "id": 10}, {"graph": null, "nnodes": 2, "nedges": 1, "density": 1.0, "atomics": "[142, 143]", "group_pop": 2, "init_part_assignment": 4, "id": 11}, {"graph": null, "nnodes": 2, "nedges": 1, "density": 1.0, "atomics": "[40, 41]", "group_pop": 2, "init_part_assignment": 9, "id": 12}, {"graph": null, "nnodes": 2, "nedges": 1, "density": 1.0, "atomics": "[28, 29]", "group_pop": 2, "init_part_assignment": 11, "id": 13}, {"graph": null, "nnodes": 2, "nedges": 1, "density": 1.0, "atomics": "[8, 7]", "group_pop": 2, "init_part_assignment": 10, "id": 14}, {"graph": null, "nnodes": 2, "nedges": 1, "density": 1.0, "atomics": "[9, 21]", "group_pop": 2, "init_part_assignment": 10, "id": 15}, {"graph": null, "nnodes": 2, "nedges": 1, "density": 1.0, "atomics": "[34, 46]", "group_pop": 2, "init_part_assignment": 2, "id": 16}, {"graph": null, "nnodes": 2, "nedges": 1, "density": 1.0, "atomics": "[35, 47]", "group_pop": 2, "init_part_assignment": 2, "id": 17}, {"graph": null, "nnodes": 2, "nedges": 1, "density": 1.0, "atomics": "[11, 23]", "group_pop": 2, "init_part_assignment": 2, "id": 18}, {"graph": null, "nnodes": 2, "nedges": 1, "density": 1.0, "atomics": "[36, 37]", "group_pop": 2, "init_part_assignment": 9, "id": 19}, {"graph": null, "nnodes": 2, "nedges": 1, "density": 1.0, "atomics": "[120, 108]", "group_pop": 2, "init_part_assignment": 3, "id": 20}, {"graph": null, "nnodes": 2, "nedges": 1, "density": 1.0, "atomics": "[132, 133]", "group_pop": 2, "init_part_assignment": 3, "id": 21}, {"graph": null, "nnodes": 2, "nedges": 1, "density": 1.0, "atomics": "[24, 12]", "group_pop": 2, "init_part_assignment": 8, "id": 22}, {"graph": null, "nnodes": 2, "nedges": 1, "density": 1.0, "atomics": "[130, 131]", "group_pop": 2, "init_part_assignment": 4, "id": 23}, {"graph": null, "nnodes": 2, "nedges": 1, "density": 1.0, "atomics": "[30, 31]", "group_pop": 2, "init_part_assignment": 11, "id": 24}, {"graph": null, "nnodes": 2, "nedges": 1, "density": 1.0, "atomics": "[59, 71]", "group_pop": 2, "init_part_assignment": 4, "id": 25}, {"graph": null, "nnodes": 2, "nedges": 1, "density": 1.0, "atomics": "[18, 6]", "group_pop": 2, "init_part_assignment": 11, "id": 26}, {"graph": null, "nnodes": 2, "nedges": 1, "density": 1.0, "atomics": "[123, 124]", "group_pop": 2, "init_part_assignment": 3, "id": 27}, {"graph": null, "nnodes": 2, "nedges": 1, "density": 1.0, "atomics": "[134, 135]", "group_pop": 2, "init_part_assignment": 3, "id": 28}, {"graph": null, "nnodes": 2, "nedges": 1, "density": 1.0, "atomics": "[10, 22]", "group_pop": 2, "init_part_assignment": 2, "id": 29}, {"graph": null, "nnodes": 2, "nedges": 1, "density": 1.0, "atomics": "[96, 97]", "group_pop": 2, "init_part_assignment": 0, "id": 30}, {"graph": null, "nnodes": 2, "nedges": 1, "density": 1.0, "atomics": "[129, 117]", "group_pop": 2, "init_part_assignment": 6, "id": 31}, {"graph": null, "nnodes": 2, "nedges": 1, "density": 1.0, "atomics": "[25, 26]", "group_pop": 2, "init_part_assignment": 8, "id": 32}, {"graph": null, "nnodes": 2, "nedges": 1, "density": 1.0, "atomics": "[13, 14]", "group_pop": 2, "init_part_assignment": 8, "id": 33}, {"graph": null, "nnodes": 2, "nedges": 1, "density": 1.0, "atomics": "[66, 67]", "group_pop": 2, "init_part_assignment": 7, "id": 34}, {"graph": null, "nnodes": 2, "nedges": 1, "density": 1.0, "atomics": "[91, 79]", "group_pop": 2, "init_part_assignment": 7, "id": 35}, {"graph": null, "nnodes": 2, "nedges": 1, "density": 1.0, "atomics": "[57, 45]", "group_pop": 2, "init_part_assignment": 2, "id": 36}, {"graph": null, "nnodes": 2, "nedges": 1, "density": 1.0, "atomics": "[48, 60]", "group_pop": 2, "init_part_assignment": 9, "id": 37}, {"graph": null, "nnodes": 2, "nedges": 1, "density": 1.0, "atomics": "[136, 137]", "group_pop": 2, "init_part_assignment": 3, "id": 38}, {"graph": null, "nnodes": 2, "nedges": 1, "density": 1.0, "atomics": "[0, 1]", "group_pop": 2, "init_part_assignment": 8, "id": 39}, {"graph": null, "nnodes": 2, "nedges": 1, "density": 1.0, "atomics": "[128, 116]", "group_pop": 2, "init_part_assignment": 6, "id": 40}, {"graph": null, "nnodes": 2, "nedges": 1, "density": 1.0, "atomics": "[121, 122]", "group_pop": 2, "init_part_assignment": 3, "id": 41}, {"graph": null, "nnodes": 2, "nedges": 1, "density": 1.0, "atomics": "[112, 111]", "group_pop": 2, "init_part_assignment": 0, "id": 42}, {"graph": null, "nnodes": 2, "nedges": 1, "density": 1.0, "atomics": "[113, 114]", "group_pop": 2, "init_part_assignment": 5, "id": 43}, {"graph": null, "nnodes": 2, "nedges": 1, "density": 1.0, "atomics": "[2, 3]", "group_pop": 2, "init_part_assignment": 8, "id": 44}, {"graph": null, "nnodes": 2, "nedges": 1, "density": 1.0, "atomics": "[16, 17]", "group_pop": 2, "init_part_assignment": 11, "id": 45}, {"graph": null, "nnodes": 2, "nedges": 1, "density": 1.0, "atomics": "[4, 5]", "group_pop": 2, "init_part_assignment": 8, "id": 46}, {"graph": null, "nnodes": 2, "nedges": 1, "density": 1.0, "atomics": "[140, 141]", "group_pop": 2, "init_part_assignment": 6, "id": 47}, {"graph": null, "nnodes": 2, "nedges": 1, "density": 1.0, "atomics": "[109, 110]", "group_pop": 2, "init_part_assignment": 0, "id": 48}, {"graph": null, "nnodes": 2, "nedges": 1, "density": 1.0, "atomics": "[125, 126]", "group_pop": 2, "init_part_assignment": 5, "id": 49}, {"graph": null, "nnodes": 2, "nedges": 1, "density": 1.0, "atomics": "[90, 78]", "group_pop": 2, "init_part_assignment": 7, "id": 50}, {"graph": null, "nnodes": 2, "nedges": 1, "density": 1.0, "atomics": "[27, 15]", "group_pop": 2, "init_part_assignment": 11, "id": 51}, {"graph": null, "nnodes": 2, "nedges": 1, "density": 1.0, "atomics": "[72, 84]", "group_pop": 2, "init_part_assignment": 0, "id": 52}, {"graph": null, "nnodes": 2, "nedges": 1, "density": 1.0, "atomics": "[100, 101]", "group_pop": 2, "init_part_assignment": 5, "id": 53}, {"graph": null, "nnodes": 2, "nedges": 1, "density": 1.0, "atomics": "[64, 65]", "group_pop": 2, "init_part_assignment": 1, "id": 54}, {"graph": null, "nnodes": 2, "nedges": 1, "density": 1.0, "atomics": "[51, 63]", "group_pop": 2, "init_part_assignment": 1, "id": 55}, {"graph": null, "nnodes": 2, "nedges": 1, "density": 1.0, "atomics": "[138, 139]", "group_pop": 2, "init_part_assignment": 5, "id": 56}, {"graph": null, "nnodes": 2, "nedges": 1, "density": 1.0, "atomics": "[115, 127]", "group_pop": 2, "init_part_assignment": 5, "id": 57}, {"graph": null, "nnodes": 2, "nedges": 1, "density": 1.0, "atomics": "[94, 95]", "group_pop": 2, "init_part_assignment": 4, "id": 58}, {"graph": null, "nnodes": 2, "nedges": 1, "density": 1.0, "atomics": "[56, 44]", "group_pop": 2, "init_part_assignment": 10, "id": 59}, {"graph": null, "nnodes": 2, "nedges": 1, "density": 1.0, "atomics": "[73, 85]", "group_pop": 2, "init_part_assignment": 0, "id": 60}, {"graph": null, "nnodes": 2, "nedges": 1, "density": 1.0, "atomics": "[107, 119]", "group_pop": 2, "init_part_assignment": 4, "id": 61}, {"graph": null, "nnodes": 2, "nedges": 1, "density": 1.0, "atomics": "[102, 103]", "group_pop": 2, "init_part_assignment": 5, "id": 62}, {"graph": null, "nnodes": 2, "nedges": 1, "density": 1.0, "atomics": "[38, 39]", "group_pop": 2, "init_part_assignment": 9, "id": 63}, {"graph": null, "nnodes": 2, "nedges": 1, "density": 1.0, "atomics": "[98, 86]", "group_pop": 2, "init_part_assignment": 0, "id": 64}, {"graph": null, "nnodes": 2, "nedges": 1, "density": 1.0, "atomics": "[106, 118]", "group_pop": 2, "init_part_assignment": 6, "id": 65}, {"graph": null, "nnodes": 2, "nedges": 1, "density": 1.0, "atomics": "[105, 93]", "group_pop": 2, "init_part_assignment": 6, "id": 66}, {"graph": null, "nnodes": 2, "nedges": 1, "density": 1.0, "atomics": "[99, 87]", "group_pop": 2, "init_part_assignment": 1, "id": 67}, {"graph": null, "nnodes": 2, "nedges": 1, "density": 1.0, "atomics": "[52, 53]", "group_pop": 2, "init_part_assignment": 1, "id": 68}, {"graph": null, "nnodes": 2, "nedges": 1, "density": 1.0, "atomics": "[104, 92]", "group_pop": 2, "init_part_assignment": 6, "id": 69}, {"graph": null, "nnodes": 2, "nedges": 1, "density": 1.0, "atomics": "[88, 76]", "group_pop": 2, "init_part_assignment": 1, "id": 70}, {"graph": null, "nnodes": 2, "nedges": 1, "density": 1.0, "atomics": "[89, 77]", "group_pop": 2, "init_part_assignment": 7, "id": 71}], "adjacency": [[{"weight": 2, "random_weight": 0.9591654798507282, "id": 1}, {"weight": 1, "random_weight": 0.5328100281079465, "id": 2}, {"weight": 1, "random_weight": 0.7117838588641142, "id": 35}, {"weight": 1, "random_weight": 0.6540345571340624, "id": 66}, {"weight": 1, "random_weight": 0.43218313275374864, "id": 69}], [{"weight": 2, "random_weight": 0.9591654798507282, "id": 0}, {"weight": 1, "random_weight": 0.9390111838011521, "id": 3}, {"weight": 1, "random_weight": 0.46935994967343264, "id": 34}, {"weight": 1, "random_weight": 0.6648781018861704, "id": 36}, {"weight": 1, "random_weight": 0.6061510246255787, "id": 59}], [{"weight": 1, "random_weight": 0.5328100281079465, "id": 0}, {"weight": 1, "random_weight": 0.897765936115124, "id": 3}, {"weight": 1, "random_weight": 0.18466506752621648, "id": 25}, {"weight": 2, "random_weight": 0.3517210329547722, "id": 58}], [{"weight": 1, "random_weight": 0.9390111838011521, "id": 1}, {"weight": 1, "random_weight": 0.897765936115124, "id": 2}, {"weight": 1, "random_weight": 0.6114750807847049, "id": 16}, {"weight": 2, "random_weight": 0.7672978978751993, "id": 25}, {"weight": 1, "random_weight": 0.8779378042556124, "id": 36}], [{"weight": 1, "random_weight": 0.7201141819128855, "id": 8}, {"weight": 1, "random_weight": 0.20979453027870443, "id": 55}, {"weight": 1, "random_weight": 0.590876406350269, "id": 60}, {"weight": 1, "random_weight": 0.6090192383347132, "id": 64}, {"weight": 1, "random_weight": 0.012420154604442346, "id": 67}, {"weight": 1, "random_weight": 0.5675491082477361, "id": 70}], [{"weight": 2, "random_weight": 0.7530275349082252, "id": 6}, {"weight": 1, "random_weight": 0.40305946522229186, "id": 12}, {"weight": 1, "random_weight": 0.30868887886956353, "id": 24}, {"weight": 1, "random_weight": 0.9842935173005122, "id": 34}, {"weight": 1, "random_weight": 0.860637345640986, "id": 68}], [{"weight": 2, "random_weight": 0.7530275349082252, "id": 5}, {"weight": 1, "random_weight": 0.7955280845403648, "id": 24}, {"weight": 1, "random_weight": 0.04759344411769184, "id": 34}, {"weight": 2, "random_weight": 0.5221513284926552, "id": 59}], [{"weight": 2, "random_weight": 0.08094531142077555, "id": 8}, {"weight": 1, "random_weight": 0.05604582843161621, "id": 19}, {"weight": 2, "random_weight": 0.6391514686225321, "id": 37}, {"weight": 1, "random_weight": 0.9777502509777836, "id": 60}], [{"weight": 1, "random_weight": 0.7201141819128855, "id": 4}, {"weight": 2, "random_weight": 0.08094531142077555, "id": 7}, {"weight": 2, "random_weight": 0.9818466214828051, "id": 55}, {"weight": 1, "random_weight": 0.47208446871086707, "id": 63}], [{"weight": 1, "random_weight": 0.21918012417510346, "id": 10}, {"weight": 1, "random_weight": 0.9704970967179105, "id": 15}, {"weight": 1, "random_weight": 0.5106355817912787, "id": 16}, {"weight": 1, "random_weight": 0.5548670627021014, "id": 24}, {"weight": 1, "random_weight": 0.24733513963788056, "id": 36}, {"weight": 1, "random_weight": 0.164610384263719, "id": 59}], [{"weight": 1, "random_weight": 0.21918012417510346, "id": 9}, {"weight": 2, "random_weight": 0.6020416155584708, "id": 14}, {"weight": 1, "random_weight": 0.04585618904814226, "id": 15}, {"weight": 1, "random_weight": 0.7646224895974504, "id": 24}, {"weight": 1, "random_weight": 0.860797584365922, "id": 26}], [{"weight": 2, "random_weight": 0.6217986595222493, "id": 23}, {"weight": 1, "random_weight": 0.729498987900837, "id": 47}], [{"weight": 1, "random_weight": 0.40305946522229186, "id": 5}, {"weight": 2, "random_weight": 0.816361959997275, "id": 13}, {"weight": 1, "random_weight": 0.4439423573943154, "id": 63}, {"weight": 2, "random_weight": 0.8939732044964784, "id": 68}], [{"weight": 2, "random_weight": 0.816361959997275, "id": 12}, {"weight": 1, "random_weight": 0.284965694720302, "id": 24}, {"weight": 2, "random_weight": 0.8342507906046435, "id": 45}, {"weight": 1, "random_weight": 0.2185469216842162, "id": 51}], [{"weight": 2, "random_weight": 0.6020416155584708, "id": 10}, {"weight": 1, "random_weight": 0.7385041810779308, "id": 15}, {"weight": 1, "random_weight": 0.871232624566256, "id": 26}], [{"weight": 1, "random_weight": 0.9704970967179105, "id": 9}, {"weight": 1, "random_weight": 0.04585618904814226, "id": 10}, {"weight": 1, "random_weight": 0.7385041810779308, "id": 14}, {"weight": 2, "random_weight": 0.922643100797208, "id": 29}], [{"weight": 1, "random_weight": 0.6114750807847049, "id": 3}, {"weight": 1, "random_weight": 0.5106355817912787, "id": 9}, {"weight": 2, "random_weight": 0.5221146965399345, "id": 17}, {"weight": 1, "random_weight": 0.14772499135019757, "id": 29}, {"weight": 1, "random_weight": 0.4087119524137983, "id": 36}], [{"weight": 2, "random_weight": 0.5221146965399345, "id": 16}, {"weight": 1, "random_weight": 0.5360110084680159, "id": 18}, {"weight": 1, "random_weight": 0.6755068251847566, "id": 25}], [{"weight": 1, "random_weight": 0.5360110084680159, "id": 17}, {"weight": 2, "random_weight": 0.6262353335272737, "id": 29}], [{"weight": 1, "random_weight": 0.05604582843161621, "id": 7}, {"weight": 1, "random_weight": 0.660821438831532, "id": 22}, {"weight": 1, "random_weight": 0.8653993180776508, "id": 32}, {"weight": 1, "random_weight": 0.4905325634219466, "id": 37}, {"weight": 1, "random_weight": 0.2837762916556821, "id": 63}], [{"weight": 1, "random_weight": 0.2413889119162279, "id": 21}, {"weight": 1, "random_weight": 0.5996634168828173, "id": 30}, {"weight": 1, "random_weight": 0.8753639478825318, "id": 41}, {"weight": 1, "random_weight": 0.6727520290534467, "id": 48}], [{"weight": 1, "random_weight": 0.2413889119162279, "id": 20}, {"weight": 1, "random_weight": 0.9359680710681939, "id": 28}, {"weight": 1, "random_weight": 0.4691164505783051, "id": 41}], [{"weight": 1, "random_weight": 0.660821438831532, "id": 19}, {"weight": 1, "random_weight": 0.01718799825136541, "id": 32}, {"weight": 1, "random_weight": 0.9668025363465899, "id": 33}, {"weight": 1, "random_weight": 0.48993763716249605, "id": 39}], [{"weight": 2, "random_weight": 0.6217986595222493, "id": 11}, {"weight": 1, "random_weight": 0.18466171945402476, "id": 31}, {"weight": 1, "random_weight": 0.2978014421519668, "id": 61}, {"weight": 1, "random_weight": 0.4841042072182592, "id": 65}], [{"weight": 1, "random_weight": 0.30868887886956353, "id": 5}, {"weight": 1, "random_weight": 0.7955280845403648, "id": 6}, {"weight": 1, "random_weight": 0.5548670627021014, "id": 9}, {"weight": 1, "random_weight": 0.7646224895974504, "id": 10}, {"weight": 1, "random_weight": 0.284965694720302, "id": 13}, {"weight": 1, "random_weight": 0.5125430311354618, "id": 26}], [{"weight": 1, "random_weight": 0.18466506752621648, "id": 2}, {"weight": 2, "random_weight": 0.7672978978751993, "id": 3}, {"weight": 1, "random_weight": 0.6755068251847566, "id": 17}], [{"weight": 1, "random_weight": 0.860797584365922, "id": 10}, {"weight": 1, "random_weight": 0.871232624566256, "id": 14}, {"weight": 1, "random_weight": 0.5125430311354618, "id": 24}, {"weight": 1, "random_weight": 0.7702113250844046, "id": 45}, {"weight": 1, "random_weight": 0.9488672199556412, "id": 46}], [{"weight": 1, "random_weight": 0.4537201318853076, "id": 28}, {"weight": 1, "random_weight": 0.8938957113638293, "id": 38}, {"weight": 1, "random_weight": 0.8481618733501743, "id": 41}, {"weight": 2, "random_weight": 0.5825939204908174, "id": 42}, {"weight": 1, "random_weight": 0.9813893194832617, "id": 49}], [{"weight": 1, "random_weight": 0.9359680710681939, "id": 21}, {"weight": 1, "random_weight": 0.4537201318853076, "id": 27}, {"weight": 1, "random_weight": 0.903652563076915, "id": 38}, {"weight": 1, "random_weight": 0.7151283470257224, "id": 41}], [{"weight": 2, "random_weight": 0.922643100797208, "id": 15}, {"weight": 1, "random_weight": 0.14772499135019757, "id": 16}, {"weight": 2, "random_weight": 0.6262353335272737, "id": 18}], [{"weight": 1, "random_weight": 0.5996634168828173, "id": 20}, {"weight": 1, "random_weight": 0.40349856901991943, "id": 48}, {"weight": 1, "random_weight": 0.48012280304841015, "id": 52}, {"weight": 1, "random_weight": 0.8249601818779561, "id": 60}, {"weight": 1, "random_weight": 0.9285179059722194, "id": 64}], [{"weight": 1, "random_weight": 0.18466171945402476, "id": 23}, {"weight": 2, "random_weight": 0.7564313399156251, "id": 40}, {"weight": 1, "random_weight": 0.8525667026064521, "id": 47}, {"weight": 1, "random_weight": 0.6369310640564753, "id": 65}, {"weight": 1, "random_weight": 0.024330652363271033, "id": 66}], [{"weight": 1, "random_weight": 0.8653993180776508, "id": 19}, {"weight": 1, "random_weight": 0.01718799825136541, "id": 22}, {"weight": 2, "random_weight": 0.3013037540479597, "id": 33}, {"weight": 1, "random_weight": 0.47365844591932615, "id": 51}, {"weight": 1, "random_weight": 0.9278730782726687, "id": 63}], [{"weight": 1, "random_weight": 0.9668025363465899, "id": 22}, {"weight": 2, "random_weight": 0.3013037540479597, "id": 32}, {"weight": 1, "random_weight": 0.23021411793241064, "id": 39}, {"weight": 1, "random_weight": 0.16880207367247968, "id": 44}, {"weight": 1, "random_weight": 0.7254624540197135, "id": 51}], [{"weight": 1, "random_weight": 0.46935994967343264, "id": 1}, {"weight": 1, "random_weight": 0.9842935173005122, "id": 5}, {"weight": 1, "random_weight": 0.04759344411769184, "id": 6}, {"weight": 1, "random_weight": 0.23806576911522426, "id": 35}, {"weight": 1, "random_weight": 0.5445058951038486, "id": 50}, {"weight": 1, "random_weight": 0.9698200980963793, "id": 54}], [{"weight": 1, "random_weight": 0.7117838588641142, "id": 0}, {"weight": 1, "random_weight": 0.23806576911522426, "id": 34}, {"weight": 2, "random_weight": 0.48132152165606856, "id": 50}, {"weight": 1, "random_weight": 0.0100804674795828, "id": 62}, {"weight": 1, "random_weight": 0.7501310918514295, "id": 69}], [{"weight": 1, "random_weight": 0.6648781018861704, "id": 1}, {"weight": 1, "random_weight": 0.8779378042556124, "id": 3}, {"weight": 1, "random_weight": 0.24733513963788056, "id": 9}, {"weight": 1, "random_weight": 0.4087119524137983, "id": 16}, {"weight": 2, "random_weight": 0.6776194711801845, "id": 59}], [{"weight": 2, "random_weight": 0.6391514686225321, "id": 7}, {"weight": 1, "random_weight": 0.4905325634219466, "id": 19}, {"weight": 1, "random_weight": 0.753439769261222, "id": 52}], [{"weight": 1, "random_weight": 0.8938957113638293, "id": 27}, {"weight": 1, "random_weight": 0.903652563076915, "id": 28}, {"weight": 1, "random_weight": 0.55146086723742, "id": 49}, {"weight": 1, "random_weight": 0.6456343508027409, "id": 56}], [{"weight": 1, "random_weight": 0.48993763716249605, "id": 22}, {"weight": 1, "random_weight": 0.23021411793241064, "id": 33}, {"weight": 1, "random_weight": 0.8414350062978566, "id": 44}], [{"weight": 2, "random_weight": 0.7564313399156251, "id": 31}, {"weight": 1, "random_weight": 0.8282401339436147, "id": 47}, {"weight": 2, "random_weight": 0.6646685295500847, "id": 57}, {"weight": 1, "random_weight": 0.32172062401533963, "id": 69}], [{"weight": 1, "random_weight": 0.8753639478825318, "id": 20}, {"weight": 1, "random_weight": 0.4691164505783051, "id": 21}, {"weight": 1, "random_weight": 0.8481618733501743, "id": 27}, {"weight": 1, "random_weight": 0.7151283470257224, "id": 28}, {"weight": 2, "random_weight": 0.07911614587263505, "id": 48}], [{"weight": 2, "random_weight": 0.5825939204908174, "id": 27}, {"weight": 1, "random_weight": 0.7070865178384214, "id": 43}, {"weight": 1, "random_weight": 0.4883437818574813, "id": 48}, {"weight": 1, "random_weight": 0.5659011421510817, "id": 53}, {"weight": 1, "random_weight": 0.5407608798414288, "id": 67}], [{"weight": 1, "random_weight": 0.7070865178384214, "id": 42}, {"weight": 2, "random_weight": 0.5937533304085166, "id": 49}, {"weight": 1, "random_weight": 0.9309116550875429, "id": 53}, {"weight": 1, "random_weight": 0.36363969294735554, "id": 57}, {"weight": 1, "random_weight": 0.4423118981218468, "id": 62}], [{"weight": 1, "random_weight": 0.16880207367247968, "id": 33}, {"weight": 1, "random_weight": 0.8414350062978566, "id": 39}, {"weight": 1, "random_weight": 0.6012617760252346, "id": 46}, {"weight": 1, "random_weight": 0.12523765846992463, "id": 51}], [{"weight": 2, "random_weight": 0.8342507906046435, "id": 13}, {"weight": 1, "random_weight": 0.7702113250844046, "id": 26}, {"weight": 2, "random_weight": 0.9618736743296574, "id": 46}, {"weight": 1, "random_weight": 0.2581579773392906, "id": 51}], [{"weight": 1, "random_weight": 0.9488672199556412, "id": 26}, {"weight": 1, "random_weight": 0.6012617760252346, "id": 44}, {"weight": 2, "random_weight": 0.9618736743296574, "id": 45}], [{"weight": 1, "random_weight": 0.729498987900837, "id": 11}, {"weight": 1, "random_weight": 0.8525667026064521, "id": 31}, {"weight": 1, "random_weight": 0.8282401339436147, "id": 40}, {"weight": 1, "random_weight": 0.8325570008562897, "id": 56}], [{"weight": 1, "random_weight": 0.6727520290534467, "id": 20}, {"weight": 1, "random_weight": 0.40349856901991943, "id": 30}, {"weight": 2, "random_weight": 0.07911614587263505, "id": 41}, {"weight": 1, "random_weight": 0.4883437818574813, "id": 42}, {"weight": 1, "random_weight": 0.07865649436434463, "id": 64}], [{"weight": 1, "random_weight": 0.9813893194832617, "id": 27}, {"weight": 1, "random_weight": 0.55146086723742, "id": 38}, {"weight": 2, "random_weight": 0.5937533304085166, "id": 43}, {"weight": 1, "random_weight": 0.5511589644886631, "id": 56}, {"weight": 1, "random_weight": 0.05411121178851197, "id": 57}], [{"weight": 1, "random_weight": 0.5445058951038486, "id": 34}, {"weight": 2, "random_weight": 0.48132152165606856, "id": 35}, {"weight": 1, "random_weight": 0.868737160860489, "id": 62}, {"weight": 2, "random_weight": 0.6528847338032986, "id": 71}], [{"weight": 1, "random_weight": 0.2185469216842162, "id": 13}, {"weight": 1, "random_weight": 0.47365844591932615, "id": 32}, {"weight": 1, "random_weight": 0.7254624540197135, "id": 33}, {"weight": 1, "random_weight": 0.12523765846992463, "id": 44}, {"weight": 1, "random_weight": 0.2581579773392906, "id": 45}, {"weight": 1, "random_weight": 0.9960343881651547, "id": 63}], [{"weight": 1, "random_weight": 0.48012280304841015, "id": 30}, {"weight": 1, "random_weight": 0.753439769261222, "id": 37}, {"weight": 2, "random_weight": 0.8113362617024644, "id": 60}], [{"weight": 1, "random_weight": 0.5659011421510817, "id": 42}, {"weight": 1, "random_weight": 0.9309116550875429, "id": 43}, {"weight": 1, "random_weight": 0.3886425748685415, "id": 62}, {"weight": 1, "random_weight": 0.8982604335607903, "id": 67}, {"weight": 1, "random_weight": 0.7672021237241358, "id": 70}, {"weight": 1, "random_weight": 0.9333879175306122, "id": 71}], [{"weight": 1, "random_weight": 0.9698200980963793, "id": 34}, {"weight": 1, "random_weight": 0.6278347208113814, "id": 55}, {"weight": 2, "random_weight": 0.8036557680509697, "id": 68}, {"weight": 1, "random_weight": 0.24146038270019776, "id": 70}, {"weight": 1, "random_weight": 0.85992790052316, "id": 71}], [{"weight": 1, "random_weight": 0.20979453027870443, "id": 4}, {"weight": 2, "random_weight": 0.9818466214828051, "id": 8}, {"weight": 1, "random_weight": 0.6278347208113814, "id": 54}, {"weight": 1, "random_weight": 0.5930658446254841, "id": 63}, {"weight": 1, "random_weight": 0.008303143948339753, "id": 68}], [{"weight": 1, "random_weight": 0.6456343508027409, "id": 38}, {"weight": 1, "random_weight": 0.8325570008562897, "id": 47}, {"weight": 1, "random_weight": 0.5511589644886631, "id": 49}, {"weight": 1, "random_weight": 0.39799436432017354, "id": 57}], [{"weight": 2, "random_weight": 0.6646685295500847, "id": 40}, {"weight": 1, "random_weight": 0.36363969294735554, "id": 43}, {"weight": 1, "random_weight": 0.05411121178851197, "id": 49}, {"weight": 1, "random_weight": 0.39799436432017354, "id": 56}, {"weight": 1, "random_weight": 0.761482998872437, "id": 62}], [{"weight": 2, "random_weight": 0.3517210329547722, "id": 2}, {"weight": 1, "random_weight": 0.07963426619067804, "id": 61}, {"weight": 1, "random_weight": 0.9861386633410366, "id": 65}, {"weight": 1, "random_weight": 0.6162384579387561, "id": 66}], [{"weight": 1, "random_weight": 0.6061510246255787, "id": 1}, {"weight": 2, "random_weight": 0.5221513284926552, "id": 6}, {"weight": 1, "random_weight": 0.164610384263719, "id": 9}, {"weight": 2, "random_weight": 0.6776194711801845, "id": 36}], [{"weight": 1, "random_weight": 0.590876406350269, "id": 4}, {"weight": 1, "random_weight": 0.9777502509777836, "id": 7}, {"weight": 1, "random_weight": 0.8249601818779561, "id": 30}, {"weight": 2, "random_weight": 0.8113362617024644, "id": 52}, {"weight": 1, "random_weight": 0.08809889483747635, "id": 64}], [{"weight": 1, "random_weight": 0.2978014421519668, "id": 23}, {"weight": 1, "random_weight": 0.07963426619067804, "id": 58}, {"weight": 2, "random_weight": 0.9542703173421315, "id": 65}], [{"weight": 1, "random_weight": 0.0100804674795828, "id": 35}, {"weight": 1, "random_weight": 0.4423118981218468, "id": 43}, {"weight": 1, "random_weight": 0.868737160860489, "id": 50}, {"weight": 1, "random_weight": 0.3886425748685415, "id": 53}, {"weight": 1, "random_weight": 0.761482998872437, "id": 57}, {"weight": 1, "random_weight": 0.7066801712119164, "id": 69}], [{"weight": 1, "random_weight": 0.47208446871086707, "id": 8}, {"weight": 1, "random_weight": 0.4439423573943154, "id": 12}, {"weight": 1, "random_weight": 0.2837762916556821, "id": 19}, {"weight": 1, "random_weight": 0.9278730782726687, "id": 32}, {"weight": 1, "random_weight": 0.9960343881651547, "id": 51}, {"weight": 1, "random_weight": 0.5930658446254841, "id": 55}], [{"weight": 1, "random_weight": 0.6090192383347132, "id": 4}, {"weight": 1, "random_weight": 0.9285179059722194, "id": 30}, {"weight": 1, "random_weight": 0.07865649436434463, "id": 48}, {"weight": 1, "random_weight": 0.08809889483747635, "id": 60}, {"weight": 2, "random_weight": 0.9968226041859964, "id": 67}], [{"weight": 1, "random_weight": 0.4841042072182592, "id": 23}, {"weight": 1, "random_weight": 0.6369310640564753, "id": 31}, {"weight": 1, "random_weight": 0.9861386633410366, "id": 58}, {"weight": 2, "random_weight": 0.9542703173421315, "id": 61}, {"weight": 1, "random_weight": 0.32021564021116666, "id": 66}], [{"weight": 1, "random_weight": 0.6540345571340624, "id": 0}, {"weight": 1, "random_weight": 0.024330652363271033, "id": 31}, {"weight": 1, "random_weight": 0.6162384579387561, "id": 58}, {"weight": 1, "random_weight": 0.32021564021116666, "id": 65}, {"weight": 2, "random_weight": 0.23976255830694448, "id": 69}], [{"weight": 1, "random_weight": 0.012420154604442346, "id": 4}, {"weight": 1, "random_weight": 0.5407608798414288, "id": 42}, {"weight": 1, "random_weight": 0.8982604335607903, "id": 53}, {"weight": 2, "random_weight": 0.9968226041859964, "id": 64}, {"weight": 1, "random_weight": 0.29009720033767394, "id": 70}], [{"weight": 1, "random_weight": 0.860637345640986, "id": 5}, {"weight": 2, "random_weight": 0.8939732044964784, "id": 12}, {"weight": 2, "random_weight": 0.8036557680509697, "id": 54}, {"weight": 1, "random_weight": 0.008303143948339753, "id": 55}], [{"weight": 1, "random_weight": 0.43218313275374864, "id": 0}, {"weight": 1, "random_weight": 0.7501310918514295, "id": 35}, {"weight": 1, "random_weight": 0.32172062401533963, "id": 40}, {"weight": 1, "random_weight": 0.7066801712119164, "id": 62}, {"weight": 2, "random_weight": 0.23976255830694448, "id": 66}], [{"weight": 1, "random_weight": 0.5675491082477361, "id": 4}, {"weight": 1, "random_weight": 0.7672021237241358, "id": 53}, {"weight": 1, "random_weight": 0.24146038270019776, "id": 54}, {"weight": 1, "random_weight": 0.29009720033767394, "id": 67}, {"weight": 2, "random_weight": 0.08741565627687986, "id": 71}], [{"weight": 2, "random_weight": 0.6528847338032986, "id": 50}, {"weight": 1, "random_weight": 0.9333879175306122, "id": 53}, {"weight": 1, "random_weight": 0.85992790052316, "id": 54}, {"weight": 2, "random_weight": 0.08741565627687986, "id": 70}]]}