{"directed": false, "multigraph": false, "graph": [], "nodes": [{"graph": null, "nnodes": 2, "nedges": 1, "density": 1.0, "atomics": "[81, 93]", "group_pop": 2, "init_part_assignment": 6, "id": 0}, {"graph": null, "nnodes": 2, "nedges": 1, "density": 1.0, "atomics": "[57, 69]", "group_pop": 2, "init_part_assignment": 11, "id": 1}, {"graph": null, "nnodes": 2, "nedges": 1, "density": 1.0, "atomics": "[82, 70]", "group_pop": 2, "init_part_assignment": 6, "id": 2}, {"graph": null, "nnodes": 2, "nedges": 1, "density": 1.0, "atomics": "[74, 62]", "group_pop": 2, "init_part_assignment": 8, "id": 3}, {"graph": null, "nnodes": 2, "nedges": 1, "density": 1.0, "atomics": "[75, 63]", "group_pop": 2, "init_part_assignment": 8, "id": 4}, {"graph": null, "nnodes": 2, "nedges": 1, "density": 1.0, "atomics": "[42, 43]", "group_pop": 2, "init_part_assignment": 9, "id": 5}, {"graph": null, "nnodes": 2, "nedges": 1, "density": 1.0, "atomics": "[49, 61]", "group_pop": 2, "init_part_assignment": 7, "id": 6}, {"graph": null, "nnodes": 2, "nedges": 1, "density": 1.0, "atomics": "[32, 20]", "group_pop": 2, "init_part_assignment": 1, "id": 7}, {"graph": null, "nnodes": 2, "nedges": 1, "density": 1.0, "atomics": "[142, 143]", "group_pop": 2, "init_part_assignment": 4, "id": 8}, {"graph": null, "nnodes": 2, "nedges": 1, "density": 1.0, "atomics": "[41, 53]", "group_pop": 2, "init_part_assignment": 5, "id": 9}, {"graph": null, "nnodes": 2, "nedges": 1, "density": 1.0, "atomics": "[28, 29]", "group_pop": 2, "init_part_assignment": 5, "id": 10}, {"graph": null, "nnodes": 2, "nedges": 1, "density": 1.0, "atomics": "[8, 9]", "group_pop": 2, "init_part_assignment": 1, "id": 11}, {"graph": null, "nnodes": 2, "nedges": 1, "density": 1.0, "atomics": "[33, 34]", "group_pop": 2, "init_part_assignment": 9, "id": 12}, {"graph": null, "nnodes": 2, "nedges": 1, "density": 1.0, "atomics": "[35, 23]", "group_pop": 2, "init_part_assignment": 9, "id": 13}, {"graph": null, "nnodes": 2, "nedges": 1, "density": 1.0, "atomics": "[10, 11]", "group_pop": 2, "init_part_assignment": 1, "id": 14}, {"graph": null, "nnodes": 2, "nedges": 1, "density": 1.0, "atomics": "[36, 37]", "group_pop": 2, "init_part_assignment": 7, "id": 15}, {"graph": null, "nnodes": 2, "nedges": 1, "density": 1.0, "atomics": "[120, 108]", "group_pop": 2, "init_part_assignment": 3, "id": 16}, {"graph": null, "nnodes": 2, "nedges": 1, "density": 1.0, "atomics": "[132, 133]", "group_pop": 2, "init_part_assignment": 3, "id": 17}, {"graph": null, "nnodes": 2, "nedges": 1, "density": 1.0, "atomics": "[24, 12]", "group_pop": 2, "init_part_assignment": 2, "id": 18}, {"graph": null, "nnodes": 2, "nedges": 1, "density": 1.0, "atomics": "[130, 131]", "group_pop": 2, "init_part_assignment": 4, "id": 19}, {"graph": null, "nnodes": 2, "nedges": 1, "density": 1.0, "atomics": "[18, 19]", "group_pop": 2, "init_part_assignment": 1, "id": 20}, {"graph": null, "nnodes": 2, "nedges": 1, "density": 1.0, "atomics": "[30, 31]", "group_pop": 2, "init_part_assignment": 9, "id": 21}, {"graph": null, "nnodes": 2, "nedges": 1, "density": 1.0, "atomics": "[83, 71]", "group_pop": 2, "init_part_assignment": 6, "id": 22}, {"graph": null, "nnodes": 2, "nedges": 1, "density": 1.0, "atomics": "[123, 135]", "group_pop": 2, "init_part_assignment": 3, "id": 23}, {"graph": null, "nnodes": 2, "nedges": 1, "density": 1.0, "atomics": "[21, 22]", "group_pop": 2, "init_part_assignment": 1, "id": 24}, {"graph": null, "nnodes": 2, "nedges": 1, "density": 1.0, "atomics": "[96, 97]", "group_pop": 2, "init_part_assignment": 7, "id": 25}, {"graph": null, "nnodes": 2, "nedges": 1, "density": 1.0, "atomics": "[129, 141]", "group_pop": 2, "init_part_assignment": 4, "id": 26}, {"graph": null, "nnodes": 2, "nedges": 1, "density": 1.0, "atomics": "[105, 117]", "group_pop": 2, "init_part_assignment": 4, "id": 27}, {"graph": null, "nnodes": 2, "nedges": 1, "density": 1.0, "atomics": "[25, 13]", "group_pop": 2, "init_part_assignment": 2, "id": 28}, {"graph": null, "nnodes": 2, "nedges": 1, "density": 1.0, "atomics": "[66, 67]", "group_pop": 2, "init_part_assignment": 10, "id": 29}, {"graph": null, "nnodes": 2, "nedges": 1, "density": 1.0, "atomics": "[80, 79]", "group_pop": 2, "init_part_assignment": 11, "id": 30}, {"graph": null, "nnodes": 2, "nedges": 1, "density": 1.0, "atomics": "[58, 59]", "group_pop": 2, "init_part_assignment": 6, "id": 31}, {"graph": null, "nnodes": 2, "nedges": 1, "density": 1.0, "atomics": "[48, 60]", "group_pop": 2, "init_part_assignment": 7, "id": 32}, {"graph": null, "nnodes": 2, "nedges": 1, "density": 1.0, "atomics": "[136, 137]", "group_pop": 2, "init_part_assignment": 0, "id": 33}, {"graph": null, "nnodes": 2, "nedges": 1, "density": 1.0, "atomics": "[124, 125]", "group_pop": 2, "init_part_assignment": 10, "id": 34}, {"graph": null, "nnodes": 2, "nedges": 1, "density": 1.0, "atomics": "[6, 7]", "group_pop": 2, "init_part_assignment": 1, "id": 35}, {"graph": null, "nnodes": 2, "nedges": 1, "density": 1.0, "atomics": "[40, 52]", "group_pop": 2, "init_part_assignment": 5, "id": 36}, {"graph": null, "nnodes": 2, "nedges": 1, "density": 1.0, "atomics": "[0, 1]", "group_pop": 2, "init_part_assignment": 2, "id": 37}, {"graph": null, "nnodes": 2, "nedges": 1, "density": 1.0, "atomics": "[128, 140]", "group_pop": 2, "init_part_assignment": 4, "id": 38}, {"graph": null, "nnodes": 2, "nedges": 1, "density": 1.0, "atomics": "[115, 116]", "group_pop": 2, "init_part_assignment": 11, "id": 39}, {"graph": null, "nnodes": 2, "nedges": 1, "density": 1.0, "atomics": "[122, 134]", "group_pop": 2, "init_part_assignment": 3, "id": 40}, {"graph": null, "nnodes": 2, "nedges": 1, "density": 1.0, "atomics": "[121, 109]", "group_pop": 2, "init_part_assignment": 3, "id": 41}, {"graph": null, "nnodes": 2, "nedges": 1, "density": 1.0, "atomics": "[112, 100]", "group_pop": 2, "init_part_assignment": 10, "id": 42}, {"graph": null, "nnodes": 2, "nedges": 1, "density": 1.0, "atomics": "[113, 114]", "group_pop": 2, "init_part_assignment": 0, "id": 43}, {"graph": null, "nnodes": 2, "nedges": 1, "density": 1.0, "atomics": "[2, 3]", "group_pop": 2, "init_part_assignment": 2, "id": 44}, {"graph": null, "nnodes": 2, "nedges": 1, "density": 1.0, "atomics": "[17, 5]", "group_pop": 2, "init_part_assignment": 5, "id": 45}, {"graph": null, "nnodes": 2, "nedges": 1, "density": 1.0, "atomics": "[16, 4]", "group_pop": 2, "init_part_assignment": 5, "id": 46}, {"graph": null, "nnodes": 2, "nedges": 1, "density": 1.0, "atomics": "[77, 78]", "group_pop": 2, "init_part_assignment": 10, "id": 47}, {"graph": null, "nnodes": 2, "nedges": 1, "density": 1.0, "atomics": "[27, 15]", "group_pop": 2, "init_part_assignment": 2, "id": 48}, {"graph": null, "nnodes": 2, "nedges": 1, "density": 1.0, "atomics": "[98, 110]", "group_pop": 2, "init_part_assignment": 3, "id": 49}, {"graph": null, "nnodes": 2, "nedges": 1, "density": 1.0, "atomics": "[99, 111]", "group_pop": 2, "init_part_assignment": 8, "id": 50}, {"graph": null, "nnodes": 2, "nedges": 1, "density": 1.0, "atomics": "[72, 84]", "group_pop": 2, "init_part_assignment": 7, "id": 51}, {"graph": null, "nnodes": 2, "nedges": 1, "density": 1.0, "atomics": "[46, 47]", "group_pop": 2, "init_part_assignment": 9, "id": 52}, {"graph": null, "nnodes": 2, "nedges": 1, "density": 1.0, "atomics": "[56, 68]", "group_pop": 2, "init_part_assignment": 11, "id": 53}, {"graph": null, "nnodes": 2, "nedges": 1, "density": 1.0, "atomics": "[89, 101]", "group_pop": 2, "init_part_assignment": 0, "id": 54}, {"graph": null, "nnodes": 2, "nedges": 1, "density": 1.0, "atomics": "[64, 65]", "group_pop": 2, "init_part_assignment": 8, "id": 55}, {"graph": null, "nnodes": 2, "nedges": 1, "density": 1.0, "atomics": "[139, 127]", "group_pop": 2, "init_part_assignment": 0, "id": 56}, {"graph": null, "nnodes": 2, "nedges": 1, "density": 1.0, "atomics": "[94, 95]", "group_pop": 2, "init_part_assignment": 6, "id": 57}, {"graph": null, "nnodes": 2, "nedges": 1, "density": 1.0, "atomics": "[44, 45]", "group_pop": 2, "init_part_assignment": 9, "id": 58}, {"graph": null, "nnodes": 2, "nedges": 1, "density": 1.0, "atomics": "[73, 85]", "group_pop": 2, "init_part_assignment": 7, "id": 59}, {"graph": null, "nnodes": 2, "nedges": 1, "density": 1.0, "atomics": "[106, 107]", "group_pop": 2, "init_part_assignment": 6, "id": 60}, {"graph": null, "nnodes": 2, "nedges": 1, "density": 1.0, "atomics": "[118, 119]", "group_pop": 2, "init_part_assignment": 4, "id": 61}, {"graph": null, "nnodes": 2, "nedges": 1, "density": 1.0, "atomics": "[54, 55]", "group_pop": 2, "init_part_assignment": 10, "id": 62}, {"graph": null, "nnodes": 2, "nedges": 1, "density": 1.0, "atomics": "[91, 103]", "group_pop": 2, "init_part_assignment": 11, "id": 63}, {"graph": null, "nnodes": 2, "nedges": 1, "density": 1.0, "atomics": "[138, 126]", "group_pop": 2, "init_part_assignment": 0, "id": 64}, {"graph": null, "nnodes": 2, "nedges": 1, "density": 1.0, "atomics": "[50, 51]", "group_pop": 2, "init_part_assignment": 8, "id": 65}, {"graph": null, "nnodes": 2, "nedges": 1, "density": 1.0, "atomics": "[38, 39]", "group_pop": 2, "init_part_assignment": 5, "id": 66}, {"graph": null, "nnodes": 2, "nedges": 1, "density": 1.0, "atomics": "[86, 87]", "group_pop": 2, "init_part_assignment": 8, "id": 67}, {"graph": null, "nnodes": 2, "nedges": 1, "density": 1.0, "atomics": "[90, 102]", "group_pop": 2, "init_part_assignment": 0, "id": 68}, {"graph": null, "nnodes": 2, "nedges": 1, "density": 1.0, "atomics": "[26, 14]", "group_pop": 2, "init_part_assignment": 2, "id": 69}, {"graph": null, "nnodes": 2, "nedges": 1, "density": 1.0, "atomics": "[104, 92]", "group_pop": 2, "init_part_assignment": 11, "id": 70}, {"graph": null, "nnodes": 2, "nedges": 1, "density": 1.0, "atomics": "[88, 76]", "group_pop": 2, "init_part_assignment": 10, "id": 71}], "adjacency": [[{"weight": 1, "random_weight": 0.7655100995428525, "id": 1}, {"weight": 1, "random_weight": 0.5547447796796778, "id": 2}, {"weight": 1, "random_weight": 0.41791687223138674, "id": 27}, {"weight": 1, "random_weight": 0.5995412460461638, "id": 30}, {"weight": 1, "random_weight": 0.33279789517085345, "id": 57}, {"weight": 1, "random_weight": 0.3145810470992154, "id": 70}], [{"weight": 1, "random_weight": 0.7655100995428525, "id": 0}, {"weight": 1, "random_weight": 0.8317689087195723, "id": 2}, {"weight": 1, "random_weight": 0.9663227069720985, "id": 31}, {"weight": 2, "random_weight": 0.45902400537692556, "id": 53}, {"weight": 1, "random_weight": 0.8043653483623688, "id": 58}], [{"weight": 1, "random_weight": 0.5547447796796778, "id": 0}, {"weight": 1, "random_weight": 0.8317689087195723, "id": 1}, {"weight": 2, "random_weight": 0.29883703488498226, "id": 22}, {"weight": 1, "random_weight": 0.99212509759759, "id": 31}, {"weight": 1, "random_weight": 0.08240132795101573, "id": 57}], [{"weight": 2, "random_weight": 0.9035315872453996, "id": 4}, {"weight": 1, "random_weight": 0.9286955201627064, "id": 6}, {"weight": 1, "random_weight": 0.3984541482908307, "id": 59}, {"weight": 1, "random_weight": 0.47030500047748225, "id": 65}, {"weight": 1, "random_weight": 0.5576846970148378, "id": 67}], [{"weight": 2, "random_weight": 0.9035315872453996, "id": 3}, {"weight": 1, "random_weight": 0.0646779791476838, "id": 55}, {"weight": 1, "random_weight": 0.8831311805903231, "id": 65}, {"weight": 1, "random_weight": 0.09441428062124191, "id": 67}, {"weight": 1, "random_weight": 0.9305236947174976, "id": 71}], [{"weight": 1, "random_weight": 0.4240008686295479, "id": 9}, {"weight": 2, "random_weight": 0.16476167954558307, "id": 21}, {"weight": 1, "random_weight": 0.23804356582165087, "id": 58}, {"weight": 2, "random_weight": 0.6952429080340339, "id": 62}], [{"weight": 1, "random_weight": 0.9286955201627064, "id": 3}, {"weight": 1, "random_weight": 0.3848087072691023, "id": 15}, {"weight": 2, "random_weight": 0.39171473412879676, "id": 32}, {"weight": 1, "random_weight": 0.15478969208433013, "id": 59}, {"weight": 1, "random_weight": 0.8196380640138723, "id": 65}], [{"weight": 1, "random_weight": 0.15000816790917681, "id": 11}, {"weight": 1, "random_weight": 0.7995373423333826, "id": 12}, {"weight": 1, "random_weight": 0.11584670256012786, "id": 20}, {"weight": 1, "random_weight": 0.8115448683271488, "id": 21}, {"weight": 1, "random_weight": 0.1054700611599575, "id": 24}, {"weight": 1, "random_weight": 0.8129451610933018, "id": 58}], [{"weight": 2, "random_weight": 0.4155513054749036, "id": 19}, {"weight": 1, "random_weight": 0.6892229612108528, "id": 26}], [{"weight": 1, "random_weight": 0.4240008686295479, "id": 5}, {"weight": 1, "random_weight": 0.4699675768329442, "id": 10}, {"weight": 2, "random_weight": 0.2676684478556086, "id": 36}, {"weight": 1, "random_weight": 0.5176216688876797, "id": 55}, {"weight": 1, "random_weight": 0.9485013247849738, "id": 62}], [{"weight": 1, "random_weight": 0.4699675768329442, "id": 9}, {"weight": 1, "random_weight": 0.5098887250962606, "id": 21}, {"weight": 1, "random_weight": 0.4027032516767429, "id": 36}, {"weight": 1, "random_weight": 0.044326639629776565, "id": 45}, {"weight": 1, "random_weight": 0.9903816957875129, "id": 46}, {"weight": 1, "random_weight": 0.9347347090347703, "id": 48}], [{"weight": 1, "random_weight": 0.15000816790917681, "id": 7}, {"weight": 1, "random_weight": 0.8407354503809014, "id": 14}, {"weight": 1, "random_weight": 0.32575195737715856, "id": 24}, {"weight": 1, "random_weight": 0.8768144922154013, "id": 35}], [{"weight": 1, "random_weight": 0.7995373423333826, "id": 7}, {"weight": 1, "random_weight": 0.6750593593938503, "id": 13}, {"weight": 2, "random_weight": 0.9692511561693947, "id": 24}, {"weight": 1, "random_weight": 0.795021227142926, "id": 52}, {"weight": 1, "random_weight": 0.6253384004162129, "id": 58}], [{"weight": 1, "random_weight": 0.6750593593938503, "id": 12}, {"weight": 1, "random_weight": 0.7368021022484319, "id": 14}, {"weight": 1, "random_weight": 0.981674954933511, "id": 24}, {"weight": 1, "random_weight": 0.0849286129162965, "id": 52}], [{"weight": 1, "random_weight": 0.8407354503809014, "id": 11}, {"weight": 1, "random_weight": 0.7368021022484319, "id": 13}, {"weight": 1, "random_weight": 0.5512817979438084, "id": 24}], [{"weight": 1, "random_weight": 0.3848087072691023, "id": 6}, {"weight": 1, "random_weight": 0.9806828030819497, "id": 18}, {"weight": 1, "random_weight": 0.690832697998364, "id": 28}, {"weight": 1, "random_weight": 0.5720846687745408, "id": 32}, {"weight": 1, "random_weight": 0.5261338182240125, "id": 66}], [{"weight": 1, "random_weight": 0.6205953452420153, "id": 17}, {"weight": 1, "random_weight": 0.48112401098985025, "id": 25}, {"weight": 2, "random_weight": 0.20612986716207082, "id": 41}], [{"weight": 1, "random_weight": 0.6205953452420153, "id": 16}, {"weight": 1, "random_weight": 0.6771001610771228, "id": 40}, {"weight": 1, "random_weight": 0.09053296390316934, "id": 41}], [{"weight": 1, "random_weight": 0.9806828030819497, "id": 15}, {"weight": 2, "random_weight": 0.15322982945270902, "id": 28}, {"weight": 1, "random_weight": 0.16811877738722125, "id": 37}], [{"weight": 2, "random_weight": 0.4155513054749036, "id": 8}, {"weight": 1, "random_weight": 0.6791372337217897, "id": 26}, {"weight": 2, "random_weight": 0.12076007350335982, "id": 61}], [{"weight": 1, "random_weight": 0.11584670256012786, "id": 7}, {"weight": 2, "random_weight": 0.8084835418506985, "id": 21}, {"weight": 2, "random_weight": 0.47839389728706994, "id": 35}, {"weight": 1, "random_weight": 0.5901371866832021, "id": 45}], [{"weight": 2, "random_weight": 0.16476167954558307, "id": 5}, {"weight": 1, "random_weight": 0.8115448683271488, "id": 7}, {"weight": 1, "random_weight": 0.5098887250962606, "id": 10}, {"weight": 2, "random_weight": 0.8084835418506985, "id": 20}], [{"weight": 2, "random_weight": 0.29883703488498226, "id": 2}, {"weight": 1, "random_weight": 0.6341552611970692, "id": 31}, {"weight": 1, "random_weight": 0.6055150795662553, "id": 57}], [{"weight": 1, "random_weight": 0.9941913111244219, "id": 33}, {"weight": 1, "random_weight": 0.8265386960489784, "id": 34}, {"weight": 2, "random_weight": 0.01759467841440332, "id": 40}, {"weight": 1, "random_weight": 0.9433072271921549, "id": 50}], [{"weight": 1, "random_weight": 0.1054700611599575, "id": 7}, {"weight": 1, "random_weight": 0.32575195737715856, "id": 11}, {"weight": 2, "random_weight": 0.9692511561693947, "id": 12}, {"weight": 1, "random_weight": 0.981674954933511, "id": 13}, {"weight": 1, "random_weight": 0.5512817979438084, "id": 14}], [{"weight": 1, "random_weight": 0.48112401098985025, "id": 16}, {"weight": 1, "random_weight": 0.978813636551332, "id": 41}, {"weight": 1, "random_weight": 0.749186750746686, "id": 49}, {"weight": 1, "random_weight": 0.8735454516570947, "id": 51}, {"weight": 1, "random_weight": 0.6352491659185316, "id": 59}], [{"weight": 1, "random_weight": 0.6892229612108528, "id": 8}, {"weight": 1, "random_weight": 0.6791372337217897, "id": 19}, {"weight": 1, "random_weight": 0.43607994780447845, "id": 27}, {"weight": 2, "random_weight": 0.2265352485455382, "id": 38}], [{"weight": 1, "random_weight": 0.41791687223138674, "id": 0}, {"weight": 1, "random_weight": 0.43607994780447845, "id": 26}, {"weight": 1, "random_weight": 0.7767582441093625, "id": 39}, {"weight": 1, "random_weight": 0.9617886319628695, "id": 60}, {"weight": 1, "random_weight": 0.5909117240699087, "id": 61}, {"weight": 1, "random_weight": 0.7182551038106754, "id": 70}], [{"weight": 1, "random_weight": 0.690832697998364, "id": 15}, {"weight": 2, "random_weight": 0.15322982945270902, "id": 18}, {"weight": 1, "random_weight": 0.5453807056171621, "id": 37}, {"weight": 2, "random_weight": 0.21861805467152728, "id": 69}], [{"weight": 1, "random_weight": 0.958362061986569, "id": 30}, {"weight": 1, "random_weight": 0.5861607949842863, "id": 47}, {"weight": 1, "random_weight": 0.17675576766025114, "id": 53}, {"weight": 1, "random_weight": 0.23535096172765746, "id": 55}, {"weight": 2, "random_weight": 0.8131807296037227, "id": 62}], [{"weight": 1, "random_weight": 0.5995412460461638, "id": 0}, {"weight": 1, "random_weight": 0.958362061986569, "id": 29}, {"weight": 1, "random_weight": 0.6532540070610371, "id": 47}, {"weight": 1, "random_weight": 0.19251657151442347, "id": 53}, {"weight": 1, "random_weight": 0.46244327978432864, "id": 63}, {"weight": 1, "random_weight": 0.37148804601005414, "id": 70}], [{"weight": 1, "random_weight": 0.9663227069720985, "id": 1}, {"weight": 1, "random_weight": 0.99212509759759, "id": 2}, {"weight": 1, "random_weight": 0.6341552611970692, "id": 22}, {"weight": 2, "random_weight": 0.9085071602371254, "id": 52}], [{"weight": 2, "random_weight": 0.39171473412879676, "id": 6}, {"weight": 1, "random_weight": 0.5720846687745408, "id": 15}, {"weight": 1, "random_weight": 0.3825700024427483, "id": 51}], [{"weight": 1, "random_weight": 0.9941913111244219, "id": 23}, {"weight": 2, "random_weight": 0.6999435789144596, "id": 34}, {"weight": 1, "random_weight": 0.6496082460914743, "id": 64}], [{"weight": 1, "random_weight": 0.8265386960489784, "id": 23}, {"weight": 2, "random_weight": 0.6999435789144596, "id": 33}, {"weight": 1, "random_weight": 0.41773765217491, "id": 42}, {"weight": 1, "random_weight": 0.038724847558197495, "id": 43}, {"weight": 1, "random_weight": 0.7921644548313844, "id": 64}], [{"weight": 1, "random_weight": 0.8768144922154013, "id": 11}, {"weight": 2, "random_weight": 0.47839389728706994, "id": 20}, {"weight": 1, "random_weight": 0.8216160888570965, "id": 45}], [{"weight": 2, "random_weight": 0.2676684478556086, "id": 9}, {"weight": 1, "random_weight": 0.4027032516767429, "id": 10}, {"weight": 1, "random_weight": 0.04266899329665563, "id": 55}, {"weight": 1, "random_weight": 0.9754408098830722, "id": 65}, {"weight": 1, "random_weight": 0.12118649255669289, "id": 66}], [{"weight": 1, "random_weight": 0.16811877738722125, "id": 18}, {"weight": 1, "random_weight": 0.5453807056171621, "id": 28}, {"weight": 1, "random_weight": 0.9451875650795712, "id": 44}], [{"weight": 2, "random_weight": 0.2265352485455382, "id": 26}, {"weight": 1, "random_weight": 0.6494060237325079, "id": 39}, {"weight": 2, "random_weight": 0.9331728020995682, "id": 56}], [{"weight": 1, "random_weight": 0.7767582441093625, "id": 27}, {"weight": 1, "random_weight": 0.6494060237325079, "id": 38}, {"weight": 1, "random_weight": 0.9711429730632403, "id": 43}, {"weight": 1, "random_weight": 0.9966378261967936, "id": 56}, {"weight": 1, "random_weight": 0.6764453612283905, "id": 63}, {"weight": 1, "random_weight": 0.7736703044375443, "id": 70}], [{"weight": 1, "random_weight": 0.6771001610771228, "id": 17}, {"weight": 2, "random_weight": 0.01759467841440332, "id": 23}, {"weight": 1, "random_weight": 0.1979086993541419, "id": 41}, {"weight": 1, "random_weight": 0.4506192710580006, "id": 49}], [{"weight": 2, "random_weight": 0.20612986716207082, "id": 16}, {"weight": 1, "random_weight": 0.09053296390316934, "id": 17}, {"weight": 1, "random_weight": 0.978813636551332, "id": 25}, {"weight": 1, "random_weight": 0.1979086993541419, "id": 40}, {"weight": 1, "random_weight": 0.15026455771442881, "id": 49}], [{"weight": 1, "random_weight": 0.41773765217491, "id": 34}, {"weight": 1, "random_weight": 0.4815630266373129, "id": 43}, {"weight": 2, "random_weight": 0.5425424267508159, "id": 50}, {"weight": 1, "random_weight": 0.3410245856740872, "id": 54}, {"weight": 1, "random_weight": 0.0916796948669315, "id": 71}], [{"weight": 1, "random_weight": 0.038724847558197495, "id": 34}, {"weight": 1, "random_weight": 0.9711429730632403, "id": 39}, {"weight": 1, "random_weight": 0.4815630266373129, "id": 42}, {"weight": 1, "random_weight": 0.1005215392808202, "id": 54}, {"weight": 1, "random_weight": 0.48853672132561565, "id": 64}, {"weight": 1, "random_weight": 0.6020444577787477, "id": 68}], [{"weight": 1, "random_weight": 0.9451875650795712, "id": 37}, {"weight": 1, "random_weight": 0.7559442651787518, "id": 46}, {"weight": 1, "random_weight": 0.5921714464191267, "id": 48}, {"weight": 1, "random_weight": 0.03680903389870904, "id": 69}], [{"weight": 1, "random_weight": 0.044326639629776565, "id": 10}, {"weight": 1, "random_weight": 0.5901371866832021, "id": 20}, {"weight": 1, "random_weight": 0.8216160888570965, "id": 35}, {"weight": 2, "random_weight": 0.27620798775034217, "id": 46}], [{"weight": 1, "random_weight": 0.9903816957875129, "id": 10}, {"weight": 1, "random_weight": 0.7559442651787518, "id": 44}, {"weight": 2, "random_weight": 0.27620798775034217, "id": 45}, {"weight": 1, "random_weight": 0.9134464356406359, "id": 48}], [{"weight": 1, "random_weight": 0.5861607949842863, "id": 29}, {"weight": 1, "random_weight": 0.6532540070610371, "id": 30}, {"weight": 1, "random_weight": 0.6794409113121599, "id": 54}, {"weight": 1, "random_weight": 0.2324874630542112, "id": 55}, {"weight": 1, "random_weight": 0.5948233302258604, "id": 68}, {"weight": 1, "random_weight": 0.7471664462376748, "id": 71}], [{"weight": 1, "random_weight": 0.9347347090347703, "id": 10}, {"weight": 1, "random_weight": 0.5921714464191267, "id": 44}, {"weight": 1, "random_weight": 0.9134464356406359, "id": 46}, {"weight": 1, "random_weight": 0.09348368054805334, "id": 66}, {"weight": 2, "random_weight": 0.12288799127959893, "id": 69}], [{"weight": 1, "random_weight": 0.749186750746686, "id": 25}, {"weight": 1, "random_weight": 0.4506192710580006, "id": 40}, {"weight": 1, "random_weight": 0.15026455771442881, "id": 41}, {"weight": 2, "random_weight": 0.20912303324437131, "id": 50}, {"weight": 1, "random_weight": 0.01713715455959053, "id": 67}], [{"weight": 1, "random_weight": 0.9433072271921549, "id": 23}, {"weight": 2, "random_weight": 0.5425424267508159, "id": 42}, {"weight": 2, "random_weight": 0.20912303324437131, "id": 49}, {"weight": 1, "random_weight": 0.10567644206684212, "id": 67}], [{"weight": 1, "random_weight": 0.8735454516570947, "id": 25}, {"weight": 1, "random_weight": 0.3825700024427483, "id": 32}, {"weight": 2, "random_weight": 0.39558794753338633, "id": 59}], [{"weight": 1, "random_weight": 0.795021227142926, "id": 12}, {"weight": 1, "random_weight": 0.0849286129162965, "id": 13}, {"weight": 2, "random_weight": 0.9085071602371254, "id": 31}, {"weight": 1, "random_weight": 0.315941802970352, "id": 58}], [{"weight": 2, "random_weight": 0.45902400537692556, "id": 1}, {"weight": 1, "random_weight": 0.17675576766025114, "id": 29}, {"weight": 1, "random_weight": 0.19251657151442347, "id": 30}, {"weight": 1, "random_weight": 0.02988153451815334, "id": 58}, {"weight": 1, "random_weight": 0.8546665480945789, "id": 62}], [{"weight": 1, "random_weight": 0.3410245856740872, "id": 42}, {"weight": 1, "random_weight": 0.1005215392808202, "id": 43}, {"weight": 1, "random_weight": 0.6794409113121599, "id": 47}, {"weight": 2, "random_weight": 0.5419771328533843, "id": 68}, {"weight": 1, "random_weight": 0.8051826726114363, "id": 71}], [{"weight": 1, "random_weight": 0.0646779791476838, "id": 4}, {"weight": 1, "random_weight": 0.5176216688876797, "id": 9}, {"weight": 1, "random_weight": 0.23535096172765746, "id": 29}, {"weight": 1, "random_weight": 0.04266899329665563, "id": 36}, {"weight": 1, "random_weight": 0.2324874630542112, "id": 47}, {"weight": 1, "random_weight": 0.6612286339418246, "id": 71}], [{"weight": 2, "random_weight": 0.9331728020995682, "id": 38}, {"weight": 1, "random_weight": 0.9966378261967936, "id": 39}, {"weight": 2, "random_weight": 0.8888019012875369, "id": 64}], [{"weight": 1, "random_weight": 0.33279789517085345, "id": 0}, {"weight": 1, "random_weight": 0.08240132795101573, "id": 2}, {"weight": 1, "random_weight": 0.6055150795662553, "id": 22}, {"weight": 2, "random_weight": 0.4604763787998294, "id": 60}], [{"weight": 1, "random_weight": 0.8043653483623688, "id": 1}, {"weight": 1, "random_weight": 0.23804356582165087, "id": 5}, {"weight": 1, "random_weight": 0.8129451610933018, "id": 7}, {"weight": 1, "random_weight": 0.6253384004162129, "id": 12}, {"weight": 1, "random_weight": 0.315941802970352, "id": 52}, {"weight": 1, "random_weight": 0.02988153451815334, "id": 53}], [{"weight": 1, "random_weight": 0.3984541482908307, "id": 3}, {"weight": 1, "random_weight": 0.15478969208433013, "id": 6}, {"weight": 1, "random_weight": 0.6352491659185316, "id": 25}, {"weight": 2, "random_weight": 0.39558794753338633, "id": 51}, {"weight": 1, "random_weight": 0.22153475703794834, "id": 67}], [{"weight": 1, "random_weight": 0.9617886319628695, "id": 27}, {"weight": 2, "random_weight": 0.4604763787998294, "id": 57}, {"weight": 2, "random_weight": 0.9697746608056732, "id": 61}], [{"weight": 2, "random_weight": 0.12076007350335982, "id": 19}, {"weight": 1, "random_weight": 0.5909117240699087, "id": 27}, {"weight": 2, "random_weight": 0.9697746608056732, "id": 60}], [{"weight": 2, "random_weight": 0.6952429080340339, "id": 5}, {"weight": 1, "random_weight": 0.9485013247849738, "id": 9}, {"weight": 2, "random_weight": 0.8131807296037227, "id": 29}, {"weight": 1, "random_weight": 0.8546665480945789, "id": 53}], [{"weight": 1, "random_weight": 0.46244327978432864, "id": 30}, {"weight": 1, "random_weight": 0.6764453612283905, "id": 39}, {"weight": 2, "random_weight": 0.941063123131232, "id": 68}, {"weight": 2, "random_weight": 0.6761574568035346, "id": 70}], [{"weight": 1, "random_weight": 0.6496082460914743, "id": 33}, {"weight": 1, "random_weight": 0.7921644548313844, "id": 34}, {"weight": 1, "random_weight": 0.48853672132561565, "id": 43}, {"weight": 2, "random_weight": 0.8888019012875369, "id": 56}], [{"weight": 1, "random_weight": 0.47030500047748225, "id": 3}, {"weight": 1, "random_weight": 0.8831311805903231, "id": 4}, {"weight": 1, "random_weight": 0.8196380640138723, "id": 6}, {"weight": 1, "random_weight": 0.9754408098830722, "id": 36}, {"weight": 2, "random_weight": 0.7749599012556407, "id": 66}], [{"weight": 1, "random_weight": 0.5261338182240125, "id": 15}, {"weight": 1, "random_weight": 0.12118649255669289, "id": 36}, {"weight": 1, "random_weight": 0.09348368054805334, "id": 48}, {"weight": 2, "random_weight": 0.7749599012556407, "id": 65}, {"weight": 1, "random_weight": 0.3604525745097509, "id": 69}], [{"weight": 1, "random_weight": 0.5576846970148378, "id": 3}, {"weight": 1, "random_weight": 0.09441428062124191, "id": 4}, {"weight": 1, "random_weight": 0.01713715455959053, "id": 49}, {"weight": 1, "random_weight": 0.10567644206684212, "id": 50}, {"weight": 1, "random_weight": 0.22153475703794834, "id": 59}, {"weight": 1, "random_weight": 0.21986634597484045, "id": 71}], [{"weight": 1, "random_weight": 0.6020444577787477, "id": 43}, {"weight": 1, "random_weight": 0.5948233302258604, "id": 47}, {"weight": 2, "random_weight": 0.5419771328533843, "id": 54}, {"weight": 2, "random_weight": 0.941063123131232, "id": 63}], [{"weight": 2, "random_weight": 0.21861805467152728, "id": 28}, {"weight": 1, "random_weight": 0.03680903389870904, "id": 44}, {"weight": 2, "random_weight": 0.12288799127959893, "id": 48}, {"weight": 1, "random_weight": 0.3604525745097509, "id": 66}], [{"weight": 1, "random_weight": 0.3145810470992154, "id": 0}, {"weight": 1, "random_weight": 0.7182551038106754, "id": 27}, {"weight": 1, "random_weight": 0.37148804601005414, "id": 30}, {"weight": 1, "random_weight": 0.7736703044375443, "id": 39}, {"weight": 2, "random_weight": 0.6761574568035346, "id": 63}], [{"weight": 1, "random_weight": 0.9305236947174976, "id": 4}, {"weight": 1, "random_weight": 0.0916796948669315, "id": 42}, {"weight": 1, "random_weight": 0.7471664462376748, "id": 47}, {"weight": 1, "random_weight": 0.8051826726114363, "id": 54}, {"weight": 1, "random_weight": 0.6612286339418246, "id": 55}, {"weight": 1, "random_weight": 0.21986634597484045, "id": 67}]]}