{"directed": false, "multigraph": false, "graph": [], "nodes": [{"graph": null, "nnodes": 2, "nedges": 1, "density": 1.0, "atomics": "[80, 81]", "group_pop": 2, "init_part_assignment": 6, "id": 0}, {"graph": null, "nnodes": 2, "nedges": 1, "density": 1.0, "atomics": "[68, 69]", "group_pop": 2, "init_part_assignment": 11, "id": 1}, {"graph": null, "nnodes": 2, "nedges": 1, "density": 1.0, "atomics": "[82, 70]", "group_pop": 2, "init_part_assignment": 9, "id": 2}, {"graph": null, "nnodes": 2, "nedges": 1, "density": 1.0, "atomics": "[74, 75]", "group_pop": 2, "init_part_assignment": 10, "id": 3}, {"graph": null, "nnodes": 2, "nedges": 1, "density": 1.0, "atomics": "[42, 54]", "group_pop": 2, "init_part_assignment": 7, "id": 4}, {"graph": null, "nnodes": 2, "nedges": 1, "density": 1.0, "atomics": "[43, 44]", "group_pop": 2, "init_part_assignment": 11, "id": 5}, {"graph": null, "nnodes": 2, "nedges": 1, "density": 1.0, "atomics": "[61, 62]", "group_pop": 2, "init_part_assignment": 10, "id": 6}, {"graph": null, "nnodes": 2, "nedges": 1, "density": 1.0, "atomics": "[32, 31]", "group_pop": 2, "init_part_assignment": 7, "id": 7}, {"graph": null, "nnodes": 2, "nedges": 1, "density": 1.0, "atomics": "[19, 20]", "group_pop": 2, "init_part_assignment": 7, "id": 8}, {"graph": null, "nnodes": 2, "nedges": 1, "density": 1.0, "atomics": "[142, 143]", "group_pop": 2, "init_part_assignment": 0, "id": 9}, {"graph": null, "nnodes": 2, "nedges": 1, "density": 1.0, "atomics": "[40, 41]", "group_pop": 2, "init_part_assignment": 1, "id": 10}, {"graph": null, "nnodes": 2, "nedges": 1, "density": 1.0, "atomics": "[17, 29]", "group_pop": 2, "init_part_assignment": 1, "id": 11}, {"graph": null, "nnodes": 2, "nedges": 1, "density": 1.0, "atomics": "[8, 9]", "group_pop": 2, "init_part_assignment": 5, "id": 12}, {"graph": null, "nnodes": 2, "nedges": 1, "density": 1.0, "atomics": "[34, 22]", "group_pop": 2, "init_part_assignment": 5, "id": 13}, {"graph": null, "nnodes": 2, "nedges": 1, "density": 1.0, "atomics": "[35, 23]", "group_pop": 2, "init_part_assignment": 5, "id": 14}, {"graph": null, "nnodes": 2, "nedges": 1, "density": 1.0, "atomics": "[10, 11]", "group_pop": 2, "init_part_assignment": 5, "id": 15}, {"graph": null, "nnodes": 2, "nedges": 1, "density": 1.0, "atomics": "[49, 50]", "group_pop": 2, "init_part_assignment": 8, "id": 16}, {"graph": null, "nnodes": 2, "nedges": 1, "density": 1.0, "atomics": "[25, 37]", "group_pop": 2, "init_part_assignment": 4, "id": 17}, {"graph": null, "nnodes": 2, "nedges": 1, "density": 1.0, "atomics": "[120, 132]", "group_pop": 2, "init_part_assignment": 8, "id": 18}, {"graph": null, "nnodes": 2, "nedges": 1, "density": 1.0, "atomics": "[24, 36]", "group_pop": 2, "init_part_assignment": 4, "id": 19}, {"graph": null, "nnodes": 2, "nedges": 1, "density": 1.0, "atomics": "[130, 118]", "group_pop": 2, "init_part_assignment": 9, "id": 20}, {"graph": null, "nnodes": 2, "nedges": 1, "density": 1.0, "atomics": "[131, 119]", "group_pop": 2, "init_part_assignment": 0, "id": 21}, {"graph": null, "nnodes": 2, "nedges": 1, "density": 1.0, "atomics": "[83, 71]", "group_pop": 2, "init_part_assignment": 9, "id": 22}, {"graph": null, "nnodes": 2, "nedges": 1, "density": 1.0, "atomics": "[18, 30]", "group_pop": 2, "init_part_assignment": 7, "id": 23}, {"graph": null, "nnodes": 2, "nedges": 1, "density": 1.0, "atomics": "[122, 123]", "group_pop": 2, "init_part_assignment": 2, "id": 24}, {"graph": null, "nnodes": 2, "nedges": 1, "density": 1.0, "atomics": "[134, 135]", "group_pop": 2, "init_part_assignment": 3, "id": 25}, {"graph": null, "nnodes": 2, "nedges": 1, "density": 1.0, "atomics": "[96, 108]", "group_pop": 2, "init_part_assignment": 8, "id": 26}, {"graph": null, "nnodes": 2, "nedges": 1, "density": 1.0, "atomics": "[129, 141]", "group_pop": 2, "init_part_assignment": 0, "id": 27}, {"graph": null, "nnodes": 2, "nedges": 1, "density": 1.0, "atomics": "[105, 117]", "group_pop": 2, "init_part_assignment": 9, "id": 28}, {"graph": null, "nnodes": 2, "nedges": 1, "density": 1.0, "atomics": "[1, 13]", "group_pop": 2, "init_part_assignment": 4, "id": 29}, {"graph": null, "nnodes": 2, "nedges": 1, "density": 1.0, "atomics": "[66, 67]", "group_pop": 2, "init_part_assignment": 11, "id": 30}, {"graph": null, "nnodes": 2, "nedges": 1, "density": 1.0, "atomics": "[78, 79]", "group_pop": 2, "init_part_assignment": 10, "id": 31}, {"graph": null, "nnodes": 2, "nedges": 1, "density": 1.0, "atomics": "[57, 58]", "group_pop": 2, "init_part_assignment": 11, "id": 32}, {"graph": null, "nnodes": 2, "nedges": 1, "density": 1.0, "atomics": "[48, 60]", "group_pop": 2, "init_part_assignment": 8, "id": 33}, {"graph": null, "nnodes": 2, "nedges": 1, "density": 1.0, "atomics": "[136, 124]", "group_pop": 2, "init_part_assignment": 2, "id": 34}, {"graph": null, "nnodes": 2, "nedges": 1, "density": 1.0, "atomics": "[6, 7]", "group_pop": 2, "init_part_assignment": 7, "id": 35}, {"graph": null, "nnodes": 2, "nedges": 1, "density": 1.0, "atomics": "[33, 21]", "group_pop": 2, "init_part_assignment": 5, "id": 36}, {"graph": null, "nnodes": 2, "nedges": 1, "density": 1.0, "atomics": "[16, 28]", "group_pop": 2, "init_part_assignment": 1, "id": 37}, {"graph": null, "nnodes": 2, "nedges": 1, "density": 1.0, "atomics": "[0, 12]", "group_pop": 2, "init_part_assignment": 4, "id": 38}, {"graph": null, "nnodes": 2, "nedges": 1, "density": 1.0, "atomics": "[128, 127]", "group_pop": 2, "init_part_assignment": 0, "id": 39}, {"graph": null, "nnodes": 2, "nedges": 1, "density": 1.0, "atomics": "[115, 116]", "group_pop": 2, "init_part_assignment": 0, "id": 40}, {"graph": null, "nnodes": 2, "nedges": 1, "density": 1.0, "atomics": "[121, 133]", "group_pop": 2, "init_part_assignment": 3, "id": 41}, {"graph": null, "nnodes": 2, "nedges": 1, "density": 1.0, "atomics": "[112, 100]", "group_pop": 2, "init_part_assignment": 6, "id": 42}, {"graph": null, "nnodes": 2, "nedges": 1, "density": 1.0, "atomics": "[113, 101]", "group_pop": 2, "init_part_assignment": 2, "id": 43}, {"graph": null, "nnodes": 2, "nedges": 1, "density": 1.0, "atomics": "[2, 14]", "group_pop": 2, "init_part_assignment": 4, "id": 44}, {"graph": null, "nnodes": 2, "nedges": 1, "density": 1.0, "atomics": "[4, 5]", "group_pop": 2, "init_part_assignment": 7, "id": 45}, {"graph": null, "nnodes": 2, "nedges": 1, "density": 1.0, "atomics": "[139, 140]", "group_pop": 2, "init_part_assignment": 0, "id": 46}, {"graph": null, "nnodes": 2, "nedges": 1, "density": 1.0, "atomics": "[3, 15]", "group_pop": 2, "init_part_assignment": 1, "id": 47}, {"graph": null, "nnodes": 2, "nedges": 1, "density": 1.0, "atomics": "[97, 109]", "group_pop": 2, "init_part_assignment": 3, "id": 48}, {"graph": null, "nnodes": 2, "nedges": 1, "density": 1.0, "atomics": "[137, 138]", "group_pop": 2, "init_part_assignment": 2, "id": 49}, {"graph": null, "nnodes": 2, "nedges": 1, "density": 1.0, "atomics": "[125, 126]", "group_pop": 2, "init_part_assignment": 2, "id": 50}, {"graph": null, "nnodes": 2, "nedges": 1, "density": 1.0, "atomics": "[110, 111]", "group_pop": 2, "init_part_assignment": 3, "id": 51}, {"graph": null, "nnodes": 2, "nedges": 1, "density": 1.0, "atomics": "[72, 73]", "group_pop": 2, "init_part_assignment": 8, "id": 52}, {"graph": null, "nnodes": 2, "nedges": 1, "density": 1.0, "atomics": "[84, 85]", "group_pop": 2, "init_part_assignment": 8, "id": 53}, {"graph": null, "nnodes": 2, "nedges": 1, "density": 1.0, "atomics": "[59, 47]", "group_pop": 2, "init_part_assignment": 11, "id": 54}, {"graph": null, "nnodes": 2, "nedges": 1, "density": 1.0, "atomics": "[64, 65]", "group_pop": 2, "init_part_assignment": 10, "id": 55}, {"graph": null, "nnodes": 2, "nedges": 1, "density": 1.0, "atomics": "[51, 63]", "group_pop": 2, "init_part_assignment": 10, "id": 56}, {"graph": null, "nnodes": 2, "nedges": 1, "density": 1.0, "atomics": "[106, 94]", "group_pop": 2, "init_part_assignment": 9, "id": 57}, {"graph": null, "nnodes": 2, "nedges": 1, "density": 1.0, "atomics": "[107, 95]", "group_pop": 2, "init_part_assignment": 9, "id": 58}, {"graph": null, "nnodes": 2, "nedges": 1, "density": 1.0, "atomics": "[45, 46]", "group_pop": 2, "init_part_assignment": 5, "id": 59}, {"graph": null, "nnodes": 2, "nedges": 1, "density": 1.0, "atomics": "[56, 55]", "group_pop": 2, "init_part_assignment": 11, "id": 60}, {"graph": null, "nnodes": 2, "nedges": 1, "density": 1.0, "atomics": "[104, 103]", "group_pop": 2, "init_part_assignment": 6, "id": 61}, {"graph": null, "nnodes": 2, "nedges": 1, "density": 1.0, "atomics": "[26, 38]", "group_pop": 2, "init_part_assignment": 4, "id": 62}, {"graph": null, "nnodes": 2, "nedges": 1, "density": 1.0, "atomics": "[98, 86]", "group_pop": 2, "init_part_assignment": 3, "id": 63}, {"graph": null, "nnodes": 2, "nedges": 1, "density": 1.0, "atomics": "[114, 102]", "group_pop": 2, "init_part_assignment": 2, "id": 64}, {"graph": null, "nnodes": 2, "nedges": 1, "density": 1.0, "atomics": "[92, 93]", "group_pop": 2, "init_part_assignment": 6, "id": 65}, {"graph": null, "nnodes": 2, "nedges": 1, "density": 1.0, "atomics": "[27, 39]", "group_pop": 2, "init_part_assignment": 1, "id": 66}, {"graph": null, "nnodes": 2, "nedges": 1, "density": 1.0, "atomics": "[99, 87]", "group_pop": 2, "init_part_assignment": 3, "id": 67}, {"graph": null, "nnodes": 2, "nedges": 1, "density": 1.0, "atomics": "[52, 53]", "group_pop": 2, "init_part_assignment": 1, "id": 68}, {"graph": null, "nnodes": 2, "nedges": 1, "density": 1.0, "atomics": "[76, 77]", "group_pop": 2, "init_part_assignment": 10, "id": 69}, {"graph": null, "nnodes": 2, "nedges": 1, "density": 1.0, "atomics": "[90, 91]", "group_pop": 2, "init_part_assignment": 6, "id": 70}, {"graph": null, "nnodes": 2, "nedges": 1, "density": 1.0, "atomics": "[88, 89]", "group_pop": 2, "init_part_assignment": 6, "id": 71}], "adjacency": [[{"weight": 2, "random_weight": 0.6008120514989852, "id": 1}, {"weight": 1, "random_weight": 0.9896589332935956, "id": 2}, {"weight": 1, "random_weight": 0.3458219657045376, "id": 31}, {"weight": 2, "random_weight": 0.36544679300711924, "id": 65}], [{"weight": 2, "random_weight": 0.6008120514989852, "id": 0}, {"weight": 1, "random_weight": 0.2690665012851986, "id": 2}, {"weight": 1, "random_weight": 0.9154694480414954, "id": 30}, {"weight": 1, "random_weight": 0.35154481983507213, "id": 32}, {"weight": 1, "random_weight": 0.8660849019411687, "id": 60}], [{"weight": 1, "random_weight": 0.9896589332935956, "id": 0}, {"weight": 1, "random_weight": 0.2690665012851986, "id": 1}, {"weight": 2, "random_weight": 0.5855058332304126, "id": 22}, {"weight": 1, "random_weight": 0.8129558865133523, "id": 32}, {"weight": 1, "random_weight": 0.4768582661835903, "id": 57}], [{"weight": 1, "random_weight": 0.14383454598138679, "id": 6}, {"weight": 1, "random_weight": 0.9140561693876242, "id": 52}, {"weight": 1, "random_weight": 0.5956623581392223, "id": 56}, {"weight": 1, "random_weight": 0.5451439103514252, "id": 63}, {"weight": 1, "random_weight": 0.777733854719627, "id": 67}, {"weight": 1, "random_weight": 0.020176431844647347, "id": 69}], [{"weight": 1, "random_weight": 0.9627620767308611, "id": 5}, {"weight": 1, "random_weight": 0.7845909087262579, "id": 10}, {"weight": 1, "random_weight": 0.5337288043896709, "id": 23}, {"weight": 1, "random_weight": 0.6866107726866318, "id": 30}, {"weight": 1, "random_weight": 0.06299169420911066, "id": 60}, {"weight": 1, "random_weight": 0.9146555852206502, "id": 68}], [{"weight": 1, "random_weight": 0.9627620767308611, "id": 4}, {"weight": 2, "random_weight": 0.7794177465311549, "id": 7}, {"weight": 1, "random_weight": 0.882198988193716, "id": 59}, {"weight": 2, "random_weight": 0.2754911563122837, "id": 60}], [{"weight": 1, "random_weight": 0.14383454598138679, "id": 3}, {"weight": 2, "random_weight": 0.05329849203643555, "id": 16}, {"weight": 1, "random_weight": 0.5464469120337306, "id": 33}, {"weight": 1, "random_weight": 0.7900265434792104, "id": 52}, {"weight": 1, "random_weight": 0.22049170606569912, "id": 56}], [{"weight": 2, "random_weight": 0.7794177465311549, "id": 5}, {"weight": 2, "random_weight": 0.9379963102674787, "id": 8}, {"weight": 1, "random_weight": 0.26260506576434894, "id": 23}, {"weight": 1, "random_weight": 0.7378921930736807, "id": 36}], [{"weight": 2, "random_weight": 0.9379963102674787, "id": 7}, {"weight": 1, "random_weight": 0.7062684929216895, "id": 12}, {"weight": 1, "random_weight": 0.53005796875716, "id": 23}, {"weight": 1, "random_weight": 0.5715186711565688, "id": 35}, {"weight": 1, "random_weight": 0.399986548545479, "id": 36}], [{"weight": 1, "random_weight": 0.8631210857802416, "id": 20}, {"weight": 1, "random_weight": 0.3990177880766328, "id": 21}, {"weight": 1, "random_weight": 0.365099003416566, "id": 27}], [{"weight": 1, "random_weight": 0.7845909087262579, "id": 4}, {"weight": 1, "random_weight": 0.06621327034585367, "id": 11}, {"weight": 1, "random_weight": 0.3670890228166708, "id": 37}, {"weight": 1, "random_weight": 0.060972256183929985, "id": 66}, {"weight": 2, "random_weight": 0.2872232984270212, "id": 68}], [{"weight": 1, "random_weight": 0.06621327034585367, "id": 10}, {"weight": 2, "random_weight": 0.7529801137615285, "id": 23}, {"weight": 2, "random_weight": 0.5238018855749337, "id": 37}, {"weight": 1, "random_weight": 0.485585263668319, "id": 45}], [{"weight": 1, "random_weight": 0.7062684929216895, "id": 8}, {"weight": 1, "random_weight": 0.533045567631687, "id": 15}, {"weight": 1, "random_weight": 0.41273985590622553, "id": 35}, {"weight": 1, "random_weight": 0.24455814546398524, "id": 36}], [{"weight": 2, "random_weight": 0.5655153628432433, "id": 14}, {"weight": 1, "random_weight": 0.23086436046639258, "id": 15}, {"weight": 2, "random_weight": 0.2753245796457464, "id": 36}, {"weight": 1, "random_weight": 0.7237985277749688, "id": 59}], [{"weight": 2, "random_weight": 0.5655153628432433, "id": 13}, {"weight": 1, "random_weight": 0.753618243616341, "id": 15}, {"weight": 1, "random_weight": 0.6903056329375151, "id": 54}], [{"weight": 1, "random_weight": 0.533045567631687, "id": 12}, {"weight": 1, "random_weight": 0.23086436046639258, "id": 13}, {"weight": 1, "random_weight": 0.753618243616341, "id": 14}], [{"weight": 2, "random_weight": 0.05329849203643555, "id": 6}, {"weight": 1, "random_weight": 0.20169034707704891, "id": 17}, {"weight": 1, "random_weight": 0.0056678496448110405, "id": 33}, {"weight": 1, "random_weight": 0.47661506178466306, "id": 56}, {"weight": 1, "random_weight": 0.16180870933660507, "id": 62}], [{"weight": 1, "random_weight": 0.20169034707704891, "id": 16}, {"weight": 2, "random_weight": 0.20474016858718658, "id": 19}, {"weight": 1, "random_weight": 0.12219388845984713, "id": 29}, {"weight": 2, "random_weight": 0.00989059165001549, "id": 62}], [{"weight": 1, "random_weight": 0.8217860396766323, "id": 26}, {"weight": 2, "random_weight": 0.6826520247478383, "id": 41}], [{"weight": 2, "random_weight": 0.20474016858718658, "id": 17}, {"weight": 1, "random_weight": 0.8280768155345778, "id": 33}, {"weight": 1, "random_weight": 0.45182724638479066, "id": 38}], [{"weight": 1, "random_weight": 0.8631210857802416, "id": 9}, {"weight": 2, "random_weight": 0.7923000143831933, "id": 21}, {"weight": 1, "random_weight": 0.7872956108610474, "id": 27}, {"weight": 1, "random_weight": 0.02191883308706899, "id": 28}, {"weight": 1, "random_weight": 0.24284799279782154, "id": 57}], [{"weight": 1, "random_weight": 0.3990177880766328, "id": 9}, {"weight": 2, "random_weight": 0.7923000143831933, "id": 20}, {"weight": 1, "random_weight": 0.7410291008829961, "id": 58}], [{"weight": 2, "random_weight": 0.5855058332304126, "id": 2}, {"weight": 1, "random_weight": 0.9442789629702456, "id": 54}, {"weight": 1, "random_weight": 0.6887520438166707, "id": 58}], [{"weight": 1, "random_weight": 0.5337288043896709, "id": 4}, {"weight": 1, "random_weight": 0.26260506576434894, "id": 7}, {"weight": 1, "random_weight": 0.53005796875716, "id": 8}, {"weight": 2, "random_weight": 0.7529801137615285, "id": 11}, {"weight": 1, "random_weight": 0.8589025135347318, "id": 35}], [{"weight": 2, "random_weight": 0.5126016706609827, "id": 25}, {"weight": 1, "random_weight": 0.2609161184833073, "id": 34}, {"weight": 1, "random_weight": 0.891885795132506, "id": 41}, {"weight": 2, "random_weight": 0.5627643752568436, "id": 51}], [{"weight": 2, "random_weight": 0.5126016706609827, "id": 24}, {"weight": 1, "random_weight": 0.7206512522748652, "id": 34}, {"weight": 1, "random_weight": 0.5743326424211589, "id": 41}], [{"weight": 1, "random_weight": 0.8217860396766323, "id": 18}, {"weight": 2, "random_weight": 0.9981291592357937, "id": 48}, {"weight": 1, "random_weight": 0.534938946110259, "id": 53}], [{"weight": 1, "random_weight": 0.365099003416566, "id": 9}, {"weight": 1, "random_weight": 0.7872956108610474, "id": 20}, {"weight": 1, "random_weight": 0.767469078938322, "id": 28}, {"weight": 1, "random_weight": 0.11900089116475854, "id": 39}, {"weight": 1, "random_weight": 0.019694589999526224, "id": 46}], [{"weight": 1, "random_weight": 0.02191883308706899, "id": 20}, {"weight": 1, "random_weight": 0.767469078938322, "id": 27}, {"weight": 1, "random_weight": 0.684186639533803, "id": 40}, {"weight": 1, "random_weight": 0.9922669388512823, "id": 57}, {"weight": 1, "random_weight": 0.8475687863650077, "id": 61}, {"weight": 1, "random_weight": 0.6274782093371255, "id": 65}], [{"weight": 1, "random_weight": 0.12219388845984713, "id": 17}, {"weight": 2, "random_weight": 0.9259583112754791, "id": 38}, {"weight": 2, "random_weight": 0.5897862111258627, "id": 44}], [{"weight": 1, "random_weight": 0.9154694480414954, "id": 1}, {"weight": 1, "random_weight": 0.6866107726866318, "id": 4}, {"weight": 2, "random_weight": 0.9160464138552097, "id": 31}, {"weight": 1, "random_weight": 0.43424605955251494, "id": 55}, {"weight": 1, "random_weight": 0.5520041250642346, "id": 60}], [{"weight": 1, "random_weight": 0.3458219657045376, "id": 0}, {"weight": 2, "random_weight": 0.9160464138552097, "id": 30}, {"weight": 1, "random_weight": 0.5575925266457519, "id": 69}, {"weight": 2, "random_weight": 0.7205721305601764, "id": 70}], [{"weight": 1, "random_weight": 0.35154481983507213, "id": 1}, {"weight": 1, "random_weight": 0.8129558865133523, "id": 2}, {"weight": 1, "random_weight": 0.3942064629790908, "id": 54}, {"weight": 2, "random_weight": 0.439831521705467, "id": 59}, {"weight": 1, "random_weight": 0.26778020517231094, "id": 60}], [{"weight": 1, "random_weight": 0.5464469120337306, "id": 6}, {"weight": 1, "random_weight": 0.0056678496448110405, "id": 16}, {"weight": 1, "random_weight": 0.8280768155345778, "id": 19}, {"weight": 1, "random_weight": 0.3520946208217962, "id": 52}], [{"weight": 1, "random_weight": 0.2609161184833073, "id": 24}, {"weight": 1, "random_weight": 0.7206512522748652, "id": 25}, {"weight": 1, "random_weight": 0.8874868476110223, "id": 42}, {"weight": 1, "random_weight": 0.34490038632423514, "id": 49}, {"weight": 1, "random_weight": 0.44902847036711646, "id": 50}], [{"weight": 1, "random_weight": 0.5715186711565688, "id": 8}, {"weight": 1, "random_weight": 0.41273985590622553, "id": 12}, {"weight": 1, "random_weight": 0.8589025135347318, "id": 23}, {"weight": 1, "random_weight": 0.8593728264837484, "id": 45}], [{"weight": 1, "random_weight": 0.7378921930736807, "id": 7}, {"weight": 1, "random_weight": 0.399986548545479, "id": 8}, {"weight": 1, "random_weight": 0.24455814546398524, "id": 12}, {"weight": 2, "random_weight": 0.2753245796457464, "id": 13}, {"weight": 1, "random_weight": 0.42802269039360297, "id": 59}], [{"weight": 1, "random_weight": 0.3670890228166708, "id": 10}, {"weight": 2, "random_weight": 0.5238018855749337, "id": 11}, {"weight": 1, "random_weight": 0.9840926114940245, "id": 45}, {"weight": 1, "random_weight": 0.550421415456426, "id": 47}, {"weight": 1, "random_weight": 0.7972298180144521, "id": 66}], [{"weight": 1, "random_weight": 0.45182724638479066, "id": 19}, {"weight": 2, "random_weight": 0.9259583112754791, "id": 29}], [{"weight": 1, "random_weight": 0.11900089116475854, "id": 27}, {"weight": 2, "random_weight": 0.3881147530542357, "id": 40}, {"weight": 2, "random_weight": 0.9703409422420066, "id": 46}, {"weight": 1, "random_weight": 0.6168180294053561, "id": 50}], [{"weight": 1, "random_weight": 0.684186639533803, "id": 28}, {"weight": 2, "random_weight": 0.3881147530542357, "id": 39}, {"weight": 2, "random_weight": 0.21875320765528028, "id": 61}, {"weight": 1, "random_weight": 0.7212889246454152, "id": 64}], [{"weight": 2, "random_weight": 0.6826520247478383, "id": 18}, {"weight": 1, "random_weight": 0.891885795132506, "id": 24}, {"weight": 1, "random_weight": 0.5743326424211589, "id": 25}, {"weight": 1, "random_weight": 0.3753087996614465, "id": 48}], [{"weight": 1, "random_weight": 0.8874868476110223, "id": 34}, {"weight": 2, "random_weight": 0.33336021801371996, "id": 43}, {"weight": 1, "random_weight": 0.21209158861627875, "id": 51}, {"weight": 1, "random_weight": 0.796423546191913, "id": 67}, {"weight": 1, "random_weight": 0.1769974624772197, "id": 71}], [{"weight": 2, "random_weight": 0.33336021801371996, "id": 42}, {"weight": 1, "random_weight": 0.6655856276538549, "id": 50}, {"weight": 2, "random_weight": 0.027515636175598712, "id": 64}, {"weight": 1, "random_weight": 0.665038929616815, "id": 71}], [{"weight": 2, "random_weight": 0.5897862111258627, "id": 29}, {"weight": 2, "random_weight": 0.8032670400682314, "id": 47}, {"weight": 1, "random_weight": 0.9175780961707471, "id": 62}], [{"weight": 1, "random_weight": 0.485585263668319, "id": 11}, {"weight": 1, "random_weight": 0.8593728264837484, "id": 35}, {"weight": 1, "random_weight": 0.9840926114940245, "id": 37}, {"weight": 1, "random_weight": 0.4971697217666017, "id": 47}], [{"weight": 1, "random_weight": 0.019694589999526224, "id": 27}, {"weight": 2, "random_weight": 0.9703409422420066, "id": 39}, {"weight": 1, "random_weight": 0.5191219980474332, "id": 49}], [{"weight": 1, "random_weight": 0.550421415456426, "id": 37}, {"weight": 2, "random_weight": 0.8032670400682314, "id": 44}, {"weight": 1, "random_weight": 0.4971697217666017, "id": 45}, {"weight": 1, "random_weight": 0.053559229174657386, "id": 66}], [{"weight": 2, "random_weight": 0.9981291592357937, "id": 26}, {"weight": 1, "random_weight": 0.3753087996614465, "id": 41}, {"weight": 1, "random_weight": 0.6325796660983781, "id": 51}, {"weight": 1, "random_weight": 0.9846631089597384, "id": 53}, {"weight": 1, "random_weight": 0.6932477570017844, "id": 63}], [{"weight": 1, "random_weight": 0.34490038632423514, "id": 34}, {"weight": 1, "random_weight": 0.5191219980474332, "id": 46}, {"weight": 2, "random_weight": 0.1828120939033555, "id": 50}], [{"weight": 1, "random_weight": 0.44902847036711646, "id": 34}, {"weight": 1, "random_weight": 0.6168180294053561, "id": 39}, {"weight": 1, "random_weight": 0.6655856276538549, "id": 43}, {"weight": 2, "random_weight": 0.1828120939033555, "id": 49}, {"weight": 1, "random_weight": 0.12411702362589228, "id": 64}], [{"weight": 2, "random_weight": 0.5627643752568436, "id": 24}, {"weight": 1, "random_weight": 0.21209158861627875, "id": 42}, {"weight": 1, "random_weight": 0.6325796660983781, "id": 48}, {"weight": 1, "random_weight": 0.2543658738537169, "id": 63}, {"weight": 1, "random_weight": 0.1254193828893595, "id": 67}], [{"weight": 1, "random_weight": 0.9140561693876242, "id": 3}, {"weight": 1, "random_weight": 0.7900265434792104, "id": 6}, {"weight": 1, "random_weight": 0.3520946208217962, "id": 33}, {"weight": 2, "random_weight": 0.8268177291310917, "id": 53}], [{"weight": 1, "random_weight": 0.534938946110259, "id": 26}, {"weight": 1, "random_weight": 0.9846631089597384, "id": 48}, {"weight": 2, "random_weight": 0.8268177291310917, "id": 52}, {"weight": 1, "random_weight": 0.7662790702698833, "id": 63}], [{"weight": 1, "random_weight": 0.6903056329375151, "id": 14}, {"weight": 1, "random_weight": 0.9442789629702456, "id": 22}, {"weight": 1, "random_weight": 0.3942064629790908, "id": 32}, {"weight": 1, "random_weight": 0.6039356169512023, "id": 59}], [{"weight": 1, "random_weight": 0.43424605955251494, "id": 30}, {"weight": 1, "random_weight": 0.5751425224656045, "id": 56}, {"weight": 2, "random_weight": 0.6890289039217502, "id": 68}, {"weight": 2, "random_weight": 0.6145686189757316, "id": 69}], [{"weight": 1, "random_weight": 0.5956623581392223, "id": 3}, {"weight": 1, "random_weight": 0.22049170606569912, "id": 6}, {"weight": 1, "random_weight": 0.47661506178466306, "id": 16}, {"weight": 1, "random_weight": 0.5751425224656045, "id": 55}, {"weight": 1, "random_weight": 0.7070343261949702, "id": 66}, {"weight": 1, "random_weight": 0.7650069239276032, "id": 68}], [{"weight": 1, "random_weight": 0.4768582661835903, "id": 2}, {"weight": 1, "random_weight": 0.24284799279782154, "id": 20}, {"weight": 1, "random_weight": 0.9922669388512823, "id": 28}, {"weight": 2, "random_weight": 0.1688132506876322, "id": 58}, {"weight": 1, "random_weight": 0.7358768828435353, "id": 65}], [{"weight": 1, "random_weight": 0.7410291008829961, "id": 21}, {"weight": 1, "random_weight": 0.6887520438166707, "id": 22}, {"weight": 2, "random_weight": 0.1688132506876322, "id": 57}], [{"weight": 1, "random_weight": 0.882198988193716, "id": 5}, {"weight": 1, "random_weight": 0.7237985277749688, "id": 13}, {"weight": 2, "random_weight": 0.439831521705467, "id": 32}, {"weight": 1, "random_weight": 0.42802269039360297, "id": 36}, {"weight": 1, "random_weight": 0.6039356169512023, "id": 54}], [{"weight": 1, "random_weight": 0.8660849019411687, "id": 1}, {"weight": 1, "random_weight": 0.06299169420911066, "id": 4}, {"weight": 2, "random_weight": 0.2754911563122837, "id": 5}, {"weight": 1, "random_weight": 0.5520041250642346, "id": 30}, {"weight": 1, "random_weight": 0.26778020517231094, "id": 32}], [{"weight": 1, "random_weight": 0.8475687863650077, "id": 28}, {"weight": 2, "random_weight": 0.21875320765528028, "id": 40}, {"weight": 1, "random_weight": 0.6896224518445385, "id": 64}, {"weight": 1, "random_weight": 0.8279178111132419, "id": 65}, {"weight": 1, "random_weight": 0.7018135898582397, "id": 70}], [{"weight": 1, "random_weight": 0.16180870933660507, "id": 16}, {"weight": 2, "random_weight": 0.00989059165001549, "id": 17}, {"weight": 1, "random_weight": 0.9175780961707471, "id": 44}, {"weight": 2, "random_weight": 0.7748792591465278, "id": 66}], [{"weight": 1, "random_weight": 0.5451439103514252, "id": 3}, {"weight": 1, "random_weight": 0.6932477570017844, "id": 48}, {"weight": 1, "random_weight": 0.2543658738537169, "id": 51}, {"weight": 1, "random_weight": 0.7662790702698833, "id": 53}, {"weight": 2, "random_weight": 0.3216932811316784, "id": 67}], [{"weight": 1, "random_weight": 0.7212889246454152, "id": 40}, {"weight": 2, "random_weight": 0.027515636175598712, "id": 43}, {"weight": 1, "random_weight": 0.12411702362589228, "id": 50}, {"weight": 1, "random_weight": 0.6896224518445385, "id": 61}, {"weight": 1, "random_weight": 0.5439072259401144, "id": 70}], [{"weight": 2, "random_weight": 0.36544679300711924, "id": 0}, {"weight": 1, "random_weight": 0.6274782093371255, "id": 28}, {"weight": 1, "random_weight": 0.7358768828435353, "id": 57}, {"weight": 1, "random_weight": 0.8279178111132419, "id": 61}, {"weight": 1, "random_weight": 0.2508130845565584, "id": 70}], [{"weight": 1, "random_weight": 0.060972256183929985, "id": 10}, {"weight": 1, "random_weight": 0.7972298180144521, "id": 37}, {"weight": 1, "random_weight": 0.053559229174657386, "id": 47}, {"weight": 1, "random_weight": 0.7070343261949702, "id": 56}, {"weight": 2, "random_weight": 0.7748792591465278, "id": 62}], [{"weight": 1, "random_weight": 0.777733854719627, "id": 3}, {"weight": 1, "random_weight": 0.796423546191913, "id": 42}, {"weight": 1, "random_weight": 0.1254193828893595, "id": 51}, {"weight": 2, "random_weight": 0.3216932811316784, "id": 63}, {"weight": 1, "random_weight": 0.4245820993699372, "id": 71}], [{"weight": 1, "random_weight": 0.9146555852206502, "id": 4}, {"weight": 2, "random_weight": 0.2872232984270212, "id": 10}, {"weight": 2, "random_weight": 0.6890289039217502, "id": 55}, {"weight": 1, "random_weight": 0.7650069239276032, "id": 56}], [{"weight": 1, "random_weight": 0.020176431844647347, "id": 3}, {"weight": 1, "random_weight": 0.5575925266457519, "id": 31}, {"weight": 2, "random_weight": 0.6145686189757316, "id": 55}, {"weight": 2, "random_weight": 0.37526991358984607, "id": 71}], [{"weight": 2, "random_weight": 0.7205721305601764, "id": 31}, {"weight": 1, "random_weight": 0.7018135898582397, "id": 61}, {"weight": 1, "random_weight": 0.5439072259401144, "id": 64}, {"weight": 1, "random_weight": 0.2508130845565584, "id": 65}, {"weight": 1, "random_weight": 0.01758619483635826, "id": 71}], [{"weight": 1, "random_weight": 0.1769974624772197, "id": 42}, {"weight": 1, "random_weight": 0.665038929616815, "id": 43}, {"weight": 1, "random_weight": 0.4245820993699372, "id": 67}, {"weight": 2, "random_weight": 0.37526991358984607, "id": 69}, {"weight": 1, "random_weight": 0.01758619483635826, "id": 70}]]}