{"directed": false, "multigraph": false, "graph": [], "nodes": [{"graph": null, "nnodes": 2, "nedges": 1, "density": 1.0, "atomics": "[81, 69]", "group_pop": 2, "init_part_assignment": 11, "id": 0}, {"graph": null, "nnodes": 2, "nedges": 1, "density": 1.0, "atomics": "[82, 83]", "group_pop": 2, "init_part_assignment": 3, "id": 1}, {"graph": null, "nnodes": 2, "nedges": 1, "density": 1.0, "atomics": "[70, 71]", "group_pop": 2, "init_part_assignment": 3, "id": 2}, {"graph": null, "nnodes": 2, "nedges": 1, "density": 1.0, "atomics": "[73, 74]", "group_pop": 2, "init_part_assignment": 4, "id": 3}, {"graph": null, "nnodes": 2, "nedges": 1, "density": 1.0, "atomics": "[75, 87]", "group_pop": 2, "init_part_assignment": 10, "id": 4}, {"graph": null, "nnodes": 2, "nedges": 1, "density": 1.0, "atomics": "[42, 43]", "group_pop": 2, "init_part_assignment": 8, "id": 5}, {"graph": null, "nnodes": 2, "nedges": 1, "density": 1.0, "atomics": "[60, 61]", "group_pop": 2, "init_part_assignment": 4, "id": 6}, {"graph": null, "nnodes": 2, "nedges": 1, "density": 1.0, "atomics": "[50, 62]", "group_pop": 2, "init_part_assignment": 4, "id": 7}, {"graph": null, "nnodes": 2, "nedges": 1, "density": 1.0, "atomics": "[32, 33]", "group_pop": 2, "init_part_assignment": 1, "id": 8}, {"graph": null, "nnodes": 2, "nedges": 1, "density": 1.0, "atomics": "[20, 21]", "group_pop": 2, "init_part_assignment": 1, "id": 9}, {"graph": null, "nnodes": 2, "nedges": 1, "density": 1.0, "atomics": "[141, 142]", "group_pop": 2, "init_part_assignment": 6, "id": 10}, {"graph": null, "nnodes": 2, "nedges": 1, "density": 1.0, "atomics": "[131, 143]", "group_pop": 2, "init_part_assignment": 6, "id": 11}, {"graph": null, "nnodes": 2, "nedges": 1, "density": 1.0, "atomics": "[41, 29]", "group_pop": 2, "init_part_assignment": 7, "id": 12}, {"graph": null, "nnodes": 2, "nedges": 1, "density": 1.0, "atomics": "[8, 9]", "group_pop": 2, "init_part_assignment": 1, "id": 13}, {"graph": null, "nnodes": 2, "nedges": 1, "density": 1.0, "atomics": "[34, 35]", "group_pop": 2, "init_part_assignment": 3, "id": 14}, {"graph": null, "nnodes": 2, "nedges": 1, "density": 1.0, "atomics": "[10, 11]", "group_pop": 2, "init_part_assignment": 1, "id": 15}, {"graph": null, "nnodes": 2, "nedges": 1, "density": 1.0, "atomics": "[22, 23]", "group_pop": 2, "init_part_assignment": 1, "id": 16}, {"graph": null, "nnodes": 2, "nedges": 1, "density": 1.0, "atomics": "[48, 49]", "group_pop": 2, "init_part_assignment": 4, "id": 17}, {"graph": null, "nnodes": 2, "nedges": 1, "density": 1.0, "atomics": "[36, 37]", "group_pop": 2, "init_part_assignment": 4, "id": 18}, {"graph": null, "nnodes": 2, "nedges": 1, "density": 1.0, "atomics": "[120, 132]", "group_pop": 2, "init_part_assignment": 0, "id": 19}, {"graph": null, "nnodes": 2, "nedges": 1, "density": 1.0, "atomics": "[24, 25]", "group_pop": 2, "init_part_assignment": 5, "id": 20}, {"graph": null, "nnodes": 2, "nedges": 1, "density": 1.0, "atomics": "[129, 130]", "group_pop": 2, "init_part_assignment": 6, "id": 21}, {"graph": null, "nnodes": 2, "nedges": 1, "density": 1.0, "atomics": "[19, 7]", "group_pop": 2, "init_part_assignment": 8, "id": 22}, {"graph": null, "nnodes": 2, "nedges": 1, "density": 1.0, "atomics": "[30, 31]", "group_pop": 2, "init_part_assignment": 8, "id": 23}, {"graph": null, "nnodes": 2, "nedges": 1, "density": 1.0, "atomics": "[18, 6]", "group_pop": 2, "init_part_assignment": 8, "id": 24}, {"graph": null, "nnodes": 2, "nedges": 1, "density": 1.0, "atomics": "[123, 135]", "group_pop": 2, "init_part_assignment": 2, "id": 25}, {"graph": null, "nnodes": 2, "nedges": 1, "density": 1.0, "atomics": "[96, 97]", "group_pop": 2, "init_part_assignment": 0, "id": 26}, {"graph": null, "nnodes": 2, "nedges": 1, "density": 1.0, "atomics": "[108, 109]", "group_pop": 2, "init_part_assignment": 0, "id": 27}, {"graph": null, "nnodes": 2, "nedges": 1, "density": 1.0, "atomics": "[116, 117]", "group_pop": 2, "init_part_assignment": 9, "id": 28}, {"graph": null, "nnodes": 2, "nedges": 1, "density": 1.0, "atomics": "[12, 13]", "group_pop": 2, "init_part_assignment": 5, "id": 29}, {"graph": null, "nnodes": 2, "nedges": 1, "density": 1.0, "atomics": "[67, 55]", "group_pop": 2, "init_part_assignment": 8, "id": 30}, {"graph": null, "nnodes": 2, "nedges": 1, "density": 1.0, "atomics": "[78, 79]", "group_pop": 2, "init_part_assignment": 10, "id": 31}, {"graph": null, "nnodes": 2, "nedges": 1, "density": 1.0, "atomics": "[57, 45]", "group_pop": 2, "init_part_assignment": 3, "id": 32}, {"graph": null, "nnodes": 2, "nedges": 1, "density": 1.0, "atomics": "[58, 46]", "group_pop": 2, "init_part_assignment": 3, "id": 33}, {"graph": null, "nnodes": 2, "nedges": 1, "density": 1.0, "atomics": "[136, 137]", "group_pop": 2, "init_part_assignment": 2, "id": 34}, {"graph": null, "nnodes": 2, "nedges": 1, "density": 1.0, "atomics": "[124, 125]", "group_pop": 2, "init_part_assignment": 2, "id": 35}, {"graph": null, "nnodes": 2, "nedges": 1, "density": 1.0, "atomics": "[40, 39]", "group_pop": 2, "init_part_assignment": 7, "id": 36}, {"graph": null, "nnodes": 2, "nedges": 1, "density": 1.0, "atomics": "[16, 28]", "group_pop": 2, "init_part_assignment": 7, "id": 37}, {"graph": null, "nnodes": 2, "nedges": 1, "density": 1.0, "atomics": "[0, 1]", "group_pop": 2, "init_part_assignment": 5, "id": 38}, {"graph": null, "nnodes": 2, "nedges": 1, "density": 1.0, "atomics": "[128, 140]", "group_pop": 2, "init_part_assignment": 2, "id": 39}, {"graph": null, "nnodes": 2, "nedges": 1, "density": 1.0, "atomics": "[121, 133]", "group_pop": 2, "init_part_assignment": 0, "id": 40}, {"graph": null, "nnodes": 2, "nedges": 1, "density": 1.0, "atomics": "[122, 134]", "group_pop": 2, "init_part_assignment": 9, "id": 41}, {"graph": null, "nnodes": 2, "nedges": 1, "density": 1.0, "atomics": "[112, 113]", "group_pop": 2, "init_part_assignment": 9, "id": 42}, {"graph": null, "nnodes": 2, "nedges": 1, "density": 1.0, "atomics": "[2, 14]", "group_pop": 2, "init_part_assignment": 5, "id": 43}, {"graph": null, "nnodes": 2, "nedges": 1, "density": 1.0, "atomics": "[17, 5]", "group_pop": 2, "init_part_assignment": 5, "id": 44}, {"graph": null, "nnodes": 2, "nedges": 1, "density": 1.0, "atomics": "[3, 4]", "group_pop": 2, "init_part_assignment": 5, "id": 45}, {"graph": null, "nnodes": 2, "nedges": 1, "density": 1.0, "atomics": "[66, 54]", "group_pop": 2, "init_part_assignment": 8, "id": 46}, {"graph": null, "nnodes": 2, "nedges": 1, "density": 1.0, "atomics": "[27, 15]", "group_pop": 2, "init_part_assignment": 7, "id": 47}, {"graph": null, "nnodes": 2, "nedges": 1, "density": 1.0, "atomics": "[98, 110]", "group_pop": 2, "init_part_assignment": 9, "id": 48}, {"graph": null, "nnodes": 2, "nedges": 1, "density": 1.0, "atomics": "[99, 111]", "group_pop": 2, "init_part_assignment": 9, "id": 49}, {"graph": null, "nnodes": 2, "nedges": 1, "density": 1.0, "atomics": "[72, 84]", "group_pop": 2, "init_part_assignment": 0, "id": 50}, {"graph": null, "nnodes": 2, "nedges": 1, "density": 1.0, "atomics": "[59, 47]", "group_pop": 2, "init_part_assignment": 3, "id": 51}, {"graph": null, "nnodes": 2, "nedges": 1, "density": 1.0, "atomics": "[80, 68]", "group_pop": 2, "init_part_assignment": 10, "id": 52}, {"graph": null, "nnodes": 2, "nedges": 1, "density": 1.0, "atomics": "[100, 101]", "group_pop": 2, "init_part_assignment": 11, "id": 53}, {"graph": null, "nnodes": 2, "nedges": 1, "density": 1.0, "atomics": "[64, 52]", "group_pop": 2, "init_part_assignment": 7, "id": 54}, {"graph": null, "nnodes": 2, "nedges": 1, "density": 1.0, "atomics": "[51, 63]", "group_pop": 2, "init_part_assignment": 7, "id": 55}, {"graph": null, "nnodes": 2, "nedges": 1, "density": 1.0, "atomics": "[138, 139]", "group_pop": 2, "init_part_assignment": 2, "id": 56}, {"graph": null, "nnodes": 2, "nedges": 1, "density": 1.0, "atomics": "[126, 127]", "group_pop": 2, "init_part_assignment": 2, "id": 57}, {"graph": null, "nnodes": 2, "nedges": 1, "density": 1.0, "atomics": "[106, 94]", "group_pop": 2, "init_part_assignment": 6, "id": 58}, {"graph": null, "nnodes": 2, "nedges": 1, "density": 1.0, "atomics": "[107, 95]", "group_pop": 2, "init_part_assignment": 6, "id": 59}, {"graph": null, "nnodes": 2, "nedges": 1, "density": 1.0, "atomics": "[56, 44]", "group_pop": 2, "init_part_assignment": 1, "id": 60}, {"graph": null, "nnodes": 2, "nedges": 1, "density": 1.0, "atomics": "[85, 86]", "group_pop": 2, "init_part_assignment": 0, "id": 61}, {"graph": null, "nnodes": 2, "nedges": 1, "density": 1.0, "atomics": "[118, 119]", "group_pop": 2, "init_part_assignment": 6, "id": 62}, {"graph": null, "nnodes": 2, "nedges": 1, "density": 1.0, "atomics": "[114, 115]", "group_pop": 2, "init_part_assignment": 9, "id": 63}, {"graph": null, "nnodes": 2, "nedges": 1, "density": 1.0, "atomics": "[104, 103]", "group_pop": 2, "init_part_assignment": 11, "id": 64}, {"graph": null, "nnodes": 2, "nedges": 1, "density": 1.0, "atomics": "[26, 38]", "group_pop": 2, "init_part_assignment": 4, "id": 65}, {"graph": null, "nnodes": 2, "nedges": 1, "density": 1.0, "atomics": "[90, 102]", "group_pop": 2, "init_part_assignment": 11, "id": 66}, {"graph": null, "nnodes": 2, "nedges": 1, "density": 1.0, "atomics": "[105, 93]", "group_pop": 2, "init_part_assignment": 11, "id": 67}, {"graph": null, "nnodes": 2, "nedges": 1, "density": 1.0, "atomics": "[91, 92]", "group_pop": 2, "init_part_assignment": 11, "id": 68}, {"graph": null, "nnodes": 2, "nedges": 1, "density": 1.0, "atomics": "[65, 53]", "group_pop": 2, "init_part_assignment": 10, "id": 69}, {"graph": null, "nnodes": 2, "nedges": 1, "density": 1.0, "atomics": "[76, 77]", "group_pop": 2, "init_part_assignment": 10, "id": 70}, {"graph": null, "nnodes": 2, "nedges": 1, "density": 1.0, "atomics": "[88, 89]", "group_pop": 2, "init_part_assignment": 10, "id": 71}], "adjacency": [[{"weight": 1, "random_weight": 0.8445261684798047, "id": 1}, {"weight": 1, "random_weight": 0.8404925565149607, "id": 2}, {"weight": 1, "random_weight": 0.6778627620073047, "id": 32}, {"weight": 2, "random_weight": 0.6722932159952976, "id": 52}, {"weight": 1, "random_weight": 0.5003822525593536, "id": 67}], [{"weight": 1, "random_weight": 0.8445261684798047, "id": 0}, {"weight": 2, "random_weight": 0.1572741163049275, "id": 2}, {"weight": 1, "random_weight": 0.2602247566418153, "id": 58}, {"weight": 1, "random_weight": 0.675465553841179, "id": 59}], [{"weight": 1, "random_weight": 0.8404925565149607, "id": 0}, {"weight": 2, "random_weight": 0.1572741163049275, "id": 1}, {"weight": 1, "random_weight": 0.9439367948627985, "id": 33}, {"weight": 1, "random_weight": 0.39418172919927386, "id": 51}], [{"weight": 1, "random_weight": 0.8206378904194108, "id": 4}, {"weight": 1, "random_weight": 0.8385100485763267, "id": 6}, {"weight": 1, "random_weight": 0.3525327507711282, "id": 7}, {"weight": 1, "random_weight": 0.7420087467406743, "id": 50}, {"weight": 2, "random_weight": 0.9227782908084665, "id": 61}], [{"weight": 1, "random_weight": 0.8206378904194108, "id": 3}, {"weight": 1, "random_weight": 0.718029415761, "id": 49}, {"weight": 1, "random_weight": 0.7247662845558209, "id": 55}, {"weight": 1, "random_weight": 0.566414292013015, "id": 61}, {"weight": 1, "random_weight": 0.9122185653861121, "id": 70}, {"weight": 1, "random_weight": 0.13561958505329186, "id": 71}], [{"weight": 1, "random_weight": 0.8556826072915431, "id": 12}, {"weight": 2, "random_weight": 0.8040378547238447, "id": 23}, {"weight": 1, "random_weight": 0.5482253387159219, "id": 30}, {"weight": 1, "random_weight": 0.6263999351611723, "id": 46}, {"weight": 1, "random_weight": 0.9598516376701396, "id": 60}], [{"weight": 1, "random_weight": 0.8385100485763267, "id": 3}, {"weight": 1, "random_weight": 0.4725162476100494, "id": 7}, {"weight": 2, "random_weight": 0.7399122507292176, "id": 17}, {"weight": 1, "random_weight": 0.779857084815002, "id": 50}], [{"weight": 1, "random_weight": 0.3525327507711282, "id": 3}, {"weight": 1, "random_weight": 0.4725162476100494, "id": 6}, {"weight": 1, "random_weight": 0.18478358350068003, "id": 17}, {"weight": 2, "random_weight": 0.28757655762072465, "id": 55}, {"weight": 1, "random_weight": 0.03290887987379687, "id": 65}], [{"weight": 2, "random_weight": 0.4939070722397887, "id": 9}, {"weight": 1, "random_weight": 0.8680628544647594, "id": 14}, {"weight": 1, "random_weight": 0.8731858281939131, "id": 23}, {"weight": 1, "random_weight": 0.3904914568222565, "id": 32}, {"weight": 1, "random_weight": 0.1910011795708474, "id": 60}], [{"weight": 2, "random_weight": 0.4939070722397887, "id": 8}, {"weight": 2, "random_weight": 0.29171151152255825, "id": 13}, {"weight": 1, "random_weight": 0.7548261622912067, "id": 16}, {"weight": 1, "random_weight": 0.6112049432774012, "id": 22}], [{"weight": 1, "random_weight": 0.4141550693513181, "id": 11}, {"weight": 2, "random_weight": 0.2781924802353084, "id": 21}, {"weight": 1, "random_weight": 0.7799850130883406, "id": 39}], [{"weight": 1, "random_weight": 0.4141550693513181, "id": 10}, {"weight": 1, "random_weight": 0.2915342325166752, "id": 21}, {"weight": 1, "random_weight": 0.4330563767877651, "id": 62}], [{"weight": 1, "random_weight": 0.8556826072915431, "id": 5}, {"weight": 1, "random_weight": 0.906512039400688, "id": 23}, {"weight": 1, "random_weight": 0.22994229231749097, "id": 36}, {"weight": 1, "random_weight": 0.021770507656117877, "id": 37}, {"weight": 1, "random_weight": 0.8972917913061178, "id": 44}, {"weight": 1, "random_weight": 0.6033406370193346, "id": 69}], [{"weight": 2, "random_weight": 0.29171151152255825, "id": 9}, {"weight": 1, "random_weight": 0.4541525220560372, "id": 15}, {"weight": 1, "random_weight": 0.9344808468159425, "id": 22}], [{"weight": 1, "random_weight": 0.8680628544647594, "id": 8}, {"weight": 2, "random_weight": 0.9335321301507663, "id": 16}, {"weight": 1, "random_weight": 0.1390641579549634, "id": 33}, {"weight": 1, "random_weight": 0.519129398975241, "id": 51}], [{"weight": 1, "random_weight": 0.4541525220560372, "id": 13}, {"weight": 2, "random_weight": 0.7883796955882866, "id": 16}], [{"weight": 1, "random_weight": 0.7548261622912067, "id": 9}, {"weight": 2, "random_weight": 0.9335321301507663, "id": 14}, {"weight": 2, "random_weight": 0.7883796955882866, "id": 15}], [{"weight": 2, "random_weight": 0.7399122507292176, "id": 6}, {"weight": 1, "random_weight": 0.18478358350068003, "id": 7}, {"weight": 2, "random_weight": 0.1470749346126382, "id": 18}], [{"weight": 2, "random_weight": 0.1470749346126382, "id": 17}, {"weight": 2, "random_weight": 0.4831468647320183, "id": 20}, {"weight": 1, "random_weight": 0.7479049910183756, "id": 65}], [{"weight": 1, "random_weight": 0.6773241652463581, "id": 27}, {"weight": 2, "random_weight": 0.28115000706621385, "id": 40}], [{"weight": 2, "random_weight": 0.4831468647320183, "id": 18}, {"weight": 2, "random_weight": 0.934222447095239, "id": 29}, {"weight": 1, "random_weight": 0.5652872669980433, "id": 65}], [{"weight": 2, "random_weight": 0.2781924802353084, "id": 10}, {"weight": 1, "random_weight": 0.2915342325166752, "id": 11}, {"weight": 1, "random_weight": 0.2955739851122776, "id": 28}, {"weight": 1, "random_weight": 0.8849701886850291, "id": 39}, {"weight": 1, "random_weight": 0.20554367391538664, "id": 62}], [{"weight": 1, "random_weight": 0.6112049432774012, "id": 9}, {"weight": 1, "random_weight": 0.9344808468159425, "id": 13}, {"weight": 1, "random_weight": 0.6496172827456863, "id": 23}, {"weight": 2, "random_weight": 0.5089414652421924, "id": 24}], [{"weight": 2, "random_weight": 0.8040378547238447, "id": 5}, {"weight": 1, "random_weight": 0.8731858281939131, "id": 8}, {"weight": 1, "random_weight": 0.906512039400688, "id": 12}, {"weight": 1, "random_weight": 0.6496172827456863, "id": 22}, {"weight": 1, "random_weight": 0.6828527474332059, "id": 24}], [{"weight": 2, "random_weight": 0.5089414652421924, "id": 22}, {"weight": 1, "random_weight": 0.6828527474332059, "id": 23}, {"weight": 2, "random_weight": 0.7520712772436224, "id": 44}], [{"weight": 1, "random_weight": 0.36196797843647877, "id": 34}, {"weight": 1, "random_weight": 0.8602960821439001, "id": 35}, {"weight": 2, "random_weight": 0.857253432684569, "id": 41}, {"weight": 1, "random_weight": 0.22259191347105722, "id": 49}], [{"weight": 2, "random_weight": 0.552850022556701, "id": 27}, {"weight": 1, "random_weight": 0.7991042425807271, "id": 48}, {"weight": 1, "random_weight": 0.5220645097113276, "id": 50}, {"weight": 1, "random_weight": 0.8531352937789008, "id": 61}], [{"weight": 1, "random_weight": 0.6773241652463581, "id": 19}, {"weight": 2, "random_weight": 0.552850022556701, "id": 26}, {"weight": 1, "random_weight": 0.6936917169774421, "id": 40}, {"weight": 1, "random_weight": 0.7803560567600456, "id": 48}], [{"weight": 1, "random_weight": 0.2955739851122776, "id": 21}, {"weight": 1, "random_weight": 0.9107900220448587, "id": 39}, {"weight": 1, "random_weight": 0.5907786739053251, "id": 62}, {"weight": 1, "random_weight": 0.07340189286427978, "id": 63}, {"weight": 1, "random_weight": 0.8725382928965999, "id": 64}, {"weight": 1, "random_weight": 0.5465993016498003, "id": 67}], [{"weight": 2, "random_weight": 0.934222447095239, "id": 20}, {"weight": 2, "random_weight": 0.7552416933457491, "id": 38}, {"weight": 1, "random_weight": 0.5182879315292076, "id": 43}], [{"weight": 1, "random_weight": 0.5482253387159219, "id": 5}, {"weight": 1, "random_weight": 0.19062700779538266, "id": 31}, {"weight": 2, "random_weight": 0.3942331455526956, "id": 46}, {"weight": 1, "random_weight": 0.4285039064982732, "id": 52}, {"weight": 1, "random_weight": 0.00161224277858385, "id": 60}], [{"weight": 1, "random_weight": 0.19062700779538266, "id": 30}, {"weight": 1, "random_weight": 0.5017478787050947, "id": 46}, {"weight": 1, "random_weight": 0.34868234896016226, "id": 52}, {"weight": 1, "random_weight": 0.6405884288793231, "id": 66}, {"weight": 1, "random_weight": 0.7660002669744879, "id": 68}, {"weight": 1, "random_weight": 0.8743844776504006, "id": 70}], [{"weight": 1, "random_weight": 0.6778627620073047, "id": 0}, {"weight": 1, "random_weight": 0.3904914568222565, "id": 8}, {"weight": 2, "random_weight": 0.030531684500008982, "id": 33}, {"weight": 2, "random_weight": 0.8352060071180429, "id": 60}], [{"weight": 1, "random_weight": 0.9439367948627985, "id": 2}, {"weight": 1, "random_weight": 0.1390641579549634, "id": 14}, {"weight": 2, "random_weight": 0.030531684500008982, "id": 32}, {"weight": 2, "random_weight": 0.5850195881116254, "id": 51}], [{"weight": 1, "random_weight": 0.36196797843647877, "id": 25}, {"weight": 2, "random_weight": 0.5970178248581914, "id": 35}, {"weight": 1, "random_weight": 0.9765844744167216, "id": 56}], [{"weight": 1, "random_weight": 0.8602960821439001, "id": 25}, {"weight": 2, "random_weight": 0.5970178248581914, "id": 34}, {"weight": 2, "random_weight": 0.9936775734513928, "id": 42}, {"weight": 1, "random_weight": 0.1828853144985393, "id": 57}], [{"weight": 1, "random_weight": 0.22994229231749097, "id": 12}, {"weight": 1, "random_weight": 0.8427668672056803, "id": 37}, {"weight": 1, "random_weight": 0.9822851161010777, "id": 47}, {"weight": 1, "random_weight": 0.8752119830956866, "id": 54}, {"weight": 1, "random_weight": 0.2965803850888409, "id": 55}, {"weight": 1, "random_weight": 0.5409170931043908, "id": 65}], [{"weight": 1, "random_weight": 0.021770507656117877, "id": 12}, {"weight": 1, "random_weight": 0.8427668672056803, "id": 36}, {"weight": 1, "random_weight": 0.8572465485917893, "id": 44}, {"weight": 1, "random_weight": 0.3954224459036142, "id": 45}, {"weight": 2, "random_weight": 0.7279387601693652, "id": 47}], [{"weight": 2, "random_weight": 0.7552416933457491, "id": 29}, {"weight": 1, "random_weight": 0.5065769110310023, "id": 43}], [{"weight": 1, "random_weight": 0.7799850130883406, "id": 10}, {"weight": 1, "random_weight": 0.8849701886850291, "id": 21}, {"weight": 1, "random_weight": 0.9107900220448587, "id": 28}, {"weight": 1, "random_weight": 0.2120713101859748, "id": 56}, {"weight": 1, "random_weight": 0.8120141372548555, "id": 57}], [{"weight": 2, "random_weight": 0.28115000706621385, "id": 19}, {"weight": 1, "random_weight": 0.6936917169774421, "id": 27}, {"weight": 2, "random_weight": 0.753886614627547, "id": 41}], [{"weight": 2, "random_weight": 0.857253432684569, "id": 25}, {"weight": 2, "random_weight": 0.753886614627547, "id": 40}, {"weight": 1, "random_weight": 0.018131978764895473, "id": 48}], [{"weight": 2, "random_weight": 0.9936775734513928, "id": 35}, {"weight": 1, "random_weight": 0.28799571095059673, "id": 49}, {"weight": 2, "random_weight": 0.39669297942382353, "id": 53}, {"weight": 1, "random_weight": 0.2201042696280474, "id": 63}], [{"weight": 1, "random_weight": 0.5182879315292076, "id": 29}, {"weight": 1, "random_weight": 0.5065769110310023, "id": 38}, {"weight": 1, "random_weight": 0.7837418695366883, "id": 45}, {"weight": 1, "random_weight": 0.899431754014552, "id": 47}, {"weight": 1, "random_weight": 0.6736799140083708, "id": 65}], [{"weight": 1, "random_weight": 0.8972917913061178, "id": 12}, {"weight": 2, "random_weight": 0.7520712772436224, "id": 24}, {"weight": 1, "random_weight": 0.8572465485917893, "id": 37}, {"weight": 1, "random_weight": 0.25538266891081574, "id": 45}], [{"weight": 1, "random_weight": 0.3954224459036142, "id": 37}, {"weight": 1, "random_weight": 0.7837418695366883, "id": 43}, {"weight": 1, "random_weight": 0.25538266891081574, "id": 44}, {"weight": 1, "random_weight": 0.6579293811040469, "id": 47}], [{"weight": 1, "random_weight": 0.6263999351611723, "id": 5}, {"weight": 2, "random_weight": 0.3942331455526956, "id": 30}, {"weight": 1, "random_weight": 0.5017478787050947, "id": 31}, {"weight": 2, "random_weight": 0.8947477081972325, "id": 69}], [{"weight": 1, "random_weight": 0.9822851161010777, "id": 36}, {"weight": 2, "random_weight": 0.7279387601693652, "id": 37}, {"weight": 1, "random_weight": 0.899431754014552, "id": 43}, {"weight": 1, "random_weight": 0.6579293811040469, "id": 45}, {"weight": 1, "random_weight": 0.8812490972031127, "id": 65}], [{"weight": 1, "random_weight": 0.7991042425807271, "id": 26}, {"weight": 1, "random_weight": 0.7803560567600456, "id": 27}, {"weight": 1, "random_weight": 0.018131978764895473, "id": 41}, {"weight": 2, "random_weight": 0.31273989371370403, "id": 49}, {"weight": 1, "random_weight": 0.5581848062597015, "id": 61}], [{"weight": 1, "random_weight": 0.718029415761, "id": 4}, {"weight": 1, "random_weight": 0.22259191347105722, "id": 25}, {"weight": 1, "random_weight": 0.28799571095059673, "id": 42}, {"weight": 2, "random_weight": 0.31273989371370403, "id": 48}, {"weight": 1, "random_weight": 0.9836206186244706, "id": 53}], [{"weight": 1, "random_weight": 0.7420087467406743, "id": 3}, {"weight": 1, "random_weight": 0.779857084815002, "id": 6}, {"weight": 1, "random_weight": 0.5220645097113276, "id": 26}, {"weight": 1, "random_weight": 0.5092138447353897, "id": 61}], [{"weight": 1, "random_weight": 0.39418172919927386, "id": 2}, {"weight": 1, "random_weight": 0.519129398975241, "id": 14}, {"weight": 2, "random_weight": 0.5850195881116254, "id": 33}], [{"weight": 2, "random_weight": 0.6722932159952976, "id": 0}, {"weight": 1, "random_weight": 0.4285039064982732, "id": 30}, {"weight": 1, "random_weight": 0.34868234896016226, "id": 31}, {"weight": 1, "random_weight": 0.3477614187018838, "id": 60}, {"weight": 1, "random_weight": 0.8979553238876455, "id": 68}], [{"weight": 2, "random_weight": 0.39669297942382353, "id": 42}, {"weight": 1, "random_weight": 0.9836206186244706, "id": 49}, {"weight": 1, "random_weight": 0.729910005684709, "id": 66}, {"weight": 2, "random_weight": 0.983045240901191, "id": 71}], [{"weight": 1, "random_weight": 0.8752119830956866, "id": 36}, {"weight": 2, "random_weight": 0.07174591268411967, "id": 55}, {"weight": 2, "random_weight": 0.9657761653078272, "id": 69}, {"weight": 1, "random_weight": 0.6373784546181461, "id": 70}], [{"weight": 1, "random_weight": 0.7247662845558209, "id": 4}, {"weight": 2, "random_weight": 0.28757655762072465, "id": 7}, {"weight": 1, "random_weight": 0.2965803850888409, "id": 36}, {"weight": 2, "random_weight": 0.07174591268411967, "id": 54}], [{"weight": 1, "random_weight": 0.9765844744167216, "id": 34}, {"weight": 1, "random_weight": 0.2120713101859748, "id": 39}, {"weight": 2, "random_weight": 0.5259955366268791, "id": 57}], [{"weight": 1, "random_weight": 0.1828853144985393, "id": 35}, {"weight": 1, "random_weight": 0.8120141372548555, "id": 39}, {"weight": 2, "random_weight": 0.5259955366268791, "id": 56}, {"weight": 2, "random_weight": 0.8704117977397688, "id": 63}], [{"weight": 1, "random_weight": 0.2602247566418153, "id": 1}, {"weight": 2, "random_weight": 0.845603060259038, "id": 59}, {"weight": 1, "random_weight": 0.7244348702197595, "id": 62}, {"weight": 2, "random_weight": 0.7848129321730004, "id": 67}], [{"weight": 1, "random_weight": 0.675465553841179, "id": 1}, {"weight": 2, "random_weight": 0.845603060259038, "id": 58}, {"weight": 1, "random_weight": 0.3262413716230108, "id": 62}], [{"weight": 1, "random_weight": 0.9598516376701396, "id": 5}, {"weight": 1, "random_weight": 0.1910011795708474, "id": 8}, {"weight": 1, "random_weight": 0.00161224277858385, "id": 30}, {"weight": 2, "random_weight": 0.8352060071180429, "id": 32}, {"weight": 1, "random_weight": 0.3477614187018838, "id": 52}], [{"weight": 2, "random_weight": 0.9227782908084665, "id": 3}, {"weight": 1, "random_weight": 0.566414292013015, "id": 4}, {"weight": 1, "random_weight": 0.8531352937789008, "id": 26}, {"weight": 1, "random_weight": 0.5581848062597015, "id": 48}, {"weight": 1, "random_weight": 0.5092138447353897, "id": 50}], [{"weight": 1, "random_weight": 0.4330563767877651, "id": 11}, {"weight": 1, "random_weight": 0.20554367391538664, "id": 21}, {"weight": 1, "random_weight": 0.5907786739053251, "id": 28}, {"weight": 1, "random_weight": 0.7244348702197595, "id": 58}, {"weight": 1, "random_weight": 0.3262413716230108, "id": 59}], [{"weight": 1, "random_weight": 0.07340189286427978, "id": 28}, {"weight": 1, "random_weight": 0.2201042696280474, "id": 42}, {"weight": 2, "random_weight": 0.8704117977397688, "id": 57}, {"weight": 1, "random_weight": 0.9987441571909395, "id": 64}, {"weight": 1, "random_weight": 0.9720797276983109, "id": 66}], [{"weight": 1, "random_weight": 0.8725382928965999, "id": 28}, {"weight": 1, "random_weight": 0.9987441571909395, "id": 63}, {"weight": 1, "random_weight": 0.3718830252625489, "id": 66}, {"weight": 1, "random_weight": 0.3090183790651728, "id": 67}, {"weight": 2, "random_weight": 0.6151708759730214, "id": 68}], [{"weight": 1, "random_weight": 0.03290887987379687, "id": 7}, {"weight": 1, "random_weight": 0.7479049910183756, "id": 18}, {"weight": 1, "random_weight": 0.5652872669980433, "id": 20}, {"weight": 1, "random_weight": 0.5409170931043908, "id": 36}, {"weight": 1, "random_weight": 0.6736799140083708, "id": 43}, {"weight": 1, "random_weight": 0.8812490972031127, "id": 47}], [{"weight": 1, "random_weight": 0.6405884288793231, "id": 31}, {"weight": 1, "random_weight": 0.729910005684709, "id": 53}, {"weight": 1, "random_weight": 0.9720797276983109, "id": 63}, {"weight": 1, "random_weight": 0.3718830252625489, "id": 64}, {"weight": 1, "random_weight": 0.6042303591284341, "id": 68}, {"weight": 1, "random_weight": 0.9709545689795004, "id": 71}], [{"weight": 1, "random_weight": 0.5003822525593536, "id": 0}, {"weight": 1, "random_weight": 0.5465993016498003, "id": 28}, {"weight": 2, "random_weight": 0.7848129321730004, "id": 58}, {"weight": 1, "random_weight": 0.3090183790651728, "id": 64}, {"weight": 1, "random_weight": 0.3425179764119307, "id": 68}], [{"weight": 1, "random_weight": 0.7660002669744879, "id": 31}, {"weight": 1, "random_weight": 0.8979553238876455, "id": 52}, {"weight": 2, "random_weight": 0.6151708759730214, "id": 64}, {"weight": 1, "random_weight": 0.6042303591284341, "id": 66}, {"weight": 1, "random_weight": 0.3425179764119307, "id": 67}], [{"weight": 1, "random_weight": 0.6033406370193346, "id": 12}, {"weight": 2, "random_weight": 0.8947477081972325, "id": 46}, {"weight": 2, "random_weight": 0.9657761653078272, "id": 54}, {"weight": 1, "random_weight": 0.9690998831424714, "id": 70}], [{"weight": 1, "random_weight": 0.9122185653861121, "id": 4}, {"weight": 1, "random_weight": 0.8743844776504006, "id": 31}, {"weight": 1, "random_weight": 0.6373784546181461, "id": 54}, {"weight": 1, "random_weight": 0.9690998831424714, "id": 69}, {"weight": 2, "random_weight": 0.12897458026315933, "id": 71}], [{"weight": 1, "random_weight": 0.13561958505329186, "id": 4}, {"weight": 2, "random_weight": 0.983045240901191, "id": 53}, {"weight": 1, "random_weight": 0.9709545689795004, "id": 66}, {"weight": 2, "random_weight": 0.12897458026315933, "id": 70}]]}