{"directed": false, "multigraph": false, "graph": [], "nodes": [{"graph": null, "nnodes": 2, "nedges": 1, "density": 1.0, "atomics": "[80, 81]", "group_pop": 2, "init_part_assignment": 9, "id": 0}, {"graph": null, "nnodes": 2, "nedges": 1, "density": 1.0, "atomics": "[57, 69]", "group_pop": 2, "init_part_assignment": 9, "id": 1}, {"graph": null, "nnodes": 2, "nedges": 1, "density": 1.0, "atomics": "[82, 83]", "group_pop": 2, "init_part_assignment": 9, "id": 2}, {"graph": null, "nnodes": 2, "nedges": 1, "density": 1.0, "atomics": "[70, 71]", "group_pop": 2, "init_part_assignment": 1, "id": 3}, {"graph": null, "nnodes": 2, "nedges": 1, "density": 1.0, "atomics": "[74, 62]", "group_pop": 2, "init_part_assignment": 11, "id": 4}, {"graph": null, "nnodes": 2, "nedges": 1, "density": 1.0, "atomics": "[75, 63]", "group_pop": 2, "init_part_assignment": 5, "id": 5}, {"graph": null, "nnodes": 2, "nedges": 1, "density": 1.0, "atomics": "[42, 43]", "group_pop": 2, "init_part_assignment": 7, "id": 6}, {"graph": null, "nnodes": 2, "nedges": 1, "density": 1.0, "atomics": "[49, 61]", "group_pop": 2, "init_part_assignment": 2, "id": 7}, {"graph": null, "nnodes": 2, "nedges": 1, "density": 1.0, "atomics": "[32, 31]", "group_pop": 2, "init_part_assignment": 7, "id": 8}, {"graph": null, "nnodes": 2, "nedges": 1, "density": 1.0, "atomics": "[19, 20]", "group_pop": 2, "init_part_assignment": 7, "id": 9}, {"graph": null, "nnodes": 2, "nedges": 1, "density": 1.0, "atomics": "[142, 143]", "group_pop": 2, "init_part_assignment": 0, "id": 10}, {"graph": null, "nnodes": 2, "nedges": 1, "density": 1.0, "atomics": "[40, 41]", "group_pop": 2, "init_part_assignment": 4, "id": 11}, {"graph": null, "nnodes": 2, "nedges": 1, "density": 1.0, "atomics": "[28, 29]", "group_pop": 2, "init_part_assignment": 4, "id": 12}, {"graph": null, "nnodes": 2, "nedges": 1, "density": 1.0, "atomics": "[8, 9]", "group_pop": 2, "init_part_assignment": 7, "id": 13}, {"graph": null, "nnodes": 2, "nedges": 1, "density": 1.0, "atomics": "[34, 22]", "group_pop": 2, "init_part_assignment": 1, "id": 14}, {"graph": null, "nnodes": 2, "nedges": 1, "density": 1.0, "atomics": "[35, 23]", "group_pop": 2, "init_part_assignment": 1, "id": 15}, {"graph": null, "nnodes": 2, "nedges": 1, "density": 1.0, "atomics": "[10, 11]", "group_pop": 2, "init_part_assignment": 1, "id": 16}, {"graph": null, "nnodes": 2, "nedges": 1, "density": 1.0, "atomics": "[36, 37]", "group_pop": 2, "init_part_assignment": 2, "id": 17}, {"graph": null, "nnodes": 2, "nedges": 1, "density": 1.0, "atomics": "[120, 121]", "group_pop": 2, "init_part_assignment": 8, "id": 18}, {"graph": null, "nnodes": 2, "nedges": 1, "density": 1.0, "atomics": "[132, 133]", "group_pop": 2, "init_part_assignment": 8, "id": 19}, {"graph": null, "nnodes": 2, "nedges": 1, "density": 1.0, "atomics": "[24, 25]", "group_pop": 2, "init_part_assignment": 3, "id": 20}, {"graph": null, "nnodes": 2, "nedges": 1, "density": 1.0, "atomics": "[130, 118]", "group_pop": 2, "init_part_assignment": 0, "id": 21}, {"graph": null, "nnodes": 2, "nedges": 1, "density": 1.0, "atomics": "[131, 119]", "group_pop": 2, "init_part_assignment": 0, "id": 22}, {"graph": null, "nnodes": 2, "nedges": 1, "density": 1.0, "atomics": "[18, 30]", "group_pop": 2, "init_part_assignment": 4, "id": 23}, {"graph": null, "nnodes": 2, "nedges": 1, "density": 1.0, "atomics": "[123, 111]", "group_pop": 2, "init_part_assignment": 10, "id": 24}, {"graph": null, "nnodes": 2, "nedges": 1, "density": 1.0, "atomics": "[134, 135]", "group_pop": 2, "init_part_assignment": 8, "id": 25}, {"graph": null, "nnodes": 2, "nedges": 1, "density": 1.0, "atomics": "[96, 84]", "group_pop": 2, "init_part_assignment": 2, "id": 26}, {"graph": null, "nnodes": 2, "nedges": 1, "density": 1.0, "atomics": "[108, 109]", "group_pop": 2, "init_part_assignment": 8, "id": 27}, {"graph": null, "nnodes": 2, "nedges": 1, "density": 1.0, "atomics": "[128, 129]", "group_pop": 2, "init_part_assignment": 6, "id": 28}, {"graph": null, "nnodes": 2, "nedges": 1, "density": 1.0, "atomics": "[116, 117]", "group_pop": 2, "init_part_assignment": 0, "id": 29}, {"graph": null, "nnodes": 2, "nedges": 1, "density": 1.0, "atomics": "[13, 14]", "group_pop": 2, "init_part_assignment": 3, "id": 30}, {"graph": null, "nnodes": 2, "nedges": 1, "density": 1.0, "atomics": "[67, 55]", "group_pop": 2, "init_part_assignment": 7, "id": 31}, {"graph": null, "nnodes": 2, "nedges": 1, "density": 1.0, "atomics": "[91, 79]", "group_pop": 2, "init_part_assignment": 10, "id": 32}, {"graph": null, "nnodes": 2, "nedges": 1, "density": 1.0, "atomics": "[58, 46]", "group_pop": 2, "init_part_assignment": 1, "id": 33}, {"graph": null, "nnodes": 2, "nedges": 1, "density": 1.0, "atomics": "[48, 60]", "group_pop": 2, "init_part_assignment": 2, "id": 34}, {"graph": null, "nnodes": 2, "nedges": 1, "density": 1.0, "atomics": "[136, 137]", "group_pop": 2, "init_part_assignment": 6, "id": 35}, {"graph": null, "nnodes": 2, "nedges": 1, "density": 1.0, "atomics": "[124, 125]", "group_pop": 2, "init_part_assignment": 6, "id": 36}, {"graph": null, "nnodes": 2, "nedges": 1, "density": 1.0, "atomics": "[6, 7]", "group_pop": 2, "init_part_assignment": 4, "id": 37}, {"graph": null, "nnodes": 2, "nedges": 1, "density": 1.0, "atomics": "[33, 21]", "group_pop": 2, "init_part_assignment": 7, "id": 38}, {"graph": null, "nnodes": 2, "nedges": 1, "density": 1.0, "atomics": "[0, 12]", "group_pop": 2, "init_part_assignment": 3, "id": 39}, {"graph": null, "nnodes": 2, "nedges": 1, "density": 1.0, "atomics": "[122, 110]", "group_pop": 2, "init_part_assignment": 8, "id": 40}, {"graph": null, "nnodes": 2, "nedges": 1, "density": 1.0, "atomics": "[112, 113]", "group_pop": 2, "init_part_assignment": 10, "id": 41}, {"graph": null, "nnodes": 2, "nedges": 1, "density": 1.0, "atomics": "[1, 2]", "group_pop": 2, "init_part_assignment": 3, "id": 42}, {"graph": null, "nnodes": 2, "nedges": 1, "density": 1.0, "atomics": "[17, 5]", "group_pop": 2, "init_part_assignment": 4, "id": 43}, {"graph": null, "nnodes": 2, "nedges": 1, "density": 1.0, "atomics": "[140, 141]", "group_pop": 2, "init_part_assignment": 6, "id": 44}, {"graph": null, "nnodes": 2, "nedges": 1, "density": 1.0, "atomics": "[3, 4]", "group_pop": 2, "init_part_assignment": 3, "id": 45}, {"graph": null, "nnodes": 2, "nedges": 1, "density": 1.0, "atomics": "[97, 85]", "group_pop": 2, "init_part_assignment": 2, "id": 46}, {"graph": null, "nnodes": 2, "nedges": 1, "density": 1.0, "atomics": "[65, 66]", "group_pop": 2, "init_part_assignment": 5, "id": 47}, {"graph": null, "nnodes": 2, "nedges": 1, "density": 1.0, "atomics": "[77, 78]", "group_pop": 2, "init_part_assignment": 11, "id": 48}, {"graph": null, "nnodes": 2, "nedges": 1, "density": 1.0, "atomics": "[16, 15]", "group_pop": 2, "init_part_assignment": 4, "id": 49}, {"graph": null, "nnodes": 2, "nedges": 1, "density": 1.0, "atomics": "[72, 73]", "group_pop": 2, "init_part_assignment": 2, "id": 50}, {"graph": null, "nnodes": 2, "nedges": 1, "density": 1.0, "atomics": "[59, 47]", "group_pop": 2, "init_part_assignment": 1, "id": 51}, {"graph": null, "nnodes": 2, "nedges": 1, "density": 1.0, "atomics": "[56, 68]", "group_pop": 2, "init_part_assignment": 9, "id": 52}, {"graph": null, "nnodes": 2, "nedges": 1, "density": 1.0, "atomics": "[100, 101]", "group_pop": 2, "init_part_assignment": 11, "id": 53}, {"graph": null, "nnodes": 2, "nedges": 1, "density": 1.0, "atomics": "[64, 52]", "group_pop": 2, "init_part_assignment": 5, "id": 54}, {"graph": null, "nnodes": 2, "nedges": 1, "density": 1.0, "atomics": "[138, 139]", "group_pop": 2, "init_part_assignment": 6, "id": 55}, {"graph": null, "nnodes": 2, "nedges": 1, "density": 1.0, "atomics": "[115, 127]", "group_pop": 2, "init_part_assignment": 6, "id": 56}, {"graph": null, "nnodes": 2, "nedges": 1, "density": 1.0, "atomics": "[94, 95]", "group_pop": 2, "init_part_assignment": 9, "id": 57}, {"graph": null, "nnodes": 2, "nedges": 1, "density": 1.0, "atomics": "[44, 45]", "group_pop": 2, "init_part_assignment": 9, "id": 58}, {"graph": null, "nnodes": 2, "nedges": 1, "density": 1.0, "atomics": "[106, 107]", "group_pop": 2, "init_part_assignment": 0, "id": 59}, {"graph": null, "nnodes": 2, "nedges": 1, "density": 1.0, "atomics": "[53, 54]", "group_pop": 2, "init_part_assignment": 5, "id": 60}, {"graph": null, "nnodes": 2, "nedges": 1, "density": 1.0, "atomics": "[102, 103]", "group_pop": 2, "init_part_assignment": 10, "id": 61}, {"graph": null, "nnodes": 2, "nedges": 1, "density": 1.0, "atomics": "[114, 126]", "group_pop": 2, "init_part_assignment": 10, "id": 62}, {"graph": null, "nnodes": 2, "nedges": 1, "density": 1.0, "atomics": "[50, 51]", "group_pop": 2, "init_part_assignment": 5, "id": 63}, {"graph": null, "nnodes": 2, "nedges": 1, "density": 1.0, "atomics": "[38, 39]", "group_pop": 2, "init_part_assignment": 5, "id": 64}, {"graph": null, "nnodes": 2, "nedges": 1, "density": 1.0, "atomics": "[98, 99]", "group_pop": 2, "init_part_assignment": 8, "id": 65}, {"graph": null, "nnodes": 2, "nedges": 1, "density": 1.0, "atomics": "[86, 87]", "group_pop": 2, "init_part_assignment": 11, "id": 66}, {"graph": null, "nnodes": 2, "nedges": 1, "density": 1.0, "atomics": "[104, 105]", "group_pop": 2, "init_part_assignment": 0, "id": 67}, {"graph": null, "nnodes": 2, "nedges": 1, "density": 1.0, "atomics": "[92, 93]", "group_pop": 2, "init_part_assignment": 10, "id": 68}, {"graph": null, "nnodes": 2, "nedges": 1, "density": 1.0, "atomics": "[26, 27]", "group_pop": 2, "init_part_assignment": 3, "id": 69}, {"graph": null, "nnodes": 2, "nedges": 1, "density": 1.0, "atomics": "[88, 76]", "group_pop": 2, "init_part_assignment": 11, "id": 70}, {"graph": null, "nnodes": 2, "nedges": 1, "density": 1.0, "atomics": "[89, 90]", "group_pop": 2, "init_part_assignment": 11, "id": 71}], "adjacency": [[{"weight": 1, "random_weight": 0.5007594528976477, "id": 1}, {"weight": 1, "random_weight": 0.5278423891499083, "id": 2}, {"weight": 1, "random_weight": 0.7790529036270327, "id": 32}, {"weight": 1, "random_weight": 0.920857224230667, "id": 52}, {"weight": 2, "random_weight": 0.6907780943431743, "id": 68}], [{"weight": 1, "random_weight": 0.5007594528976477, "id": 0}, {"weight": 1, "random_weight": 0.05456430653090094, "id": 3}, {"weight": 1, "random_weight": 0.545291585311834, "id": 33}, {"weight": 2, "random_weight": 0.4579310142716887, "id": 52}, {"weight": 1, "random_weight": 0.44909496548276284, "id": 58}], [{"weight": 1, "random_weight": 0.5278423891499083, "id": 0}, {"weight": 2, "random_weight": 0.44117015520955105, "id": 3}, {"weight": 2, "random_weight": 0.02905557094257505, "id": 57}], [{"weight": 1, "random_weight": 0.05456430653090094, "id": 1}, {"weight": 2, "random_weight": 0.44117015520955105, "id": 2}, {"weight": 1, "random_weight": 0.03105205676097178, "id": 33}, {"weight": 1, "random_weight": 0.1768797335213147, "id": 51}], [{"weight": 2, "random_weight": 0.4884439696462539, "id": 5}, {"weight": 1, "random_weight": 0.8170856202544665, "id": 7}, {"weight": 1, "random_weight": 0.724286115655785, "id": 50}, {"weight": 1, "random_weight": 0.44144327591160903, "id": 63}, {"weight": 1, "random_weight": 0.7633743747955648, "id": 66}], [{"weight": 2, "random_weight": 0.4884439696462539, "id": 4}, {"weight": 1, "random_weight": 0.08007076829862647, "id": 54}, {"weight": 1, "random_weight": 0.498354241219236, "id": 63}, {"weight": 1, "random_weight": 0.28988027831308827, "id": 66}, {"weight": 1, "random_weight": 0.8807839745595649, "id": 70}], [{"weight": 1, "random_weight": 0.3111631666101976, "id": 8}, {"weight": 1, "random_weight": 0.7809372894313393, "id": 11}, {"weight": 1, "random_weight": 0.37418667892270385, "id": 23}, {"weight": 1, "random_weight": 0.8023664243299808, "id": 31}, {"weight": 1, "random_weight": 0.43901073736332763, "id": 58}, {"weight": 1, "random_weight": 0.4847904041801838, "id": 60}], [{"weight": 1, "random_weight": 0.8170856202544665, "id": 4}, {"weight": 1, "random_weight": 0.11328256307448026, "id": 17}, {"weight": 2, "random_weight": 0.8595502107734307, "id": 34}, {"weight": 1, "random_weight": 0.06963342298535091, "id": 50}, {"weight": 1, "random_weight": 0.3600140213695632, "id": 63}], [{"weight": 1, "random_weight": 0.3111631666101976, "id": 6}, {"weight": 2, "random_weight": 0.2733372143537739, "id": 9}, {"weight": 1, "random_weight": 0.8008011332868467, "id": 23}, {"weight": 1, "random_weight": 0.46461255612263863, "id": 38}, {"weight": 1, "random_weight": 0.3911031168830955, "id": 58}], [{"weight": 2, "random_weight": 0.2733372143537739, "id": 8}, {"weight": 1, "random_weight": 0.9742683226184792, "id": 13}, {"weight": 1, "random_weight": 0.9351522377532745, "id": 23}, {"weight": 1, "random_weight": 0.9275258710376254, "id": 37}, {"weight": 1, "random_weight": 0.6077609399452224, "id": 38}], [{"weight": 1, "random_weight": 0.2026454185959493, "id": 21}, {"weight": 1, "random_weight": 0.4195319456601072, "id": 22}, {"weight": 1, "random_weight": 0.12336034564800025, "id": 44}], [{"weight": 1, "random_weight": 0.7809372894313393, "id": 6}, {"weight": 2, "random_weight": 0.05084415671900322, "id": 12}, {"weight": 1, "random_weight": 0.7460057042526681, "id": 54}, {"weight": 1, "random_weight": 0.2022863956659695, "id": 60}, {"weight": 1, "random_weight": 0.965097024069535, "id": 64}], [{"weight": 2, "random_weight": 0.05084415671900322, "id": 11}, {"weight": 1, "random_weight": 0.33362572526791834, "id": 23}, {"weight": 1, "random_weight": 0.9708621932627667, "id": 43}, {"weight": 1, "random_weight": 0.33239934065433197, "id": 49}, {"weight": 1, "random_weight": 0.8320264212957303, "id": 69}], [{"weight": 1, "random_weight": 0.9742683226184792, "id": 9}, {"weight": 1, "random_weight": 0.7936127176195047, "id": 16}, {"weight": 1, "random_weight": 0.8952651615010603, "id": 37}, {"weight": 1, "random_weight": 0.45598881593631135, "id": 38}], [{"weight": 2, "random_weight": 0.688990290213513, "id": 15}, {"weight": 1, "random_weight": 0.41723313192270917, "id": 16}, {"weight": 1, "random_weight": 0.18069673313994117, "id": 33}, {"weight": 2, "random_weight": 0.6103908178421568, "id": 38}], [{"weight": 2, "random_weight": 0.688990290213513, "id": 14}, {"weight": 1, "random_weight": 0.969036926790208, "id": 16}, {"weight": 1, "random_weight": 0.1593854595371078, "id": 51}], [{"weight": 1, "random_weight": 0.7936127176195047, "id": 13}, {"weight": 1, "random_weight": 0.41723313192270917, "id": 14}, {"weight": 1, "random_weight": 0.969036926790208, "id": 15}], [{"weight": 1, "random_weight": 0.11328256307448026, "id": 7}, {"weight": 2, "random_weight": 0.8686271010995642, "id": 20}, {"weight": 1, "random_weight": 0.08547066814401405, "id": 34}, {"weight": 1, "random_weight": 0.8668492074889638, "id": 64}], [{"weight": 2, "random_weight": 0.5659043230000139, "id": 19}, {"weight": 2, "random_weight": 0.05491699526363858, "id": 27}, {"weight": 1, "random_weight": 0.5089458360980275, "id": 40}], [{"weight": 2, "random_weight": 0.5659043230000139, "id": 18}, {"weight": 1, "random_weight": 0.5610344484500708, "id": 25}], [{"weight": 2, "random_weight": 0.8686271010995642, "id": 17}, {"weight": 1, "random_weight": 0.5792641610376883, "id": 30}, {"weight": 1, "random_weight": 0.6599147680396438, "id": 39}, {"weight": 1, "random_weight": 0.053390050059981986, "id": 69}], [{"weight": 1, "random_weight": 0.2026454185959493, "id": 10}, {"weight": 2, "random_weight": 0.4223383907197449, "id": 22}, {"weight": 1, "random_weight": 0.5864863030101015, "id": 28}, {"weight": 1, "random_weight": 0.3617999528695659, "id": 29}, {"weight": 1, "random_weight": 0.10366083766376377, "id": 59}], [{"weight": 1, "random_weight": 0.4195319456601072, "id": 10}, {"weight": 2, "random_weight": 0.4223383907197449, "id": 21}, {"weight": 1, "random_weight": 0.8318081178509898, "id": 59}], [{"weight": 1, "random_weight": 0.37418667892270385, "id": 6}, {"weight": 1, "random_weight": 0.8008011332868467, "id": 8}, {"weight": 1, "random_weight": 0.9351522377532745, "id": 9}, {"weight": 1, "random_weight": 0.33362572526791834, "id": 12}, {"weight": 1, "random_weight": 0.1907621625425101, "id": 37}, {"weight": 1, "random_weight": 0.2962810235613822, "id": 43}], [{"weight": 1, "random_weight": 0.9501521045872174, "id": 25}, {"weight": 1, "random_weight": 0.7052471464855418, "id": 36}, {"weight": 2, "random_weight": 0.9854257307233371, "id": 40}, {"weight": 1, "random_weight": 0.8051216975219238, "id": 41}, {"weight": 1, "random_weight": 0.1997128362238344, "id": 65}], [{"weight": 1, "random_weight": 0.5610344484500708, "id": 19}, {"weight": 1, "random_weight": 0.9501521045872174, "id": 24}, {"weight": 1, "random_weight": 0.25655387081246106, "id": 35}, {"weight": 1, "random_weight": 0.7040369055134386, "id": 40}], [{"weight": 1, "random_weight": 0.9255882452381728, "id": 27}, {"weight": 2, "random_weight": 0.3207873194379749, "id": 46}, {"weight": 1, "random_weight": 0.3815197238957071, "id": 50}], [{"weight": 2, "random_weight": 0.05491699526363858, "id": 18}, {"weight": 1, "random_weight": 0.9255882452381728, "id": 26}, {"weight": 1, "random_weight": 0.4356275873663866, "id": 40}, {"weight": 1, "random_weight": 0.8061463950772024, "id": 46}], [{"weight": 1, "random_weight": 0.5864863030101015, "id": 21}, {"weight": 2, "random_weight": 0.6752726145463718, "id": 29}, {"weight": 2, "random_weight": 0.5783972380030237, "id": 44}, {"weight": 1, "random_weight": 0.23719959782814537, "id": 56}], [{"weight": 1, "random_weight": 0.3617999528695659, "id": 21}, {"weight": 2, "random_weight": 0.6752726145463718, "id": 28}, {"weight": 1, "random_weight": 0.911030078844985, "id": 56}, {"weight": 2, "random_weight": 0.7636008352184089, "id": 67}], [{"weight": 1, "random_weight": 0.5792641610376883, "id": 20}, {"weight": 1, "random_weight": 0.3580348717756694, "id": 39}, {"weight": 2, "random_weight": 0.24228398060088718, "id": 42}, {"weight": 1, "random_weight": 0.39858517716757114, "id": 49}, {"weight": 1, "random_weight": 0.009702011504026276, "id": 69}], [{"weight": 1, "random_weight": 0.8023664243299808, "id": 6}, {"weight": 1, "random_weight": 0.9206086829844569, "id": 32}, {"weight": 1, "random_weight": 0.7188899282312193, "id": 47}, {"weight": 2, "random_weight": 0.8061592432457512, "id": 52}, {"weight": 1, "random_weight": 0.47128351604053476, "id": 60}], [{"weight": 1, "random_weight": 0.7790529036270327, "id": 0}, {"weight": 1, "random_weight": 0.9206086829844569, "id": 31}, {"weight": 1, "random_weight": 0.47535632451074705, "id": 48}, {"weight": 1, "random_weight": 0.21669578363732966, "id": 61}, {"weight": 1, "random_weight": 0.14732951998159338, "id": 68}, {"weight": 1, "random_weight": 0.6058413301296424, "id": 71}], [{"weight": 1, "random_weight": 0.545291585311834, "id": 1}, {"weight": 1, "random_weight": 0.03105205676097178, "id": 3}, {"weight": 1, "random_weight": 0.18069673313994117, "id": 14}, {"weight": 2, "random_weight": 0.8228241959134194, "id": 51}, {"weight": 1, "random_weight": 0.38223290053790704, "id": 58}], [{"weight": 2, "random_weight": 0.8595502107734307, "id": 7}, {"weight": 1, "random_weight": 0.08547066814401405, "id": 17}, {"weight": 1, "random_weight": 0.9911141321781495, "id": 50}], [{"weight": 1, "random_weight": 0.25655387081246106, "id": 25}, {"weight": 2, "random_weight": 0.0986623424433607, "id": 36}, {"weight": 1, "random_weight": 0.2644405419372564, "id": 55}], [{"weight": 1, "random_weight": 0.7052471464855418, "id": 24}, {"weight": 2, "random_weight": 0.0986623424433607, "id": 35}, {"weight": 2, "random_weight": 0.6065746322969535, "id": 41}, {"weight": 1, "random_weight": 0.7000401523754268, "id": 62}], [{"weight": 1, "random_weight": 0.9275258710376254, "id": 9}, {"weight": 1, "random_weight": 0.8952651615010603, "id": 13}, {"weight": 1, "random_weight": 0.1907621625425101, "id": 23}, {"weight": 1, "random_weight": 0.49199249645500587, "id": 43}], [{"weight": 1, "random_weight": 0.46461255612263863, "id": 8}, {"weight": 1, "random_weight": 0.6077609399452224, "id": 9}, {"weight": 1, "random_weight": 0.45598881593631135, "id": 13}, {"weight": 2, "random_weight": 0.6103908178421568, "id": 14}, {"weight": 1, "random_weight": 0.8664882286851596, "id": 58}], [{"weight": 1, "random_weight": 0.6599147680396438, "id": 20}, {"weight": 1, "random_weight": 0.3580348717756694, "id": 30}, {"weight": 1, "random_weight": 0.5990865133485004, "id": 42}], [{"weight": 1, "random_weight": 0.5089458360980275, "id": 18}, {"weight": 2, "random_weight": 0.9854257307233371, "id": 24}, {"weight": 1, "random_weight": 0.7040369055134386, "id": 25}, {"weight": 1, "random_weight": 0.4356275873663866, "id": 27}, {"weight": 1, "random_weight": 0.3803269618925381, "id": 65}], [{"weight": 1, "random_weight": 0.8051216975219238, "id": 24}, {"weight": 2, "random_weight": 0.6065746322969535, "id": 36}, {"weight": 2, "random_weight": 0.7045710176280022, "id": 53}, {"weight": 1, "random_weight": 0.5203959910575713, "id": 62}], [{"weight": 2, "random_weight": 0.24228398060088718, "id": 30}, {"weight": 1, "random_weight": 0.5990865133485004, "id": 39}, {"weight": 1, "random_weight": 0.26563365178240683, "id": 45}], [{"weight": 1, "random_weight": 0.9708621932627667, "id": 12}, {"weight": 1, "random_weight": 0.2962810235613822, "id": 23}, {"weight": 1, "random_weight": 0.49199249645500587, "id": 37}, {"weight": 1, "random_weight": 0.992448772428246, "id": 45}, {"weight": 1, "random_weight": 0.2700406364814708, "id": 49}], [{"weight": 1, "random_weight": 0.12336034564800025, "id": 10}, {"weight": 2, "random_weight": 0.5783972380030237, "id": 28}, {"weight": 1, "random_weight": 0.10013724856163198, "id": 55}], [{"weight": 1, "random_weight": 0.26563365178240683, "id": 42}, {"weight": 1, "random_weight": 0.992448772428246, "id": 43}, {"weight": 2, "random_weight": 0.09563356248426436, "id": 49}], [{"weight": 2, "random_weight": 0.3207873194379749, "id": 26}, {"weight": 1, "random_weight": 0.8061463950772024, "id": 27}, {"weight": 1, "random_weight": 0.27947166828522296, "id": 50}, {"weight": 1, "random_weight": 0.4937443920578879, "id": 65}, {"weight": 1, "random_weight": 0.5257948032714378, "id": 66}], [{"weight": 1, "random_weight": 0.7188899282312193, "id": 31}, {"weight": 2, "random_weight": 0.9163243760257131, "id": 48}, {"weight": 1, "random_weight": 0.6766385598302209, "id": 54}, {"weight": 2, "random_weight": 0.5166555785269873, "id": 60}], [{"weight": 1, "random_weight": 0.47535632451074705, "id": 32}, {"weight": 2, "random_weight": 0.9163243760257131, "id": 47}, {"weight": 1, "random_weight": 0.040351417460031236, "id": 70}, {"weight": 2, "random_weight": 0.5181945021311699, "id": 71}], [{"weight": 1, "random_weight": 0.33239934065433197, "id": 12}, {"weight": 1, "random_weight": 0.39858517716757114, "id": 30}, {"weight": 1, "random_weight": 0.2700406364814708, "id": 43}, {"weight": 2, "random_weight": 0.09563356248426436, "id": 45}, {"weight": 1, "random_weight": 0.39164034860071173, "id": 69}], [{"weight": 1, "random_weight": 0.724286115655785, "id": 4}, {"weight": 1, "random_weight": 0.06963342298535091, "id": 7}, {"weight": 1, "random_weight": 0.3815197238957071, "id": 26}, {"weight": 1, "random_weight": 0.9911141321781495, "id": 34}, {"weight": 1, "random_weight": 0.27947166828522296, "id": 46}], [{"weight": 1, "random_weight": 0.1768797335213147, "id": 3}, {"weight": 1, "random_weight": 0.1593854595371078, "id": 15}, {"weight": 2, "random_weight": 0.8228241959134194, "id": 33}], [{"weight": 1, "random_weight": 0.920857224230667, "id": 0}, {"weight": 2, "random_weight": 0.4579310142716887, "id": 1}, {"weight": 2, "random_weight": 0.8061592432457512, "id": 31}, {"weight": 1, "random_weight": 0.9789474876005279, "id": 58}], [{"weight": 2, "random_weight": 0.7045710176280022, "id": 41}, {"weight": 1, "random_weight": 0.15959130061532079, "id": 61}, {"weight": 1, "random_weight": 0.8775953863597082, "id": 65}, {"weight": 1, "random_weight": 0.6285606253346946, "id": 70}, {"weight": 1, "random_weight": 0.1923634934664058, "id": 71}], [{"weight": 1, "random_weight": 0.08007076829862647, "id": 5}, {"weight": 1, "random_weight": 0.7460057042526681, "id": 11}, {"weight": 1, "random_weight": 0.6766385598302209, "id": 47}, {"weight": 1, "random_weight": 0.13240274390927909, "id": 60}, {"weight": 1, "random_weight": 0.41644165198127703, "id": 63}, {"weight": 1, "random_weight": 0.5439081924744446, "id": 70}], [{"weight": 1, "random_weight": 0.2644405419372564, "id": 35}, {"weight": 1, "random_weight": 0.10013724856163198, "id": 44}, {"weight": 1, "random_weight": 0.2406993195704067, "id": 56}, {"weight": 1, "random_weight": 0.8955181169673416, "id": 62}], [{"weight": 1, "random_weight": 0.23719959782814537, "id": 28}, {"weight": 1, "random_weight": 0.911030078844985, "id": 29}, {"weight": 1, "random_weight": 0.2406993195704067, "id": 55}, {"weight": 1, "random_weight": 0.8302579331341813, "id": 61}, {"weight": 2, "random_weight": 0.5600935634928, "id": 62}], [{"weight": 2, "random_weight": 0.02905557094257505, "id": 2}, {"weight": 2, "random_weight": 0.9918292439965818, "id": 59}, {"weight": 1, "random_weight": 0.8621628129141201, "id": 68}], [{"weight": 1, "random_weight": 0.44909496548276284, "id": 1}, {"weight": 1, "random_weight": 0.43901073736332763, "id": 6}, {"weight": 1, "random_weight": 0.3911031168830955, "id": 8}, {"weight": 1, "random_weight": 0.38223290053790704, "id": 33}, {"weight": 1, "random_weight": 0.8664882286851596, "id": 38}, {"weight": 1, "random_weight": 0.9789474876005279, "id": 52}], [{"weight": 1, "random_weight": 0.10366083766376377, "id": 21}, {"weight": 1, "random_weight": 0.8318081178509898, "id": 22}, {"weight": 2, "random_weight": 0.9918292439965818, "id": 57}, {"weight": 1, "random_weight": 0.6997407713955344, "id": 67}], [{"weight": 1, "random_weight": 0.4847904041801838, "id": 6}, {"weight": 1, "random_weight": 0.2022863956659695, "id": 11}, {"weight": 1, "random_weight": 0.47128351604053476, "id": 31}, {"weight": 2, "random_weight": 0.5166555785269873, "id": 47}, {"weight": 1, "random_weight": 0.13240274390927909, "id": 54}], [{"weight": 1, "random_weight": 0.21669578363732966, "id": 32}, {"weight": 1, "random_weight": 0.15959130061532079, "id": 53}, {"weight": 1, "random_weight": 0.8302579331341813, "id": 56}, {"weight": 1, "random_weight": 0.2662392424338831, "id": 62}, {"weight": 1, "random_weight": 0.706817359526284, "id": 67}, {"weight": 1, "random_weight": 0.7213982702972741, "id": 71}], [{"weight": 1, "random_weight": 0.7000401523754268, "id": 36}, {"weight": 1, "random_weight": 0.5203959910575713, "id": 41}, {"weight": 1, "random_weight": 0.8955181169673416, "id": 55}, {"weight": 2, "random_weight": 0.5600935634928, "id": 56}, {"weight": 1, "random_weight": 0.2662392424338831, "id": 61}], [{"weight": 1, "random_weight": 0.44144327591160903, "id": 4}, {"weight": 1, "random_weight": 0.498354241219236, "id": 5}, {"weight": 1, "random_weight": 0.3600140213695632, "id": 7}, {"weight": 1, "random_weight": 0.41644165198127703, "id": 54}, {"weight": 2, "random_weight": 0.8576247539460176, "id": 64}], [{"weight": 1, "random_weight": 0.965097024069535, "id": 11}, {"weight": 1, "random_weight": 0.8668492074889638, "id": 17}, {"weight": 2, "random_weight": 0.8576247539460176, "id": 63}, {"weight": 2, "random_weight": 0.798772893776933, "id": 69}], [{"weight": 1, "random_weight": 0.1997128362238344, "id": 24}, {"weight": 1, "random_weight": 0.3803269618925381, "id": 40}, {"weight": 1, "random_weight": 0.4937443920578879, "id": 46}, {"weight": 1, "random_weight": 0.8775953863597082, "id": 53}, {"weight": 2, "random_weight": 0.7624738087462755, "id": 66}], [{"weight": 1, "random_weight": 0.7633743747955648, "id": 4}, {"weight": 1, "random_weight": 0.28988027831308827, "id": 5}, {"weight": 1, "random_weight": 0.5257948032714378, "id": 46}, {"weight": 2, "random_weight": 0.7624738087462755, "id": 65}, {"weight": 1, "random_weight": 0.48421905980381286, "id": 70}], [{"weight": 2, "random_weight": 0.7636008352184089, "id": 29}, {"weight": 1, "random_weight": 0.6997407713955344, "id": 59}, {"weight": 1, "random_weight": 0.706817359526284, "id": 61}, {"weight": 2, "random_weight": 0.8650151201984395, "id": 68}], [{"weight": 2, "random_weight": 0.6907780943431743, "id": 0}, {"weight": 1, "random_weight": 0.14732951998159338, "id": 32}, {"weight": 1, "random_weight": 0.8621628129141201, "id": 57}, {"weight": 2, "random_weight": 0.8650151201984395, "id": 67}], [{"weight": 1, "random_weight": 0.8320264212957303, "id": 12}, {"weight": 1, "random_weight": 0.053390050059981986, "id": 20}, {"weight": 1, "random_weight": 0.009702011504026276, "id": 30}, {"weight": 1, "random_weight": 0.39164034860071173, "id": 49}, {"weight": 2, "random_weight": 0.798772893776933, "id": 64}], [{"weight": 1, "random_weight": 0.8807839745595649, "id": 5}, {"weight": 1, "random_weight": 0.040351417460031236, "id": 48}, {"weight": 1, "random_weight": 0.6285606253346946, "id": 53}, {"weight": 1, "random_weight": 0.5439081924744446, "id": 54}, {"weight": 1, "random_weight": 0.48421905980381286, "id": 66}, {"weight": 1, "random_weight": 0.289521610706985, "id": 71}], [{"weight": 1, "random_weight": 0.6058413301296424, "id": 32}, {"weight": 2, "random_weight": 0.5181945021311699, "id": 48}, {"weight": 1, "random_weight": 0.1923634934664058, "id": 53}, {"weight": 1, "random_weight": 0.7213982702972741, "id": 61}, {"weight": 1, "random_weight": 0.289521610706985, "id": 70}]]}