{"directed": false, "multigraph": false, "graph": [], "nodes": [{"graph": null, "nnodes": 2, "nedges": 1, "density": 1.0, "atomics": "[81, 82]", "group_pop": 2, "init_part_assignment": 5, "id": 0}, {"graph": null, "nnodes": 2, "nedges": 1, "density": 1.0, "atomics": "[57, 69]", "group_pop": 2, "init_part_assignment": 8, "id": 1}, {"graph": null, "nnodes": 2, "nedges": 1, "density": 1.0, "atomics": "[70, 71]", "group_pop": 2, "init_part_assignment": 8, "id": 2}, {"graph": null, "nnodes": 2, "nedges": 1, "density": 1.0, "atomics": "[74, 75]", "group_pop": 2, "init_part_assignment": 6, "id": 3}, {"graph": null, "nnodes": 2, "nedges": 1, "density": 1.0, "atomics": "[42, 43]", "group_pop": 2, "init_part_assignment": 10, "id": 4}, {"graph": null, "nnodes": 2, "nedges": 1, "density": 1.0, "atomics": "[60, 61]", "group_pop": 2, "init_part_assignment": 6, "id": 5}, {"graph": null, "nnodes": 2, "nedges": 1, "density": 1.0, "atomics": "[62, 63]", "group_pop": 2, "init_part_assignment": 6, "id": 6}, {"graph": null, "nnodes": 2, "nedges": 1, "density": 1.0, "atomics": "[32, 33]", "group_pop": 2, "init_part_assignment": 10, "id": 7}, {"graph": null, "nnodes": 2, "nedges": 1, "density": 1.0, "atomics": "[20, 21]", "group_pop": 2, "init_part_assignment": 10, "id": 8}, {"graph": null, "nnodes": 2, "nedges": 1, "density": 1.0, "atomics": "[142, 143]", "group_pop": 2, "init_part_assignment": 4, "id": 9}, {"graph": null, "nnodes": 2, "nedges": 1, "density": 1.0, "atomics": "[40, 41]", "group_pop": 2, "init_part_assignment": 10, "id": 10}, {"graph": null, "nnodes": 2, "nedges": 1, "density": 1.0, "atomics": "[28, 29]", "group_pop": 2, "init_part_assignment": 10, "id": 11}, {"graph": null, "nnodes": 2, "nedges": 1, "density": 1.0, "atomics": "[8, 9]", "group_pop": 2, "init_part_assignment": 3, "id": 12}, {"graph": null, "nnodes": 2, "nedges": 1, "density": 1.0, "atomics": "[34, 35]", "group_pop": 2, "init_part_assignment": 9, "id": 13}, {"graph": null, "nnodes": 2, "nedges": 1, "density": 1.0, "atomics": "[10, 11]", "group_pop": 2, "init_part_assignment": 9, "id": 14}, {"graph": null, "nnodes": 2, "nedges": 1, "density": 1.0, "atomics": "[22, 23]", "group_pop": 2, "init_part_assignment": 9, "id": 15}, {"graph": null, "nnodes": 2, "nedges": 1, "density": 1.0, "atomics": "[48, 49]", "group_pop": 2, "init_part_assignment": 6, "id": 16}, {"graph": null, "nnodes": 2, "nedges": 1, "density": 1.0, "atomics": "[36, 37]", "group_pop": 2, "init_part_assignment": 0, "id": 17}, {"graph": null, "nnodes": 2, "nedges": 1, "density": 1.0, "atomics": "[120, 132]", "group_pop": 2, "init_part_assignment": 1, "id": 18}, {"graph": null, "nnodes": 2, "nedges": 1, "density": 1.0, "atomics": "[24, 25]", "group_pop": 2, "init_part_assignment": 0, "id": 19}, {"graph": null, "nnodes": 2, "nedges": 1, "density": 1.0, "atomics": "[130, 131]", "group_pop": 2, "init_part_assignment": 4, "id": 20}, {"graph": null, "nnodes": 2, "nedges": 1, "density": 1.0, "atomics": "[18, 19]", "group_pop": 2, "init_part_assignment": 3, "id": 21}, {"graph": null, "nnodes": 2, "nedges": 1, "density": 1.0, "atomics": "[30, 31]", "group_pop": 2, "init_part_assignment": 10, "id": 22}, {"graph": null, "nnodes": 2, "nedges": 1, "density": 1.0, "atomics": "[83, 95]", "group_pop": 2, "init_part_assignment": 8, "id": 23}, {"graph": null, "nnodes": 2, "nedges": 1, "density": 1.0, "atomics": "[123, 135]", "group_pop": 2, "init_part_assignment": 2, "id": 24}, {"graph": null, "nnodes": 2, "nedges": 1, "density": 1.0, "atomics": "[96, 97]", "group_pop": 2, "init_part_assignment": 1, "id": 25}, {"graph": null, "nnodes": 2, "nedges": 1, "density": 1.0, "atomics": "[108, 109]", "group_pop": 2, "init_part_assignment": 1, "id": 26}, {"graph": null, "nnodes": 2, "nedges": 1, "density": 1.0, "atomics": "[128, 129]", "group_pop": 2, "init_part_assignment": 4, "id": 27}, {"graph": null, "nnodes": 2, "nedges": 1, "density": 1.0, "atomics": "[117, 118]", "group_pop": 2, "init_part_assignment": 5, "id": 28}, {"graph": null, "nnodes": 2, "nedges": 1, "density": 1.0, "atomics": "[1, 13]", "group_pop": 2, "init_part_assignment": 0, "id": 29}, {"graph": null, "nnodes": 2, "nedges": 1, "density": 1.0, "atomics": "[67, 68]", "group_pop": 2, "init_part_assignment": 11, "id": 30}, {"graph": null, "nnodes": 2, "nedges": 1, "density": 1.0, "atomics": "[91, 79]", "group_pop": 2, "init_part_assignment": 11, "id": 31}, {"graph": null, "nnodes": 2, "nedges": 1, "density": 1.0, "atomics": "[58, 59]", "group_pop": 2, "init_part_assignment": 8, "id": 32}, {"graph": null, "nnodes": 2, "nedges": 1, "density": 1.0, "atomics": "[136, 137]", "group_pop": 2, "init_part_assignment": 2, "id": 33}, {"graph": null, "nnodes": 2, "nedges": 1, "density": 1.0, "atomics": "[112, 124]", "group_pop": 2, "init_part_assignment": 2, "id": 34}, {"graph": null, "nnodes": 2, "nedges": 1, "density": 1.0, "atomics": "[6, 7]", "group_pop": 2, "init_part_assignment": 3, "id": 35}, {"graph": null, "nnodes": 2, "nedges": 1, "density": 1.0, "atomics": "[0, 12]", "group_pop": 2, "init_part_assignment": 0, "id": 36}, {"graph": null, "nnodes": 2, "nedges": 1, "density": 1.0, "atomics": "[115, 116]", "group_pop": 2, "init_part_assignment": 5, "id": 37}, {"graph": null, "nnodes": 2, "nedges": 1, "density": 1.0, "atomics": "[133, 134]", "group_pop": 2, "init_part_assignment": 1, "id": 38}, {"graph": null, "nnodes": 2, "nedges": 1, "density": 1.0, "atomics": "[121, 122]", "group_pop": 2, "init_part_assignment": 1, "id": 39}, {"graph": null, "nnodes": 2, "nedges": 1, "density": 1.0, "atomics": "[113, 125]", "group_pop": 2, "init_part_assignment": 4, "id": 40}, {"graph": null, "nnodes": 2, "nedges": 1, "density": 1.0, "atomics": "[2, 3]", "group_pop": 2, "init_part_assignment": 0, "id": 41}, {"graph": null, "nnodes": 2, "nedges": 1, "density": 1.0, "atomics": "[16, 17]", "group_pop": 2, "init_part_assignment": 3, "id": 42}, {"graph": null, "nnodes": 2, "nedges": 1, "density": 1.0, "atomics": "[4, 5]", "group_pop": 2, "init_part_assignment": 3, "id": 43}, {"graph": null, "nnodes": 2, "nedges": 1, "density": 1.0, "atomics": "[140, 141]", "group_pop": 2, "init_part_assignment": 2, "id": 44}, {"graph": null, "nnodes": 2, "nedges": 1, "density": 1.0, "atomics": "[65, 66]", "group_pop": 2, "init_part_assignment": 11, "id": 45}, {"graph": null, "nnodes": 2, "nedges": 1, "density": 1.0, "atomics": "[90, 78]", "group_pop": 2, "init_part_assignment": 7, "id": 46}, {"graph": null, "nnodes": 2, "nedges": 1, "density": 1.0, "atomics": "[27, 15]", "group_pop": 2, "init_part_assignment": 3, "id": 47}, {"graph": null, "nnodes": 2, "nedges": 1, "density": 1.0, "atomics": "[98, 110]", "group_pop": 2, "init_part_assignment": 1, "id": 48}, {"graph": null, "nnodes": 2, "nedges": 1, "density": 1.0, "atomics": "[99, 111]", "group_pop": 2, "init_part_assignment": 2, "id": 49}, {"graph": null, "nnodes": 2, "nedges": 1, "density": 1.0, "atomics": "[72, 84]", "group_pop": 2, "init_part_assignment": 6, "id": 50}, {"graph": null, "nnodes": 2, "nedges": 1, "density": 1.0, "atomics": "[46, 47]", "group_pop": 2, "init_part_assignment": 9, "id": 51}, {"graph": null, "nnodes": 2, "nedges": 1, "density": 1.0, "atomics": "[80, 92]", "group_pop": 2, "init_part_assignment": 5, "id": 52}, {"graph": null, "nnodes": 2, "nedges": 1, "density": 1.0, "atomics": "[100, 101]", "group_pop": 2, "init_part_assignment": 7, "id": 53}, {"graph": null, "nnodes": 2, "nedges": 1, "density": 1.0, "atomics": "[64, 52]", "group_pop": 2, "init_part_assignment": 11, "id": 54}, {"graph": null, "nnodes": 2, "nedges": 1, "density": 1.0, "atomics": "[138, 139]", "group_pop": 2, "init_part_assignment": 2, "id": 55}, {"graph": null, "nnodes": 2, "nedges": 1, "density": 1.0, "atomics": "[126, 127]", "group_pop": 2, "init_part_assignment": 4, "id": 56}, {"graph": null, "nnodes": 2, "nedges": 1, "density": 1.0, "atomics": "[106, 94]", "group_pop": 2, "init_part_assignment": 8, "id": 57}, {"graph": null, "nnodes": 2, "nedges": 1, "density": 1.0, "atomics": "[44, 45]", "group_pop": 2, "init_part_assignment": 9, "id": 58}, {"graph": null, "nnodes": 2, "nedges": 1, "density": 1.0, "atomics": "[56, 55]", "group_pop": 2, "init_part_assignment": 9, "id": 59}, {"graph": null, "nnodes": 2, "nedges": 1, "density": 1.0, "atomics": "[73, 85]", "group_pop": 2, "init_part_assignment": 7, "id": 60}, {"graph": null, "nnodes": 2, "nedges": 1, "density": 1.0, "atomics": "[107, 119]", "group_pop": 2, "init_part_assignment": 8, "id": 61}, {"graph": null, "nnodes": 2, "nedges": 1, "density": 1.0, "atomics": "[53, 54]", "group_pop": 2, "init_part_assignment": 11, "id": 62}, {"graph": null, "nnodes": 2, "nedges": 1, "density": 1.0, "atomics": "[104, 103]", "group_pop": 2, "init_part_assignment": 5, "id": 63}, {"graph": null, "nnodes": 2, "nedges": 1, "density": 1.0, "atomics": "[50, 38]", "group_pop": 2, "init_part_assignment": 6, "id": 64}, {"graph": null, "nnodes": 2, "nedges": 1, "density": 1.0, "atomics": "[86, 87]", "group_pop": 2, "init_part_assignment": 7, "id": 65}, {"graph": null, "nnodes": 2, "nedges": 1, "density": 1.0, "atomics": "[114, 102]", "group_pop": 2, "init_part_assignment": 4, "id": 66}, {"graph": null, "nnodes": 2, "nedges": 1, "density": 1.0, "atomics": "[105, 93]", "group_pop": 2, "init_part_assignment": 5, "id": 67}, {"graph": null, "nnodes": 2, "nedges": 1, "density": 1.0, "atomics": "[26, 14]", "group_pop": 2, "init_part_assignment": 0, "id": 68}, {"graph": null, "nnodes": 2, "nedges": 1, "density": 1.0, "atomics": "[51, 39]", "group_pop": 2, "init_part_assignment": 11, "id": 69}, {"graph": null, "nnodes": 2, "nedges": 1, "density": 1.0, "atomics": "[88, 76]", "group_pop": 2, "init_part_assignment": 7, "id": 70}, {"graph": null, "nnodes": 2, "nedges": 1, "density": 1.0, "atomics": "[89, 77]", "group_pop": 2, "init_part_assignment": 7, "id": 71}], "adjacency": [[{"weight": 1, "random_weight": 0.3708906652273476, "id": 1}, {"weight": 1, "random_weight": 0.9301438058889135, "id": 2}, {"weight": 1, "random_weight": 0.5727199959797367, "id": 23}, {"weight": 1, "random_weight": 0.28332479218772233, "id": 52}, {"weight": 1, "random_weight": 0.37451254928188515, "id": 57}, {"weight": 1, "random_weight": 0.10782807812511785, "id": 67}], [{"weight": 1, "random_weight": 0.3708906652273476, "id": 0}, {"weight": 1, "random_weight": 0.9375730942374387, "id": 2}, {"weight": 1, "random_weight": 0.8329583076429092, "id": 30}, {"weight": 1, "random_weight": 0.5344940293463321, "id": 32}, {"weight": 1, "random_weight": 0.6260264941462417, "id": 58}, {"weight": 1, "random_weight": 0.6234994644248406, "id": 59}], [{"weight": 1, "random_weight": 0.9301438058889135, "id": 0}, {"weight": 1, "random_weight": 0.9375730942374387, "id": 1}, {"weight": 1, "random_weight": 0.02237177879836738, "id": 23}, {"weight": 2, "random_weight": 0.6332065116709913, "id": 32}], [{"weight": 2, "random_weight": 0.5687128594805568, "id": 6}, {"weight": 1, "random_weight": 0.5696049300597318, "id": 60}, {"weight": 2, "random_weight": 0.6132272891624005, "id": 65}, {"weight": 1, "random_weight": 0.7162509941646172, "id": 70}], [{"weight": 1, "random_weight": 0.7477660921384708, "id": 10}, {"weight": 2, "random_weight": 0.5777253249099773, "id": 22}, {"weight": 1, "random_weight": 0.9179118051038635, "id": 58}, {"weight": 1, "random_weight": 0.9352030242306791, "id": 59}, {"weight": 1, "random_weight": 0.9353484079931144, "id": 62}], [{"weight": 1, "random_weight": 0.22236378383616584, "id": 6}, {"weight": 2, "random_weight": 0.5357341145945139, "id": 16}, {"weight": 1, "random_weight": 0.05011541391976948, "id": 50}, {"weight": 1, "random_weight": 0.8882780591115021, "id": 60}], [{"weight": 2, "random_weight": 0.5687128594805568, "id": 3}, {"weight": 1, "random_weight": 0.22236378383616584, "id": 5}, {"weight": 1, "random_weight": 0.503257071259152, "id": 54}, {"weight": 1, "random_weight": 0.5259107214138876, "id": 64}, {"weight": 1, "random_weight": 0.7427508235783008, "id": 69}], [{"weight": 2, "random_weight": 0.8729362418529025, "id": 8}, {"weight": 1, "random_weight": 0.994168485410062, "id": 13}, {"weight": 1, "random_weight": 0.9398662815252622, "id": 22}, {"weight": 2, "random_weight": 0.9081483211024061, "id": 58}], [{"weight": 2, "random_weight": 0.8729362418529025, "id": 7}, {"weight": 2, "random_weight": 0.7896763454317084, "id": 12}, {"weight": 1, "random_weight": 0.8534390974200252, "id": 15}, {"weight": 1, "random_weight": 0.8630151077397046, "id": 21}], [{"weight": 2, "random_weight": 0.603444492628099, "id": 20}, {"weight": 1, "random_weight": 0.4598193322067746, "id": 44}], [{"weight": 1, "random_weight": 0.7477660921384708, "id": 4}, {"weight": 2, "random_weight": 0.09401770174763224, "id": 11}, {"weight": 1, "random_weight": 0.9318904702740216, "id": 54}, {"weight": 1, "random_weight": 0.5977399725449964, "id": 62}, {"weight": 1, "random_weight": 0.24586786201694733, "id": 69}], [{"weight": 2, "random_weight": 0.09401770174763224, "id": 10}, {"weight": 1, "random_weight": 0.9512928749556231, "id": 22}, {"weight": 2, "random_weight": 0.905520268309296, "id": 42}, {"weight": 1, "random_weight": 0.9971323940167812, "id": 47}], [{"weight": 2, "random_weight": 0.7896763454317084, "id": 8}, {"weight": 1, "random_weight": 0.551590901831804, "id": 14}, {"weight": 1, "random_weight": 0.35548347660002344, "id": 35}], [{"weight": 1, "random_weight": 0.994168485410062, "id": 7}, {"weight": 2, "random_weight": 0.14434261633627865, "id": 15}, {"weight": 2, "random_weight": 0.44315626933425567, "id": 51}], [{"weight": 1, "random_weight": 0.551590901831804, "id": 12}, {"weight": 2, "random_weight": 0.47170086741294415, "id": 15}], [{"weight": 1, "random_weight": 0.8534390974200252, "id": 8}, {"weight": 2, "random_weight": 0.14434261633627865, "id": 13}, {"weight": 2, "random_weight": 0.47170086741294415, "id": 14}], [{"weight": 2, "random_weight": 0.5357341145945139, "id": 5}, {"weight": 2, "random_weight": 0.8169986004348309, "id": 17}, {"weight": 1, "random_weight": 0.9458067788482786, "id": 64}], [{"weight": 2, "random_weight": 0.8169986004348309, "id": 16}, {"weight": 2, "random_weight": 0.3657933071226792, "id": 19}, {"weight": 1, "random_weight": 0.5315002144966079, "id": 64}], [{"weight": 1, "random_weight": 0.04970730443856797, "id": 26}, {"weight": 1, "random_weight": 0.055414502588016834, "id": 38}, {"weight": 1, "random_weight": 0.9823411991195068, "id": 39}], [{"weight": 2, "random_weight": 0.3657933071226792, "id": 17}, {"weight": 1, "random_weight": 0.6445144260880069, "id": 29}, {"weight": 1, "random_weight": 0.0888838737823312, "id": 36}, {"weight": 1, "random_weight": 0.11388606022637426, "id": 68}], [{"weight": 2, "random_weight": 0.603444492628099, "id": 9}, {"weight": 1, "random_weight": 0.2585947594794228, "id": 27}, {"weight": 1, "random_weight": 0.3577869224263659, "id": 28}, {"weight": 1, "random_weight": 0.7600514958133656, "id": 61}], [{"weight": 1, "random_weight": 0.8630151077397046, "id": 8}, {"weight": 2, "random_weight": 0.48036316115978794, "id": 22}, {"weight": 2, "random_weight": 0.24760475962023165, "id": 35}, {"weight": 1, "random_weight": 0.29654633849225387, "id": 42}], [{"weight": 2, "random_weight": 0.5777253249099773, "id": 4}, {"weight": 1, "random_weight": 0.9398662815252622, "id": 7}, {"weight": 1, "random_weight": 0.9512928749556231, "id": 11}, {"weight": 2, "random_weight": 0.48036316115978794, "id": 21}], [{"weight": 1, "random_weight": 0.5727199959797367, "id": 0}, {"weight": 1, "random_weight": 0.02237177879836738, "id": 2}, {"weight": 1, "random_weight": 0.008987069922006818, "id": 57}, {"weight": 1, "random_weight": 0.10983070576763676, "id": 61}], [{"weight": 1, "random_weight": 0.6603349871527302, "id": 33}, {"weight": 1, "random_weight": 0.32552336740950905, "id": 34}, {"weight": 1, "random_weight": 0.9675050557024862, "id": 38}, {"weight": 1, "random_weight": 0.9346977737421077, "id": 39}, {"weight": 1, "random_weight": 0.5826770103137939, "id": 49}], [{"weight": 2, "random_weight": 0.22808389031456822, "id": 26}, {"weight": 1, "random_weight": 0.743551450698523, "id": 48}, {"weight": 1, "random_weight": 0.9379123683465642, "id": 50}, {"weight": 1, "random_weight": 0.9007838888331312, "id": 60}], [{"weight": 1, "random_weight": 0.04970730443856797, "id": 18}, {"weight": 2, "random_weight": 0.22808389031456822, "id": 25}, {"weight": 1, "random_weight": 0.10052270584631195, "id": 39}, {"weight": 1, "random_weight": 0.6854028171716073, "id": 48}], [{"weight": 1, "random_weight": 0.2585947594794228, "id": 20}, {"weight": 1, "random_weight": 0.3072418668215765, "id": 28}, {"weight": 1, "random_weight": 0.8092611224538471, "id": 37}, {"weight": 2, "random_weight": 0.4410109919799199, "id": 44}, {"weight": 1, "random_weight": 0.03499417195324017, "id": 56}], [{"weight": 1, "random_weight": 0.3577869224263659, "id": 20}, {"weight": 1, "random_weight": 0.3072418668215765, "id": 27}, {"weight": 1, "random_weight": 0.9539194982496415, "id": 37}, {"weight": 1, "random_weight": 0.9581570238820515, "id": 57}, {"weight": 1, "random_weight": 0.8028895032861771, "id": 61}, {"weight": 1, "random_weight": 0.7566111748871306, "id": 67}], [{"weight": 1, "random_weight": 0.6445144260880069, "id": 19}, {"weight": 2, "random_weight": 0.40830445866639664, "id": 36}, {"weight": 1, "random_weight": 0.5550788647728677, "id": 41}, {"weight": 1, "random_weight": 0.7957374052647448, "id": 68}], [{"weight": 1, "random_weight": 0.8329583076429092, "id": 1}, {"weight": 1, "random_weight": 0.6892542338033381, "id": 31}, {"weight": 1, "random_weight": 0.590905661106517, "id": 45}, {"weight": 1, "random_weight": 0.40300648082185775, "id": 52}, {"weight": 2, "random_weight": 0.4116485975959622, "id": 59}], [{"weight": 1, "random_weight": 0.6892542338033381, "id": 30}, {"weight": 2, "random_weight": 0.9380094495495236, "id": 46}, {"weight": 2, "random_weight": 0.36951477845722036, "id": 52}, {"weight": 1, "random_weight": 0.5328245017684785, "id": 63}], [{"weight": 1, "random_weight": 0.5344940293463321, "id": 1}, {"weight": 2, "random_weight": 0.6332065116709913, "id": 2}, {"weight": 2, "random_weight": 0.49338733158326387, "id": 51}], [{"weight": 1, "random_weight": 0.6603349871527302, "id": 24}, {"weight": 1, "random_weight": 0.06831367546980804, "id": 34}, {"weight": 1, "random_weight": 0.11568342091819594, "id": 40}, {"weight": 1, "random_weight": 0.35066795337022294, "id": 55}], [{"weight": 1, "random_weight": 0.32552336740950905, "id": 24}, {"weight": 1, "random_weight": 0.06831367546980804, "id": 33}, {"weight": 2, "random_weight": 0.8898134907270119, "id": 40}, {"weight": 1, "random_weight": 0.30890663502431825, "id": 49}, {"weight": 1, "random_weight": 0.3755021477095627, "id": 53}], [{"weight": 1, "random_weight": 0.35548347660002344, "id": 12}, {"weight": 2, "random_weight": 0.24760475962023165, "id": 21}, {"weight": 1, "random_weight": 0.7312239429531489, "id": 43}], [{"weight": 1, "random_weight": 0.0888838737823312, "id": 19}, {"weight": 2, "random_weight": 0.40830445866639664, "id": 29}], [{"weight": 1, "random_weight": 0.8092611224538471, "id": 27}, {"weight": 1, "random_weight": 0.9539194982496415, "id": 28}, {"weight": 1, "random_weight": 0.46344079396991156, "id": 56}, {"weight": 2, "random_weight": 0.33115638424305505, "id": 63}, {"weight": 1, "random_weight": 0.5210588092578426, "id": 66}], [{"weight": 1, "random_weight": 0.055414502588016834, "id": 18}, {"weight": 1, "random_weight": 0.9675050557024862, "id": 24}, {"weight": 2, "random_weight": 0.013488589558109276, "id": 39}], [{"weight": 1, "random_weight": 0.9823411991195068, "id": 18}, {"weight": 1, "random_weight": 0.9346977737421077, "id": 24}, {"weight": 1, "random_weight": 0.10052270584631195, "id": 26}, {"weight": 2, "random_weight": 0.013488589558109276, "id": 38}, {"weight": 1, "random_weight": 0.30528676760460094, "id": 48}], [{"weight": 1, "random_weight": 0.11568342091819594, "id": 33}, {"weight": 2, "random_weight": 0.8898134907270119, "id": 34}, {"weight": 1, "random_weight": 0.5921268228605139, "id": 53}, {"weight": 1, "random_weight": 0.17666798536889106, "id": 56}, {"weight": 1, "random_weight": 0.8062122438800804, "id": 66}], [{"weight": 1, "random_weight": 0.5550788647728677, "id": 29}, {"weight": 1, "random_weight": 0.2272962077296734, "id": 43}, {"weight": 1, "random_weight": 0.7687110474365147, "id": 47}, {"weight": 1, "random_weight": 0.025051069217662758, "id": 68}], [{"weight": 2, "random_weight": 0.905520268309296, "id": 11}, {"weight": 1, "random_weight": 0.29654633849225387, "id": 21}, {"weight": 2, "random_weight": 0.8591838160264501, "id": 43}, {"weight": 1, "random_weight": 0.24316483914512854, "id": 47}], [{"weight": 1, "random_weight": 0.7312239429531489, "id": 35}, {"weight": 1, "random_weight": 0.2272962077296734, "id": 41}, {"weight": 2, "random_weight": 0.8591838160264501, "id": 42}], [{"weight": 1, "random_weight": 0.4598193322067746, "id": 9}, {"weight": 2, "random_weight": 0.4410109919799199, "id": 27}, {"weight": 1, "random_weight": 0.3501332053602777, "id": 55}], [{"weight": 1, "random_weight": 0.590905661106517, "id": 30}, {"weight": 1, "random_weight": 0.10730577760174664, "id": 46}, {"weight": 1, "random_weight": 0.17578329985481567, "id": 54}, {"weight": 2, "random_weight": 0.5410383989771693, "id": 62}, {"weight": 1, "random_weight": 0.46763886531646814, "id": 71}], [{"weight": 2, "random_weight": 0.9380094495495236, "id": 31}, {"weight": 1, "random_weight": 0.10730577760174664, "id": 45}, {"weight": 1, "random_weight": 0.9357902417378715, "id": 66}, {"weight": 2, "random_weight": 0.32347457812663627, "id": 71}], [{"weight": 1, "random_weight": 0.9971323940167812, "id": 11}, {"weight": 1, "random_weight": 0.7687110474365147, "id": 41}, {"weight": 1, "random_weight": 0.24316483914512854, "id": 42}, {"weight": 2, "random_weight": 0.6050671591861692, "id": 68}, {"weight": 1, "random_weight": 0.3187717988719371, "id": 69}], [{"weight": 1, "random_weight": 0.743551450698523, "id": 25}, {"weight": 1, "random_weight": 0.6854028171716073, "id": 26}, {"weight": 1, "random_weight": 0.30528676760460094, "id": 39}, {"weight": 2, "random_weight": 0.5804167890996097, "id": 49}, {"weight": 1, "random_weight": 0.656338052404267, "id": 65}], [{"weight": 1, "random_weight": 0.5826770103137939, "id": 24}, {"weight": 1, "random_weight": 0.30890663502431825, "id": 34}, {"weight": 2, "random_weight": 0.5804167890996097, "id": 48}, {"weight": 1, "random_weight": 0.4360324589399337, "id": 53}, {"weight": 1, "random_weight": 0.8913831178896309, "id": 65}], [{"weight": 1, "random_weight": 0.05011541391976948, "id": 5}, {"weight": 1, "random_weight": 0.9379123683465642, "id": 25}, {"weight": 2, "random_weight": 0.45276666834596313, "id": 60}], [{"weight": 2, "random_weight": 0.44315626933425567, "id": 13}, {"weight": 2, "random_weight": 0.49338733158326387, "id": 32}, {"weight": 1, "random_weight": 0.43907504586110846, "id": 58}], [{"weight": 1, "random_weight": 0.28332479218772233, "id": 0}, {"weight": 1, "random_weight": 0.40300648082185775, "id": 30}, {"weight": 2, "random_weight": 0.36951477845722036, "id": 31}, {"weight": 1, "random_weight": 0.33505643304432986, "id": 63}, {"weight": 1, "random_weight": 0.6380267441952541, "id": 67}], [{"weight": 1, "random_weight": 0.3755021477095627, "id": 34}, {"weight": 1, "random_weight": 0.5921268228605139, "id": 40}, {"weight": 1, "random_weight": 0.4360324589399337, "id": 49}, {"weight": 1, "random_weight": 0.6213619025095736, "id": 66}, {"weight": 1, "random_weight": 0.7583840319485077, "id": 70}, {"weight": 1, "random_weight": 0.8750096383124218, "id": 71}], [{"weight": 1, "random_weight": 0.503257071259152, "id": 6}, {"weight": 1, "random_weight": 0.9318904702740216, "id": 10}, {"weight": 1, "random_weight": 0.17578329985481567, "id": 45}, {"weight": 1, "random_weight": 0.37091150994200695, "id": 62}, {"weight": 1, "random_weight": 0.4613046832772111, "id": 69}, {"weight": 1, "random_weight": 0.9637861826335936, "id": 70}], [{"weight": 1, "random_weight": 0.35066795337022294, "id": 33}, {"weight": 1, "random_weight": 0.3501332053602777, "id": 44}, {"weight": 2, "random_weight": 0.8977006690638846, "id": 56}], [{"weight": 1, "random_weight": 0.03499417195324017, "id": 27}, {"weight": 1, "random_weight": 0.46344079396991156, "id": 37}, {"weight": 1, "random_weight": 0.17666798536889106, "id": 40}, {"weight": 2, "random_weight": 0.8977006690638846, "id": 55}, {"weight": 1, "random_weight": 0.20296407420185525, "id": 66}], [{"weight": 1, "random_weight": 0.37451254928188515, "id": 0}, {"weight": 1, "random_weight": 0.008987069922006818, "id": 23}, {"weight": 1, "random_weight": 0.9581570238820515, "id": 28}, {"weight": 1, "random_weight": 0.19085036051179305, "id": 61}, {"weight": 2, "random_weight": 0.37185972887926, "id": 67}], [{"weight": 1, "random_weight": 0.6260264941462417, "id": 1}, {"weight": 1, "random_weight": 0.9179118051038635, "id": 4}, {"weight": 2, "random_weight": 0.9081483211024061, "id": 7}, {"weight": 1, "random_weight": 0.43907504586110846, "id": 51}, {"weight": 1, "random_weight": 0.3917474263781783, "id": 59}], [{"weight": 1, "random_weight": 0.6234994644248406, "id": 1}, {"weight": 1, "random_weight": 0.9352030242306791, "id": 4}, {"weight": 2, "random_weight": 0.4116485975959622, "id": 30}, {"weight": 1, "random_weight": 0.3917474263781783, "id": 58}, {"weight": 1, "random_weight": 0.38656496011004915, "id": 62}], [{"weight": 1, "random_weight": 0.5696049300597318, "id": 3}, {"weight": 1, "random_weight": 0.8882780591115021, "id": 5}, {"weight": 1, "random_weight": 0.9007838888331312, "id": 25}, {"weight": 2, "random_weight": 0.45276666834596313, "id": 50}, {"weight": 1, "random_weight": 0.07240401308477806, "id": 65}], [{"weight": 1, "random_weight": 0.7600514958133656, "id": 20}, {"weight": 1, "random_weight": 0.10983070576763676, "id": 23}, {"weight": 1, "random_weight": 0.8028895032861771, "id": 28}, {"weight": 1, "random_weight": 0.19085036051179305, "id": 57}], [{"weight": 1, "random_weight": 0.9353484079931144, "id": 4}, {"weight": 1, "random_weight": 0.5977399725449964, "id": 10}, {"weight": 2, "random_weight": 0.5410383989771693, "id": 45}, {"weight": 1, "random_weight": 0.37091150994200695, "id": 54}, {"weight": 1, "random_weight": 0.38656496011004915, "id": 59}], [{"weight": 1, "random_weight": 0.5328245017684785, "id": 31}, {"weight": 2, "random_weight": 0.33115638424305505, "id": 37}, {"weight": 1, "random_weight": 0.33505643304432986, "id": 52}, {"weight": 1, "random_weight": 0.542572698610198, "id": 66}, {"weight": 1, "random_weight": 0.6282323355619771, "id": 67}], [{"weight": 1, "random_weight": 0.5259107214138876, "id": 6}, {"weight": 1, "random_weight": 0.9458067788482786, "id": 16}, {"weight": 1, "random_weight": 0.5315002144966079, "id": 17}, {"weight": 1, "random_weight": 0.7942472065480469, "id": 68}, {"weight": 2, "random_weight": 0.7987867830612386, "id": 69}], [{"weight": 2, "random_weight": 0.6132272891624005, "id": 3}, {"weight": 1, "random_weight": 0.656338052404267, "id": 48}, {"weight": 1, "random_weight": 0.8913831178896309, "id": 49}, {"weight": 1, "random_weight": 0.07240401308477806, "id": 60}, {"weight": 1, "random_weight": 0.3358135494416997, "id": 70}], [{"weight": 1, "random_weight": 0.5210588092578426, "id": 37}, {"weight": 1, "random_weight": 0.8062122438800804, "id": 40}, {"weight": 1, "random_weight": 0.9357902417378715, "id": 46}, {"weight": 1, "random_weight": 0.6213619025095736, "id": 53}, {"weight": 1, "random_weight": 0.20296407420185525, "id": 56}, {"weight": 1, "random_weight": 0.542572698610198, "id": 63}], [{"weight": 1, "random_weight": 0.10782807812511785, "id": 0}, {"weight": 1, "random_weight": 0.7566111748871306, "id": 28}, {"weight": 1, "random_weight": 0.6380267441952541, "id": 52}, {"weight": 2, "random_weight": 0.37185972887926, "id": 57}, {"weight": 1, "random_weight": 0.6282323355619771, "id": 63}], [{"weight": 1, "random_weight": 0.11388606022637426, "id": 19}, {"weight": 1, "random_weight": 0.7957374052647448, "id": 29}, {"weight": 1, "random_weight": 0.025051069217662758, "id": 41}, {"weight": 2, "random_weight": 0.6050671591861692, "id": 47}, {"weight": 1, "random_weight": 0.7942472065480469, "id": 64}], [{"weight": 1, "random_weight": 0.7427508235783008, "id": 6}, {"weight": 1, "random_weight": 0.24586786201694733, "id": 10}, {"weight": 1, "random_weight": 0.3187717988719371, "id": 47}, {"weight": 1, "random_weight": 0.4613046832772111, "id": 54}, {"weight": 2, "random_weight": 0.7987867830612386, "id": 64}], [{"weight": 1, "random_weight": 0.7162509941646172, "id": 3}, {"weight": 1, "random_weight": 0.7583840319485077, "id": 53}, {"weight": 1, "random_weight": 0.9637861826335936, "id": 54}, {"weight": 1, "random_weight": 0.3358135494416997, "id": 65}, {"weight": 2, "random_weight": 0.5363048578244708, "id": 71}], [{"weight": 1, "random_weight": 0.46763886531646814, "id": 45}, {"weight": 2, "random_weight": 0.32347457812663627, "id": 46}, {"weight": 1, "random_weight": 0.8750096383124218, "id": 53}, {"weight": 2, "random_weight": 0.5363048578244708, "id": 70}]]}