{"directed": false, "multigraph": false, "graph": [], "nodes": [{"population": 1, "D": 0, "R": 1, "id": 0}, {"population": 1, "D": 1, "R": 0, "id": 1}, {"population": 1, "D": 1, "R": 0, "id": 2}, {"population": 1, "D": 0, "R": 1, "id": 3}, {"population": 1, "D": 0, "R": 1, "id": 4}, {"population": 1, "D": 1, "R": 0, "id": 5}, {"population": 1, "D": 0, "R": 1, "id": 6}, {"population": 1, "D": 0, "R": 1, "id": 7}, {"population": 1, "D": 0, "R": 1, "id": 8}, {"population": 1, "D": 1, "R": 0, "id": 9}, {"population": 1, "D": 1, "R": 0, "id": 10}, {"population": 1, "D": 1, "R": 0, "id": 11}, {"population": 1, "D": 1, "R": 0, "id": 12}, {"population": 1, "D": 1, "R": 0, "id": 13}, {"population": 1, "D": 1, "R": 0, "id": 14}, {"population": 1, "D": 1, "R": 0, "id": 15}, {"population": 1, "D": 0, "R": 1, "id": 16}, {"population": 1, "D": 1, "R": 0, "id": 17}, {"population": 1, "D": 0, "R": 1, "id": 18}, {"population": 1, "D": 1, "R": 0, "id": 19}, {"population": 1, "D": 0, "R": 1, "id": 20}, {"population": 1, "D": 0, "R": 1, "id": 21}, {"population": 1, "D": 1, "R": 0, "id": 22}, {"population": 1, "D": 0, "R": 1, "id": 23}, {"population": 1, "D": 1, "R": 0, "id": 24}, {"population": 1, "D": 1, "R": 0, "id": 25}, {"population": 1, "D": 1, "R": 0, "id": 26}, {"population": 1, "D": 0, "R": 1, "id": 27}, {"population": 1, "D": 1, "R": 0, "id": 28}, {"population": 1, "D": 1, "R": 0, "id": 29}, {"population": 1, "D": 1, "R": 0, "id": 30}, {"population": 1, "D": 1, "R": 0, "id": 31}, {"population": 1, "D": 0, "R": 1, "id": 32}, {"population": 1, "D": 0, "R": 1, "id": 33}, {"population": 1, "D": 1, "R": 0, "id": 34}, {"population": 1, "D": 0, "R": 1, "id": 35}, {"population": 1, "D": 1, "R": 0, "id": 36}, {"population": 1, "D": 0, "R": 1, "id": 37}, {"population": 1, "D": 0, "R": 1, "id": 38}, {"population": 1, "D": 1, "R": 0, "id": 39}, {"population": 1, "D": 1, "R": 0, "id": 40}, {"population": 1, "D": 0, "R": 1, "id": 41}, {"population": 1, "D": 1, "R": 0, "id": 42}, {"population": 1, "D": 0, "R": 1, "id": 43}, {"population": 1, "D": 1, "R": 0, "id": 44}, {"population": 1, "D": 1, "R": 0, "id": 45}, {"population": 1, "D": 0, "R": 1, "id": 46}, {"population": 1, "D": 1, "R": 0, "id": 47}, {"population": 1, "D": 1, "R": 0, "id": 48}, {"population": 1, "D": 0, "R": 1, "id": 49}, {"population": 1, "D": 1, "R": 0, "id": 50}, {"population": 1, "D": 1, "R": 0, "id": 51}, {"population": 1, "D": 1, "R": 0, "id": 52}, {"population": 1, "D": 1, "R": 0, "id": 53}, {"population": 1, "D": 0, "R": 1, "id": 54}, {"population": 1, "D": 1, "R": 0, "id": 55}, {"population": 1, "D": 1, "R": 0, "id": 56}, {"population": 1, "D": 1, "R": 0, "id": 57}, {"population": 1, "D": 1, "R": 0, "id": 58}, {"population": 1, "D": 1, "R": 0, "id": 59}, {"population": 1, "D": 1, "R": 0, "id": 60}, {"population": 1, "D": 1, "R": 0, "id": 61}, {"population": 1, "D": 1, "R": 0, "id": 62}, {"population": 1, "D": 0, "R": 1, "id": 63}, {"population": 1, "D": 0, "R": 1, "id": 64}, {"population": 1, "D": 1, "R": 0, "id": 65}, {"population": 1, "D": 1, "R": 0, "id": 66}, {"population": 1, "D": 1, "R": 0, "id": 67}, {"population": 1, "D": 1, "R": 0, "id": 68}, {"population": 1, "D": 0, "R": 1, "id": 69}, {"population": 1, "D": 1, "R": 0, "id": 70}, {"population": 1, "D": 0, "R": 1, "id": 71}, {"population": 1, "D": 1, "R": 0, "id": 72}, {"population": 1, "D": 0, "R": 1, "id": 73}, {"population": 1, "D": 0, "R": 1, "id": 74}, {"population": 1, "D": 1, "R": 0, "id": 75}, {"population": 1, "D": 1, "R": 0, "id": 76}, {"population": 1, "D": 1, "R": 0, "id": 77}, {"population": 1, "D": 1, "R": 0, "id": 78}, {"population": 1, "D": 1, "R": 0, "id": 79}, {"population": 1, "D": 1, "R": 0, "id": 80}, {"population": 1, "D": 0, "R": 1, "id": 81}, {"population": 1, "D": 1, "R": 0, "id": 82}, {"population": 1, "D": 0, "R": 1, "id": 83}, {"population": 1, "D": 1, "R": 0, "id": 84}, {"population": 1, "D": 1, "R": 0, "id": 85}, {"population": 1, "D": 1, "R": 0, "id": 86}, {"population": 1, "D": 0, "R": 1, "id": 87}, {"population": 1, "D": 1, "R": 0, "id": 88}, {"population": 1, "D": 0, "R": 1, "id": 89}, {"population": 1, "D": 0, "R": 1, "id": 90}, {"population": 1, "D": 1, "R": 0, "id": 91}, {"population": 1, "D": 1, "R": 0, "id": 92}, {"population": 1, "D": 1, "R": 0, "id": 93}, {"population": 1, "D": 1, "R": 0, "id": 94}, {"population": 1, "D": 0, "R": 1, "id": 95}, {"population": 1, "D": 0, "R": 1, "id": 96}, {"population": 1, "D": 0, "R": 1, "id": 97}, {"population": 1, "D": 0, "R": 1, "id": 98}, {"population": 1, "D": 0, "R": 1, "id": 99}, {"population": 1, "D": 1, "R": 0, "id": 100}, {"population": 1, "D": 0, "R": 1, "id": 101}, {"population": 1, "D": 1, "R": 0, "id": 102}, {"population": 1, "D": 0, "R": 1, "id": 103}, {"population": 1, "D": 1, "R": 0, "id": 104}, {"population": 1, "D": 1, "R": 0, "id": 105}, {"population": 1, "D": 1, "R": 0, "id": 106}, {"population": 1, "D": 1, "R": 0, "id": 107}, {"population": 1, "D": 0, "R": 1, "id": 108}, {"population": 1, "D": 0, "R": 1, "id": 109}, {"population": 1, "D": 1, "R": 0, "id": 110}, {"population": 1, "D": 0, "R": 1, "id": 111}, {"population": 1, "D": 1, "R": 0, "id": 112}, {"population": 1, "D": 0, "R": 1, "id": 113}, {"population": 1, "D": 0, "R": 1, "id": 114}, {"population": 1, "D": 0, "R": 1, "id": 115}, {"population": 1, "D": 1, "R": 0, "id": 116}, {"population": 1, "D": 1, "R": 0, "id": 117}, {"population": 1, "D": 0, "R": 1, "id": 118}, {"population": 1, "D": 0, "R": 1, "id": 119}, {"population": 1, "D": 0, "R": 1, "id": 120}, {"population": 1, "D": 0, "R": 1, "id": 121}, {"population": 1, "D": 1, "R": 0, "id": 122}, {"population": 1, "D": 0, "R": 1, "id": 123}, {"population": 1, "D": 0, "R": 1, "id": 124}, {"population": 1, "D": 1, "R": 0, "id": 125}, {"population": 1, "D": 0, "R": 1, "id": 126}, {"population": 1, "D": 1, "R": 0, "id": 127}, {"population": 1, "D": 0, "R": 1, "id": 128}, {"population": 1, "D": 0, "R": 1, "id": 129}, {"population": 1, "D": 1, "R": 0, "id": 130}, {"population": 1, "D": 1, "R": 0, "id": 131}, {"population": 1, "D": 1, "R": 0, "id": 132}, {"population": 1, "D": 1, "R": 0, "id": 133}, {"population": 1, "D": 1, "R": 0, "id": 134}, {"population": 1, "D": 1, "R": 0, "id": 135}, {"population": 1, "D": 1, "R": 0, "id": 136}, {"population": 1, "D": 1, "R": 0, "id": 137}, {"population": 1, "D": 0, "R": 1, "id": 138}, {"population": 1, "D": 0, "R": 1, "id": 139}, {"population": 1, "D": 1, "R": 0, "id": 140}, {"population": 1, "D": 1, "R": 0, "id": 141}, {"population": 1, "D": 1, "R": 0, "id": 142}, {"population": 1, "D": 0, "R": 1, "id": 143}], "adjacency": [[{"id": 12}, {"id": 1}], [{"id": 0}, {"id": 13}, {"id": 2}], [{"id": 1}, {"id": 14}, {"id": 3}], [{"id": 2}, {"id": 15}, {"id": 4}], [{"id": 3}, {"id": 16}, {"id": 5}], [{"id": 4}, {"id": 17}, {"id": 6}], [{"id": 5}, {"id": 18}, {"id": 7}], [{"id": 6}, {"id": 19}, {"id": 8}], [{"id": 7}, {"id": 20}, {"id": 9}], [{"id": 8}, {"id": 21}, {"id": 10}], [{"id": 9}, {"id": 22}, {"id": 11}], [{"id": 10}, {"id": 23}], [{"id": 0}, {"id": 24}, {"id": 13}], [{"id": 1}, {"id": 12}, {"id": 25}, {"id": 14}], [{"id": 2}, {"id": 13}, {"id": 26}, {"id": 15}], [{"id": 3}, {"id": 14}, {"id": 27}, {"id": 16}], [{"id": 4}, {"id": 15}, {"id": 28}, {"id": 17}], [{"id": 5}, {"id": 16}, {"id": 29}, {"id": 18}], [{"id": 6}, {"id": 17}, {"id": 30}, {"id": 19}], [{"id": 7}, {"id": 18}, {"id": 31}, {"id": 20}], [{"id": 8}, {"id": 19}, {"id": 32}, {"id": 21}], [{"id": 9}, {"id": 20}, {"id": 33}, {"id": 22}], [{"id": 10}, {"id": 21}, {"id": 34}, {"id": 23}], [{"id": 11}, {"id": 22}, {"id": 35}], [{"id": 12}, {"id": 36}, {"id": 25}], [{"id": 13}, {"id": 24}, {"id": 37}, {"id": 26}], [{"id": 14}, {"id": 25}, {"id": 38}, {"id": 27}], [{"id": 15}, {"id": 26}, {"id": 39}, {"id": 28}], [{"id": 16}, {"id": 27}, {"id": 40}, {"id": 29}], [{"id": 17}, {"id": 28}, {"id": 41}, {"id": 30}], [{"id": 18}, {"id": 29}, {"id": 42}, {"id": 31}], [{"id": 19}, {"id": 30}, {"id": 43}, {"id": 32}], [{"id": 20}, {"id": 31}, {"id": 44}, {"id": 33}], [{"id": 21}, {"id": 32}, {"id": 45}, {"id": 34}], [{"id": 22}, {"id": 33}, {"id": 46}, {"id": 35}], [{"id": 23}, {"id": 34}, {"id": 47}], [{"id": 24}, {"id": 48}, {"id": 37}], [{"id": 25}, {"id": 36}, {"id": 49}, {"id": 38}], [{"id": 26}, {"id": 37}, {"id": 50}, {"id": 39}], [{"id": 27}, {"id": 38}, {"id": 51}, {"id": 40}], [{"id": 28}, {"id": 39}, {"id": 52}, {"id": 41}], [{"id": 29}, {"id": 40}, {"id": 53}, {"id": 42}], [{"id": 30}, {"id": 41}, {"id": 54}, {"id": 43}], [{"id": 31}, {"id": 42}, {"id": 55}, {"id": 44}], [{"id": 32}, {"id": 43}, {"id": 56}, {"id": 45}], [{"id": 33}, {"id": 44}, {"id": 57}, {"id": 46}], [{"id": 34}, {"id": 45}, {"id": 58}, {"id": 47}], [{"id": 35}, {"id": 46}, {"id": 59}], [{"id": 36}, {"id": 60}, {"id": 49}], [{"id": 37}, {"id": 48}, {"id": 61}, {"id": 50}], [{"id": 38}, {"id": 49}, {"id": 62}, {"id": 51}], [{"id": 39}, {"id": 50}, {"id": 63}, {"id": 52}], [{"id": 40}, {"id": 51}, {"id": 64}, {"id": 53}], [{"id": 41}, {"id": 52}, {"id": 65}, {"id": 54}], [{"id": 42}, {"id": 53}, {"id": 66}, {"id": 55}], [{"id": 43}, {"id": 54}, {"id": 67}, {"id": 56}], [{"id": 44}, {"id": 55}, {"id": 68}, {"id": 57}], [{"id": 45}, {"id": 56}, {"id": 69}, {"id": 58}], [{"id": 46}, {"id": 57}, {"id": 70}, {"id": 59}], [{"id": 47}, {"id": 58}, {"id": 71}], [{"id": 48}, {"id": 72}, {"id": 61}], [{"id": 49}, {"id": 60}, {"id": 73}, {"id": 62}], [{"id": 50}, {"id": 61}, {"id": 74}, {"id": 63}], [{"id": 51}, {"id": 62}, {"id": 75}, {"id": 64}], [{"id": 52}, {"id": 63}, {"id": 76}, {"id": 65}], [{"id": 53}, {"id": 64}, {"id": 77}, {"id": 66}], [{"id": 54}, {"id": 65}, {"id": 78}, {"id": 67}], [{"id": 55}, {"id": 66}, {"id": 79}, {"id": 68}], [{"id": 56}, {"id": 67}, {"id": 80}, {"id": 69}], [{"id": 57}, {"id": 68}, {"id": 81}, {"id": 70}], [{"id": 58}, {"id": 69}, {"id": 82}, {"id": 71}], [{"id": 59}, {"id": 70}, {"id": 83}], [{"id": 60}, {"id": 84}, {"id": 73}], [{"id": 61}, {"id": 72}, {"id": 85}, {"id": 74}], [{"id": 62}, {"id": 73}, {"id": 86}, {"id": 75}], [{"id": 63}, {"id": 74}, {"id": 87}, {"id": 76}], [{"id": 64}, {"id": 75}, {"id": 88}, {"id": 77}], [{"id": 65}, {"id": 76}, {"id": 89}, {"id": 78}], [{"id": 66}, {"id": 77}, {"id": 90}, {"id": 79}], [{"id": 67}, {"id": 78}, {"id": 91}, {"id": 80}], [{"id": 68}, {"id": 79}, {"id": 92}, {"id": 81}], [{"id": 69}, {"id": 80}, {"id": 93}, {"id": 82}], [{"id": 70}, {"id": 81}, {"id": 94}, {"id": 83}], [{"id": 71}, {"id": 82}, {"id": 95}], [{"id": 72}, {"id": 96}, {"id": 85}], [{"id": 73}, {"id": 84}, {"id": 97}, {"id": 86}], [{"id": 74}, {"id": 85}, {"id": 98}, {"id": 87}], [{"id": 75}, {"id": 86}, {"id": 99}, {"id": 88}], [{"id": 76}, {"id": 87}, {"id": 100}, {"id": 89}], [{"id": 77}, {"id": 88}, {"id": 101}, {"id": 90}], [{"id": 78}, {"id": 89}, {"id": 102}, {"id": 91}], [{"id": 79}, {"id": 90}, {"id": 103}, {"id": 92}], [{"id": 80}, {"id": 91}, {"id": 104}, {"id": 93}], [{"id": 81}, {"id": 92}, {"id": 105}, {"id": 94}], [{"id": 82}, {"id": 93}, {"id": 106}, {"id": 95}], [{"id": 83}, {"id": 94}, {"id": 107}], [{"id": 84}, {"id": 108}, {"id": 97}], [{"id": 85}, {"id": 96}, {"id": 109}, {"id": 98}], [{"id": 86}, {"id": 97}, {"id": 110}, {"id": 99}], [{"id": 87}, {"id": 98}, {"id": 111}, {"id": 100}], [{"id": 88}, {"id": 99}, {"id": 112}, {"id": 101}], [{"id": 89}, {"id": 100}, {"id": 113}, {"id": 102}], [{"id": 90}, {"id": 101}, {"id": 114}, {"id": 103}], [{"id": 91}, {"id": 102}, {"id": 115}, {"id": 104}], [{"id": 92}, {"id": 103}, {"id": 116}, {"id": 105}], [{"id": 93}, {"id": 104}, {"id": 117}, {"id": 106}], [{"id": 94}, {"id": 105}, {"id": 118}, {"id": 107}], [{"id": 95}, {"id": 106}, {"id": 119}], [{"id": 96}, {"id": 120}, {"id": 109}], [{"id": 97}, {"id": 108}, {"id": 121}, {"id": 110}], [{"id": 98}, {"id": 109}, {"id": 122}, {"id": 111}], [{"id": 99}, {"id": 110}, {"id": 123}, {"id": 112}], [{"id": 100}, {"id": 111}, {"id": 124}, {"id": 113}], [{"id": 101}, {"id": 112}, {"id": 125}, {"id": 114}], [{"id": 102}, {"id": 113}, {"id": 126}, {"id": 115}], [{"id": 103}, {"id": 114}, {"id": 127}, {"id": 116}], [{"id": 104}, {"id": 115}, {"id": 128}, {"id": 117}], [{"id": 105}, {"id": 116}, {"id": 129}, {"id": 118}], [{"id": 106}, {"id": 117}, {"id": 130}, {"id": 119}], [{"id": 107}, {"id": 118}, {"id": 131}], [{"id": 108}, {"id": 132}, {"id": 121}], [{"id": 109}, {"id": 120}, {"id": 133}, {"id": 122}], [{"id": 110}, {"id": 121}, {"id": 134}, {"id": 123}], [{"id": 111}, {"id": 122}, {"id": 135}, {"id": 124}], [{"id": 112}, {"id": 123}, {"id": 136}, {"id": 125}], [{"id": 113}, {"id": 124}, {"id": 137}, {"id": 126}], [{"id": 114}, {"id": 125}, {"id": 138}, {"id": 127}], [{"id": 115}, {"id": 126}, {"id": 139}, {"id": 128}], [{"id": 116}, {"id": 127}, {"id": 140}, {"id": 129}], [{"id": 117}, {"id": 128}, {"id": 141}, {"id": 130}], [{"id": 118}, {"id": 129}, {"id": 142}, {"id": 131}], [{"id": 119}, {"id": 130}, {"id": 143}], [{"id": 120}, {"id": 133}], [{"id": 121}, {"id": 132}, {"id": 134}], [{"id": 122}, {"id": 133}, {"id": 135}], [{"id": 123}, {"id": 134}, {"id": 136}], [{"id": 124}, {"id": 135}, {"id": 137}], [{"id": 125}, {"id": 136}, {"id": 138}], [{"id": 126}, {"id": 137}, {"id": 139}], [{"id": 127}, {"id": 138}, {"id": 140}], [{"id": 128}, {"id": 139}, {"id": 141}], [{"id": 129}, {"id": 140}, {"id": 142}], [{"id": 130}, {"id": 141}, {"id": 143}], [{"id": 131}, {"id": 142}]]}